object={
	name="cactus_cholla_01_generator_1_0"
	render_pass=Map
	clamp_to_water_level=no
	generated_content=yes
	layer="grass_layer"
	pdxmesh="cactus_cholla_06_grass_mesh"
	count=345
	transform="3790.155762 0.000000 2278.720947 0.000000 0.187304 0.000000 0.982302 0.744613 0.744613 0.744613
3789.051758 0.000000 2284.834717 0.000000 0.497794 0.000000 0.867295 0.918757 0.918757 0.918757
3789.285889 0.000000 2272.787598 0.000000 0.222314 0.000000 0.974975 0.751221 0.751221 0.751221
3807.018799 0.000000 2294.502930 0.000000 0.559112 0.000000 0.829092 0.841378 0.841378 0.841378
3799.697998 0.000000 2272.756836 0.000000 0.144890 0.000000 0.989448 0.800720 0.800720 0.800720
3792.344727 0.000000 2274.497559 0.000000 0.038938 0.000000 0.999242 0.716999 0.716999 0.716999
3780.958496 0.000000 2277.394043 0.000000 0.622298 0.000000 0.782780 0.833892 0.833892 0.833892
3810.585205 0.000000 2293.476807 0.000000 0.611111 0.000000 0.791545 0.831267 0.831267 0.831267
3808.807861 0.000000 2281.068359 0.000000 0.096976 0.000000 0.995287 0.727748 0.727748 0.727748
3784.711426 0.000000 2279.371338 0.000000 0.563375 0.000000 0.826201 0.820367 0.820367 0.820367
3776.029541 0.000000 2273.251465 0.000000 0.275061 0.000000 0.961427 0.761284 0.761284 0.761284
3777.403809 0.000000 2268.694580 0.000000 0.578061 0.000000 0.815994 0.892773 0.892773 0.892773
3785.298584 0.000000 2283.132324 0.000000 0.150594 0.000000 0.988596 0.737731 0.737731 0.737731
3790.423584 0.000000 2276.077393 0.000000 0.691291 0.000000 0.722576 0.850815 0.850815 0.850815
3777.446289 0.000000 2277.980225 0.000000 0.670707 0.000000 0.741723 0.845621 0.845621 0.845621
3778.900146 0.000000 2273.560303 0.000000 0.691979 0.000000 0.721918 0.850991 0.850991 0.850991
3774.996094 0.000000 2275.253174 0.000000 0.008178 0.000000 0.999967 0.824448 0.824448 0.824448
3795.241699 0.000000 2279.540283 0.000000 0.550813 0.000000 0.834629 0.817572 0.817572 0.817572
3784.610107 0.000000 2268.111084 0.000000 0.033124 0.000000 0.999451 0.715925 0.715925 0.715925
3807.704834 0.000000 2285.375732 0.000000 0.294269 0.000000 0.955723 0.939658 0.939658 0.939658
3792.026123 0.000000 2277.654053 0.000000 0.452450 0.000000 0.891790 0.796543 0.796543 0.796543
3782.305908 0.000000 2275.756104 0.000000 0.113576 0.000000 0.993529 0.730832 0.730832 0.730832
3813.968262 0.000000 2281.016602 0.000000 0.364702 0.000000 0.931124 0.778771 0.778771 0.778771
3810.454590 0.000000 2282.309814 0.000000 0.344620 0.000000 0.938742 0.686551 0.686551 0.686551
3774.084961 0.000000 2272.181396 0.000000 0.598489 0.000000 0.801131 0.895611 0.895611 0.895611
3780.062988 0.000000 2281.224609 0.000000 0.595402 0.000000 0.803428 0.827628 0.827628 0.827628
3790.433594 0.000000 2274.245361 0.000000 0.375467 0.000000 0.926836 0.780912 0.780912 0.780912
3814.679688 0.000000 2272.800049 0.000000 0.358716 0.000000 0.933447 0.777585 0.777585 0.777585
3810.971191 0.000000 2291.868164 0.000000 0.437527 0.000000 0.899205 0.793465 0.793465 0.793465
3810.420166 0.000000 2280.645020 0.000000 0.438387 0.000000 0.898787 0.793642 0.793642 0.793642
3776.454102 0.000000 2276.568359 0.000000 0.545005 0.000000 0.838433 0.816290 0.816290 0.816290
3789.076904 0.000000 2275.086670 0.000000 0.257452 0.000000 0.966291 0.757909 0.757909 0.757909
3808.220703 0.000000 2293.462158 0.000000 0.123865 0.000000 0.992299 0.732746 0.732746 0.732746
3787.714600 0.000000 2272.481445 0.000000 0.004431 0.000000 0.999990 0.710623 0.710623 0.710623
3780.726807 0.000000 2268.916748 0.000000 0.009941 0.000000 0.999951 0.711641 0.711641 0.711641
3811.354492 0.000000 2275.734131 0.000000 0.281645 0.000000 0.959519 0.801055 0.801055 0.801055
3810.939453 0.000000 2297.715088 0.000000 0.638844 0.000000 0.769337 0.837831 0.837831 0.837831
3787.148438 0.000000 2266.419678 0.000000 0.563057 0.000000 0.826418 0.820296 0.820296 0.820296
3808.519043 0.000000 2290.678467 0.000000 0.692051 0.000000 0.721848 0.851009 0.851009 0.851009
3811.000244 0.000000 2277.117432 0.000000 0.325388 0.000000 0.945581 0.771032 0.771032 0.771032
3794.384277 0.000000 2271.409180 0.000000 0.653211 0.000000 0.757176 0.841308 0.841308 0.841308
3809.580811 0.000000 2298.928223 0.000000 0.117461 0.000000 0.993077 0.844011 0.844011 0.844011
3774.954834 0.000000 2278.975098 0.000000 0.707175 0.000000 0.707038 0.911776 0.911776 0.911776
3812.807129 0.000000 2285.056396 0.000000 0.180543 0.000000 0.983567 0.486684 0.486684 0.486684
3781.704346 0.000000 2278.531982 0.000000 0.454820 0.000000 0.890584 0.797035 0.797035 0.797035
3797.590576 0.000000 2273.213867 0.000000 0.624597 0.000000 0.780947 0.834435 0.834435 0.834435
3814.874756 0.000000 2294.755615 0.000000 0.483452 0.000000 0.875371 0.803025 0.803025 0.803025
3782.473145 0.000000 2274.472412 0.000000 0.262185 0.000000 0.965017 0.758814 0.758814 0.758814
3810.289062 0.000000 2294.708740 0.000000 0.311126 0.000000 0.950369 0.768253 0.768253 0.768253
3794.517578 0.000000 2270.029297 0.000000 0.094554 0.000000 0.995520 0.727298 0.727298 0.727298
3808.848145 0.000000 2276.949951 0.000000 0.674658 0.000000 0.738130 0.873555 0.873555 0.873555
3812.007812 0.000000 2287.488770 0.000000 0.424155 0.000000 0.905589 0.581455 0.581455 0.581455
3777.895508 0.000000 2276.774902 0.000000 0.631907 0.000000 0.775044 0.836171 0.836171 0.836171
3806.925781 0.000000 2288.817139 0.000000 0.253594 0.000000 0.967311 0.786704 0.786704 0.786704
3780.080566 0.000000 2276.579102 0.000000 0.292719 0.000000 0.956199 0.764686 0.764686 0.764686
3815.004150 0.000000 2284.176514 0.000000 0.351479 0.000000 0.936196 0.552310 0.552310 0.552310
3814.991699 0.000000 2290.550049 0.000000 0.610077 0.000000 0.792342 0.831026 0.831026 0.831026
3781.146973 0.000000 2271.522705 0.000000 0.695155 0.000000 0.718860 0.851805 0.851805 0.851805
3808.313965 0.000000 2284.423096 0.000000 0.252495 0.000000 0.967598 0.661717 0.661717 0.661717
3788.916504 0.000000 2273.873291 0.000000 0.083745 0.000000 0.996487 0.725294 0.725294 0.725294
3791.545654 0.000000 2273.737305 0.000000 0.459850 0.000000 0.887997 0.798080 0.798080 0.798080
3787.920166 0.000000 2268.276123 0.000000 0.687580 0.000000 0.726108 0.849868 0.849868 0.849868
3789.175781 0.000000 2283.735107 0.000000 0.074824 0.000000 0.997197 0.723640 0.723640 0.723640
3809.722656 0.000000 2287.869629 0.000000 0.266010 0.000000 0.963970 0.668564 0.668564 0.668564
3808.376221 0.000000 2286.412842 0.000000 0.701852 0.000000 0.712323 0.798115 0.798115 0.798115
3810.499268 0.000000 2288.687744 0.000000 0.224136 0.000000 0.974558 0.640779 0.640779 0.640779
3814.912354 0.000000 2287.411377 0.000000 0.100956 0.000000 0.994891 0.456974 0.456974 0.456974
3811.904297 0.000000 2289.487793 0.000000 0.292839 0.000000 0.956162 0.659782 0.659782 0.659782
3811.154541 0.000000 2284.363281 0.000000 0.109112 0.000000 0.994029 0.478247 0.478247 0.478247
3814.164551 0.000000 2284.047363 0.000000 0.528613 0.000000 0.848863 0.625401 0.625401 0.625401
3837.349121 0.000000 2264.586426 0.000000 0.444201 0.000000 0.895927 0.794839 0.794839 0.794839
3831.426758 0.000000 2262.528076 0.000000 0.509723 0.000000 0.860338 0.808617 0.808617 0.808617
3837.919678 0.000000 2294.212646 0.000000 0.615473 0.000000 0.788158 0.945607 0.945607 0.945607
3817.095947 0.000000 2279.612549 0.000000 0.550236 0.000000 0.835009 0.817445 0.817445 0.817445
3819.981201 0.000000 2264.308350 0.000000 0.398741 0.000000 0.917064 0.785576 0.785576 0.785576
3830.661133 0.000000 2297.499268 0.000000 0.285260 0.000000 0.958450 0.763246 0.763246 0.763246
3843.508789 0.000000 2275.104004 0.000000 0.644944 0.000000 0.764230 0.941366 0.941366 0.941366
3829.193848 0.000000 2300.817871 0.000000 0.103046 0.000000 0.994677 0.728875 0.728875 0.728875
3819.201416 0.000000 2299.854980 0.000000 0.083004 0.000000 0.996549 0.725156 0.725156 0.725156
3826.305664 0.000000 2254.677246 0.000000 0.615901 0.000000 0.787823 0.873158 0.873158 0.873158
3824.192871 0.000000 2281.970215 0.000000 0.058652 0.000000 0.998278 0.720646 0.720646 0.720646
3830.625732 0.000000 2284.286377 0.000000 0.531111 0.000000 0.847302 0.934383 0.934383 0.934383
3823.063721 0.000000 2301.175049 0.000000 0.302532 0.000000 0.953139 0.766585 0.766585 0.766585
3826.023682 0.000000 2290.182373 0.000000 0.634140 0.000000 0.773218 0.885252 0.885252 0.885252
3821.800781 0.000000 2254.506592 0.000000 0.120255 0.000000 0.992743 0.797245 0.797245 0.797245
3821.633301 0.000000 2265.139160 0.000000 0.680951 0.000000 0.732329 0.848189 0.848189 0.848189
3834.022949 0.000000 2283.531738 0.000000 0.486825 0.000000 0.873499 0.803738 0.803738 0.803738
3826.508789 0.000000 2293.252930 0.000000 0.646241 0.000000 0.763133 0.839614 0.839614 0.839614
3840.539307 0.000000 2280.736572 0.000000 0.647384 0.000000 0.762164 0.906964 0.906964 0.906964
3820.102051 0.000000 2281.355957 0.000000 0.582124 0.000000 0.813100 0.824593 0.824593 0.824593
3819.984619 0.000000 2303.146729 0.000000 0.544103 0.000000 0.839019 0.816091 0.816091 0.816091
3820.372314 0.000000 2256.321533 0.000000 0.001237 0.000000 0.999999 0.710032 0.710032 0.710032
3828.931152 0.000000 2260.396484 0.000000 0.134341 0.000000 0.990935 0.734698 0.734698 0.734698
3839.893799 0.000000 2264.724854 0.000000 0.461994 0.000000 0.886883 0.893818 0.893818 0.893818
3823.111572 0.000000 2264.859619 0.000000 0.606656 0.000000 0.794964 0.830229 0.830229 0.830229
3836.538086 0.000000 2300.986572 0.000000 0.012362 0.000000 0.999924 0.712088 0.712088 0.712088
3822.898926 0.000000 2256.135986 0.000000 0.134541 0.000000 0.990908 0.734735 0.734735 0.734735
3831.688232 0.000000 2283.266602 0.000000 0.361345 0.000000 0.932432 0.778106 0.778106 0.778106
3820.263428 0.000000 2257.837158 0.000000 0.196950 0.000000 0.980414 0.746429 0.746429 0.746429
3837.509277 0.000000 2302.364990 0.000000 0.619246 0.000000 0.785197 0.833173 0.833173 0.833173
3830.135010 0.000000 2261.848877 0.000000 0.513001 0.000000 0.858388 0.809322 0.809322 0.809322
3830.283203 0.000000 2257.201172 0.000000 0.498963 0.000000 0.866623 0.892688 0.892688 0.892688
3817.013428 0.000000 2266.011230 0.000000 0.539788 0.000000 0.841801 0.815143 0.815143 0.815143
3830.584961 0.000000 2301.147949 0.000000 0.507894 0.000000 0.861420 0.808224 0.808224 0.808224
3820.801514 0.000000 2276.706055 0.000000 0.668692 0.000000 0.743539 0.845120 0.845120 0.845120
3824.046631 0.000000 2292.743408 0.000000 0.329601 0.000000 0.944120 0.771856 0.771856 0.771856
3817.207520 0.000000 2268.692383 0.000000 0.472620 0.000000 0.881266 0.816902 0.816902 0.816902
3825.665039 0.000000 2294.872314 0.000000 0.181241 0.000000 0.983439 0.743473 0.743473 0.743473
3820.049316 0.000000 2278.679932 0.000000 0.680081 0.000000 0.733137 0.847969 0.847969 0.847969
3821.365967 0.000000 2281.808838 0.000000 0.135044 0.000000 0.990840 0.734829 0.734829 0.734829
3822.876709 0.000000 2302.509521 0.000000 0.465078 0.000000 0.885270 0.799169 0.799169 0.799169
3824.446533 0.000000 2299.208496 0.000000 0.642689 0.000000 0.766127 0.838756 0.838756 0.838756
3820.382568 0.000000 2263.016846 0.000000 0.472350 0.000000 0.881411 0.800690 0.800690 0.800690
3818.545898 0.000000 2258.385254 0.000000 0.093593 0.000000 0.995611 0.727120 0.727120 0.727120
3816.099121 0.000000 2258.350342 0.000000 0.163283 0.000000 0.986579 0.785762 0.785762 0.785762
3837.799805 0.000000 2283.901855 0.000000 0.659680 0.000000 0.751547 0.842893 0.842893 0.842893
3825.311279 0.000000 2262.091064 0.000000 0.618860 0.000000 0.785501 0.833082 0.833082 0.833082
3816.826904 0.000000 2297.440430 0.000000 0.715334 0.000000 0.698783 0.857064 0.857064 0.857064
3826.725342 0.000000 2283.089600 0.000000 0.377755 0.000000 0.925906 0.781368 0.781368 0.781368
3825.086182 0.000000 2257.929199 0.000000 0.064517 0.000000 0.997917 0.721731 0.721731 0.721731
3819.458740 0.000000 2265.401611 0.000000 0.706410 0.000000 0.707803 0.854720 0.854720 0.854720
3831.213623 0.000000 2282.121094 0.000000 0.088860 0.000000 0.996044 0.726242 0.726242 0.726242
3827.655029 0.000000 2293.021973 0.000000 0.215333 0.000000 0.976541 0.749900 0.749900 0.749900
3821.333740 0.000000 2258.354492 0.000000 0.301293 0.000000 0.953532 0.766345 0.766345 0.766345
3818.258545 0.000000 2279.453125 0.000000 0.482071 0.000000 0.876132 0.802734 0.802734 0.802734
3836.632080 0.000000 2303.476318 0.000000 0.482185 0.000000 0.876069 0.802758 0.802758 0.802758
3831.695801 0.000000 2263.653809 0.000000 0.182451 0.000000 0.983215 0.743701 0.743701 0.743701
3828.958984 0.000000 2257.394775 0.000000 0.103928 0.000000 0.994585 0.747347 0.747347 0.747347
3825.503174 0.000000 2259.495605 0.000000 0.373507 0.000000 0.927627 0.780522 0.780522 0.780522
3830.344238 0.000000 2262.959473 0.000000 0.718610 0.000000 0.695413 0.857932 0.857932 0.857932
3835.351562 0.000000 2296.386963 0.000000 0.641550 0.000000 0.767081 0.838482 0.838482 0.838482
3835.324219 0.000000 2283.227295 0.000000 0.538824 0.000000 0.842418 0.814931 0.814931 0.814931
3833.645264 0.000000 2301.186768 0.000000 0.431342 0.000000 0.902189 0.792196 0.792196 0.792196
3821.077637 0.000000 2264.075195 0.000000 0.117970 0.000000 0.993017 0.731649 0.731649 0.731649
3816.197021 0.000000 2298.791260 0.000000 0.592235 0.000000 0.805766 0.826900 0.826900 0.826900
3817.166016 0.000000 2273.319092 0.000000 0.270261 0.000000 0.962787 0.760362 0.760362 0.760362
3825.014893 0.000000 2283.862549 0.000000 0.117464 0.000000 0.993077 0.731555 0.731555 0.731555
3829.621582 0.000000 2294.541504 0.000000 0.135641 0.000000 0.990758 0.734940 0.734940 0.734940
3829.776611 0.000000 2293.451172 0.000000 0.180707 0.000000 0.983537 0.746841 0.746841 0.746841
3817.733398 0.000000 2295.416260 0.000000 0.145639 0.000000 0.989338 0.736806 0.736806 0.736806
3822.105957 0.000000 2269.479736 0.000000 0.675540 0.000000 0.737323 0.693657 0.693657 0.693657
3830.085693 0.000000 2270.722412 0.000000 0.531078 0.000000 0.847323 0.626474 0.626474 0.626474
3821.653564 0.000000 2274.287598 0.000000 0.414656 0.000000 0.909978 0.771669 0.771669 0.771669
3834.325684 0.000000 2270.367432 0.000000 0.609462 0.000000 0.792815 0.661764 0.661764 0.661764
3818.182129 0.000000 2288.619385 0.000000 0.197311 0.000000 0.980341 0.492994 0.492994 0.492994
3840.686768 0.000000 2273.841553 0.000000 0.646110 0.000000 0.763244 0.679165 0.679165 0.679165
3823.652588 0.000000 2289.355713 0.000000 0.422429 0.000000 0.906396 0.753550 0.753550 0.753550
3820.272949 0.000000 2267.455322 0.000000 0.279947 0.000000 0.960015 0.633695 0.633695 0.633695
3825.440918 0.000000 2269.660400 0.000000 0.080940 0.000000 0.996719 0.449547 0.449547 0.449547
3833.232178 0.000000 2274.233398 0.000000 0.234166 0.000000 0.972197 0.506941 0.506941 0.506941
3819.730713 0.000000 2271.486816 0.000000 0.497360 0.000000 0.867544 0.708960 0.708960 0.708960
3816.201172 0.000000 2288.660400 0.000000 0.671525 0.000000 0.740982 0.691650 0.691650 0.691650
3837.778564 0.000000 2281.786133 0.000000 0.424597 0.000000 0.905383 0.657958 0.657958 0.657958
3840.533936 0.000000 2270.272949 0.000000 0.311345 0.000000 0.950297 0.586689 0.586689 0.586689
3830.242676 0.000000 2272.387939 0.000000 0.683378 0.000000 0.730065 0.697604 0.697604 0.697604
3821.704346 0.000000 2268.593018 0.000000 0.505546 0.000000 0.862800 0.615442 0.615442 0.615442
3832.986084 0.000000 2268.891602 0.000000 0.647608 0.000000 0.761974 0.679891 0.679891 0.679891
3823.120361 0.000000 2286.585693 0.000000 0.202036 0.000000 0.979378 0.614254 0.614254 0.614254
3838.962402 0.000000 2275.405273 0.000000 0.703117 0.000000 0.711074 0.707725 0.707725 0.707725
3829.508545 0.000000 2268.424561 0.000000 0.252429 0.000000 0.967615 0.513898 0.513898 0.513898
3827.730225 0.000000 2268.889404 0.000000 0.421165 0.000000 0.906984 0.580236 0.580236 0.580236
3817.086670 0.000000 2289.906738 0.000000 0.338180 0.000000 0.941082 0.547075 0.547075 0.547075
3838.732666 0.000000 2268.398926 0.000000 0.250551 0.000000 0.968103 0.565810 0.565810 0.565810
3831.087158 0.000000 2269.502686 0.000000 0.125546 0.000000 0.992088 0.466118 0.466118 0.466118
3841.374268 0.000000 2273.111572 0.000000 0.011150 0.000000 0.999938 0.423728 0.423728 0.423728
3836.485840 0.000000 2274.623291 0.000000 0.650841 0.000000 0.759214 0.681461 0.681461 0.681461
3832.859863 0.000000 2277.298584 0.000000 0.722064 0.000000 0.691826 0.717705 0.717705 0.717705
3834.231445 0.000000 2278.514648 0.000000 0.196655 0.000000 0.980473 0.492746 0.492746 0.492746
3825.108887 0.000000 2273.819824 0.000000 0.239304 0.000000 0.970945 0.508894 0.508894 0.508894
3834.964600 0.000000 2270.962891 0.000000 0.701599 0.000000 0.712572 0.706937 0.706937 0.706937
3822.976562 0.000000 2287.528320 0.000000 0.479284 0.000000 0.877660 0.697872 0.697872 0.697872
3824.063721 0.000000 2266.780029 0.000000 0.253096 0.000000 0.967441 0.524000 0.524000 0.524000
3833.910400 0.000000 2268.196045 0.000000 0.627283 0.000000 0.778792 0.670143 0.670143 0.670143
3826.928711 0.000000 2267.297852 0.000000 0.549839 0.000000 0.835271 0.634714 0.634714 0.634714
3829.319092 0.000000 2278.856445 0.000000 0.482259 0.000000 0.876029 0.610877 0.610877 0.610877
3838.852051 0.000000 2270.804932 0.000000 0.585587 0.000000 0.810610 0.650762 0.650762 0.650762
3837.469238 0.000000 2275.670654 0.000000 0.707256 0.000000 0.706957 0.709882 0.709882 0.709882
3832.976562 0.000000 2276.062012 0.000000 0.124622 0.000000 0.992204 0.465774 0.465774 0.465774
3815.659424 0.000000 2286.965332 0.000000 0.342394 0.000000 0.939556 0.548731 0.548731 0.548731
3834.413086 0.000000 2276.942627 0.000000 0.408891 0.000000 0.912583 0.575251 0.575251 0.575251
3831.630127 0.000000 2271.219727 0.000000 0.702799 0.000000 0.711388 0.707560 0.707560 0.707560
3830.092529 0.000000 2269.889648 0.000000 0.577220 0.000000 0.816589 0.646962 0.646962 0.646962
3818.357666 0.000000 2285.757324 0.000000 0.469647 0.000000 0.882854 0.600248 0.600248 0.600248
3841.198486 0.000000 2271.568848 0.000000 0.456272 0.000000 0.889840 0.638491 0.638491 0.638491
3819.184326 0.000000 2284.328369 0.000000 0.138082 0.000000 0.990421 0.470791 0.470791 0.470791
3820.789307 0.000000 2289.183350 0.000000 0.238653 0.000000 0.971105 0.558446 0.558446 0.558446
3798.358887 0.000000 2343.698730 0.000000 0.285464 0.000000 0.958389 0.846456 0.846456 0.846456
3803.394531 0.000000 2338.326904 0.000000 0.246091 0.000000 0.969247 0.864667 0.864667 0.864667
3804.606445 0.000000 2340.863770 0.000000 0.657055 0.000000 0.753843 0.842248 0.842248 0.842248
3796.959473 0.000000 2349.423828 0.000000 0.114795 0.000000 0.993389 0.934582 0.934582 0.934582
3806.228271 0.000000 2351.190674 0.000000 0.590410 0.000000 0.807104 0.826482 0.826482 0.826482
3801.458740 0.000000 2355.688721 0.000000 0.394267 0.000000 0.918996 0.874879 0.874879 0.874879
3802.636475 0.000000 2347.969727 0.000000 0.074390 0.000000 0.997229 0.723560 0.723560 0.723560
3799.538330 0.000000 2345.561035 0.000000 0.481805 0.000000 0.876278 0.802677 0.802677 0.802677
3806.889160 0.000000 2341.118896 0.000000 0.699280 0.000000 0.714848 0.852868 0.852868 0.852868
3812.035400 0.000000 2338.215332 0.000000 0.648712 0.000000 0.761034 0.939540 0.939540 0.939540
3814.974609 0.000000 2342.878174 0.000000 0.251272 0.000000 0.967916 0.792890 0.792890 0.792890
3807.197754 0.000000 2342.600586 0.000000 0.551080 0.000000 0.834452 0.817632 0.817632 0.817632
3814.232666 0.000000 2346.885986 0.000000 0.543724 0.000000 0.839264 0.816008 0.816008 0.816008
3802.733643 0.000000 2352.046387 0.000000 0.685192 0.000000 0.728363 0.849262 0.849262 0.849262
3800.543213 0.000000 2350.997314 0.000000 0.016363 0.000000 0.999866 0.712827 0.712827 0.712827
3800.780273 0.000000 2346.309814 0.000000 0.644784 0.000000 0.764365 0.839262 0.839262 0.839262
3805.643311 0.000000 2341.771240 0.000000 0.608815 0.000000 0.793312 0.830732 0.830732 0.830732
3799.140625 0.000000 2342.537598 0.000000 0.327547 0.000000 0.944835 0.851754 0.851754 0.851754
3807.510498 0.000000 2339.875000 0.000000 0.133231 0.000000 0.991085 0.838542 0.838542 0.838542
3805.779785 0.000000 2340.214600 0.000000 0.004797 0.000000 0.999988 0.710690 0.710690 0.710690
3810.852295 0.000000 2343.843018 0.000000 0.612220 0.000000 0.790688 0.831526 0.831526 0.831526
3812.388428 0.000000 2343.364990 0.000000 0.101544 0.000000 0.994831 0.728596 0.728596 0.728596
3809.444824 0.000000 2340.301514 0.000000 0.151218 0.000000 0.988500 0.737848 0.737848 0.737848
3813.126709 0.000000 2344.955811 0.000000 0.596483 0.000000 0.802626 0.827876 0.827876 0.827876
3805.671387 0.000000 2348.697021 0.000000 0.615399 0.000000 0.788216 0.832270 0.832270 0.832270
3813.343994 0.000000 2347.582275 0.000000 0.303049 0.000000 0.952975 0.766685 0.766685 0.766685
3812.782227 0.000000 2353.182617 0.000000 0.036817 0.000000 0.999322 0.716607 0.716607 0.716607
3806.334229 0.000000 2354.457275 0.000000 0.664527 0.000000 0.747264 0.844088 0.844088 0.844088
3802.159912 0.000000 2348.933350 0.000000 0.182050 0.000000 0.983289 0.743625 0.743625 0.743625
3816.507324 0.000000 2336.532227 0.000000 0.209526 0.000000 0.977803 0.972843 0.972843 0.972843
3833.016357 0.000000 2347.841797 0.000000 0.250531 0.000000 0.968109 0.756586 0.756586 0.756586
3826.114258 0.000000 2345.535645 0.000000 0.411884 0.000000 0.911236 0.788232 0.788232 0.788232
3818.359375 0.000000 2325.661133 0.000000 0.666413 0.000000 0.745583 0.844554 0.844554 0.844554
3821.668457 0.000000 2335.537842 0.000000 0.597538 0.000000 0.801841 0.830442 0.830442 0.830442
3833.551758 0.000000 2306.046631 0.000000 0.703452 0.000000 0.710743 0.853949 0.853949 0.853949
3845.846191 0.000000 2337.320801 0.000000 0.711184 0.000000 0.703006 0.957180 0.957180 0.957180
3828.903076 0.000000 2347.502441 0.000000 0.732393 0.000000 0.680883 0.861632 0.861632 0.861632
3828.960205 0.000000 2334.160889 0.000000 0.269885 0.000000 0.962892 0.520580 0.520580 0.520580
3827.493408 0.000000 2340.669678 0.000000 0.262717 0.000000 0.964873 0.758916 0.758916 0.758916
3825.035156 0.000000 2322.902832 0.000000 0.417866 0.000000 0.908509 0.789446 0.789446 0.789446
3832.453613 0.000000 2320.535889 0.000000 0.381395 0.000000 0.924412 0.696700 0.696700 0.696700
3826.446045 0.000000 2305.671631 0.000000 0.170406 0.000000 0.985374 0.741440 0.741440 0.741440
3830.260498 0.000000 2321.741699 0.000000 0.443620 0.000000 0.896215 0.766978 0.766978 0.766978
3836.274170 0.000000 2336.484619 0.000000 0.120162 0.000000 0.992754 0.464114 0.464114 0.464114
3817.515381 0.000000 2322.796143 0.000000 0.629661 0.000000 0.776870 0.897828 0.897828 0.897828
3840.897705 0.000000 2328.423340 0.000000 0.717063 0.000000 0.697008 0.857522 0.857522 0.857522
3824.391113 0.000000 2346.143311 0.000000 0.029013 0.000000 0.999579 0.715165 0.715165 0.715165
3835.854980 0.000000 2344.905762 0.000000 0.220331 0.000000 0.975425 0.750846 0.750846 0.750846
3816.285889 0.000000 2347.839844 0.000000 0.622851 0.000000 0.782340 0.896825 0.896825 0.896825
3824.414795 0.000000 2333.077393 0.000000 0.106847 0.000000 0.994275 0.576100 0.576100 0.576100
3840.736328 0.000000 2323.720703 0.000000 0.600828 0.000000 0.799379 0.863565 0.863565 0.863565
3827.348633 0.000000 2343.724609 0.000000 0.119450 0.000000 0.992840 0.731925 0.731925 0.731925
3824.336914 0.000000 2342.358887 0.000000 0.291735 0.000000 0.956499 0.764496 0.764496 0.764496
3829.535156 0.000000 2335.900635 0.000000 0.209674 0.000000 0.977771 0.497659 0.497659 0.497659
3844.590820 0.000000 2329.992432 0.000000 0.446550 0.000000 0.894759 0.864471 0.864471 0.864471
3822.947021 0.000000 2315.354492 0.000000 0.167598 0.000000 0.985855 0.786429 0.786429 0.786429
3838.863770 0.000000 2330.551025 0.000000 0.216824 0.000000 0.976211 0.750182 0.750182 0.750182
3833.554199 0.000000 2321.941162 0.000000 0.017311 0.000000 0.999850 0.600530 0.600530 0.600530
3831.129883 0.000000 2324.256592 0.000000 0.260288 0.000000 0.965531 0.516902 0.516902 0.516902
3824.837158 0.000000 2314.312012 0.000000 0.222225 0.000000 0.974995 0.794912 0.794912 0.794912
3836.825439 0.000000 2332.012207 0.000000 0.729010 0.000000 0.684503 0.811780 0.811780 0.811780
3828.034912 0.000000 2329.578857 0.000000 0.392513 0.000000 0.919747 0.568646 0.568646 0.568646
3826.808838 0.000000 2309.388184 0.000000 0.576341 0.000000 0.817209 0.823282 0.823282 0.823282
3833.899658 0.000000 2342.432373 0.000000 0.426215 0.000000 0.904622 0.791148 0.791148 0.791148
3819.115234 0.000000 2306.313477 0.000000 0.369451 0.000000 0.929250 0.892834 0.892834 0.892834
3836.938477 0.000000 2337.910889 0.000000 0.178118 0.000000 0.984009 0.485773 0.485773 0.485773
3823.773438 0.000000 2317.258789 0.000000 0.283647 0.000000 0.958929 0.762936 0.762936 0.762936
3824.910889 0.000000 2340.946289 0.000000 0.159957 0.000000 0.987124 0.739483 0.739483 0.739483
3819.097168 0.000000 2342.618164 0.000000 0.619632 0.000000 0.784892 0.833264 0.833264 0.833264
3838.081787 0.000000 2323.227051 0.000000 0.626293 0.000000 0.779588 0.834837 0.834837 0.834837
3825.323242 0.000000 2347.319824 0.000000 0.345192 0.000000 0.938532 0.774916 0.774916 0.774916
3828.449219 0.000000 2308.010986 0.000000 0.628075 0.000000 0.778153 0.835260 0.835260 0.835260
3828.014404 0.000000 2323.693604 0.000000 0.010344 0.000000 0.999946 0.672757 0.672757 0.672757
3820.271240 0.000000 2327.662842 0.000000 0.161001 0.000000 0.986954 0.739678 0.739678 0.739678
3833.209717 0.000000 2337.802734 0.000000 0.273546 0.000000 0.961859 0.521985 0.521985 0.521985
3827.368164 0.000000 2339.194824 0.000000 0.409231 0.000000 0.912431 0.773349 0.773349 0.773349
3832.741943 0.000000 2334.855713 0.000000 0.602149 0.000000 0.798384 0.658368 0.658368 0.658368
3834.812256 0.000000 2327.200195 0.000000 0.317659 0.000000 0.948205 0.660515 0.660515 0.660515
3829.697754 0.000000 2325.708984 0.000000 0.012677 0.000000 0.999920 0.540989 0.540989 0.540989
3831.742920 0.000000 2317.111816 0.000000 0.124036 0.000000 0.992278 0.761667 0.761667 0.761667
3832.368408 0.000000 2326.438965 0.000000 0.061309 0.000000 0.998119 0.442275 0.442275 0.442275
3822.858643 0.000000 2319.187500 0.000000 0.661419 0.000000 0.750017 0.843320 0.843320 0.843320
3827.894531 0.000000 2348.449951 0.000000 0.709462 0.000000 0.704744 0.855518 0.855518 0.855518
3842.878418 0.000000 2325.877686 0.000000 0.234362 0.000000 0.972149 0.803472 0.803472 0.803472
3836.966064 0.000000 2329.024414 0.000000 0.276256 0.000000 0.961084 0.761513 0.761513 0.761513
3835.623535 0.000000 2341.745361 0.000000 0.312832 0.000000 0.949809 0.537169 0.537169 0.537169
3832.279541 0.000000 2346.673340 0.000000 0.260775 0.000000 0.965400 0.758544 0.758544 0.758544
3825.515625 0.000000 2338.320312 0.000000 0.569872 0.000000 0.821733 0.821824 0.821824 0.821824
3836.828369 0.000000 2306.276611 0.000000 0.102228 0.000000 0.994761 0.728723 0.728723 0.728723
3832.916992 0.000000 2304.857422 0.000000 0.018894 0.000000 0.999821 0.713295 0.713295 0.713295
3835.758545 0.000000 2338.509277 0.000000 0.469855 0.000000 0.882743 0.600335 0.600335 0.600335
3829.634521 0.000000 2322.962158 0.000000 0.725595 0.000000 0.688122 0.840852 0.840852 0.840852
3827.420166 0.000000 2342.023926 0.000000 0.424587 0.000000 0.905387 0.790815 0.790815 0.790815
3837.142334 0.000000 2335.470459 0.000000 0.601804 0.000000 0.798644 0.660518 0.660518 0.660518
3834.103027 0.000000 2336.342285 0.000000 0.632867 0.000000 0.774260 0.672801 0.672801 0.672801
3822.824463 0.000000 2344.052490 0.000000 0.326039 0.000000 0.945356 0.771159 0.771159 0.771159
3833.598633 0.000000 2346.396240 0.000000 0.643187 0.000000 0.765709 0.838876 0.838876 0.838876
3834.052734 0.000000 2345.175293 0.000000 0.522279 0.000000 0.852775 0.811325 0.811325 0.811325
3822.381592 0.000000 2327.351318 0.000000 0.628229 0.000000 0.778029 0.835296 0.835296 0.835296
3821.795166 0.000000 2307.094971 0.000000 0.731838 0.000000 0.681479 0.861482 0.861482 0.861482
3825.205811 0.000000 2305.371582 0.000000 0.414625 0.000000 0.909993 0.788788 0.788788 0.788788
3840.111328 0.000000 2325.452637 0.000000 0.060434 0.000000 0.998172 0.720976 0.720976 0.720976
3823.243164 0.000000 2333.593994 0.000000 0.383023 0.000000 0.923739 0.661870 0.661870 0.661870
3824.054688 0.000000 2323.729248 0.000000 0.073608 0.000000 0.997287 0.723415 0.723415 0.723415
3831.490479 0.000000 2321.408691 0.000000 0.652446 0.000000 0.757835 0.819652 0.819652 0.819652
3826.580811 0.000000 2329.315674 0.000000 0.735183 0.000000 0.677868 0.771272 0.771272 0.771272
3827.738037 0.000000 2306.979004 0.000000 0.548787 0.000000 0.835962 0.817124 0.817124 0.817124
3843.817871 0.000000 2332.363037 0.000000 0.260840 0.000000 0.965382 0.758557 0.758557 0.758557
3837.915283 0.000000 2305.395996 0.000000 0.354220 0.000000 0.935162 0.776696 0.776696 0.776696
3822.863770 0.000000 2320.409668 0.000000 0.723687 0.000000 0.690128 0.859286 0.859286 0.859286
3827.964111 0.000000 2338.084473 0.000000 0.580724 0.000000 0.814100 0.812402 0.812402 0.812402
3841.207275 0.000000 2326.614258 0.000000 0.700786 0.000000 0.713371 0.853258 0.853258 0.853258
3824.288574 0.000000 2347.980957 0.000000 0.122890 0.000000 0.992420 0.732565 0.732565 0.732565
3830.259766 0.000000 2333.913330 0.000000 0.411601 0.000000 0.911364 0.519099 0.519099 0.519099
3829.798584 0.000000 2341.711670 0.000000 0.594908 0.000000 0.803794 0.815860 0.815860 0.815860
3839.056641 0.000000 2307.409424 0.000000 0.278761 0.000000 0.960361 0.761995 0.761995 0.761995
3827.248535 0.000000 2326.982178 0.000000 0.047894 0.000000 0.998852 0.608399 0.608399 0.608399
3834.100098 0.000000 2311.946289 0.000000 0.320096 0.000000 0.947385 0.769999 0.769999 0.769999
3839.406250 0.000000 2303.699463 0.000000 0.348845 0.000000 0.937181 0.775635 0.775635 0.775635
3821.852051 0.000000 2304.866699 0.000000 0.676102 0.000000 0.736808 0.846969 0.846969 0.846969
3841.445068 0.000000 2329.431396 0.000000 0.279048 0.000000 0.960277 0.762050 0.762050 0.762050
3837.816406 0.000000 2337.121582 0.000000 0.167733 0.000000 0.985832 0.481878 0.481878 0.481878
3837.813477 0.000000 2331.364258 0.000000 0.401513 0.000000 0.915853 0.786134 0.786134 0.786134
3836.015625 0.000000 2335.224854 0.000000 0.507090 0.000000 0.861893 0.618698 0.618698 0.618698
3825.712891 0.000000 2309.823242 0.000000 0.149103 0.000000 0.988822 0.737453 0.737453 0.737453
3822.071045 0.000000 2329.476318 0.000000 0.588686 0.000000 0.808362 0.826088 0.826088 0.826088
3824.549805 0.000000 2329.904053 0.000000 0.001897 0.000000 0.999998 0.710154 0.710154 0.710154
3828.251465 0.000000 2327.715576 0.000000 0.683886 0.000000 0.729589 0.697861 0.697861 0.697861
3826.154541 0.000000 2306.768311 0.000000 0.048358 0.000000 0.998830 0.718741 0.718741 0.718741
3822.001221 0.000000 2349.361328 0.000000 0.362731 0.000000 0.931894 0.778380 0.778380 0.778380
3825.932373 0.000000 2348.334473 0.000000 0.562538 0.000000 0.826772 0.820180 0.820180 0.820180
3823.472656 0.000000 2343.077637 0.000000 0.584499 0.000000 0.811394 0.825133 0.825133 0.825133
3835.818115 0.000000 2328.869873 0.000000 0.361229 0.000000 0.932477 0.718105 0.718105 0.718105
3834.680664 0.000000 2330.682617 0.000000 0.300774 0.000000 0.953695 0.684114 0.684114 0.684114
3824.183350 0.000000 2328.779297 0.000000 0.189354 0.000000 0.981909 0.744998 0.744998 0.744998
3842.293945 0.000000 2331.476807 0.000000 0.550653 0.000000 0.834735 0.817537 0.817537 0.817537
3822.906006 0.000000 2304.632324 0.000000 0.316241 0.000000 0.948679 0.769248 0.769248 0.769248
3829.960449 0.000000 2320.689453 0.000000 0.466627 0.000000 0.884454 0.799492 0.799492 0.799492
3827.500977 0.000000 2308.506104 0.000000 0.412335 0.000000 0.911032 0.788323 0.788323 0.788323
3838.925781 0.000000 2337.021729 0.000000 0.050157 0.000000 0.998741 0.620370 0.620370 0.620370
3828.394531 0.000000 2341.304688 0.000000 0.621449 0.000000 0.783455 0.822455 0.822455 0.822455
3828.771240 0.000000 2328.752686 0.000000 0.661464 0.000000 0.749977 0.686663 0.686663 0.686663
3823.364014 0.000000 2332.541992 0.000000 0.197717 0.000000 0.980259 0.606161 0.606161 0.606161
3837.639160 0.000000 2338.785889 0.000000 0.554968 0.000000 0.831872 0.636987 0.636987 0.636987
3831.021484 0.000000 2338.306152 0.000000 0.216151 0.000000 0.976360 0.500109 0.500109 0.500109
3830.329102 0.000000 2324.891113 0.000000 0.004353 0.000000 0.999991 0.421216 0.421216 0.421216
3829.783447 0.000000 2334.891846 0.000000 0.362407 0.000000 0.932020 0.556632 0.556632 0.556632
3837.207764 0.000000 2336.404785 0.000000 0.643615 0.000000 0.765349 0.677959 0.677959 0.677959
3829.082520 0.000000 2331.810303 0.000000 0.016723 0.000000 0.999860 0.146440 0.146440 0.146440
3833.172607 0.000000 2332.513672 0.000000 0.350753 0.000000 0.936468 0.552023 0.552023 0.552023
3833.908691 0.000000 2327.059570 0.000000 0.025209 0.000000 0.999682 0.428923 0.428923 0.428923
3833.870605 0.000000 2337.180420 0.000000 0.290567 0.000000 0.956855 0.528540 0.528540 0.528540
3833.341309 0.000000 2324.349609 0.000000 0.534494 0.000000 0.845172 0.627966 0.627966 0.627966
3835.351318 0.000000 2333.299805 0.000000 0.454099 0.000000 0.890951 0.596515 0.596515 0.596515
3829.687988 0.000000 2328.670898 0.000000 0.711500 0.000000 0.702686 0.712107 0.712107 0.712107
3835.535889 0.000000 2339.556641 0.000000 0.716250 0.000000 0.697843 0.714613 0.714613 0.714613
3832.974121 0.000000 2325.840332 0.000000 0.167554 0.000000 0.985863 0.481810 0.481810 0.481810
3831.551514 0.000000 2329.854004 0.000000 0.404666 0.000000 0.914465 0.573542 0.573542 0.573542
4890.769043 0.000000 1168.783325 0.000000 0.524548 0.000000 0.851381 0.994914 0.994914 0.994914
"}
object={
	name="cactus_cholla_01_generator_1_1"
	render_pass=Map
	clamp_to_water_level=no
	generated_content=yes
	layer="grass_layer"
	pdxmesh="cactus_cholla_07_grass_mesh"
	count=264
	transform="3782.968750 0.000000 2281.616943 0.000000 0.980294 0.000000 0.197542 0.963264 0.963264 0.963264
3784.324951 0.000000 2276.234863 0.000000 0.985153 0.000000 0.171680 0.968125 0.968125 0.968125
3793.268555 0.000000 2270.517090 0.000000 0.796593 0.000000 0.604515 0.880072 0.880072 0.880072
3778.079346 0.000000 2271.336182 0.000000 0.987195 0.000000 0.159515 0.970404 0.970404 0.970404
3799.158447 0.000000 2276.421631 0.000000 0.889415 0.000000 0.457101 0.933629 0.933629 0.933629
3785.972656 0.000000 2273.159424 0.000000 0.742000 0.000000 0.670399 0.864259 0.864259 0.864259
3794.275879 0.000000 2267.909424 0.000000 0.940578 0.000000 0.339578 0.969726 0.969726 0.969726
3809.903320 0.000000 2276.227539 0.000000 0.977294 0.000000 0.211888 0.967485 0.967485 0.967485
3807.346680 0.000000 2291.535156 0.000000 0.852709 0.000000 0.522387 0.910806 0.910806 0.910806
3787.383057 0.000000 2270.972900 0.000000 0.983042 0.000000 0.183379 0.965929 0.965929 0.965929
3812.919678 0.000000 2292.363770 0.000000 0.812501 0.000000 0.582959 0.885021 0.885021 0.885021
3793.991699 0.000000 2272.791992 0.000000 0.899934 0.000000 0.436026 0.916647 0.916647 0.916647
3785.705322 0.000000 2266.040283 0.000000 0.757112 0.000000 0.653286 0.868477 0.868477 0.868477
3788.265137 0.000000 2282.887207 0.000000 0.890506 0.000000 0.454972 0.912738 0.912738 0.912738
3786.864502 0.000000 2284.478760 0.000000 0.972924 0.000000 0.231124 0.981949 0.981949 0.981949
3783.359619 0.000000 2283.693604 0.000000 0.769474 0.000000 0.638678 0.872013 0.872013 0.872013
3776.146240 0.000000 2279.671387 0.000000 0.964815 0.000000 0.262931 0.950847 0.950847 0.950847
3781.369141 0.000000 2282.726074 0.000000 0.776513 0.000000 0.630101 0.874063 0.874063 0.874063
3812.887939 0.000000 2279.497070 0.000000 0.926412 0.000000 0.376512 0.928683 0.928683 0.928683
3811.618164 0.000000 2295.018066 0.000000 0.929042 0.000000 0.369974 0.929985 0.929985 0.929985
3791.217773 0.000000 2280.232666 0.000000 0.951581 0.000000 0.307400 0.942275 0.942275 0.942275
3788.781982 0.000000 2277.611572 0.000000 0.954675 0.000000 0.297650 0.944165 0.944165 0.944165
3809.463379 0.000000 2279.374268 0.000000 0.910006 0.000000 0.414596 0.921022 0.921022 0.921022
3813.034180 0.000000 2299.252930 0.000000 0.796415 0.000000 0.604750 0.880017 0.880017 0.880017
3785.381836 0.000000 2277.688721 0.000000 0.994458 0.000000 0.105138 0.980540 0.980540 0.980540
3788.090332 0.000000 2269.318848 0.000000 0.863113 0.000000 0.505011 0.902197 0.902197 0.902197
3809.563232 0.000000 2288.880615 0.000000 0.846705 0.000000 0.532063 0.889349 0.889349 0.889349
3783.135498 0.000000 2279.932617 0.000000 0.917006 0.000000 0.398873 0.924201 0.924201 0.924201
3812.858887 0.000000 2282.427002 0.000000 0.917114 0.000000 0.398625 0.890472 0.890472 0.890472
3791.079834 0.000000 2270.552002 0.000000 0.736223 0.000000 0.676739 0.862675 0.862675 0.862675
3808.524658 0.000000 2282.698242 0.000000 0.887055 0.000000 0.461663 0.911347 0.911347 0.911347
3806.603760 0.000000 2292.865723 0.000000 0.805668 0.000000 0.592367 0.897118 0.897118 0.897118
3786.206543 0.000000 2279.776367 0.000000 0.994733 0.000000 0.102500 0.981030 0.981030 0.981030
3794.057373 0.000000 2281.467773 0.000000 0.995537 0.000000 0.094377 0.982538 0.982538 0.982538
3809.690430 0.000000 2277.870361 0.000000 0.787032 0.000000 0.616913 0.898756 0.898756 0.898756
3776.551514 0.000000 2271.634033 0.000000 0.980849 0.000000 0.194768 0.963786 0.963786 0.963786
3788.182373 0.000000 2279.231689 0.000000 0.922448 0.000000 0.386122 0.926763 0.926763 0.926763
3790.319092 0.000000 2268.510986 0.000000 0.897583 0.000000 0.440846 0.915657 0.915657 0.915657
3808.543457 0.000000 2296.269775 0.000000 0.826280 0.000000 0.563260 0.895438 0.895438 0.895438
3797.686523 0.000000 2276.664062 0.000000 0.902423 0.000000 0.430852 0.917708 0.917708 0.917708
3783.374023 0.000000 2267.384521 0.000000 0.760775 0.000000 0.649016 0.869517 0.869517 0.869517
3774.673828 0.000000 2273.673340 0.000000 0.990600 0.000000 0.136793 0.984584 0.984584 0.984584
3791.722900 0.000000 2275.718262 0.000000 0.856081 0.000000 0.516842 0.899654 0.899654 0.899654
3806.945312 0.000000 2290.251221 0.000000 0.958394 0.000000 0.285450 0.953025 0.953025 0.953025
3795.331787 0.000000 2272.511475 0.000000 0.770353 0.000000 0.637618 0.872267 0.872267 0.872267
3812.462402 0.000000 2275.003906 0.000000 0.753268 0.000000 0.657714 0.867394 0.867394 0.867394
3797.020996 0.000000 2270.623535 0.000000 0.906767 0.000000 0.421631 0.927197 0.927197 0.927197
3812.052002 0.000000 2298.364990 0.000000 0.986795 0.000000 0.161977 0.969943 0.969943 0.969943
3781.185791 0.000000 2275.130615 0.000000 0.986463 0.000000 0.163983 0.969568 0.969568 0.969568
3789.040527 0.000000 2276.370605 0.000000 0.873873 0.000000 0.486153 0.906208 0.906208 0.906208
3795.366211 0.000000 2278.158691 0.000000 0.941539 0.000000 0.336903 0.936517 0.936517 0.936517
3784.507080 0.000000 2266.737793 0.000000 0.968647 0.000000 0.248442 0.953616 0.953616 0.953616
3811.524170 0.000000 2279.807373 0.000000 0.915886 0.000000 0.401437 0.923685 0.923685 0.923685
3785.822754 0.000000 2268.644043 0.000000 0.910401 0.000000 0.413727 0.921198 0.921198 0.921198
3786.922119 0.000000 2269.738281 0.000000 0.818177 0.000000 0.574967 0.886832 0.886832 0.886832
3808.286621 0.000000 2279.900879 0.000000 0.891303 0.000000 0.453407 0.913062 0.913062 0.913062
3778.836670 0.000000 2274.851807 0.000000 0.776343 0.000000 0.630311 0.874013 0.874013 0.874013
3784.915039 0.000000 2270.960449 0.000000 0.986795 0.000000 0.161977 0.969943 0.969943 0.969943
3787.608887 0.000000 2277.246826 0.000000 0.986732 0.000000 0.162357 0.969872 0.969872 0.969872
3778.694824 0.000000 2278.589355 0.000000 0.994738 0.000000 0.102453 0.981039 0.981039 0.981039
3813.784180 0.000000 2286.278809 0.000000 0.978596 0.000000 0.205791 0.923415 0.923415 0.923415
3797.947754 0.000000 2281.342041 0.000000 0.953177 0.000000 0.302412 0.951679 0.951679 0.951679
3778.840332 0.000000 2276.037354 0.000000 0.911264 0.000000 0.411823 0.921584 0.921584 0.921584
3795.741455 0.000000 2274.878906 0.000000 0.859128 0.000000 0.511760 0.900749 0.900749 0.900749
3790.118652 0.000000 2280.730957 0.000000 0.872901 0.000000 0.487897 0.905840 0.905840 0.905840
3813.142578 0.000000 2298.010742 0.000000 0.833412 0.000000 0.552652 0.891824 0.891824 0.891824
3784.681152 0.000000 2269.318604 0.000000 0.783182 0.000000 0.621793 0.876031 0.876031 0.876031
3809.430908 0.000000 2293.765381 0.000000 0.888808 0.000000 0.458279 0.912051 0.912051 0.912051
3810.277100 0.000000 2284.662842 0.000000 0.775415 0.000000 0.631452 0.756013 0.756013 0.756013
3781.206787 0.000000 2276.255127 0.000000 0.949859 0.000000 0.312677 0.941249 0.941249 0.941249
3785.389404 0.000000 2276.453125 0.000000 0.986809 0.000000 0.161891 0.969959 0.969959 0.969959
3786.493652 0.000000 2274.163574 0.000000 0.945976 0.000000 0.324237 0.938996 0.938996 0.938996
3812.024902 0.000000 2291.672363 0.000000 0.852631 0.000000 0.522513 0.898428 0.898428 0.898428
3813.634766 0.000000 2276.937256 0.000000 0.885743 0.000000 0.464176 0.910823 0.910823 0.910823
3813.887207 0.000000 2282.178467 0.000000 0.779339 0.000000 0.626602 0.819103 0.819103 0.819103
3810.058838 0.000000 2289.625488 0.000000 0.874431 0.000000 0.485150 0.864689 0.864689 0.864689
3811.249512 0.000000 2287.853516 0.000000 0.980307 0.000000 0.197481 0.926550 0.926550 0.926550
3817.958984 0.000000 2274.717041 0.000000 0.831713 0.000000 0.555206 0.891257 0.891257 0.891257
3829.455566 0.000000 2290.578613 0.000000 0.808181 0.000000 0.588934 0.940257 0.940257 0.940257
3826.102539 0.000000 2284.276367 0.000000 0.936575 0.000000 0.350466 0.965136 0.965136 0.965136
3818.937744 0.000000 2257.135742 0.000000 0.888573 0.000000 0.458735 0.927423 0.927423 0.927423
3824.600342 0.000000 2288.610596 0.000000 0.767562 0.000000 0.640975 0.916623 0.916623 0.916623
3832.509766 0.000000 2259.678467 0.000000 0.770269 0.000000 0.637719 0.929216 0.929216 0.929216
3820.732422 0.000000 2294.866699 0.000000 0.991424 0.000000 0.130683 0.975788 0.975788 0.975788
3822.380371 0.000000 2258.942139 0.000000 0.977151 0.000000 0.212545 0.960432 0.960432 0.960432
3818.499756 0.000000 2260.605469 0.000000 0.822026 0.000000 0.569449 0.888075 0.888075 0.888075
3831.965088 0.000000 2301.512695 0.000000 0.926954 0.000000 0.375176 0.928950 0.928950 0.928950
3827.367188 0.000000 2301.246826 0.000000 0.922701 0.000000 0.385516 0.926884 0.926884 0.926884
3824.426270 0.000000 2295.791992 0.000000 0.975997 0.000000 0.217784 0.959441 0.959441 0.959441
3827.631836 0.000000 2255.718262 0.000000 0.995657 0.000000 0.093102 0.986965 0.986965 0.986965
3834.082031 0.000000 2260.055420 0.000000 0.984033 0.000000 0.177984 0.982131 0.982131 0.982131
3817.159180 0.000000 2294.510742 0.000000 0.826474 0.000000 0.562976 0.889526 0.889526 0.889526
3829.642822 0.000000 2254.703613 0.000000 0.975306 0.000000 0.220858 0.977205 0.977205 0.977205
3821.164551 0.000000 2262.016602 0.000000 0.870764 0.000000 0.491701 0.905034 0.905034 0.905034
3825.122314 0.000000 2263.449219 0.000000 0.795009 0.000000 0.606598 0.879588 0.879588 0.879588
3836.430420 0.000000 2298.289551 0.000000 0.940753 0.000000 0.339094 0.936087 0.936087 0.936087
3821.078369 0.000000 2259.591064 0.000000 0.995081 0.000000 0.099066 0.981668 0.981668 0.981668
3824.872070 0.000000 2284.953369 0.000000 0.898947 0.000000 0.438058 0.916230 0.916230 0.916230
3816.273193 0.000000 2267.405762 0.000000 0.977627 0.000000 0.210345 0.960847 0.960847 0.960847
3826.365234 0.000000 2300.311523 0.000000 0.968597 0.000000 0.248636 0.953579 0.953579 0.953579
3828.055664 0.000000 2295.922119 0.000000 0.742601 0.000000 0.669734 0.864425 0.864425 0.864425
3823.855225 0.000000 2280.475830 0.000000 0.772046 0.000000 0.635567 0.872758 0.872758 0.872758
3829.535156 0.000000 2302.148682 0.000000 0.879553 0.000000 0.475801 0.908390 0.908390 0.908390
3830.671631 0.000000 2296.164307 0.000000 0.770106 0.000000 0.637916 0.872196 0.872196 0.872196
3821.563721 0.000000 2255.881836 0.000000 0.780718 0.000000 0.624884 0.905633 0.905633 0.905633
3828.284424 0.000000 2258.861572 0.000000 0.831465 0.000000 0.555577 0.891175 0.891175 0.891175
3823.750000 0.000000 2265.909668 0.000000 0.778497 0.000000 0.627648 0.874646 0.874646 0.874646
3830.279541 0.000000 2298.602783 0.000000 0.921692 0.000000 0.387922 0.926402 0.926402 0.926402
3831.866943 0.000000 2300.321533 0.000000 0.969571 0.000000 0.244810 0.954308 0.954308 0.954308
3823.824951 0.000000 2300.260986 0.000000 0.858836 0.000000 0.512251 0.900644 0.900644 0.900644
3821.892578 0.000000 2298.940918 0.000000 0.949443 0.000000 0.313940 0.941004 0.941004 0.941004
3819.680908 0.000000 2295.576416 0.000000 0.987278 0.000000 0.159007 0.970499 0.970499 0.970499
3827.394043 0.000000 2298.314453 0.000000 0.936871 0.000000 0.349675 0.934005 0.934005 0.934005
3823.452637 0.000000 2295.172852 0.000000 0.943110 0.000000 0.332481 0.937384 0.937384 0.937384
3816.767334 0.000000 2262.150391 0.000000 0.736395 0.000000 0.676551 0.862722 0.862722 0.862722
3835.248779 0.000000 2298.628174 0.000000 0.853705 0.000000 0.520758 0.898808 0.898808 0.898808
3831.541992 0.000000 2292.162354 0.000000 0.769958 0.000000 0.638094 0.873881 0.873881 0.873881
3829.132080 0.000000 2261.454590 0.000000 0.766581 0.000000 0.642148 0.871178 0.871178 0.871178
3823.112549 0.000000 2281.894531 0.000000 0.986130 0.000000 0.165973 0.969195 0.969195 0.969195
3824.939453 0.000000 2270.568604 0.000000 0.788956 0.000000 0.614449 0.755513 0.755513 0.755513
3835.795410 0.000000 2276.617432 0.000000 0.788952 0.000000 0.614455 0.755511 0.755511 0.755511
3840.848145 0.000000 2275.896729 0.000000 0.852316 0.000000 0.523026 0.796634 0.796634 0.796634
3838.602783 0.000000 2278.941162 0.000000 0.856906 0.000000 0.515473 0.833700 0.833700 0.833700
3823.352295 0.000000 2269.579102 0.000000 0.980424 0.000000 0.196899 0.926769 0.926769 0.926769
3832.956299 0.000000 2280.857666 0.000000 0.878145 0.000000 0.478395 0.849313 0.849313 0.849313
3839.258545 0.000000 2273.761475 0.000000 0.979932 0.000000 0.199334 0.925851 0.925851 0.925851
3834.878662 0.000000 2275.206055 0.000000 0.995915 0.000000 0.090295 0.966591 0.966591 0.966591
3824.729980 0.000000 2277.045898 0.000000 0.964466 0.000000 0.264207 0.921231 0.921231 0.921231
3818.843750 0.000000 2270.296875 0.000000 0.953444 0.000000 0.301571 0.915108 0.915108 0.915108
3818.313721 0.000000 2271.972412 0.000000 0.848744 0.000000 0.528804 0.845593 0.845593 0.845593
3819.575439 0.000000 2288.472656 0.000000 0.814039 0.000000 0.580811 0.771019 0.771019 0.771019
3839.804443 0.000000 2272.172119 0.000000 0.969878 0.000000 0.243591 0.909081 0.909081 0.909081
3837.219238 0.000000 2273.983398 0.000000 0.936751 0.000000 0.349995 0.867883 0.867883 0.867883
3827.882080 0.000000 2270.652100 0.000000 0.982564 0.000000 0.185924 0.930901 0.930901 0.930901
3836.412354 0.000000 2278.435303 0.000000 0.916553 0.000000 0.399914 0.847984 0.847984 0.847984
3826.357178 0.000000 2268.132080 0.000000 0.739899 0.000000 0.672718 0.727363 0.727363 0.727363
3817.248535 0.000000 2286.524170 0.000000 0.785006 0.000000 0.619488 0.753148 0.753148 0.753148
3797.781738 0.000000 2347.098145 0.000000 0.818614 0.000000 0.574344 0.972507 0.972507 0.972507
3810.527588 0.000000 2347.989014 0.000000 0.921523 0.000000 0.388325 0.926322 0.926322 0.926322
3800.338623 0.000000 2347.694824 0.000000 0.987525 0.000000 0.157465 0.970788 0.970788 0.970788
3815.191895 0.000000 2351.612549 0.000000 0.820660 0.000000 0.571417 0.887632 0.887632 0.887632
3803.966064 0.000000 2351.249023 0.000000 0.993462 0.000000 0.114161 0.978863 0.978863 0.978863
3815.374756 0.000000 2347.793945 0.000000 0.992973 0.000000 0.118339 0.978086 0.978086 0.978086
3809.704346 0.000000 2357.112061 0.000000 0.884868 0.000000 0.465841 0.956448 0.956448 0.956448
3805.224365 0.000000 2352.636475 0.000000 0.744965 0.000000 0.667104 0.865078 0.865078 0.865078
3801.135986 0.000000 2349.287354 0.000000 0.964541 0.000000 0.263932 0.950655 0.950655 0.950655
3802.127686 0.000000 2339.430908 0.000000 0.877117 0.000000 0.480276 0.948722 0.948722 0.948722
3811.161865 0.000000 2346.346680 0.000000 0.776585 0.000000 0.630012 0.874084 0.874084 0.874084
3800.401611 0.000000 2340.093018 0.000000 0.771645 0.000000 0.636054 0.917389 0.917389 0.917389
3805.614990 0.000000 2356.009033 0.000000 0.811107 0.000000 0.584898 0.943850 0.943850 0.943850
3804.597412 0.000000 2344.157959 0.000000 0.923627 0.000000 0.383293 0.927329 0.927329 0.927329
3803.340088 0.000000 2344.976807 0.000000 0.990190 0.000000 0.139724 0.974102 0.974102 0.974102
3799.189453 0.000000 2346.913086 0.000000 0.980428 0.000000 0.196876 0.963389 0.963389 0.963389
3805.816162 0.000000 2349.925049 0.000000 0.953051 0.000000 0.302809 0.943165 0.943165 0.943165
3800.931396 0.000000 2344.985107 0.000000 0.926725 0.000000 0.375740 0.928837 0.928837 0.928837
3805.966309 0.000000 2345.995850 0.000000 0.993131 0.000000 0.117008 0.978334 0.978334 0.978334
3815.347168 0.000000 2353.072510 0.000000 0.908006 0.000000 0.418957 0.938483 0.938483 0.938483
3814.986572 0.000000 2344.160156 0.000000 0.767980 0.000000 0.640474 0.871581 0.871581 0.871581
3808.586670 0.000000 2342.643555 0.000000 0.989666 0.000000 0.143393 0.973417 0.973417 0.973417
3806.604980 0.000000 2347.769287 0.000000 0.943723 0.000000 0.330738 0.937725 0.937725 0.937725
3806.922852 0.000000 2343.714844 0.000000 0.898403 0.000000 0.439172 0.916001 0.916001 0.916001
3803.965332 0.000000 2350.143311 0.000000 0.963815 0.000000 0.266572 0.950149 0.950149 0.950149
3819.674805 0.000000 2346.412842 0.000000 0.918819 0.000000 0.394679 0.990884 0.990884 0.990884
3819.537598 0.000000 2335.948975 0.000000 0.873023 0.000000 0.487678 0.983466 0.983466 0.983466
3837.191162 0.000000 2330.383789 0.000000 0.994354 0.000000 0.106111 0.980360 0.980360 0.980360
3844.483398 0.000000 2326.539307 0.000000 0.849933 0.000000 0.526890 0.932114 0.932114 0.932114
3843.011230 0.000000 2329.127197 0.000000 0.972778 0.000000 0.231741 0.956794 0.956794 0.956794
3840.165771 0.000000 2306.972656 0.000000 0.961768 0.000000 0.273866 0.982686 0.982686 0.982686
3836.180176 0.000000 2327.829346 0.000000 0.918923 0.000000 0.394436 0.925095 0.925095 0.925095
3831.670410 0.000000 2307.247803 0.000000 0.825363 0.000000 0.564602 0.889162 0.889162 0.889162
3831.766602 0.000000 2328.987305 0.000000 0.991832 0.000000 0.127554 0.952742 0.952742 0.952742
3841.548096 0.000000 2332.313721 0.000000 0.971923 0.000000 0.235300 0.956118 0.956118 0.956118
3825.350342 0.000000 2329.025391 0.000000 0.991099 0.000000 0.133125 0.975333 0.975333 0.975333
3841.399658 0.000000 2325.371582 0.000000 0.949782 0.000000 0.312911 0.941204 0.941204 0.941204
3839.264160 0.000000 2334.147217 0.000000 0.797274 0.000000 0.603617 0.838216 0.838216 0.838216
3840.662598 0.000000 2303.728760 0.000000 0.838846 0.000000 0.544368 0.964072 0.964072 0.964072
3830.993164 0.000000 2311.233154 0.000000 0.974841 0.000000 0.222903 0.958471 0.958471 0.958471
3835.075928 0.000000 2321.243896 0.000000 0.970524 0.000000 0.241003 0.961110 0.961110 0.961110
3823.455566 0.000000 2329.605957 0.000000 0.956134 0.000000 0.292928 0.945078 0.945078 0.945078
3821.483643 0.000000 2346.698486 0.000000 0.941724 0.000000 0.336387 0.936618 0.936618 0.936618
3818.807617 0.000000 2327.494385 0.000000 0.929165 0.000000 0.369666 0.930046 0.930046 0.930046
3817.948486 0.000000 2318.816162 0.000000 0.995460 0.000000 0.095177 0.990957 0.990957 0.990957
3842.291748 0.000000 2339.480713 0.000000 0.994261 0.000000 0.106986 0.992775 0.992775 0.992775
3838.430420 0.000000 2339.918213 0.000000 0.994342 0.000000 0.106230 0.973429 0.973429 0.973429
3829.869629 0.000000 2308.225830 0.000000 0.892305 0.000000 0.451433 0.913471 0.913471 0.913471
3833.372314 0.000000 2329.499756 0.000000 0.993990 0.000000 0.109469 0.964127 0.964127 0.964127
3830.343750 0.000000 2348.447510 0.000000 0.952917 0.000000 0.303232 0.949237 0.949237 0.949237
3820.041504 0.000000 2319.227539 0.000000 0.897397 0.000000 0.441224 0.915579 0.915579 0.915579
3825.934570 0.000000 2332.141113 0.000000 0.862215 0.000000 0.506542 0.846173 0.846173 0.846173
3828.947998 0.000000 2337.411377 0.000000 0.989472 0.000000 0.144726 0.946337 0.946337 0.946337
3822.042969 0.000000 2339.648193 0.000000 0.915293 0.000000 0.402788 0.923412 0.923412 0.923412
3830.895752 0.000000 2339.340820 0.000000 0.949580 0.000000 0.313524 0.882169 0.882169 0.882169
3843.725098 0.000000 2336.895020 0.000000 0.992337 0.000000 0.123560 0.977115 0.977115 0.977115
3817.120850 0.000000 2345.018066 0.000000 0.841670 0.000000 0.539992 0.923099 0.923099 0.923099
3829.196045 0.000000 2340.572021 0.000000 0.839499 0.000000 0.543361 0.886706 0.886706 0.886706
3829.683350 0.000000 2345.893799 0.000000 0.800787 0.000000 0.598949 0.881359 0.881359 0.881359
3834.185303 0.000000 2324.563477 0.000000 0.989159 0.000000 0.146845 0.959895 0.959895 0.959895
3833.751709 0.000000 2326.164795 0.000000 0.921861 0.000000 0.387520 0.852965 0.852965 0.852965
3830.501953 0.000000 2306.173584 0.000000 0.994356 0.000000 0.106095 0.980363 0.980363 0.980363
3839.554443 0.000000 2329.171875 0.000000 0.950545 0.000000 0.310586 0.941656 0.941656 0.941656
3843.939697 0.000000 2327.985840 0.000000 0.741296 0.000000 0.671179 0.864065 0.864065 0.864065
3817.651855 0.000000 2324.337891 0.000000 0.873394 0.000000 0.487014 0.941584 0.941584 0.941584
3829.335449 0.000000 2316.116699 0.000000 0.992664 0.000000 0.120902 0.977609 0.977609 0.977609
3832.143555 0.000000 2303.662109 0.000000 0.950882 0.000000 0.309552 0.941857 0.941857 0.941857
3820.267090 0.000000 2320.641602 0.000000 0.915212 0.000000 0.402972 0.923375 0.923375 0.923375
3835.730957 0.000000 2340.376709 0.000000 0.935874 0.000000 0.352336 0.866960 0.866960 0.866960
3833.102051 0.000000 2318.610107 0.000000 0.967735 0.000000 0.251969 0.958030 0.958030 0.958030
3825.585938 0.000000 2325.273438 0.000000 0.841720 0.000000 0.539914 0.894634 0.894634 0.894634
3831.894531 0.000000 2337.691406 0.000000 0.878520 0.000000 0.477706 0.815979 0.815979 0.815979
3830.093262 0.000000 2318.784424 0.000000 0.987527 0.000000 0.157453 0.970790 0.970790 0.970790
3823.593994 0.000000 2309.356201 0.000000 0.845236 0.000000 0.534394 0.911326 0.911326 0.911326
3831.333984 0.000000 2345.559814 0.000000 0.776955 0.000000 0.629556 0.874192 0.874192 0.874192
3831.907715 0.000000 2327.675781 0.000000 0.965335 0.000000 0.261016 0.902427 0.902427 0.902427
3824.081543 0.000000 2307.870605 0.000000 0.964006 0.000000 0.265881 0.950282 0.950282 0.950282
3820.504883 0.000000 2323.277832 0.000000 0.919426 0.000000 0.393263 0.925330 0.925330 0.925330
3825.790771 0.000000 2336.992920 0.000000 0.994291 0.000000 0.106706 0.980249 0.980249 0.980249
3836.006592 0.000000 2322.830566 0.000000 0.992248 0.000000 0.124275 0.976981 0.976981 0.976981
3820.772705 0.000000 2338.453613 0.000000 0.797638 0.000000 0.603136 0.880391 0.880391 0.880391
3822.115723 0.000000 2314.358154 0.000000 0.759782 0.000000 0.650178 0.892207 0.892207 0.892207
3827.170166 0.000000 2314.579346 0.000000 0.953804 0.000000 0.300431 0.953530 0.953530 0.953530
3833.067139 0.000000 2344.061035 0.000000 0.960931 0.000000 0.276788 0.948188 0.948188 0.948188
3841.672607 0.000000 2335.664795 0.000000 0.951991 0.000000 0.306126 0.942522 0.942522 0.942522
3833.676758 0.000000 2320.609375 0.000000 0.993274 0.000000 0.115784 0.970160 0.970160 0.970160
3838.087402 0.000000 2333.587158 0.000000 0.984822 0.000000 0.173566 0.967771 0.967771 0.967771
3825.541260 0.000000 2330.461670 0.000000 0.985790 0.000000 0.167981 0.946065 0.946065 0.946065
3829.277832 0.000000 2332.959229 0.000000 0.828374 0.000000 0.560175 0.717956 0.717956 0.717956
3839.356689 0.000000 2339.139893 0.000000 0.916758 0.000000 0.399442 0.897415 0.897415 0.897415
3842.672607 0.000000 2332.658447 0.000000 0.780857 0.000000 0.624710 0.875342 0.875342 0.875342
3839.278076 0.000000 2335.358643 0.000000 0.880675 0.000000 0.473720 0.876793 0.876793 0.876793
3824.040283 0.000000 2322.155762 0.000000 0.830908 0.000000 0.556409 0.890990 0.890990 0.890990
3833.602539 0.000000 2339.647705 0.000000 0.910589 0.000000 0.413314 0.842564 0.842564 0.842564
3838.097412 0.000000 2329.598389 0.000000 0.964307 0.000000 0.264787 0.950492 0.950492 0.950492
3842.305176 0.000000 2333.728760 0.000000 0.935463 0.000000 0.353424 0.933265 0.933265 0.933265
3840.244873 0.000000 2334.768311 0.000000 0.914557 0.000000 0.404456 0.923075 0.923075 0.923075
3831.037354 0.000000 2304.054199 0.000000 0.910706 0.000000 0.413055 0.921335 0.921335 0.921335
3826.641602 0.000000 2335.295654 0.000000 0.921805 0.000000 0.387655 0.874776 0.874776 0.874776
3843.403809 0.000000 2326.895264 0.000000 0.806981 0.000000 0.590577 0.883283 0.883283 0.883283
3826.025391 0.000000 2308.571045 0.000000 0.962092 0.000000 0.272726 0.948969 0.948969 0.948969
3832.363037 0.000000 2329.961426 0.000000 0.903255 0.000000 0.429103 0.854954 0.854954 0.854954
3826.037598 0.000000 2323.469482 0.000000 0.947430 0.000000 0.319964 0.939830 0.939830 0.939830
3835.108154 0.000000 2307.771729 0.000000 0.869763 0.000000 0.493470 0.904658 0.904658 0.904658
3836.223145 0.000000 2329.903076 0.000000 0.962678 0.000000 0.270651 0.949367 0.949367 0.949367
3830.396240 0.000000 2304.980713 0.000000 0.883346 0.000000 0.468722 0.909873 0.909873 0.909873
3830.093750 0.000000 2307.158203 0.000000 0.992825 0.000000 0.119578 0.977856 0.977856 0.977856
3818.243164 0.000000 2340.690918 0.000000 0.956542 0.000000 0.291594 0.945335 0.945335 0.945335
3832.511475 0.000000 2321.747559 0.000000 0.862852 0.000000 0.505456 0.863736 0.863736 0.863736
3828.190186 0.000000 2339.825928 0.000000 0.753966 0.000000 0.656913 0.770967 0.770967 0.770967
3830.270020 0.000000 2323.703125 0.000000 0.932649 0.000000 0.360786 0.891263 0.891263 0.891263
3837.244873 0.000000 2340.365723 0.000000 0.761038 0.000000 0.648708 0.739183 0.739183 0.739183
3830.276367 0.000000 2327.494873 0.000000 0.910713 0.000000 0.413039 0.842676 0.842676 0.842676
3834.723145 0.000000 2341.930420 0.000000 0.934019 0.000000 0.357223 0.865028 0.865028 0.865028
3838.073242 0.000000 2341.849121 0.000000 0.846737 0.000000 0.532011 0.859950 0.859950 0.859950
3831.923340 0.000000 2334.434570 0.000000 0.948481 0.000000 0.316835 0.880880 0.880880 0.880880
3830.891602 0.000000 2329.336182 0.000000 0.873830 0.000000 0.486232 0.812384 0.812384 0.812384
3826.381348 0.000000 2331.391357 0.000000 0.925032 0.000000 0.379890 0.807376 0.807376 0.807376
3829.881836 0.000000 2332.128906 0.000000 0.784833 0.000000 0.619707 0.682963 0.682963 0.682963
3834.277832 0.000000 2340.168701 0.000000 0.940194 0.000000 0.340639 0.871567 0.871567 0.871567
3830.019043 0.000000 2330.331299 0.000000 0.792214 0.000000 0.610243 0.667353 0.667353 0.667353
3832.058594 0.000000 2325.641602 0.000000 0.772165 0.000000 0.635422 0.745586 0.745586 0.745586
3826.305664 0.000000 2336.191895 0.000000 0.860657 0.000000 0.509185 0.831947 0.831947 0.831947
3831.643066 0.000000 2338.940918 0.000000 0.875635 0.000000 0.482974 0.813760 0.813760 0.813760
3831.557129 0.000000 2326.294922 0.000000 0.933237 0.000000 0.359260 0.864222 0.864222 0.864222
3826.262939 0.000000 2332.889160 0.000000 0.990482 0.000000 0.137640 0.942087 0.942087 0.942087
3836.579346 0.000000 2338.632080 0.000000 0.852665 0.000000 0.522457 0.796881 0.796881 0.796881
"}
object={
	name="cactus_cholla_01_generator_1_2"
	render_pass=Map
	clamp_to_water_level=no
	generated_content=yes
	layer="grass_layer"
	pdxmesh="cactus_cholla_01_tall_grass_mesh"
	count=694
	transform="3783.718506 0.000000 2270.676025 0.000000 0.999690 0.000000 0.024883 0.995403 0.995403 0.995403
3778.726074 0.000000 2279.895020 0.000000 0.027414 0.000000 -0.999624 1.285131 1.285131 1.285131
3797.786865 0.000000 2269.578369 0.000000 0.997698 0.000000 -0.067811 1.005930 1.005930 1.005930
3784.844727 0.000000 2285.674072 0.000000 0.875703 0.000000 -0.482851 1.036483 1.036483 1.036483
3794.119873 0.000000 2277.535156 0.000000 0.811875 0.000000 -0.583832 1.115177 1.115177 1.115177
3787.031982 0.000000 2281.112305 0.000000 0.802570 0.000000 -0.596558 1.118090 1.118090 1.118090
3781.346436 0.000000 2273.830811 0.000000 0.385684 0.000000 -0.922631 1.217047 1.217047 1.217047
3809.398682 0.000000 2284.029297 0.000000 0.770550 0.000000 -0.637380 1.177711 1.177711 1.177711
3787.793701 0.000000 2276.020020 0.000000 0.726999 0.000000 -0.686638 1.139825 1.139825 1.139825
3808.841064 0.000000 2287.310059 0.000000 0.885357 0.000000 -0.464911 1.123131 1.123131 1.123131
3790.520996 0.000000 2281.888184 0.000000 0.954461 0.000000 -0.298334 1.055968 1.055968 1.055968
3779.272949 0.000000 2282.876953 0.000000 0.007283 0.000000 -0.999973 1.175652 1.175652 1.175652
3789.692139 0.000000 2269.831787 0.000000 0.999622 0.000000 -0.027489 1.005079 1.005079 1.005079
3775.204346 0.000000 2277.542725 0.000000 0.995513 0.000000 -0.094627 1.010647 1.010647 1.010647
3780.813477 0.000000 2270.471191 0.000000 0.124517 0.000000 -0.992217 1.267132 1.267132 1.267132
3811.117432 0.000000 2278.564941 0.000000 0.928493 0.000000 -0.371350 1.070288 1.070288 1.070288
3775.322510 0.000000 2270.709961 0.000000 0.997668 0.000000 -0.068248 1.007673 1.007673 1.007673
3782.396973 0.000000 2268.375488 0.000000 0.999332 0.000000 0.036555 0.993245 0.993245 0.993245
3776.663086 0.000000 2281.590332 0.000000 0.988908 0.000000 -0.148527 1.016748 1.016748 1.016748
3796.832520 0.000000 2277.835693 0.000000 0.999861 0.000000 -0.016680 1.003082 1.003082 1.003082
3794.414551 0.000000 2285.908691 0.000000 0.693990 0.000000 -0.719985 1.042140 1.042140 1.042140
3815.129639 0.000000 2275.455811 0.000000 0.896379 0.000000 -0.443289 1.084846 1.084846 1.084846
3791.572266 0.000000 2284.939941 0.000000 0.996661 0.000000 0.081647 0.993674 0.993674 0.993674
3795.773193 0.000000 2271.211426 0.000000 0.371220 0.000000 -0.928545 1.219934 1.219934 1.219934
3806.913086 0.000000 2282.648682 0.000000 0.212551 0.000000 -0.977150 1.064350 1.064350 1.064350
3787.030762 0.000000 2278.334961 0.000000 0.492823 0.000000 -0.870129 1.194991 1.194991 1.194991
3812.007080 0.000000 2283.926270 0.000000 0.593628 0.000000 -0.804740 1.249830 1.249830 1.249830
3811.481689 0.000000 2288.648438 0.000000 0.995580 0.000000 -0.093917 1.025125 1.025125 1.025125
3781.261475 0.000000 2279.809814 0.000000 0.158390 0.000000 -0.987377 1.260811 1.260811 1.260811
3799.266846 0.000000 2278.795654 0.000000 0.933953 0.000000 -0.357397 1.051096 1.051096 1.051096
3795.520020 0.000000 2281.909424 0.000000 0.147613 0.000000 -0.989045 1.262825 1.262825 1.262825
3783.674072 0.000000 2273.828125 0.000000 0.999704 0.000000 -0.024349 1.004499 1.004499 1.004499
3791.572510 0.000000 2272.166016 0.000000 0.988395 0.000000 -0.151904 1.028173 1.028173 1.028173
3806.218018 0.000000 2286.951904 0.000000 0.998150 0.000000 -0.060797 1.005164 1.005164 1.005164
3794.632324 0.000000 2275.265381 0.000000 0.916932 0.000000 -0.399043 1.075833 1.075833 1.075833
3812.331543 0.000000 2297.044434 0.000000 0.720351 0.000000 -0.693609 1.141604 1.141604 1.141604
3782.985840 0.000000 2278.086182 0.000000 0.584519 0.000000 -0.811380 1.174862 1.174862 1.174862
3798.323242 0.000000 2274.418457 0.000000 0.629490 0.000000 -0.777009 1.124414 1.124414 1.124414
3791.714111 0.000000 2269.090088 0.000000 0.006518 0.000000 -0.999979 1.288992 1.288992 1.288992
3811.538086 0.000000 2301.690674 0.000000 0.927752 0.000000 -0.373196 1.041057 1.041057 1.041057
3807.960205 0.000000 2289.334229 0.000000 0.999097 0.000000 0.042483 0.993104 0.993104 0.993104
3789.002930 0.000000 2280.463135 0.000000 0.646733 0.000000 -0.762717 1.160267 1.160267 1.160267
3795.754150 0.000000 2284.158447 0.000000 0.643857 0.000000 -0.765146 1.045678 1.045678 1.045678
3797.766602 0.000000 2271.794434 0.000000 0.738577 0.000000 -0.674169 1.123752 1.123752 1.123752
3810.581055 0.000000 2285.727295 0.000000 0.878853 0.000000 -0.477093 1.177555 1.177555 1.177555
3779.873535 0.000000 2275.443848 0.000000 0.988678 0.000000 -0.150056 1.027827 1.027827 1.027827
3782.153809 0.000000 2271.978516 0.000000 0.790956 0.000000 -0.611872 1.121641 1.121641 1.121641
3796.617920 0.000000 2275.702637 0.000000 0.974956 0.000000 -0.222397 1.041433 1.041433 1.041433
3788.899170 0.000000 2267.844482 0.000000 0.489797 0.000000 -0.871837 1.166553 1.166553 1.166553
3785.659912 0.000000 2269.993652 0.000000 0.117475 0.000000 -0.993076 1.268443 1.268443 1.268443
3812.058105 0.000000 2290.584717 0.000000 0.977441 0.000000 -0.211211 1.039316 1.039316 1.039316
3808.980957 0.000000 2294.846436 0.000000 0.740548 0.000000 -0.672004 1.136140 1.136140 1.136140
3786.062744 0.000000 2275.150391 0.000000 0.976300 0.000000 -0.216421 1.040301 1.040301 1.040301
3787.734863 0.000000 2274.010254 0.000000 0.963386 0.000000 -0.268119 1.050147 1.050147 1.050147
3779.108398 0.000000 2269.543945 0.000000 0.386123 0.000000 -0.922447 1.216959 1.216959 1.216959
3778.461182 0.000000 2266.231445 0.000000 0.254833 0.000000 -0.966985 1.147522 1.147522 1.147522
3799.459229 0.000000 2270.855713 0.000000 0.943819 0.000000 -0.330462 1.029429 1.029429 1.029429
3814.645020 0.000000 2277.253174 0.000000 0.998964 0.000000 -0.045518 1.008412 1.008412 1.008412
3809.138184 0.000000 2292.203613 0.000000 0.892731 0.000000 -0.450590 1.086354 1.086354 1.086354
3813.029541 0.000000 2302.873779 0.000000 0.274526 0.000000 -0.961580 1.138773 1.138773 1.138773
3815.277588 0.000000 2299.692383 0.000000 0.817422 0.000000 -0.576039 1.113410 1.113410 1.113410
3784.812500 0.000000 2281.332031 0.000000 0.375682 0.000000 -0.926749 1.219045 1.219045 1.219045
3779.087891 0.000000 2277.181152 0.000000 0.368989 0.000000 -0.929434 1.220377 1.220377 1.220377
3808.920410 0.000000 2297.682617 0.000000 0.304118 0.000000 -0.952634 1.220507 1.220507 1.220507
3792.572510 0.000000 2267.164795 0.000000 0.673187 0.000000 -0.739472 1.095581 1.095581 1.095581
3780.286133 0.000000 2272.339844 0.000000 0.805678 0.000000 -0.592353 1.117124 1.117124 1.117124
3814.898438 0.000000 2296.197021 0.000000 0.027354 0.000000 -0.999626 1.285142 1.285142 1.285142
3781.678955 0.000000 2266.663086 0.000000 0.790268 0.000000 -0.612762 1.121848 1.121848 1.121848
3793.042480 0.000000 2276.124023 0.000000 0.227593 0.000000 -0.973756 1.247778 1.247778 1.247778
3784.476562 0.000000 2272.232666 0.000000 0.285122 0.000000 -0.958491 1.236780 1.236780 1.236780
3779.919678 0.000000 2278.718750 0.000000 0.856500 0.000000 -0.516146 1.100195 1.100195 1.100195
3810.594971 0.000000 2287.318848 0.000000 0.492615 0.000000 -0.870247 1.390071 1.390071 1.390071
3794.376953 0.000000 2266.156738 0.000000 0.713611 0.000000 -0.700542 1.067820 1.067820 1.067820
3795.591797 0.000000 2276.902344 0.000000 0.924456 0.000000 -0.381289 1.072270 1.072270 1.072270
3813.229248 0.000000 2277.956299 0.000000 0.433130 0.000000 -0.901332 1.207438 1.207438 1.207438
3777.526123 0.000000 2272.843750 0.000000 0.567461 0.000000 -0.823401 1.178718 1.178718 1.178718
3776.804688 0.000000 2270.128906 0.000000 0.558424 0.000000 -0.829556 1.180738 1.180738 1.180738
3778.358643 0.000000 2281.581055 0.000000 0.845304 0.000000 -0.534285 1.104133 1.104133 1.104133
3789.161377 0.000000 2271.256836 0.000000 0.623096 0.000000 -0.782146 1.165919 1.165919 1.165919
3814.950439 0.000000 2301.675293 0.000000 0.821361 0.000000 -0.570408 1.112140 1.112140 1.112140
3782.291748 0.000000 2270.076416 0.000000 0.546091 0.000000 -0.837726 1.183471 1.183471 1.183471
3785.923584 0.000000 2271.663330 0.000000 0.432515 0.000000 -0.901627 1.207564 1.207564 1.207564
3786.771240 0.000000 2282.846191 0.000000 0.888761 0.000000 -0.458371 1.087968 1.087968 1.087968
3776.542480 0.000000 2274.670654 0.000000 0.943081 0.000000 -0.332564 1.062632 1.062632 1.062632
3809.120361 0.000000 2285.739746 0.000000 0.889377 0.000000 -0.457174 1.122096 1.122096 1.122096
3786.462646 0.000000 2276.664062 0.000000 0.957057 0.000000 -0.289901 1.054338 1.054338 1.054338
3797.814697 0.000000 2278.953857 0.000000 0.056295 0.000000 -0.998414 1.279790 1.279790 1.279790
3812.320068 0.000000 2293.702637 0.000000 0.653561 0.000000 -0.756874 1.158606 1.158606 1.158606
3781.592041 0.000000 2281.219482 0.000000 0.738840 0.000000 -0.673881 1.136609 1.136609 1.136609
3789.766113 0.000000 2266.008789 0.000000 0.999986 0.000000 0.005326 0.999162 0.999162 0.999162
3812.007812 0.000000 2300.254395 0.000000 0.994268 0.000000 -0.106914 1.019790 1.019790 1.019790
3812.928711 0.000000 2288.683838 0.000000 0.086026 0.000000 -0.996293 1.548567 1.548567 1.548567
3793.208008 0.000000 2269.069092 0.000000 0.472518 0.000000 -0.881321 1.199275 1.199275 1.199275
3778.551758 0.000000 2267.767090 0.000000 0.735423 0.000000 -0.677609 1.083641 1.083641 1.083641
3779.478271 0.000000 2271.001953 0.000000 0.584016 0.000000 -0.811742 1.174977 1.174977 1.174977
3783.531494 0.000000 2269.225586 0.000000 0.505880 0.000000 -0.862604 1.192207 1.192207 1.192207
3777.397949 0.000000 2280.377930 0.000000 0.217331 0.000000 -0.976098 1.151858 1.151858 1.151858
3813.553223 0.000000 2296.368164 0.000000 0.638166 0.000000 -0.769899 1.162332 1.162332 1.162332
3784.023682 0.000000 2282.518799 0.000000 0.652562 0.000000 -0.757735 1.158850 1.158850 1.158850
3793.679199 0.000000 2274.111816 0.000000 0.195600 0.000000 -0.980684 1.253826 1.253826 1.253826
3784.740479 0.000000 2274.652344 0.000000 0.727212 0.000000 -0.686413 1.139768 1.139768 1.139768
3792.599609 0.000000 2273.163818 0.000000 0.330557 0.000000 -0.943786 1.227957 1.227957 1.227957
3792.942139 0.000000 2271.834717 0.000000 0.761751 0.000000 -0.647869 1.130205 1.130205 1.130205
3794.832275 0.000000 2283.177490 0.000000 0.892832 0.000000 -0.450390 1.073483 1.073483 1.073483
3791.728516 0.000000 2278.983154 0.000000 0.219135 0.000000 -0.975695 1.249381 1.249381 1.249381
3790.225586 0.000000 2277.403809 0.000000 0.988935 0.000000 -0.148351 1.027509 1.027509 1.027509
3810.695312 0.000000 2283.626465 0.000000 0.638879 0.000000 -0.769307 1.225710 1.225710 1.225710
3813.597412 0.000000 2291.190918 0.000000 0.917555 0.000000 -0.397609 1.075544 1.075544 1.075544
3813.821533 0.000000 2275.616699 0.000000 0.830449 0.000000 -0.557094 1.109162 1.109162 1.109162
3798.604004 0.000000 2277.655518 0.000000 0.252363 0.000000 -0.967633 1.183940 1.183940 1.183940
3815.174561 0.000000 2271.579346 0.000000 0.984412 0.000000 -0.175878 1.027366 1.027366 1.027366
3814.912842 0.000000 2274.099609 0.000000 0.980279 0.000000 -0.197619 1.036751 1.036751 1.036751
3788.316895 0.000000 2281.559082 0.000000 0.839961 0.000000 -0.542647 1.105967 1.105967 1.105967
3795.955566 0.000000 2280.664307 0.000000 0.543020 0.000000 -0.839720 1.184147 1.184147 1.184147
3777.757568 0.000000 2274.223877 0.000000 0.971672 0.000000 -0.236334 1.044078 1.044078 1.044078
3790.308594 0.000000 2271.864746 0.000000 0.260001 0.000000 -0.965608 1.241604 1.241604 1.241604
3780.072510 0.000000 2274.128906 0.000000 0.142564 0.000000 -0.989786 1.263768 1.263768 1.263768
3785.724854 0.000000 2267.316650 0.000000 0.631723 0.000000 -0.775194 1.163872 1.163872 1.163872
3813.359863 0.000000 2283.874756 0.000000 0.314214 0.000000 -0.949352 1.334225 1.334225 1.334225
3783.509033 0.000000 2275.254395 0.000000 0.147227 0.000000 -0.989103 1.262897 1.262897 1.262897
3796.584961 0.000000 2279.171631 0.000000 0.575453 0.000000 -0.817835 1.176918 1.176918 1.176918
3796.597412 0.000000 2272.258545 0.000000 0.009177 0.000000 -0.999958 1.288501 1.288501 1.288501
3780.803955 0.000000 2283.840332 0.000000 0.999995 0.000000 -0.003287 1.000607 1.000607 1.000607
3789.590088 0.000000 2282.733154 0.000000 0.924340 0.000000 -0.381571 1.072327 1.072327 1.072327
3783.256104 0.000000 2276.869873 0.000000 0.999971 0.000000 -0.007572 1.001399 1.001399 1.001399
3812.543945 0.000000 2273.362061 0.000000 0.659583 0.000000 -0.751632 1.131650 1.131650 1.131650
3794.948975 0.000000 2273.923340 0.000000 0.984948 0.000000 -0.172853 1.032095 1.032095 1.032095
3776.210938 0.000000 2278.300049 0.000000 0.671015 0.000000 -0.741444 1.154302 1.154302 1.154302
3782.566406 0.000000 2273.199707 0.000000 0.393635 0.000000 -0.919267 1.215452 1.215452 1.215452
3810.959961 0.000000 2289.782471 0.000000 0.762344 0.000000 -0.647172 1.188025 1.188025 1.188025
3785.918457 0.000000 2281.844238 0.000000 0.540544 0.000000 -0.841316 1.184691 1.184691 1.184691
3777.641357 0.000000 2279.183105 0.000000 0.233241 0.000000 -0.972419 1.246705 1.246705 1.246705
3811.633057 0.000000 2282.703125 0.000000 0.087637 0.000000 -0.996153 1.381357 1.381357 1.381357
3790.701172 0.000000 2273.036133 0.000000 0.951033 0.000000 -0.309091 1.058053 1.058053 1.058053
3797.066895 0.000000 2274.556641 0.000000 0.563526 0.000000 -0.826098 1.179599 1.179599 1.179599
3784.141602 0.000000 2277.703125 0.000000 0.290986 0.000000 -0.956727 1.235649 1.235649 1.235649
3781.113037 0.000000 2267.783203 0.000000 0.528071 0.000000 -0.849200 1.187418 1.187418 1.187418
3779.016357 0.000000 2272.179932 0.000000 0.245002 0.000000 -0.969523 1.244468 1.244468 1.244468
3782.061279 0.000000 2276.939453 0.000000 0.852055 0.000000 -0.523452 1.101775 1.101775 1.101775
3794.039551 0.000000 2279.562744 0.000000 0.632956 0.000000 -0.774188 1.163579 1.163579 1.163579
3782.126953 0.000000 2283.717773 0.000000 0.943420 0.000000 -0.331602 1.062444 1.062444 1.062444
3811.625732 0.000000 2285.090088 0.000000 0.825112 0.000000 -0.564969 1.214345 1.214345 1.214345
3788.284180 0.000000 2266.838867 0.000000 0.980360 0.000000 -0.197215 1.031223 1.031223 1.031223
3814.116943 0.000000 2299.975830 0.000000 0.879959 0.000000 -0.475050 1.091452 1.091452 1.091452
3807.323486 0.000000 2295.669678 0.000000 0.987052 0.000000 -0.160400 1.026142 1.026142 1.026142
3797.898438 0.000000 2275.515137 0.000000 0.990839 0.000000 -0.135048 1.025026 1.025026 1.025026
3812.065430 0.000000 2277.613281 0.000000 0.588660 0.000000 -0.808381 1.173918 1.173918 1.173918
3784.820312 0.000000 2273.482422 0.000000 0.381803 0.000000 -0.924244 1.217823 1.217823 1.217823
3811.463135 0.000000 2296.218262 0.000000 0.165194 0.000000 -0.986261 1.259537 1.259537 1.259537
3814.985352 0.000000 2280.343994 0.000000 0.989591 0.000000 -0.143910 1.026679 1.026679 1.026679
3812.583496 0.000000 2295.649414 0.000000 0.870524 0.000000 -0.492126 1.095057 1.095057 1.095057
3794.473389 0.000000 2276.409668 0.000000 0.998132 0.000000 -0.061093 1.011294 1.011294 1.011294
3814.453613 0.000000 2288.870117 0.000000 0.971979 0.000000 -0.235069 1.087676 1.087676 1.087676
3783.295166 0.000000 2272.177490 0.000000 0.372030 0.000000 -0.928221 1.219772 1.219772 1.219772
3814.137207 0.000000 2302.531738 0.000000 0.796497 0.000000 -0.604642 1.119958 1.119958 1.119958
3812.715332 0.000000 2301.786621 0.000000 0.061589 0.000000 -0.998102 1.278811 1.278811 1.278811
3780.142578 0.000000 2279.879395 0.000000 0.148352 0.000000 -0.988935 1.262687 1.262687 1.262687
3785.959473 0.000000 2278.671143 0.000000 0.382765 0.000000 -0.923846 1.217631 1.217631 1.217631
3811.736816 0.000000 2292.711426 0.000000 0.952161 0.000000 -0.305597 1.057375 1.057375 1.057375
3794.781250 0.000000 2280.595703 0.000000 0.999380 0.000000 -0.035216 1.006507 1.006507 1.006507
3787.245850 0.000000 2275.023438 0.000000 0.312322 0.000000 -0.949976 1.231514 1.231514 1.231514
3792.226318 0.000000 2270.950928 0.000000 0.093675 0.000000 -0.995603 1.272865 1.272865 1.272865
3782.688477 0.000000 2282.735596 0.000000 0.942671 0.000000 -0.333725 1.062860 1.062860 1.062860
3787.836670 0.000000 2280.317383 0.000000 0.312893 0.000000 -0.949788 1.231403 1.231403 1.231403
3788.409424 0.000000 2270.416016 0.000000 0.782391 0.000000 -0.622787 1.124204 1.124204 1.124204
3784.079346 0.000000 2280.498047 0.000000 0.898905 0.000000 -0.438145 1.083788 1.083788 1.083788
3781.330078 0.000000 2272.728760 0.000000 0.992644 0.000000 -0.121068 1.022422 1.022422 1.022422
3791.238525 0.000000 2276.818115 0.000000 0.595840 0.000000 -0.803103 1.172272 1.172272 1.172272
3779.625488 0.000000 2268.574219 0.000000 0.963822 0.000000 -0.266546 1.049845 1.049845 1.049845
3812.845947 0.000000 2289.789062 0.000000 0.689281 0.000000 -0.724494 1.299397 1.299397 1.299397
3809.409180 0.000000 2282.014160 0.000000 0.941170 0.000000 -0.337934 1.063685 1.063685 1.063685
3780.366699 0.000000 2282.281250 0.000000 0.041816 0.000000 -0.999125 1.282468 1.282468 1.282468
3813.913574 0.000000 2279.901367 0.000000 0.400187 0.000000 -0.916433 1.214133 1.214133 1.214133
3783.732178 0.000000 2278.875000 0.000000 0.583949 0.000000 -0.811791 1.174992 1.174992 1.174992
3808.592285 0.000000 2288.401367 0.000000 0.872298 0.000000 -0.488974 1.100766 1.100766 1.100766
3811.432617 0.000000 2286.457520 0.000000 0.595971 0.000000 -0.803006 1.344483 1.344483 1.344483
3813.354492 0.000000 2293.367432 0.000000 0.846003 0.000000 -0.533178 1.103892 1.103892 1.103892
3789.271240 0.000000 2279.393311 0.000000 0.127711 0.000000 -0.991811 1.266538 1.266538 1.266538
3791.029297 0.000000 2278.124268 0.000000 0.612204 0.000000 -0.790700 1.168478 1.168478 1.168478
3809.869385 0.000000 2286.542725 0.000000 0.866497 0.000000 -0.499182 1.133093 1.133093 1.133093
3813.080078 0.000000 2287.322021 0.000000 0.514141 0.000000 -0.857706 1.380866 1.380866 1.380866
3809.019043 0.000000 2289.768066 0.000000 0.155101 0.000000 -0.987899 1.279090 1.279090 1.279090
3815.201904 0.000000 2285.163330 0.000000 0.151715 0.000000 -0.988424 1.524118 1.524118 1.524118
3815.099121 0.000000 2288.293701 0.000000 0.022034 0.000000 -0.999757 1.572250 1.572250 1.572250
3813.641602 0.000000 2289.121826 0.000000 0.999232 0.000000 -0.039192 1.014485 1.014485 1.014485
3842.139160 0.000000 2281.289795 0.000000 0.044427 0.000000 -0.999013 1.034296 1.034296 1.034296
3826.805908 0.000000 2288.409180 0.000000 0.618733 0.000000 -0.785601 1.018048 1.018048 1.018048
3815.617188 0.000000 2275.440186 0.000000 0.233362 0.000000 -0.972390 1.246683 1.246683 1.246683
3815.611816 0.000000 2266.231201 0.000000 0.776524 0.000000 -0.630088 1.032334 1.032334 1.032334
3843.987061 0.000000 2279.681641 0.000000 0.460489 0.000000 -0.887666 1.073625 1.073625 1.073625
3831.774170 0.000000 2295.478027 0.000000 0.537309 0.000000 -0.843386 1.185401 1.185401 1.185401
3817.686523 0.000000 2267.365234 0.000000 0.999825 0.000000 0.018724 0.996541 0.996541 0.996541
3819.372070 0.000000 2276.694824 0.000000 0.916192 0.000000 -0.400739 1.076174 1.076174 1.076174
3843.199219 0.000000 2272.213623 0.000000 0.329755 0.000000 -0.944067 1.083231 1.083231 1.083231
3832.735596 0.000000 2282.239258 0.000000 0.112162 0.000000 -0.993690 1.269431 1.269431 1.269431
3822.643066 0.000000 2292.621094 0.000000 0.996953 0.000000 -0.077999 1.014425 1.014425 1.014425
3840.012939 0.000000 2302.245361 0.000000 0.588665 0.000000 -0.808377 1.058756 1.058756 1.058756
3818.592285 0.000000 2281.929932 0.000000 0.088701 0.000000 -0.996058 1.273787 1.273787 1.273787
3818.721191 0.000000 2294.932861 0.000000 0.999787 0.000000 0.020652 0.996184 0.996184 0.996184
3835.235840 0.000000 2297.503662 0.000000 0.655960 0.000000 -0.754796 1.158020 1.158020 1.158020
3825.401611 0.000000 2292.031250 0.000000 0.565979 0.000000 -0.824420 1.179050 1.179050 1.179050
3833.059082 0.000000 2300.222900 0.000000 0.376192 0.000000 -0.926542 1.218943 1.218943 1.218943
3827.930420 0.000000 2283.053711 0.000000 0.982665 0.000000 -0.185389 1.034449 1.034449 1.034449
3829.487061 0.000000 2258.507812 0.000000 0.189915 0.000000 -0.981801 1.254896 1.254896 1.254896
3816.210449 0.000000 2263.146484 0.000000 0.696100 0.000000 -0.717944 1.147952 1.147952 1.147952
3815.619141 0.000000 2297.760254 0.000000 0.237418 0.000000 -0.971407 1.245911 1.245911 1.245911
3826.204102 0.000000 2302.444580 0.000000 0.989684 0.000000 -0.143271 1.026560 1.026560 1.026560
3817.468506 0.000000 2259.064941 0.000000 0.418245 0.000000 -0.908334 1.173501 1.173501 1.173501
3825.624268 0.000000 2260.639404 0.000000 0.224996 0.000000 -0.974360 1.248270 1.248270 1.248270
3821.544678 0.000000 2297.755127 0.000000 0.819324 0.000000 -0.573330 1.112798 1.112798 1.112798
3824.382324 0.000000 2256.959717 0.000000 0.885234 0.000000 -0.465147 1.089379 1.089379 1.089379
3834.317383 0.000000 2295.818115 0.000000 0.182395 0.000000 -0.983225 1.242455 1.242455 1.242455
3836.522705 0.000000 2283.341064 0.000000 0.861614 0.000000 -0.507565 1.098350 1.098350 1.098350
3827.867188 0.000000 2261.635498 0.000000 0.831744 0.000000 -0.555160 1.108732 1.108732 1.108732
3822.949951 0.000000 2279.056885 0.000000 0.116745 0.000000 -0.993162 1.268579 1.268579 1.268579
3829.114258 0.000000 2298.533447 0.000000 0.959450 0.000000 -0.281880 1.052791 1.052791 1.052791
3818.305176 0.000000 2297.595703 0.000000 0.999985 0.000000 0.005396 0.999003 0.999003 0.999003
3826.160156 0.000000 2258.496338 0.000000 0.903101 0.000000 -0.429429 1.082001 1.082001 1.082001
3827.811768 0.000000 2257.660400 0.000000 0.774045 0.000000 -0.633130 1.126659 1.126659 1.126659
3832.574707 0.000000 2292.552979 0.000000 0.237587 0.000000 -0.971366 1.129585 1.129585 1.129585
3820.264648 0.000000 2301.468018 0.000000 0.256198 0.000000 -0.966624 1.242331 1.242331 1.242331
3822.366699 0.000000 2282.674316 0.000000 0.672769 0.000000 -0.739852 1.153865 1.153865 1.153865
3825.835693 0.000000 2298.972656 0.000000 0.663371 0.000000 -0.748291 1.156198 1.156198 1.156198
3835.228271 0.000000 2261.319824 0.000000 0.999937 0.000000 0.011181 0.998883 0.998883 0.998883
3821.066406 0.000000 2279.881348 0.000000 0.998153 0.000000 -0.060750 1.011230 1.011230 1.011230
3817.431641 0.000000 2272.207275 0.000000 0.014523 0.000000 -0.999895 1.287513 1.287513 1.287513
3837.218018 0.000000 2297.083496 0.000000 0.934005 0.000000 -0.357259 1.064757 1.064757 1.064757
3818.785156 0.000000 2278.278076 0.000000 0.848416 0.000000 -0.529330 1.103052 1.103052 1.103052
3817.858154 0.000000 2263.070557 0.000000 0.515829 0.000000 -0.856692 1.190069 1.190069 1.190069
3820.256348 0.000000 2260.777832 0.000000 0.999449 0.000000 -0.033181 1.006131 1.006131 1.006131
3832.325928 0.000000 2303.419434 0.000000 0.986287 0.000000 -0.165040 1.030630 1.030630 1.030630
3819.996582 0.000000 2298.443115 0.000000 0.712739 0.000000 -0.701429 1.143620 1.143620 1.143620
3823.679199 0.000000 2263.456787 0.000000 0.971357 0.000000 -0.237626 1.044324 1.044324 1.044324
3815.599854 0.000000 2295.305176 0.000000 0.823775 0.000000 -0.566917 1.111356 1.111356 1.111356
3832.302979 0.000000 2298.799316 0.000000 0.369803 0.000000 -0.929110 1.220215 1.220215 1.220215
3830.692383 0.000000 2294.324463 0.000000 0.212470 0.000000 -0.977168 1.250642 1.250642 1.250642
3832.971924 0.000000 2263.042969 0.000000 0.190326 0.000000 -0.981721 1.254819 1.254819 1.254819
3822.917236 0.000000 2294.163818 0.000000 0.106690 0.000000 -0.994292 1.270448 1.270448 1.270448
3823.548340 0.000000 2260.370117 0.000000 0.925410 0.000000 -0.378968 1.071807 1.071807 1.071807
3825.545166 0.000000 2282.811035 0.000000 0.010679 0.000000 -0.999943 1.288223 1.288223 1.288223
3832.004150 0.000000 2261.120850 0.000000 0.623292 0.000000 -0.781989 1.154665 1.154665 1.154665
3815.963867 0.000000 2299.879150 0.000000 0.691809 0.000000 -0.722080 1.149053 1.149053 1.149053
3826.191162 0.000000 2296.196289 0.000000 0.070494 0.000000 -0.997512 1.277162 1.277162 1.277162
3830.963135 0.000000 2259.034180 0.000000 0.996937 0.000000 0.078210 0.986514 0.986514 0.986514
3816.052979 0.000000 2259.636230 0.000000 0.201874 0.000000 -0.979412 1.208260 1.208260 1.208260
3823.639160 0.000000 2297.116211 0.000000 0.541505 0.000000 -0.840698 1.184480 1.184480 1.184480
3838.943359 0.000000 2299.833496 0.000000 0.213482 0.000000 -0.976947 1.240297 1.240297 1.240297
3837.374756 0.000000 2299.680908 0.000000 0.568396 0.000000 -0.822755 1.178508 1.178508 1.178508
3829.197510 0.000000 2283.956787 0.000000 0.499492 0.000000 -0.866319 1.193573 1.193573 1.193573
3819.284668 0.000000 2292.031738 0.000000 0.755690 0.000000 -0.654930 1.131924 1.131924 1.131924
3815.725586 0.000000 2277.115967 0.000000 0.890357 0.000000 -0.455263 1.087323 1.087323 1.087323
3832.147461 0.000000 2294.063965 0.000000 0.875829 0.000000 -0.482621 1.093046 1.093046 1.093046
3822.621094 0.000000 2262.073975 0.000000 0.538938 0.000000 -0.842346 1.185044 1.185044 1.185044
3825.132568 0.000000 2255.708496 0.000000 0.057551 0.000000 -0.998343 1.211557 1.211557 1.211557
3835.111084 0.000000 2294.629883 0.000000 0.968098 0.000000 -0.250572 1.044261 1.044261 1.044261
3819.166748 0.000000 2293.603271 0.000000 0.486497 0.000000 -0.873682 1.196332 1.196332 1.196332
3823.331299 0.000000 2257.895752 0.000000 0.430645 0.000000 -0.902522 1.207947 1.207947 1.207947
3816.991699 0.000000 2275.802734 0.000000 0.999588 0.000000 0.028697 0.994698 0.994698 0.994698
3834.637207 0.000000 2262.640137 0.000000 0.460006 0.000000 -0.887916 1.188247 1.188247 1.188247
3821.620117 0.000000 2293.599365 0.000000 0.667949 0.000000 -0.744207 1.155065 1.155065 1.155065
3816.425293 0.000000 2274.209961 0.000000 0.801721 0.000000 -0.597698 1.118352 1.118352 1.118352
3829.013428 0.000000 2296.964844 0.000000 0.709461 0.000000 -0.704745 1.144482 1.144482 1.144482
3818.177002 0.000000 2280.649658 0.000000 0.991932 0.000000 -0.126772 1.023484 1.023484 1.023484
3821.627441 0.000000 2301.312500 0.000000 0.467667 0.000000 -0.883905 1.200290 1.200290 1.200290
3821.198975 0.000000 2296.141357 0.000000 0.807293 0.000000 -0.590151 1.116619 1.116619 1.116619
3831.844482 0.000000 2296.834229 0.000000 0.971809 0.000000 -0.235769 1.043971 1.043971 1.043971
3824.875244 0.000000 2301.972412 0.000000 0.063743 0.000000 -0.997966 1.278412 1.278412 1.278412
3822.609375 0.000000 2299.869873 0.000000 0.863418 0.000000 -0.504489 1.097691 1.097691 1.097691
3825.257568 0.000000 2281.042236 0.000000 0.734993 0.000000 -0.678075 1.137661 1.137661 1.137661
3817.833496 0.000000 2261.718994 0.000000 0.081048 0.000000 -0.996710 1.275206 1.275206 1.275206
3833.085938 0.000000 2295.291992 0.000000 0.997121 0.000000 -0.075832 1.014023 1.014023 1.014023
3826.339355 0.000000 2297.738037 0.000000 0.867772 0.000000 -0.496962 1.096085 1.096085 1.096085
3827.686768 0.000000 2263.099854 0.000000 0.970089 0.000000 -0.242749 1.045299 1.045299 1.045299
3826.115234 0.000000 2280.106689 0.000000 0.999363 0.000000 -0.035695 1.006596 1.006596 1.006596
3826.527832 0.000000 2261.540039 0.000000 0.243602 0.000000 -0.969875 1.244734 1.244734 1.244734
3815.989014 0.000000 2289.648682 0.000000 0.143337 0.000000 -0.989674 1.527248 1.527248 1.527248
3839.471924 0.000000 2301.082764 0.000000 0.633485 0.000000 -0.773755 1.163452 1.163452 1.163452
3817.041016 0.000000 2291.954834 0.000000 0.998530 0.000000 0.054205 0.989981 0.989981 0.989981
3819.030273 0.000000 2263.504150 0.000000 0.720481 0.000000 -0.693475 1.141570 1.141570 1.141570
3818.685303 0.000000 2296.401367 0.000000 0.281307 0.000000 -0.959618 1.237515 1.237515 1.237515
3818.215088 0.000000 2276.223877 0.000000 0.600505 0.000000 -0.799621 1.171196 1.171196 1.171196
3838.780273 0.000000 2302.421875 0.000000 0.112407 0.000000 -0.993662 1.269385 1.269385 1.269385
3818.752441 0.000000 2301.022461 0.000000 0.994225 0.000000 -0.107315 1.019864 1.019864 1.019864
3824.949951 0.000000 2290.847900 0.000000 0.851844 0.000000 -0.523795 1.101850 1.101850 1.101850
3821.963867 0.000000 2294.964355 0.000000 0.242661 0.000000 -0.970111 1.244914 1.244914 1.244914
3817.600342 0.000000 2278.513428 0.000000 0.920622 0.000000 -0.390456 1.074106 1.074106 1.074106
3829.707275 0.000000 2299.684814 0.000000 0.100109 0.000000 -0.994976 1.271670 1.271670 1.271670
3818.815674 0.000000 2298.713623 0.000000 0.299290 0.000000 -0.954162 1.234043 1.234043 1.234043
3816.465332 0.000000 2269.625977 0.000000 0.982454 0.000000 -0.186507 1.031849 1.031849 1.031849
3828.570801 0.000000 2294.834961 0.000000 0.993458 0.000000 -0.114197 1.021143 1.021143 1.021143
3816.886475 0.000000 2293.244873 0.000000 0.678068 0.000000 -0.735000 1.152537 1.152537 1.152537
3815.590576 0.000000 2282.512207 0.000000 0.450703 0.000000 -0.892674 1.294710 1.294710 1.294710
3815.832031 0.000000 2296.576904 0.000000 0.499726 0.000000 -0.866184 1.193523 1.193523 1.193523
3815.617676 0.000000 2271.810791 0.000000 0.721220 0.000000 -0.692706 1.118448 1.118448 1.118448
3827.191895 0.000000 2303.136963 0.000000 0.907021 0.000000 -0.421085 1.080298 1.080298 1.080298
3825.308105 0.000000 2293.227051 0.000000 0.899197 0.000000 -0.437544 1.083664 1.083664 1.083664
3827.584473 0.000000 2281.937256 0.000000 0.764544 0.000000 -0.644572 1.129407 1.129407 1.129407
3834.199951 0.000000 2296.955566 0.000000 0.861943 0.000000 -0.507005 1.098230 1.098230 1.098230
3817.400391 0.000000 2270.304443 0.000000 0.118152 0.000000 -0.992996 1.271943 1.271943 1.271943
3827.421387 0.000000 2280.827393 0.000000 0.661187 0.000000 -0.750221 1.156737 1.156737 1.156737
3822.519287 0.000000 2297.187256 0.000000 0.999223 0.000000 -0.039407 1.007282 1.007282 1.007282
3829.764648 0.000000 2259.619629 0.000000 0.965952 0.000000 -0.258722 1.048347 1.048347 1.048347
3828.822021 0.000000 2282.219971 0.000000 0.844765 0.000000 -0.535138 1.104320 1.104320 1.104320
3832.895508 0.000000 2283.543945 0.000000 0.936422 0.000000 -0.350876 1.066232 1.066232 1.066232
3823.437988 0.000000 2282.918213 0.000000 0.276874 0.000000 -0.960906 1.238368 1.238368 1.238368
3817.064697 0.000000 2280.738037 0.000000 0.999503 0.000000 0.031537 0.994173 0.994173 0.994173
3820.578125 0.000000 2265.549805 0.000000 0.365895 0.000000 -0.930656 1.220992 1.220992 1.220992
3818.065430 0.000000 2299.863281 0.000000 0.404618 0.000000 -0.914486 1.213239 1.213239 1.213239
3824.262207 0.000000 2298.024902 0.000000 0.016781 0.000000 -0.999859 1.287096 1.287096 1.287096
3824.543213 0.000000 2260.871826 0.000000 0.774665 0.000000 -0.632372 1.126478 1.126478 1.126478
3821.827881 0.000000 2279.052002 0.000000 0.679888 0.000000 -0.733316 1.152079 1.152079 1.152079
3825.876221 0.000000 2301.394043 0.000000 0.882778 0.000000 -0.469790 1.090350 1.090350 1.090350
3819.993896 0.000000 2277.604004 0.000000 0.717041 0.000000 -0.697030 1.142484 1.142484 1.142484
3828.576172 0.000000 2299.806885 0.000000 0.990104 0.000000 -0.140332 1.026011 1.026011 1.026011
3818.777344 0.000000 2264.567871 0.000000 0.246708 0.000000 -0.969090 1.244143 1.244143 1.244143
3825.219482 0.000000 2303.090332 0.000000 0.999869 0.000000 -0.016186 1.002990 1.002990 1.002990
3816.742188 0.000000 2301.834717 0.000000 0.425207 0.000000 -0.905096 1.209058 1.209058 1.209058
3831.614014 0.000000 2297.997314 0.000000 0.346559 0.000000 -0.938028 1.224815 1.224815 1.224815
3836.809814 0.000000 2265.546387 0.000000 0.195573 0.000000 -0.980689 1.253831 1.253831 1.253831
3818.110596 0.000000 2293.891602 0.000000 0.999968 0.000000 -0.007945 1.001468 1.001468 1.001468
3821.861816 0.000000 2276.865723 0.000000 0.281167 0.000000 -0.959659 1.237542 1.237542 1.237542
3832.493164 0.000000 2262.069580 0.000000 0.666004 0.000000 -0.745949 1.155547 1.155547 1.155547
3820.215332 0.000000 2300.394775 0.000000 0.999111 0.000000 -0.042160 1.007791 1.007791 1.007791
3828.421387 0.000000 2301.597168 0.000000 0.761254 0.000000 -0.648454 1.130347 1.130347 1.130347
3830.239502 0.000000 2278.150635 0.000000 0.225613 0.000000 -0.974217 1.496307 1.496307 1.496307
3831.331299 0.000000 2279.888672 0.000000 0.388645 0.000000 -0.921387 1.432907 1.432907 1.432907
3834.041260 0.000000 2272.509033 0.000000 0.683575 0.000000 -0.729881 1.302296 1.302296 1.302296
3820.994385 0.000000 2287.524658 0.000000 0.709060 0.000000 -0.705148 1.289174 1.289174 1.289174
3816.619141 0.000000 2284.346680 0.000000 0.860717 0.000000 -0.509084 1.197351 1.197351 1.197351
3833.406006 0.000000 2270.829590 0.000000 0.999955 0.000000 -0.009512 1.003515 1.003515 1.003515
3822.317627 0.000000 2267.670166 0.000000 0.999566 0.000000 -0.029460 1.008533 1.008533 1.008533
3815.593750 0.000000 2286.078613 0.000000 0.783462 0.000000 -0.621439 1.247771 1.247771 1.247771
3816.507812 0.000000 2282.905762 0.000000 0.713426 0.000000 -0.700731 1.207406 1.207406 1.207406
3827.301758 0.000000 2278.584473 0.000000 0.251669 0.000000 -0.967813 1.387799 1.387799 1.387799
3822.301758 0.000000 2275.127197 0.000000 0.889562 0.000000 -0.456813 1.129098 1.129098 1.129098
3825.557861 0.000000 2271.492676 0.000000 0.322841 0.000000 -0.946453 1.458930 1.458930 1.458930
3841.669434 0.000000 2276.716797 0.000000 0.956281 0.000000 -0.292448 1.091136 1.091136 1.091136
3834.732422 0.000000 2266.283447 0.000000 0.796098 0.000000 -0.605168 1.214196 1.214196 1.214196
3840.442383 0.000000 2268.272705 0.000000 0.992341 0.000000 -0.123531 1.028136 1.028136 1.028136
3820.055176 0.000000 2273.184326 0.000000 0.854497 0.000000 -0.519457 1.151365 1.151365 1.151365
3818.187256 0.000000 2283.039795 0.000000 0.049693 0.000000 -0.998765 1.406328 1.406328 1.406328
3835.828613 0.000000 2281.481445 0.000000 0.278259 0.000000 -0.960506 1.389328 1.389328 1.389328
3826.692383 0.000000 2269.833496 0.000000 0.761201 0.000000 -0.648516 1.260724 1.260724 1.260724
3826.533691 0.000000 2277.702148 0.000000 0.093855 0.000000 -0.995586 1.545663 1.545663 1.545663
3831.613037 0.000000 2275.142578 0.000000 0.962751 0.000000 -0.270391 1.101166 1.101166 1.101166
3833.300049 0.000000 2271.841064 0.000000 0.777710 0.000000 -0.628624 1.251172 1.251172 1.251172
3828.259766 0.000000 2278.138428 0.000000 0.760896 0.000000 -0.648874 1.257372 1.257372 1.257372
3823.359131 0.000000 2267.339355 0.000000 0.999485 0.000000 0.032083 0.990707 0.990707 0.990707
3837.593506 0.000000 2269.815674 0.000000 0.850778 0.000000 -0.525525 1.204450 1.204450 1.204450
3829.807617 0.000000 2266.479492 0.000000 0.999305 0.000000 -0.037269 1.013774 1.013774 1.013774
3837.242920 0.000000 2272.855469 0.000000 0.952376 0.000000 -0.304925 1.114490 1.114490 1.114490
3832.254883 0.000000 2272.294434 0.000000 0.235393 0.000000 -0.971900 1.492593 1.492593 1.492593
3835.200439 0.000000 2278.526855 0.000000 0.402331 0.000000 -0.915494 1.427401 1.427401 1.427401
3838.705322 0.000000 2276.832764 0.000000 0.806020 0.000000 -0.591888 1.234034 1.234034 1.234034
3828.244629 0.000000 2273.488770 0.000000 0.959564 0.000000 -0.281491 1.105433 1.105433 1.105433
3830.435059 0.000000 2280.117188 0.000000 0.171979 0.000000 -0.985101 1.422298 1.422298 1.422298
3834.759277 0.000000 2281.244629 0.000000 0.340819 0.000000 -0.940129 1.369449 1.369449 1.369449
3833.995117 0.000000 2275.817139 0.000000 0.325298 0.000000 -0.945612 1.457970 1.457970 1.457970
3836.583496 0.000000 2266.696045 0.000000 0.287140 0.000000 -0.957889 1.408893 1.408893 1.408893
3829.206299 0.000000 2280.470215 0.000000 0.962598 0.000000 -0.270933 1.080825 1.080825 1.080825
3831.972900 0.000000 2266.886230 0.000000 0.531269 0.000000 -0.847203 1.373442 1.373442 1.373442
3827.141357 0.000000 2272.169189 0.000000 0.163577 0.000000 -0.986530 1.519679 1.519679 1.519679
3826.710938 0.000000 2274.431641 0.000000 0.576262 0.000000 -0.817265 1.353472 1.353472 1.353472
3837.333008 0.000000 2281.024658 0.000000 0.254426 0.000000 -0.967092 1.396798 1.396798 1.396798
3825.126709 0.000000 2267.815186 0.000000 0.990582 0.000000 -0.136921 1.049721 1.049721 1.049721
3831.241699 0.000000 2266.008545 0.000000 0.406139 0.000000 -0.913811 1.425862 1.425862 1.425862
3826.472900 0.000000 2271.345703 0.000000 0.962502 0.000000 -0.271274 1.101505 1.101505 1.101505
3835.047852 0.000000 2267.068604 0.000000 0.475979 0.000000 -0.879457 1.354168 1.354168 1.354168
3837.035156 0.000000 2270.609863 0.000000 0.156672 0.000000 -0.987651 1.522264 1.522264 1.522264
3837.390137 0.000000 2267.252197 0.000000 0.922520 0.000000 -0.385950 1.126621 1.126621 1.126621
3830.475342 0.000000 2271.487061 0.000000 0.960762 0.000000 -0.277375 1.103849 1.103849 1.103849
3836.747803 0.000000 2279.412109 0.000000 0.831095 0.000000 -0.556130 1.217896 1.217896 1.217896
3828.802002 0.000000 2272.053467 0.000000 0.655424 0.000000 -0.755261 1.316302 1.316302 1.316302
3823.716553 0.000000 2270.408691 0.000000 0.998524 0.000000 -0.054305 1.020075 1.020075 1.020075
3830.411865 0.000000 2281.663818 0.000000 0.559980 0.000000 -0.828506 1.294964 1.294964 1.294964
3840.130859 0.000000 2275.303467 0.000000 0.980774 0.000000 -0.195148 1.072571 1.072571 1.072571
3836.050293 0.000000 2280.042725 0.000000 0.673401 0.000000 -0.739278 1.251332 1.251332 1.251332
3832.604004 0.000000 2273.650879 0.000000 0.992485 0.000000 -0.122367 1.045327 1.045327 1.045327
3824.792480 0.000000 2272.337646 0.000000 0.923595 0.000000 -0.383370 1.145373 1.145373 1.145373
3815.673828 0.000000 2284.574951 0.000000 0.901437 0.000000 -0.432910 1.165427 1.165427 1.165427
3834.645020 0.000000 2280.267090 0.000000 0.681733 0.000000 -0.731601 1.247909 1.247909 1.247909
3826.990234 0.000000 2276.941406 0.000000 0.876136 0.000000 -0.482065 1.185857 1.185857 1.185857
3841.820801 0.000000 2274.821777 0.000000 0.195007 0.000000 -0.980802 1.507875 1.507875 1.507875
3835.409180 0.000000 2277.348633 0.000000 0.738990 0.000000 -0.673716 1.273136 1.273136 1.273136
3836.989746 0.000000 2277.843018 0.000000 0.172591 0.000000 -0.984994 1.516301 1.516301 1.516301
3835.574707 0.000000 2273.561768 0.000000 0.949572 0.000000 -0.313550 1.117841 1.117841 1.117841
3799.718018 0.000000 2354.079346 0.000000 0.910417 0.000000 -0.413691 1.008518 1.008518 1.008518
3801.997559 0.000000 2350.823242 0.000000 0.998942 0.000000 -0.045989 1.008499 1.008499 1.008499
3811.354980 0.000000 2342.583740 0.000000 0.853024 0.000000 -0.521872 1.101433 1.101433 1.101433
3813.331543 0.000000 2357.773926 0.000000 0.854539 0.000000 -0.519388 1.024542 1.024542 1.024542
3814.698242 0.000000 2341.369629 0.000000 0.968251 0.000000 -0.249980 1.017662 1.017662 1.017662
3808.145020 0.000000 2343.781250 0.000000 0.378444 0.000000 -0.925624 1.218494 1.218494 1.218494
3800.729736 0.000000 2343.707275 0.000000 0.602850 0.000000 -0.797854 1.170654 1.170654 1.170654
3808.710938 0.000000 2339.181396 0.000000 0.593580 0.000000 -0.804775 1.105076 1.105076 1.105076
3806.893799 0.000000 2349.014160 0.000000 0.386362 0.000000 -0.922347 1.216911 1.216911 1.216911
3813.795166 0.000000 2355.333008 0.000000 0.998382 0.000000 -0.056855 1.008095 1.008095 1.008095
3801.477051 0.000000 2352.860352 0.000000 0.881582 0.000000 -0.472030 1.090819 1.090819 1.090819
3812.158691 0.000000 2354.102539 0.000000 0.996722 0.000000 0.080897 0.988476 0.988476 0.988476
3799.583740 0.000000 2352.099854 0.000000 0.923722 0.000000 -0.383062 1.042201 1.042201 1.042201
3805.345215 0.000000 2347.587402 0.000000 0.987624 0.000000 -0.156838 1.029095 1.029095 1.029095
3814.429932 0.000000 2345.357910 0.000000 0.999658 0.000000 0.026150 0.995168 0.995168 0.995168
3811.959717 0.000000 2344.578613 0.000000 0.694706 0.000000 -0.719294 1.148310 1.148310 1.148310
3813.047852 0.000000 2341.954346 0.000000 0.674066 0.000000 -0.738671 1.130717 1.130717 1.130717
3798.786133 0.000000 2348.566895 0.000000 0.960174 0.000000 -0.279403 1.052315 1.052315 1.052315
3809.718994 0.000000 2343.154785 0.000000 0.891720 0.000000 -0.452587 1.086768 1.086768 1.086768
3803.035400 0.000000 2349.577393 0.000000 0.998413 0.000000 -0.056312 1.010409 1.010409 1.010409
3804.732666 0.000000 2339.243408 0.000000 0.221111 0.000000 -0.975249 1.151423 1.151423 1.151423
3798.327393 0.000000 2353.282471 0.000000 0.032792 0.000000 -0.999462 1.165107 1.165107 1.165107
3800.552490 0.000000 2342.149170 0.000000 0.481005 0.000000 -0.876718 1.197491 1.197491 1.197491
3810.215332 0.000000 2354.759521 0.000000 0.034309 0.000000 -0.999411 1.283856 1.283856 1.283856
3803.322266 0.000000 2346.580078 0.000000 0.067225 0.000000 -0.997738 1.277767 1.277767 1.277767
3801.951172 0.000000 2342.667969 0.000000 0.560456 0.000000 -0.828184 1.180285 1.180285 1.180285
3801.235840 0.000000 2354.275879 0.000000 0.956842 0.000000 -0.290610 1.031654 1.031654 1.031654
3810.673096 0.000000 2341.277832 0.000000 0.987992 0.000000 -0.154504 1.028659 1.028659 1.028659
3809.449219 0.000000 2349.191162 0.000000 0.767629 0.000000 -0.640894 1.128520 1.128520 1.128520
3800.034180 0.000000 2355.656982 0.000000 0.952721 0.000000 -0.303847 1.033142 1.033142 1.033142
3807.363525 0.000000 2350.395996 0.000000 0.377987 0.000000 -0.925811 1.218585 1.218585 1.218585
3802.059814 0.000000 2344.241699 0.000000 0.998481 0.000000 0.055100 0.989815 0.989815 0.989815
3814.875977 0.000000 2349.578613 0.000000 0.209108 0.000000 -0.977893 1.251277 1.251277 1.251277
3804.019287 0.000000 2347.914795 0.000000 0.640860 0.000000 -0.767658 1.161685 1.161685 1.161685
3798.196289 0.000000 2345.516113 0.000000 0.099409 0.000000 -0.995047 1.271801 1.271801 1.271801
3807.059570 0.000000 2352.215820 0.000000 0.710777 0.000000 -0.703417 1.144137 1.144137 1.144137
3808.153564 0.000000 2349.344238 0.000000 0.915062 0.000000 -0.403313 1.076694 1.076694 1.076694
3808.162598 0.000000 2345.120850 0.000000 0.980952 0.000000 -0.194249 1.036116 1.036116 1.036116
3799.575195 0.000000 2344.264404 0.000000 0.935853 0.000000 -0.352390 1.066531 1.066531 1.066531
3801.531738 0.000000 2347.344482 0.000000 0.804044 0.000000 -0.594570 1.117633 1.117633 1.117633
3798.369141 0.000000 2351.999512 0.000000 0.827118 0.000000 -0.562028 1.110262 1.110262 1.110262
3811.937256 0.000000 2341.370117 0.000000 0.400777 0.000000 -0.916176 1.214014 1.214014 1.214014
3813.725830 0.000000 2340.633789 0.000000 0.885014 0.000000 -0.465565 1.076168 1.076168 1.076168
3802.358643 0.000000 2353.686279 0.000000 0.601684 0.000000 -0.798734 1.170924 1.170924 1.170924
3798.260254 0.000000 2349.644531 0.000000 0.122324 0.000000 -0.992490 1.267541 1.267541 1.267541
3799.945312 0.000000 2349.022705 0.000000 0.006110 0.000000 -0.999981 1.289067 1.289067 1.289067
3805.108643 0.000000 2350.848389 0.000000 0.865459 0.000000 -0.500980 1.096941 1.096941 1.096941
3809.133545 0.000000 2344.483154 0.000000 0.229722 0.000000 -0.973256 1.247374 1.247374 1.247374
3805.500977 0.000000 2344.886475 0.000000 0.905562 0.000000 -0.424214 1.080935 1.080935 1.080935
3800.324707 0.000000 2353.041016 0.000000 0.508764 0.000000 -0.860906 1.191589 1.191589 1.191589
3807.893799 0.000000 2351.449951 0.000000 0.139457 0.000000 -0.990228 1.264348 1.264348 1.264348
3807.999023 0.000000 2340.891113 0.000000 0.873407 0.000000 -0.486990 1.093969 1.093969 1.093969
3804.630127 0.000000 2353.609863 0.000000 0.999971 0.000000 0.007577 0.998600 0.998600 0.998600
3811.187012 0.000000 2348.907227 0.000000 0.187173 0.000000 -0.982327 1.255412 1.255412 1.255412
3811.323975 0.000000 2354.841064 0.000000 0.852548 0.000000 -0.522649 1.101601 1.101601 1.101601
3801.371826 0.000000 2351.782471 0.000000 0.863609 0.000000 -0.504163 1.097621 1.097621 1.097621
3813.935547 0.000000 2342.691650 0.000000 0.999187 0.000000 -0.040311 1.007449 1.007449 1.007449
3828.227295 0.000000 2349.795654 0.000000 0.471300 0.000000 -0.881973 1.199530 1.199530 1.199530
3842.161377 0.000000 2336.832520 0.000000 0.090011 0.000000 -0.995941 1.273545 1.273545 1.273545
3821.612305 0.000000 2344.603760 0.000000 0.998386 0.000000 -0.056790 1.010497 1.010497 1.010497
3832.722168 0.000000 2345.278809 0.000000 0.631056 0.000000 -0.775737 1.164031 1.164031 1.164031
3832.773926 0.000000 2336.441406 0.000000 0.943714 0.000000 -0.330762 1.124559 1.124559 1.124559
3830.449463 0.000000 2344.547607 0.000000 0.925112 0.000000 -0.379693 1.071951 1.071951 1.071951
3825.020508 0.000000 2349.031494 0.000000 0.651331 0.000000 -0.758793 1.159150 1.159150 1.159150
3836.988525 0.000000 2334.143555 0.000000 0.315307 0.000000 -0.948990 1.458747 1.458747 1.458747
3820.755859 0.000000 2321.987549 0.000000 0.573144 0.000000 -0.819454 1.177439 1.177439 1.177439
3821.547852 0.000000 2328.339844 0.000000 0.949726 0.000000 -0.313082 1.058829 1.058829 1.058829
3820.456299 0.000000 2339.832764 0.000000 0.926544 0.000000 -0.376185 1.071252 1.071252 1.071252
3830.480957 0.000000 2332.738770 0.000000 0.238354 0.000000 -0.971178 1.557881 1.557881 1.557881
3825.713135 0.000000 2326.674072 0.000000 0.992449 0.000000 -0.122661 1.022718 1.022718 1.022718
3836.798340 0.000000 2324.052246 0.000000 0.410150 0.000000 -0.912018 1.212119 1.212119 1.212119
3843.416504 0.000000 2333.564453 0.000000 0.448238 0.000000 -0.893914 1.204328 1.204328 1.204328
3829.929932 0.000000 2303.659668 0.000000 0.168276 0.000000 -0.985740 1.258959 1.258959 1.258959
3833.132324 0.000000 2316.852051 0.000000 0.997090 0.000000 -0.076234 1.004382 1.004382 1.004382
3837.541260 0.000000 2326.088867 0.000000 0.984042 0.000000 -0.177938 1.033049 1.033049 1.033049
3839.392822 0.000000 2322.480713 0.000000 0.784254 0.000000 -0.620440 1.123650 1.123650 1.123650
3817.535400 0.000000 2351.169434 0.000000 0.433546 0.000000 -0.901131 1.128895 1.128895 1.128895
3838.540283 0.000000 2338.203125 0.000000 0.293523 0.000000 -0.955952 1.317782 1.317782 1.317782
3821.519287 0.000000 2324.372314 0.000000 0.721353 0.000000 -0.692567 1.141337 1.141337 1.141337
3834.298096 0.000000 2343.902100 0.000000 0.994366 0.000000 -0.106002 1.019620 1.019620 1.019620
3826.405273 0.000000 2319.041748 0.000000 0.852562 0.000000 -0.522626 1.101596 1.101596 1.101596
3823.974854 0.000000 2320.968506 0.000000 0.823775 0.000000 -0.566916 1.111356 1.111356 1.111356
3826.784424 0.000000 2337.862305 0.000000 0.728471 0.000000 -0.685077 1.237405 1.237405 1.237405
3822.436768 0.000000 2342.779785 0.000000 0.010218 0.000000 -0.999948 1.288308 1.288308 1.288308
3817.682617 0.000000 2346.640869 0.000000 0.999700 0.000000 -0.024489 1.002813 1.002813 1.002813
3819.559814 0.000000 2338.027588 0.000000 0.685087 0.000000 -0.728462 1.150765 1.150765 1.150765
3840.293213 0.000000 2336.012939 0.000000 0.999870 0.000000 -0.016142 1.002982 1.002982 1.002982
3836.930664 0.000000 2341.325195 0.000000 0.997454 0.000000 -0.071318 1.026374 1.026374 1.026374
3825.596680 0.000000 2335.695312 0.000000 0.486143 0.000000 -0.873879 1.196407 1.196407 1.196407
3839.263672 0.000000 2343.498535 0.000000 0.534246 0.000000 -0.845329 1.065376 1.065376 1.065376
3823.762451 0.000000 2339.147705 0.000000 0.804041 0.000000 -0.594573 1.117633 1.117633 1.117633
3822.557129 0.000000 2325.997070 0.000000 0.707220 0.000000 -0.706994 1.145069 1.145069 1.145069
3838.187988 0.000000 2306.589844 0.000000 0.889836 0.000000 -0.456281 1.087534 1.087534 1.087534
3833.784912 0.000000 2331.306396 0.000000 0.519820 0.000000 -0.854276 1.424438 1.424438 1.424438
3840.739014 0.000000 2341.812256 0.000000 0.206115 0.000000 -0.978528 1.091888 1.091888 1.091888
3815.811279 0.000000 2344.040771 0.000000 0.644674 0.000000 -0.764457 1.160765 1.160765 1.160765
3826.296143 0.000000 2315.480713 0.000000 0.888933 0.000000 -0.458037 1.072457 1.072457 1.072457
3815.597168 0.000000 2351.738525 0.000000 0.067308 0.000000 -0.997732 1.277752 1.277752 1.277752
3832.910889 0.000000 2309.899902 0.000000 0.912931 0.000000 -0.408113 1.077664 1.077664 1.077664
3817.051025 0.000000 2320.318359 0.000000 0.968148 0.000000 -0.250378 1.029063 1.029063 1.029063
3823.966309 0.000000 2304.877441 0.000000 0.382095 0.000000 -0.924123 1.217765 1.217765 1.217765
3829.371338 0.000000 2327.837646 0.000000 0.999920 0.000000 0.012644 0.995328 0.995328 0.995328
3825.524414 0.000000 2317.469482 0.000000 0.655478 0.000000 -0.755214 1.158138 1.158138 1.158138
3837.531250 0.000000 2304.198486 0.000000 0.723067 0.000000 -0.690777 1.140880 1.140880 1.140880
3823.124512 0.000000 2349.285889 0.000000 0.221124 0.000000 -0.975246 1.249004 1.249004 1.249004
3843.871826 0.000000 2324.914551 0.000000 0.700994 0.000000 -0.713167 1.116954 1.116954 1.116954
3819.981201 0.000000 2344.107666 0.000000 0.983863 0.000000 -0.178922 1.033234 1.033234 1.033234
3829.310303 0.000000 2310.995117 0.000000 0.719531 0.000000 -0.694461 1.141823 1.141823 1.141823
3820.672852 0.000000 2334.154785 0.000000 0.733620 0.000000 -0.679560 1.136169 1.136169 1.136169
3820.824707 0.000000 2305.456299 0.000000 0.253197 0.000000 -0.967415 1.242905 1.242905 1.242905
3828.096191 0.000000 2318.638916 0.000000 0.987488 0.000000 -0.157691 1.029255 1.029255 1.029255
3842.800537 0.000000 2335.171143 0.000000 0.866285 0.000000 -0.499551 1.096636 1.096636 1.096636
3829.779541 0.000000 2331.206055 0.000000 0.971367 0.000000 -0.237583 1.131750 1.131750 1.131750
3822.961426 0.000000 2336.625488 0.000000 0.500849 0.000000 -0.865535 1.193283 1.193283 1.193283
3834.718994 0.000000 2339.372070 0.000000 0.995505 0.000000 -0.094705 1.035045 1.035045 1.035045
3830.324951 0.000000 2342.924072 0.000000 0.014746 0.000000 -0.999891 1.287472 1.287472 1.287472
3845.947266 0.000000 2334.479248 0.000000 0.600907 0.000000 -0.799319 1.092488 1.092488 1.092488
3830.818604 0.000000 2319.977539 0.000000 0.538013 0.000000 -0.842936 1.185247 1.185247 1.185247
3819.289062 0.000000 2340.974365 0.000000 0.817835 0.000000 -0.575453 1.113277 1.113277 1.113277
3822.817383 0.000000 2345.687744 0.000000 0.243595 0.000000 -0.969877 1.244736 1.244736 1.244736
3827.567139 0.000000 2320.168457 0.000000 0.150298 0.000000 -0.988641 1.262324 1.262324 1.262324
3818.953613 0.000000 2322.042236 0.000000 0.858727 0.000000 -0.512433 1.099396 1.099396 1.099396
3840.014648 0.000000 2331.869873 0.000000 0.999972 0.000000 -0.007494 1.001384 1.001384 1.001384
3837.809814 0.000000 2342.768799 0.000000 0.922275 0.000000 -0.386533 1.073320 1.073320 1.073320
3832.891846 0.000000 2340.605469 0.000000 0.234000 0.000000 -0.972237 1.493123 1.493123 1.493123
3829.351318 0.000000 2305.146973 0.000000 0.998289 0.000000 0.058467 0.989192 0.989192 0.989192
3841.522705 0.000000 2322.342529 0.000000 0.981048 0.000000 -0.193767 1.028723 1.028723 1.028723
3820.799072 0.000000 2336.937500 0.000000 0.576729 0.000000 -0.816935 1.176630 1.176630 1.176630
3826.797119 0.000000 2322.653809 0.000000 0.867647 0.000000 -0.497181 1.096131 1.096131 1.096131
3822.995117 0.000000 2331.542480 0.000000 0.737721 0.000000 -0.675106 1.160969 1.160969 1.160969
3839.990723 0.000000 2340.456787 0.000000 0.805954 0.000000 -0.591979 1.158159 1.158159 1.158159
3828.990723 0.000000 2343.864990 0.000000 0.049031 0.000000 -0.998797 1.281134 1.281134 1.281134
3822.199219 0.000000 2321.440430 0.000000 0.334291 0.000000 -0.942470 1.227225 1.227225 1.227225
3839.917725 0.000000 2337.501465 0.000000 0.999264 0.000000 -0.038356 1.009578 1.009578 1.009578
3820.831543 0.000000 2317.209717 0.000000 0.527657 0.000000 -0.849458 1.174838 1.174838 1.174838
3825.696289 0.000000 2343.913330 0.000000 0.313024 0.000000 -0.949745 1.231378 1.231378 1.231378
3827.449707 0.000000 2334.517090 0.000000 0.781146 0.000000 -0.624348 1.212110 1.212110 1.212110
3826.616455 0.000000 2349.179932 0.000000 0.759263 0.000000 -0.650784 1.130913 1.130913 1.130913
3820.621582 0.000000 2329.565918 0.000000 0.065395 0.000000 -0.997859 1.278106 1.278106 1.278106
3818.208496 0.000000 2303.629883 0.000000 0.993228 0.000000 -0.116183 1.021513 1.021513 1.021513
3818.642334 0.000000 2345.329590 0.000000 0.999935 0.000000 -0.011380 1.002102 1.002102 1.002102
3820.712891 0.000000 2303.942139 0.000000 0.290615 0.000000 -0.956840 1.235720 1.235720 1.235720
3844.803711 0.000000 2331.496582 0.000000 0.000109 0.000000 -1.000000 1.192144 1.192144 1.192144
3835.768799 0.000000 2330.969727 0.000000 0.856791 0.000000 -0.515664 1.135259 1.135259 1.135259
3827.990479 0.000000 2305.712402 0.000000 0.789726 0.000000 -0.613459 1.122011 1.122011 1.122011
3825.242920 0.000000 2320.035156 0.000000 0.091479 0.000000 -0.995807 1.273272 1.273272 1.273272
3820.079346 0.000000 2324.870117 0.000000 0.068689 0.000000 -0.997638 1.277496 1.277496 1.277496
3816.679688 0.000000 2325.736572 0.000000 0.422150 0.000000 -0.906526 1.130342 1.130342 1.130342
3826.919678 0.000000 2325.837402 0.000000 0.392368 0.000000 -0.919808 1.244856 1.244856 1.244856
3842.096680 0.000000 2330.398193 0.000000 0.997783 0.000000 0.066545 0.987697 0.987697 0.987697
3822.248047 0.000000 2309.601074 0.000000 0.452976 0.000000 -0.891523 1.173120 1.173120 1.173120
3821.683350 0.000000 2341.040527 0.000000 0.997588 0.000000 -0.069416 1.012835 1.012835 1.012835
3827.647949 0.000000 2346.495117 0.000000 0.743657 0.000000 -0.668561 1.135283 1.135283 1.135283
3834.536133 0.000000 2333.747559 0.000000 0.288594 0.000000 -0.957452 1.469031 1.469031 1.469031
3832.394775 0.000000 2308.492188 0.000000 0.964245 0.000000 -0.265014 1.049552 1.049552 1.049552
3831.681396 0.000000 2333.522217 0.000000 0.594872 0.000000 -0.803820 1.391608 1.391608 1.391608
3833.225586 0.000000 2323.478516 0.000000 0.880858 0.000000 -0.473380 1.182204 1.182204 1.182204
3827.914062 0.000000 2310.860352 0.000000 0.325599 0.000000 -0.945508 1.154680 1.154680 1.154680
3838.596680 0.000000 2327.059326 0.000000 0.930979 0.000000 -0.365072 1.069041 1.069041 1.069041
3824.363037 0.000000 2326.425049 0.000000 0.440428 0.000000 -0.897788 1.205939 1.205939 1.205939
3822.147461 0.000000 2334.251709 0.000000 0.728850 0.000000 -0.684673 1.139326 1.139326 1.139326
3841.558594 0.000000 2338.068115 0.000000 0.999565 0.000000 -0.029494 1.005450 1.005450 1.005450
3822.923340 0.000000 2324.275879 0.000000 0.975432 0.000000 -0.220301 1.041036 1.041036 1.041036
3835.258789 0.000000 2311.599121 0.000000 0.370108 0.000000 -0.928989 1.220155 1.220155 1.220155
3834.337646 0.000000 2328.501953 0.000000 0.891392 0.000000 -0.453232 1.110389 1.110389 1.110389
3829.894775 0.000000 2309.756592 0.000000 0.474257 0.000000 -0.880386 1.198910 1.198910 1.198910
3831.399902 0.000000 2336.173828 0.000000 0.997515 0.000000 -0.070460 1.026056 1.026056 1.026056
3840.499512 0.000000 2333.173828 0.000000 0.811266 0.000000 -0.584678 1.115370 1.115370 1.115370
3831.707031 0.000000 2348.150635 0.000000 1.000000 0.000000 0.000711 0.999883 0.999883 0.999883
3845.908936 0.000000 2326.128906 0.000000 0.184449 0.000000 -0.982842 1.169463 1.169463 1.169463
3830.852051 0.000000 2330.237061 0.000000 0.989437 0.000000 -0.144965 1.073728 1.073728 1.073728
3821.244141 0.000000 2318.513184 0.000000 0.007359 0.000000 -0.999973 1.288836 1.288836 1.288836
3836.275879 0.000000 2326.503906 0.000000 0.643792 0.000000 -0.765201 1.160978 1.160978 1.160978
3824.250244 0.000000 2336.089355 0.000000 0.257063 0.000000 -0.966395 1.242166 1.242166 1.242166
3825.433350 0.000000 2307.629639 0.000000 0.548891 0.000000 -0.835894 1.182853 1.182853 1.182853
3831.804688 0.000000 2344.308594 0.000000 0.999760 0.000000 0.021907 0.995952 0.995952 0.995952
3837.997803 0.000000 2307.916504 0.000000 0.782913 0.000000 -0.622131 1.124049 1.124049 1.124049
3821.172363 0.000000 2343.317871 0.000000 0.883899 0.000000 -0.467678 1.089908 1.089908 1.089908
3820.510986 0.000000 2345.381104 0.000000 0.009187 0.000000 -0.999958 1.288499 1.288499 1.288499
3830.524658 0.000000 2328.486572 0.000000 0.944750 0.000000 -0.327791 1.123396 1.123396 1.123396
3826.224854 0.000000 2341.062988 0.000000 0.590832 0.000000 -0.806795 1.173421 1.173421 1.173421
3832.329834 0.000000 2332.313721 0.000000 0.047733 0.000000 -0.998860 1.562749 1.562749 1.562749
3825.049805 0.000000 2334.510986 0.000000 0.359526 0.000000 -0.933135 1.222254 1.222254 1.222254
3842.931396 0.000000 2337.953369 0.000000 0.933083 0.000000 -0.359661 1.067968 1.067968 1.067968
3823.270752 0.000000 2337.896729 0.000000 0.887201 0.000000 -0.461383 1.088595 1.088595 1.088595
3832.081543 0.000000 2341.700439 0.000000 0.576848 0.000000 -0.816851 1.353206 1.353206 1.353206
3835.474854 0.000000 2324.406982 0.000000 0.079667 0.000000 -0.996822 1.405749 1.405749 1.405749
3829.131836 0.000000 2348.855469 0.000000 0.743689 0.000000 -0.668525 1.135274 1.135274 1.135274
3827.079834 0.000000 2332.811035 0.000000 0.016683 0.000000 -0.999861 1.651826 1.651826 1.651826
3828.302979 0.000000 2330.816162 0.000000 0.054931 0.000000 -0.998490 1.832560 1.832560 1.832560
3827.868896 0.000000 2324.957520 0.000000 0.674879 0.000000 -0.737929 1.174058 1.174058 1.174058
3832.939697 0.000000 2307.262451 0.000000 0.994023 0.000000 -0.109175 1.020210 1.020210 1.020210
3828.699463 0.000000 2321.081299 0.000000 0.329759 0.000000 -0.944065 1.228113 1.228113 1.228113
3818.833740 0.000000 2336.984863 0.000000 0.851648 0.000000 -0.524114 1.100541 1.100541 1.100541
3825.986816 0.000000 2327.928711 0.000000 0.493713 0.000000 -0.869625 1.194803 1.194803 1.194803
3835.741699 0.000000 2334.099854 0.000000 0.974654 0.000000 -0.223718 1.083367 1.083367 1.083367
3831.216553 0.000000 2325.532715 0.000000 0.969459 0.000000 -0.245255 1.091553 1.091553 1.091553
3826.472412 0.000000 2304.335938 0.000000 0.897786 0.000000 -0.440432 1.084258 1.084258 1.084258
3823.296875 0.000000 2306.884033 0.000000 0.277629 0.000000 -0.960688 1.238223 1.238223 1.238223
3837.923096 0.000000 2324.872803 0.000000 0.998259 0.000000 0.058988 0.989096 0.989096 0.989096
3823.857666 0.000000 2303.625732 0.000000 0.998702 0.000000 -0.050944 1.009416 1.009416 1.009416
3822.772461 0.000000 2328.554932 0.000000 0.855775 0.000000 -0.517348 1.100455 1.100455 1.100455
3836.579102 0.000000 2325.275879 0.000000 0.945439 0.000000 -0.325799 1.061309 1.061309 1.061309
3838.847656 0.000000 2325.811279 0.000000 0.892896 0.000000 -0.450263 1.086287 1.086287 1.086287
3837.395996 0.000000 2327.314453 0.000000 0.848904 0.000000 -0.528548 1.102882 1.102882 1.102882
3838.196777 0.000000 2334.841064 0.000000 0.999837 0.000000 0.018030 0.995499 0.995499 0.995499
3839.514648 0.000000 2327.953125 0.000000 0.430039 0.000000 -0.902810 1.208071 1.208071 1.208071
3832.301025 0.000000 2306.158691 0.000000 0.977397 0.000000 -0.211411 1.039354 1.039354 1.039354
3822.237793 0.000000 2316.458740 0.000000 0.467669 0.000000 -0.883904 1.200290 1.200290 1.200290
3825.122803 0.000000 2321.552002 0.000000 0.995799 0.000000 -0.091563 1.016940 1.016940 1.016940
3819.392090 0.000000 2326.426270 0.000000 0.964068 0.000000 -0.265655 1.049675 1.049675 1.049675
3830.000488 0.000000 2338.403076 0.000000 0.034980 0.000000 -0.999388 1.567465 1.567465 1.567465
3822.193115 0.000000 2348.275146 0.000000 0.938797 0.000000 -0.344472 1.064970 1.064970 1.064970
3834.036621 0.000000 2332.617676 0.000000 0.542929 0.000000 -0.839779 1.365846 1.365846 1.365846
3821.695312 0.000000 2322.892578 0.000000 0.768474 0.000000 -0.639882 1.128276 1.128276 1.128276
3825.175781 0.000000 2324.131592 0.000000 0.579280 0.000000 -0.815129 1.176053 1.176053 1.176053
3830.530762 0.000000 2317.000977 0.000000 0.341767 0.000000 -0.939785 1.201352 1.201352 1.201352
3835.040527 0.000000 2342.909912 0.000000 0.086717 0.000000 -0.996233 1.274155 1.274155 1.274155
3828.432861 0.000000 2316.897705 0.000000 0.277708 0.000000 -0.960666 1.238208 1.238208 1.238208
3827.464355 0.000000 2315.759521 0.000000 0.889088 0.000000 -0.457737 1.072406 1.072406 1.072406
3831.781250 0.000000 2340.179199 0.000000 0.007306 0.000000 -0.999973 1.499626 1.499626 1.499626
3830.884033 0.000000 2331.593750 0.000000 0.158686 0.000000 -0.987329 1.715315 1.715315 1.715315
3827.160400 0.000000 2344.888672 0.000000 0.969793 0.000000 -0.243929 1.045524 1.045524 1.045524
3842.113770 0.000000 2328.313721 0.000000 0.943009 0.000000 -0.332767 1.062672 1.062672 1.062672
3819.421875 0.000000 2339.186768 0.000000 0.119765 0.000000 -0.992802 1.268017 1.268017 1.268017
3830.879395 0.000000 2322.887695 0.000000 0.998528 0.000000 0.054244 0.984012 0.984012 0.984012
3840.991699 0.000000 2337.027100 0.000000 0.563494 0.000000 -0.826120 1.179606 1.179606 1.179606
3833.643799 0.000000 2310.818115 0.000000 0.232357 0.000000 -0.972631 1.246873 1.246873 1.246873
3831.826660 0.000000 2310.378906 0.000000 0.914258 0.000000 -0.405132 1.077061 1.077061 1.077061
3834.340820 0.000000 2309.198486 0.000000 0.397994 0.000000 -0.917388 1.214575 1.214575 1.214575
3828.581787 0.000000 2335.250244 0.000000 0.687222 0.000000 -0.726448 1.300446 1.300446 1.300446
3815.595703 0.000000 2303.781982 0.000000 0.845888 0.000000 -0.533360 1.103931 1.103931 1.103931
3824.837646 0.000000 2327.898193 0.000000 0.878621 0.000000 -0.477520 1.091971 1.091971 1.091971
3828.116699 0.000000 2333.379395 0.000000 0.994603 0.000000 -0.103756 1.049305 1.049305 1.049305
3827.466309 0.000000 2321.460938 0.000000 0.096623 0.000000 -0.995321 1.272318 1.272318 1.272318
3825.029541 0.000000 2345.125732 0.000000 0.779167 0.000000 -0.626817 1.125157 1.125157 1.125157
3836.417969 0.000000 2333.129639 0.000000 0.509192 0.000000 -0.860653 1.258780 1.258780 1.258780
3830.067871 0.000000 2349.547119 0.000000 0.656939 0.000000 -0.753944 1.140723 1.140723 1.140723
3820.507812 0.000000 2347.255127 0.000000 0.992935 0.000000 -0.118657 1.021973 1.021973 1.021973
3839.394531 0.000000 2332.971680 0.000000 0.348654 0.000000 -0.937252 1.224402 1.224402 1.224402
3839.455322 0.000000 2306.100342 0.000000 0.945826 0.000000 -0.324674 1.061089 1.061089 1.061089
3828.617676 0.000000 2311.918945 0.000000 0.925579 0.000000 -0.378555 1.071724 1.071724 1.071724
3827.233643 0.000000 2331.638428 0.000000 0.409018 0.000000 -0.912526 1.568177 1.568177 1.568177
3820.442627 0.000000 2340.992432 0.000000 0.131409 0.000000 -0.991328 1.265849 1.265849 1.265849
3828.800781 0.000000 2303.628906 0.000000 0.864171 0.000000 -0.503198 1.097415 1.097415 1.097415
3831.034912 0.000000 2308.162354 0.000000 0.899290 0.000000 -0.437353 1.083625 1.083625 1.083625
3821.551758 0.000000 2325.506836 0.000000 0.998282 0.000000 -0.058594 1.010831 1.010831 1.010831
3822.759766 0.000000 2335.389893 0.000000 0.996762 0.000000 -0.080414 1.014872 1.014872 1.014872
3832.195312 0.000000 2323.941895 0.000000 0.994498 0.000000 -0.104756 1.038777 1.038777 1.038777
3826.545166 0.000000 2346.551514 0.000000 0.718910 0.000000 -0.695103 1.141988 1.141988 1.141988
3820.423828 0.000000 2335.236328 0.000000 0.348462 0.000000 -0.937323 1.221407 1.221407 1.221407
3839.629150 0.000000 2323.567627 0.000000 0.934625 0.000000 -0.355635 1.067172 1.067172 1.067172
3824.063965 0.000000 2340.234619 0.000000 0.999430 0.000000 -0.033759 1.006238 1.006238 1.006238
3841.138672 0.000000 2331.291504 0.000000 0.705169 0.000000 -0.709039 1.145604 1.145604 1.145604
3818.775635 0.000000 2324.642578 0.000000 0.061784 0.000000 -0.998090 1.278775 1.278775 1.278775
3838.059814 0.000000 2340.950928 0.000000 0.835371 0.000000 -0.549686 1.145296 1.145296 1.145296
3833.798340 0.000000 2334.592529 0.000000 0.969859 0.000000 -0.243667 1.090948 1.090948 1.090948
3835.226562 0.000000 2336.206543 0.000000 0.929900 0.000000 -0.367813 1.139170 1.139170 1.139170
3826.563232 0.000000 2317.864502 0.000000 0.911620 0.000000 -0.411033 1.078255 1.078255 1.078255
3829.348633 0.000000 2326.752686 0.000000 0.155325 0.000000 -0.987863 1.522768 1.522768 1.522768
3834.139404 0.000000 2307.128174 0.000000 0.470032 0.000000 -0.882649 1.199795 1.199795 1.199795
3831.031738 0.000000 2342.077637 0.000000 0.847608 0.000000 -0.530624 1.103334 1.103334 1.103334
3833.998535 0.000000 2338.566895 0.000000 0.908684 0.000000 -0.417484 1.159130 1.159130 1.159130
3825.348877 0.000000 2318.545898 0.000000 0.999445 0.000000 0.033297 0.993847 0.993847 0.993847
3835.713623 0.000000 2337.420898 0.000000 0.958780 0.000000 -0.284150 1.106457 1.106457 1.106457
3825.601562 0.000000 2316.380127 0.000000 0.975594 0.000000 -0.219584 1.040900 1.040900 1.040900
3829.821289 0.000000 2339.598633 0.000000 0.997674 0.000000 -0.068162 1.021799 1.021799 1.021799
3821.334229 0.000000 2327.114014 0.000000 0.715682 0.000000 -0.698426 1.142844 1.142844 1.142844
3826.873535 0.000000 2336.802979 0.000000 0.786060 0.000000 -0.618150 1.209622 1.209622 1.209622
3822.826904 0.000000 2330.481934 0.000000 0.891890 0.000000 -0.452252 1.101929 1.101929 1.101929
3823.315430 0.000000 2341.955811 0.000000 0.323218 0.000000 -0.946325 1.229391 1.229391 1.229391
3832.733887 0.000000 2328.557617 0.000000 0.996564 0.000000 -0.082821 1.027118 1.027118 1.027118
3833.114990 0.000000 2341.619141 0.000000 0.343840 0.000000 -0.939028 1.450700 1.450700 1.450700
3827.932861 0.000000 2337.050537 0.000000 0.580928 0.000000 -0.813955 1.299129 1.299129 1.299129
3825.432861 0.000000 2333.002686 0.000000 0.765023 0.000000 -0.644004 1.202639 1.202639 1.202639
3834.593262 0.000000 2322.141357 0.000000 0.652560 0.000000 -0.757737 1.233983 1.233983 1.233983
3837.422852 0.000000 2332.808594 0.000000 0.996738 0.000000 0.080705 0.979830 0.979830 0.979830
3830.524902 0.000000 2335.699707 0.000000 0.585134 0.000000 -0.810937 1.349445 1.349445 1.349445
3828.841553 0.000000 2325.169678 0.000000 0.636588 0.000000 -0.771204 1.259457 1.259457 1.259457
3828.638184 0.000000 2336.313477 0.000000 0.608874 0.000000 -0.793267 1.338509 1.338509 1.338509
3824.885498 0.000000 2332.189697 0.000000 0.084709 0.000000 -0.996406 1.430341 1.430341 1.430341
3833.158447 0.000000 2330.558105 0.000000 0.964721 0.000000 -0.263273 1.110409 1.110409 1.110409
3833.369385 0.000000 2335.645996 0.000000 0.929337 0.000000 -0.369234 1.139735 1.139735 1.139735
3829.817627 0.000000 2336.812256 0.000000 0.565992 0.000000 -0.824410 1.358094 1.358094 1.358094
3832.813721 0.000000 2331.474609 0.000000 0.711600 0.000000 -0.702585 1.322849 1.322849 1.322849
3835.209961 0.000000 2328.070801 0.000000 0.418688 0.000000 -0.908130 1.267248 1.267248 1.267248
3832.187744 0.000000 2335.631104 0.000000 0.179401 0.000000 -0.983776 1.513745 1.513745 1.513745
3829.125000 0.000000 2330.341797 0.000000 0.617451 0.000000 -0.786609 1.497227 1.497227 1.497227
3834.660645 0.000000 2331.682617 0.000000 0.031707 0.000000 -0.999497 1.384240 1.384240 1.384240
3831.395996 0.000000 2332.387451 0.000000 0.972877 0.000000 -0.231321 1.097908 1.097908 1.097908
3825.425049 0.000000 2331.402832 0.000000 0.291221 0.000000 -0.956656 1.407530 1.407530 1.407530
3833.676025 0.000000 2325.286865 0.000000 0.910401 0.000000 -0.413727 1.157603 1.157603 1.157603
3827.586426 0.000000 2330.328613 0.000000 0.957573 0.000000 -0.288190 1.144506 1.144506 1.144506
3831.827637 0.000000 2324.804932 0.000000 0.507019 0.000000 -0.861935 1.383926 1.383926 1.383926
3832.930176 0.000000 2322.552002 0.000000 0.542833 0.000000 -0.839841 1.368377 1.368377 1.368377
3833.953125 0.000000 2322.729980 0.000000 0.001592 0.000000 -0.999999 1.579804 1.579804 1.579804
3830.127930 0.000000 2340.427979 0.000000 0.479504 0.000000 -0.877540 1.342153 1.342153 1.342153
3828.616943 0.000000 2324.352539 0.000000 0.998863 0.000000 -0.047681 1.014052 1.014052 1.014052
3832.011963 0.000000 2336.816162 0.000000 0.898015 0.000000 -0.439965 1.168324 1.168324 1.168324
3827.082764 0.000000 2333.695557 0.000000 0.734247 0.000000 -0.678882 1.312988 1.312988 1.312988
3829.187256 0.000000 2338.228760 0.000000 0.890869 0.000000 -0.454260 1.150685 1.150685 1.150685
3827.409668 0.000000 2329.035889 0.000000 0.999917 0.000000 -0.012867 1.003951 1.003951 1.003951
3831.070312 0.000000 2327.851807 0.000000 0.283408 0.000000 -0.958999 1.474221 1.474221 1.474221
3833.150879 0.000000 2326.715088 0.000000 0.020103 0.000000 -0.999798 1.572964 1.572964 1.572964
3830.463623 0.000000 2325.992188 0.000000 0.999929 0.000000 -0.011881 1.004390 1.004390 1.004390
3837.668457 0.000000 2339.629639 0.000000 0.468224 0.000000 -0.883610 1.400348 1.400348 1.400348
3828.841553 0.000000 2329.551025 0.000000 0.491343 0.000000 -0.870966 1.390611 1.390611 1.390611
4893.954102 0.000000 1175.475220 0.000000 0.858329 0.000000 -0.513100 1.020177 1.020177 1.020177
"}
