object={
	name="cactus_cholla_02_generator_1_0"
	render_pass=Map
	clamp_to_water_level=no
	generated_content=yes
	layer="grass_layer"
	pdxmesh="cactus_cholla_02_mesh"
	count=4551
	transform="3415.116699 0.000000 2646.552979 0.000000 0.929496 0.000000 -0.368833 1.033951 1.033951 1.033951
3413.049805 0.000000 2642.843018 0.000000 0.944548 0.000000 -0.328372 1.107753 1.107753 1.107753
3410.001221 0.000000 2635.341064 0.000000 0.806127 0.000000 0.591742 0.966802 0.966802 0.966802
3405.358154 0.000000 2639.499756 0.000000 0.469288 0.000000 -0.883045 1.140506 1.140506 1.140506
3418.006348 0.000000 2645.030273 0.000000 0.599282 0.000000 -0.800538 1.108912 1.108912 1.108912
3412.081299 0.000000 2626.588867 0.000000 0.998837 0.000000 -0.048218 1.003011 1.003011 1.003011
3415.610596 0.000000 2622.584717 0.000000 0.419673 0.000000 -0.907676 1.170421 1.170421 1.170421
3407.982422 0.000000 2638.346191 0.000000 0.996288 0.000000 -0.086077 1.036362 1.036362 1.036362
3411.903320 0.000000 2638.250977 0.000000 0.997389 0.000000 0.072210 0.992061 0.992061 0.992061
3410.160400 0.000000 2643.090820 0.000000 0.062505 0.000000 -0.998045 1.636356 1.636356 1.636356
3415.628662 0.000000 2644.049316 0.000000 0.994604 0.000000 -0.103742 1.043849 1.043849 1.043849
3407.658936 0.000000 2640.572510 0.000000 0.963071 0.000000 -0.269248 1.033349 1.033349 1.033349
3412.177490 0.000000 2645.006104 0.000000 0.746351 0.000000 0.665552 0.867281 0.867281 0.867281
3404.562500 0.000000 2641.626465 0.000000 0.359077 0.000000 -0.933308 1.081125 1.081125 1.081125
3419.038818 0.000000 2620.266113 0.000000 0.058140 0.000000 0.998308 0.539287 0.539287 0.539287
3424.732910 0.000000 2634.137207 0.000000 0.683320 0.000000 -0.730119 1.263600 1.263600 1.263600
3413.893066 0.000000 2625.273926 0.000000 0.867998 0.000000 0.496567 0.876756 0.876756 0.876756
3424.622803 0.000000 2631.811279 0.000000 0.765479 0.000000 0.643461 0.820253 0.820253 0.820253
3409.893066 0.000000 2637.586914 0.000000 0.988982 0.000000 0.148036 0.973663 0.973663 0.973663
3411.903320 0.000000 2636.113770 0.000000 0.708896 0.000000 0.705313 0.628652 0.628652 0.628652
3413.664307 0.000000 2634.323486 0.000000 0.855231 0.000000 -0.518246 1.165934 1.165934 1.165934
3415.608398 0.000000 2635.074463 0.000000 0.646792 0.000000 -0.762667 1.188405 1.188405 1.188405
3414.052246 0.000000 2627.303955 0.000000 0.501445 0.000000 -0.865189 1.553365 1.553365 1.553365
3408.332275 0.000000 2636.332520 0.000000 0.971657 0.000000 0.236396 0.957697 0.957697 0.957697
3419.239258 0.000000 2646.491455 0.000000 0.465098 0.000000 -0.885259 1.464073 1.464073 1.464073
3417.003174 0.000000 2646.755371 0.000000 0.478138 0.000000 -0.878285 1.382805 1.382805 1.382805
3420.579590 0.000000 2621.427734 0.000000 0.410041 0.000000 0.912067 0.469646 0.469646 0.469646
3417.206055 0.000000 2621.338867 0.000000 0.997900 0.000000 -0.064774 1.010195 1.010195 1.010195
3413.851562 0.000000 2644.401611 0.000000 0.637796 0.000000 -0.770205 1.160226 1.160226 1.160226
3422.814209 0.000000 2630.965576 0.000000 0.629374 0.000000 -0.777103 1.095548 1.095548 1.095548
3423.209961 0.000000 2634.995117 0.000000 0.893645 0.000000 -0.448774 1.085979 1.085979 1.085979
3411.501709 0.000000 2642.080078 0.000000 0.354794 0.000000 -0.934945 1.509719 1.509719 1.509719
3417.269287 0.000000 2623.032471 0.000000 0.450844 0.000000 -0.892603 1.454395 1.454395 1.454395
3429.807861 0.000000 2625.381592 0.000000 0.698907 0.000000 -0.715213 1.258644 1.258644 1.258644
3413.994141 0.000000 2622.432373 0.000000 0.988419 0.000000 -0.151747 1.013691 1.013691 1.013691
3406.137207 0.000000 2641.151123 0.000000 0.916165 0.000000 -0.400801 1.050448 1.050448 1.050448
3413.463135 0.000000 2645.928467 0.000000 0.802456 0.000000 0.596712 0.883471 0.883471 0.883471
3431.333496 0.000000 2625.072998 0.000000 0.298457 0.000000 -0.954423 1.291173 1.291173 1.291173
3414.721436 0.000000 2623.858887 0.000000 0.980789 0.000000 -0.195072 1.029409 1.029409 1.029409
3419.698242 0.000000 2647.983643 0.000000 0.016742 0.000000 0.999860 0.336559 0.336559 0.336559
3411.716553 0.000000 2643.560791 0.000000 0.076409 0.000000 -0.997077 1.630476 1.630476 1.630476
3428.659180 0.000000 2623.362305 0.000000 0.976184 0.000000 0.216943 0.977070 0.977070 0.977070
3410.616943 0.000000 2639.048096 0.000000 0.709423 0.000000 -0.704783 1.085914 1.085914 1.085914
3416.545166 0.000000 2645.354004 0.000000 0.983404 0.000000 -0.181432 1.037804 1.037804 1.037804
3409.170654 0.000000 2639.211182 0.000000 0.947807 0.000000 0.318844 0.893870 0.893870 0.893870
3406.796143 0.000000 2639.270752 0.000000 0.880180 0.000000 0.474640 0.791339 0.791339 0.791339
3425.126953 0.000000 2630.469971 0.000000 0.439132 0.000000 -0.898422 1.287015 1.287015 1.287015
3419.118652 0.000000 2644.178711 0.000000 0.974471 0.000000 -0.224512 1.026570 1.026570 1.026570
3430.557129 0.000000 2622.136230 0.000000 0.967232 0.000000 -0.253894 1.099335 1.099335 1.099335
3425.425781 0.000000 2635.510742 0.000000 0.951042 0.000000 0.309061 0.898809 0.898809 0.898809
3430.547607 0.000000 2620.792725 0.000000 0.960166 0.000000 0.279431 0.937075 0.937075 0.937075
3418.876709 0.000000 2623.724854 0.000000 0.999344 0.000000 -0.036217 1.007416 1.007416 1.007416
3410.625244 0.000000 2636.491455 0.000000 0.814106 0.000000 0.580716 0.706092 0.706092 0.706092
3431.480713 0.000000 2623.084229 0.000000 0.863780 0.000000 -0.503869 1.204345 1.204345 1.204345
3414.931152 0.000000 2645.152344 0.000000 0.404252 0.000000 0.914648 0.512840 0.512840 0.512840
3412.728027 0.000000 2637.116699 0.000000 0.979164 0.000000 -0.203073 1.049522 1.049522 1.049522
3422.197510 0.000000 2634.183838 0.000000 0.762004 0.000000 -0.647572 1.130133 1.130133 1.130133
3424.028320 0.000000 2633.016357 0.000000 0.999985 0.000000 0.005561 0.998875 0.998875 0.998875
3412.972656 0.000000 2635.462891 0.000000 0.608064 0.000000 -0.793888 1.279353 1.279353 1.279353
3415.348145 0.000000 2627.144531 0.000000 0.973146 0.000000 0.230187 0.877067 0.877067 0.877067
3415.137451 0.000000 2625.013184 0.000000 0.884834 0.000000 0.465907 0.852383 0.852383 0.852383
3425.265625 0.000000 2632.998779 0.000000 0.677740 0.000000 0.735301 0.832943 0.832943 0.832943
3417.802490 0.000000 2620.269531 0.000000 0.226209 0.000000 0.974079 0.788831 0.788831 0.788831
3420.233398 0.000000 2620.236328 0.000000 0.375740 0.000000 -0.926725 1.547583 1.547583 1.547583
3413.506592 0.000000 2624.168701 0.000000 0.523501 0.000000 0.852025 0.758122 0.758122 0.758122
3414.811768 0.000000 2634.086182 0.000000 0.812513 0.000000 0.582944 0.864826 0.864826 0.864826
3418.047607 0.000000 2646.182861 0.000000 0.959819 0.000000 0.280619 0.878570 0.878570 0.878570
3414.476807 0.000000 2635.243408 0.000000 0.648535 0.000000 0.761185 0.812092 0.812092 0.812092
3408.005127 0.000000 2639.469727 0.000000 0.246309 0.000000 -0.969191 1.432333 1.432333 1.432333
3414.600586 0.000000 2626.267822 0.000000 0.983167 0.000000 -0.182707 1.097247 1.097247 1.097247
3412.757812 0.000000 2643.990479 0.000000 0.457075 0.000000 -0.889428 1.353002 1.353002 1.353002
3429.354980 0.000000 2624.326904 0.000000 0.221079 0.000000 -0.975256 1.437455 1.437455 1.437455
3419.334717 0.000000 2621.362305 0.000000 0.857123 0.000000 -0.515111 1.164819 1.164819 1.164819
3412.760498 0.000000 2625.378174 0.000000 0.638129 0.000000 -0.769930 1.208411 1.208411 1.208411
3408.736816 0.000000 2637.355225 0.000000 0.778516 0.000000 0.627625 0.879733 0.879733 0.879733
3409.479004 0.000000 2636.486816 0.000000 0.222470 0.000000 -0.974939 1.238665 1.238665 1.238665
3417.028809 0.000000 2647.859619 0.000000 0.684222 0.000000 -0.729274 1.291767 1.291767 1.291767
3424.300293 0.000000 2635.173828 0.000000 0.439697 0.000000 0.898146 0.640736 0.640736 0.640736
3411.415039 0.000000 2637.286377 0.000000 0.807541 0.000000 -0.589811 1.299228 1.299228 1.299228
3428.718262 0.000000 2625.913086 0.000000 0.238457 0.000000 -0.971153 1.431660 1.431660 1.431660
3418.348389 0.000000 2647.224365 0.000000 0.977516 0.000000 0.210859 0.909301 0.909301 0.909301
3423.468262 0.000000 2633.952148 0.000000 0.246996 0.000000 0.969017 0.534914 0.534914 0.534914
3418.219482 0.000000 2621.571289 0.000000 0.988982 0.000000 0.148036 0.954745 0.954745 0.954745
3416.056641 0.000000 2647.119141 0.000000 0.489355 0.000000 -0.872085 1.378229 1.378229 1.378229
3430.437012 0.000000 2624.534668 0.000000 0.903691 0.000000 -0.428185 1.101631 1.101631 1.101631
3431.370605 0.000000 2624.076416 0.000000 0.755140 0.000000 -0.655563 1.164207 1.164207 1.164207
3416.280273 0.000000 2623.319824 0.000000 0.638442 0.000000 -0.769670 1.361808 1.361808 1.361808
3431.490967 0.000000 2620.456055 0.000000 0.414386 0.000000 0.910101 0.745916 0.745916 0.745916
3410.515137 0.000000 2642.166260 0.000000 0.341709 0.000000 -0.939806 1.515608 1.515608 1.515608
3421.497314 0.000000 2621.753662 0.000000 0.925244 0.000000 -0.379374 1.179719 1.179719 1.179719
3421.171631 0.000000 2620.577881 0.000000 0.996203 0.000000 -0.087065 1.040263 1.040263 1.040263
3416.776123 0.000000 2622.198486 0.000000 0.637894 0.000000 0.770124 0.637898 0.637898 0.637898
3415.673584 0.000000 2645.770996 0.000000 0.040363 0.000000 0.999185 0.354289 0.354289 0.354289
3407.058838 0.000000 2638.144775 0.000000 0.500049 0.000000 0.865997 0.558194 0.558194 0.558194
3409.075195 0.000000 2638.276611 0.000000 0.179891 0.000000 -0.983687 1.454570 1.454570 1.454570
3413.741699 0.000000 2643.477539 0.000000 0.906144 0.000000 0.422969 0.859353 0.859353 0.859353
3412.755615 0.000000 2634.536377 0.000000 0.965404 0.000000 0.260758 0.919650 0.919650 0.919650
3411.080078 0.000000 2642.872803 0.000000 0.416051 0.000000 0.909342 0.518298 0.518298 0.518298
3417.977783 0.000000 2623.696289 0.000000 0.544764 0.000000 -0.838589 1.409742 1.409742 1.409742
3412.114014 0.000000 2642.742676 0.000000 0.908519 0.000000 0.417843 0.861172 0.861172 0.861172
3410.126465 0.000000 2643.976562 0.000000 0.293763 0.000000 -0.955878 1.536946 1.536946 1.536946
3431.880127 0.000000 2622.291992 0.000000 0.589442 0.000000 -0.807810 1.363913 1.363913 1.363913
3408.782227 0.000000 2639.984375 0.000000 0.498954 0.000000 -0.866628 1.342878 1.342878 1.342878
3414.334961 0.000000 2645.821289 0.000000 0.740157 0.000000 -0.672434 1.311160 1.311160 1.311160
3417.806152 0.000000 2622.313721 0.000000 0.188840 0.000000 0.982008 0.431200 0.431200 0.431200
3412.075439 0.000000 2635.260254 0.000000 0.734929 0.000000 -0.678144 1.226983 1.226983 1.226983
3409.870361 0.000000 2638.577393 0.000000 0.292872 0.000000 0.956152 0.583483 0.583483 0.583483
3415.744629 0.000000 2644.922607 0.000000 0.441222 0.000000 -0.897398 1.469946 1.469946 1.469946
3425.408447 0.000000 2634.662354 0.000000 0.991297 0.000000 0.131642 0.957481 0.957481 0.957481
3421.844482 0.000000 2620.064453 0.000000 0.854098 0.000000 0.520112 0.747370 0.747370 0.747370
3416.391846 0.000000 2646.187988 0.000000 0.255439 0.000000 0.966825 0.531431 0.531431 0.531431
3418.869873 0.000000 2647.875488 0.000000 0.145562 0.000000 -0.989349 1.608225 1.608225 1.608225
3428.123535 0.000000 2624.104492 0.000000 0.191769 0.000000 0.981440 0.552823 0.552823 0.552823
3410.888672 0.000000 2643.667480 0.000000 0.815447 0.000000 -0.578831 1.260447 1.260447 1.260447
3390.601807 0.000000 2760.777832 0.000000 0.195762 0.000000 -0.980651 1.222928 1.222928 1.222928
3391.874756 0.000000 2757.351318 0.000000 0.995952 0.000000 -0.089884 1.029885 1.029885 1.029885
3398.647461 0.000000 2772.619385 0.000000 0.445382 0.000000 -0.895341 1.451373 1.451373 1.451373
3392.638916 0.000000 2754.513184 0.000000 0.454936 0.000000 -0.890524 1.433307 1.433307 1.433307
3393.061523 0.000000 2780.469238 0.000000 0.888646 0.000000 -0.458594 1.184355 1.184355 1.184355
3452.306152 0.000000 2735.024902 0.000000 0.798991 0.000000 0.601344 0.702016 0.702016 0.702016
3452.885254 0.000000 2730.183350 0.000000 0.449869 0.000000 0.893095 0.757416 0.757416 0.757416
3448.882812 0.000000 2739.371094 0.000000 0.911030 0.000000 -0.412341 1.081704 1.081704 1.081704
3453.370605 0.000000 2741.711426 0.000000 0.761788 0.000000 -0.647826 1.043985 1.043985 1.043985
3397.502441 0.000000 2770.500488 0.000000 0.982677 0.000000 0.185329 0.932521 0.932521 0.932521
3399.821045 0.000000 2775.399902 0.000000 0.660082 0.000000 -0.751193 1.097600 1.097600 1.097600
3434.671387 0.000000 2755.187256 0.000000 0.612198 0.000000 -0.790705 1.138882 1.138882 1.138882
3438.362305 0.000000 2754.340332 0.000000 0.850704 0.000000 0.525645 0.907421 0.907421 0.907421
3453.834229 0.000000 2739.270508 0.000000 0.046805 0.000000 0.998904 0.836399 0.836399 0.836399
3436.656982 0.000000 2755.624512 0.000000 0.647805 0.000000 0.761806 0.448625 0.448625 0.448625
3391.110596 0.000000 2781.096924 0.000000 0.954596 0.000000 0.297905 0.956198 0.956198 0.956198
3445.297852 0.000000 2738.465820 0.000000 0.104450 0.000000 0.994530 0.882869 0.882869 0.882869
3452.197754 0.000000 2738.040039 0.000000 0.326447 0.000000 -0.945215 1.132928 1.132928 1.132928
3441.625000 0.000000 2753.138916 0.000000 0.538157 0.000000 -0.842844 1.152677 1.152677 1.152677
3450.748535 0.000000 2733.854004 0.000000 0.975948 0.000000 0.218006 0.974213 0.974213 0.974213
3455.413818 0.000000 2731.731445 0.000000 0.343606 0.000000 0.939114 0.454785 0.454785 0.454785
3390.773438 0.000000 2754.100830 0.000000 0.865373 0.000000 0.501128 0.956755 0.956755 0.956755
3449.743408 0.000000 2741.049561 0.000000 0.895875 0.000000 0.444306 0.881611 0.881611 0.881611
3393.707031 0.000000 2757.021729 0.000000 0.887487 0.000000 -0.460832 1.104024 1.104024 1.104024
3439.498291 0.000000 2750.777588 0.000000 0.886930 0.000000 0.461903 0.929277 0.929277 0.929277
3399.489990 0.000000 2770.951416 0.000000 0.807450 0.000000 0.589936 0.810967 0.810967 0.810967
3390.996826 0.000000 2758.978760 0.000000 0.994461 0.000000 -0.105105 1.039433 1.039433 1.039433
3392.592773 0.000000 2751.461426 0.000000 0.180937 0.000000 0.983495 0.660200 0.660200 0.660200
3390.682129 0.000000 2756.025391 0.000000 0.343751 0.000000 0.939061 0.594947 0.594947 0.594947
3400.621582 0.000000 2772.474854 0.000000 0.047135 0.000000 0.998888 0.790788 0.790788 0.790788
3394.049561 0.000000 2750.444824 0.000000 0.810936 0.000000 0.585135 0.917296 0.917296 0.917296
3389.113281 0.000000 2759.803223 0.000000 0.795199 0.000000 0.606349 0.923559 0.923559 0.923559
3453.877197 0.000000 2734.415039 0.000000 0.144773 0.000000 0.989465 0.341611 0.341611 0.341611
3447.112549 0.000000 2739.260986 0.000000 0.999150 0.000000 -0.041229 1.006178 1.006178 1.006178
3450.258545 0.000000 2735.413818 0.000000 0.996440 0.000000 0.084304 0.991360 0.991360 0.991360
3388.148926 0.000000 2761.277832 0.000000 0.325440 0.000000 0.945563 0.817453 0.817453 0.817453
3394.090576 0.000000 2753.763916 0.000000 0.960026 0.000000 0.279910 0.963878 0.963878 0.963878
3452.243652 0.000000 2731.755859 0.000000 0.924171 0.000000 -0.381980 1.086107 1.086107 1.086107
3398.739258 0.000000 2774.246338 0.000000 0.838864 0.000000 0.544341 0.933897 0.933897 0.933897
3440.884033 0.000000 2751.616211 0.000000 0.784975 0.000000 -0.619528 1.110091 1.110091 1.110091
3435.630859 0.000000 2756.824219 0.000000 0.702776 0.000000 0.711411 0.606770 0.606770 0.606770
3452.216797 0.000000 2733.336914 0.000000 0.948029 0.000000 0.318185 0.850442 0.850442 0.850442
3442.661621 0.000000 2740.637207 0.000000 0.995846 0.000000 0.091052 0.963807 0.963807 0.963807
3450.254395 0.000000 2738.697021 0.000000 0.459269 0.000000 -0.888297 1.311253 1.311253 1.311253
3392.296143 0.000000 2752.994141 0.000000 0.100536 0.000000 0.994933 0.482509 0.482509 0.482509
3454.271729 0.000000 2730.823486 0.000000 0.882277 0.000000 0.470731 0.780974 0.780974 0.780974
3392.557129 0.000000 2756.030029 0.000000 0.113472 0.000000 0.993541 0.683523 0.683523 0.683523
3437.725586 0.000000 2756.585938 0.000000 0.606742 0.000000 -0.794899 1.128460 1.128460 1.128460
3400.194336 0.000000 2773.985840 0.000000 0.008345 0.000000 0.999965 0.785460 0.785460 0.785460
3448.279297 0.000000 2740.722656 0.000000 0.296313 0.000000 0.955091 0.673435 0.673435 0.673435
3395.398193 0.000000 2751.211914 0.000000 0.907357 0.000000 -0.420361 1.057405 1.057405 1.057405
3391.902100 0.000000 2760.397705 0.000000 0.574257 0.000000 0.818675 0.844361 0.844361 0.844361
3453.533203 0.000000 2735.745361 0.000000 0.791789 0.000000 0.610795 0.696527 0.696527 0.696527
3392.922119 0.000000 2781.894287 0.000000 0.862409 0.000000 -0.506213 1.205396 1.205396 1.205396
3388.096191 0.000000 2758.601807 0.000000 0.045387 0.000000 -0.998969 1.178986 1.178986 1.178986
3389.412842 0.000000 2761.730713 0.000000 0.665159 0.000000 0.746702 0.875816 0.875816 0.875816
3390.572998 0.000000 2757.697510 0.000000 0.958526 0.000000 -0.285005 1.095964 1.095964 1.095964
3445.023926 0.000000 2741.076904 0.000000 0.761686 0.000000 -0.647946 1.263967 1.263967 1.263967
3451.699951 0.000000 2741.183105 0.000000 0.138309 0.000000 -0.990389 1.339640 1.339640 1.339640
3443.198486 0.000000 2741.760254 0.000000 0.744370 0.000000 -0.667767 1.290253 1.290253 1.290253
3393.602783 0.000000 2755.358887 0.000000 0.632711 0.000000 0.774388 0.650613 0.650613 0.650613
3398.333252 0.000000 2771.421387 0.000000 0.838493 0.000000 -0.544913 1.172647 1.172647 1.172647
3437.105957 0.000000 2754.478516 0.000000 0.990263 0.000000 -0.139213 1.088914 1.088914 1.088914
3440.461426 0.000000 2753.669922 0.000000 0.649308 0.000000 -0.760526 1.131597 1.131597 1.131597
3437.937500 0.000000 2755.437012 0.000000 0.071604 0.000000 -0.997433 1.954376 1.954376 1.954376
3396.363037 0.000000 2770.936035 0.000000 0.734529 0.000000 -0.678577 1.269988 1.269988 1.269988
3434.512451 0.000000 2756.331543 0.000000 0.983652 0.000000 0.180082 0.910042 0.910042 0.910042
3450.257568 0.000000 2740.023193 0.000000 0.497362 0.000000 0.867543 0.750912 0.750912 0.750912
3448.977051 0.000000 2741.946533 0.000000 0.658395 0.000000 -0.752672 1.219116 1.219116 1.219116
3438.629883 0.000000 2752.501465 0.000000 0.087775 0.000000 -0.996140 1.744133 1.744133 1.744133
3453.383057 0.000000 2731.519775 0.000000 0.880777 0.000000 -0.473531 1.108375 1.108375 1.108375
3439.255127 0.000000 2753.680420 0.000000 0.037656 0.000000 0.999291 0.230665 0.230665 0.230665
3393.923096 0.000000 2781.315918 0.000000 0.687045 0.000000 0.726615 0.685250 0.685250 0.685250
3393.394043 0.000000 2752.884521 0.000000 0.424137 0.000000 0.905598 0.601244 0.601244 0.601244
3451.363037 0.000000 2738.778564 0.000000 0.932704 0.000000 -0.360643 1.105008 1.105008 1.105008
3399.588867 0.000000 2772.084229 0.000000 0.731704 0.000000 0.681622 0.694806 0.694806 0.694806
3393.266357 0.000000 2783.012207 0.000000 0.480362 0.000000 0.877070 0.495251 0.495251 0.495251
3454.369141 0.000000 2731.954346 0.000000 0.907979 0.000000 0.419015 0.806786 0.806786 0.806786
3399.530273 0.000000 2773.167236 0.000000 0.982322 0.000000 -0.187200 1.076631 1.076631 1.076631
3391.980225 0.000000 2758.586914 0.000000 0.084558 0.000000 -0.996419 1.556532 1.556532 1.556532
3392.986328 0.000000 2750.490479 0.000000 0.836975 0.000000 0.547241 0.858325 0.858325 0.858325
3393.604736 0.000000 2751.414551 0.000000 0.246829 0.000000 0.969059 0.676707 0.676707 0.676707
3452.897461 0.000000 2734.122803 0.000000 0.440334 0.000000 0.897834 0.485105 0.485105 0.485105
3443.796387 0.000000 2740.924072 0.000000 0.319415 0.000000 0.947615 0.505524 0.505524 0.505524
3452.047607 0.000000 2730.787842 0.000000 0.939902 0.000000 0.341444 0.923446 0.923446 0.923446
3455.245117 0.000000 2730.760498 0.000000 0.200226 0.000000 0.979750 0.388125 0.388125 0.388125
3390.445801 0.000000 2759.804199 0.000000 0.999999 0.000000 -0.001327 1.000497 1.000497 1.000497
3392.252441 0.000000 2781.075439 0.000000 0.972666 0.000000 -0.232208 1.090684 1.090684 1.090684
3391.640625 0.000000 2756.401367 0.000000 0.159394 0.000000 -0.987215 1.468417 1.468417 1.468417
3450.735352 0.000000 2741.125732 0.000000 0.369337 0.000000 -0.929295 1.282828 1.282828 1.282828
3449.166748 0.000000 2740.285889 0.000000 0.926419 0.000000 -0.376493 1.099260 1.099260 1.099260
3452.593750 0.000000 2735.914551 0.000000 0.529647 0.000000 0.848218 0.532313 0.532313 0.532313
3447.563965 0.000000 2741.501709 0.000000 0.551677 0.000000 -0.834058 1.278280 1.278280 1.278280
3452.701660 0.000000 2732.565674 0.000000 0.017425 0.000000 0.999848 0.282558 0.282558 0.282558
3446.579834 0.000000 2740.054443 0.000000 0.730305 0.000000 -0.683121 1.212155 1.212155 1.212155
3445.920410 0.000000 2740.835693 0.000000 0.124012 0.000000 -0.992281 1.541675 1.541675 1.541675
3393.155762 0.000000 2753.741699 0.000000 0.550548 0.000000 0.834804 0.652290 0.652290 0.652290
3390.889160 0.000000 2756.885986 0.000000 0.848428 0.000000 -0.529311 1.185209 1.185209 1.185209
3453.201660 0.000000 2734.957031 0.000000 0.163258 0.000000 -0.986583 1.649748 1.649748 1.649748
3393.650391 0.000000 2754.498779 0.000000 0.242361 0.000000 -0.970186 1.523046 1.523046 1.523046
3391.594482 0.000000 2759.609863 0.000000 0.994669 0.000000 -0.103116 1.038684 1.038684 1.038684
3438.454834 0.000000 2753.401367 0.000000 0.471611 0.000000 0.881807 0.458210 0.458210 0.458210
3391.269531 0.000000 2758.159180 0.000000 0.033148 0.000000 -0.999450 1.575820 1.575820 1.575820
3392.839355 0.000000 2752.259521 0.000000 0.827660 0.000000 0.561230 0.790246 0.790246 0.790246
3434.967041 0.000000 2757.337402 0.000000 0.199186 0.000000 0.979962 0.319232 0.319232 0.319232
3410.097168 0.000000 2837.758545 0.000000 0.799258 0.000000 -0.600988 1.072433 1.072433 1.072433
3415.116699 0.000000 2838.521729 0.000000 0.871903 0.000000 0.489679 0.854361 0.854361 0.854361
3433.883057 0.000000 2833.022949 0.000000 0.625323 0.000000 -0.780366 1.227974 1.227974 1.227974
3413.049805 0.000000 2834.811768 0.000000 0.053751 0.000000 -0.998554 1.159067 1.159067 1.159067
3395.840332 0.000000 2784.048828 0.000000 0.637819 0.000000 0.770186 0.844169 0.844169 0.844169
3390.273926 0.000000 2783.679443 0.000000 0.966147 0.000000 -0.257993 1.008469 1.008469 1.008469
3447.736328 0.000000 2801.074707 0.000000 0.687544 0.000000 -0.726142 1.324629 1.324629 1.324629
3450.606445 0.000000 2811.038086 0.000000 0.172810 0.000000 -0.984955 1.279037 1.279037 1.279037
3454.110352 0.000000 2807.209717 0.000000 0.991202 0.000000 -0.132355 1.019884 1.019884 1.019884
3408.621094 0.000000 2810.263916 0.000000 0.987981 0.000000 -0.154576 1.008524 1.008524 1.008524
3454.185303 0.000000 2817.667480 0.000000 0.285720 0.000000 0.958313 0.680182 0.680182 0.680182
3410.160400 0.000000 2835.059570 0.000000 0.672575 0.000000 -0.740029 1.033279 1.033279 1.033279
3436.506348 0.000000 2821.144775 0.000000 0.823827 0.000000 0.566841 0.873615 0.873615 0.873615
3439.169434 0.000000 2821.062744 0.000000 0.562861 0.000000 0.826551 0.851830 0.851830 0.851830
3440.683838 0.000000 2818.448486 0.000000 0.797861 0.000000 0.602842 0.735072 0.735072 0.735072
3412.401611 0.000000 2839.169922 0.000000 0.111012 0.000000 0.993819 0.952630 0.952630 0.952630
3415.628662 0.000000 2836.018066 0.000000 0.099773 0.000000 0.995010 0.687874 0.687874 0.687874
3431.588867 0.000000 2835.792969 0.000000 0.285596 0.000000 -0.958350 1.118344 1.118344 1.118344
3393.382812 0.000000 2783.697998 0.000000 0.994778 0.000000 0.102059 0.951759 0.951759 0.951759
3431.178223 0.000000 2833.185059 0.000000 0.088630 0.000000 -0.996065 1.451401 1.451401 1.451401
3454.737305 0.000000 2821.291504 0.000000 0.920151 0.000000 0.391564 0.931698 0.931698 0.931698
3412.177490 0.000000 2836.974854 0.000000 0.900008 0.000000 -0.435873 1.217311 1.217311 1.217311
3452.696045 0.000000 2809.107910 0.000000 0.413819 0.000000 0.910359 0.911451 0.911451 0.911451
3445.175049 0.000000 2801.628174 0.000000 0.685722 0.000000 -0.727864 1.384651 1.384651 1.384651
3452.074463 0.000000 2818.137207 0.000000 0.300698 0.000000 0.953719 0.838888 0.838888 0.838888
3394.492920 0.000000 2785.593506 0.000000 0.151963 0.000000 -0.988386 1.251390 1.251390 1.251390
3454.156006 0.000000 2812.976074 0.000000 0.283165 0.000000 0.959071 0.621830 0.621830 0.621830
3448.539062 0.000000 2811.267334 0.000000 0.230470 0.000000 0.973080 0.368557 0.368557 0.368557
3417.003174 0.000000 2838.724121 0.000000 0.369325 0.000000 0.929300 0.490904 0.490904 0.490904
3454.512451 0.000000 2819.520996 0.000000 0.810437 0.000000 -0.585826 1.303142 1.303142 1.303142
3432.668213 0.000000 2834.365967 0.000000 0.647040 0.000000 -0.762456 1.396151 1.396151 1.396151
3452.303955 0.000000 2811.659180 0.000000 0.490571 0.000000 -0.871401 1.446409 1.446409 1.446409
3413.851562 0.000000 2836.370361 0.000000 0.645994 0.000000 -0.763343 1.418459 1.418459 1.418459
3392.013184 0.000000 2784.799316 0.000000 0.865345 0.000000 -0.501177 1.180861 1.180861 1.180861
3454.630859 0.000000 2809.154297 0.000000 0.162309 0.000000 -0.986740 1.189786 1.189786 1.189786
3447.219971 0.000000 2799.391846 0.000000 0.982223 0.000000 0.187718 0.977842 0.977842 0.977842
3453.086914 0.000000 2821.876221 0.000000 0.949515 0.000000 0.313723 0.835884 0.835884 0.835884
3455.532959 0.000000 2811.580566 0.000000 0.648839 0.000000 -0.760926 1.485744 1.485744 1.485744
3455.511475 0.000000 2805.938477 0.000000 0.443338 0.000000 -0.896355 1.321883 1.321883 1.321883
3454.529053 0.000000 2802.489990 0.000000 0.229795 0.000000 0.973239 0.488567 0.488567 0.488567
3413.463135 0.000000 2837.897217 0.000000 0.649547 0.000000 0.760322 0.583788 0.583788 0.583788
3432.895996 0.000000 2836.655273 0.000000 0.996001 0.000000 0.089345 0.982579 0.982579 0.982579
3437.856445 0.000000 2820.284180 0.000000 0.741464 0.000000 -0.670993 1.154252 1.154252 1.154252
3412.850586 0.000000 2811.418457 0.000000 0.925082 0.000000 0.379768 0.876490 0.876490 0.876490
3446.173828 0.000000 2800.477539 0.000000 0.426479 0.000000 0.904498 0.548544 0.548544 0.548544
3439.287842 0.000000 2819.085693 0.000000 0.831865 0.000000 0.554977 0.728270 0.728270 0.728270
3446.610352 0.000000 2801.963379 0.000000 0.517581 0.000000 -0.855634 1.410143 1.410143 1.410143
3432.472168 0.000000 2832.585693 0.000000 0.666916 0.000000 -0.745133 1.214091 1.214091 1.214091
3453.245117 0.000000 2818.877197 0.000000 0.175446 0.000000 -0.984489 1.177545 1.177545 1.177545
3410.786621 0.000000 2836.552734 0.000000 0.926966 0.000000 -0.375144 1.043202 1.043202 1.043202
3452.046631 0.000000 2810.316162 0.000000 0.937580 0.000000 0.347769 0.850139 0.850139 0.850139
3414.931152 0.000000 2837.121094 0.000000 0.518724 0.000000 0.854942 0.782395 0.782395 0.782395
3393.252686 0.000000 2785.293457 0.000000 0.974549 0.000000 -0.224176 1.077896 1.077896 1.077896
3394.519287 0.000000 2784.257812 0.000000 0.782460 0.000000 -0.622701 1.119149 1.119149 1.119149
3449.512451 0.000000 2810.437744 0.000000 0.505767 0.000000 -0.862670 1.490970 1.490970 1.490970
3455.080566 0.000000 2807.985596 0.000000 0.999475 0.000000 0.032412 0.995144 0.995144 0.995144
3453.764893 0.000000 2820.555664 0.000000 0.999287 0.000000 -0.037755 1.019421 1.019421 1.019421
3433.167969 0.000000 2835.464355 0.000000 0.430267 0.000000 0.902702 0.485563 0.485563 0.485563
3453.531494 0.000000 2811.963867 0.000000 0.959655 0.000000 -0.281179 1.120255 1.120255 1.120255
3444.376221 0.000000 2800.693115 0.000000 0.795580 0.000000 0.605848 0.692907 0.692907 0.692907
3455.063965 0.000000 2810.443115 0.000000 0.994018 0.000000 0.109221 0.938526 0.938526 0.938526
3455.083740 0.000000 2818.403076 0.000000 0.078369 0.000000 0.996924 0.277211 0.277211 0.277211
3415.159912 0.000000 2839.643555 0.000000 0.899079 0.000000 0.437787 0.871035 0.871035 0.871035
3417.028809 0.000000 2839.828369 0.000000 0.778376 0.000000 0.627798 0.710247 0.710247 0.710247
3449.554199 0.000000 2811.661133 0.000000 0.961546 0.000000 -0.274643 1.131277 1.131277 1.131277
3455.517090 0.000000 2816.837891 0.000000 0.514723 0.000000 0.857357 0.742828 0.742828 0.742828
3454.573975 0.000000 2812.014648 0.000000 0.393125 0.000000 0.919485 0.656279 0.656279 0.656279
3416.056641 0.000000 2839.087891 0.000000 0.810294 0.000000 -0.586024 1.267307 1.267307 1.267307
3411.440430 0.000000 2810.052246 0.000000 0.576114 0.000000 -0.817369 1.403702 1.403702 1.403702
3454.803223 0.000000 2805.084961 0.000000 0.206050 0.000000 0.978541 0.605201 0.605201 0.605201
3452.946045 0.000000 2810.889404 0.000000 0.997538 0.000000 -0.070132 1.029614 1.029614 1.029614
3433.725830 0.000000 2834.131348 0.000000 0.313162 0.000000 0.949700 0.427875 0.427875 0.427875
3441.860596 0.000000 2818.386963 0.000000 0.968296 0.000000 -0.249804 1.103373 1.103373 1.103373
3438.862793 0.000000 2818.180908 0.000000 0.136402 0.000000 0.990654 0.337706 0.337706 0.337706
3414.123535 0.000000 2838.642334 0.000000 0.929648 0.000000 0.368450 0.892606 0.892606 0.892606
3432.991455 0.000000 2833.418701 0.000000 0.961124 0.000000 0.276118 0.928762 0.928762 0.928762
3433.492676 0.000000 2832.121826 0.000000 0.995634 0.000000 -0.093338 1.023803 1.023803 1.023803
3455.220947 0.000000 2803.166504 0.000000 0.763683 0.000000 0.645592 0.731933 0.731933 0.731933
3455.280762 0.000000 2813.374023 0.000000 0.873245 0.000000 -0.487281 1.149940 1.149940 1.149940
3454.169678 0.000000 2818.627930 0.000000 0.238260 0.000000 0.971201 0.355733 0.355733 0.355733
3441.216309 0.000000 2819.264648 0.000000 0.967958 0.000000 -0.251111 1.103926 1.103926 1.103926
3454.114258 0.000000 2804.458008 0.000000 0.786637 0.000000 0.617416 0.807285 0.807285 0.807285
3447.077881 0.000000 2800.304688 0.000000 0.518268 0.000000 0.855218 0.590178 0.590178 0.590178
3413.341553 0.000000 2810.520264 0.000000 0.153557 0.000000 -0.988140 1.449159 1.449159 1.449159
3445.260498 0.000000 2800.348633 0.000000 0.688542 0.000000 -0.725197 1.382819 1.382819 1.382819
3413.121582 0.000000 2837.045166 0.000000 0.269233 0.000000 -0.963075 1.625517 1.625517 1.625517
3412.527100 0.000000 2837.882812 0.000000 0.540135 0.000000 0.841579 0.518070 0.518070 0.518070
3447.546387 0.000000 2801.960938 0.000000 0.895214 0.000000 0.445636 0.815501 0.815501 0.815501
3433.972412 0.000000 2834.996582 0.000000 0.603057 0.000000 -0.797698 1.421903 1.421903 1.421903
3412.215088 0.000000 2810.696533 0.000000 0.824843 0.000000 -0.565361 1.190513 1.190513 1.190513
3392.899902 0.000000 2784.477295 0.000000 0.811828 0.000000 0.583897 0.785182 0.785182 0.785182
3455.480225 0.000000 2812.491455 0.000000 0.538676 0.000000 -0.842513 1.295162 1.295162 1.295162
3454.365234 0.000000 2803.342773 0.000000 0.980462 0.000000 -0.196707 1.075630 1.075630 1.075630
3413.716309 0.000000 2811.469482 0.000000 0.845689 0.000000 -0.533675 1.178487 1.178487 1.178487
3452.848389 0.000000 2821.000000 0.000000 0.864573 0.000000 -0.502507 1.270771 1.270771 1.270771
3453.940674 0.000000 2821.681396 0.000000 0.543178 0.000000 0.839618 0.487470 0.487470 0.487470
3392.414795 0.000000 2785.570068 0.000000 0.677591 0.000000 0.735439 0.715315 0.715315 0.715315
3445.999268 0.000000 2801.362305 0.000000 0.908744 0.000000 0.417355 0.796854 0.796854 0.796854
3440.154541 0.000000 2819.132324 0.000000 0.722790 0.000000 0.691068 0.687616 0.687616 0.687616
3446.842773 0.000000 2801.149170 0.000000 0.388541 0.000000 -0.921431 1.468052 1.468052 1.468052
3430.420410 0.000000 2832.770752 0.000000 0.891500 0.000000 0.453021 0.856802 0.856802 0.856802
3416.391846 0.000000 2838.156738 0.000000 0.126867 0.000000 -0.991920 1.616281 1.616281 1.616281
3432.466064 0.000000 2835.910889 0.000000 0.940025 0.000000 -0.341105 1.159032 1.159032 1.159032
3455.317139 0.000000 2819.239746 0.000000 0.336015 0.000000 0.941857 0.405187 0.405187 0.405187
3454.695801 0.000000 2811.201660 0.000000 0.669719 0.000000 -0.742615 1.470144 1.470144 1.470144
3438.157715 0.000000 2819.520752 0.000000 0.885096 0.000000 0.465408 0.776415 0.776415 0.776415
3393.904297 0.000000 2784.800049 0.000000 0.242366 0.000000 -0.970185 1.456836 1.456836 1.456836
3743.493164 0.000000 2162.666748 0.000000 0.837796 0.000000 0.545984 0.917811 0.917811 0.917811
3742.167969 0.000000 2168.946045 0.000000 0.728699 0.000000 -0.684834 1.139367 1.139367 1.139367
3742.901611 0.000000 2166.164795 0.000000 0.999997 0.000000 -0.002266 1.000419 1.000419 1.000419
3741.863525 0.000000 2167.274414 0.000000 0.725981 0.000000 0.687715 0.895873 0.895873 0.895873
3740.766357 0.000000 2164.434814 0.000000 0.316349 0.000000 -0.948643 1.171489 1.171489 1.171489
3742.884766 0.000000 2172.933838 0.000000 0.014789 0.000000 -0.999891 1.279695 1.279695 1.279695
3742.200684 0.000000 2164.737793 0.000000 0.744057 0.000000 0.668116 0.864827 0.864827 0.864827
3742.308105 0.000000 2170.895996 0.000000 0.705944 0.000000 0.708268 0.854598 0.854598 0.854598
3743.182373 0.000000 2175.594971 0.000000 0.650236 0.000000 0.759732 0.896595 0.896595 0.896595
3742.989014 0.000000 2171.789551 0.000000 0.650712 0.000000 -0.759325 1.159301 1.159301 1.159301
3846.369629 0.000000 2106.019531 0.000000 0.492643 0.000000 0.870232 0.836597 0.836597 0.836597
3842.177246 0.000000 2110.446045 0.000000 0.026779 0.000000 0.999641 0.838102 0.838102 0.838102
3847.302734 0.000000 2098.573975 0.000000 0.930412 0.000000 -0.366515 1.025295 1.025295 1.025295
3845.055664 0.000000 2098.551270 0.000000 0.073600 0.000000 -0.997288 1.123343 1.123343 1.123343
3833.923828 0.000000 2088.898926 0.000000 0.665231 0.000000 -0.746637 1.079974 1.079974 1.079974
3830.863525 0.000000 2088.962402 0.000000 0.964595 0.000000 0.263737 0.962686 0.962686 0.962686
3847.947754 0.000000 2106.688965 0.000000 0.739938 0.000000 0.672675 0.885796 0.885796 0.885796
3843.220459 0.000000 2109.383057 0.000000 0.221350 0.000000 0.975194 0.858698 0.858698 0.858698
3844.636230 0.000000 2097.164062 0.000000 0.674410 0.000000 -0.738357 1.095391 1.095391 1.095391
3845.294434 0.000000 2109.699219 0.000000 0.275506 0.000000 -0.961299 1.154788 1.154788 1.154788
3846.831055 0.000000 2107.473389 0.000000 0.998363 0.000000 -0.057199 1.008858 1.008858 1.008858
3779.841553 0.000000 2146.024170 0.000000 0.526091 0.000000 -0.850428 1.035539 1.035539 1.035539
3773.914307 0.000000 2156.402100 0.000000 0.494074 0.000000 0.869420 0.989474 0.989474 0.989474
3751.906250 0.000000 2159.015137 0.000000 0.621300 0.000000 0.783572 0.950547 0.950547 0.950547
3783.718506 0.000000 2174.691650 0.000000 0.204235 0.000000 -0.978922 1.047713 1.047713 1.047713
3785.445312 0.000000 2141.730225 0.000000 0.351980 0.000000 0.936008 0.969764 0.969764 0.969764
3779.087646 0.000000 2152.516846 0.000000 0.832027 0.000000 0.554735 0.967702 0.967702 0.967702
3803.512207 0.000000 2176.561035 0.000000 0.477096 0.000000 0.878851 0.949082 0.949082 0.949082
3779.703125 0.000000 2157.912598 0.000000 0.675969 0.000000 -0.736930 1.041369 1.041369 1.041369
3812.570312 0.000000 2168.176025 0.000000 0.739653 0.000000 -0.672988 1.020274 1.020274 1.020274
3747.709717 0.000000 2158.797363 0.000000 0.338455 0.000000 0.940982 0.969404 0.969404 0.969404
3789.249023 0.000000 2141.346436 0.000000 0.647354 0.000000 -0.762190 1.062748 1.062748 1.062748
3810.178467 0.000000 2145.284668 0.000000 0.504234 0.000000 0.863567 0.981785 0.981785 0.981785
3782.006348 0.000000 2142.702637 0.000000 0.682227 0.000000 0.731141 0.971340 0.971340 0.971340
3794.131592 0.000000 2140.740479 0.000000 0.443768 0.000000 0.896142 0.936206 0.936206 0.936206
3769.783691 0.000000 2177.990723 0.000000 0.775591 0.000000 -0.631235 1.028994 1.028994 1.028994
3794.263916 0.000000 2163.985107 0.000000 0.707158 0.000000 0.707056 0.956867 0.956867 0.956867
3787.281982 0.000000 2164.934082 0.000000 0.344069 0.000000 0.938944 0.936062 0.936062 0.936062
3804.041992 0.000000 2164.066162 0.000000 0.895527 0.000000 0.445007 0.981578 0.981578 0.981578
3787.383057 0.000000 2174.988525 0.000000 0.522901 0.000000 0.852393 0.941400 0.941400 0.941400
3791.730957 0.000000 2141.492676 0.000000 0.397421 0.000000 -0.917636 1.084135 1.084135 1.084135
3792.629395 0.000000 2193.861084 0.000000 0.409604 0.000000 0.912263 0.787770 0.787770 0.787770
3801.458740 0.000000 2163.719971 0.000000 0.842289 0.000000 0.539026 0.955942 0.955942 0.955942
3787.247803 0.000000 2190.550537 0.000000 0.208631 0.000000 -0.977994 1.190224 1.190224 1.190224
3779.493652 0.000000 2154.675537 0.000000 0.556103 0.000000 0.831114 0.946114 0.946114 0.946114
3801.616943 0.000000 2190.073486 0.000000 0.996394 0.000000 -0.084852 1.015695 1.015695 1.015695
3789.511475 0.000000 2165.021240 0.000000 0.867534 0.000000 0.497379 0.972708 0.972708 0.972708
3807.960205 0.000000 2193.349854 0.000000 0.104795 0.000000 0.994494 0.729200 0.729200 0.729200
3788.265137 0.000000 2186.902832 0.000000 0.049875 0.000000 -0.998755 1.280978 1.280978 1.280978
3789.405518 0.000000 2193.752197 0.000000 0.737724 0.000000 -0.675102 1.103611 1.103611 1.103611
3812.035400 0.000000 2146.246582 0.000000 0.879494 0.000000 -0.475910 1.033434 1.033434 1.033434
3795.754150 0.000000 2188.174072 0.000000 0.875621 0.000000 -0.482998 1.093125 1.093125 1.093125
3797.766602 0.000000 2175.810059 0.000000 0.826378 0.000000 -0.563116 1.035840 1.035840 1.035840
3810.581055 0.000000 2189.742920 0.000000 0.329682 0.000000 0.944092 0.771872 0.771872 0.771872
3786.864502 0.000000 2188.494385 0.000000 0.028781 0.000000 0.999586 0.715122 0.715122 0.715122
3783.359619 0.000000 2187.709229 0.000000 0.025108 0.000000 -0.999685 1.146637 1.146637 1.146637
3799.028320 0.000000 2185.853027 0.000000 0.958215 0.000000 -0.286049 1.053595 1.053595 1.053595
3814.186035 0.000000 2189.146240 0.000000 0.954345 0.000000 0.298708 0.943960 0.943960 0.943960
3786.062744 0.000000 2179.166016 0.000000 0.826759 0.000000 -0.562556 1.110380 1.110380 1.110380
3787.734863 0.000000 2178.025879 0.000000 0.660012 0.000000 -0.751255 1.157026 1.157026 1.157026
3803.255615 0.000000 2189.026123 0.000000 0.323487 0.000000 -0.946232 1.229339 1.229339 1.229339
3810.454590 0.000000 2186.325439 0.000000 0.975841 0.000000 0.218481 0.959309 0.959309 0.959309
3795.432617 0.000000 2195.438721 0.000000 0.819481 0.000000 0.573106 0.904012 0.904012 0.904012
3792.694092 0.000000 2195.788330 0.000000 0.999543 0.000000 -0.030243 1.003323 1.003323 1.003323
3779.108398 0.000000 2173.559570 0.000000 0.289443 0.000000 0.957195 0.764053 0.764053 0.764053
3778.461182 0.000000 2170.247070 0.000000 0.051765 0.000000 0.998659 0.719371 0.719371 0.719371
3758.616699 0.000000 2177.373535 0.000000 0.009873 0.000000 -0.999951 1.190949 1.190949 1.190949
3750.793213 0.000000 2172.620605 0.000000 0.698023 0.000000 0.716076 0.852544 0.852544 0.852544
3784.812500 0.000000 2185.347656 0.000000 0.449737 0.000000 -0.893161 1.204018 1.204018 1.204018
3795.409424 0.000000 2191.528564 0.000000 0.856261 0.000000 -0.516544 1.100281 1.100281 1.100281
3812.887939 0.000000 2183.512695 0.000000 0.996186 0.000000 0.087258 0.983859 0.983859 0.983859
3773.199463 0.000000 2170.776123 0.000000 0.439932 0.000000 0.898031 0.793959 0.793959 0.793959
3804.678223 0.000000 2194.784180 0.000000 0.930879 0.000000 0.365329 0.930908 0.930908 0.930908
3749.283691 0.000000 2175.197021 0.000000 0.974343 0.000000 0.225070 0.958060 0.958060 0.958060
3761.409424 0.000000 2173.806641 0.000000 0.989957 0.000000 -0.141367 1.026205 1.026205 1.026205
3790.433594 0.000000 2178.260986 0.000000 0.069120 0.000000 0.997608 0.722584 0.722584 0.722584
3768.979736 0.000000 2169.911865 0.000000 0.981517 0.000000 0.191377 0.964425 0.964425 0.964425
3750.388184 0.000000 2162.957764 0.000000 0.303239 0.000000 -0.952914 1.233278 1.233278 1.233278
3767.534424 0.000000 2171.913330 0.000000 0.513537 0.000000 0.858068 0.809437 0.809437 0.809437
3791.217773 0.000000 2184.248291 0.000000 0.753391 0.000000 -0.657573 1.132571 1.132571 1.132571
3754.167969 0.000000 2162.511963 0.000000 0.940017 0.000000 0.341128 0.935687 0.935687 0.935687
3749.641113 0.000000 2169.154785 0.000000 0.147917 0.000000 0.989000 0.737231 0.737231 0.737231
3770.998291 0.000000 2173.921631 0.000000 0.396181 0.000000 0.918172 0.785060 0.785060 0.785060
3752.553711 0.000000 2175.555176 0.000000 0.982856 0.000000 0.184375 0.965742 0.965742 0.965742
3762.945068 0.000000 2171.956543 0.000000 0.999325 0.000000 -0.036726 1.006786 1.006786 1.006786
3755.819580 0.000000 2161.676025 0.000000 0.488548 0.000000 -0.872537 1.195898 1.195898 1.195898
3781.678955 0.000000 2170.678711 0.000000 0.462530 0.000000 -0.886603 1.201362 1.201362 1.201362
3801.792725 0.000000 2186.263184 0.000000 0.662665 0.000000 -0.748916 1.156372 1.156372 1.156372
3773.812500 0.000000 2164.479736 0.000000 0.555079 0.000000 -0.831798 1.181482 1.181482 1.181482
3788.781982 0.000000 2181.627197 0.000000 0.287600 0.000000 -0.957750 1.236302 1.236302 1.236302
3756.029053 0.000000 2176.551270 0.000000 0.855685 0.000000 0.517496 0.933461 0.933461 0.933461
3746.507568 0.000000 2164.621094 0.000000 0.793223 0.000000 0.608931 0.879045 0.879045 0.879045
3747.438232 0.000000 2172.211182 0.000000 0.546851 0.000000 0.837230 0.816697 0.816697 0.816697
3793.042480 0.000000 2180.139648 0.000000 0.776935 0.000000 0.629581 0.874187 0.874187 0.874187
3763.236084 0.000000 2165.335449 0.000000 0.736486 0.000000 0.676453 0.862747 0.862747 0.862747
3800.036133 0.000000 2178.925049 0.000000 0.641849 0.000000 0.766831 0.838554 0.838554 0.838554
3754.010498 0.000000 2174.538574 0.000000 0.007840 0.000000 -0.999969 1.288748 1.288748 1.288748
3785.793945 0.000000 2166.189941 0.000000 0.279014 0.000000 0.960287 0.762044 0.762044 0.762044
3765.464844 0.000000 2170.410400 0.000000 0.466517 0.000000 -0.884512 1.200531 1.200531 1.200531
3785.381836 0.000000 2181.704346 0.000000 0.398614 0.000000 -0.917119 1.214450 1.214450 1.214450
3745.439453 0.000000 2176.222900 0.000000 0.926467 0.000000 -0.376377 1.046242 1.046242 1.046242
3782.795166 0.000000 2166.198975 0.000000 0.686430 0.000000 0.727196 0.849576 0.849576 0.849576
3773.635742 0.000000 2158.113281 0.000000 0.944988 0.000000 -0.327104 1.061564 1.061564 1.061564
3747.753418 0.000000 2174.466797 0.000000 0.670637 0.000000 -0.741785 1.154396 1.154396 1.154396
3771.462646 0.000000 2162.158203 0.000000 0.977826 0.000000 0.209420 0.961022 0.961022 0.961022
3790.392090 0.000000 2187.738525 0.000000 0.553432 0.000000 0.832895 0.818153 0.818153 0.818153
3760.632812 0.000000 2158.859863 0.000000 0.539125 0.000000 0.842226 0.864998 0.864998 0.864998
3749.278320 0.000000 2171.682129 0.000000 0.332860 0.000000 0.942976 0.772494 0.772494 0.772494
3768.468994 0.000000 2173.330566 0.000000 0.439166 0.000000 -0.898406 1.206198 1.206198 1.206198
3762.211426 0.000000 2175.496582 0.000000 0.289510 0.000000 -0.957175 1.235934 1.235934 1.235934
3752.260254 0.000000 2171.707031 0.000000 0.068351 0.000000 -0.997661 1.277559 1.277559 1.277559
3800.499268 0.000000 2142.732666 0.000000 0.792757 0.000000 0.609538 0.890359 0.890359 0.890359
3761.089111 0.000000 2176.970459 0.000000 0.404311 0.000000 -0.914622 1.109533 1.109533 1.109533
3799.291992 0.000000 2188.295654 0.000000 0.999853 0.000000 -0.017174 1.003173 1.003173 1.003173
3747.475830 0.000000 2177.985107 0.000000 0.996976 0.000000 -0.077711 1.012623 1.012623 1.012623
3776.016846 0.000000 2160.281250 0.000000 0.907444 0.000000 0.420172 0.919888 0.919888 0.919888
3796.564209 0.000000 2193.972900 0.000000 0.477406 0.000000 0.878683 0.801751 0.801751 0.801751
3809.718994 0.000000 2151.186035 0.000000 0.429957 0.000000 0.902849 0.791913 0.791913 0.791913
3792.221191 0.000000 2185.784424 0.000000 0.007021 0.000000 0.999975 0.711101 0.711101 0.711101
3774.042969 0.000000 2173.643066 0.000000 0.999423 0.000000 -0.033963 1.006276 1.006276 1.006276
3782.446777 0.000000 2168.546387 0.000000 0.263709 0.000000 -0.964602 1.240894 1.240894 1.240894
3750.771484 0.000000 2174.400391 0.000000 0.964937 0.000000 0.262481 0.950933 0.950933 0.950933
3807.541748 0.000000 2145.821533 0.000000 0.223076 0.000000 -0.974801 1.245274 1.245274 1.245274
3801.648682 0.000000 2183.123535 0.000000 0.554207 0.000000 -0.832379 1.181675 1.181675 1.181675
3745.865967 0.000000 2167.086182 0.000000 0.505923 0.000000 0.862579 0.807802 0.807802 0.807802
3748.264160 0.000000 2164.793457 0.000000 0.627948 0.000000 0.778255 0.835230 0.835230 0.835230
3793.834717 0.000000 2192.102539 0.000000 0.700180 0.000000 0.713967 0.853101 0.853101 0.853101
3811.161865 0.000000 2154.377930 0.000000 0.104545 0.000000 -0.994520 1.270847 1.270847 1.270847
3783.135498 0.000000 2183.948242 0.000000 0.983051 0.000000 0.183332 0.982509 0.982509 0.982509
3759.141113 0.000000 2174.491943 0.000000 0.655112 0.000000 -0.755532 1.158227 1.158227 1.158227
3766.098145 0.000000 2161.229248 0.000000 0.120515 0.000000 0.992711 0.732123 0.732123 0.732123
3799.156006 0.000000 2191.760742 0.000000 0.240212 0.000000 -0.970720 1.245380 1.245380 1.245380
3755.639648 0.000000 2159.733887 0.000000 0.616698 0.000000 -0.787200 1.081450 1.081450 1.081450
3762.089844 0.000000 2164.071045 0.000000 0.999977 0.000000 0.006734 0.998756 0.998756 0.998756
3804.732666 0.000000 2147.274658 0.000000 0.791982 0.000000 -0.610545 1.121331 1.121331 1.121331
3790.956299 0.000000 2190.473145 0.000000 0.996718 0.000000 0.080953 0.985028 0.985028 0.985028
3812.858887 0.000000 2186.442627 0.000000 0.422195 0.000000 0.906505 0.790328 0.790328 0.790328
3754.051514 0.000000 2177.857666 0.000000 0.076354 0.000000 -0.997081 1.220115 1.220115 1.220115
3799.516113 0.000000 2193.358398 0.000000 0.592187 0.000000 0.805800 0.826890 0.826890 0.826890
3812.204590 0.000000 2155.849609 0.000000 0.813792 0.000000 0.581157 0.885431 0.885431 0.885431
3793.970459 0.000000 2194.817383 0.000000 0.405232 0.000000 -0.914214 1.126717 1.126717 1.126717
3751.687012 0.000000 2167.472412 0.000000 0.824823 0.000000 0.565391 0.888986 0.888986 0.888986
3785.070068 0.000000 2168.600098 0.000000 0.660014 0.000000 0.751254 0.842975 0.842975 0.842975
3798.327393 0.000000 2161.313721 0.000000 0.247280 0.000000 -0.968944 1.224247 1.224247 1.224247
3757.650635 0.000000 2158.719238 0.000000 0.065232 0.000000 -0.997870 1.135310 1.135310 1.135310
3810.420166 0.000000 2184.660645 0.000000 0.993067 0.000000 -0.117552 1.021767 1.021767 1.021767
3777.130371 0.000000 2163.643311 0.000000 0.521354 0.000000 0.853341 0.811125 0.811125 0.811125
3789.076904 0.000000 2179.102295 0.000000 0.580654 0.000000 0.814150 0.824259 0.824259 0.824259
3780.948975 0.000000 2147.319824 0.000000 0.286171 0.000000 0.958179 0.782604 0.782604 0.782604
3802.050049 0.000000 2145.518799 0.000000 0.751253 0.000000 0.660014 0.866829 0.866829 0.866829
3759.954590 0.000000 2173.136963 0.000000 0.592761 0.000000 0.805378 0.827021 0.827021 0.827021
3756.255371 0.000000 2168.284180 0.000000 0.877275 0.000000 -0.479988 1.092491 1.092491 1.092491
3800.401611 0.000000 2148.124268 0.000000 0.869498 0.000000 0.493936 0.904559 0.904559 0.904559
3786.392822 0.000000 2160.595947 0.000000 0.540426 0.000000 -0.841391 1.184717 1.184717 1.184717
3748.380127 0.000000 2160.337158 0.000000 0.958881 0.000000 0.283808 0.946837 0.946837 0.946837
3793.318115 0.000000 2188.725342 0.000000 0.911667 0.000000 0.410930 0.921766 0.921766 0.921766
3795.591797 0.000000 2180.917969 0.000000 0.984829 0.000000 -0.173530 1.032222 1.032222 1.032222
3798.025635 0.000000 2189.234131 0.000000 0.156459 0.000000 -0.987684 1.261172 1.261172 1.261172
3760.979736 0.000000 2167.058594 0.000000 0.675168 0.000000 0.737664 0.846735 0.846735 0.846735
3813.229248 0.000000 2181.971924 0.000000 0.864816 0.000000 -0.502089 1.097178 1.097178 1.097178
3756.938965 0.000000 2164.412109 0.000000 0.405960 0.000000 0.913891 0.787032 0.787032 0.787032
3773.424072 0.000000 2166.006592 0.000000 0.976517 0.000000 -0.215440 1.040116 1.040116 1.040116
3812.177734 0.000000 2157.430664 0.000000 0.993589 0.000000 -0.113053 1.020931 1.020931 1.020931
3754.165039 0.000000 2172.966797 0.000000 0.372671 0.000000 0.927964 0.780355 0.780355 0.780355
3791.079834 0.000000 2174.567627 0.000000 0.999234 0.000000 0.039130 0.995701 0.995701 0.995701
3791.294434 0.000000 2145.151123 0.000000 0.103583 0.000000 0.994621 0.728975 0.728975 0.728975
3751.556152 0.000000 2164.385742 0.000000 0.379597 0.000000 -0.925152 1.218264 1.218264 1.218264
3787.759766 0.000000 2148.788086 0.000000 0.966644 0.000000 -0.256125 1.047851 1.047851 1.047851
3800.552490 0.000000 2150.180420 0.000000 0.876196 0.000000 -0.481956 1.092905 1.092905 1.092905
3802.600098 0.000000 2192.261230 0.000000 0.348509 0.000000 0.937306 0.775569 0.775569 0.775569
3804.421143 0.000000 2192.434570 0.000000 0.535109 0.000000 -0.844783 1.185883 1.185883 1.185883
3776.804688 0.000000 2174.144531 0.000000 0.958547 0.000000 0.284935 0.946620 0.946620 0.946620
3749.172363 0.000000 2166.032227 0.000000 0.231270 0.000000 -0.972890 1.247080 1.247080 1.247080
3770.839111 0.000000 2167.299316 0.000000 0.813399 0.000000 0.581706 0.885306 0.885306 0.885306
3786.206543 0.000000 2183.791992 0.000000 0.963067 0.000000 0.269261 0.949634 0.949634 0.949634
3779.659180 0.000000 2168.061768 0.000000 0.952367 0.000000 -0.304954 1.057250 1.057250 1.057250
3760.011963 0.000000 2165.136475 0.000000 0.955175 0.000000 -0.296042 1.055524 1.055524 1.055524
3787.714600 0.000000 2176.497070 0.000000 0.021815 0.000000 -0.999762 1.232026 1.232026 1.232026
3743.960693 0.000000 2168.686768 0.000000 0.386694 0.000000 -0.922208 1.216844 1.216844 1.216844
3788.679199 0.000000 2150.699951 0.000000 0.896508 0.000000 -0.443027 1.084793 1.084793 1.084793
3755.336426 0.000000 2170.552979 0.000000 0.997969 0.000000 0.063695 0.988225 0.988225 0.988225
3767.901611 0.000000 2168.740479 0.000000 0.853769 0.000000 0.520651 0.898831 0.898831 0.898831
3814.974609 0.000000 2150.909424 0.000000 0.790872 0.000000 -0.611981 1.121666 1.121666 1.121666
3794.057373 0.000000 2185.483398 0.000000 0.512450 0.000000 0.858717 0.809203 0.809203 0.809203
3768.871094 0.000000 2166.839111 0.000000 0.743256 0.000000 -0.669007 1.135394 1.135394 1.135394
3811.826660 0.000000 2160.601807 0.000000 0.316134 0.000000 0.948715 0.769227 0.769227 0.769227
3787.822266 0.000000 2163.415283 0.000000 0.832265 0.000000 0.554378 0.891441 0.891441 0.891441
3804.760254 0.000000 2190.022949 0.000000 0.408954 0.000000 0.912555 0.787638 0.787638 0.787638
3814.893799 0.000000 2166.164795 0.000000 0.932165 0.000000 0.362033 0.931562 0.931562 0.931562
3789.161377 0.000000 2175.272461 0.000000 0.849363 0.000000 -0.527809 1.061078 1.061078 1.061078
3804.416748 0.000000 2150.431641 0.000000 0.911304 0.000000 -0.411734 1.078398 1.078398 1.078398
3813.855713 0.000000 2167.274414 0.000000 0.631285 0.000000 -0.775551 1.132954 1.132954 1.132954
3770.724609 0.000000 2171.153076 0.000000 0.939401 0.000000 0.342821 0.935355 0.935355 0.935355
3791.889648 0.000000 2187.461182 0.000000 0.875235 0.000000 -0.483699 1.093273 1.093273 1.093273
3810.215332 0.000000 2162.790771 0.000000 0.172796 0.000000 0.984958 0.741888 0.741888 0.741888
3780.726807 0.000000 2172.932373 0.000000 0.972333 0.000000 0.233599 0.956441 0.956441 0.956441
3758.970947 0.000000 2163.049805 0.000000 0.071202 0.000000 -0.997462 1.277031 1.277031 1.277031
3772.719727 0.000000 2168.793945 0.000000 0.483321 0.000000 0.875443 0.802997 0.802997 0.802997
3771.677490 0.000000 2163.638916 0.000000 0.991099 0.000000 0.133130 0.975332 0.975332 0.975332
3751.119385 0.000000 2168.875244 0.000000 0.342606 0.000000 0.939479 0.774407 0.774407 0.774407
3788.620117 0.000000 2143.440430 0.000000 0.454960 0.000000 0.890512 0.797064 0.797064 0.797064
3752.257080 0.000000 2177.087891 0.000000 0.415643 0.000000 0.909528 0.814657 0.814657 0.814657
3757.149414 0.000000 2174.228027 0.000000 0.152268 0.000000 -0.988339 1.261955 1.261955 1.261955
3776.551514 0.000000 2175.649658 0.000000 0.108107 0.000000 -0.994139 1.270185 1.270185 1.270185
3773.888916 0.000000 2167.792725 0.000000 0.893639 0.000000 0.448786 0.914019 0.914019 0.914019
3807.197754 0.000000 2150.631836 0.000000 0.898090 0.000000 -0.439812 1.084131 1.084131 1.084131
3797.055908 0.000000 2186.121582 0.000000 0.937320 0.000000 -0.348470 1.065758 1.065758 1.065758
3769.259766 0.000000 2164.465576 0.000000 0.545712 0.000000 0.837973 0.816446 0.816446 0.816446
3744.060791 0.000000 2163.651855 0.000000 0.934579 0.000000 0.355755 0.932804 0.932804 0.932804
3786.771240 0.000000 2186.861816 0.000000 0.998767 0.000000 -0.049639 1.009174 1.009174 1.009174
3788.763184 0.000000 2190.318604 0.000000 0.705796 0.000000 -0.708415 1.145440 1.145440 1.145440
3750.906738 0.000000 2160.151611 0.000000 0.999420 0.000000 -0.034052 1.006292 1.006292 1.006292
3770.577881 0.000000 2159.126221 0.000000 0.983334 0.000000 -0.181807 1.033776 1.033776 1.033776
3806.389160 0.000000 2144.712646 0.000000 0.070413 0.000000 0.997518 0.726569 0.726569 0.726569
3803.322266 0.000000 2154.611328 0.000000 0.716075 0.000000 -0.698023 1.142740 1.142740 1.142740
3801.951172 0.000000 2150.699219 0.000000 0.776368 0.000000 0.630280 0.874020 0.874020 0.874020
3746.422852 0.000000 2170.066406 0.000000 0.615006 0.000000 -0.788522 1.167822 1.167822 1.167822
3793.087646 0.000000 2182.750732 0.000000 0.999098 0.000000 0.042457 0.992154 0.992154 0.992154
3811.354492 0.000000 2179.749756 0.000000 0.924612 0.000000 -0.380910 1.072194 1.072194 1.072194
3759.177734 0.000000 2176.010986 0.000000 0.090091 0.000000 -0.995934 1.181121 1.181121 1.181121
3812.758545 0.000000 2164.434814 0.000000 0.617348 0.000000 -0.786690 1.167273 1.167273 1.167273
3788.182373 0.000000 2183.247314 0.000000 0.668829 0.000000 0.743416 0.845154 0.845154 0.845154
3801.883301 0.000000 2142.123047 0.000000 0.751843 0.000000 -0.659343 1.120424 1.120424 1.120424
3775.233154 0.000000 2158.446045 0.000000 0.926191 0.000000 0.377055 0.928575 0.928575 0.928575
3808.917236 0.000000 2161.968506 0.000000 0.584605 0.000000 -0.811318 1.174843 1.174843 1.174843
3814.232666 0.000000 2154.917236 0.000000 0.702765 0.000000 -0.711422 1.146229 1.146229 1.146229
3799.199951 0.000000 2184.396240 0.000000 0.128940 0.000000 0.991652 0.733691 0.733691 0.733691
3746.291504 0.000000 2175.037109 0.000000 0.999118 0.000000 -0.041983 1.007758 1.007758 1.007758
3752.906006 0.000000 2170.290527 0.000000 0.589162 0.000000 0.808015 0.826197 0.826197 0.826197
3782.629639 0.000000 2149.098145 0.000000 0.524117 0.000000 -0.851646 1.188277 1.188277 1.188277
3808.166016 0.000000 2178.767822 0.000000 0.227111 0.000000 -0.973869 1.247869 1.247869 1.247869
3775.125488 0.000000 2170.633301 0.000000 0.730195 0.000000 0.683239 0.861037 0.861037 0.861037
3803.169922 0.000000 2148.491211 0.000000 0.927925 0.000000 -0.372768 1.070571 1.070571 1.070571
3792.656006 0.000000 2142.666992 0.000000 0.551474 0.000000 0.834192 0.817719 0.817719 0.817719
3760.169922 0.000000 2169.988525 0.000000 0.908752 0.000000 0.417336 0.920465 0.920465 0.920465
3786.462646 0.000000 2180.679688 0.000000 0.980234 0.000000 -0.197843 1.036793 1.036793 1.036793
3776.506104 0.000000 2165.432129 0.000000 0.118651 0.000000 0.992936 0.731776 0.731776 0.731776
3792.585205 0.000000 2190.020508 0.000000 0.897684 0.000000 -0.440640 1.084301 1.084301 1.084301
3778.442139 0.000000 2161.415283 0.000000 0.912226 0.000000 -0.409688 1.077983 1.077983 1.077983
3797.814697 0.000000 2182.969482 0.000000 0.104312 0.000000 0.994545 0.729110 0.729110 0.729110
3804.597412 0.000000 2152.189209 0.000000 0.427528 0.000000 0.904002 0.791416 0.791416 0.791416
3803.340088 0.000000 2153.008057 0.000000 0.884997 0.000000 0.465597 0.910526 0.910526 0.910526
3790.375488 0.000000 2159.968262 0.000000 0.341600 0.000000 0.939845 0.774209 0.774209 0.774209
3776.169678 0.000000 2171.766113 0.000000 0.641049 0.000000 0.767500 0.838361 0.838361 0.838361
3748.271240 0.000000 2161.852783 0.000000 0.980777 0.000000 0.195134 0.963717 0.963717 0.963717
3809.727539 0.000000 2178.807617 0.000000 0.858402 0.000000 0.512978 0.900487 0.900487 0.900487
3764.731689 0.000000 2173.473389 0.000000 0.552516 0.000000 0.833502 0.817950 0.817950 0.817950
3811.385498 0.000000 2176.831787 0.000000 0.608677 0.000000 0.793418 0.830699 0.830699 0.830699
3769.131592 0.000000 2159.289307 0.000000 0.999994 0.000000 -0.003475 1.000642 1.000642 1.000642
3800.264404 0.000000 2144.343750 0.000000 0.928370 0.000000 0.371656 0.929651 0.929651 0.929651
3766.017090 0.000000 2166.707764 0.000000 0.681334 0.000000 -0.731973 1.151715 1.151715 1.151715
3763.950195 0.000000 2158.634033 0.000000 0.553117 0.000000 -0.833103 1.132750 1.132750 1.132750
3758.142822 0.000000 2165.864502 0.000000 0.815139 0.000000 -0.579265 1.114140 1.114140 1.114140
3807.490723 0.000000 2191.809082 0.000000 0.741000 0.000000 0.671505 0.863984 0.863984 0.863984
3797.686523 0.000000 2180.679688 0.000000 0.302050 0.000000 0.953292 0.766491 0.766491 0.766491
3799.955078 0.000000 2186.975830 0.000000 0.164426 0.000000 -0.986390 1.259681 1.259681 1.259681
3796.829102 0.000000 2191.970947 0.000000 0.862892 0.000000 -0.505389 1.097884 1.097884 1.097884
3761.132080 0.000000 2161.886475 0.000000 0.957076 0.000000 0.289836 0.945675 0.945675 0.945675
3774.585205 0.000000 2163.080811 0.000000 0.357181 0.000000 0.934035 0.777282 0.777282 0.777282
3766.757080 0.000000 2159.348877 0.000000 0.484049 0.000000 0.875041 0.811131 0.811131 0.811131
3810.673096 0.000000 2149.309082 0.000000 0.992646 0.000000 0.121052 0.977581 0.977581 0.977581
3750.628906 0.000000 2166.089600 0.000000 0.246974 0.000000 0.969022 0.755908 0.755908 0.755908
3778.551758 0.000000 2171.782715 0.000000 0.648536 0.000000 -0.761184 1.159829 1.159829 1.159829
3792.433105 0.000000 2160.695068 0.000000 0.616359 0.000000 -0.787465 1.167505 1.167505 1.167505
3808.240234 0.000000 2164.816406 0.000000 0.996954 0.000000 -0.077992 1.014423 1.014423 1.014423
3809.449219 0.000000 2157.222412 0.000000 0.943042 0.000000 -0.332673 1.062654 1.062654 1.062654
3758.291016 0.000000 2161.216797 0.000000 0.990218 0.000000 -0.139531 1.025862 1.025862 1.025862
3802.733643 0.000000 2160.077637 0.000000 0.400500 0.000000 0.916297 0.785930 0.785930 0.785930
3753.130127 0.000000 2167.464844 0.000000 0.684656 0.000000 -0.728866 1.150874 1.150874 1.150874
3745.021240 0.000000 2170.026855 0.000000 0.999752 0.000000 0.022267 0.995886 0.995886 0.995886
3772.869629 0.000000 2159.348877 0.000000 0.981977 0.000000 0.188999 0.964872 0.964872 0.964872
3779.478271 0.000000 2175.017578 0.000000 0.975257 0.000000 0.221073 0.960487 0.960487 0.960487
3751.339111 0.000000 2161.911377 0.000000 0.551214 0.000000 0.834364 0.817661 0.817661 0.817661
3800.543213 0.000000 2159.028564 0.000000 0.951199 0.000000 -0.308580 1.057954 1.057954 1.057954
3811.000244 0.000000 2181.133057 0.000000 0.969002 0.000000 0.247052 0.953881 0.953881 0.953881
3773.370361 0.000000 2172.325439 0.000000 0.020469 0.000000 -0.999790 1.286414 1.286414 1.286414
3783.531494 0.000000 2173.241211 0.000000 0.725095 0.000000 0.688649 0.867249 0.867249 0.867249
3794.384277 0.000000 2175.424805 0.000000 0.862654 0.000000 -0.505795 1.058253 1.058253 1.058253
3800.780273 0.000000 2154.341064 0.000000 0.954366 0.000000 -0.298640 1.056027 1.056027 1.056027
3813.209961 0.000000 2174.739014 0.000000 0.998591 0.000000 0.053073 0.990190 0.990190 0.990190
3788.270752 0.000000 2191.697754 0.000000 0.310502 0.000000 -0.950573 1.231868 1.231868 1.231868
3762.645020 0.000000 2166.655762 0.000000 0.413487 0.000000 -0.910510 1.211443 1.211443 1.211443
3787.738281 0.000000 2161.292969 0.000000 0.994626 0.000000 0.103533 0.980839 0.980839 0.980839
3755.359131 0.000000 2175.305664 0.000000 0.129186 0.000000 0.991620 0.733737 0.733737 0.733737
3801.011475 0.000000 2193.637207 0.000000 0.713397 0.000000 -0.700760 1.143447 1.143447 1.143447
3810.758301 0.000000 2174.195068 0.000000 0.640255 0.000000 0.768162 0.838170 0.838170 0.838170
3785.997070 0.000000 2151.583496 0.000000 0.688166 0.000000 -0.725553 1.149983 1.149983 1.149983
3810.499512 0.000000 2172.347412 0.000000 0.857512 0.000000 0.514463 0.906913 0.906913 0.906913
3782.987793 0.000000 2144.355713 0.000000 0.969300 0.000000 0.245882 0.957825 0.957825 0.957825
3749.086182 0.000000 2163.606689 0.000000 0.723358 0.000000 -0.690473 1.140802 1.140802 1.140802
3805.643311 0.000000 2149.802490 0.000000 0.624176 0.000000 0.781284 0.834336 0.834336 0.834336
3785.087891 0.000000 2150.548096 0.000000 0.812793 0.000000 0.582553 0.885114 0.885114 0.885114
3790.616211 0.000000 2162.616455 0.000000 0.964001 0.000000 0.265900 0.950278 0.950278 0.950278
3770.585693 0.000000 2172.532227 0.000000 0.596410 0.000000 0.802680 0.827860 0.827860 0.827860
3805.999756 0.000000 2195.247559 0.000000 0.397163 0.000000 0.917748 0.785258 0.785258 0.785258
3763.978027 0.000000 2168.896973 0.000000 0.827951 0.000000 0.560800 0.890012 0.890012 0.890012
3779.079590 0.000000 2164.256836 0.000000 0.750126 0.000000 -0.661295 1.133486 1.133486 1.133486
3745.215332 0.000000 2172.708008 0.000000 0.625767 0.000000 0.780010 0.834712 0.834712 0.834712
3783.374023 0.000000 2171.400146 0.000000 0.803935 0.000000 0.594717 0.882334 0.882334 0.882334
3757.765381 0.000000 2171.475098 0.000000 0.523539 0.000000 -0.852001 1.188402 1.188402 1.188402
3775.689453 0.000000 2173.143311 0.000000 0.966336 0.000000 0.257285 0.951927 0.951927 0.951927
3807.363525 0.000000 2158.427246 0.000000 0.796003 0.000000 -0.605292 1.120108 1.120108 1.120108
3814.876953 0.000000 2172.933838 0.000000 0.740324 0.000000 -0.672250 1.136202 1.136202 1.136202
3807.510498 0.000000 2147.906250 0.000000 0.985429 0.000000 -0.170086 1.031576 1.031576 1.031576
3802.059814 0.000000 2152.272949 0.000000 0.782628 0.000000 -0.622490 1.124134 1.124134 1.124134
3814.875977 0.000000 2157.609863 0.000000 0.983520 0.000000 0.180797 0.966414 0.966414 0.966414
3770.747559 0.000000 2164.662109 0.000000 0.996998 0.000000 -0.077423 1.014318 1.014318 1.014318
3744.281006 0.000000 2171.421387 0.000000 0.299094 0.000000 0.954224 0.765919 0.765919 0.765919
3746.271973 0.000000 2177.377441 0.000000 0.373710 0.000000 0.927546 0.807250 0.807250 0.807250
3763.169922 0.000000 2161.322510 0.000000 0.120588 0.000000 0.992703 0.732136 0.732136 0.732136
3812.807129 0.000000 2189.072021 0.000000 0.469528 0.000000 0.882918 0.800099 0.800099 0.800099
3800.539795 0.000000 2180.270752 0.000000 0.752882 0.000000 -0.658156 1.132714 1.132714 1.132714
3815.021240 0.000000 2185.921143 0.000000 0.619242 0.000000 0.785200 0.833172 0.833172 0.833172
3787.284424 0.000000 2143.882568 0.000000 0.899536 0.000000 0.436847 0.916479 0.916479 0.916479
3811.775879 0.000000 2175.174561 0.000000 0.040716 0.000000 0.999171 0.717328 0.717328 0.717328
3790.518066 0.000000 2142.214355 0.000000 0.054460 0.000000 -0.998516 1.280130 1.280130 1.280130
3784.023682 0.000000 2186.534424 0.000000 0.660878 0.000000 -0.750494 1.156813 1.156813 1.156813
3789.355713 0.000000 2153.478271 0.000000 0.922674 0.000000 0.385581 0.926871 0.926871 0.926871
3786.129639 0.000000 2154.262939 0.000000 0.229256 0.000000 0.973366 0.752538 0.752538 0.752538
3791.722900 0.000000 2179.733887 0.000000 0.896878 0.000000 -0.442278 1.084638 1.084638 1.084638
3782.607666 0.000000 2146.244141 0.000000 0.674783 0.000000 -0.738016 1.153361 1.153361 1.153361
3793.679199 0.000000 2178.127441 0.000000 0.978706 0.000000 -0.205266 1.038193 1.038193 1.038193
3785.045166 0.000000 2146.580322 0.000000 0.509790 0.000000 -0.860299 1.191369 1.191369 1.191369
3787.508057 0.000000 2151.719482 0.000000 0.749005 0.000000 -0.662564 1.133799 1.133799 1.133799
3784.618896 0.000000 2188.361328 0.000000 0.033442 0.000000 -0.999441 1.214931 1.214931 1.214931
3784.740479 0.000000 2178.667969 0.000000 0.901879 0.000000 0.431989 0.933088 0.933088 0.933088
3797.590576 0.000000 2177.229492 0.000000 0.449590 0.000000 -0.893235 1.204048 1.204048 1.204048
3813.494141 0.000000 2159.839111 0.000000 0.027678 0.000000 0.999617 0.714918 0.714918 0.714918
3769.562988 0.000000 2161.878662 0.000000 0.626557 0.000000 -0.779375 1.165100 1.165100 1.165100
3792.599609 0.000000 2177.179443 0.000000 0.984768 0.000000 -0.173872 1.032286 1.032286 1.032286
3766.223145 0.000000 2171.548096 0.000000 0.969469 0.000000 -0.245215 1.045769 1.045769 1.045769
3779.818359 0.000000 2170.112305 0.000000 0.880736 0.000000 -0.473607 1.091150 1.091150 1.091150
3785.386719 0.000000 2155.588867 0.000000 0.999990 0.000000 -0.004410 1.000815 1.000815 1.000815
3814.192871 0.000000 2164.737793 0.000000 0.224180 0.000000 -0.974548 1.248425 1.248425 1.248425
3794.832275 0.000000 2187.193115 0.000000 0.978140 0.000000 0.207948 0.961300 0.961300 0.961300
3795.331787 0.000000 2176.527100 0.000000 0.867490 0.000000 -0.497455 1.096189 1.096189 1.096189
3791.728516 0.000000 2182.998779 0.000000 0.730192 0.000000 0.683242 0.861036 0.861036 0.861036
3804.019287 0.000000 2155.946045 0.000000 0.741858 0.000000 -0.670557 1.135780 1.135780 1.135780
3765.959473 0.000000 2174.720459 0.000000 0.184014 0.000000 -0.982924 1.256006 1.256006 1.256006
3743.633301 0.000000 2165.966309 0.000000 0.732371 0.000000 0.680906 0.861626 0.861626 0.861626
3787.509033 0.000000 2146.389648 0.000000 0.993644 0.000000 -0.112566 1.020840 1.020840 1.020840
3803.033203 0.000000 2149.930664 0.000000 0.967069 0.000000 0.254514 0.952457 0.952457 0.952457
3809.961426 0.000000 2146.675293 0.000000 0.127857 0.000000 0.991793 0.733490 0.733490 0.733490
3790.225586 0.000000 2181.419434 0.000000 0.619112 0.000000 -0.785303 1.166859 1.166859 1.166859
3767.562012 0.000000 2174.299316 0.000000 0.887984 0.000000 -0.459874 1.088281 1.088281 1.088281
3810.695312 0.000000 2187.642090 0.000000 0.947796 0.000000 0.318877 0.940042 0.940042 0.940042
3758.415039 0.000000 2169.720459 0.000000 0.398909 0.000000 -0.916990 1.214390 1.214390 1.214390
3798.258545 0.000000 2190.697266 0.000000 0.232919 0.000000 -0.972496 1.246767 1.246767 1.246767
3800.467285 0.000000 2189.170898 0.000000 0.444622 0.000000 0.895718 0.794925 0.794925 0.794925
3805.779785 0.000000 2148.245850 0.000000 0.458141 0.000000 -0.888880 1.202276 1.202276 1.202276
3807.059570 0.000000 2160.247070 0.000000 0.563711 0.000000 0.825972 0.820442 0.820442 0.820442
3800.455811 0.000000 2190.829834 0.000000 0.801599 0.000000 0.597862 0.881610 0.881610 0.881610
3773.732666 0.000000 2160.824463 0.000000 0.226817 0.000000 -0.973937 1.247925 1.247925 1.247925
3813.821533 0.000000 2179.632324 0.000000 0.846258 0.000000 0.532773 0.896197 0.896197 0.896197
3775.969482 0.000000 2162.857666 0.000000 0.899650 0.000000 -0.436611 1.083473 1.083473 1.083473
3796.709229 0.000000 2189.105225 0.000000 0.960406 0.000000 -0.278605 1.052161 1.052161 1.052161
3798.604004 0.000000 2181.671143 0.000000 0.461273 0.000000 0.887258 0.798376 0.798376 0.798376
3805.816162 0.000000 2157.956299 0.000000 0.356682 0.000000 0.934226 0.777183 0.777183 0.777183
3756.730957 0.000000 2172.961426 0.000000 0.427557 0.000000 0.903988 0.791422 0.791422 0.791422
3810.852295 0.000000 2151.874268 0.000000 0.999500 0.000000 -0.031628 1.005844 1.005844 1.005844
3815.174561 0.000000 2175.594971 0.000000 0.466077 0.000000 0.884744 0.799378 0.799378 0.799378
3812.462402 0.000000 2179.019531 0.000000 0.953177 0.000000 -0.302414 1.056758 1.056758 1.056758
3800.931396 0.000000 2153.016357 0.000000 0.317595 0.000000 0.948226 0.769512 0.769512 0.769512
3808.153564 0.000000 2157.375488 0.000000 0.597756 0.000000 -0.801678 1.171830 1.171830 1.171830
3745.841309 0.000000 2165.734619 0.000000 0.145897 0.000000 -0.989300 1.263146 1.263146 1.263146
3813.679932 0.000000 2173.467041 0.000000 0.663047 0.000000 -0.748578 1.156278 1.156278 1.156278
3786.516357 0.000000 2163.584229 0.000000 0.471358 0.000000 -0.881942 1.199518 1.199518 1.199518
3814.912842 0.000000 2178.115234 0.000000 0.938842 0.000000 -0.344349 1.064946 1.064946 1.064946
3788.206055 0.000000 2155.857178 0.000000 0.508010 0.000000 0.861351 0.808249 0.808249 0.808249
3786.603271 0.000000 2191.869629 0.000000 0.645822 0.000000 0.763488 0.878550 0.878550 0.878550
3788.316895 0.000000 2185.574707 0.000000 0.372941 0.000000 0.927855 0.780409 0.780409 0.780409
3791.441650 0.000000 2143.162354 0.000000 0.158040 0.000000 -0.987433 1.260876 1.260876 1.260876
3811.660889 0.000000 2165.276855 0.000000 0.754424 0.000000 0.656388 0.867719 0.867719 0.867719
3808.162598 0.000000 2153.152100 0.000000 0.953356 0.000000 0.301849 0.943352 0.943352 0.943352
3795.955566 0.000000 2184.679932 0.000000 0.854571 0.000000 0.519335 0.899116 0.899116 0.899116
3774.892090 0.000000 2165.230469 0.000000 0.605736 0.000000 0.795666 0.830015 0.830015 0.830015
3790.286133 0.000000 2189.248047 0.000000 0.982067 0.000000 -0.188532 1.035040 1.035040 1.035040
3784.686768 0.000000 2144.398438 0.000000 0.949990 0.000000 -0.312282 1.058674 1.058674 1.058674
3755.180420 0.000000 2172.125488 0.000000 0.722606 0.000000 0.691261 0.858997 0.858997 0.858997
3809.520264 0.000000 2174.784668 0.000000 0.859307 0.000000 -0.511460 1.099186 1.099186 1.099186
3787.842041 0.000000 2189.369873 0.000000 0.965840 0.000000 -0.259138 1.048427 1.048427 1.048427
3755.694580 0.000000 2167.115479 0.000000 0.989139 0.000000 0.146981 0.972747 0.972747 0.972747
3763.475830 0.000000 2175.708252 0.000000 0.422870 0.000000 -0.906190 1.209535 1.209535 1.209535
3749.483154 0.000000 2170.412354 0.000000 0.827545 0.000000 -0.561399 1.110122 1.110122 1.110122
3786.102295 0.000000 2159.020020 0.000000 0.876319 0.000000 0.481731 0.907142 0.907142 0.907142
3785.724854 0.000000 2171.332275 0.000000 0.933962 0.000000 -0.357372 1.063866 1.063866 1.063866
3760.230713 0.000000 2160.467773 0.000000 0.672809 0.000000 0.739816 0.846145 0.846145 0.846145
3748.390381 0.000000 2167.032471 0.000000 0.349343 0.000000 0.936995 0.775734 0.775734 0.775734
3754.535645 0.000000 2165.555664 0.000000 0.347279 0.000000 0.937762 0.775327 0.775327 0.775327
3785.215332 0.000000 2142.997803 0.000000 0.875886 0.000000 -0.482518 1.085482 1.085482 1.085482
3746.553711 0.000000 2162.400879 0.000000 0.999431 0.000000 0.033743 0.993765 0.993765 0.993765
3813.359863 0.000000 2187.890381 0.000000 0.889041 0.000000 0.457827 0.912145 0.912145 0.912145
3771.459473 0.000000 2168.460205 0.000000 0.167700 0.000000 0.985838 0.740933 0.740933 0.740933
3787.128174 0.000000 2156.775391 0.000000 1.000000 0.000000 -0.000884 1.000163 1.000163 1.000163
3782.158447 0.000000 2154.261963 0.000000 0.580871 0.000000 0.813995 0.824308 0.824308 0.824308
3767.687012 0.000000 2163.604248 0.000000 0.003095 0.000000 -0.999995 1.289624 1.289624 1.289624
3789.040527 0.000000 2180.386230 0.000000 0.901164 0.000000 0.433478 0.917170 0.917170 0.917170
3795.366211 0.000000 2182.174316 0.000000 0.995688 0.000000 0.092767 0.982837 0.982837 0.982837
3810.275391 0.000000 2177.495117 0.000000 0.431749 0.000000 -0.901994 1.207721 1.207721 1.207721
3783.989258 0.000000 2153.094482 0.000000 0.713691 0.000000 0.700461 0.856630 0.856630 0.856630
3744.106934 0.000000 2162.365967 0.000000 0.998313 0.000000 0.058065 0.989267 0.989267 0.989267
3772.576904 0.000000 2173.316406 0.000000 0.277637 0.000000 -0.960686 1.238221 1.238221 1.238221
3767.079102 0.000000 2165.973145 0.000000 0.988072 0.000000 0.153992 0.971437 0.971437 0.971437
3795.682373 0.000000 2189.936035 0.000000 0.834224 0.000000 -0.551425 1.107904 1.107904 1.107904
3805.966309 0.000000 2154.027100 0.000000 0.996524 0.000000 0.083301 0.984593 0.984593 0.984593
3784.559082 0.000000 2166.469238 0.000000 0.982768 0.000000 0.184842 0.965654 0.965654 0.965654
3784.507080 0.000000 2170.753418 0.000000 0.563367 0.000000 -0.826207 1.169925 1.169925 1.169925
3769.791016 0.000000 2173.531494 0.000000 0.995652 0.000000 0.093154 0.982765 0.982765 0.982765
3745.810303 0.000000 2160.546387 0.000000 0.989813 0.000000 -0.142370 1.020329 1.020329 1.020329
3811.524170 0.000000 2183.822998 0.000000 0.740328 0.000000 0.672246 0.863799 0.863799 0.863799
3763.784424 0.000000 2162.811035 0.000000 0.491646 0.000000 -0.870795 1.195241 1.195241 1.195241
3765.212646 0.000000 2163.022217 0.000000 0.959210 0.000000 -0.282695 1.052948 1.052948 1.052948
3786.181641 0.000000 2189.597412 0.000000 0.998934 0.000000 0.046166 0.991468 0.991468 0.991468
3815.347168 0.000000 2161.103760 0.000000 0.999129 0.000000 -0.041733 1.007712 1.007712 1.007712
3790.058105 0.000000 2163.867920 0.000000 0.938495 0.000000 0.345293 0.934868 0.934868 0.934868
3761.703613 0.000000 2168.757080 0.000000 0.923238 0.000000 -0.384228 1.072858 1.072858 1.072858
3800.372070 0.000000 2183.521484 0.000000 0.273467 0.000000 -0.961881 1.239023 1.239023 1.239023
3796.584961 0.000000 2183.187256 0.000000 0.419509 0.000000 -0.907751 1.210219 1.210219 1.210219
3747.038086 0.000000 2167.519775 0.000000 0.425722 0.000000 0.904854 0.791047 0.791047 0.791047
3796.597412 0.000000 2176.274170 0.000000 0.302032 0.000000 0.953298 0.766488 0.766488 0.766488
3766.636719 0.000000 2168.969971 0.000000 0.022337 0.000000 0.999750 0.713931 0.713931 0.713931
3783.598145 0.000000 2147.023438 0.000000 0.622500 0.000000 -0.782620 1.166060 1.166060 1.166060
3812.388428 0.000000 2151.396240 0.000000 0.107510 0.000000 -0.994204 1.270296 1.270296 1.270296
3789.590088 0.000000 2186.748779 0.000000 0.983825 0.000000 -0.179132 1.033273 1.033273 1.033273
3781.868652 0.000000 2150.169922 0.000000 0.524924 0.000000 0.851149 0.811898 0.811898 0.811898
3814.986572 0.000000 2152.191406 0.000000 0.042497 0.000000 0.999097 0.717657 0.717657 0.717657
3812.543945 0.000000 2177.377686 0.000000 0.912273 0.000000 0.409582 0.922038 0.922038 0.922038
3789.885254 0.000000 2161.550781 0.000000 0.917694 0.000000 0.397287 0.924521 0.924521 0.924521
3777.277832 0.000000 2169.315186 0.000000 0.152003 0.000000 0.988380 0.737995 0.737995 0.737995
3809.964600 0.000000 2154.875732 0.000000 0.837581 0.000000 -0.546313 1.106774 1.106774 1.106774
3764.339111 0.000000 2167.698975 0.000000 0.940284 0.000000 0.340391 0.935832 0.935832 0.935832
3794.948975 0.000000 2177.938965 0.000000 0.034996 0.000000 -0.999387 1.283729 1.283729 1.283729
3809.444824 0.000000 2148.332764 0.000000 0.619276 0.000000 0.785174 0.833180 0.833180 0.833180
3804.986328 0.000000 2191.285400 0.000000 0.964891 0.000000 -0.262650 1.049099 1.049099 1.049099
3768.434570 0.000000 2171.030762 0.000000 0.129207 0.000000 0.991618 0.733741 0.733741 0.733741
3770.145508 0.000000 2169.407227 0.000000 0.887632 0.000000 0.460553 0.911578 0.911578 0.911578
3782.208740 0.000000 2167.324219 0.000000 0.974127 0.000000 0.226001 0.957884 0.957884 0.957884
3771.590820 0.000000 2166.224121 0.000000 0.183070 0.000000 -0.983100 1.256183 1.256183 1.256183
3753.319092 0.000000 2166.106689 0.000000 0.595265 0.000000 -0.803530 1.172404 1.172404 1.172404
3801.988281 0.000000 2184.946045 0.000000 0.849693 0.000000 0.527278 0.897394 0.897394 0.897394
3768.808350 0.000000 2165.604248 0.000000 0.643419 0.000000 -0.765514 1.161068 1.161068 1.161068
3771.277100 0.000000 2160.190674 0.000000 0.780338 0.000000 0.625358 0.875188 0.875188 0.875188
3785.918457 0.000000 2185.859863 0.000000 0.625308 0.000000 -0.780378 1.165396 1.165396 1.165396
3801.531738 0.000000 2155.375732 0.000000 0.964366 0.000000 0.264572 0.950533 0.950533 0.950533
3807.377930 0.000000 2190.595703 0.000000 0.375228 0.000000 0.926932 0.780865 0.780865 0.780865
3798.369141 0.000000 2160.030762 0.000000 0.123095 0.000000 0.992395 0.754284 0.754284 0.754284
3793.567383 0.000000 2190.809326 0.000000 0.998157 0.000000 -0.060687 1.011219 1.011219 1.011219
3811.633057 0.000000 2186.718750 0.000000 0.726948 0.000000 -0.686692 1.139838 1.139838 1.139838
3788.040527 0.000000 2188.106201 0.000000 0.608933 0.000000 0.793222 0.830759 0.830759 0.830759
3789.937256 0.000000 2151.803955 0.000000 0.264841 0.000000 0.964292 0.759323 0.759323 0.759323
3764.708984 0.000000 2165.211182 0.000000 0.898174 0.000000 -0.439641 1.084095 1.084095 1.084095
3808.586670 0.000000 2150.674805 0.000000 0.550648 0.000000 -0.834737 1.182464 1.182464 1.182464
3759.795654 0.000000 2171.878174 0.000000 0.005766 0.000000 0.999983 0.710869 0.710869 0.710869
3790.701172 0.000000 2177.051758 0.000000 0.514493 0.000000 -0.857495 1.190357 1.190357 1.190357
3811.937256 0.000000 2149.401367 0.000000 0.965948 0.000000 0.258735 0.951650 0.951650 0.951650
3768.377930 0.000000 2175.556396 0.000000 0.999992 0.000000 -0.004001 1.000739 1.000739 1.000739
3801.685303 0.000000 2191.352295 0.000000 0.905223 0.000000 -0.424937 1.081083 1.081083 1.081083
3797.066895 0.000000 2178.572266 0.000000 0.723906 0.000000 -0.689898 1.140655 1.140655 1.140655
3813.725830 0.000000 2148.665039 0.000000 0.963804 0.000000 -0.266612 1.049858 1.049858 1.049858
3756.292236 0.000000 2162.877197 0.000000 0.022343 0.000000 0.999750 0.713932 0.713932 0.713932
3762.352051 0.000000 2173.019287 0.000000 0.914226 0.000000 -0.405205 1.077076 1.077076 1.077076
3777.392578 0.000000 2171.267578 0.000000 0.473352 0.000000 -0.880873 1.199100 1.199100 1.199100
3762.822510 0.000000 2169.322266 0.000000 0.845164 0.000000 -0.534506 1.104182 1.104182 1.104182
3784.141602 0.000000 2181.718750 0.000000 0.433444 0.000000 0.901181 0.792627 0.792627 0.792627
3791.600830 0.000000 2159.801025 0.000000 0.749068 0.000000 0.662493 0.866219 0.866219 0.866219
3796.125000 0.000000 2187.005127 0.000000 0.981722 0.000000 -0.190322 1.035377 1.035377 1.035377
3780.329346 0.000000 2152.632080 0.000000 0.822882 0.000000 -0.568212 1.111647 1.111647 1.111647
3783.826172 0.000000 2168.815918 0.000000 0.904822 0.000000 -0.425791 1.081257 1.081257 1.081257
3813.126709 0.000000 2152.987061 0.000000 0.718349 0.000000 0.695683 0.857863 0.857863 0.857863
3812.668213 0.000000 2166.912109 0.000000 0.006165 0.000000 -0.999981 1.234371 1.234371 1.234371
3808.422119 0.000000 2173.016602 0.000000 0.983929 0.000000 0.178560 0.973557 0.973557 0.973557
3779.078857 0.000000 2169.175781 0.000000 0.291282 0.000000 0.956637 0.764408 0.764408 0.764408
3781.601074 0.000000 2148.466553 0.000000 0.791198 0.000000 -0.611561 1.121568 1.121568 1.121568
3804.082031 0.000000 2162.766357 0.000000 0.235097 0.000000 -0.971972 1.236365 1.236365 1.236365
3781.113037 0.000000 2171.798828 0.000000 0.852228 0.000000 -0.523170 1.101714 1.101714 1.101714
3802.358643 0.000000 2161.717529 0.000000 0.705366 0.000000 -0.708843 1.145552 1.145552 1.145552
3768.808350 0.000000 2160.924805 0.000000 0.999826 0.000000 0.018646 0.996555 0.996555 0.996555
3771.953613 0.000000 2170.795898 0.000000 0.962642 0.000000 0.270776 0.949343 0.949343 0.949343
3785.226562 0.000000 2153.076904 0.000000 0.099845 0.000000 0.995003 0.728281 0.728281 0.728281
3751.757812 0.000000 2169.925293 0.000000 0.978206 0.000000 -0.207637 1.038641 1.038641 1.038641
3753.093994 0.000000 2161.944824 0.000000 0.152810 0.000000 0.988256 0.738146 0.738146 0.738146
3773.880615 0.000000 2175.010254 0.000000 0.521284 0.000000 -0.853383 1.188890 1.188890 1.188890
3767.262207 0.000000 2161.838379 0.000000 0.890232 0.000000 -0.455507 1.087373 1.087373 1.087373
3764.538330 0.000000 2160.501953 0.000000 0.203421 0.000000 0.979091 0.747649 0.747649 0.747649
3787.608887 0.000000 2181.262451 0.000000 0.322388 0.000000 -0.946607 1.229553 1.229553 1.229553
3771.583740 0.000000 2175.084961 0.000000 0.068137 0.000000 0.997676 0.722401 0.722401 0.722401
3798.260254 0.000000 2157.675781 0.000000 0.904517 0.000000 0.426438 0.918611 0.918611 0.918611
3754.117432 0.000000 2168.153809 0.000000 0.967800 0.000000 -0.251719 1.047009 1.047009 1.047009
3787.219482 0.000000 2157.986084 0.000000 0.592714 0.000000 -0.805413 1.172990 1.172990 1.172990
3747.466553 0.000000 2169.417236 0.000000 0.994707 0.000000 -0.102755 1.019017 1.019017 1.019017
3806.604980 0.000000 2155.800537 0.000000 0.850396 0.000000 -0.526142 1.102359 1.102359 1.102359
3789.887451 0.000000 2147.341797 0.000000 0.202550 0.000000 0.979272 0.747485 0.747485 0.747485
3748.453613 0.000000 2176.230713 0.000000 0.989603 0.000000 -0.143828 1.023421 1.023421 1.023421
3793.128906 0.000000 2163.573730 0.000000 0.063404 0.000000 0.997988 0.721525 0.721525 0.721525
3744.473145 0.000000 2173.641602 0.000000 0.950806 0.000000 0.309786 0.941811 0.941811 0.941811
3799.945312 0.000000 2157.053955 0.000000 0.796092 0.000000 0.605176 0.879918 0.879918 0.879918
3781.056885 0.000000 2167.846191 0.000000 0.023201 0.000000 -0.999731 1.285909 1.285909 1.285909
3794.555664 0.000000 2188.373291 0.000000 0.021272 0.000000 0.999774 0.713734 0.713734 0.713734
3794.039551 0.000000 2183.578369 0.000000 0.149228 0.000000 -0.988803 1.262524 1.262524 1.262524
3754.170166 0.000000 2170.063965 0.000000 0.964121 0.000000 0.265462 0.950362 0.950362 0.950362
3792.764404 0.000000 2192.674805 0.000000 0.418271 0.000000 0.908322 0.789529 0.789529 0.789529
3793.757080 0.000000 2193.402100 0.000000 0.259204 0.000000 -0.965823 1.241756 1.241756 1.241756
3811.625732 0.000000 2189.105713 0.000000 0.891883 0.000000 -0.452266 1.086701 1.086701 1.086701
3777.964111 0.000000 2173.924316 0.000000 0.818186 0.000000 0.574954 0.886835 0.886835 0.886835
3762.040283 0.000000 2171.163818 0.000000 0.959036 0.000000 -0.283285 1.053062 1.053062 1.053062
3781.254639 0.000000 2146.154297 0.000000 0.963974 0.000000 -0.265998 1.045707 1.045707 1.045707
3813.362549 0.000000 2162.233154 0.000000 0.264160 0.000000 -0.964479 1.240808 1.240808 1.240808
3800.656250 0.000000 2185.940918 0.000000 0.983279 0.000000 -0.182107 1.033832 1.033832 1.033832
3797.947754 0.000000 2185.357666 0.000000 0.728005 0.000000 0.685572 0.860446 0.860446 0.860446
3766.370361 0.000000 2163.999023 0.000000 0.533015 0.000000 -0.846106 1.186340 1.186340 1.186340
3756.529785 0.000000 2175.246582 0.000000 0.869912 0.000000 -0.493207 1.095286 1.095286 1.095286
3780.634521 0.000000 2154.975098 0.000000 0.987321 0.000000 -0.158738 1.029451 1.029451 1.029451
3809.548340 0.000000 2176.472900 0.000000 0.763707 0.000000 0.645563 0.870354 0.870354 0.870354
3797.898438 0.000000 2179.530762 0.000000 0.987666 0.000000 0.156577 0.970954 0.970954 0.970954
3787.631348 0.000000 2152.967285 0.000000 0.913726 0.000000 0.406330 0.922697 0.922697 0.922697
3812.065430 0.000000 2181.628906 0.000000 0.998372 0.000000 -0.057042 1.010544 1.010544 1.010544
3812.630859 0.000000 2163.260254 0.000000 0.996327 0.000000 -0.085626 1.015838 1.015838 1.015838
3804.668945 0.000000 2193.593994 0.000000 0.261766 0.000000 -0.965131 1.241266 1.241266 1.241266
3785.410400 0.000000 2167.381836 0.000000 0.994732 0.000000 -0.102505 1.018971 1.018971 1.018971
3801.771484 0.000000 2188.908203 0.000000 0.098167 0.000000 0.995170 0.727969 0.727969 0.727969
3795.741455 0.000000 2178.894531 0.000000 0.120810 0.000000 0.992676 0.732178 0.732178 0.732178
3812.733398 0.000000 2172.733154 0.000000 0.990576 0.000000 0.136963 0.974617 0.974617 0.974617
3814.985352 0.000000 2184.359619 0.000000 0.865010 0.000000 -0.501755 1.097107 1.097107 1.097107
3757.420166 0.000000 2168.524658 0.000000 0.896480 0.000000 -0.443083 1.084804 1.084804 1.084804
3783.375000 0.000000 2152.058350 0.000000 0.146019 0.000000 -0.989282 1.263123 1.263123 1.263123
3781.414307 0.000000 2165.478516 0.000000 0.691412 0.000000 0.722461 0.850846 0.850846 0.850846
3807.819336 0.000000 2162.449951 0.000000 0.683532 0.000000 0.729920 0.848841 0.848841 0.848841
3807.675537 0.000000 2176.537109 0.000000 0.924680 0.000000 -0.380745 1.072161 1.072161 1.072161
3749.341553 0.000000 2162.370117 0.000000 0.626137 0.000000 -0.779713 1.165200 1.165200 1.165200
3813.971680 0.000000 2175.748047 0.000000 0.999877 0.000000 -0.015701 1.002901 1.002901 1.002901
3806.925781 0.000000 2192.832764 0.000000 0.381901 0.000000 -0.924203 1.217803 1.217803 1.217803
3778.008545 0.000000 2166.260986 0.000000 0.049314 0.000000 -0.998783 1.281082 1.281082 1.281082
3806.084229 0.000000 2145.868896 0.000000 0.721014 0.000000 -0.692921 1.139517 1.139517 1.139517
3796.145020 0.000000 2192.895264 0.000000 0.154237 0.000000 0.988034 0.738413 0.738413 0.738413
3806.922852 0.000000 2151.746094 0.000000 0.999804 0.000000 -0.019785 1.003655 1.003655 1.003655
3802.747314 0.000000 2190.254639 0.000000 0.563531 0.000000 -0.826095 1.179598 1.179598 1.179598
3790.118652 0.000000 2184.746582 0.000000 0.528881 0.000000 -0.848696 1.187241 1.187241 1.187241
3783.483398 0.000000 2148.332520 0.000000 0.998770 0.000000 0.049579 0.990837 0.990837 0.990837
3749.727051 0.000000 2176.314697 0.000000 0.727828 0.000000 0.685760 0.877377 0.877377 0.877377
3805.108643 0.000000 2158.879639 0.000000 0.746802 0.000000 0.665046 0.865588 0.865588 0.865588
3794.473389 0.000000 2180.425293 0.000000 0.149829 0.000000 -0.988712 1.262411 1.262411 1.262411
3759.703613 0.000000 2167.669434 0.000000 0.896768 0.000000 -0.442501 1.084684 1.084684 1.084684
3783.200928 0.000000 2165.049561 0.000000 0.387784 0.000000 -0.921750 1.216626 1.216626 1.216626
3766.305664 0.000000 2167.837158 0.000000 0.739584 0.000000 0.673065 0.863595 0.863595 0.863595
3753.022461 0.000000 2172.758057 0.000000 0.798070 0.000000 -0.602564 1.119476 1.119476 1.119476
3810.218506 0.000000 2164.116943 0.000000 0.803653 0.000000 0.595098 0.882246 0.882246 0.882246
3809.133545 0.000000 2152.514404 0.000000 0.982866 0.000000 0.184319 0.965752 0.965752 0.965752
3805.500977 0.000000 2152.917725 0.000000 0.639645 0.000000 0.768670 0.838023 0.838023 0.838023
3773.804199 0.000000 2162.034424 0.000000 0.928104 0.000000 -0.372322 1.070482 1.070482 1.070482
3781.616455 0.000000 2152.662598 0.000000 0.971120 0.000000 -0.238593 1.044508 1.044508 1.044508
3746.848145 0.000000 2171.192871 0.000000 0.783757 0.000000 -0.621068 1.123798 1.123798 1.123798
3815.004150 0.000000 2188.192139 0.000000 0.684832 0.000000 -0.728701 1.150830 1.150830 1.150830
3800.324707 0.000000 2161.072266 0.000000 0.559105 0.000000 0.829097 0.819414 0.819414 0.819414
3786.372559 0.000000 2143.003662 0.000000 0.577557 0.000000 0.816351 0.823557 0.823557 0.823557
3759.441895 0.000000 2169.096191 0.000000 0.832582 0.000000 0.553902 0.891547 0.891547 0.891547
3799.793457 0.000000 2181.530273 0.000000 0.571567 0.000000 0.820555 0.822205 0.822205 0.822205
3763.776611 0.000000 2172.800537 0.000000 0.668849 0.000000 -0.743398 1.154841 1.154841 1.154841
3781.103516 0.000000 2164.002686 0.000000 0.737626 0.000000 -0.675210 1.136942 1.136942 1.136942
3789.435059 0.000000 2142.619873 0.000000 0.600702 0.000000 0.799473 0.828849 0.828849 0.828849
3805.965088 0.000000 2192.086426 0.000000 0.153906 0.000000 -0.988085 1.261649 1.261649 1.261649
3783.950928 0.000000 2150.935547 0.000000 0.651886 0.000000 -0.758317 1.159015 1.159015 1.159015
3786.969971 0.000000 2144.990479 0.000000 0.968330 0.000000 0.249675 0.953381 0.953381 0.953381
3756.966797 0.000000 2161.410400 0.000000 0.769831 0.000000 -0.638248 1.127884 1.127884 1.127884
3800.888672 0.000000 2145.388428 0.000000 0.695981 0.000000 0.718060 0.852018 0.852018 0.852018
3753.510986 0.000000 2163.511230 0.000000 0.999993 0.000000 0.003807 0.999297 0.999297 0.999297
3747.847412 0.000000 2173.276611 0.000000 0.005899 0.000000 0.999983 0.710894 0.710894 0.710894
3758.352051 0.000000 2166.975098 0.000000 0.726357 0.000000 0.687318 0.860002 0.860002 0.860002
3770.473389 0.000000 2175.381104 0.000000 0.835094 0.000000 -0.550107 1.107612 1.107612 1.107612
3745.408203 0.000000 2174.320068 0.000000 0.143091 0.000000 -0.989710 1.256544 1.256544 1.256544
3785.959473 0.000000 2182.686768 0.000000 0.819591 0.000000 -0.572949 1.112713 1.112713 1.112713
3814.905518 0.000000 2163.659424 0.000000 0.248043 0.000000 0.968749 0.756112 0.756112 0.756112
3805.671387 0.000000 2156.728271 0.000000 0.946329 0.000000 0.323206 0.939198 0.939198 0.939198
3811.674316 0.000000 2147.311523 0.000000 0.906212 0.000000 0.422824 0.919348 0.919348 0.919348
3802.646484 0.000000 2143.408936 0.000000 0.910987 0.000000 0.412435 0.928890 0.928890 0.928890
3767.966064 0.000000 2159.547852 0.000000 0.800923 0.000000 -0.598768 1.113791 1.113791 1.113791
3775.120850 0.000000 2167.752930 0.000000 0.997077 0.000000 -0.076406 1.014129 1.014129 1.014129
3755.950928 0.000000 2169.588379 0.000000 0.396589 0.000000 0.917996 0.785142 0.785142 0.785142
3782.086914 0.000000 2169.633301 0.000000 0.708637 0.000000 0.705573 0.855302 0.855302 0.855302
3794.781250 0.000000 2184.611328 0.000000 0.204723 0.000000 -0.978820 1.252105 1.252105 1.252105
3775.558350 0.000000 2169.583984 0.000000 0.176900 0.000000 0.984229 0.742658 0.742658 0.742658
3787.245850 0.000000 2179.039062 0.000000 0.993754 0.000000 0.111591 0.979341 0.979341 0.979341
3788.458252 0.000000 2159.633545 0.000000 0.197016 0.000000 -0.980400 1.253559 1.253559 1.253559
3760.961914 0.000000 2170.798096 0.000000 0.137189 0.000000 -0.990545 1.264771 1.264771 1.264771
3807.893799 0.000000 2159.481201 0.000000 0.996842 0.000000 -0.079413 1.014687 1.014687 1.014687
3807.999023 0.000000 2148.922363 0.000000 0.654146 0.000000 -0.756368 1.158463 1.158463 1.158463
3779.403076 0.000000 2162.089355 0.000000 0.213937 0.000000 0.976847 0.749636 0.749636 0.749636
3760.254395 0.000000 2174.248535 0.000000 0.995277 0.000000 0.097079 0.982037 0.982037 0.982037
3788.262207 0.000000 2158.459229 0.000000 0.101817 0.000000 -0.994803 1.271353 1.271353 1.271353
3788.234863 0.000000 2162.322021 0.000000 0.918758 0.000000 0.394821 0.925017 0.925017 0.925017
3787.836670 0.000000 2184.333008 0.000000 0.868184 0.000000 -0.496243 1.095932 1.095932 1.095932
3763.204346 0.000000 2163.869385 0.000000 0.767031 0.000000 -0.641611 1.128692 1.128692 1.128692
3779.246826 0.000000 2165.440918 0.000000 0.972231 0.000000 -0.234024 1.043639 1.043639 1.043639
3788.830322 0.000000 2148.194580 0.000000 0.184826 0.000000 0.982771 0.744147 0.744147 0.744147
3772.718750 0.000000 2164.068604 0.000000 0.974935 0.000000 0.222491 0.958549 0.958549 0.958549
3749.085449 0.000000 2168.090820 0.000000 0.780441 0.000000 0.625229 0.875219 0.875219 0.875219
3744.775146 0.000000 2166.166016 0.000000 0.821118 0.000000 -0.570759 1.112219 1.112219 1.112219
3789.315918 0.000000 2144.405029 0.000000 0.939011 0.000000 0.343887 0.935145 0.935145 0.935145
3770.811523 0.000000 2161.224854 0.000000 0.644712 0.000000 0.764425 0.839245 0.839245 0.839245
3757.772461 0.000000 2163.635254 0.000000 0.999968 0.000000 -0.008051 1.001487 1.001487 1.001487
3768.967529 0.000000 2163.351562 0.000000 0.783114 0.000000 0.621878 0.876011 0.876011 0.876011
3808.892090 0.000000 2179.696777 0.000000 0.533300 0.000000 0.845926 0.813722 0.813722 0.813722
3797.925293 0.000000 2191.775879 0.000000 0.876977 0.000000 -0.480532 1.092605 1.092605 1.092605
3811.334961 0.000000 2173.073730 0.000000 0.351650 0.000000 0.936131 0.791311 0.791311 0.791311
3784.079346 0.000000 2184.513672 0.000000 0.974333 0.000000 -0.225110 1.041947 1.041947 1.041947
3798.990723 0.000000 2179.342041 0.000000 0.828633 0.000000 0.559793 0.890237 0.890237 0.890237
3813.343994 0.000000 2155.613525 0.000000 0.200698 0.000000 -0.979653 1.252865 1.252865 1.252865
3791.238525 0.000000 2180.833740 0.000000 0.743716 0.000000 -0.668496 1.135267 1.135267 1.135267
3748.585938 0.000000 2169.565430 0.000000 0.921333 0.000000 0.388773 0.926232 0.926232 0.926232
3798.809326 0.000000 2187.199707 0.000000 0.606683 0.000000 -0.794944 1.169765 1.169765 1.169765
3779.625488 0.000000 2172.589844 0.000000 0.780555 0.000000 -0.625087 1.124747 1.124747 1.124747
3781.146973 0.000000 2175.538330 0.000000 0.688345 0.000000 -0.725383 1.139806 1.139806 1.139806
3809.547852 0.000000 2160.414062 0.000000 0.489586 0.000000 0.871955 0.804322 0.804322 0.804322
3752.551025 0.000000 2164.887451 0.000000 0.541335 0.000000 -0.840807 1.184518 1.184518 1.184518
3776.989746 0.000000 2167.937744 0.000000 0.957552 0.000000 0.288260 0.945979 0.945979 0.945979
3804.630127 0.000000 2161.641113 0.000000 0.829008 0.000000 0.559236 0.890361 0.890361 0.890361
3812.782227 0.000000 2161.213867 0.000000 0.884895 0.000000 -0.465791 1.089514 1.089514 1.089514
3811.187012 0.000000 2156.938477 0.000000 0.227549 0.000000 0.973767 0.752214 0.752214 0.752214
3764.185303 0.000000 2174.691895 0.000000 0.593636 0.000000 0.804734 0.827222 0.827222 0.827222
3788.916504 0.000000 2177.888916 0.000000 0.954982 0.000000 -0.296663 1.055645 1.055645 1.055645
3761.416504 0.000000 2163.043213 0.000000 0.979053 0.000000 0.203608 0.962120 0.962120 0.962120
3772.678223 0.000000 2161.870605 0.000000 0.633378 0.000000 0.773843 0.836522 0.836522 0.836522
3811.323975 0.000000 2162.872314 0.000000 0.729945 0.000000 0.683506 0.860970 0.860970 0.860970
3802.111816 0.000000 2193.524658 0.000000 0.879313 0.000000 -0.476245 1.091703 1.091703 1.091703
3785.209473 0.000000 2145.451416 0.000000 0.849710 0.000000 -0.527250 1.102600 1.102600 1.102600
3780.619629 0.000000 2150.588867 0.000000 0.991853 0.000000 0.127389 0.976401 0.976401 0.976401
3784.261230 0.000000 2155.251953 0.000000 0.991756 0.000000 0.128143 0.976261 0.976261 0.976261
3789.128906 0.000000 2156.485840 0.000000 0.634983 0.000000 -0.772526 1.163094 1.163094 1.163094
3751.493652 0.000000 2175.262695 0.000000 0.475595 0.000000 -0.879665 1.198629 1.198629 1.198629
3810.277100 0.000000 2188.678467 0.000000 0.831252 0.000000 -0.555896 1.108896 1.108896 1.108896
3791.545654 0.000000 2177.752930 0.000000 0.874077 0.000000 0.485787 0.906286 0.906286 0.906286
3776.108154 0.000000 2159.149170 0.000000 0.327844 0.000000 -0.944732 1.228488 1.228488 1.228488
3806.369141 0.000000 2176.827637 0.000000 0.598934 0.000000 0.800798 0.828441 0.828441 0.828441
3797.637207 0.000000 2194.128662 0.000000 0.041250 0.000000 0.999149 0.721245 0.721245 0.721245
3813.913574 0.000000 2183.916992 0.000000 0.868457 0.000000 -0.495765 1.095830 1.095830 1.095830
3814.449463 0.000000 2162.305908 0.000000 0.588090 0.000000 -0.808796 1.174048 1.174048 1.174048
3786.684326 0.000000 2148.869873 0.000000 0.654340 0.000000 -0.756200 1.158416 1.158416 1.158416
3781.329590 0.000000 2162.319824 0.000000 0.959924 0.000000 0.280262 0.947520 0.947520 0.947520
3801.371826 0.000000 2159.813721 0.000000 0.978410 0.000000 -0.206674 1.038459 1.038459 1.038459
3785.389404 0.000000 2180.468750 0.000000 0.028427 0.000000 -0.999596 1.284944 1.284944 1.284944
3796.475586 0.000000 2195.947266 0.000000 0.989223 0.000000 -0.146414 1.026780 1.026780 1.026780
3803.965332 0.000000 2158.174561 0.000000 0.331883 0.000000 0.943320 0.772303 0.772303 0.772303
3763.914795 0.000000 2171.342285 0.000000 0.993679 0.000000 -0.112260 1.020783 1.020783 1.020783
3765.824219 0.000000 2172.636719 0.000000 0.604349 0.000000 0.796720 0.829694 0.829694 0.829694
3811.193359 0.000000 2158.939453 0.000000 0.237604 0.000000 -0.971362 1.245876 1.245876 1.245876
3786.493652 0.000000 2178.179199 0.000000 0.978997 0.000000 0.203876 0.962069 0.962069 0.962069
3806.334229 0.000000 2162.488525 0.000000 0.995043 0.000000 -0.099443 1.018402 1.018402 1.018402
3801.988281 0.000000 2182.099121 0.000000 0.706009 0.000000 0.708202 0.854615 0.854615 0.854615
3784.635986 0.000000 2169.593506 0.000000 0.999959 0.000000 0.009040 0.998330 0.998330 0.998330
3785.642578 0.000000 2148.129150 0.000000 0.988836 0.000000 -0.149007 1.027631 1.027631 1.027631
3787.938477 0.000000 2149.909180 0.000000 0.565546 0.000000 0.824717 0.820853 0.820853 0.820853
3746.375977 0.000000 2172.400146 0.000000 0.954085 0.000000 0.299536 0.943800 0.943800 0.943800
3788.679199 0.000000 2145.991211 0.000000 0.766661 0.000000 -0.642053 1.128799 1.128799 1.128799
3746.785156 0.000000 2168.583496 0.000000 0.361340 0.000000 -0.932434 1.221895 1.221895 1.221895
3780.169922 0.000000 2166.046875 0.000000 0.938722 0.000000 -0.344674 1.065010 1.065010 1.065010
3813.555908 0.000000 2176.956787 0.000000 0.994477 0.000000 0.104957 0.980574 0.980574 0.980574
3758.715088 0.000000 2172.097900 0.000000 0.990873 0.000000 -0.134796 1.024979 1.024979 1.024979
3772.497559 0.000000 2169.862549 0.000000 0.972180 0.000000 -0.234236 1.043680 1.043680 1.043680
3757.139893 0.000000 2165.470215 0.000000 0.211427 0.000000 -0.977394 1.250839 1.250839 1.250839
3778.309326 0.000000 2167.302490 0.000000 0.960219 0.000000 0.279247 0.947716 0.947716 0.947716
3774.188965 0.000000 2171.209961 0.000000 0.348183 0.000000 -0.937426 1.224495 1.224495 1.224495
3789.271240 0.000000 2183.408936 0.000000 0.454780 0.000000 -0.890604 1.202973 1.202973 1.202973
3784.897217 0.000000 2157.449707 0.000000 0.897062 0.000000 -0.441905 1.084562 1.084562 1.084562
3810.919678 0.000000 2146.046631 0.000000 0.406958 0.000000 0.913447 0.787234 0.787234 0.787234
3785.658203 0.000000 2156.620117 0.000000 0.913320 0.000000 -0.407242 1.077488 1.077488 1.077488
3791.029297 0.000000 2182.139893 0.000000 0.973406 0.000000 0.229085 0.957298 0.957298 0.957298
3764.817627 0.000000 2169.562012 0.000000 0.866464 0.000000 0.499240 0.903430 0.903430 0.903430
3783.429199 0.000000 2154.030273 0.000000 0.892455 0.000000 0.451137 0.913532 0.913532 0.913532
3751.897705 0.000000 2172.739258 0.000000 0.581577 0.000000 -0.813491 1.175531 1.175531 1.175531
3780.433350 0.000000 2148.419434 0.000000 0.014406 0.000000 -0.999896 1.287535 1.287535 1.287535
3760.300293 0.000000 2162.585693 0.000000 0.414399 0.000000 -0.910095 1.211258 1.211258 1.211258
3756.653320 0.000000 2170.657471 0.000000 0.792382 0.000000 -0.610026 1.121210 1.121210 1.121210
3809.869385 0.000000 2190.558350 0.000000 0.685067 0.000000 -0.728480 1.150770 1.150770 1.150770
3760.500977 0.000000 2166.085205 0.000000 0.446116 0.000000 -0.894975 1.204766 1.204766 1.204766
3803.216797 0.000000 2145.316895 0.000000 0.170411 0.000000 -0.985373 1.258559 1.258559 1.258559
3761.033203 0.000000 2164.624023 0.000000 0.427954 0.000000 0.903800 0.791503 0.791503 0.791503
3789.881348 0.000000 2190.455078 0.000000 0.222993 0.000000 -0.974820 1.248650 1.248650 1.248650
3789.175781 0.000000 2187.750732 0.000000 0.984724 0.000000 -0.174121 1.032333 1.032333 1.032333
3796.822510 0.000000 2188.047607 0.000000 0.918029 0.000000 0.396512 0.924677 0.924677 0.924677
3802.159912 0.000000 2156.964600 0.000000 0.998766 0.000000 -0.049655 1.009177 1.009177 1.009177
3748.533691 0.000000 2172.465576 0.000000 0.648454 0.000000 -0.761254 1.159849 1.159849 1.159849
3780.115234 0.000000 2167.108643 0.000000 0.996502 0.000000 -0.083572 1.015458 1.015458 1.015458
3800.728516 0.000000 2149.135010 0.000000 0.570281 0.000000 0.821450 0.821916 0.821916 0.821916
3813.935547 0.000000 2150.722900 0.000000 0.230423 0.000000 -0.973091 1.247241 1.247241 1.247241
3813.634766 0.000000 2180.952881 0.000000 0.527719 0.000000 0.849419 0.812506 0.812506 0.812506
3806.103027 0.000000 2178.090820 0.000000 0.130242 0.000000 0.991482 0.719552 0.719552 0.719552
3795.140137 0.000000 2143.164795 0.000000 0.422551 0.000000 -0.906339 1.311567 1.311567 1.311567
3780.725830 0.000000 2158.312500 0.000000 0.700358 0.000000 -0.713792 1.291722 1.291722 1.291722
3794.167725 0.000000 2152.721924 0.000000 0.985402 0.000000 0.170246 0.936788 0.936788 0.936788
3793.192139 0.000000 2144.980957 0.000000 0.061666 0.000000 0.998097 0.547898 0.547898 0.547898
3794.807617 0.000000 2147.847656 0.000000 0.974374 0.000000 0.224935 0.916172 0.916172 0.916172
3792.171631 0.000000 2152.051514 0.000000 0.700053 0.000000 -0.714091 1.293864 1.293864 1.293864
3793.468018 0.000000 2151.458984 0.000000 0.996859 0.000000 -0.079193 1.029292 1.029292 1.029292
3791.344482 0.000000 2147.661621 0.000000 0.960958 0.000000 -0.276695 1.083990 1.083990 1.083990
3784.097900 0.000000 2162.858398 0.000000 0.235129 0.000000 -0.971964 1.489364 1.489364 1.489364
3790.327393 0.000000 2153.015625 0.000000 0.873611 0.000000 0.486625 0.841400 0.841400 0.841400
3796.551514 0.000000 2144.161377 0.000000 0.507193 0.000000 -0.861832 1.357916 1.357916 1.357916
3809.631348 0.000000 2187.048096 0.000000 0.997918 0.000000 -0.064493 1.023846 1.023846 1.023846
3791.658936 0.000000 2150.265381 0.000000 0.934704 0.000000 -0.355428 1.113397 1.113397 1.113397
3797.423828 0.000000 2151.130127 0.000000 0.059958 0.000000 0.998201 0.441775 0.441775 0.441775
3795.399902 0.000000 2146.603516 0.000000 0.004507 0.000000 0.999990 0.421273 0.421273 0.421273
3807.282471 0.000000 2183.066406 0.000000 0.178047 0.000000 0.984022 0.485747 0.485747 0.485747
3793.589844 0.000000 2156.730469 0.000000 0.115654 0.000000 -0.993290 1.461287 1.461287 1.461287
3807.858887 0.000000 2181.197754 0.000000 0.183725 0.000000 -0.982978 1.498279 1.498279 1.498279
3785.713867 0.000000 2162.653076 0.000000 0.494476 0.000000 -0.869191 1.386650 1.386650 1.386650
3796.680664 0.000000 2155.688232 0.000000 0.039709 0.000000 0.999211 0.434284 0.434284 0.434284
3798.801025 0.000000 2148.205078 0.000000 0.743872 0.000000 0.668322 0.758790 0.758790 0.758790
3798.823730 0.000000 2146.290283 0.000000 0.962052 0.000000 0.272868 0.908923 0.908923 0.908923
3799.902832 0.000000 2151.207764 0.000000 0.410787 0.000000 -0.911731 1.378145 1.378145 1.378145
3781.699219 0.000000 2158.668213 0.000000 0.780517 0.000000 -0.625134 1.247831 1.247831 1.247831
3793.573242 0.000000 2146.329834 0.000000 0.809126 0.000000 -0.587636 1.228952 1.228952 1.228952
3795.281006 0.000000 2155.711670 0.000000 0.664113 0.000000 0.747632 0.687970 0.687970 0.687970
3791.937256 0.000000 2146.798828 0.000000 0.980276 0.000000 0.197633 0.940400 0.940400 0.940400
3784.383301 0.000000 2164.175049 0.000000 0.402031 0.000000 0.915626 0.725577 0.725577 0.725577
3809.500977 0.000000 2184.364746 0.000000 0.275214 0.000000 0.961383 0.522626 0.522626 0.522626
3808.874512 0.000000 2182.519043 0.000000 0.815922 0.000000 -0.578162 1.221624 1.221624 1.221624
3806.011719 0.000000 2186.258301 0.000000 0.511605 0.000000 -0.859221 1.381958 1.381958 1.381958
3798.690186 0.000000 2152.707520 0.000000 0.382108 0.000000 -0.924118 1.388440 1.388440 1.388440
3805.295166 0.000000 2182.366211 0.000000 0.848677 0.000000 0.528912 0.794077 0.794077 0.794077
3804.808838 0.000000 2185.657227 0.000000 0.898290 0.000000 0.439404 0.831906 0.831906 0.831906
3806.521484 0.000000 2188.706055 0.000000 0.995829 0.000000 -0.091235 1.022581 1.022581 1.022581
3792.236572 0.000000 2145.105713 0.000000 0.743159 0.000000 0.669114 0.780399 0.780399 0.780399
3782.533447 0.000000 2163.698242 0.000000 0.014761 0.000000 0.999891 0.630952 0.630952 0.630952
3798.489502 0.000000 2155.718262 0.000000 0.545975 0.000000 -0.837801 1.270285 1.270285 1.270285
3808.048828 0.000000 2187.522217 0.000000 0.991564 0.000000 -0.129619 1.048028 1.048028 1.048028
3794.672119 0.000000 2149.859619 0.000000 0.417521 0.000000 0.908667 0.578752 0.578752 0.578752
3805.076904 0.000000 2180.381104 0.000000 0.500446 0.000000 -0.865768 1.386738 1.386738 1.386738
3798.176514 0.000000 2149.253174 0.000000 0.644412 0.000000 -0.764678 1.286882 1.286882 1.286882
3791.192871 0.000000 2153.314941 0.000000 0.991274 0.000000 0.131816 0.958744 0.958744 0.958744
3796.641357 0.000000 2145.156494 0.000000 0.455213 0.000000 -0.890383 1.378351 1.378351 1.378351
3797.126709 0.000000 2159.423340 0.000000 0.998589 0.000000 -0.053107 1.019632 1.019632 1.019632
3792.833252 0.000000 2146.865723 0.000000 0.972291 0.000000 0.233774 0.913994 0.913994 0.913994
3795.160889 0.000000 2151.047607 0.000000 0.989303 0.000000 0.145876 0.945907 0.945907 0.945907
3791.497070 0.000000 2154.209717 0.000000 0.533679 0.000000 -0.845687 1.314519 1.314519 1.314519
3794.457031 0.000000 2143.770996 0.000000 0.553495 0.000000 0.832853 0.729707 0.729707 0.729707
3794.911133 0.000000 2145.238281 0.000000 0.761407 0.000000 0.648274 0.742915 0.742915 0.742915
3797.054932 0.000000 2158.333984 0.000000 0.963191 0.000000 0.268817 0.899438 0.899438 0.899438
3799.461670 0.000000 2155.818359 0.000000 0.999998 0.000000 0.001950 0.999469 0.999469 0.999469
3794.192383 0.000000 2153.983398 0.000000 0.995929 0.000000 0.090140 0.966649 0.966649 0.966649
3798.487061 0.000000 2154.404297 0.000000 0.132303 0.000000 0.991209 0.608658 0.608658 0.608658
3792.962402 0.000000 2154.514160 0.000000 0.979954 0.000000 0.199223 0.925894 0.925894 0.925894
3799.732910 0.000000 2149.852783 0.000000 0.321057 0.000000 -0.947060 1.409937 1.409937 1.409937
3807.832764 0.000000 2184.704102 0.000000 0.495303 0.000000 0.868720 0.611071 0.611071 0.611071
3804.983398 0.000000 2183.890137 0.000000 0.675289 0.000000 0.737553 0.693531 0.693531 0.693531
3793.959717 0.000000 2155.753662 0.000000 0.388725 0.000000 -0.921354 1.432874 1.432874 1.432874
3799.907471 0.000000 2154.416748 0.000000 0.727295 0.000000 0.686325 0.794159 0.794159 0.794159
3796.475098 0.000000 2148.364990 0.000000 0.813808 0.000000 -0.581134 1.229128 1.229128 1.229128
3806.093018 0.000000 2181.783936 0.000000 0.916644 0.000000 0.399704 0.852174 0.852174 0.852174
3791.448975 0.000000 2148.576660 0.000000 0.992297 0.000000 0.123884 0.961240 0.961240 0.961240
3792.621338 0.000000 2148.525635 0.000000 0.490740 0.000000 0.871306 0.609133 0.609133 0.609133
3795.392578 0.000000 2149.361084 0.000000 0.914941 0.000000 -0.403587 1.153498 1.153498 1.153498
3809.170654 0.000000 2188.890625 0.000000 0.928456 0.000000 0.371441 0.859387 0.859387 0.859387
3804.524658 0.000000 2181.031982 0.000000 0.633375 0.000000 0.773845 0.673043 0.673043 0.673043
3807.015869 0.000000 2182.120361 0.000000 0.869928 0.000000 -0.493178 1.190560 1.190560 1.190560
3793.273438 0.000000 2150.466797 0.000000 0.427899 0.000000 -0.903827 1.417016 1.417016 1.417016
3795.306152 0.000000 2156.970459 0.000000 0.424261 0.000000 0.905540 0.581498 0.581498 0.581498
3808.217529 0.000000 2183.067871 0.000000 0.865037 0.000000 0.501707 0.811055 0.811055 0.811055
3784.760498 0.000000 2162.324219 0.000000 0.056344 0.000000 -0.998411 1.555782 1.555782 1.555782
3792.552246 0.000000 2149.937012 0.000000 0.835479 0.000000 0.549523 0.785034 0.785034 0.785034
3798.318115 0.000000 2150.871338 0.000000 0.991002 0.000000 0.133844 0.955760 0.955760 0.955760
3796.247803 0.000000 2146.630859 0.000000 0.913657 0.000000 -0.406486 1.154670 1.154670 1.154670
3793.860840 0.000000 2145.536865 0.000000 0.452905 0.000000 0.891559 0.670223 0.670223 0.670223
3790.096436 0.000000 2149.295410 0.000000 0.934767 0.000000 -0.355261 1.113341 1.113341 1.113341
3792.173584 0.000000 2156.148193 0.000000 0.981401 0.000000 0.191969 0.938754 0.938754 0.938754
3807.059082 0.000000 2180.452881 0.000000 0.668692 0.000000 -0.743539 1.301389 1.301389 1.301389
3799.640625 0.000000 2148.484131 0.000000 0.502658 0.000000 0.864485 0.655914 0.655914 0.655914
3782.532471 0.000000 2160.880371 0.000000 0.735808 0.000000 -0.677190 1.273020 1.273020 1.273020
3797.301270 0.000000 2149.111816 0.000000 0.334940 0.000000 0.942239 0.545804 0.545804 0.545804
3798.118652 0.000000 2147.630127 0.000000 0.335941 0.000000 -0.941883 1.404744 1.404744 1.404744
3806.307373 0.000000 2184.492920 0.000000 0.796334 0.000000 -0.604857 1.240015 1.240015 1.240015
3797.572754 0.000000 2152.914795 0.000000 0.202291 0.000000 -0.979325 1.505128 1.505128 1.505128
3785.751709 0.000000 2163.856689 0.000000 0.658977 0.000000 0.752163 0.687565 0.687565 0.687565
3809.836182 0.000000 2189.367676 0.000000 0.039008 0.000000 -0.999239 1.565976 1.565976 1.565976
3799.179688 0.000000 2151.587158 0.000000 0.737707 0.000000 0.675121 0.755765 0.755765 0.755765
3795.589600 0.000000 2158.573730 0.000000 0.274192 0.000000 0.961675 0.590024 0.590024 0.590024
3830.920898 0.000000 2154.907227 0.000000 0.173894 0.000000 -0.984764 1.010456 1.010456 1.010456
3854.960938 0.000000 2185.632568 0.000000 0.999766 0.000000 0.021615 0.999622 0.999622 0.999622
3859.765625 0.000000 2118.097412 0.000000 0.988137 0.000000 0.153576 0.998845 0.998845 0.998845
3861.043945 0.000000 2188.850342 0.000000 0.866711 0.000000 -0.498811 1.006519 1.006519 1.006519
3845.847412 0.000000 2149.587891 0.000000 0.784117 0.000000 0.620613 0.978270 0.978270 0.978270
3851.949951 0.000000 2171.461670 0.000000 0.424411 0.000000 0.905470 0.960418 0.960418 0.960418
3862.851562 0.000000 2121.097900 0.000000 0.389241 0.000000 0.921136 0.970766 0.970766 0.970766
3858.581055 0.000000 2121.671631 0.000000 0.220367 0.000000 -0.975417 1.154876 1.154876 1.154876
3838.959229 0.000000 2149.602783 0.000000 0.065374 0.000000 -0.997861 1.048857 1.048857 1.048857
3842.447266 0.000000 2149.320557 0.000000 0.976350 0.000000 0.216196 0.992927 0.992927 0.992927
3857.290771 0.000000 2187.147949 0.000000 0.893632 0.000000 -0.448801 1.032535 1.032535 1.032535
3815.795410 0.000000 2147.795166 0.000000 0.589940 0.000000 0.807447 0.957767 0.957767 0.957767
3839.999512 0.000000 2134.797852 0.000000 0.032751 0.000000 -0.999464 1.084475 1.084475 1.084475
3843.496094 0.000000 2111.671143 0.000000 0.360979 0.000000 0.932574 0.874019 0.874019 0.874019
3834.730469 0.000000 2118.305420 0.000000 0.902878 0.000000 0.429897 0.970046 0.970046 0.970046
3858.004395 0.000000 2123.784668 0.000000 0.847714 0.000000 -0.530453 1.039085 1.039085 1.039085
3851.485840 0.000000 2154.675537 0.000000 0.782255 0.000000 -0.622958 1.031901 1.031901 1.031901
3860.424316 0.000000 2120.351318 0.000000 0.210590 0.000000 -0.977574 1.156025 1.156025 1.156025
3840.356445 0.000000 2186.576904 0.000000 0.979064 0.000000 -0.203551 1.016376 1.016376 1.016376
3842.784912 0.000000 2129.366699 0.000000 0.998274 0.000000 -0.058734 1.003668 1.003668 1.003668
3822.436768 0.000000 2150.811035 0.000000 0.765407 0.000000 0.643546 0.959856 0.959856 0.959856
3848.138428 0.000000 2183.687012 0.000000 0.401476 0.000000 -0.915869 1.072254 1.072254 1.072254
3851.080078 0.000000 2181.196777 0.000000 0.934596 0.000000 0.355710 0.977302 0.977302 0.977302
3847.675781 0.000000 2156.973145 0.000000 0.456691 0.000000 0.889625 0.797423 0.797423 0.797423
3815.618164 0.000000 2182.569824 0.000000 0.841318 0.000000 0.540541 0.894496 0.894496 0.894496
3840.736328 0.000000 2131.751953 0.000000 0.900321 0.000000 0.435227 0.952785 0.952785 0.952785
3823.374023 0.000000 2189.647705 0.000000 0.774194 0.000000 0.632948 0.873384 0.873384 0.873384
3838.919678 0.000000 2188.642578 0.000000 0.473622 0.000000 0.880728 0.913927 0.913927 0.913927
3822.366699 0.000000 2186.689941 0.000000 0.792567 0.000000 -0.609784 1.121153 1.121153 1.121153
3821.066406 0.000000 2183.896973 0.000000 0.986414 0.000000 -0.164280 1.030488 1.030488 1.030488
3817.431641 0.000000 2176.222900 0.000000 0.047987 0.000000 -0.998848 1.281327 1.281327 1.281327
3845.627930 0.000000 2158.113281 0.000000 0.649285 0.000000 0.760545 0.840352 0.840352 0.840352
3819.981201 0.000000 2152.138916 0.000000 0.652031 0.000000 0.758192 0.841021 0.841021 0.841021
3818.785156 0.000000 2182.293701 0.000000 0.982396 0.000000 -0.186809 1.034716 1.034716 1.034716
3819.468018 0.000000 2177.985107 0.000000 0.432925 0.000000 0.901430 0.792520 0.792520 0.792520
3851.062500 0.000000 2156.327393 0.000000 0.450861 0.000000 -0.892594 1.090877 1.090877 1.090877
3848.009033 0.000000 2160.281250 0.000000 0.826169 0.000000 0.563423 0.889426 0.889426 0.889426
3830.343750 0.000000 2156.478760 0.000000 0.962414 0.000000 -0.271585 1.027466 1.027466 1.027466
3822.763672 0.000000 2174.400391 0.000000 0.916876 0.000000 0.399173 0.924141 0.924141 0.924141
3859.305908 0.000000 2194.503418 0.000000 0.220120 0.000000 -0.975473 1.249194 1.249194 1.249194
3815.624268 0.000000 2187.753662 0.000000 0.572048 0.000000 -0.820220 1.177686 1.177686 1.177686
3838.090332 0.000000 2161.229248 0.000000 0.995474 0.000000 -0.095031 1.017583 1.017583 1.017583
3815.587402 0.000000 2184.225830 0.000000 0.270461 0.000000 0.962731 0.760400 0.760400 0.760400
3827.631836 0.000000 2159.733887 0.000000 0.877906 0.000000 0.478832 0.907753 0.907753 0.907753
3834.082031 0.000000 2164.071045 0.000000 0.266349 0.000000 0.963877 0.759612 0.759612 0.759612
3820.102051 0.000000 2185.371582 0.000000 0.877537 0.000000 -0.479510 1.092390 1.092390 1.092390
3822.817383 0.000000 2153.718994 0.000000 0.880447 0.000000 -0.474144 1.091262 1.091262 1.091262
3826.043701 0.000000 2177.857666 0.000000 0.964936 0.000000 -0.262487 1.049068 1.049068 1.049068
3823.679199 0.000000 2167.472412 0.000000 0.418199 0.000000 0.908355 0.789514 0.789514 0.789514
3855.219238 0.000000 2189.603271 0.000000 0.998914 0.000000 -0.046600 1.008612 1.008612 1.008612
3829.642822 0.000000 2158.719238 0.000000 0.539682 0.000000 -0.841869 1.184881 1.184881 1.184881
3849.122559 0.000000 2163.643311 0.000000 0.002821 0.000000 -0.999996 1.289675 1.289675 1.289675
3862.840332 0.000000 2198.930176 0.000000 0.138302 0.000000 -0.990390 1.168033 1.168033 1.168033
3837.809814 0.000000 2150.800049 0.000000 0.212204 0.000000 -0.977225 1.199876 1.199876 1.199876
3826.168457 0.000000 2182.616943 0.000000 0.833920 0.000000 -0.551886 1.108006 1.108006 1.108006
3828.247559 0.000000 2168.284180 0.000000 0.183404 0.000000 0.983038 0.858096 0.858096 0.858096
3843.731689 0.000000 2154.531250 0.000000 0.989869 0.000000 -0.141986 1.026320 1.026320 1.026320
3820.372314 0.000000 2160.337158 0.000000 0.142877 0.000000 0.989740 0.736290 0.736290 0.736290
3842.802002 0.000000 2152.003662 0.000000 0.985191 0.000000 0.171459 0.968167 0.968167 0.968167
3861.692383 0.000000 2196.587891 0.000000 0.793738 0.000000 0.608260 0.879202 0.879202 0.879202
3828.931152 0.000000 2164.412109 0.000000 0.890233 0.000000 -0.455505 1.087373 1.087373 1.087373
3841.522705 0.000000 2130.373779 0.000000 0.975701 0.000000 -0.219105 1.023162 1.023162 1.023162
3817.120850 0.000000 2153.049316 0.000000 0.432546 0.000000 -0.901612 1.207557 1.207557 1.207557
3819.070801 0.000000 2187.499023 0.000000 0.896362 0.000000 0.443322 0.915146 0.915146 0.915146
3823.548340 0.000000 2164.385742 0.000000 0.939118 0.000000 -0.343594 1.064797 1.064797 1.064797
3825.545166 0.000000 2186.826660 0.000000 0.992385 0.000000 -0.123178 1.022814 1.022814 1.022814
3836.413574 0.000000 2177.715332 0.000000 0.121293 0.000000 -0.992617 1.267733 1.267733 1.267733
3859.844482 0.000000 2198.617676 0.000000 0.272497 0.000000 0.962157 0.760791 0.760791 0.760791
3848.796875 0.000000 2174.144531 0.000000 0.901977 0.000000 -0.431785 1.082483 1.082483 1.082483
3850.350830 0.000000 2185.596680 0.000000 0.613823 0.000000 -0.789444 1.134025 1.134025 1.134025
3849.668945 0.000000 2157.092529 0.000000 0.997106 0.000000 -0.076022 1.014058 1.014058 1.014058
3821.164551 0.000000 2166.032227 0.000000 0.497631 0.000000 -0.867389 1.193969 1.193969 1.193969
3827.328613 0.000000 2170.552979 0.000000 0.998488 0.000000 0.054977 0.994782 0.994782 0.994782
3837.219727 0.000000 2182.719971 0.000000 0.521524 0.000000 -0.853237 1.173527 1.173527 1.173527
3840.063477 0.000000 2182.371338 0.000000 0.001790 0.000000 0.999998 0.710135 0.710135 0.710135
3849.684326 0.000000 2200.564209 0.000000 0.579457 0.000000 -0.815003 1.176013 1.176013 1.176013
3830.963135 0.000000 2163.049805 0.000000 0.937465 0.000000 -0.348078 1.065680 1.065680 1.065680
3843.669678 0.000000 2163.638916 0.000000 0.987986 0.000000 0.154545 0.971334 0.971334 0.971334
3819.572266 0.000000 2155.937256 0.000000 0.620357 0.000000 -0.784320 1.166565 1.166565 1.166565
3826.616455 0.000000 2157.211182 0.000000 0.345292 0.000000 0.938495 0.774936 0.774936 0.774936
3824.249268 0.000000 2177.087891 0.000000 0.997421 0.000000 0.071771 0.986729 0.986729 0.986729
3848.543701 0.000000 2175.649658 0.000000 0.171651 0.000000 -0.985158 1.258327 1.258327 1.258327
3841.251953 0.000000 2164.465576 0.000000 0.864454 0.000000 -0.502712 1.097311 1.097311 1.097311
3816.052979 0.000000 2163.651855 0.000000 0.138092 0.000000 -0.990419 1.264603 1.264603 1.264603
3860.755371 0.000000 2190.318604 0.000000 0.829019 0.000000 -0.559220 1.072597 1.072597 1.072597
3819.097168 0.000000 2150.649414 0.000000 0.531163 0.000000 0.847270 0.813256 0.813256 0.813256
3822.898926 0.000000 2160.151611 0.000000 0.840777 0.000000 0.541381 0.894311 0.894311 0.894311
3822.432373 0.000000 2188.252686 0.000000 0.173233 0.000000 0.984881 0.741970 0.741970 0.741970
3842.570068 0.000000 2159.126221 0.000000 0.798933 0.000000 0.601421 0.880788 0.880788 0.880788
3818.642334 0.000000 2153.360840 0.000000 0.966185 0.000000 0.257850 0.951819 0.951819 0.951819
3851.632568 0.000000 2193.948730 0.000000 0.979346 0.000000 -0.202190 1.037613 1.037613 1.037613
3850.793945 0.000000 2159.116211 0.000000 0.796006 0.000000 -0.605289 1.068169 1.068169 1.068169
3838.859375 0.000000 2154.653076 0.000000 0.162769 0.000000 0.986664 0.740009 0.740009 0.740009
3825.323242 0.000000 2155.351074 0.000000 0.133237 0.000000 0.991084 0.734492 0.734492 0.734492
3850.898438 0.000000 2201.505859 0.000000 0.887227 0.000000 -0.461333 1.088585 1.088585 1.088585
3847.225342 0.000000 2158.446045 0.000000 0.169917 0.000000 0.985458 0.741348 0.741348 0.741348
3818.283691 0.000000 2175.037109 0.000000 0.882655 0.000000 0.470021 0.909602 0.909602 0.909602
3824.510254 0.000000 2180.123779 0.000000 0.559764 0.000000 -0.828652 1.180439 1.180439 1.180439
3853.992676 0.000000 2192.650879 0.000000 0.451655 0.000000 0.892193 0.796379 0.796379 0.796379
3832.906006 0.000000 2157.371826 0.000000 0.900460 0.000000 -0.434938 1.062909 1.062909 1.062909
3848.498291 0.000000 2165.432129 0.000000 0.991443 0.000000 -0.130542 1.024186 1.024186 1.024186
3850.434326 0.000000 2161.415283 0.000000 0.906082 0.000000 0.423103 0.954192 0.954192 0.954192
3856.038330 0.000000 2190.932617 0.000000 0.775502 0.000000 0.631345 0.873767 0.873767 0.873767
3834.682617 0.000000 2181.754150 0.000000 0.160619 0.000000 -0.987016 1.239280 1.239280 1.239280
3848.161865 0.000000 2171.766113 0.000000 0.899967 0.000000 -0.435958 1.066446 1.066446 1.066446
3820.263428 0.000000 2161.852783 0.000000 0.117761 0.000000 0.993042 0.731610 0.731610 0.731610
3816.889160 0.000000 2151.128418 0.000000 0.996437 0.000000 0.084343 0.984400 0.984400 0.984400
3857.828613 0.000000 2190.822754 0.000000 0.925733 0.000000 -0.378177 1.071649 1.071649 1.071649
3836.723877 0.000000 2173.473389 0.000000 0.999186 0.000000 -0.040337 1.007454 1.007454 1.007454
3847.599609 0.000000 2193.149658 0.000000 0.659693 0.000000 -0.751535 1.157104 1.157104 1.157104
3844.636230 0.000000 2193.148438 0.000000 0.003759 0.000000 -0.999993 1.289502 1.289502 1.289502
3827.647949 0.000000 2154.526367 0.000000 0.701636 0.000000 -0.712536 1.146522 1.146522 1.146522
3841.123779 0.000000 2159.289307 0.000000 0.076321 0.000000 -0.997083 1.276083 1.276083 1.276083
3841.949219 0.000000 2150.687256 0.000000 0.895467 0.000000 0.445129 0.914774 0.914774 0.914774
3843.619629 0.000000 2188.184814 0.000000 0.966539 0.000000 0.256519 0.952074 0.952074 0.952074
3830.135010 0.000000 2165.864502 0.000000 0.775779 0.000000 0.631005 0.873847 0.873847 0.873847
3844.622559 0.000000 2176.583496 0.000000 0.793088 0.000000 0.609107 0.879004 0.879004 0.879004
3833.124268 0.000000 2161.886475 0.000000 0.844854 0.000000 -0.534996 1.078921 1.078921 1.078921
3843.603516 0.000000 2177.627197 0.000000 0.016895 0.000000 0.999857 0.712925 0.712925 0.712925
3815.725586 0.000000 2181.131592 0.000000 0.887766 0.000000 -0.460296 1.088369 1.088369 1.088369
3846.577393 0.000000 2163.080811 0.000000 0.708915 0.000000 0.705294 0.855375 0.855375 0.855375
3838.749268 0.000000 2159.348877 0.000000 0.784922 0.000000 -0.619595 1.123451 1.123451 1.123451
3822.621094 0.000000 2166.089600 0.000000 0.714353 0.000000 -0.699785 1.143195 1.143195 1.143195
3854.443848 0.000000 2197.350586 0.000000 0.953114 0.000000 -0.302611 1.056796 1.056796 1.056796
3825.132568 0.000000 2159.724121 0.000000 0.870539 0.000000 -0.492099 1.095051 1.095051 1.095051
3817.027100 0.000000 2148.483643 0.000000 0.990178 0.000000 -0.139815 1.014358 1.014358 1.014358
3830.283203 0.000000 2161.216797 0.000000 0.316382 0.000000 0.948632 0.769276 0.769276 0.769276
3843.147949 0.000000 2200.954590 0.000000 0.864755 0.000000 0.502195 0.936951 0.936951 0.936951
3825.122314 0.000000 2167.464844 0.000000 0.983656 0.000000 0.180056 0.966553 0.966553 0.966553
3837.267578 0.000000 2152.143066 0.000000 0.980708 0.000000 0.195478 0.963652 0.963652 0.963652
3842.889893 0.000000 2182.773438 0.000000 0.054906 0.000000 -0.998492 1.280047 1.280047 1.280047
3844.861816 0.000000 2159.348877 0.000000 0.956465 0.000000 0.291849 0.945286 0.945286 0.945286
3841.748047 0.000000 2176.258057 0.000000 0.727498 0.000000 -0.686110 1.139691 1.139691 1.139691
3823.331299 0.000000 2161.911377 0.000000 0.999991 0.000000 -0.004260 1.000787 1.000787 1.000787
3843.115234 0.000000 2191.458008 0.000000 0.872016 0.000000 0.489478 0.905505 0.905505 0.905505
3816.991699 0.000000 2179.818359 0.000000 0.855789 0.000000 0.517324 0.899550 0.899550 0.899550
3819.719727 0.000000 2157.365967 0.000000 0.340987 0.000000 -0.940068 1.225911 1.225911 1.225911
3845.362549 0.000000 2172.325439 0.000000 0.595787 0.000000 0.803142 0.827716 0.827716 0.827716
3820.801514 0.000000 2180.721680 0.000000 0.085014 0.000000 -0.996380 1.274471 1.274471 1.274471
3818.475342 0.000000 2158.114746 0.000000 0.853159 0.000000 0.521651 0.898615 0.898615 0.898615
3817.541504 0.000000 2189.721924 0.000000 0.051429 0.000000 -0.998677 1.280691 1.280691 1.280691
3860.262939 0.000000 2191.697754 0.000000 0.082579 0.000000 -0.996585 1.182043 1.182043 1.182043
3834.637207 0.000000 2166.655762 0.000000 0.069576 0.000000 -0.997577 1.194882 1.194882 1.194882
3827.351318 0.000000 2175.305664 0.000000 0.962840 0.000000 -0.270071 1.045742 1.045742 1.045742
3821.078369 0.000000 2163.606689 0.000000 0.727213 0.000000 0.686412 0.860233 0.860233 0.860233
3852.194580 0.000000 2201.051025 0.000000 0.477711 0.000000 -0.878517 1.198185 1.198185 1.198185
3848.343506 0.000000 2201.350586 0.000000 0.981685 0.000000 -0.190509 1.035412 1.035412 1.035412
3842.577881 0.000000 2172.532227 0.000000 0.858115 0.000000 -0.513458 1.099616 1.099616 1.099616
3816.425293 0.000000 2178.225586 0.000000 0.802767 0.000000 0.596293 0.881971 0.881971 0.881971
3849.390137 0.000000 2184.393555 0.000000 0.846470 0.000000 -0.532437 1.082703 1.082703 1.082703
3848.184082 0.000000 2186.915771 0.000000 0.014938 0.000000 -0.999888 1.287436 1.287436 1.287436
3827.539551 0.000000 2178.102539 0.000000 0.996486 0.000000 0.083761 0.984508 0.984508 0.984508
3835.970215 0.000000 2168.896973 0.000000 0.487660 0.000000 0.873034 0.825113 0.825113 0.825113
3855.556396 0.000000 2192.238770 0.000000 0.777006 0.000000 0.629493 0.874207 0.874207 0.874207
3834.842285 0.000000 2180.226318 0.000000 0.140065 0.000000 -0.990142 1.242810 1.242810 1.242810
3817.207520 0.000000 2172.708008 0.000000 0.827971 0.000000 0.560771 0.890018 0.890018 0.890018
3827.894531 0.000000 2156.481201 0.000000 0.412366 0.000000 -0.911018 1.211671 1.211671 1.211671
3856.837402 0.000000 2198.431641 0.000000 0.970936 0.000000 -0.239338 1.044650 1.044650 1.044650
3846.666016 0.000000 2177.688965 0.000000 0.985282 0.000000 -0.170937 1.031736 1.031736 1.031736
3847.681641 0.000000 2173.143311 0.000000 0.165754 0.000000 0.986167 0.740568 0.740568 0.740568
3843.156494 0.000000 2186.337158 0.000000 0.940729 0.000000 0.339158 0.942121 0.942121 0.942121
3836.808838 0.000000 2180.251221 0.000000 0.806659 0.000000 0.591016 0.883183 0.883183 0.883183
3846.947021 0.000000 2182.990723 0.000000 0.866644 0.000000 0.498927 0.920450 0.920450 0.920450
3842.739746 0.000000 2164.662109 0.000000 0.636857 0.000000 0.770982 0.837354 0.837354 0.837354
3880.279785 0.000000 2114.776855 0.000000 0.873143 0.000000 0.487464 0.936440 0.936440 0.936440
3849.376709 0.000000 2190.900146 0.000000 0.922011 0.000000 -0.387163 1.073446 1.073446 1.073446
3824.872070 0.000000 2188.968994 0.000000 0.992285 0.000000 -0.123979 1.022963 1.022963 1.022963
3845.802002 0.000000 2181.244385 0.000000 0.969174 0.000000 0.246377 0.954010 0.954010 0.954010
3832.279541 0.000000 2154.704590 0.000000 0.850548 0.000000 -0.525897 1.077421 1.077421 1.077421
3839.678223 0.000000 2180.057617 0.000000 0.526087 0.000000 -0.850431 1.187849 1.187849 1.187849
3818.177002 0.000000 2184.665283 0.000000 0.852692 0.000000 0.522414 0.898450 0.898450 0.898450
3818.264160 0.000000 2177.377441 0.000000 0.920296 0.000000 -0.391223 1.074260 1.074260 1.074260
3819.182129 0.000000 2179.338623 0.000000 0.570687 0.000000 -0.821167 1.177993 1.177993 1.177993
3846.831055 0.000000 2203.457764 0.000000 0.171380 0.000000 0.985205 0.762572 0.762572 0.762572
3859.022217 0.000000 2201.792969 0.000000 0.280359 0.000000 -0.959895 1.237698 1.237698 1.237698
3843.349365 0.000000 2130.691895 0.000000 0.385400 0.000000 0.922750 0.853308 0.853308 0.853308
3853.277344 0.000000 2191.467529 0.000000 0.756417 0.000000 0.654089 0.868281 0.868281 0.868281
3856.611084 0.000000 2188.361328 0.000000 0.770623 0.000000 0.637291 0.872346 0.872346 0.872346
3823.855225 0.000000 2184.491455 0.000000 0.987743 0.000000 -0.156087 1.028955 1.028955 1.028955
3841.555176 0.000000 2161.878662 0.000000 0.603095 0.000000 -0.797669 1.170597 1.170597 1.170597
3838.215332 0.000000 2171.548096 0.000000 0.620795 0.000000 0.783973 0.752556 0.752556 0.752556
3858.344727 0.000000 2200.144775 0.000000 0.335299 0.000000 0.942112 0.772972 0.772972 0.772972
3837.951660 0.000000 2174.720459 0.000000 0.999993 0.000000 -0.003781 1.000698 1.000698 1.000698
3849.122314 0.000000 2197.848145 0.000000 0.955072 0.000000 0.296372 0.944412 0.944412 0.944412
3815.625488 0.000000 2165.966309 0.000000 0.286015 0.000000 0.958225 0.763392 0.763392 0.763392
3839.554199 0.000000 2174.299316 0.000000 0.978302 0.000000 -0.207186 1.038556 1.038556 1.038556
3820.049316 0.000000 2182.695557 0.000000 0.166616 0.000000 -0.986022 1.259271 1.259271 1.259271
3843.775635 0.000000 2194.182373 0.000000 0.955296 0.000000 -0.295650 1.055448 1.055448 1.055448
3821.172363 0.000000 2151.349121 0.000000 0.734901 0.000000 0.678174 0.892084 0.892084 0.892084
3820.510986 0.000000 2153.412354 0.000000 0.731267 0.000000 0.682092 0.861327 0.861327 0.861327
3821.365967 0.000000 2185.824463 0.000000 0.977237 0.000000 -0.212152 1.039494 1.039494 1.039494
3845.724854 0.000000 2160.824463 0.000000 0.671763 0.000000 -0.740766 1.154116 1.154116 1.154116
3839.427734 0.000000 2152.914062 0.000000 0.996839 0.000000 -0.079453 1.014694 1.014694 1.014694
3817.211426 0.000000 2157.612305 0.000000 0.508994 0.000000 0.860770 0.808460 0.808460 0.808460
3852.048828 0.000000 2203.905029 0.000000 0.998612 0.000000 -0.052671 1.009735 1.009735 1.009735
3847.961670 0.000000 2162.857666 0.000000 0.981542 0.000000 0.191249 0.964449 0.964449 0.964449
3836.879883 0.000000 2153.797119 0.000000 0.551289 0.000000 -0.834314 1.182322 1.182322 1.182322
3825.257568 0.000000 2185.057861 0.000000 0.864939 0.000000 -0.501878 1.097133 1.097133 1.097133
3824.903320 0.000000 2182.268066 0.000000 0.032884 0.000000 0.999459 0.715880 0.715880 0.715880
3822.824463 0.000000 2152.083740 0.000000 0.987959 0.000000 0.154715 0.971302 0.971302 0.971302
3822.526123 0.000000 2181.791260 0.000000 0.167643 0.000000 0.985848 0.740922 0.740922 0.740922
3839.183105 0.000000 2157.098633 0.000000 0.152045 0.000000 -0.988374 1.261997 1.261997 1.261997
3820.088135 0.000000 2188.354492 0.000000 0.505920 0.000000 0.862580 0.807801 0.807801 0.807801
3859.958252 0.000000 2203.880615 0.000000 0.641233 0.000000 -0.767346 1.157227 1.157227 1.157227
3817.833496 0.000000 2165.734619 0.000000 0.934247 0.000000 0.356626 0.932632 0.932632 0.932632
3850.563965 0.000000 2188.236816 0.000000 0.717359 0.000000 0.696703 0.857600 0.857600 0.857600
3842.578369 0.000000 2156.569580 0.000000 0.838100 0.000000 0.545516 0.893401 0.893401 0.893401
3833.598633 0.000000 2154.427490 0.000000 0.615286 0.000000 -0.788304 1.126951 1.126951 1.126951
3858.595459 0.000000 2191.869629 0.000000 0.614530 0.000000 -0.788893 1.167934 1.167934 1.167934
3846.993896 0.000000 2189.219482 0.000000 0.466268 0.000000 0.884643 0.799417 0.799417 0.799417
3853.701660 0.000000 2190.206787 0.000000 0.901237 0.000000 0.433326 0.917201 0.917201 0.917201
3847.472412 0.000000 2195.872314 0.000000 0.647503 0.000000 -0.762063 1.160080 1.160080 1.160080
3856.404297 0.000000 2193.994385 0.000000 0.923170 0.000000 -0.384391 1.072891 1.072891 1.072891
3834.052734 0.000000 2153.206543 0.000000 0.745163 0.000000 0.666882 0.892471 0.892471 0.892471
3849.483887 0.000000 2186.597168 0.000000 0.545035 0.000000 -0.838413 1.183704 1.183704 1.183704
3829.299805 0.000000 2176.960938 0.000000 0.861086 0.000000 0.508460 0.910780 0.910780 0.910780
3846.884277 0.000000 2165.230469 0.000000 0.225939 0.000000 -0.974142 1.248092 1.248092 1.248092
3861.256348 0.000000 2201.858887 0.000000 0.215541 0.000000 -0.976495 1.243303 1.243303 1.243303
3848.953369 0.000000 2193.530273 0.000000 0.942830 0.000000 -0.333273 1.062771 1.062771 1.062771
3860.904785 0.000000 2199.445068 0.000000 0.921339 0.000000 -0.388760 1.073766 1.073766 1.073766
3844.681152 0.000000 2157.194824 0.000000 0.328810 0.000000 0.944396 0.771701 0.771701 0.771701
3841.902100 0.000000 2191.984131 0.000000 0.687485 0.000000 -0.726198 1.150156 1.150156 1.150156
3827.686768 0.000000 2167.115479 0.000000 0.988772 0.000000 -0.149434 1.027711 1.027711 1.027711
3826.115234 0.000000 2184.122314 0.000000 0.067625 0.000000 0.997711 0.722307 0.722307 0.722307
3835.468018 0.000000 2175.708252 0.000000 0.471155 0.000000 -0.882051 1.199561 1.199561 1.199561
3819.947754 0.000000 2189.704834 0.000000 0.428985 0.000000 -0.903311 1.208286 1.208286 1.208286
3860.510986 0.000000 2197.210205 0.000000 0.010876 0.000000 -0.999941 1.288187 1.288187 1.288187
3829.131836 0.000000 2156.886719 0.000000 0.455461 0.000000 -0.890256 1.202832 1.202832 1.202832
3818.781250 0.000000 2159.716064 0.000000 0.172169 0.000000 0.985067 0.741770 0.741770 0.741770
3832.222900 0.000000 2160.467773 0.000000 0.660161 0.000000 0.751124 0.881197 0.881197 0.881197
3820.382568 0.000000 2167.032471 0.000000 0.966254 0.000000 -0.257589 1.048131 1.048131 1.048131
3826.527832 0.000000 2165.555664 0.000000 0.647954 0.000000 0.761680 0.840029 0.840029 0.840029
3848.224609 0.000000 2154.024414 0.000000 0.570060 0.000000 0.821603 0.821866 0.821866 0.821866
3818.545898 0.000000 2162.400879 0.000000 0.711783 0.000000 -0.702399 1.143872 1.143872 1.143872
3851.989746 0.000000 2205.677734 0.000000 0.487736 0.000000 -0.872991 1.182822 1.182822 1.182822
3839.679199 0.000000 2163.604248 0.000000 0.612495 0.000000 -0.790475 1.168410 1.168410 1.168410
3856.833740 0.000000 2196.289795 0.000000 0.795408 0.000000 -0.606074 1.120290 1.120290 1.120290
3816.099121 0.000000 2162.365967 0.000000 0.989091 0.000000 -0.147304 1.027313 1.027313 1.027313
3848.197998 0.000000 2188.511719 0.000000 0.923991 0.000000 0.382414 0.927505 0.927505 0.927505
3844.569092 0.000000 2173.316406 0.000000 0.916621 0.000000 0.399758 0.924023 0.924023 0.924023
3839.071289 0.000000 2165.973145 0.000000 0.555787 0.000000 0.831325 0.818676 0.818676 0.818676
3843.194580 0.000000 2180.362793 0.000000 0.791286 0.000000 0.611447 0.878459 0.878459 0.878459
3828.481934 0.000000 2183.071533 0.000000 0.895514 0.000000 -0.445033 1.085206 1.085206 1.085206
3841.783203 0.000000 2173.531494 0.000000 0.981209 0.000000 -0.192947 1.035871 1.035871 1.035871
3853.072266 0.000000 2196.571289 0.000000 0.999529 0.000000 -0.030692 1.005671 1.005671 1.005671
3817.802490 0.000000 2160.546387 0.000000 0.700746 0.000000 0.713411 0.853248 0.853248 0.853248
3835.776611 0.000000 2162.811035 0.000000 0.659491 0.000000 0.751713 0.842846 0.842846 0.842846
3837.204834 0.000000 2163.022217 0.000000 1.000000 0.000000 -0.000961 1.000178 1.000178 1.000178
3825.555908 0.000000 2179.452637 0.000000 0.949689 0.000000 0.313194 0.941149 0.941149 0.941149
3819.030273 0.000000 2167.519775 0.000000 0.548899 0.000000 -0.835889 1.182851 1.182851 1.182851
3852.796143 0.000000 2187.855957 0.000000 0.933325 0.000000 0.359032 0.932156 0.932156 0.932156
3837.993164 0.000000 2183.728760 0.000000 0.994607 0.000000 -0.103713 1.017638 1.017638 1.017638
3835.032959 0.000000 2178.217773 0.000000 0.890309 0.000000 -0.455357 1.087342 1.087342 1.087342
3856.509277 0.000000 2201.223389 0.000000 0.474924 0.000000 0.880027 0.801230 0.801230 0.801230
3818.215088 0.000000 2180.239502 0.000000 0.659128 0.000000 0.752030 0.842757 0.842757 0.842757
3844.925781 0.000000 2155.541016 0.000000 0.955143 0.000000 0.296146 0.944456 0.944456 0.944456
3847.397217 0.000000 2176.149902 0.000000 0.886310 0.000000 -0.463092 1.088951 1.088951 1.088951
3846.292969 0.000000 2195.356934 0.000000 0.465733 0.000000 0.884925 0.799306 0.799306 0.799306
3815.890381 0.000000 2149.043701 0.000000 0.660243 0.000000 0.751052 0.849395 0.849395 0.849395
3856.999756 0.000000 2205.320068 0.000000 0.575410 0.000000 -0.817865 1.164974 1.164974 1.164974
3845.812256 0.000000 2191.529785 0.000000 0.973546 0.000000 -0.228491 1.042589 1.042589 1.042589
3840.426758 0.000000 2171.030762 0.000000 0.537637 0.000000 0.843176 0.724511 0.724511 0.724511
3838.847656 0.000000 2133.842529 0.000000 0.234411 0.000000 -0.972138 1.196520 1.196520 1.196520
3825.311279 0.000000 2166.106689 0.000000 0.611986 0.000000 0.790868 0.831471 0.831471 0.831471
3842.895264 0.000000 2199.297607 0.000000 0.991884 0.000000 0.127144 0.976447 0.976447 0.976447
3844.980713 0.000000 2198.909912 0.000000 0.937318 0.000000 -0.348476 1.065759 1.065759 1.065759
3840.800537 0.000000 2165.604248 0.000000 0.205340 0.000000 -0.978691 1.251989 1.251989 1.251989
3843.269287 0.000000 2160.190674 0.000000 0.957964 0.000000 0.286888 0.946244 0.946244 0.946244
3827.648438 0.000000 2180.262939 0.000000 0.784203 0.000000 -0.620505 1.123665 1.123665 1.123665
3861.547852 0.000000 2195.047119 0.000000 0.020290 0.000000 0.999794 0.713553 0.713553 0.713553
3854.565430 0.000000 2194.737793 0.000000 0.545067 0.000000 -0.838392 1.183697 1.183697 1.183697
3849.230225 0.000000 2189.257080 0.000000 0.645606 0.000000 -0.763671 1.160539 1.160539 1.160539
3823.560303 0.000000 2179.293213 0.000000 0.628283 0.000000 0.777985 0.835309 0.835309 0.835309
3837.532227 0.000000 2181.241455 0.000000 0.938155 0.000000 0.346216 0.934686 0.934686 0.934686
3836.701172 0.000000 2165.211182 0.000000 0.904608 0.000000 -0.426245 1.081350 1.081350 1.081350
3839.181152 0.000000 2176.834961 0.000000 0.848934 0.000000 -0.528499 1.102872 1.102872 1.102872
3853.061523 0.000000 2203.081055 0.000000 0.932696 0.000000 -0.360662 1.068167 1.068167 1.068167
3835.883057 0.000000 2156.030029 0.000000 0.858481 0.000000 -0.512846 1.099484 1.099484 1.099484
3846.177979 0.000000 2194.009277 0.000000 0.610305 0.000000 -0.792166 1.168921 1.168921 1.168921
3840.375977 0.000000 2151.037842 0.000000 0.926460 0.000000 0.376394 0.928707 0.928707 0.928707
3821.563721 0.000000 2159.897461 0.000000 0.189229 0.000000 -0.981933 1.255025 1.255025 1.255025
3840.370117 0.000000 2175.556396 0.000000 0.905789 0.000000 0.423729 0.919163 0.919163 0.919163
3846.074951 0.000000 2198.004395 0.000000 0.979753 0.000000 -0.200209 1.037239 1.037239 1.037239
3828.284424 0.000000 2162.877197 0.000000 0.943699 0.000000 -0.330805 1.062288 1.062288 1.062288
3834.344238 0.000000 2173.019287 0.000000 0.954341 0.000000 0.298720 0.943958 0.943958 0.943958
3849.384766 0.000000 2171.267578 0.000000 0.835961 0.000000 0.548788 0.914433 0.914433 0.914433
3834.814697 0.000000 2169.322266 0.000000 0.867489 0.000000 -0.497456 1.085791 1.085791 1.085791
3840.664551 0.000000 2155.236816 0.000000 0.997760 0.000000 0.066901 0.987631 0.987631 0.987631
3844.841553 0.000000 2190.120850 0.000000 0.890458 0.000000 -0.455066 1.087282 1.087282 1.087282
3822.193115 0.000000 2156.306396 0.000000 0.743382 0.000000 0.668867 0.864641 0.864641 0.864641
3837.950195 0.000000 2176.167480 0.000000 0.935657 0.000000 -0.352910 1.066634 1.066634 1.066634
3855.477783 0.000000 2203.465088 0.000000 0.623920 0.000000 0.781488 0.834275 0.834275 0.834275
3861.101807 0.000000 2192.550781 0.000000 0.808632 0.000000 0.588315 0.883801 0.883801 0.883801
3859.038818 0.000000 2203.014648 0.000000 0.998444 0.000000 -0.055758 1.010028 1.010028 1.010028
3837.121582 0.000000 2156.271729 0.000000 0.996044 0.000000 0.088859 0.983562 0.983562 0.983562
3826.725342 0.000000 2187.105225 0.000000 0.689088 0.000000 0.724678 0.850252 0.850252 0.850252
3840.800537 0.000000 2160.924805 0.000000 0.863930 0.000000 -0.503611 1.097503 1.097503 1.097503
3823.750000 0.000000 2169.925293 0.000000 0.896133 0.000000 -0.443785 1.084949 1.084949 1.084949
3825.086182 0.000000 2161.944824 0.000000 0.583813 0.000000 -0.811888 1.175023 1.175023 1.175023
3845.872803 0.000000 2175.010254 0.000000 0.843635 0.000000 0.536917 0.895291 0.895291 0.895291
3817.600342 0.000000 2182.529053 0.000000 0.136234 0.000000 0.990677 0.735051 0.735051 0.735051
3816.344971 0.000000 2158.801270 0.000000 0.091184 0.000000 -0.995834 1.273327 1.273327 1.273327
3838.521240 0.000000 2178.531006 0.000000 0.442963 0.000000 -0.896540 1.205417 1.205417 1.205417
3839.254395 0.000000 2161.838379 0.000000 0.398037 0.000000 0.917369 0.785434 0.785434 0.785434
3843.575928 0.000000 2175.084961 0.000000 0.475403 0.000000 0.879768 0.801331 0.801331 0.801331
3841.145264 0.000000 2153.193359 0.000000 0.946766 0.000000 0.321924 0.939448 0.939448 0.939448
3826.109619 0.000000 2168.153809 0.000000 0.990001 0.000000 -0.141060 1.026147 1.026147 1.026147
3845.156250 0.000000 2183.926758 0.000000 0.820695 0.000000 -0.571367 1.112356 1.112356 1.112356
3819.458740 0.000000 2169.417236 0.000000 0.129955 0.000000 0.991520 0.744669 0.744669 0.744669
3824.983643 0.000000 2158.253418 0.000000 0.946397 0.000000 0.323007 0.939237 0.939237 0.939237
3849.887695 0.000000 2180.790527 0.000000 0.382186 0.000000 0.924086 0.820506 0.820506 0.820506
3824.288574 0.000000 2156.012207 0.000000 0.412265 0.000000 -0.911064 1.211691 1.211691 1.211691
3820.445801 0.000000 2176.230713 0.000000 0.931622 0.000000 0.363428 0.931285 0.931285 0.931285
3822.173340 0.000000 2189.820801 0.000000 0.348028 0.000000 -0.937484 1.224526 1.224526 1.224526
3816.465332 0.000000 2173.641602 0.000000 0.260917 0.000000 0.965361 0.758571 0.758571 0.758571
3854.119141 0.000000 2187.733398 0.000000 0.115224 0.000000 0.993339 0.763838 0.763838 0.763838
3849.117432 0.000000 2203.301270 0.000000 0.902981 0.000000 0.429680 0.917948 0.917948 0.917948
3849.956299 0.000000 2173.924316 0.000000 0.970059 0.000000 0.242869 0.954678 0.954678 0.954678
3859.088623 0.000000 2195.987061 0.000000 0.924609 0.000000 -0.380918 1.072196 1.072196 1.072196
3834.032471 0.000000 2171.163818 0.000000 0.166545 0.000000 -0.986034 1.252276 1.252276 1.252276
3841.457764 0.000000 2154.347168 0.000000 0.949098 0.000000 0.314980 0.940801 0.940801 0.940801
3840.779053 0.000000 2191.279297 0.000000 0.606341 0.000000 -0.795205 1.169844 1.169844 1.169844
3839.545166 0.000000 2181.264648 0.000000 0.977615 0.000000 0.210403 0.960836 0.960836 0.960836
3838.362549 0.000000 2163.999023 0.000000 0.887407 0.000000 0.460986 0.911488 0.911488 0.911488
3821.326172 0.000000 2187.868164 0.000000 0.564824 0.000000 -0.825211 1.179309 1.179309 1.179309
3853.784180 0.000000 2198.951172 0.000000 0.618346 0.000000 -0.785906 1.167039 1.167039 1.167039
3840.896240 0.000000 2178.928711 0.000000 0.865123 0.000000 0.501561 0.902935 0.902935 0.902935
3815.590576 0.000000 2186.527832 0.000000 0.966211 0.000000 -0.257753 1.048162 1.048162 1.048162
3844.334473 0.000000 2182.559326 0.000000 0.594664 0.000000 0.803975 0.827458 0.827458 0.827458
3828.156982 0.000000 2179.167236 0.000000 0.697066 0.000000 -0.717007 1.147703 1.147703 1.147703
3845.834717 0.000000 2187.353760 0.000000 0.631037 0.000000 -0.775753 1.164036 1.164036 1.164036
3846.764893 0.000000 2154.164307 0.000000 0.992506 0.000000 -0.122200 1.022632 1.022632 1.022632
3845.210449 0.000000 2150.625488 0.000000 0.282746 0.000000 0.959195 0.762762 0.762762 0.762762
3854.743652 0.000000 2202.079834 0.000000 0.355032 0.000000 -0.934854 1.223143 1.223143 1.223143
3852.593262 0.000000 2199.019287 0.000000 0.929811 0.000000 0.368038 0.930370 0.930370 0.930370
3815.617676 0.000000 2175.826416 0.000000 0.786206 0.000000 -0.617964 1.123068 1.123068 1.123068
3840.882324 0.000000 2189.856445 0.000000 0.951713 0.000000 0.306990 0.947807 0.947807 0.947807
3821.333740 0.000000 2162.370117 0.000000 0.649674 0.000000 -0.760213 1.159553 1.159553 1.159553
3828.516357 0.000000 2158.966553 0.000000 0.233800 0.000000 0.972285 0.753401 0.753401 0.753401
3843.895508 0.000000 2197.065918 0.000000 0.826085 0.000000 0.563546 0.889399 0.889399 0.889399
3844.319824 0.000000 2201.223633 0.000000 0.773591 0.000000 0.633685 0.873208 0.873208 0.873208
3818.258545 0.000000 2183.468750 0.000000 0.749000 0.000000 -0.662570 1.133800 1.133800 1.133800
3848.380127 0.000000 2155.954346 0.000000 0.299203 0.000000 -0.954190 1.234060 1.234060 1.234060
3846.429932 0.000000 2155.321533 0.000000 0.236831 0.000000 -0.971551 1.246023 1.246023 1.246023
3841.336914 0.000000 2181.977051 0.000000 0.847158 0.000000 0.531340 0.896509 0.896509 0.896509
3860.465820 0.000000 2194.500244 0.000000 0.933804 0.000000 -0.357784 1.067597 1.067597 1.067597
3821.719238 0.000000 2176.314697 0.000000 0.073241 0.000000 0.997314 0.723347 0.723347 0.723347
3829.526367 0.000000 2179.247070 0.000000 0.514708 0.000000 0.857365 0.809689 0.809689 0.809689
3834.025635 0.000000 2177.646240 0.000000 0.867735 0.000000 0.497027 0.903901 0.903901 0.903901
3825.014648 0.000000 2172.758057 0.000000 0.998631 0.000000 0.052310 0.991246 0.991246 0.991246
3845.796387 0.000000 2162.034424 0.000000 0.970442 0.000000 0.241336 0.954970 0.954970 0.954970
3820.725342 0.000000 2158.061523 0.000000 0.924949 0.000000 0.380091 0.927969 0.927969 0.927969
3840.462158 0.000000 2183.608398 0.000000 0.996037 0.000000 -0.088934 1.016452 1.016452 1.016452
3835.188965 0.000000 2157.520752 0.000000 0.962748 0.000000 0.270399 0.949416 0.949416 0.949416
3846.847656 0.000000 2180.405762 0.000000 0.987133 0.000000 -0.159899 1.029668 1.029668 1.029668
3835.768799 0.000000 2172.800537 0.000000 0.849176 0.000000 0.528109 0.897213 0.897213 0.897213
3827.584473 0.000000 2185.952881 0.000000 0.305103 0.000000 -0.952319 1.232917 1.232917 1.232917
3825.029541 0.000000 2153.156982 0.000000 0.979324 0.000000 -0.202300 1.037634 1.037634 1.037634
3828.958984 0.000000 2161.410400 0.000000 0.987248 0.000000 0.159189 0.970465 0.970465 0.970465
3850.524414 0.000000 2194.296875 0.000000 0.084083 0.000000 0.996459 0.725356 0.725356 0.725356
3846.553223 0.000000 2157.352051 0.000000 0.422418 0.000000 0.906401 0.790373 0.790373 0.790373
3849.867676 0.000000 2191.979248 0.000000 0.068425 0.000000 -0.997656 1.277545 1.277545 1.277545
3825.503174 0.000000 2163.511230 0.000000 0.426270 0.000000 -0.904596 1.208841 1.208841 1.208841
3844.536865 0.000000 2151.926025 0.000000 0.051526 0.000000 0.998672 0.719327 0.719327 0.719327
3819.839600 0.000000 2173.276611 0.000000 0.469783 0.000000 0.882782 0.800152 0.800152 0.800152
3837.723145 0.000000 2154.647705 0.000000 0.996170 0.000000 -0.087437 1.016174 1.016174 1.016174
3842.465576 0.000000 2175.381104 0.000000 0.972539 0.000000 -0.232741 1.043396 1.043396 1.043396
3839.380859 0.000000 2155.661377 0.000000 0.562084 0.000000 0.827080 0.820079 0.820079 0.820079
3826.958984 0.000000 2177.132812 0.000000 0.442317 0.000000 0.896859 0.794450 0.794450 0.794450
3820.507812 0.000000 2155.286377 0.000000 0.394254 0.000000 0.919002 0.784673 0.784673 0.784673
3855.412598 0.000000 2196.235596 0.000000 0.839966 0.000000 0.542640 0.894035 0.894035 0.894035
3817.400391 0.000000 2174.320068 0.000000 0.491217 0.000000 -0.871037 1.195332 1.195332 1.195332
3848.343262 0.000000 2195.126953 0.000000 0.798337 0.000000 -0.602211 1.119394 1.119394 1.119394
3817.419922 0.000000 2186.384766 0.000000 0.037508 0.000000 -0.999296 1.283265 1.283265 1.283265
3847.330322 0.000000 2199.388672 0.000000 0.182437 0.000000 0.983218 0.743698 0.743698 0.743698
3834.078613 0.000000 2155.470215 0.000000 0.336019 0.000000 0.941855 0.773114 0.773114 0.773114
3839.958252 0.000000 2159.547852 0.000000 0.363172 0.000000 0.931722 0.778468 0.778468 0.778468
3827.943115 0.000000 2169.588379 0.000000 0.659385 0.000000 -0.751805 1.157180 1.157180 1.157180
3844.721191 0.000000 2178.921875 0.000000 0.762409 0.000000 -0.647095 1.130017 1.130017 1.130017
3816.789307 0.000000 2160.065918 0.000000 0.627743 0.000000 -0.778421 1.164819 1.164819 1.164819
3836.346924 0.000000 2176.561523 0.000000 0.148873 0.000000 0.988856 0.737410 0.737410 0.737410
3845.922607 0.000000 2178.787598 0.000000 0.264100 0.000000 -0.964495 1.240819 1.240819 1.240819
3832.246582 0.000000 2174.248535 0.000000 0.091636 0.000000 -0.995793 1.243703 1.243703 1.243703
3827.421387 0.000000 2184.843018 0.000000 0.895507 0.000000 -0.445048 1.085209 1.085209 1.085209
3855.630127 0.000000 2199.895752 0.000000 0.906586 0.000000 -0.422021 1.080488 1.080488 1.080488
3843.872314 0.000000 2198.680908 0.000000 0.676293 0.000000 0.736633 0.847017 0.847017 0.847017
3835.196533 0.000000 2163.869385 0.000000 0.738899 0.000000 -0.673816 1.136593 1.136593 1.136593
3844.710938 0.000000 2164.068604 0.000000 0.837283 0.000000 -0.546769 1.106875 1.106875 1.106875
3821.077637 0.000000 2168.090820 0.000000 0.375703 0.000000 0.926740 0.780959 0.780959 0.780959
3816.767334 0.000000 2166.166016 0.000000 0.511904 0.000000 -0.859043 1.190915 1.190915 1.190915
3854.437988 0.000000 2199.966309 0.000000 0.999783 0.000000 -0.020834 1.003849 1.003849 1.003849
3842.803711 0.000000 2161.224854 0.000000 0.798235 0.000000 -0.602347 1.119426 1.119426 1.119426
3829.764648 0.000000 2163.635254 0.000000 0.643516 0.000000 0.765432 0.838956 0.838956 0.838956
3840.959717 0.000000 2163.351562 0.000000 0.707473 0.000000 -0.706741 1.145002 1.145002 1.145002
3818.672607 0.000000 2155.240723 0.000000 0.562242 0.000000 -0.826973 1.179886 1.179886 1.179886
3817.724365 0.000000 2188.621582 0.000000 0.921232 0.000000 -0.389014 1.073817 1.073817 1.073817
3817.166016 0.000000 2177.334717 0.000000 0.490057 0.000000 -0.871690 1.195578 1.195578 1.195578
3817.597900 0.000000 2161.806641 0.000000 0.309648 0.000000 0.950851 0.767966 0.767966 0.767966
3823.437988 0.000000 2186.933838 0.000000 0.843654 0.000000 -0.536887 1.104703 1.104703 1.104703
3825.014893 0.000000 2187.878174 0.000000 0.948668 0.000000 0.316274 0.940549 0.940549 0.940549
3840.689941 0.000000 2157.433350 0.000000 0.776725 0.000000 0.629839 0.874125 0.874125 0.874125
3817.064697 0.000000 2184.753662 0.000000 0.955948 0.000000 0.293535 0.944960 0.944960 0.944960
3820.578125 0.000000 2169.565430 0.000000 0.846957 0.000000 -0.531661 1.103560 1.103560 1.103560
3841.432129 0.000000 2156.564941 0.000000 0.057432 0.000000 -0.998349 1.279580 1.279580 1.279580
3826.545166 0.000000 2154.582764 0.000000 0.912493 0.000000 -0.409091 1.077862 1.077862 1.077862
3824.543213 0.000000 2164.887451 0.000000 0.978452 0.000000 0.206475 0.961578 0.961578 0.961578
3857.614990 0.000000 2204.125000 0.000000 0.764612 0.000000 -0.644490 1.120645 1.120645 1.120645
3840.809082 0.000000 2196.101562 0.000000 0.197938 0.000000 -0.980215 1.253385 1.253385 1.253385
3821.827881 0.000000 2183.067627 0.000000 0.095829 0.000000 0.995398 0.727535 0.727535 0.727535
3825.347168 0.000000 2176.978271 0.000000 0.650055 0.000000 0.759887 0.840540 0.840540 0.840540
3836.177490 0.000000 2174.691895 0.000000 0.034420 0.000000 0.999407 0.716164 0.716164 0.716164
3857.718506 0.000000 2188.176514 0.000000 0.915372 0.000000 -0.402610 1.076552 1.076552 1.076552
3844.670410 0.000000 2161.870605 0.000000 0.996381 0.000000 0.084995 0.984279 0.984279 0.984279
3822.001221 0.000000 2157.392578 0.000000 0.478242 0.000000 0.878228 0.801927 0.801927 0.801927
3853.275146 0.000000 2195.256592 0.000000 0.624953 0.000000 -0.780663 1.165480 1.165480 1.165480
3823.485840 0.000000 2175.262695 0.000000 0.422139 0.000000 -0.906531 1.209684 1.209684 1.209684
3842.530029 0.000000 2177.177490 0.000000 0.555180 0.000000 -0.831730 1.181459 1.181459 1.181459
3860.250488 0.000000 2201.386719 0.000000 0.988110 0.000000 -0.153747 1.027746 1.027746 1.027746
3843.368164 0.000000 2157.364502 0.000000 0.238534 0.000000 -0.971134 1.245699 1.245699 1.245699
3848.100342 0.000000 2159.149170 0.000000 0.106841 0.000000 -0.994276 1.270420 1.270420 1.270420
3825.932373 0.000000 2156.365723 0.000000 0.350981 0.000000 -0.936383 1.223943 1.223943 1.223943
3843.045166 0.000000 2155.379395 0.000000 0.603125 0.000000 -0.797647 1.170590 1.170590 1.170590
3819.638916 0.000000 2186.396729 0.000000 0.900070 0.000000 -0.435746 1.083295 1.083295 1.083295
3852.358887 0.000000 2186.296875 0.000000 0.129464 0.000000 0.991584 0.733789 0.733789 0.733789
3860.367920 0.000000 2193.406738 0.000000 0.001594 0.000000 0.999999 0.710098 0.710098 0.710098
3829.601074 0.000000 2185.323242 0.000000 0.679160 0.000000 0.733991 0.847737 0.847737 0.847737
3848.285156 0.000000 2191.109863 0.000000 0.992350 0.000000 -0.123456 1.022866 1.022866 1.022866
3849.727539 0.000000 2196.619629 0.000000 0.251965 0.000000 0.967736 0.756860 0.756860 0.756860
3835.906982 0.000000 2171.342285 0.000000 0.600866 0.000000 -0.799349 1.166488 1.166488 1.166488
3820.583008 0.000000 2178.274658 0.000000 0.971314 0.000000 -0.237802 1.044358 1.044358 1.044358
3827.376221 0.000000 2158.569092 0.000000 0.342749 0.000000 0.939427 0.774435 0.774435 0.774435
3837.816406 0.000000 2172.636719 0.000000 0.994148 0.000000 -0.108031 1.019997 1.019997 1.019997
3838.398438 0.000000 2152.210205 0.000000 0.769463 0.000000 -0.638692 1.127990 1.127990 1.127990
3819.993896 0.000000 2181.619629 0.000000 0.603225 0.000000 0.797571 0.829433 0.829433 0.829433
3818.368164 0.000000 2172.400146 0.000000 0.721815 0.000000 0.692086 0.858786 0.858786 0.858786
3847.139893 0.000000 2190.316650 0.000000 0.618614 0.000000 -0.785695 1.166976 1.166976 1.166976
3822.891113 0.000000 2158.450684 0.000000 0.681643 0.000000 -0.731685 1.151637 1.151637 1.151637
3857.204346 0.000000 2194.724609 0.000000 0.164837 0.000000 -0.986321 1.259604 1.259604 1.259604
3847.157471 0.000000 2186.572021 0.000000 0.642486 0.000000 -0.766297 1.161293 1.161293 1.161293
3829.132080 0.000000 2165.470215 0.000000 0.781582 0.000000 -0.623802 1.124444 1.124444 1.124444
3828.336426 0.000000 2184.125244 0.000000 0.994264 0.000000 0.106958 0.980202 0.980202 0.980202
3852.719971 0.000000 2189.467041 0.000000 0.946827 0.000000 0.321744 0.939483 0.939483 0.939483
3823.112549 0.000000 2185.910156 0.000000 0.561322 0.000000 -0.827597 1.180092 1.180092 1.180092
3822.251953 0.000000 2177.240234 0.000000 0.381703 0.000000 -0.924285 1.217843 1.217843 1.217843
3842.851074 0.000000 2196.792480 0.000000 0.997139 0.000000 0.075593 0.986021 0.986021 0.986021
3851.497070 0.000000 2189.757812 0.000000 0.117952 0.000000 -0.993019 1.268354 1.268354 1.268354
3842.874512 0.000000 2190.308105 0.000000 0.734448 0.000000 0.678665 0.862191 0.862191 0.862191
3821.861816 0.000000 2180.881348 0.000000 0.952207 0.000000 -0.305454 1.057348 1.057348 1.057348
3820.097900 0.000000 2179.928467 0.000000 0.203230 0.000000 -0.979131 1.252387 1.252387 1.252387
3826.391602 0.000000 2180.353516 0.000000 0.720803 0.000000 -0.693140 1.141484 1.141484 1.141484
3842.780273 0.000000 2178.318604 0.000000 0.970129 0.000000 -0.242590 1.045269 1.045269 1.045269
3820.827148 0.000000 2159.120850 0.000000 0.935821 0.000000 0.352475 0.933452 0.933452 0.933452
3841.727295 0.000000 2170.658447 0.000000 0.915129 0.000000 -0.403161 1.113959 1.113959 1.113959
3834.044434 0.000000 2161.286621 0.000000 0.369199 0.000000 -0.929350 1.259043 1.259043 1.259043
3840.508545 0.000000 2167.818359 0.000000 0.954792 0.000000 0.297276 0.901284 0.901284 0.901284
3841.829102 0.000000 2167.155273 0.000000 0.851890 0.000000 -0.523721 1.180273 1.180273 1.180273
3845.775879 0.000000 2185.164551 0.000000 0.064021 0.000000 0.997949 0.601268 0.601268 0.601268
3839.998047 0.000000 2166.349609 0.000000 0.948460 0.000000 0.316898 0.894541 0.894541 0.894541
3846.076660 0.000000 2166.751709 0.000000 0.598269 0.000000 -0.801295 1.204198 1.204198 1.204198
3837.193604 0.000000 2167.242676 0.000000 0.591650 0.000000 -0.806195 1.292624 1.292624 1.292624
3846.002930 0.000000 2170.234863 0.000000 0.994377 0.000000 -0.105898 1.024898 1.024898 1.024898
3847.029785 0.000000 2168.733643 0.000000 0.518553 0.000000 0.855045 0.700415 0.700415 0.700415
3844.072021 0.000000 2185.982666 0.000000 0.625406 0.000000 -0.780300 1.236886 1.236886 1.236886
3836.288330 0.000000 2159.533691 0.000000 0.837134 0.000000 0.546999 0.843947 0.843947 0.843947
3844.678955 0.000000 2171.620850 0.000000 0.999869 0.000000 0.016189 0.995554 0.995554 0.995554
3840.853760 0.000000 2168.809082 0.000000 0.271880 0.000000 -0.962331 1.478655 1.478655 1.478655
3837.843994 0.000000 2169.519775 0.000000 0.951442 0.000000 0.307827 0.903132 0.903132 0.903132
3840.043213 0.000000 2169.666504 0.000000 0.289104 0.000000 -0.957298 1.472024 1.472024 1.472024
3837.905518 0.000000 2158.838379 0.000000 0.359762 0.000000 -0.933044 1.324303 1.324303 1.324303
3842.555908 0.000000 2168.267578 0.000000 0.975777 0.000000 0.218769 0.918508 0.918508 0.918508
3839.077148 0.000000 2171.084717 0.000000 0.558453 0.000000 -0.829536 1.268655 1.268655 1.268655
3839.166504 0.000000 2168.178467 0.000000 0.634977 0.000000 -0.772531 1.326191 1.326191 1.326191
3837.460938 0.000000 2160.545166 0.000000 0.971702 0.000000 -0.236212 1.069655 1.069655 1.069655
3838.349854 0.000000 2170.531982 0.000000 0.184601 0.000000 -0.982814 1.380385 1.380385 1.380385
3845.222168 0.000000 2167.037598 0.000000 0.811515 0.000000 -0.584332 1.204096 1.204096 1.204096
3842.553711 0.000000 2170.218994 0.000000 0.376913 0.000000 0.926248 0.674758 0.674758 0.674758
3845.007080 0.000000 2167.930908 0.000000 0.924474 0.000000 0.381246 0.872077 0.872077 0.872077
3845.345215 0.000000 2169.522217 0.000000 0.508801 0.000000 -0.860884 1.383162 1.383162 1.383162
3845.617920 0.000000 2168.606934 0.000000 0.891400 0.000000 0.453217 0.826203 0.826203 0.826203
3843.595215 0.000000 2167.606689 0.000000 0.117912 0.000000 0.993024 0.524927 0.524927 0.524927
3842.583008 0.000000 2166.504639 0.000000 0.702365 0.000000 -0.711817 1.259049 1.259049 1.259049
3842.906738 0.000000 2169.104248 0.000000 0.492306 0.000000 -0.870422 1.390203 1.390203 1.390203
3843.946533 0.000000 2169.171875 0.000000 0.913747 0.000000 -0.406285 1.154588 1.154588 1.154588
3806.801270 0.000000 2261.013184 0.000000 0.999746 0.000000 0.022518 0.999606 0.999606 0.999606
3807.088867 0.000000 2250.693359 0.000000 0.108578 0.000000 -0.994088 1.270097 1.270097 1.270097
3810.527588 0.000000 2252.004639 0.000000 0.796347 0.000000 0.604840 0.879996 0.879996 0.879996
3812.267090 0.000000 2255.103027 0.000000 0.981686 0.000000 0.190508 0.964588 0.964588 0.964588
3812.846191 0.000000 2250.261475 0.000000 0.593448 0.000000 0.804872 0.827179 0.827179 0.827179
3804.606445 0.000000 2244.879395 0.000000 0.972893 0.000000 0.231255 0.970869 0.970869 0.970869
3803.260010 0.000000 2247.475830 0.000000 0.949223 0.000000 -0.314605 1.039950 1.039950 1.039950
3811.354980 0.000000 2246.599365 0.000000 0.758483 0.000000 0.651693 0.868866 0.868866 0.868866
3804.621338 0.000000 2249.839355 0.000000 0.990690 0.000000 -0.136138 1.025229 1.025229 1.025229
3814.698242 0.000000 2245.385254 0.000000 0.144302 0.000000 0.989534 0.736556 0.736556 0.736556
3808.145020 0.000000 2247.796875 0.000000 0.103392 0.000000 -0.994641 1.271061 1.271061 1.271061
3808.710938 0.000000 2243.197021 0.000000 0.876045 0.000000 0.482230 0.920856 0.920856 0.920856
3806.893799 0.000000 2253.029785 0.000000 0.255275 0.000000 -0.966868 1.242508 1.242508 1.242508
3802.636475 0.000000 2251.985352 0.000000 0.423680 0.000000 -0.905812 1.169759 1.169759 1.169759
3806.889160 0.000000 2245.134521 0.000000 0.972649 0.000000 -0.232280 1.042138 1.042138 1.042138
3813.795166 0.000000 2259.348633 0.000000 0.710544 0.000000 0.703652 0.855802 0.855802 0.855802
3814.047852 0.000000 2287.790283 0.000000 0.643720 0.000000 -0.765261 1.091375 1.091375 1.091375
3812.035400 0.000000 2242.230957 0.000000 0.990178 0.000000 0.139810 0.977938 0.977938 0.977938
3812.927734 0.000000 2266.232422 0.000000 0.986823 0.000000 -0.161802 1.009737 1.009737 1.009737
3815.191895 0.000000 2255.628174 0.000000 0.710801 0.000000 -0.703393 1.144130 1.144130 1.144130
3803.966064 0.000000 2255.264648 0.000000 0.048777 0.000000 -0.998810 1.227985 1.227985 1.227985
3812.158691 0.000000 2258.118164 0.000000 0.441978 0.000000 -0.897026 1.205619 1.205619 1.205619
3810.627686 0.000000 2243.809082 0.000000 0.712576 0.000000 0.701595 0.877692 0.877692 0.877692
3808.586914 0.000000 2252.007080 0.000000 0.072492 0.000000 -0.997369 1.276792 1.276792 1.276792
3810.709473 0.000000 2253.932129 0.000000 0.998579 0.000000 -0.053286 1.009849 1.009849 1.009849
3815.374756 0.000000 2251.809570 0.000000 0.567482 0.000000 -0.823386 1.178713 1.178713 1.178713
3805.345215 0.000000 2251.603027 0.000000 0.936875 0.000000 -0.349665 1.065993 1.065993 1.065993
3814.429932 0.000000 2249.373535 0.000000 0.119922 0.000000 0.992783 0.732012 0.732012 0.732012
3811.959717 0.000000 2248.594238 0.000000 0.150860 0.000000 -0.988555 1.262219 1.262219 1.262219
3814.473389 0.000000 2243.614746 0.000000 0.935433 0.000000 -0.353504 1.056828 1.056828 1.056828
3806.689941 0.000000 2248.871582 0.000000 0.734439 0.000000 -0.678674 1.137811 1.137811 1.137811
3808.875977 0.000000 2250.220215 0.000000 0.808225 0.000000 0.588874 0.883673 0.883673 0.883673
3815.485352 0.000000 2258.651123 0.000000 0.733425 0.000000 -0.679770 1.138087 1.138087 1.138087
3805.224365 0.000000 2256.652100 0.000000 0.933386 0.000000 -0.358873 1.056816 1.056816 1.056816
3814.160156 0.000000 2264.930420 0.000000 0.960610 0.000000 -0.277900 1.052026 1.052026 1.052026
3813.047852 0.000000 2245.969971 0.000000 0.987203 0.000000 0.159470 0.970412 0.970412 0.970412
3813.838135 0.000000 2254.493164 0.000000 0.454462 0.000000 -0.890766 1.203039 1.203039 1.203039
3809.718994 0.000000 2247.170410 0.000000 0.611944 0.000000 -0.790901 1.168539 1.168539 1.168539
3811.161865 0.000000 2250.362305 0.000000 0.999077 0.000000 -0.042949 1.007937 1.007937 1.007937
3810.219482 0.000000 2255.491943 0.000000 0.993357 0.000000 0.115071 0.978694 0.978694 0.978694
3803.035400 0.000000 2253.593018 0.000000 0.979180 0.000000 -0.202996 1.030620 1.030620 1.030620
3812.204590 0.000000 2251.833984 0.000000 0.391870 0.000000 0.920021 0.784194 0.784194 0.784194
3812.177734 0.000000 2253.415039 0.000000 0.908799 0.000000 -0.417235 1.079514 1.079514 1.079514
3815.134521 0.000000 2286.389160 0.000000 0.504616 0.000000 -0.863344 1.109244 1.109244 1.109244
3814.974609 0.000000 2246.893799 0.000000 0.552411 0.000000 -0.833572 1.182074 1.182074 1.182074
3811.826660 0.000000 2256.586182 0.000000 0.999977 0.000000 -0.006824 1.001261 1.001261 1.001261
3814.893799 0.000000 2262.149170 0.000000 0.598651 0.000000 -0.801010 1.171624 1.171624 1.171624
3804.416748 0.000000 2246.416016 0.000000 0.046463 0.000000 0.998920 0.726002 0.726002 0.726002
3813.855713 0.000000 2263.258789 0.000000 0.980225 0.000000 -0.197885 1.036801 1.036801 1.036801
3810.215332 0.000000 2258.775146 0.000000 0.726972 0.000000 0.686667 0.860168 0.860168 0.860168
3807.197754 0.000000 2246.616211 0.000000 0.369567 0.000000 0.929204 0.779738 0.779738 0.779738
3803.322266 0.000000 2250.595703 0.000000 0.435159 0.000000 -0.900354 1.167855 1.167855 1.167855
3812.758545 0.000000 2260.419189 0.000000 0.980954 0.000000 -0.194240 1.036114 1.036114 1.036114
3814.232666 0.000000 2250.901611 0.000000 0.721421 0.000000 -0.692497 1.141319 1.141319 1.141319
3804.597412 0.000000 2248.173584 0.000000 0.971011 0.000000 -0.239036 1.044592 1.044592 1.044592
3803.340088 0.000000 2248.992432 0.000000 0.677436 0.000000 0.735582 0.876192 0.876192 0.876192
3810.673096 0.000000 2245.293457 0.000000 0.192132 0.000000 -0.981369 1.254479 1.254479 1.254479
3808.240234 0.000000 2260.800781 0.000000 0.997230 0.000000 0.074384 0.990706 0.990706 0.990706
3809.449219 0.000000 2253.206787 0.000000 0.130117 0.000000 0.991499 0.733911 0.733911 0.733911
3805.643311 0.000000 2245.786865 0.000000 0.429290 0.000000 0.903167 0.859308 0.859308 0.859308
3813.206055 0.000000 2242.970947 0.000000 0.974349 0.000000 -0.225042 1.035701 1.035701 1.035701
3811.187012 0.000000 2263.919678 0.000000 0.962677 0.000000 -0.270652 1.036948 1.036948 1.036948
3807.363525 0.000000 2254.411621 0.000000 0.906197 0.000000 -0.422857 1.080659 1.080659 1.080659
3814.876953 0.000000 2268.918213 0.000000 0.045243 0.000000 -0.998976 1.186620 1.186620 1.186620
3807.510498 0.000000 2243.890625 0.000000 0.114551 0.000000 0.993417 0.818252 0.818252 0.818252
3802.059814 0.000000 2248.257324 0.000000 0.999971 0.000000 -0.007562 1.001133 1.001133 1.001133
3814.875977 0.000000 2253.594238 0.000000 0.999999 0.000000 0.001300 0.999760 0.999760 0.999760
3815.021240 0.000000 2281.905518 0.000000 0.538442 0.000000 0.842662 0.884905 0.884905 0.884905
3813.494141 0.000000 2255.823486 0.000000 0.768334 0.000000 0.640049 0.871683 0.871683 0.871683
3814.192871 0.000000 2260.722168 0.000000 0.827099 0.000000 0.562057 0.889731 0.889731 0.889731
3804.019287 0.000000 2251.930420 0.000000 0.735474 0.000000 -0.677553 1.137529 1.137529 1.137529
3809.961426 0.000000 2242.659668 0.000000 0.856809 0.000000 0.515634 0.914793 0.914793 0.914793
3814.300293 0.000000 2266.880371 0.000000 0.150740 0.000000 0.988573 0.783828 0.783828 0.783828
3805.779785 0.000000 2244.230225 0.000000 0.598085 0.000000 0.801433 0.883950 0.883950 0.883950
3807.059570 0.000000 2256.231445 0.000000 0.998664 0.000000 0.051678 0.990448 0.990448 0.990448
3805.816162 0.000000 2253.940674 0.000000 0.855021 0.000000 -0.518594 1.100724 1.100724 1.100724
3810.852295 0.000000 2247.858643 0.000000 0.915848 0.000000 0.401525 0.923667 0.923667 0.923667
3808.153564 0.000000 2253.359863 0.000000 0.405583 0.000000 0.914058 0.786956 0.786956 0.786956
3811.660889 0.000000 2261.261230 0.000000 0.057383 0.000000 -0.998352 1.279589 1.279589 1.279589
3808.162598 0.000000 2249.136475 0.000000 0.806962 0.000000 -0.590603 1.116723 1.116723 1.116723
3805.966309 0.000000 2250.011475 0.000000 0.867227 0.000000 0.497912 0.903713 0.903713 0.903713
3815.347168 0.000000 2257.088135 0.000000 0.805831 0.000000 -0.592146 1.117076 1.117076 1.117076
3812.388428 0.000000 2247.380615 0.000000 0.762505 0.000000 -0.646982 1.129990 1.129990 1.129990
3814.986572 0.000000 2248.175781 0.000000 0.682538 0.000000 -0.730850 1.151411 1.151411 1.151411
3809.964600 0.000000 2250.860107 0.000000 0.919521 0.000000 0.393042 0.925375 0.925375 0.925375
3809.444824 0.000000 2244.317139 0.000000 0.652742 0.000000 -0.757581 1.158806 1.158806 1.158806
3808.586670 0.000000 2246.659180 0.000000 0.967558 0.000000 0.252648 0.952813 0.952813 0.952813
3811.937256 0.000000 2245.385742 0.000000 0.369085 0.000000 -0.929396 1.220358 1.220358 1.220358
3813.725830 0.000000 2244.649414 0.000000 0.643068 0.000000 0.765809 0.838848 0.838848 0.838848
3813.126709 0.000000 2248.971436 0.000000 0.143688 0.000000 -0.989623 1.263558 1.263558 1.263558
3812.668213 0.000000 2262.896484 0.000000 0.397155 0.000000 0.917752 0.785256 0.785256 0.785256
3806.604980 0.000000 2251.784912 0.000000 0.874284 0.000000 -0.485415 1.093635 1.093635 1.093635
3813.362549 0.000000 2258.217529 0.000000 0.996536 0.000000 0.083158 0.984619 0.984619 0.984619
3812.630859 0.000000 2259.244629 0.000000 0.508654 0.000000 -0.860971 1.191613 1.191613 1.191613
3807.819336 0.000000 2258.434326 0.000000 0.450914 0.000000 0.892567 0.829270 0.829270 0.829270
3806.922852 0.000000 2247.730469 0.000000 0.117392 0.000000 0.993086 0.731542 0.731542 0.731542
3805.108643 0.000000 2254.864014 0.000000 0.282818 0.000000 -0.959174 1.237224 1.237224 1.237224
3810.218506 0.000000 2260.101318 0.000000 0.796049 0.000000 -0.605232 1.120095 1.120095 1.120095
3809.133545 0.000000 2248.498779 0.000000 0.167233 0.000000 -0.985917 1.259155 1.259155 1.259155
3805.500977 0.000000 2248.902100 0.000000 0.735180 0.000000 0.677872 0.862390 0.862390 0.862390
3814.905518 0.000000 2259.643799 0.000000 0.968266 0.000000 0.249921 0.953334 0.953334 0.953334
3805.671387 0.000000 2252.712646 0.000000 0.761582 0.000000 0.648069 0.869747 0.869747 0.869747
3807.893799 0.000000 2255.465576 0.000000 0.830189 0.000000 0.557481 0.890751 0.890751 0.890751
3807.999023 0.000000 2244.906738 0.000000 0.987328 0.000000 -0.158693 1.028646 1.028646 1.028646
3813.343994 0.000000 2251.597900 0.000000 0.914926 0.000000 -0.403622 1.076756 1.076756 1.076756
3809.547852 0.000000 2256.398438 0.000000 0.343839 0.000000 -0.939029 1.225350 1.225350 1.225350
3812.782227 0.000000 2257.198242 0.000000 0.984427 0.000000 0.175794 0.967353 0.967353 0.967353
3811.187012 0.000000 2252.922852 0.000000 0.043395 0.000000 0.999058 0.717823 0.717823 0.717823
3811.323975 0.000000 2258.856689 0.000000 0.629900 0.000000 -0.776676 1.164307 1.164307 1.164307
3814.449463 0.000000 2258.290283 0.000000 0.214384 0.000000 0.976749 0.749720 0.749720 0.749720
3811.193359 0.000000 2254.923828 0.000000 0.999790 0.000000 -0.020469 1.003782 1.003782 1.003782
3813.935547 0.000000 2246.707275 0.000000 0.193041 0.000000 -0.981191 1.254308 1.254308 1.254308
3857.925293 0.000000 2291.553711 0.000000 0.948432 0.000000 -0.316980 1.041873 1.041873 1.041873
3853.543457 0.000000 2251.730469 0.000000 0.959729 0.000000 0.280927 0.985071 0.985071 0.985071
3848.021729 0.000000 2273.251465 0.000000 0.951773 0.000000 0.306805 0.942390 0.942390 0.942390
3852.805664 0.000000 2270.471191 0.000000 0.028594 0.000000 0.999591 0.715087 0.715087 0.715087
3846.197021 0.000000 2265.233154 0.000000 0.263918 0.000000 0.964545 0.518292 0.518292 0.518292
3847.314697 0.000000 2270.709961 0.000000 0.472338 0.000000 -0.881417 1.199312 1.199312 1.199312
3854.389160 0.000000 2268.375488 0.000000 0.958348 0.000000 0.285602 0.952999 0.952999 0.952999
3851.656250 0.000000 2256.484863 0.000000 0.714390 0.000000 -0.699748 1.143185 1.143185 1.143185
3847.581787 0.000000 2260.111816 0.000000 0.727860 0.000000 0.685726 0.683086 0.683086 0.683086
3848.550049 0.000000 2266.325195 0.000000 0.345833 0.000000 0.938296 0.586564 0.586564 0.586564
3854.598633 0.000000 2287.178467 0.000000 0.579432 0.000000 -0.815021 1.080873 1.080873 1.080873
3855.851318 0.000000 2263.562988 0.000000 0.224755 0.000000 -0.974415 1.100669 1.100669 1.100669
3835.804688 0.000000 2290.740234 0.000000 0.745529 0.000000 0.666473 0.865235 0.865235 0.865235
3852.817383 0.000000 2265.021240 0.000000 0.157581 0.000000 -0.987506 1.345598 1.345598 1.345598
3815.795410 0.000000 2243.779541 0.000000 0.852321 0.000000 0.523019 0.913433 0.913433 0.913433
3846.064453 0.000000 2286.161133 0.000000 0.999505 0.000000 -0.031470 1.005815 1.005815 1.005815
3847.952393 0.000000 2246.681885 0.000000 0.994902 0.000000 -0.100850 1.018663 1.018663 1.018663
3835.819092 0.000000 2275.226074 0.000000 0.906107 0.000000 -0.423048 1.033806 1.033806 1.033806
3855.666260 0.000000 2273.828125 0.000000 0.136717 0.000000 -0.990610 1.232646 1.232646 1.232646
3856.947998 0.000000 2288.046631 0.000000 0.229992 0.000000 0.973192 0.886365 0.886365 0.886365
3826.822998 0.000000 2275.336426 0.000000 0.859602 0.000000 0.510964 0.900920 0.900920 0.900920
3849.438477 0.000000 2277.980225 0.000000 0.999944 0.000000 -0.010563 1.001951 1.001951 1.001951
3834.610596 0.000000 2279.318848 0.000000 0.602678 0.000000 -0.797985 1.170694 1.170694 1.170694
3835.857422 0.000000 2293.413818 0.000000 0.121812 0.000000 0.992553 0.772148 0.772148 0.772148
3844.408447 0.000000 2256.695557 0.000000 0.726340 0.000000 0.687336 0.719996 0.719996 0.719996
3850.892334 0.000000 2273.560303 0.000000 0.852097 0.000000 0.523384 0.898240 0.898240 0.898240
3826.887207 0.000000 2265.078857 0.000000 0.764882 0.000000 0.644170 0.870690 0.870690 0.870690
3831.019775 0.000000 2266.915283 0.000000 0.921115 0.000000 -0.389290 1.073872 1.073872 1.073872
3821.130615 0.000000 2285.119873 0.000000 0.429739 0.000000 0.902953 0.791868 0.791868 0.791868
3839.612061 0.000000 2256.635010 0.000000 0.058842 0.000000 -0.998267 1.558638 1.558638 1.558638
3846.988281 0.000000 2275.253174 0.000000 0.895695 0.000000 -0.444669 1.085131 1.085131 1.085131
3839.155029 0.000000 2271.600098 0.000000 0.976987 0.000000 0.213298 0.960289 0.960289 0.960289
3851.485840 0.000000 2250.659912 0.000000 0.983937 0.000000 0.178514 0.966843 0.966843 0.966843
3836.869385 0.000000 2271.538086 0.000000 0.497194 0.000000 0.867639 0.895102 0.895102 0.895102
3844.130615 0.000000 2261.068604 0.000000 0.708957 0.000000 0.705252 0.566158 0.566158 0.566158
3836.515625 0.000000 2257.688965 0.000000 0.994088 0.000000 0.108574 0.959804 0.959804 0.959804
3816.347168 0.000000 2270.861084 0.000000 0.615013 0.000000 0.788517 0.879804 0.879804 0.879804
3820.029053 0.000000 2287.018799 0.000000 0.998807 0.000000 -0.048836 1.009026 1.009026 1.009026
3857.258545 0.000000 2302.531250 0.000000 0.826150 0.000000 0.563451 0.908846 0.908846 0.908846
3828.889160 0.000000 2287.737305 0.000000 0.891631 0.000000 -0.452763 1.086804 1.086804 1.086804
3840.234375 0.000000 2250.013672 0.000000 0.924614 0.000000 0.380905 0.855613 0.855613 0.855613
3817.744629 0.000000 2245.722900 0.000000 0.547842 0.000000 -0.836582 1.178136 1.178136 1.178136
3853.714844 0.000000 2257.071777 0.000000 0.219060 0.000000 -0.975711 1.175251 1.175251 1.175251
3843.999023 0.000000 2298.342285 0.000000 0.137536 0.000000 -0.990497 1.529413 1.529413 1.529413
3844.026855 0.000000 2246.809082 0.000000 0.999927 0.000000 -0.012107 1.002237 1.002237 1.002237
3841.796631 0.000000 2286.614990 0.000000 0.980231 0.000000 -0.197857 1.041271 1.041271 1.041271
3845.846191 0.000000 2241.336426 0.000000 0.444301 0.000000 -0.895877 1.058216 1.058216 1.058216
3817.535400 0.000000 2255.185059 0.000000 0.991475 0.000000 0.130294 0.973903 0.973903 0.973903
3841.676758 0.000000 2295.528320 0.000000 0.999630 0.000000 0.027211 0.989945 0.989945 0.989945
3836.883301 0.000000 2268.031738 0.000000 0.874790 0.000000 0.484503 0.949490 0.949490 0.949490
3838.540283 0.000000 2242.218750 0.000000 0.892581 0.000000 0.450886 0.913584 0.913584 0.913584
3828.400391 0.000000 2267.677490 0.000000 0.888272 0.000000 -0.459319 1.088165 1.088165 1.088165
3847.643799 0.000000 2244.410889 0.000000 0.307224 0.000000 0.951637 0.767495 0.767495 0.767495
3828.903076 0.000000 2251.518066 0.000000 0.507611 0.000000 -0.861587 1.191836 1.191836 1.191836
3848.145996 0.000000 2285.879883 0.000000 0.873069 0.000000 0.487598 0.938964 0.938964 0.938964
3840.356445 0.000000 2282.561279 0.000000 0.925916 0.000000 -0.377729 1.066724 1.066724 1.066724
3843.071777 0.000000 2293.856445 0.000000 0.210914 0.000000 0.977505 0.498128 0.498128 0.498128
3827.493408 0.000000 2244.685303 0.000000 0.652740 0.000000 -0.757582 1.158807 1.158807 1.158807
3851.865723 0.000000 2275.443848 0.000000 0.220956 0.000000 0.975284 0.750964 0.750964 0.750964
3841.846191 0.000000 2253.649414 0.000000 0.508167 0.000000 0.861259 0.616566 0.616566 0.616566
3839.745361 0.000000 2274.563232 0.000000 0.883351 0.000000 0.468712 0.970770 0.970770 0.970770
3843.856445 0.000000 2252.176270 0.000000 0.314096 0.000000 0.949391 0.537661 0.537661 0.537661
3828.694580 0.000000 2293.621094 0.000000 0.456109 0.000000 0.889924 0.827433 0.827433 0.827433
3844.528320 0.000000 2287.501709 0.000000 0.973739 0.000000 -0.227667 1.042432 1.042432 1.042432
3842.416748 0.000000 2299.844482 0.000000 0.443344 0.000000 -0.896352 1.410676 1.410676 1.410676
3827.359619 0.000000 2279.682373 0.000000 0.544010 0.000000 0.839078 0.816071 0.816071 0.816071
3845.617432 0.000000 2250.385986 0.000000 0.401305 0.000000 0.915944 0.760077 0.760077 0.760077
3852.333740 0.000000 2286.440674 0.000000 0.954211 0.000000 -0.299135 1.050055 1.050055 1.050055
3822.436768 0.000000 2246.795410 0.000000 0.884756 0.000000 -0.466054 1.091990 1.091990 1.091990
3817.682617 0.000000 2250.656494 0.000000 0.355254 0.000000 -0.934770 1.241189 1.241189 1.241189
3847.561523 0.000000 2251.136963 0.000000 0.525469 0.000000 -0.850813 1.187983 1.187983 1.187983
3846.905029 0.000000 2257.606201 0.000000 0.020091 0.000000 0.999798 0.636088 0.636088 0.636088
3828.963867 0.000000 2276.230957 0.000000 0.613239 0.000000 0.789897 0.831764 0.831764 0.831764
3820.184814 0.000000 2290.901123 0.000000 0.244543 0.000000 -0.969638 1.231336 1.231336 1.231336
3817.314697 0.000000 2283.518555 0.000000 0.059725 0.000000 0.998215 0.720844 0.720844 0.720844
3821.036133 0.000000 2273.268066 0.000000 0.423076 0.000000 0.906094 0.770690 0.770690 0.770690
3849.451172 0.000000 2249.603027 0.000000 0.331126 0.000000 -0.943586 1.227845 1.227845 1.227845
3845.798340 0.000000 2247.664551 0.000000 0.388853 0.000000 -0.921300 1.216412 1.216412 1.216412
3835.426025 0.000000 2255.974854 0.000000 0.937239 0.000000 -0.348689 1.131602 1.131602 1.131602
3847.995850 0.000000 2264.504639 0.000000 0.900926 0.000000 -0.433973 1.165863 1.165863 1.165863
3840.285400 0.000000 2252.395020 0.000000 0.711081 0.000000 -0.703111 1.288114 1.288114 1.288114
3831.038574 0.000000 2255.827148 0.000000 0.187340 0.000000 0.982295 0.744620 0.744620 0.744620
3851.192383 0.000000 2262.553955 0.000000 0.999472 0.000000 0.032497 0.987991 0.987991 0.987991
3846.077148 0.000000 2272.181396 0.000000 0.286963 0.000000 0.957942 0.763575 0.763575 0.763575
3850.453369 0.000000 2266.231445 0.000000 0.507782 0.000000 -0.861486 1.254005 1.254005 1.254005
3848.956299 0.000000 2262.817871 0.000000 0.999997 0.000000 0.002532 0.999064 0.999064 0.999064
3822.726562 0.000000 2274.178955 0.000000 0.755260 0.000000 0.655425 0.867955 0.867955 0.867955
3825.660156 0.000000 2277.099854 0.000000 0.676050 0.000000 0.736856 0.846956 0.846956 0.846956
3849.850342 0.000000 2247.041260 0.000000 0.747126 0.000000 0.664683 0.865678 0.865678 0.865678
3836.676758 0.000000 2251.090576 0.000000 0.618529 0.000000 0.785762 0.666009 0.666009 0.666009
3839.776611 0.000000 2286.493652 0.000000 0.952873 0.000000 0.303368 0.943057 0.943057 0.943057
3842.343506 0.000000 2249.488770 0.000000 0.368019 0.000000 -0.929818 1.247396 1.247396 1.247396
3822.785400 0.000000 2268.604980 0.000000 0.547998 0.000000 0.836480 0.816950 0.816950 0.816950
3850.591797 0.000000 2258.889893 0.000000 0.866477 0.000000 -0.499217 1.135713 1.135713 1.135713
3828.505371 0.000000 2281.158691 0.000000 0.810350 0.000000 0.585947 0.884341 0.884341 0.884341
3844.213379 0.000000 2244.505859 0.000000 0.332964 0.000000 0.942939 0.772515 0.772515 0.772515
3831.443115 0.000000 2291.029541 0.000000 0.324989 0.000000 0.945718 0.770954 0.770954 0.770954
3840.316650 0.000000 2258.400635 0.000000 0.235940 0.000000 0.971768 0.387846 0.387846 0.387846
3840.119141 0.000000 2298.073730 0.000000 0.314610 0.000000 -0.949221 1.462139 1.462139 1.462139
3851.080078 0.000000 2277.181152 0.000000 0.954550 0.000000 -0.298051 1.050624 1.050624 1.050624
3852.295654 0.000000 2260.893066 0.000000 0.568342 0.000000 -0.822792 1.197819 1.197819 1.197819
3838.101318 0.000000 2253.868896 0.000000 0.971332 0.000000 0.237728 0.911313 0.911313 0.911313
3857.756104 0.000000 2289.708252 0.000000 0.133385 0.000000 -0.991064 1.121977 1.121977 1.121977
3853.500977 0.000000 2253.552002 0.000000 0.271916 0.000000 -0.962321 1.113192 1.113192 1.113192
3821.483643 0.000000 2250.714111 0.000000 0.971555 0.000000 0.236812 0.911661 0.911661 0.911661
3821.275879 0.000000 2271.181396 0.000000 0.572571 0.000000 -0.819855 1.177569 1.177569 1.177569
3849.683838 0.000000 2256.118652 0.000000 0.975379 0.000000 0.220534 0.958920 0.958920 0.958920
3816.285889 0.000000 2251.855469 0.000000 0.707653 0.000000 -0.706560 1.156708 1.156708 1.156708
3847.675781 0.000000 2252.957520 0.000000 0.366171 0.000000 -0.930548 1.247808 1.247808 1.247808
3832.453613 0.000000 2278.179932 0.000000 0.454861 0.000000 -0.890562 1.202957 1.202957 1.202957
3833.988525 0.000000 2274.887695 0.000000 0.787456 0.000000 -0.616371 1.097823 1.097823 1.097823
3851.814209 0.000000 2284.692871 0.000000 0.207137 0.000000 -0.978312 1.163232 1.163232 1.163232
3852.278320 0.000000 2272.339844 0.000000 0.878152 0.000000 0.478381 0.907848 0.907848 0.907848
3826.993652 0.000000 2286.518066 0.000000 0.528228 0.000000 0.849102 0.812617 0.812617 0.812617
3817.205322 0.000000 2288.991699 0.000000 0.611555 0.000000 0.791202 0.904291 0.904291 0.904291
3856.031006 0.000000 2291.249023 0.000000 0.960301 0.000000 0.278964 0.963298 0.963298 0.963298
3815.811279 0.000000 2248.056396 0.000000 0.851335 0.000000 0.524623 0.897971 0.897971 0.897971
3833.331299 0.000000 2289.047119 0.000000 0.771378 0.000000 -0.636378 1.127435 1.127435 1.127435
3830.668945 0.000000 2275.394287 0.000000 0.691763 0.000000 0.722125 0.856979 0.856979 0.856979
3834.798340 0.000000 2286.540527 0.000000 0.882975 0.000000 0.469420 0.909728 0.909728 0.909728
3815.618164 0.000000 2278.554199 0.000000 0.973146 0.000000 -0.230188 1.026674 1.026674 1.026674
3824.545898 0.000000 2271.539551 0.000000 0.753215 0.000000 -0.657774 1.132621 1.132621 1.132621
3834.937256 0.000000 2267.940918 0.000000 0.376428 0.000000 0.926446 0.872804 0.872804 0.872804
3815.597168 0.000000 2255.754150 0.000000 0.895590 0.000000 0.444880 0.914825 0.914825 0.914825
3845.413574 0.000000 2284.461670 0.000000 0.131517 0.000000 -0.991314 1.172429 1.172429 1.172429
3853.671143 0.000000 2266.663086 0.000000 0.798933 0.000000 -0.601420 1.119211 1.119211 1.119211
3834.710205 0.000000 2252.439697 0.000000 0.078722 0.000000 0.996897 0.448725 0.448725 0.448725
3845.804688 0.000000 2260.464111 0.000000 0.221754 0.000000 0.975103 0.253346 0.253346 0.253346
3823.374023 0.000000 2285.632080 0.000000 0.106074 0.000000 -0.994358 1.270563 1.270563 1.270563
3828.021240 0.000000 2272.535645 0.000000 0.037618 0.000000 -0.999292 1.137795 1.137795 1.137795
3827.791016 0.000000 2289.934570 0.000000 0.991830 0.000000 0.127570 0.976368 0.976368 0.976368
3834.528564 0.000000 2292.186035 0.000000 0.841425 0.000000 -0.540374 1.089790 1.089790 1.089790
3822.635254 0.000000 2276.103516 0.000000 0.302340 0.000000 0.953200 0.766548 0.766548 0.766548
3827.348633 0.000000 2247.740234 0.000000 0.923646 0.000000 0.383246 0.927338 0.927338 0.927338
3840.406006 0.000000 2272.843750 0.000000 0.575462 0.000000 -0.817829 1.176917 1.176917 1.176917
3824.336914 0.000000 2246.374512 0.000000 0.639834 0.000000 0.768514 0.838069 0.838069 0.838069
3819.430420 0.000000 2268.195557 0.000000 0.993469 0.000000 -0.114106 1.021127 1.021127 1.021127
3838.555420 0.000000 2287.786133 0.000000 0.998980 0.000000 0.045164 0.991653 0.991653 0.991653
3838.919678 0.000000 2284.626953 0.000000 0.847073 0.000000 0.531476 0.896480 0.896480 0.896480
3839.630859 0.000000 2292.257324 0.000000 0.451636 0.000000 0.892202 0.843154 0.843154 0.843154
3826.002686 0.000000 2270.522949 0.000000 0.989069 0.000000 -0.147456 1.027341 1.027341 1.027341
3842.446045 0.000000 2277.385498 0.000000 0.446255 0.000000 0.894906 0.795262 0.795262 0.795262
3834.929443 0.000000 2301.166504 0.000000 0.215031 0.000000 -0.976607 1.199450 1.199450 1.199450
3815.591309 0.000000 2242.020508 0.000000 0.848784 0.000000 0.528740 0.912376 0.912376 0.912376
3845.283936 0.000000 2275.891357 0.000000 0.975394 0.000000 0.220467 0.958933 0.958933 0.958933
3854.787354 0.000000 2262.183350 0.000000 0.947036 0.000000 -0.321127 1.024485 1.024485 1.024485
3829.186035 0.000000 2277.980713 0.000000 0.988051 0.000000 -0.154128 1.028588 1.028588 1.028588
3845.627930 0.000000 2254.097656 0.000000 0.566241 0.000000 -0.824240 1.357983 1.357983 1.357983
3833.923828 0.000000 2280.867676 0.000000 0.819486 0.000000 -0.573099 1.112746 1.112746 1.112746
3819.745605 0.000000 2270.451172 0.000000 0.450092 0.000000 -0.892982 1.203945 1.203945 1.203945
3843.454834 0.000000 2258.142578 0.000000 0.583674 0.000000 -0.811988 1.506239 1.506239 1.506239
3834.006348 0.000000 2298.833496 0.000000 0.815984 0.000000 0.578075 0.944604 0.944604 0.944604
3838.430420 0.000000 2243.933838 0.000000 0.612438 0.000000 -0.790519 1.168423 1.168423 1.168423
3841.804443 0.000000 2275.662354 0.000000 0.805664 0.000000 0.592373 0.882872 0.882872 0.882872
3821.270508 0.000000 2267.666504 0.000000 0.016509 0.000000 -0.999864 1.287146 1.287146 1.287146
3851.515625 0.000000 2246.736084 0.000000 0.567578 0.000000 -0.823319 1.074857 1.074857 1.074857
3819.981201 0.000000 2248.123291 0.000000 0.312423 0.000000 0.949943 0.537010 0.537010 0.537010
3830.863525 0.000000 2280.931152 0.000000 0.562340 0.000000 -0.826906 1.179864 1.179864 1.179864
3818.432861 0.000000 2290.764160 0.000000 0.967132 0.000000 0.254274 0.973042 0.973042 0.973042
3824.252441 0.000000 2267.691406 0.000000 0.476500 0.000000 0.879175 0.801561 0.801561 0.801561
3819.468018 0.000000 2273.969482 0.000000 0.137427 0.000000 0.990512 0.792512 0.792512 0.792512
3852.936523 0.000000 2255.344482 0.000000 0.367114 0.000000 0.930176 0.862777 0.862777 0.862777
3851.062500 0.000000 2252.311768 0.000000 0.966450 0.000000 0.256856 0.952009 0.952009 0.952009
3838.993408 0.000000 2290.678223 0.000000 0.598087 0.000000 0.801431 0.811999 0.811999 0.811999
3848.009033 0.000000 2256.265625 0.000000 0.704987 0.000000 0.709220 0.854349 0.854349 0.854349
3822.020996 0.000000 2291.013916 0.000000 0.998837 0.000000 0.048215 0.991450 0.991450 0.991450
3830.343750 0.000000 2252.463135 0.000000 0.289916 0.000000 -0.957052 1.235855 1.235855 1.235855
3847.239990 0.000000 2287.394775 0.000000 0.999849 0.000000 0.017402 0.996785 0.996785 0.996785
3841.897217 0.000000 2292.240234 0.000000 0.948561 0.000000 0.316596 0.904296 0.904296 0.904296
3842.467529 0.000000 2290.505371 0.000000 0.280660 0.000000 -0.959807 1.308289 1.308289 1.308289
3850.925049 0.000000 2287.428711 0.000000 0.293761 0.000000 0.955879 0.764887 0.764887 0.764887
3854.438965 0.000000 2264.530762 0.000000 0.983947 0.000000 -0.178464 1.027772 1.027772 1.027772
3822.763672 0.000000 2270.384766 0.000000 0.304996 0.000000 0.952354 0.767063 0.767063 0.767063
3830.324951 0.000000 2246.939697 0.000000 0.877596 0.000000 -0.479401 1.092367 1.092367 1.092367
3839.595703 0.000000 2294.579346 0.000000 0.929991 0.000000 -0.367582 1.104309 1.104309 1.104309
3831.133301 0.000000 2270.476318 0.000000 0.297789 0.000000 0.954632 0.895500 0.895500 0.895500
3815.624268 0.000000 2283.738037 0.000000 0.906284 0.000000 -0.422669 1.050115 1.050115 1.050115
3838.090332 0.000000 2257.213623 0.000000 0.793371 0.000000 -0.608739 1.241820 1.241820 1.241820
3815.587402 0.000000 2280.210205 0.000000 0.727872 0.000000 -0.685713 1.086772 1.086772 1.086772
3819.289062 0.000000 2244.989990 0.000000 0.884306 0.000000 0.466907 0.956339 0.956339 0.956339
3822.817383 0.000000 2249.703369 0.000000 0.486235 0.000000 -0.873828 1.291927 1.291927 1.291927
3838.328613 0.000000 2280.980957 0.000000 0.662994 0.000000 0.748625 0.843709 0.843709 0.843709
3849.122559 0.000000 2259.627686 0.000000 0.944197 0.000000 0.329381 0.882685 0.882685 0.882685
3822.975830 0.000000 2288.489746 0.000000 0.684505 0.000000 -0.729008 1.150913 1.150913 1.150913
3848.446289 0.000000 2276.568359 0.000000 0.290902 0.000000 -0.956753 1.235665 1.235665 1.235665
3848.687744 0.000000 2248.166260 0.000000 0.493534 0.000000 -0.869727 1.194841 1.194841 1.194841
3836.971436 0.000000 2287.523682 0.000000 0.998217 0.000000 0.059689 0.988966 0.988966 0.988966
3857.666504 0.000000 2293.246826 0.000000 0.588366 0.000000 -0.808595 1.150474 1.150474 1.150474
3832.891846 0.000000 2244.621094 0.000000 0.913642 0.000000 0.406520 0.931020 0.931020 0.931020
3826.168457 0.000000 2278.601318 0.000000 0.940663 0.000000 0.339342 0.936038 0.936038 0.936038
3831.946777 0.000000 2269.121338 0.000000 0.994385 0.000000 -0.105826 1.019587 1.019587 1.019587
3843.731689 0.000000 2250.515625 0.000000 0.955715 0.000000 0.294294 0.912000 0.912000 0.912000
3841.521484 0.000000 2289.208740 0.000000 0.735615 0.000000 0.677400 0.790047 0.790047 0.790047
3842.802002 0.000000 2247.988037 0.000000 0.969305 0.000000 0.245863 0.954108 0.954108 0.954108
3845.416260 0.000000 2261.990967 0.000000 0.971438 0.000000 0.237295 0.867217 0.867217 0.867217
3817.120850 0.000000 2249.033691 0.000000 0.989501 0.000000 -0.144523 1.028966 1.028966 1.028966
3832.148682 0.000000 2276.028564 0.000000 0.161613 0.000000 0.986854 0.739793 0.739793 0.739793
3849.518311 0.000000 2272.843750 0.000000 0.128456 0.000000 0.991715 0.733601 0.733601 0.733601
3819.070801 0.000000 2283.483398 0.000000 0.937143 0.000000 0.348946 0.934148 0.934148 0.934148
3826.157227 0.000000 2268.951172 0.000000 0.939943 0.000000 0.341331 0.935647 0.935647 0.935647
3831.019775 0.000000 2278.900391 0.000000 0.145136 0.000000 0.989412 0.736712 0.736712 0.736712
3829.053223 0.000000 2292.097412 0.000000 0.889519 0.000000 0.456898 0.925369 0.925369 0.925369
3829.196045 0.000000 2244.587646 0.000000 0.529069 0.000000 0.848579 0.812799 0.812799 0.812799
3848.796875 0.000000 2270.128906 0.000000 0.996154 0.000000 0.087615 0.983793 0.983793 0.983793
3849.668945 0.000000 2253.076904 0.000000 0.432763 0.000000 0.901508 0.792487 0.792487 0.792487
3842.831299 0.000000 2263.283691 0.000000 0.998972 0.000000 -0.045330 1.025132 1.025132 1.025132
3839.990723 0.000000 2244.472412 0.000000 0.904749 0.000000 -0.425946 1.081289 1.081289 1.081289
3851.651367 0.000000 2264.046143 0.000000 0.148915 0.000000 -0.988850 1.482583 1.482583 1.482583
3815.952881 0.000000 2264.671143 0.000000 0.713730 0.000000 -0.700421 1.143359 1.143359 1.143359
3827.328613 0.000000 2266.537354 0.000000 0.896455 0.000000 -0.443134 1.084815 1.084815 1.084815
3837.219727 0.000000 2278.704346 0.000000 0.964946 0.000000 0.262447 0.950940 0.950940 0.950940
3840.863281 0.000000 2262.823486 0.000000 0.871155 0.000000 -0.491008 1.284459 1.284459 1.284459
3828.990723 0.000000 2247.880615 0.000000 0.843473 0.000000 0.537171 0.895235 0.895235 0.895235
3829.683350 0.000000 2249.909424 0.000000 0.569672 0.000000 0.821872 0.821779 0.821779 0.821779
3852.718994 0.000000 2268.916748 0.000000 0.033338 0.000000 -0.999444 1.284036 1.284036 1.284036
3825.696289 0.000000 2247.928955 0.000000 0.998836 0.000000 -0.048239 1.008915 1.008915 1.008915
3844.711914 0.000000 2264.778320 0.000000 0.533675 0.000000 -0.845689 1.402586 1.402586 1.402586
3843.669678 0.000000 2259.623291 0.000000 0.935467 0.000000 -0.353414 1.192985 1.192985 1.192985
3819.572266 0.000000 2251.921631 0.000000 0.827821 0.000000 -0.560992 1.220062 1.220062 1.220062
3829.141602 0.000000 2270.212402 0.000000 0.540526 0.000000 0.841327 0.815305 0.815305 0.815305
3848.543701 0.000000 2271.634033 0.000000 0.999128 0.000000 -0.041755 1.007716 1.007716 1.007716
3836.760986 0.000000 2281.791260 0.000000 0.994997 0.000000 0.099906 0.981512 0.981512 0.981512
3845.881104 0.000000 2263.777100 0.000000 0.998559 0.000000 -0.053658 1.026671 1.026671 1.026671
3843.220459 0.000000 2301.351807 0.000000 0.690756 0.000000 0.723088 0.701356 0.701356 0.701356
3841.251953 0.000000 2260.449951 0.000000 0.905440 0.000000 0.424474 0.761413 0.761413 0.761413
3824.910889 0.000000 2244.961914 0.000000 0.861886 0.000000 -0.507102 1.098251 1.098251 1.098251
3819.097168 0.000000 2246.633789 0.000000 0.969151 0.000000 -0.246469 1.050982 1.050982 1.050982
3822.432373 0.000000 2284.237061 0.000000 0.920498 0.000000 -0.390746 1.074164 1.074164 1.074164
3842.570068 0.000000 2255.110596 0.000000 0.147986 0.000000 -0.988989 1.525512 1.525512 1.525512
3832.066406 0.000000 2286.113770 0.000000 0.692619 0.000000 -0.721304 1.148845 1.148845 1.148845
3841.501953 0.000000 2301.065430 0.000000 0.111959 0.000000 0.993713 0.461062 0.461062 0.461062
3818.642334 0.000000 2249.345215 0.000000 0.872568 0.000000 -0.488492 1.188573 1.188573 1.188573
3850.793945 0.000000 2255.100586 0.000000 0.976065 0.000000 0.217479 0.959498 0.959498 0.959498
3838.859375 0.000000 2250.637451 0.000000 0.009425 0.000000 -0.999956 1.576910 1.576910 1.576910
3834.706543 0.000000 2289.673584 0.000000 0.708937 0.000000 0.705272 0.855381 0.855381 0.855381
3818.415039 0.000000 2266.050781 0.000000 0.779914 0.000000 0.625887 0.875063 0.875063 0.875063
3848.534668 0.000000 2274.670654 0.000000 0.195872 0.000000 -0.980630 1.253774 1.253774 1.253774
3823.825439 0.000000 2287.229004 0.000000 0.781919 0.000000 -0.623380 1.124344 1.124344 1.124344
3847.225342 0.000000 2254.430420 0.000000 0.015343 0.000000 0.999882 0.634973 0.634973 0.634973
3818.283691 0.000000 2271.021484 0.000000 0.340055 0.000000 0.940405 0.773906 0.773906 0.773906
3824.898193 0.000000 2266.274902 0.000000 0.974472 0.000000 0.224510 0.958166 0.958166 0.958166
3833.931152 0.000000 2285.367676 0.000000 0.318841 0.000000 0.947808 0.769755 0.769755 0.769755
3820.458252 0.000000 2288.435303 0.000000 0.919847 0.000000 -0.392278 1.074472 1.074472 1.074472
3835.414795 0.000000 2280.594971 0.000000 0.611719 0.000000 -0.791075 1.168591 1.168591 1.168591
3824.510254 0.000000 2276.108154 0.000000 0.939242 0.000000 -0.343256 1.064731 1.064731 1.064731
3840.758789 0.000000 2296.747070 0.000000 0.127043 0.000000 0.991897 0.466676 0.466676 0.466676
3829.465820 0.000000 2289.084473 0.000000 0.265372 0.000000 0.964146 0.759424 0.759424 0.759424
3847.117676 0.000000 2266.617676 0.000000 0.290504 0.000000 -0.956874 1.471484 1.471484 1.471484
3832.906006 0.000000 2253.356201 0.000000 0.158289 0.000000 0.987393 0.517113 0.517113 0.517113
3848.498291 0.000000 2261.416504 0.000000 0.585325 0.000000 -0.810799 1.349358 1.349358 1.349358
3850.434326 0.000000 2257.399658 0.000000 0.860519 0.000000 0.509418 0.901252 0.901252 0.901252
3834.682617 0.000000 2277.738525 0.000000 0.905997 0.000000 0.423283 0.919254 0.919254 0.919254
3848.161865 0.000000 2267.750488 0.000000 0.999990 0.000000 0.004364 0.998518 0.998518 0.998518
3816.889160 0.000000 2247.112793 0.000000 0.964558 0.000000 0.263871 0.950667 0.950667 0.950667
3836.723877 0.000000 2269.457764 0.000000 0.768210 0.000000 0.640198 0.930620 0.930620 0.930620
3827.647949 0.000000 2250.510742 0.000000 0.991622 0.000000 -0.129175 1.023931 1.023931 1.023931
3836.875488 0.000000 2284.764160 0.000000 0.353482 0.000000 -0.935441 1.223450 1.223450 1.223450
3841.123779 0.000000 2255.273682 0.000000 0.527469 0.000000 -0.849574 1.375097 1.375097 1.375097
3841.949219 0.000000 2246.671631 0.000000 0.996283 0.000000 -0.086141 1.016365 1.016365 1.016365
3835.942383 0.000000 2254.618408 0.000000 0.477532 0.000000 -0.878614 1.396444 1.396444 1.396444
3831.460205 0.000000 2287.413086 0.000000 0.999920 0.000000 -0.012675 1.002342 1.002342 1.002342
3844.622559 0.000000 2272.567871 0.000000 0.921472 0.000000 0.388444 0.926298 0.926298 0.926298
3843.603516 0.000000 2273.611572 0.000000 0.648675 0.000000 0.761066 0.840204 0.840204 0.840204
3846.577393 0.000000 2259.065186 0.000000 0.982503 0.000000 0.186247 0.925167 0.925167 0.925167
3838.749268 0.000000 2255.333252 0.000000 0.952439 0.000000 -0.304728 1.114413 1.114413 1.114413
3850.543945 0.000000 2267.767090 0.000000 0.517286 0.000000 -0.855812 1.251297 1.251297 1.251297
3836.196533 0.000000 2286.178711 0.000000 0.475127 0.000000 0.879917 0.801273 0.801273 0.801273
3817.027100 0.000000 2244.468018 0.000000 0.350964 0.000000 -0.936389 1.217894 1.217894 1.217894
3843.147949 0.000000 2296.938965 0.000000 0.981474 0.000000 0.191596 0.928767 0.928767 0.928767
3837.267578 0.000000 2248.127441 0.000000 0.860719 0.000000 -0.509080 1.197350 1.197350 1.197350
3844.861816 0.000000 2255.333252 0.000000 0.500551 0.000000 0.865707 0.613307 0.613307 0.613307
3841.748047 0.000000 2272.242432 0.000000 0.997974 0.000000 -0.063626 1.011762 1.011762 1.011762
3836.408447 0.000000 2292.090332 0.000000 0.091896 0.000000 -0.995769 1.214126 1.214126 1.214126
3851.470459 0.000000 2271.001953 0.000000 0.354831 0.000000 0.934931 0.776817 0.776817 0.776817
3843.115234 0.000000 2287.442383 0.000000 0.509627 0.000000 0.860396 0.857740 0.857740 0.857740
3819.719727 0.000000 2253.350342 0.000000 0.959106 0.000000 0.283046 0.893968 0.893968 0.893968
3855.523682 0.000000 2269.225586 0.000000 0.883565 0.000000 0.468309 0.920911 0.920911 0.920911
3817.541504 0.000000 2285.706299 0.000000 0.649302 0.000000 0.760530 0.840357 0.840357 0.840357
3834.801025 0.000000 2303.111084 0.000000 0.844709 0.000000 0.535226 0.916811 0.916811 0.916811
3837.248291 0.000000 2290.742432 0.000000 0.490285 0.000000 -0.871562 1.192888 1.192888 1.192888
3835.730957 0.000000 2244.392334 0.000000 0.113767 0.000000 -0.993507 1.265496 1.265496 1.265496
3827.351318 0.000000 2271.290039 0.000000 0.992215 0.000000 0.124540 0.976932 0.976932 0.976932
3816.446533 0.000000 2286.651611 0.000000 0.953695 0.000000 -0.300776 1.054152 1.054152 1.054152
3832.100098 0.000000 2289.769775 0.000000 0.660306 0.000000 0.750997 0.843046 0.843046 0.843046
3852.452393 0.000000 2257.634033 0.000000 0.385293 0.000000 -0.922794 1.152574 1.152574 1.152574
3839.910645 0.000000 2289.656494 0.000000 0.763411 0.000000 -0.645913 1.152521 1.152521 1.152521
3827.539551 0.000000 2274.086914 0.000000 0.872001 0.000000 0.489505 0.905499 0.905499 0.905499
3855.556396 0.000000 2288.223145 0.000000 0.868650 0.000000 -0.495426 1.085405 1.085405 1.085405
3834.842285 0.000000 2276.210693 0.000000 0.998307 0.000000 -0.058165 1.010752 1.010752 1.010752
3851.071777 0.000000 2260.241211 0.000000 0.106676 0.000000 -0.994294 1.526283 1.526283 1.526283
3825.614746 0.000000 2287.601562 0.000000 0.844245 0.000000 -0.535958 1.104499 1.104499 1.104499
3855.366211 0.000000 2267.384521 0.000000 0.996217 0.000000 0.086901 0.985880 0.985880 0.985880
3846.666016 0.000000 2273.673340 0.000000 0.297372 0.000000 0.954762 0.765586 0.765586 0.765586
3829.757568 0.000000 2267.459473 0.000000 0.995135 0.000000 -0.098516 1.018230 1.018230 1.018230
3829.053711 0.000000 2286.358398 0.000000 0.812734 0.000000 -0.582635 1.114905 1.114905 1.114905
3841.558594 0.000000 2242.083740 0.000000 0.289957 0.000000 0.957040 0.764152 0.764152 0.764152
3835.623535 0.000000 2245.760986 0.000000 0.406664 0.000000 0.913578 0.790051 0.790051 0.790051
3836.808838 0.000000 2276.235596 0.000000 0.783370 0.000000 -0.621556 1.115541 1.115541 1.115541
3842.739746 0.000000 2260.646484 0.000000 0.114042 0.000000 0.993476 0.192756 0.192756 0.192756
3849.376709 0.000000 2286.884521 0.000000 0.977022 0.000000 -0.213140 1.039681 1.039681 1.039681
3845.802002 0.000000 2277.228760 0.000000 0.730478 0.000000 0.682936 0.861114 0.861114 0.861114
3834.222168 0.000000 2287.967529 0.000000 0.867960 0.000000 0.496634 0.903985 0.903985 0.903985
3836.517578 0.000000 2289.593750 0.000000 0.942940 0.000000 0.332962 0.937290 0.937290 0.937290
3818.264160 0.000000 2273.361816 0.000000 0.495352 0.000000 0.868692 0.847590 0.847590 0.847590
3819.182129 0.000000 2275.322998 0.000000 0.655074 0.000000 -0.755565 1.104778 1.104778 1.104778
3841.289062 0.000000 2299.002197 0.000000 0.499755 0.000000 0.866167 0.612967 0.612967 0.612967
3831.707031 0.000000 2252.166260 0.000000 0.115738 0.000000 0.993280 0.731234 0.731234 0.731234
3853.277344 0.000000 2287.451904 0.000000 0.850109 0.000000 -0.526606 1.091383 1.091383 1.091383
3841.555176 0.000000 2257.863037 0.000000 0.208487 0.000000 0.978025 0.497211 0.497211 0.497211
3851.810547 0.000000 2266.096680 0.000000 0.676502 0.000000 -0.736441 1.202530 1.202530 1.202530
3815.625488 0.000000 2261.950684 0.000000 0.447736 0.000000 0.894166 0.795568 0.795568 0.795568
3839.554199 0.000000 2270.283691 0.000000 0.127399 0.000000 0.991852 0.733404 0.733404 0.733404
3843.775635 0.000000 2290.166748 0.000000 0.215422 0.000000 -0.976521 1.324433 1.324433 1.324433
3831.333984 0.000000 2249.575439 0.000000 0.538591 0.000000 -0.842567 1.185120 1.185120 1.185120
3831.804688 0.000000 2248.324219 0.000000 0.909676 0.000000 0.415318 0.920875 0.920875 0.920875
3838.959473 0.000000 2293.400146 0.000000 0.136365 0.000000 0.990659 0.795936 0.795936 0.795936
3821.172363 0.000000 2247.333496 0.000000 0.132727 0.000000 0.991153 0.605185 0.605185 0.605185
3820.510986 0.000000 2249.396729 0.000000 0.208320 0.000000 0.978061 0.497148 0.497148 0.497148
3841.325195 0.000000 2244.410645 0.000000 0.799671 0.000000 0.600438 0.881015 0.881015 0.881015
3826.224854 0.000000 2245.078613 0.000000 0.485808 0.000000 -0.874066 1.196478 1.196478 1.196478
3845.724854 0.000000 2256.808838 0.000000 0.638855 0.000000 0.769327 0.675667 0.675667 0.675667
3839.427734 0.000000 2248.898438 0.000000 0.938377 0.000000 0.345613 0.869610 0.869610 0.869610
3817.211426 0.000000 2253.596680 0.000000 0.876248 0.000000 -0.481861 1.100417 1.100417 1.100417
3827.420166 0.000000 2246.039551 0.000000 0.593998 0.000000 -0.804466 1.172695 1.172695 1.172695
3847.961670 0.000000 2258.842041 0.000000 0.080031 0.000000 0.996792 0.404551 0.404551 0.404551
3836.879883 0.000000 2249.781494 0.000000 0.898611 0.000000 -0.438746 1.167823 1.167823 1.167823
3835.935547 0.000000 2279.114258 0.000000 0.841600 0.000000 -0.540102 1.105407 1.105407 1.105407
3841.026611 0.000000 2303.117188 0.000000 0.267229 0.000000 -0.963633 1.480439 1.480439 1.480439
3828.723145 0.000000 2268.945801 0.000000 0.901488 0.000000 -0.432803 1.082692 1.082692 1.082692
3824.903320 0.000000 2278.252441 0.000000 0.961794 0.000000 0.273775 0.948767 0.948767 0.948767
3822.824463 0.000000 2248.068115 0.000000 0.110329 0.000000 0.993895 0.598988 0.598988 0.598988
3822.526123 0.000000 2277.775635 0.000000 0.429257 0.000000 -0.903182 1.208230 1.208230 1.208230
3839.183105 0.000000 2253.083008 0.000000 0.302613 0.000000 -0.953113 1.466799 1.466799 1.466799
3820.088135 0.000000 2284.338867 0.000000 0.618102 0.000000 0.786098 0.832904 0.832904 0.832904
3842.578369 0.000000 2252.553955 0.000000 0.951995 0.000000 -0.306115 1.114951 1.114951 1.114951
3853.701660 0.000000 2286.191162 0.000000 0.998794 0.000000 -0.049088 1.008092 1.008092 1.008092
3832.081543 0.000000 2245.716064 0.000000 0.370318 0.000000 0.928905 0.803683 0.803683 0.803683
3833.322266 0.000000 2279.148438 0.000000 0.515890 0.000000 -0.856655 1.190056 1.190056 1.190056
3818.921631 0.000000 2287.888672 0.000000 0.613091 0.000000 -0.790012 1.168271 1.168271 1.168271
3846.884277 0.000000 2261.214844 0.000000 0.177986 0.000000 -0.984033 1.583773 1.583773 1.583773
3849.749756 0.000000 2274.223877 0.000000 0.958587 0.000000 0.284800 0.946646 0.946646 0.946646
3847.170166 0.000000 2247.740479 0.000000 0.384813 0.000000 0.922995 0.782779 0.782779 0.782779
3827.172607 0.000000 2268.109863 0.000000 0.559467 0.000000 -0.828853 1.180505 1.180505 1.180505
3844.681152 0.000000 2253.179199 0.000000 0.871455 0.000000 -0.490476 1.151019 1.151019 1.151019
3841.902100 0.000000 2287.968506 0.000000 0.638431 0.000000 0.769679 0.817996 0.817996 0.817996
3819.947754 0.000000 2285.689209 0.000000 0.779010 0.000000 0.627012 0.874797 0.874797 0.874797
3821.475342 0.000000 2266.396729 0.000000 0.400684 0.000000 0.916216 0.785967 0.785967 0.785967
3829.131836 0.000000 2252.871094 0.000000 0.999506 0.000000 0.031427 0.994193 0.994193 0.994193
3852.064697 0.000000 2274.128906 0.000000 0.713429 0.000000 -0.700727 1.129870 1.129870 1.129870
3830.197510 0.000000 2287.533936 0.000000 0.999770 0.000000 0.021437 0.996039 0.996039 0.996039
3829.630615 0.000000 2285.152832 0.000000 0.933282 0.000000 0.359145 0.932134 0.932134 0.932134
3839.805908 0.000000 2283.710449 0.000000 0.579145 0.000000 -0.815225 1.176083 1.176083 1.176083
3848.224609 0.000000 2250.008789 0.000000 0.406579 0.000000 0.913615 0.787158 0.787158 0.787158
3843.451660 0.000000 2264.444580 0.000000 0.748616 0.000000 0.663004 0.639898 0.639898 0.639898
3853.177979 0.000000 2275.130615 0.000000 0.644596 0.000000 -0.764524 1.145574 1.145574 1.145574
3839.679199 0.000000 2259.588623 0.000000 0.391943 0.000000 0.919990 0.568417 0.568417 0.568417
3839.507080 0.000000 2281.503662 0.000000 0.832998 0.000000 -0.553276 1.108314 1.108314 1.108314
3856.833740 0.000000 2292.274170 0.000000 0.999966 0.000000 -0.008206 1.001311 1.001311 1.001311
3839.071289 0.000000 2261.957520 0.000000 0.614709 0.000000 0.788754 0.582539 0.582539 0.582539
3843.194580 0.000000 2276.347168 0.000000 0.470409 0.000000 0.882449 0.800283 0.800283 0.800283
3828.481934 0.000000 2279.055908 0.000000 0.949934 0.000000 0.312452 0.941293 0.941293 0.941293
3817.802490 0.000000 2256.530762 0.000000 0.064510 0.000000 -0.997917 1.297072 1.297072 1.297072
3837.204834 0.000000 2259.006592 0.000000 0.133542 0.000000 0.991043 0.469098 0.469098 0.469098
3818.911133 0.000000 2286.415527 0.000000 0.985877 0.000000 -0.167473 1.031086 1.031086 1.031086
3832.252930 0.000000 2288.394043 0.000000 0.132747 0.000000 -0.991150 1.265599 1.265599 1.265599
3826.118164 0.000000 2285.525391 0.000000 0.971858 0.000000 0.235569 0.956067 0.956067 0.956067
3825.555908 0.000000 2275.437012 0.000000 0.509751 0.000000 -0.860322 1.191377 1.191377 1.191377
3837.163818 0.000000 2293.128662 0.000000 0.566048 0.000000 -0.824372 1.140324 1.140324 1.140324
3837.993164 0.000000 2279.713135 0.000000 0.904905 0.000000 -0.425614 1.081221 1.081221 1.081221
3847.076904 0.000000 2245.745361 0.000000 0.739295 0.000000 -0.673382 1.136484 1.136484 1.136484
3844.925781 0.000000 2251.525391 0.000000 0.888282 0.000000 0.459299 0.901117 0.901117 0.901117
3849.270020 0.000000 2265.299561 0.000000 0.881768 0.000000 -0.471683 1.181492 1.181492 1.181492
3847.397217 0.000000 2272.134277 0.000000 0.934162 0.000000 -0.356850 1.067412 1.067412 1.067412
3815.890381 0.000000 2245.028076 0.000000 0.602849 0.000000 -0.797855 1.170654 1.170654 1.170654
3841.851562 0.000000 2294.280762 0.000000 0.519947 0.000000 -0.854199 1.378360 1.378360 1.378360
3845.812256 0.000000 2287.514160 0.000000 0.760541 0.000000 0.649290 0.869450 0.869450 0.869450
3842.137695 0.000000 2265.391602 0.000000 0.316500 0.000000 -0.948592 1.620400 1.620400 1.620400
3828.055420 0.000000 2288.695068 0.000000 0.865818 0.000000 0.500359 0.903191 0.903191 0.903191
3843.583008 0.000000 2262.208496 0.000000 0.456725 0.000000 0.889608 0.392290 0.392290 0.392290
3854.558594 0.000000 2273.199707 0.000000 0.369894 0.000000 -0.929074 1.193417 1.193417 1.193417
3842.895264 0.000000 2295.281982 0.000000 0.828616 0.000000 -0.559818 1.219538 1.219538 1.219538
3840.800537 0.000000 2261.588623 0.000000 0.872179 0.000000 0.489187 0.721804 0.721804 0.721804
3843.269287 0.000000 2256.175049 0.000000 0.902139 0.000000 -0.431445 1.164827 1.164827 1.164827
3827.648438 0.000000 2276.247314 0.000000 0.999905 0.000000 0.013749 0.997460 0.997460 0.997460
3827.369385 0.000000 2284.201904 0.000000 0.965454 0.000000 0.260573 0.951298 0.951298 0.951298
3834.374512 0.000000 2255.339111 0.000000 0.966169 0.000000 0.257911 0.903615 0.903615 0.903615
3821.792969 0.000000 2288.189941 0.000000 0.051316 0.000000 -0.998682 1.280712 1.280712 1.280712
3834.271240 0.000000 2300.039551 0.000000 0.522335 0.000000 0.852740 0.849580 0.849580 0.849580
3821.128174 0.000000 2286.479736 0.000000 0.183482 0.000000 0.983023 0.743894 0.743894 0.743894
3823.560303 0.000000 2275.277588 0.000000 0.998179 0.000000 -0.060321 1.011151 1.011151 1.011151
3837.532227 0.000000 2277.225830 0.000000 0.789236 0.000000 -0.614091 1.113905 1.113905 1.113905
3840.451416 0.000000 2295.507568 0.000000 0.994756 0.000000 0.102277 0.962143 0.962143 0.962143
3839.181152 0.000000 2272.819336 0.000000 0.059262 0.000000 -0.998242 1.279241 1.279241 1.279241
3831.787842 0.000000 2267.862549 0.000000 0.087119 0.000000 0.996198 0.725919 0.725919 0.725919
3850.275879 0.000000 2250.527832 0.000000 0.198223 0.000000 0.980157 0.746669 0.746669 0.746669
3830.286377 0.000000 2291.499512 0.000000 0.901181 0.000000 -0.433444 1.082823 1.082823 1.082823
3838.455322 0.000000 2297.239502 0.000000 0.675787 0.000000 -0.737097 1.300012 1.300012 1.300012
3835.883057 0.000000 2252.014404 0.000000 0.929593 0.000000 0.368587 0.860522 0.860522 0.860522
3840.375977 0.000000 2247.022217 0.000000 0.267170 0.000000 -0.963649 1.246724 1.246724 1.246724
3822.735352 0.000000 2289.857910 0.000000 0.690290 0.000000 -0.723533 1.149441 1.149441 1.149441
3840.370117 0.000000 2271.540771 0.000000 0.995254 0.000000 -0.097315 1.018007 1.018007 1.018007
3849.384766 0.000000 2267.251953 0.000000 0.476045 0.000000 0.879421 0.635126 0.635126 0.635126
3840.664551 0.000000 2251.221191 0.000000 0.584591 0.000000 -0.811328 1.349692 1.349692 1.349692
3844.841553 0.000000 2286.105225 0.000000 0.998213 0.000000 0.059754 0.988954 0.988954 0.988954
3855.818359 0.000000 2264.800293 0.000000 0.522466 0.000000 -0.852660 1.158045 1.158045 1.158045
3843.689941 0.000000 2245.580811 0.000000 0.953351 0.000000 -0.301863 1.056651 1.056651 1.056651
3851.071045 0.000000 2265.160156 0.000000 0.179137 0.000000 0.983824 0.527819 0.527819 0.527819
3846.130859 0.000000 2248.808350 0.000000 0.996830 0.000000 0.079558 0.985286 0.985286 0.985286
3850.828857 0.000000 2274.851807 0.000000 0.771967 0.000000 0.635662 0.872736 0.872736 0.872736
3853.105225 0.000000 2267.783203 0.000000 0.813846 0.000000 0.581081 0.885448 0.885448 0.885448
3851.008545 0.000000 2272.179932 0.000000 0.929946 0.000000 0.367696 0.930438 0.930438 0.930438
3827.715332 0.000000 2287.500000 0.000000 0.090279 0.000000 -0.995916 1.273495 1.273495 1.273495
3837.121582 0.000000 2252.256104 0.000000 0.016297 0.000000 0.999867 0.425630 0.425630 0.425630
3845.277832 0.000000 2242.413574 0.000000 0.705492 0.000000 -0.708717 1.145519 1.145519 1.145519
3821.134521 0.000000 2291.898438 0.000000 0.654870 0.000000 0.755742 0.850269 0.850269 0.850269
3840.800537 0.000000 2256.909180 0.000000 0.940187 0.000000 0.340659 0.871559 0.871559 0.871559
3845.872803 0.000000 2270.994629 0.000000 0.646695 0.000000 -0.762749 1.160276 1.160276 1.160276
3816.344971 0.000000 2254.785645 0.000000 0.141344 0.000000 0.989961 0.714599 0.714599 0.714599
3839.254395 0.000000 2257.822754 0.000000 0.968998 0.000000 -0.247069 1.092245 1.092245 1.092245
3836.530518 0.000000 2256.486328 0.000000 0.771990 0.000000 -0.635635 1.254515 1.254515 1.254515
3843.575928 0.000000 2271.069336 0.000000 0.318469 0.000000 -0.947933 1.230318 1.230318 1.230318
3841.145264 0.000000 2249.177734 0.000000 0.702111 0.000000 0.712067 0.778424 0.778424 0.778424
3826.109619 0.000000 2264.138184 0.000000 0.815455 0.000000 0.578820 0.885961 0.885961 0.885961
3849.887695 0.000000 2276.774902 0.000000 0.966884 0.000000 0.255217 0.952323 0.952323 0.952323
3834.638916 0.000000 2290.986816 0.000000 0.997454 0.000000 0.071310 0.986815 0.986815 0.986815
3820.445801 0.000000 2272.215088 0.000000 0.531996 0.000000 -0.846747 1.204210 1.204210 1.204210
3841.142090 0.000000 2283.570312 0.000000 0.999379 0.000000 0.035223 0.993931 0.993931 0.993931
3829.798584 0.000000 2245.727295 0.000000 0.769531 0.000000 -0.638609 1.127971 1.127971 1.127971
3846.428223 0.000000 2244.494629 0.000000 0.798721 0.000000 0.601702 0.880723 0.880723 0.880723
3822.173340 0.000000 2285.805176 0.000000 0.998192 0.000000 -0.060105 1.011111 1.011111 1.011111
3839.356689 0.000000 2243.155518 0.000000 0.866201 0.000000 0.499696 0.903333 0.903333 0.903333
3830.726562 0.000000 2290.052002 0.000000 0.065565 0.000000 -0.997848 1.278075 1.278075 1.278075
3826.390137 0.000000 2291.354004 0.000000 0.642710 0.000000 0.766109 0.838761 0.838761 0.838761
3841.583008 0.000000 2282.439941 0.000000 0.895215 0.000000 0.445635 0.920435 0.920435 0.920435
3853.049072 0.000000 2263.830566 0.000000 0.109139 0.000000 0.994026 0.554876 0.554876 0.554876
3826.162354 0.000000 2266.048340 0.000000 0.583238 0.000000 -0.812301 1.175154 1.175154 1.175154
3849.956299 0.000000 2269.908691 0.000000 0.767641 0.000000 -0.640880 1.170197 1.170197 1.170197
3831.781250 0.000000 2244.194824 0.000000 0.991964 0.000000 -0.126517 1.021853 1.021853 1.021853
3820.147949 0.000000 2289.666992 0.000000 0.916941 0.000000 -0.399022 1.075828 1.075828 1.075828
3841.457764 0.000000 2250.331543 0.000000 0.976730 0.000000 0.214473 0.920134 0.920134 0.920134
3827.160400 0.000000 2248.904297 0.000000 0.443566 0.000000 -0.896242 1.205292 1.205292 1.205292
3840.779053 0.000000 2287.263672 0.000000 0.447995 0.000000 0.894036 0.770765 0.770765 0.770765
3838.362549 0.000000 2259.983398 0.000000 0.971802 0.000000 0.235797 0.912047 0.912047 0.912047
3821.326172 0.000000 2283.852539 0.000000 0.111834 0.000000 -0.993727 1.269492 1.269492 1.269492
3828.521973 0.000000 2271.230957 0.000000 0.320804 0.000000 0.947146 0.770137 0.770137 0.770137
3840.896240 0.000000 2274.913086 0.000000 0.217382 0.000000 0.976087 0.750287 0.750287 0.750287
3850.832520 0.000000 2276.037354 0.000000 0.619627 0.000000 -0.784897 1.150965 1.150965 1.150965
3828.156982 0.000000 2275.151611 0.000000 0.897712 0.000000 -0.440583 1.084289 1.084289 1.084289
3842.828613 0.000000 2298.708496 0.000000 0.622966 0.000000 0.782249 0.668100 0.668100 0.668100
3846.764893 0.000000 2250.148682 0.000000 0.348470 0.000000 0.937320 0.775562 0.775562 0.775562
3816.883057 0.000000 2287.815186 0.000000 0.968023 0.000000 -0.250862 1.044947 1.044947 1.044947
3828.316162 0.000000 2291.014160 0.000000 0.599735 0.000000 -0.800198 1.171374 1.171374 1.171374
3845.210449 0.000000 2246.609863 0.000000 0.788438 0.000000 0.615114 0.877601 0.877601 0.877601
3832.022705 0.000000 2281.259521 0.000000 0.805920 0.000000 -0.592025 1.117049 1.117049 1.117049
3840.882324 0.000000 2285.840820 0.000000 0.376840 0.000000 0.926278 0.795971 0.795971 0.795971
3853.406494 0.000000 2261.462891 0.000000 0.635402 0.000000 -0.772182 1.180615 1.180615 1.180615
3825.742188 0.000000 2288.858887 0.000000 0.493889 0.000000 0.869525 0.805235 0.805235 0.805235
3850.000732 0.000000 2262.245361 0.000000 0.372346 0.000000 -0.928094 1.439419 1.439419 1.439419
3843.895508 0.000000 2293.050293 0.000000 0.653004 0.000000 -0.757354 1.317484 1.317484 1.317484
3843.080078 0.000000 2244.335938 0.000000 0.826419 0.000000 -0.563055 1.110492 1.110492 1.110492
3848.380127 0.000000 2251.938721 0.000000 0.964305 0.000000 0.264796 0.950490 0.950490 0.950490
3846.429932 0.000000 2251.305908 0.000000 0.526047 0.000000 0.850456 0.812142 0.812142 0.812142
3821.719238 0.000000 2272.299072 0.000000 0.411698 0.000000 0.911320 0.768158 0.768158 0.768158
3829.526367 0.000000 2275.231445 0.000000 0.803312 0.000000 -0.595558 1.117860 1.117860 1.117860
3825.014648 0.000000 2268.742432 0.000000 0.875160 0.000000 -0.483833 1.093301 1.093301 1.093301
3845.796387 0.000000 2258.018799 0.000000 0.370100 0.000000 0.928992 0.363332 0.363332 0.363332
3831.525635 0.000000 2285.105469 0.000000 0.638973 0.000000 -0.769229 1.162138 1.162138 1.162138
3818.840332 0.000000 2267.177246 0.000000 0.989135 0.000000 0.147012 0.972742 0.972742 0.972742
3835.188965 0.000000 2253.505127 0.000000 0.115639 0.000000 -0.993291 1.537569 1.537569 1.537569
3855.287354 0.000000 2272.177490 0.000000 0.027960 0.000000 -0.999609 1.250364 1.250364 1.250364
3839.074707 0.000000 2288.838379 0.000000 0.624262 0.000000 -0.781215 1.194743 1.194743 1.194743
3846.847656 0.000000 2276.390137 0.000000 0.180094 0.000000 0.983649 0.743258 0.743258 0.743258
3850.546631 0.000000 2253.878174 0.000000 0.136232 0.000000 -0.990677 1.264949 1.264949 1.264949
3843.735840 0.000000 2299.482178 0.000000 0.946676 0.000000 0.322187 0.878793 0.878793 0.878793
3825.029541 0.000000 2249.141357 0.000000 0.762918 0.000000 0.646495 0.866618 0.866618 0.866618
3846.553223 0.000000 2253.336426 0.000000 0.792360 0.000000 0.610054 0.864041 0.864041 0.864041
3849.867676 0.000000 2287.963623 0.000000 0.970647 0.000000 0.240507 0.955128 0.955128 0.955128
3844.536865 0.000000 2247.910400 0.000000 0.996117 0.000000 -0.088045 1.016287 1.016287 1.016287
3819.839600 0.000000 2269.260986 0.000000 0.832756 0.000000 -0.553640 1.108395 1.108395 1.108395
3837.723145 0.000000 2250.632080 0.000000 0.723528 0.000000 -0.690295 1.281513 1.281513 1.281513
3842.465576 0.000000 2271.365479 0.000000 0.279180 0.000000 0.960239 0.762076 0.762076 0.762076
3851.617920 0.000000 2249.529541 0.000000 0.839730 0.000000 0.543004 0.893955 0.893955 0.893955
3839.380859 0.000000 2251.645752 0.000000 0.146629 0.000000 -0.989191 1.526018 1.526018 1.526018
3830.067871 0.000000 2253.562744 0.000000 0.695654 0.000000 0.718377 0.851933 0.851933 0.851933
3849.790527 0.000000 2248.487061 0.000000 0.987376 0.000000 -0.158394 1.029386 1.029386 1.029386
3846.493652 0.000000 2246.782959 0.000000 0.992904 0.000000 0.118919 0.977978 0.977978 0.977978
3820.507812 0.000000 2251.270752 0.000000 0.970170 0.000000 -0.242424 1.090474 1.090474 1.090474
3838.652100 0.000000 2286.543945 0.000000 0.440911 0.000000 -0.897551 1.205839 1.205839 1.205839
3817.419922 0.000000 2282.369141 0.000000 0.266376 0.000000 -0.963869 1.240383 1.240383 1.240383
3823.293701 0.000000 2291.705811 0.000000 0.735195 0.000000 -0.677855 1.132027 1.132027 1.132027
3834.078613 0.000000 2251.454590 0.000000 0.679725 0.000000 -0.733467 1.304240 1.304240 1.304240
3824.596191 0.000000 2289.769287 0.000000 0.970155 0.000000 -0.242486 1.045249 1.045249 1.045249
3839.958252 0.000000 2255.532227 0.000000 0.909976 0.000000 -0.414660 1.157982 1.157982 1.157982
3847.113037 0.000000 2263.737305 0.000000 0.998276 0.000000 -0.058696 1.023459 1.023459 1.023459
3827.943115 0.000000 2265.572754 0.000000 0.372417 0.000000 -0.928065 1.219695 1.219695 1.219695
3844.721191 0.000000 2274.906250 0.000000 0.385051 0.000000 -0.922895 1.217173 1.217173 1.217173
3847.550537 0.000000 2265.568359 0.000000 0.553921 0.000000 0.832569 0.636522 0.636522 0.636522
3816.789307 0.000000 2256.050293 0.000000 0.570414 0.000000 0.821357 0.809915 0.809915 0.809915
3851.395264 0.000000 2258.073730 0.000000 0.430531 0.000000 -0.902576 1.292282 1.292282 1.292282
3845.922607 0.000000 2274.771973 0.000000 0.989855 0.000000 0.142081 0.973662 0.973662 0.973662
3843.187500 0.000000 2302.956299 0.000000 0.246735 0.000000 0.969083 0.511725 0.511725 0.511725
3843.872314 0.000000 2294.665283 0.000000 0.845028 0.000000 -0.534722 1.208458 1.208458 1.208458
3837.053955 0.000000 2254.399902 0.000000 0.445234 0.000000 0.895414 0.590103 0.590103 0.590103
3833.564453 0.000000 2277.861572 0.000000 0.456541 0.000000 -0.889702 1.202608 1.202608 1.202608
3851.239014 0.000000 2261.425293 0.000000 0.721238 0.000000 0.692687 0.724905 0.724905 0.724905
3831.932373 0.000000 2277.169189 0.000000 0.220333 0.000000 -0.975425 1.249154 1.249154 1.249154
3844.710938 0.000000 2260.052979 0.000000 0.653802 0.000000 -0.756666 1.475642 1.475642 1.475642
3842.803711 0.000000 2257.209229 0.000000 0.414573 0.000000 -0.910016 1.422445 1.422445 1.422445
3840.959717 0.000000 2259.335938 0.000000 0.473655 0.000000 -0.880710 1.494901 1.494901 1.494901
3818.020264 0.000000 2289.744873 0.000000 0.630684 0.000000 -0.776040 1.157467 1.157467 1.157467
3818.672607 0.000000 2251.225098 0.000000 0.202322 0.000000 0.979319 0.494883 0.494883 0.494883
3817.724365 0.000000 2284.605957 0.000000 0.602400 0.000000 -0.798194 1.170758 1.170758 1.170758
3845.320312 0.000000 2244.254395 0.000000 0.990963 0.000000 -0.134136 1.024856 1.024856 1.024856
3817.597900 0.000000 2257.791016 0.000000 0.111444 0.000000 0.993771 0.712222 0.712222 0.712222
3840.689941 0.000000 2253.417725 0.000000 0.394984 0.000000 0.918688 0.569639 0.569639 0.569639
3853.322266 0.000000 2272.728760 0.000000 0.998938 0.000000 0.046067 0.991486 0.991486 0.991486
3841.432129 0.000000 2252.549316 0.000000 0.958823 0.000000 -0.284003 1.106400 1.106400 1.106400
3826.545166 0.000000 2250.567139 0.000000 0.975042 0.000000 -0.222021 1.041362 1.041362 1.041362
3842.018066 0.000000 2296.574951 0.000000 0.709447 0.000000 0.704758 0.711029 0.711029 0.711029
3851.617676 0.000000 2268.574219 0.000000 0.892271 0.000000 -0.451499 1.086543 1.086543 1.086543
3841.521484 0.000000 2280.236572 0.000000 0.954732 0.000000 0.297468 0.947970 0.947970 0.947970
3853.139160 0.000000 2271.522705 0.000000 0.798448 0.000000 -0.602064 1.119360 1.119360 1.119360
3848.981934 0.000000 2263.922119 0.000000 0.363846 0.000000 -0.931459 1.442797 1.442797 1.442797
3840.809082 0.000000 2292.085938 0.000000 0.486606 0.000000 0.873621 0.684314 0.684314 0.684314
3833.408691 0.000000 2259.027588 0.000000 0.999977 0.000000 0.006783 0.998747 0.998747 0.998747
3844.670410 0.000000 2257.854980 0.000000 0.503175 0.000000 0.864184 0.614428 0.614428 0.614428
3833.976074 0.000000 2281.982178 0.000000 0.966287 0.000000 -0.257468 1.048108 1.048108 1.048108
3824.063965 0.000000 2244.250244 0.000000 0.966077 0.000000 0.258255 0.951742 0.951742 0.951742
3823.485840 0.000000 2271.247070 0.000000 0.660255 0.000000 -0.751042 1.156966 1.156966 1.156966
3842.530029 0.000000 2273.161865 0.000000 0.821274 0.000000 -0.570533 1.112169 1.112169 1.112169
3835.700195 0.000000 2287.225342 0.000000 0.662036 0.000000 0.749472 0.843473 0.843473 0.843473
3838.059814 0.000000 2244.966553 0.000000 0.996095 0.000000 0.088290 0.983668 0.983668 0.983668
3843.368164 0.000000 2253.348877 0.000000 0.246179 0.000000 0.969224 0.511513 0.511513 0.511513
3848.100342 0.000000 2255.133545 0.000000 0.926822 0.000000 0.375502 0.928885 0.928885 0.928885
3823.472656 0.000000 2247.093262 0.000000 0.919447 0.000000 -0.393214 1.076678 1.076678 1.076678
3843.045166 0.000000 2251.363770 0.000000 0.217909 0.000000 -0.975969 1.398031 1.398031 1.398031
3819.638916 0.000000 2282.381104 0.000000 0.713500 0.000000 -0.700655 1.143420 1.143420 1.143420
3829.601074 0.000000 2281.307617 0.000000 0.631547 0.000000 -0.775337 1.163914 1.163914 1.163914
3830.047607 0.000000 2276.329590 0.000000 0.245274 0.000000 0.969454 0.755584 0.755584 0.755584
3848.285156 0.000000 2287.094238 0.000000 0.988220 0.000000 -0.153038 1.028384 1.028384 1.028384
3839.752197 0.000000 2285.407959 0.000000 0.678119 0.000000 -0.734952 1.152524 1.152524 1.152524
3831.031738 0.000000 2246.093262 0.000000 0.957442 0.000000 0.288624 0.945909 0.945909 0.945909
3820.583008 0.000000 2274.259033 0.000000 0.123307 0.000000 -0.992369 1.267358 1.267358 1.267358
3838.398438 0.000000 2248.194580 0.000000 0.261232 0.000000 -0.965276 1.482737 1.482737 1.482737
3818.368164 0.000000 2268.384521 0.000000 0.741604 0.000000 0.670838 0.864150 0.864150 0.864150
3847.139893 0.000000 2286.301025 0.000000 0.388416 0.000000 0.921484 0.783501 0.783501 0.783501
3833.185791 0.000000 2286.159668 0.000000 0.467422 0.000000 0.884034 0.799659 0.799659 0.799659
3852.162109 0.000000 2262.031250 0.000000 0.411393 0.000000 -0.911458 1.349295 1.349295 1.349295
3830.707275 0.000000 2268.082275 0.000000 0.985732 0.000000 -0.168320 1.031245 1.031245 1.031245
3844.489746 0.000000 2265.846924 0.000000 0.889548 0.000000 -0.456842 1.189515 1.189515 1.189515
3850.301514 0.000000 2263.286865 0.000000 0.307402 0.000000 0.951580 0.535059 0.535059 0.535059
3846.181152 0.000000 2267.194336 0.000000 0.956285 0.000000 -0.292436 1.109654 1.109654 1.109654
3828.336426 0.000000 2280.109619 0.000000 0.806314 0.000000 -0.591488 1.116925 1.116925 1.116925
3822.251953 0.000000 2273.224609 0.000000 0.809908 0.000000 0.586556 0.873248 0.873248 0.873248
3842.851074 0.000000 2292.776855 0.000000 0.676769 0.000000 -0.736195 1.305727 1.305727 1.305727
3839.780029 0.000000 2299.135254 0.000000 0.276500 0.000000 -0.961014 1.476880 1.476880 1.476880
3823.889893 0.000000 2268.723633 0.000000 0.298329 0.000000 0.954463 0.765771 0.765771 0.765771
3832.292480 0.000000 2258.570068 0.000000 0.279358 0.000000 -0.960187 1.237890 1.237890 1.237890
3844.776855 0.000000 2245.561523 0.000000 0.411945 0.000000 0.911209 0.788244 0.788244 0.788244
3828.645508 0.000000 2266.641846 0.000000 0.036100 0.000000 0.999348 0.716475 0.716475 0.716475
3820.097900 0.000000 2275.912842 0.000000 0.360894 0.000000 -0.932607 1.221984 1.221984 1.221984
3828.394531 0.000000 2245.320312 0.000000 0.502409 0.000000 -0.864630 1.192950 1.192950 1.192950
3826.391602 0.000000 2276.337891 0.000000 0.637400 0.000000 -0.770533 1.162516 1.162516 1.162516
3820.525879 0.000000 2268.449951 0.000000 0.912763 0.000000 -0.408490 1.077740 1.077740 1.077740
3842.780273 0.000000 2274.302979 0.000000 0.132568 0.000000 0.991174 0.734367 0.734367 0.734367
3852.107422 0.000000 2263.093018 0.000000 0.807452 0.000000 -0.589933 1.192182 1.192182 1.192182
3823.315430 0.000000 2245.971436 0.000000 0.156403 0.000000 0.987693 0.738818 0.738818 0.738818
3851.827148 0.000000 2255.358887 0.000000 0.971403 0.000000 -0.237437 1.044288 1.044288 1.044288
3817.407471 0.000000 2251.683350 0.000000 0.999188 0.000000 -0.040286 1.008048 1.008048 1.008048
3841.727295 0.000000 2266.642822 0.000000 0.465904 0.000000 0.884835 0.482084 0.482084 0.482084
3853.998779 0.000000 2301.454834 0.000000 0.756344 0.000000 -0.654174 1.263479 1.263479 1.263479
3816.484863 0.000000 2250.792969 0.000000 0.706806 0.000000 0.707407 0.843052 0.843052 0.843052
3835.408447 0.000000 2247.944092 0.000000 0.792937 0.000000 -0.609304 1.242083 1.242083 1.242083
3834.044434 0.000000 2257.270996 0.000000 0.994982 0.000000 -0.100053 1.034528 1.034528 1.034528
3818.653320 0.000000 2259.553711 0.000000 0.867030 0.000000 0.498255 0.897129 0.897129 0.897129
3820.112549 0.000000 2247.091064 0.000000 0.984352 0.000000 0.176215 0.951354 0.951354 0.951354
3827.163818 0.000000 2258.745605 0.000000 0.102298 0.000000 -0.994754 1.542528 1.542528 1.542528
3831.550781 0.000000 2260.187988 0.000000 0.159029 0.000000 0.987274 0.506801 0.506801 0.506801
3840.508545 0.000000 2263.802734 0.000000 0.543789 0.000000 -0.839222 1.551934 1.551934 1.551934
3844.203613 0.000000 2301.693115 0.000000 0.997520 0.000000 -0.070377 1.026025 1.026025 1.026025
3835.858643 0.000000 2250.056885 0.000000 0.313141 0.000000 0.949707 0.537290 0.537290 0.537290
3847.427734 0.000000 2300.348877 0.000000 0.165762 0.000000 -0.986166 1.518861 1.518861 1.518861
3839.489990 0.000000 2297.214355 0.000000 0.988082 0.000000 -0.153931 1.055945 1.055945 1.055945
3828.189209 0.000000 2256.677246 0.000000 0.308295 0.000000 0.951291 0.610745 0.610745 0.610745
3848.668213 0.000000 2301.472168 0.000000 0.646048 0.000000 -0.763297 1.320865 1.320865 1.320865
3838.666016 0.000000 2295.081055 0.000000 0.577040 0.000000 -0.816716 1.264840 1.264840 1.264840
3824.069092 0.000000 2253.750732 0.000000 0.190937 0.000000 0.981602 0.490593 0.490593 0.490593
3840.492432 0.000000 2301.298584 0.000000 0.966575 0.000000 -0.256386 1.095801 1.095801 1.095801
3823.746582 0.000000 2273.982910 0.000000 0.993342 0.000000 0.115201 0.976652 0.976652 0.976652
3823.774902 0.000000 2249.289551 0.000000 0.065254 0.000000 -0.997869 1.413440 1.413440 1.413440
3841.196045 0.000000 2302.060059 0.000000 0.243856 0.000000 0.969812 0.510628 0.510628 0.510628
3845.327881 0.000000 2303.108398 0.000000 0.194400 0.000000 -0.980922 1.508103 1.508103 1.508103
3840.189697 0.000000 2248.188721 0.000000 0.473159 0.000000 0.880977 0.698598 0.698598 0.698598
3823.985840 0.000000 2256.024658 0.000000 0.952138 0.000000 0.305668 0.885222 0.885222 0.885222
3853.759521 0.000000 2303.229248 0.000000 0.841018 0.000000 -0.541007 1.211213 1.211213 1.211213
3836.201660 0.000000 2297.110596 0.000000 0.874477 0.000000 0.485068 0.878622 0.878622 0.878622
3848.009766 0.000000 2263.181641 0.000000 0.956004 0.000000 0.293352 0.889991 0.889991 0.889991
3826.430664 0.000000 2259.973389 0.000000 0.770182 0.000000 -0.637824 1.255564 1.255564 1.255564
3839.473633 0.000000 2269.074951 0.000000 0.579837 0.000000 0.814732 0.800300 0.800300 0.800300
3842.529053 0.000000 2250.486084 0.000000 0.823756 0.000000 0.566944 0.822422 0.822422 0.822422
3847.039551 0.000000 2256.575195 0.000000 0.555718 0.000000 -0.831371 1.230350 1.230350 1.230350
3847.667236 0.000000 2293.091309 0.000000 0.997878 0.000000 -0.065117 1.024077 1.024077 1.024077
3846.910156 0.000000 2252.229248 0.000000 0.481955 0.000000 0.876196 0.778714 0.778714 0.778714
3816.494141 0.000000 2252.865234 0.000000 0.929455 0.000000 -0.368936 1.075468 1.075468 1.075468
3844.490479 0.000000 2291.444336 0.000000 0.676537 0.000000 0.736409 0.694157 0.694157 0.694157
3847.338135 0.000000 2297.606445 0.000000 0.585118 0.000000 -0.810948 1.349452 1.349452 1.349452
3855.734375 0.000000 2294.248291 0.000000 0.838293 0.000000 0.545220 0.786934 0.786934 0.786934
3821.587158 0.000000 2246.067383 0.000000 0.464218 0.000000 -0.885721 1.298799 1.298799 1.298799
3826.786377 0.000000 2257.616455 0.000000 0.662133 0.000000 0.749386 0.686993 0.686993 0.686993
3839.559326 0.000000 2303.241943 0.000000 0.549276 0.000000 -0.835641 1.365535 1.365535 1.365535
3855.984863 0.000000 2301.038086 0.000000 0.990629 0.000000 0.136583 0.949376 0.949376 0.949376
3839.481689 0.000000 2246.497803 0.000000 0.859676 0.000000 0.510839 0.863468 0.863468 0.863468
3848.276367 0.000000 2302.688477 0.000000 0.784902 0.000000 0.619620 0.753086 0.753086 0.753086
3833.685791 0.000000 2252.645996 0.000000 0.586997 0.000000 -0.809589 1.322686 1.322686 1.322686
3847.923828 0.000000 2257.447021 0.000000 0.357293 0.000000 0.933993 0.717115 0.717115 0.717115
3841.829102 0.000000 2263.139648 0.000000 0.536913 0.000000 -0.843638 1.556463 1.556463 1.556463
3846.613281 0.000000 2301.773438 0.000000 0.241866 0.000000 -0.970310 1.490130 1.490130 1.490130
3831.063477 0.000000 2261.465576 0.000000 0.767909 0.000000 0.640559 0.757007 0.757007 0.757007
3827.255127 0.000000 2260.805908 0.000000 0.245247 0.000000 0.969461 0.511158 0.511158 0.511158
3825.505127 0.000000 2250.358643 0.000000 0.271625 0.000000 0.962403 0.644170 0.644170 0.644170
3849.840332 0.000000 2258.237305 0.000000 0.920213 0.000000 0.391419 0.859434 0.859434 0.859434
3857.075439 0.000000 2298.163818 0.000000 0.655081 0.000000 0.755559 0.751956 0.751956 0.751956
3833.908691 0.000000 2263.386475 0.000000 0.925366 0.000000 -0.379075 1.096094 1.096094 1.096094
3826.164551 0.000000 2255.663574 0.000000 0.874864 0.000000 -0.484369 1.181780 1.181780 1.181780
3849.659912 0.000000 2300.151367 0.000000 0.329361 0.000000 0.944204 0.543618 0.543618 0.543618
3837.626465 0.000000 2258.097168 0.000000 0.907960 0.000000 -0.419056 1.159769 1.159769 1.159769
3839.998047 0.000000 2262.333984 0.000000 0.871171 0.000000 -0.490980 1.279315 1.279315 1.279315
3823.361084 0.000000 2259.166748 0.000000 0.676243 0.000000 0.736678 0.694009 0.694009 0.694009
3838.533203 0.000000 2256.307373 0.000000 0.086237 0.000000 0.996275 0.451511 0.451511 0.451511
3835.418457 0.000000 2263.308838 0.000000 0.881194 0.000000 -0.472755 1.124163 1.124163 1.124163
3831.260254 0.000000 2256.787598 0.000000 0.922833 0.000000 0.385199 0.914114 0.914114 0.914114
3851.283447 0.000000 2290.919678 0.000000 0.841080 0.000000 0.540911 0.788830 0.788830 0.788830
3851.187256 0.000000 2288.376709 0.000000 0.099236 0.000000 0.995064 0.684087 0.684087 0.684087
3835.575684 0.000000 2262.252686 0.000000 0.924632 0.000000 -0.380861 1.098523 1.098523 1.098523
3837.404785 0.000000 2260.165283 0.000000 0.761707 0.000000 -0.647922 1.260436 1.260436 1.260436
3848.921631 0.000000 2294.793457 0.000000 0.704905 0.000000 -0.709302 1.291345 1.291345 1.291345
3822.807373 0.000000 2261.097412 0.000000 0.017210 0.000000 -0.999852 1.558518 1.558518 1.558518
3841.457520 0.000000 2300.038086 0.000000 0.624112 0.000000 -0.781335 1.331359 1.331359 1.331359
3840.712158 0.000000 2294.561768 0.000000 0.099182 0.000000 -0.995069 1.543685 1.543685 1.543685
3846.076660 0.000000 2262.736084 0.000000 0.814339 0.000000 -0.580390 1.247341 1.247341 1.247341
3837.193604 0.000000 2263.227051 0.000000 0.974980 0.000000 -0.222291 1.102973 1.102973 1.102973
3819.556885 0.000000 2249.001953 0.000000 0.812383 0.000000 -0.583124 1.230032 1.230032 1.230032
3854.076416 0.000000 2296.877930 0.000000 0.084315 0.000000 -0.996439 1.549202 1.549202 1.549202
3850.104004 0.000000 2259.814453 0.000000 0.916930 0.000000 0.399049 0.893423 0.893423 0.893423
3825.360596 0.000000 2256.930908 0.000000 0.863432 0.000000 -0.504466 1.195372 1.195372 1.195372
3843.550781 0.000000 2269.105225 0.000000 0.972692 0.000000 0.232101 0.937428 0.937428 0.937428
3832.148193 0.000000 2253.980957 0.000000 0.408092 0.000000 0.912941 0.606521 0.606521 0.606521
3822.617920 0.000000 2259.957275 0.000000 0.073786 0.000000 -0.997274 1.553104 1.553104 1.553104
3837.309082 0.000000 2253.225098 0.000000 0.897428 0.000000 0.441160 0.831184 0.831184 0.831184
3821.768555 0.000000 2249.775391 0.000000 0.971780 0.000000 -0.235890 1.087988 1.087988 1.087988
3842.468262 0.000000 2258.228760 0.000000 0.765156 0.000000 0.643845 0.626277 0.626277 0.626277
3834.982422 0.000000 2249.511475 0.000000 0.517240 0.000000 0.855840 0.620471 0.620471 0.620471
3846.002930 0.000000 2266.219238 0.000000 0.794168 0.000000 0.607699 0.758665 0.758665 0.758665
3837.404053 0.000000 2261.901123 0.000000 0.722544 0.000000 -0.691325 1.282039 1.282039 1.282039
3845.522705 0.000000 2300.299805 0.000000 0.901699 0.000000 -0.432365 1.165204 1.165204 1.165204
3847.029785 0.000000 2264.718018 0.000000 0.442751 0.000000 0.896645 0.589079 0.589079 0.589079
3822.410156 0.000000 2255.272705 0.000000 0.983439 0.000000 0.181238 0.932662 0.932662 0.932662
3836.288330 0.000000 2255.518066 0.000000 0.762659 0.000000 -0.646800 1.259892 1.259892 1.259892
3825.861328 0.000000 2253.781494 0.000000 0.565950 0.000000 0.824439 0.641887 0.641887 0.641887
3848.107422 0.000000 2290.006836 0.000000 0.751214 0.000000 -0.660059 1.266364 1.266364 1.266364
3850.723633 0.000000 2298.469238 0.000000 0.963206 0.000000 -0.268765 1.100542 1.100542 1.100542
3851.136719 0.000000 2266.922607 0.000000 0.491748 0.000000 0.870737 0.741466 0.741466 0.741466
3844.678955 0.000000 2267.605225 0.000000 0.963416 0.000000 -0.268012 1.100253 1.100253 1.100253
3842.724121 0.000000 2254.072754 0.000000 0.071510 0.000000 -0.997440 1.553947 1.553947 1.553947
3824.426514 0.000000 2262.796631 0.000000 0.412341 0.000000 0.911030 0.725394 0.725394 0.725394
3852.158447 0.000000 2295.908203 0.000000 0.927131 0.000000 0.374737 0.858075 0.858075 0.858075
3832.928223 0.000000 2265.392822 0.000000 0.187203 0.000000 -0.982321 1.317532 1.317532 1.317532
3834.276123 0.000000 2261.017090 0.000000 0.939113 0.000000 0.343610 0.902799 0.902799 0.902799
3836.799805 0.000000 2246.310791 0.000000 0.872406 0.000000 0.488782 0.829154 0.829154 0.829154
3830.519775 0.000000 2258.141846 0.000000 0.763045 0.000000 -0.646346 1.175454 1.175454 1.175454
3840.853760 0.000000 2264.793457 0.000000 0.456804 0.000000 -0.889567 1.607660 1.607660 1.607660
3841.954346 0.000000 2293.198975 0.000000 0.444511 0.000000 -0.895774 1.329819 1.329819 1.329819
3837.843994 0.000000 2265.504150 0.000000 0.335817 0.000000 -0.941927 1.487585 1.487585 1.487585
3834.609863 0.000000 2256.501709 0.000000 0.126139 0.000000 -0.992013 1.497603 1.497603 1.497603
3822.747070 0.000000 2257.111328 0.000000 0.787236 0.000000 -0.616652 1.245519 1.245519 1.245519
3843.880615 0.000000 2255.377441 0.000000 0.877507 0.000000 0.479564 0.815197 0.815197 0.815197
3848.588379 0.000000 2260.434814 0.000000 0.848190 0.000000 -0.529691 1.206262 1.206262 1.206262
3843.261963 0.000000 2300.352539 0.000000 0.622630 0.000000 -0.782516 1.332059 1.332059 1.332059
3822.279053 0.000000 2257.952637 0.000000 0.862424 0.000000 0.506186 0.803891 0.803891 0.803891
3839.185791 0.000000 2298.279053 0.000000 0.043211 0.000000 -0.999066 1.564421 1.564421 1.564421
3851.281738 0.000000 2299.289062 0.000000 0.206141 0.000000 -0.978522 1.503675 1.503675 1.503675
3845.759766 0.000000 2255.024658 0.000000 0.251231 0.000000 -0.967927 1.486560 1.486560 1.486560
3840.849854 0.000000 2289.864014 0.000000 0.553714 0.000000 0.832707 0.722410 0.722410 0.722410
3827.155762 0.000000 2262.261230 0.000000 0.379840 0.000000 -0.925052 1.294886 1.294886 1.294886
3842.636475 0.000000 2291.486328 0.000000 0.996886 0.000000 0.078850 0.981083 0.981083 0.981083
3847.626709 0.000000 2261.833496 0.000000 0.100576 0.000000 0.994929 0.383431 0.383431 0.383431
3835.626709 0.000000 2251.114746 0.000000 0.933844 0.000000 -0.357681 1.135153 1.135153 1.135153
3840.043213 0.000000 2265.650879 0.000000 0.934090 0.000000 -0.357039 1.202348 1.202348 1.202348
3846.850586 0.000000 2294.550049 0.000000 0.830942 0.000000 0.556359 0.782002 0.782002 0.782002
3850.493164 0.000000 2303.060791 0.000000 0.687687 0.000000 -0.726008 1.300209 1.300209 1.300209
3846.965332 0.000000 2269.836426 0.000000 0.741238 0.000000 0.671243 0.803423 0.803423 0.803423
3820.605225 0.000000 2250.331299 0.000000 0.471599 0.000000 -0.881813 1.398935 1.398935 1.398935
3845.688477 0.000000 2293.039795 0.000000 0.999220 0.000000 -0.039497 1.014597 1.014597 1.014597
3821.361084 0.000000 2251.726562 0.000000 0.716948 0.000000 0.697127 0.714983 0.714983 0.714983
3839.011963 0.000000 2254.207275 0.000000 0.623573 0.000000 -0.781765 1.331614 1.331614 1.331614
3852.479492 0.000000 2290.459473 0.000000 0.638606 0.000000 0.769534 0.677740 0.677740 0.677740
3841.028320 0.000000 2254.339111 0.000000 0.754288 0.000000 0.656544 0.735362 0.735362 0.735362
3837.905518 0.000000 2254.822754 0.000000 0.679825 0.000000 0.733375 0.695810 0.695810 0.695810
3848.666016 0.000000 2303.594727 0.000000 0.672834 0.000000 0.739794 0.692303 0.692303 0.692303
3845.694824 0.000000 2259.540039 0.000000 0.107589 0.000000 -0.994196 1.781624 1.781624 1.781624
3824.141357 0.000000 2251.068848 0.000000 0.733107 0.000000 0.680114 0.794607 0.794607 0.794607
3846.226318 0.000000 2296.256836 0.000000 0.515583 0.000000 0.856840 0.619756 0.619756 0.619756
3839.035156 0.000000 2249.735840 0.000000 0.886296 0.000000 -0.463119 1.177913 1.177913 1.177913
3828.347900 0.000000 2262.437500 0.000000 1.000000 0.000000 -0.000665 1.000244 1.000244 1.000244
3849.096680 0.000000 2291.679688 0.000000 0.038951 0.000000 -0.999241 1.565997 1.565997 1.565997
3845.391113 0.000000 2295.737549 0.000000 0.378348 0.000000 -0.925664 1.437027 1.437027 1.437027
3857.478027 0.000000 2295.217529 0.000000 0.363461 0.000000 0.931609 0.628880 0.628880 0.628880
3842.435547 0.000000 2300.833984 0.000000 0.767872 0.000000 0.640603 0.743100 0.743100 0.743100
3856.722656 0.000000 2299.232422 0.000000 0.936275 0.000000 -0.351268 1.103944 1.103944 1.103944
3842.555908 0.000000 2264.251953 0.000000 0.986639 0.000000 -0.162923 1.081305 1.081305 1.081305
3836.310059 0.000000 2248.123047 0.000000 0.940375 0.000000 -0.340141 1.128237 1.128237 1.128237
3839.077148 0.000000 2267.069092 0.000000 0.598281 0.000000 0.801287 0.624095 0.624095 0.624095
3839.166504 0.000000 2264.162842 0.000000 0.709443 0.000000 0.704763 0.566540 0.566540 0.566540
3837.460938 0.000000 2256.529541 0.000000 0.246269 0.000000 -0.969202 1.488453 1.488453 1.488453
3829.748779 0.000000 2263.656494 0.000000 0.959955 0.000000 -0.280153 1.104209 1.104209 1.104209
3845.074707 0.000000 2261.138916 0.000000 0.833090 0.000000 -0.553137 1.324850 1.324850 1.324850
3857.258789 0.000000 2296.554688 0.000000 0.463372 0.000000 0.886164 0.662876 0.662876 0.662876
3844.480225 0.000000 2261.976562 0.000000 0.954220 0.000000 -0.299105 1.168351 1.168351 1.168351
3824.662354 0.000000 2259.894531 0.000000 0.841332 0.000000 0.540519 0.789002 0.789002 0.789002
3851.498779 0.000000 2292.105957 0.000000 0.924199 0.000000 -0.381912 1.144790 1.144790 1.144790
3833.373779 0.000000 2247.208252 0.000000 0.265946 0.000000 0.963988 0.554814 0.554814 0.554814
3835.018066 0.000000 2254.539062 0.000000 0.487211 0.000000 -0.873284 1.392361 1.392361 1.392361
3838.349854 0.000000 2266.516357 0.000000 0.590525 0.000000 0.807019 0.620195 0.620195 0.620195
3827.208008 0.000000 2256.650879 0.000000 0.657680 0.000000 -0.753298 1.315197 1.315197 1.315197
3843.033203 0.000000 2258.935303 0.000000 0.849124 0.000000 0.528193 0.702699 0.702699 0.702699
3847.291016 0.000000 2302.694092 0.000000 0.785883 0.000000 -0.618376 1.246329 1.246329 1.246329
3823.986572 0.000000 2252.849854 0.000000 0.063826 0.000000 -0.997961 1.556793 1.556793 1.556793
3848.768066 0.000000 2296.514160 0.000000 0.651331 0.000000 -0.758794 1.318300 1.318300 1.318300
3845.222168 0.000000 2263.021973 0.000000 0.904059 0.000000 0.427407 0.780596 0.780596 0.780596
3832.768799 0.000000 2255.738525 0.000000 0.237445 0.000000 -0.971401 1.398767 1.398767 1.398767
3844.067139 0.000000 2258.805176 0.000000 0.695256 0.000000 0.718762 0.571512 0.571512 0.571512
3837.253418 0.000000 2298.755127 0.000000 0.985786 0.000000 0.168005 0.949428 0.949428 0.949428
3846.615479 0.000000 2259.964600 0.000000 0.729181 0.000000 0.684321 0.698947 0.698947 0.698947
3856.198975 0.000000 2295.058105 0.000000 0.999775 0.000000 -0.021193 1.006561 1.006561 1.006561
3841.026855 0.000000 2298.068115 0.000000 0.856946 0.000000 0.515406 0.799928 0.799928 0.799928
3852.609619 0.000000 2297.995117 0.000000 0.250908 0.000000 -0.968011 1.486683 1.486683 1.486683
3850.310303 0.000000 2295.890381 0.000000 0.786430 0.000000 -0.617680 1.246002 1.246002 1.246002
3850.604492 0.000000 2294.419189 0.000000 0.406316 0.000000 0.913733 0.574209 0.574209 0.574209
3833.590332 0.000000 2254.808594 0.000000 0.999653 0.000000 0.026339 0.992108 0.992108 0.992108
3855.029297 0.000000 2301.710449 0.000000 0.006481 0.000000 0.999979 0.422002 0.422002 0.422002
3842.553711 0.000000 2266.203369 0.000000 0.063658 0.000000 -0.997972 1.602006 1.602006 1.602006
3853.107666 0.000000 2300.001953 0.000000 0.290700 0.000000 -0.956814 1.471408 1.471408 1.471408
3852.200439 0.000000 2293.832764 0.000000 0.138321 0.000000 -0.990387 1.529120 1.529120 1.529120
3818.850098 0.000000 2253.172363 0.000000 0.264666 0.000000 0.964340 0.518578 0.518578 0.518578
3838.840088 0.000000 2261.107422 0.000000 0.689555 0.000000 -0.724233 1.372049 1.372049 1.372049
3851.937256 0.000000 2264.937744 0.000000 0.676224 0.000000 0.736696 0.718810 0.718810 0.718810
3851.421143 0.000000 2259.184570 0.000000 0.210691 0.000000 -0.977553 1.352726 1.352726 1.352726
3855.576172 0.000000 2297.665283 0.000000 0.477444 0.000000 0.878662 0.603518 0.603518 0.603518
3821.974121 0.000000 2247.769531 0.000000 0.571595 0.000000 0.820536 0.735720 0.735720 0.735720
3834.337158 0.000000 2253.243164 0.000000 0.921633 0.000000 -0.388064 1.147252 1.147252 1.147252
3839.842041 0.000000 2250.832275 0.000000 0.991485 0.000000 -0.130219 1.048252 1.048252 1.048252
3844.531738 0.000000 2299.052979 0.000000 0.800749 0.000000 -0.599001 1.237305 1.237305 1.237305
3844.422852 0.000000 2292.334473 0.000000 0.641789 0.000000 -0.766881 1.322922 1.322922 1.322922
3840.443604 0.000000 2260.085205 0.000000 0.996225 0.000000 -0.086812 1.047307 1.047307 1.047307
3845.007080 0.000000 2263.915283 0.000000 0.979936 0.000000 0.199311 0.900312 0.900312 0.900312
3843.034912 0.000000 2261.517822 0.000000 0.914415 0.000000 -0.404778 1.230969 1.230969 1.230969
3840.059814 0.000000 2257.397705 0.000000 0.425934 0.000000 0.904754 0.582181 0.582181 0.582181
3848.010010 0.000000 2299.542236 0.000000 0.837173 0.000000 0.546938 0.786176 0.786176 0.786176
3838.139160 0.000000 2252.904785 0.000000 0.865359 0.000000 -0.501153 1.193956 1.193956 1.193956
3818.519043 0.000000 2250.224365 0.000000 0.615248 0.000000 -0.788334 1.335532 1.335532 1.335532
3851.924561 0.000000 2300.762451 0.000000 0.146779 0.000000 0.989169 0.474038 0.474038 0.474038
3845.345215 0.000000 2265.506592 0.000000 0.833286 0.000000 -0.552842 1.233985 1.233985 1.233985
3843.247070 0.000000 2297.861816 0.000000 0.943674 0.000000 -0.330878 1.124604 1.124604 1.124604
3842.079590 0.000000 2260.039062 0.000000 0.987416 0.000000 0.158146 0.911980 0.911980 0.911980
3832.071533 0.000000 2252.981201 0.000000 0.576137 0.000000 -0.817353 1.327252 1.327252 1.327252
3820.857178 0.000000 2257.154297 0.000000 0.883760 0.000000 -0.467940 1.179926 1.179926 1.179926
3854.209717 0.000000 2294.181641 0.000000 0.564600 0.000000 0.825364 0.641282 0.641282 0.641282
3851.259277 0.000000 2293.619385 0.000000 0.511798 0.000000 0.859106 0.618126 0.618126 0.618126
3844.683350 0.000000 2254.057861 0.000000 0.675394 0.000000 0.737457 0.693584 0.693584 0.693584
3841.936768 0.000000 2260.988281 0.000000 0.396627 0.000000 -0.917980 1.632936 1.632936 1.632936
3837.609619 0.000000 2251.541504 0.000000 0.347304 0.000000 0.937753 0.550664 0.550664 0.550664
3828.134033 0.000000 2260.784912 0.000000 0.190307 0.000000 0.981725 0.490356 0.490356 0.490356
3849.532715 0.000000 2266.140137 0.000000 0.295860 0.000000 0.955231 0.568646 0.568646 0.568646
3846.227051 0.000000 2297.133545 0.000000 0.977340 0.000000 0.211675 0.921192 0.921192 0.921192
3820.562256 0.000000 2258.768311 0.000000 0.687448 0.000000 -0.726234 1.292214 1.292214 1.292214
3840.282715 0.000000 2292.822998 0.000000 0.960878 0.000000 0.276973 0.916624 0.916624 0.916624
3834.812012 0.000000 2248.622314 0.000000 0.431426 0.000000 -0.902148 1.415573 1.415573 1.415573
3853.951416 0.000000 2262.447998 0.000000 0.930757 0.000000 0.365639 0.885990 0.885990 0.885990
3843.698242 0.000000 2257.299561 0.000000 0.315175 0.000000 0.949033 0.538081 0.538081 0.538081
3822.497314 0.000000 2248.866699 0.000000 0.717878 0.000000 0.696169 0.788529 0.788529 0.788529
3849.092285 0.000000 2258.735352 0.000000 0.132565 0.000000 0.991174 0.497451 0.497451 0.497451
3835.847412 0.000000 2260.714600 0.000000 0.999734 0.000000 0.023056 0.993610 0.993610 0.993610
3820.874268 0.000000 2248.164062 0.000000 0.818260 0.000000 0.574848 0.773718 0.773718 0.773718
3846.950195 0.000000 2293.672119 0.000000 0.382217 0.000000 0.924072 0.564520 0.564520 0.564520
3840.735352 0.000000 2256.046875 0.000000 0.379790 0.000000 -0.925073 1.436451 1.436451 1.436451
3846.288086 0.000000 2261.883789 0.000000 0.875914 0.000000 0.482468 0.788835 0.788835 0.788835
3847.056641 0.000000 2298.592285 0.000000 0.997250 0.000000 0.074117 0.972590 0.972590 0.972590
3845.625000 0.000000 2255.948975 0.000000 0.378901 0.000000 -0.925437 1.436805 1.436805 1.436805
3838.716064 0.000000 2301.548340 0.000000 0.350643 0.000000 0.936509 0.551980 0.551980 0.551980
3836.748535 0.000000 2301.872314 0.000000 0.821114 0.000000 0.570764 0.810438 0.810438 0.810438
3850.852539 0.000000 2292.703125 0.000000 0.403877 0.000000 -0.914813 1.426777 1.426777 1.426777
3836.794434 0.000000 2248.889404 0.000000 0.143740 0.000000 -0.989615 1.527097 1.527097 1.527097
3846.202637 0.000000 2298.828125 0.000000 0.784742 0.000000 0.619823 0.752990 0.752990 0.752990
3829.776611 0.000000 2260.890137 0.000000 0.168240 0.000000 -0.985746 1.517932 1.517932 1.517932
3840.030029 0.000000 2296.259033 0.000000 0.918862 0.000000 0.394579 0.850132 0.850132 0.850132
3850.128418 0.000000 2265.353027 0.000000 0.670863 0.000000 0.741581 0.716348 0.716348 0.716348
3849.185791 0.000000 2261.907715 0.000000 0.313926 0.000000 0.949447 0.537595 0.537595 0.537595
3841.138916 0.000000 2288.438477 0.000000 0.913453 0.000000 0.406943 0.881766 0.881766 0.881766
3850.548584 0.000000 2296.719971 0.000000 0.997331 0.000000 -0.073019 1.027004 1.027004 1.027004
3819.927002 0.000000 2257.057373 0.000000 0.554273 0.000000 0.832335 0.646498 0.646498 0.646498
3834.509277 0.000000 2259.317627 0.000000 0.824349 0.000000 -0.566082 1.189288 1.189288 1.189288
3845.006592 0.000000 2252.398682 0.000000 0.741796 0.000000 -0.670626 1.216541 1.216541 1.216541
3839.370850 0.000000 2258.749756 0.000000 0.760257 0.000000 -0.649623 1.261261 1.261261 1.261261
3847.367188 0.000000 2267.429199 0.000000 0.921011 0.000000 -0.389537 1.147843 1.147843 1.147843
3838.130615 0.000000 2300.072266 0.000000 0.907164 0.000000 0.420778 0.839530 0.839530 0.839530
3841.823486 0.000000 2254.639893 0.000000 0.995473 0.000000 0.095041 0.964830 0.964830 0.964830
3842.756592 0.000000 2296.144287 0.000000 0.904587 0.000000 0.426289 0.837282 0.837282 0.837282
3847.697754 0.000000 2260.985107 0.000000 0.919600 0.000000 0.392857 0.830665 0.830665 0.830665
3837.288330 0.000000 2300.593994 0.000000 0.418109 0.000000 -0.908397 1.355581 1.355581 1.355581
3837.474609 0.000000 2303.233643 0.000000 0.854104 0.000000 0.520102 0.829308 0.829308 0.829308
3836.587646 0.000000 2300.083496 0.000000 0.660265 0.000000 0.751033 0.734859 0.734859 0.734859
3857.699707 0.000000 2294.124756 0.000000 0.965391 0.000000 0.260805 0.918317 0.918317 0.918317
3847.191895 0.000000 2258.427979 0.000000 0.635950 0.000000 0.771730 0.647864 0.647864 0.647864
3825.902344 0.000000 2257.690918 0.000000 0.985476 0.000000 -0.169812 1.063049 1.063049 1.063049
3849.290283 0.000000 2295.737061 0.000000 0.954036 0.000000 -0.299693 1.112462 1.112462 1.112462
3850.811279 0.000000 2295.230469 0.000000 0.333070 0.000000 -0.942902 1.454929 1.454929 1.454929
3818.843018 0.000000 2248.479004 0.000000 0.998424 0.000000 0.056114 0.979256 0.979256 0.979256
3848.344971 0.000000 2262.250488 0.000000 0.973756 0.000000 0.227595 0.915163 0.915163 0.915163
3848.768066 0.000000 2298.498047 0.000000 0.507525 0.000000 -0.861637 1.383709 1.383709 1.383709
3845.546875 0.000000 2253.146729 0.000000 0.445851 0.000000 0.895107 0.673393 0.673393 0.673393
3853.625000 0.000000 2293.187500 0.000000 0.248975 0.000000 -0.968510 1.487420 1.487420 1.487420
3835.683350 0.000000 2257.963867 0.000000 0.473215 0.000000 0.880947 0.628652 0.628652 0.628652
3845.617920 0.000000 2264.591309 0.000000 0.540815 0.000000 0.841142 0.600796 0.600796 0.600796
3850.238770 0.000000 2291.070801 0.000000 0.824653 0.000000 -0.565639 1.222140 1.222140 1.222140
3837.062256 0.000000 2247.311035 0.000000 0.788076 0.000000 -0.615578 1.221838 1.221838 1.221838
3850.009033 0.000000 2297.357422 0.000000 0.977108 0.000000 0.212742 0.920789 0.920789 0.920789
3843.473145 0.000000 2302.170654 0.000000 0.879344 0.000000 -0.476187 1.183382 1.183382 1.183382
3828.342041 0.000000 2259.702637 0.000000 0.130618 0.000000 -0.991433 1.531992 1.531992 1.531992
3826.910645 0.000000 2255.249756 0.000000 0.609076 0.000000 -0.793112 1.329269 1.329269 1.329269
3843.549072 0.000000 2260.459717 0.000000 0.847803 0.000000 -0.530311 1.309799 1.309799 1.309799
3848.349854 0.000000 2265.282959 0.000000 0.992512 0.000000 -0.122146 1.045244 1.045244 1.045244
3847.978516 0.000000 2300.967773 0.000000 0.778487 0.000000 0.627661 0.749285 0.749285 0.749285
3825.511719 0.000000 2254.944824 0.000000 0.137024 0.000000 -0.990568 1.529604 1.529604 1.529604
3823.192627 0.000000 2252.463867 0.000000 0.190522 0.000000 0.981683 0.490437 0.490437 0.490437
3850.822998 0.000000 2263.937988 0.000000 0.992685 0.000000 0.120729 0.955283 0.955283 0.955283
3848.470947 0.000000 2293.318359 0.000000 0.636445 0.000000 0.771322 0.674511 0.674511 0.674511
3853.203857 0.000000 2301.754639 0.000000 0.689354 0.000000 -0.724425 1.299360 1.299360 1.299360
3852.432617 0.000000 2303.300049 0.000000 0.626181 0.000000 0.779678 0.669621 0.669621 0.669621
3843.595215 0.000000 2263.591064 0.000000 0.373399 0.000000 0.927671 0.341500 0.341500 0.341500
3829.055176 0.000000 2259.213379 0.000000 0.778600 0.000000 -0.627520 1.250648 1.250648 1.250648
3834.972412 0.000000 2251.633545 0.000000 0.479854 0.000000 0.877349 0.604533 0.604533 0.604533
3846.811768 0.000000 2303.440186 0.000000 0.606806 0.000000 -0.794850 1.339472 1.339472 1.339472
3842.583008 0.000000 2262.489014 0.000000 0.999966 0.000000 0.008298 0.995401 0.995401 0.995401
3844.138184 0.000000 2293.876953 0.000000 0.960611 0.000000 -0.277898 1.104050 1.104050 1.104050
3851.684082 0.000000 2297.767334 0.000000 0.093181 0.000000 0.995649 0.454087 0.454087 0.454087
3822.127686 0.000000 2251.411377 0.000000 0.362456 0.000000 0.932001 0.556652 0.556652 0.556652
3849.511719 0.000000 2260.407471 0.000000 0.991769 0.000000 0.128041 0.952560 0.952560 0.952560
3849.190674 0.000000 2297.225830 0.000000 0.984448 0.000000 0.175674 0.934752 0.934752 0.934752
3838.258789 0.000000 2261.870117 0.000000 0.695936 0.000000 0.718104 0.632015 0.632015 0.632015
3835.747314 0.000000 2256.739258 0.000000 0.993765 0.000000 -0.111490 1.038491 1.038491 1.038491
3838.455566 0.000000 2257.974121 0.000000 0.613620 0.000000 -0.789601 1.336294 1.336294 1.336294
3854.789795 0.000000 2299.917480 0.000000 0.022831 0.000000 -0.999739 1.571956 1.571956 1.571956
3845.445557 0.000000 2291.310303 0.000000 0.182827 0.000000 0.983145 0.487543 0.487543 0.487543
3838.176025 0.000000 2296.465332 0.000000 0.668082 0.000000 0.744087 0.696222 0.696222 0.696222
3823.582031 0.000000 2256.734375 0.000000 0.164596 0.000000 0.986361 0.480702 0.480702 0.480702
3847.948242 0.000000 2296.377441 0.000000 0.914311 0.000000 0.405013 0.845926 0.845926 0.845926
3818.045898 0.000000 2253.395020 0.000000 0.981513 0.000000 -0.191395 1.071158 1.071158 1.071158
3842.841797 0.000000 2259.729980 0.000000 0.982585 0.000000 0.185812 0.900148 0.900148 0.900148
3848.987061 0.000000 2267.966797 0.000000 0.199176 0.000000 -0.979964 1.465252 1.465252 1.465252
3835.594238 0.000000 2252.775146 0.000000 0.647918 0.000000 -0.761710 1.319959 1.319959 1.319959
3842.413086 0.000000 2303.260742 0.000000 0.328666 0.000000 -0.944446 1.456654 1.456654 1.456654
3852.316162 0.000000 2292.220703 0.000000 0.870007 0.000000 -0.493040 1.190501 1.190501 1.190501
3839.142822 0.000000 2260.324219 0.000000 0.995872 0.000000 -0.090773 1.041755 1.041755 1.041755
3824.176758 0.000000 2257.755127 0.000000 0.996761 0.000000 -0.080423 1.029748 1.029748 1.029748
3848.256836 0.000000 2259.608643 0.000000 0.195809 0.000000 -0.980642 1.480136 1.480136 1.480136
3842.166748 0.000000 2267.772949 0.000000 0.436830 0.000000 -0.899544 1.446872 1.446872 1.446872
3853.948730 0.000000 2298.436035 0.000000 0.849388 0.000000 0.527769 0.794574 0.794574 0.794574
3832.092041 0.000000 2249.881836 0.000000 0.881221 0.000000 -0.472705 1.168400 1.168400 1.168400
3855.692627 0.000000 2300.244873 0.000000 0.462555 0.000000 0.886590 0.597286 0.597286 0.597286
3848.054443 0.000000 2294.921143 0.000000 0.906949 0.000000 0.421242 0.839341 0.839341 0.839341
3819.246094 0.000000 2256.382568 0.000000 0.229864 0.000000 -0.973223 1.481323 1.481323 1.481323
3853.027344 0.000000 2296.943604 0.000000 0.606534 0.000000 -0.795058 1.339599 1.339599 1.339599
3842.906738 0.000000 2265.088623 0.000000 0.998063 0.000000 0.062205 0.969076 0.969076 0.969076
3852.134033 0.000000 2302.445801 0.000000 0.289271 0.000000 -0.957247 1.471960 1.471960 1.471960
3843.094238 0.000000 2267.881104 0.000000 0.387654 0.000000 0.921805 0.531563 0.531563 0.531563
3843.946533 0.000000 2265.156250 0.000000 0.946317 0.000000 0.323239 0.836474 0.836474 0.836474
3838.879639 0.000000 2257.050537 0.000000 0.995925 0.000000 -0.090186 1.033368 1.033368 1.033368
3828.731445 0.000000 2258.176025 0.000000 0.969158 0.000000 -0.246440 1.092005 1.092005 1.092005
3851.420410 0.000000 2296.852783 0.000000 0.220470 0.000000 0.975394 0.501744 0.501744 0.501744
3837.294922 0.000000 2257.373291 0.000000 0.495143 0.000000 -0.868812 1.388997 1.388997 1.388997
3828.926270 0.000000 2263.836914 0.000000 0.241612 0.000000 -0.970373 1.486915 1.486915 1.486915
4292.335938 0.000000 2265.552246 0.000000 0.433694 0.000000 0.901060 0.929959 0.929959 0.929959
4294.868652 0.000000 2264.824951 0.000000 0.969293 0.000000 -0.245910 1.019229 1.019229 1.019229
4292.844727 0.000000 2267.844482 0.000000 0.716264 0.000000 -0.697829 1.121479 1.121479 1.121479
4293.711426 0.000000 2266.008789 0.000000 0.539973 0.000000 -0.841682 1.157344 1.157344 1.157344
4292.229492 0.000000 2266.838867 0.000000 0.108134 0.000000 -0.994136 1.230018 1.230018 1.230018
4327.663574 0.000000 2238.838623 0.000000 0.681581 0.000000 -0.731743 1.108616 1.108616 1.108616
4325.613770 0.000000 2239.553467 0.000000 0.947490 0.000000 -0.319785 1.023566 1.023566 1.023566
4326.092773 0.000000 2238.267334 0.000000 0.861735 0.000000 0.507358 0.929592 0.929592 0.929592
3495.952148 0.000000 2641.743896 0.000000 0.935433 0.000000 -0.353503 1.084792 1.084792 1.084792
3491.734375 0.000000 2637.834473 0.000000 0.992222 0.000000 0.124479 0.980371 0.980371 0.980371
3527.575928 0.000000 2644.572754 0.000000 0.829291 0.000000 0.558817 0.906738 0.906738 0.906738
3524.601562 0.000000 2648.097900 0.000000 0.074240 0.000000 0.997240 0.887918 0.887918 0.887918
3516.649658 0.000000 2637.220947 0.000000 0.406869 0.000000 -0.913487 1.063260 1.063260 1.063260
3499.398438 0.000000 2639.099365 0.000000 0.238430 0.000000 0.971160 0.976756 0.976756 0.976756
3525.923828 0.000000 2641.110840 0.000000 0.852447 0.000000 0.522814 0.846171 0.846171 0.846171
3487.356934 0.000000 2633.005371 0.000000 0.305427 0.000000 -0.952215 1.497174 1.497174 1.497174
3519.120117 0.000000 2634.630859 0.000000 0.656375 0.000000 -0.754435 1.390528 1.390528 1.390528
3518.968506 0.000000 2641.508301 0.000000 0.225588 0.000000 0.974223 0.590875 0.590875 0.590875
3489.529053 0.000000 2635.502441 0.000000 0.284892 0.000000 0.958560 0.603159 0.603159 0.603159
3516.073242 0.000000 2643.988037 0.000000 0.924756 0.000000 -0.380560 1.047758 1.047758 1.047758
3527.375488 0.000000 2647.538818 0.000000 0.216272 0.000000 -0.976333 1.189131 1.189131 1.189131
3488.993652 0.000000 2638.375977 0.000000 0.987452 0.000000 0.157922 0.980996 0.980996 0.980996
3524.298340 0.000000 2639.040527 0.000000 0.096797 0.000000 -0.995304 1.342196 1.342196 1.342196
3491.695312 0.000000 2640.422363 0.000000 0.716242 0.000000 0.697852 0.874659 0.874659 0.874659
3474.708008 0.000000 2625.653076 0.000000 0.462380 0.000000 0.886682 0.711517 0.711517 0.711517
3516.652588 0.000000 2633.776855 0.000000 0.960092 0.000000 -0.279683 1.043876 1.043876 1.043876
3527.469971 0.000000 2650.061523 0.000000 0.983886 0.000000 0.178798 0.934028 0.934028 0.934028
3525.362793 0.000000 2645.727051 0.000000 0.228785 0.000000 -0.973477 1.183991 1.183991 1.183991
3503.170410 0.000000 2641.216309 0.000000 0.372537 0.000000 0.928017 0.720958 0.720958 0.720958
3518.259521 0.000000 2639.143799 0.000000 0.377336 0.000000 -0.926076 1.446297 1.446297 1.446297
3473.165771 0.000000 2621.401123 0.000000 0.138952 0.000000 -0.990299 1.214413 1.214413 1.214413
3526.803223 0.000000 2654.232178 0.000000 0.548427 0.000000 -0.836198 1.138453 1.138453 1.138453
3487.991455 0.000000 2630.619385 0.000000 0.014097 0.000000 -0.999901 1.178773 1.178773 1.178773
3518.925049 0.000000 2636.967285 0.000000 0.624616 0.000000 -0.780932 1.342307 1.342307 1.342307
3477.027588 0.000000 2622.096680 0.000000 0.375791 0.000000 0.926704 0.934885 0.934885 0.934885
3501.037598 0.000000 2640.560791 0.000000 0.588594 0.000000 0.808429 0.520509 0.520509 0.520509
3493.753906 0.000000 2641.009277 0.000000 0.929677 0.000000 -0.368376 1.160115 1.160115 1.160115
3525.826416 0.000000 2643.286133 0.000000 0.534266 0.000000 0.845317 0.665583 0.665583 0.665583
3527.223145 0.000000 2639.565674 0.000000 0.416144 0.000000 0.909299 0.615243 0.615243 0.615243
3476.313232 0.000000 2624.437744 0.000000 0.776423 0.000000 -0.630213 1.068089 1.068089 1.068089
3487.600586 0.000000 2635.074463 0.000000 0.992171 0.000000 -0.124887 1.019069 1.019069 1.019069
3517.290039 0.000000 2642.481445 0.000000 0.596178 0.000000 -0.802852 1.114020 1.114020 1.114020
3524.189941 0.000000 2642.055664 0.000000 0.999076 0.000000 -0.042967 1.014271 1.014271 1.014271
3489.490234 0.000000 2633.540527 0.000000 0.127220 0.000000 0.991875 0.791020 0.791020 0.791020
3517.376465 0.000000 2635.540527 0.000000 0.997310 0.000000 0.073301 0.994871 0.994871 0.994871
3518.721191 0.000000 2632.809082 0.000000 0.551252 0.000000 -0.834339 1.298135 1.298135 1.298135
3527.516602 0.000000 2642.588623 0.000000 0.169052 0.000000 0.985607 0.723699 0.723699 0.723699
3517.255615 0.000000 2640.589600 0.000000 0.570729 0.000000 0.821139 0.822016 0.822016 0.822016
3526.191406 0.000000 2648.867920 0.000000 0.588013 0.000000 -0.808851 1.291677 1.291677 1.291677
3525.869385 0.000000 2638.430664 0.000000 0.802618 0.000000 -0.596493 1.148391 1.148391 1.148391
3492.975586 0.000000 2639.281982 0.000000 0.861806 0.000000 -0.507238 1.061093 1.061093 1.061093
3491.101562 0.000000 2636.249268 0.000000 0.969346 0.000000 0.245698 0.960956 0.960956 0.960956
3519.104736 0.000000 2643.276611 0.000000 0.998922 0.000000 0.046429 0.992695 0.992695 0.992695
3488.726807 0.000000 2632.103760 0.000000 0.214147 0.000000 0.976802 0.803799 0.803799 0.803799
3498.424072 0.000000 2640.517822 0.000000 0.592761 0.000000 -0.805378 1.392709 1.392709 1.392709
3489.708008 0.000000 2637.014404 0.000000 0.983222 0.000000 0.182415 0.923519 0.923519 0.923519
3526.925049 0.000000 2646.086670 0.000000 0.531459 0.000000 0.847084 0.858729 0.858729 0.858729
3525.886963 0.000000 2647.196289 0.000000 0.685117 0.000000 0.728433 0.900174 0.900174 0.900174
3517.646240 0.000000 2643.962158 0.000000 0.535209 0.000000 0.844720 0.876930 0.876930 0.876930
3495.286133 0.000000 2640.386230 0.000000 0.997000 0.000000 -0.077398 1.018182 1.018182 1.018182
3476.977539 0.000000 2625.864014 0.000000 0.988185 0.000000 0.153264 0.984634 0.984634 0.984634
3490.833008 0.000000 2639.038086 0.000000 0.546705 0.000000 -0.837325 1.468248 1.468248 1.468248
3524.789795 0.000000 2644.356689 0.000000 0.994110 0.000000 0.108379 0.985089 0.985089 0.985089
3490.473389 0.000000 2641.337158 0.000000 0.784613 0.000000 0.619986 0.891482 0.891482 0.891482
3516.628662 0.000000 2632.111084 0.000000 0.740095 0.000000 -0.672502 1.114168 1.114168 1.114168
3472.781006 0.000000 2622.808838 0.000000 0.584632 0.000000 -0.811299 1.257530 1.257530 1.257530
3499.769531 0.000000 2641.214844 0.000000 0.998810 0.000000 -0.048761 1.020460 1.020460 1.020460
3492.491455 0.000000 2641.571533 0.000000 0.687273 0.000000 0.726399 0.654923 0.654923 0.654923
3519.394775 0.000000 2638.349121 0.000000 0.712450 0.000000 0.701723 0.706781 0.706781 0.706781
3526.908203 0.000000 2652.855713 0.000000 0.843293 0.000000 -0.537454 1.087828 1.087828 1.087828
3497.356445 0.000000 2641.605957 0.000000 0.977189 0.000000 0.212370 0.887271 0.887271 0.887271
3525.525391 0.000000 2639.760986 0.000000 0.002296 0.000000 -0.999997 1.364173 1.364173 1.364173
3526.224121 0.000000 2644.659668 0.000000 0.775741 0.000000 0.631051 0.892591 0.892591 0.892591
3526.331543 0.000000 2650.817871 0.000000 0.915329 0.000000 -0.402707 1.152108 1.152108 1.152108
3519.090820 0.000000 2640.168945 0.000000 0.983862 0.000000 -0.178929 1.054793 1.054793 1.054793
3472.368896 0.000000 2620.266846 0.000000 0.563122 0.000000 -0.826374 1.145694 1.145694 1.145694
3474.142090 0.000000 2624.295410 0.000000 0.056169 0.000000 0.998421 0.599186 0.599186 0.599186
3527.205811 0.000000 2655.516846 0.000000 0.198492 0.000000 -0.980102 1.191672 1.191672 1.191672
3488.263672 0.000000 2633.946289 0.000000 0.789292 0.000000 0.614018 0.904267 0.904267 0.904267
3517.997559 0.000000 2633.948975 0.000000 0.995358 0.000000 -0.096240 1.014920 1.014920 1.014920
3527.378418 0.000000 2641.025635 0.000000 0.482194 0.000000 -0.876064 1.597052 1.597052 1.597052
3475.780762 0.000000 2622.052979 0.000000 0.994311 0.000000 -0.106514 1.031704 1.031704 1.031704
3501.916504 0.000000 2641.472656 0.000000 0.043436 0.000000 0.999056 0.222129 0.222129 0.222129
3486.169922 0.000000 2632.745850 0.000000 0.067472 0.000000 0.997721 0.407027 0.407027 0.407027
3518.636230 0.000000 2635.722412 0.000000 0.808608 0.000000 0.588347 0.712624 0.712624 0.712624
3525.393799 0.000000 2642.155029 0.000000 0.994310 0.000000 -0.106523 1.035437 1.035437 1.035437
3496.580078 0.000000 2640.718018 0.000000 0.690006 0.000000 -0.723804 1.426316 1.426316 1.426316
3524.662109 0.000000 2643.182129 0.000000 0.053113 0.000000 0.998589 0.496075 0.496075 0.496075
3486.803955 0.000000 2634.086182 0.000000 0.997942 0.000000 -0.064127 1.009773 1.009773 1.009773
3519.850586 0.000000 2642.371826 0.000000 0.367185 0.000000 0.930148 0.812076 0.812076 0.812076
3494.743652 0.000000 2641.623291 0.000000 0.145848 0.000000 0.989307 0.665722 0.665722 0.665722
3488.419189 0.000000 2635.876221 0.000000 0.665147 0.000000 0.746713 0.738998 0.738998 0.738998
3527.012451 0.000000 2651.711426 0.000000 0.347335 0.000000 -0.937741 1.446288 1.446288 1.446288
3526.936768 0.000000 2643.581299 0.000000 0.056646 0.000000 -0.998394 1.298626 1.298626 1.298626
3519.925049 0.000000 2639.403076 0.000000 0.988284 0.000000 0.152624 0.942238 0.942238 0.942238
3516.661377 0.000000 2641.562988 0.000000 0.961841 0.000000 -0.273609 1.051201 1.051201 1.051201
3524.813477 0.000000 2641.135742 0.000000 0.121647 0.000000 -0.992573 1.405117 1.405117 1.405117
3473.837402 0.000000 2622.545654 0.000000 0.958620 0.000000 -0.284687 1.078557 1.078557 1.078557
3475.265625 0.000000 2624.159668 0.000000 0.999862 0.000000 -0.016606 1.004395 1.004395 1.004395
3526.480713 0.000000 2642.227783 0.000000 0.551369 0.000000 -0.834262 1.194622 1.194622 1.194622
3492.868896 0.000000 2640.353516 0.000000 0.953700 0.000000 -0.300759 1.129653 1.129653 1.129653
3475.752686 0.000000 2625.374023 0.000000 0.631627 0.000000 0.775273 0.765231 0.765231 0.765231
3491.866211 0.000000 2639.296387 0.000000 0.799382 0.000000 0.600823 0.695880 0.695880 0.695880
3527.295654 0.000000 2638.527832 0.000000 0.526807 0.000000 0.849985 0.657588 0.657588 0.657588
3519.589111 0.000000 2636.142822 0.000000 0.358550 0.000000 -0.933511 1.459925 1.459925 1.459925
3488.709229 0.000000 2637.315674 0.000000 0.886051 0.000000 -0.463587 1.200974 1.200974 1.200974
3499.506348 0.000000 2640.108398 0.000000 0.928409 0.000000 -0.371560 1.159669 1.159669 1.159669
3526.485840 0.000000 2640.264893 0.000000 0.987205 0.000000 0.159454 0.910447 0.910447 0.910447
3489.165039 0.000000 2634.500244 0.000000 0.958983 0.000000 -0.283462 1.088972 1.088972 1.088972
3524.889648 0.000000 2638.138428 0.000000 0.043890 0.000000 0.999036 0.645488 0.645488 0.645488
3519.416260 0.000000 2633.670654 0.000000 0.451647 0.000000 -0.892197 1.332951 1.332951 1.332951
3527.139160 0.000000 2649.116943 0.000000 0.581388 0.000000 0.813626 0.705794 0.705794 0.705794
3473.408447 0.000000 2623.599121 0.000000 0.523617 0.000000 0.851954 0.722514 0.722514 0.722514
3472.226807 0.000000 2623.584229 0.000000 0.863749 0.000000 -0.503923 1.143718 1.143718 1.143718
3518.206055 0.000000 2640.524170 0.000000 0.380804 0.000000 -0.924656 1.359443 1.359443 1.359443
3518.057617 0.000000 2634.894043 0.000000 0.871201 0.000000 -0.490927 1.234444 1.234444 1.234444
3526.337158 0.000000 2639.330322 0.000000 0.844994 0.000000 0.534777 0.809831 0.809831 0.809831
3497.515869 0.000000 2640.637939 0.000000 0.643849 0.000000 -0.765153 1.458965 1.458965 1.458965
3500.919189 0.000000 2641.500000 0.000000 0.911678 0.000000 -0.410906 1.215660 1.215660 1.215660
3519.553223 0.000000 2632.452881 0.000000 0.679157 0.000000 -0.733993 1.248971 1.248971 1.248971
3527.594971 0.000000 2651.033691 0.000000 0.551795 0.000000 0.833980 0.638042 0.638042 0.638042
3518.131348 0.000000 2632.169922 0.000000 0.384903 0.000000 0.922957 0.644844 0.644844 0.644844
3489.165771 0.000000 2636.295410 0.000000 0.758133 0.000000 -0.652100 1.296162 1.296162 1.296162
3487.840820 0.000000 2632.297119 0.000000 0.691305 0.000000 0.722563 0.681477 0.681477 0.681477
3498.900146 0.000000 2641.259521 0.000000 0.570371 0.000000 0.821387 0.595747 0.595747 0.595747
3488.453369 0.000000 2634.975830 0.000000 0.551902 0.000000 -0.833909 1.305285 1.305285 1.305285
3519.108154 0.000000 2639.151855 0.000000 0.653467 0.000000 0.756955 0.676311 0.676311 0.676311
3489.692139 0.000000 2637.900391 0.000000 0.913217 0.000000 -0.407473 1.174977 1.174977 1.174977
3486.136230 0.000000 2633.580566 0.000000 0.511691 0.000000 0.859169 0.592274 0.592274 0.592274
3518.549805 0.000000 2638.317383 0.000000 0.632053 0.000000 0.774925 0.665772 0.665772 0.665772
3519.451904 0.000000 2635.355225 0.000000 0.706570 0.000000 -0.707643 1.359170 1.359170 1.359170
3531.791748 0.000000 2643.114502 0.000000 0.566048 0.000000 -0.824372 1.043549 1.043549 1.043549
3587.535645 0.000000 2656.482910 0.000000 0.927470 0.000000 -0.373896 1.003827 1.003827 1.003827
3579.953613 0.000000 2649.588135 0.000000 0.632075 0.000000 0.774907 0.652503 0.652503 0.652503
3563.981201 0.000000 2651.383545 0.000000 0.480011 0.000000 0.877263 0.631315 0.631315 0.631315
3576.386719 0.000000 2646.304443 0.000000 0.361367 0.000000 0.932424 0.694152 0.694152 0.694152
3578.143311 0.000000 2661.472656 0.000000 0.561000 0.000000 -0.827816 1.019477 1.019477 1.019477
3531.733154 0.000000 2638.719238 0.000000 0.478650 0.000000 0.878006 0.831444 0.831444 0.831444
3527.767090 0.000000 2652.590088 0.000000 0.959689 0.000000 -0.281066 1.044099 1.044099 1.044099
3528.701660 0.000000 2641.122070 0.000000 0.927313 0.000000 0.374286 0.801747 0.801747 0.801747
3588.199707 0.000000 2648.717773 0.000000 0.362278 0.000000 -0.932070 1.083890 1.083890 1.083890
3583.274658 0.000000 2648.389404 0.000000 0.908415 0.000000 0.418070 0.854631 0.854631 0.854631
3562.128662 0.000000 2648.282959 0.000000 0.486591 0.000000 0.873630 0.941637 0.941637 0.941637
3573.437744 0.000000 2647.091553 0.000000 0.111592 0.000000 0.993754 0.770529 0.770529 0.770529
3577.141357 0.000000 2649.124512 0.000000 0.899514 0.000000 -0.436892 1.128682 1.128682 1.128682
3533.775391 0.000000 2641.056641 0.000000 0.890295 0.000000 0.455385 0.814680 0.814680 0.814680
3585.769775 0.000000 2659.092529 0.000000 0.527311 0.000000 0.849672 0.505694 0.505694 0.505694
3560.052979 0.000000 2657.188965 0.000000 0.897031 0.000000 -0.441968 1.048002 1.048002 1.048002
3579.489746 0.000000 2646.882568 0.000000 0.979107 0.000000 0.203345 0.956035 0.956035 0.956035
3561.427246 0.000000 2652.632080 0.000000 0.668569 0.000000 -0.743650 1.318195 1.318195 1.318195
3559.345947 0.000000 2654.647461 0.000000 0.629556 0.000000 -0.776955 1.224368 1.224368 1.224368
3582.660645 0.000000 2650.903564 0.000000 0.631992 0.000000 0.774975 0.853900 0.853900 0.853900
3569.322021 0.000000 2667.069824 0.000000 0.728305 0.000000 0.685253 0.788906 0.788906 0.788906
3580.855957 0.000000 2661.773193 0.000000 0.644428 0.000000 -0.764665 1.134745 1.134745 1.134745
3572.414062 0.000000 2649.489746 0.000000 0.888617 0.000000 -0.458649 1.033307 1.033307 1.033307
3560.581299 0.000000 2650.262695 0.000000 0.999599 0.000000 0.028331 0.996605 0.996605 0.996605
3564.848633 0.000000 2648.958740 0.000000 0.983985 0.000000 -0.178254 1.048768 1.048768 1.048768
3527.643066 0.000000 2650.168701 0.000000 0.039735 0.000000 0.999210 0.438116 0.438116 0.438116
3585.842773 0.000000 2648.943604 0.000000 0.847288 0.000000 0.531133 0.795905 0.795905 0.795905
3588.410400 0.000000 2646.245850 0.000000 0.831837 0.000000 -0.555020 1.243843 1.243843 1.243843
3578.655762 0.000000 2659.202881 0.000000 0.318061 0.000000 -0.948070 1.056043 1.056043 1.056043
3559.019531 0.000000 2659.190674 0.000000 0.183748 0.000000 -0.982973 1.273357 1.273357 1.273357
3530.968994 0.000000 2641.073242 0.000000 0.931258 0.000000 -0.364360 1.184353 1.184353 1.184353
3528.378418 0.000000 2654.798584 0.000000 0.980626 0.000000 0.195890 0.975881 0.975881 0.975881
3574.946533 0.000000 2648.762451 0.000000 0.974540 0.000000 -0.224213 1.045165 1.045165 1.045165
3567.009277 0.000000 2662.023682 0.000000 0.523196 0.000000 -0.852212 1.522130 1.522130 1.522130
3582.346680 0.000000 2658.355957 0.000000 0.982740 0.000000 0.184993 0.908490 0.908490 0.908490
3529.566650 0.000000 2639.122559 0.000000 0.687434 0.000000 -0.726247 1.219166 1.219166 1.219166
3587.842285 0.000000 2658.588623 0.000000 0.444484 0.000000 0.895787 0.833700 0.833700 0.833700
3571.685791 0.000000 2680.400635 0.000000 0.890227 0.000000 0.455517 0.891371 0.891371 0.891371
3529.499756 0.000000 2643.002441 0.000000 0.859483 0.000000 -0.511165 1.087067 1.087067 1.087067
3580.641357 0.000000 2659.640137 0.000000 0.292663 0.000000 0.956216 0.577051 0.577051 0.577051
3558.108398 0.000000 2656.118896 0.000000 0.832607 0.000000 -0.553864 1.155340 1.155340 1.155340
3563.131836 0.000000 2653.481445 0.000000 0.344815 0.000000 -0.938671 1.158219 1.158219 1.158219
3562.484619 0.000000 2650.168945 0.000000 0.374223 0.000000 0.927339 0.590968 0.590968 0.590968
3571.276123 0.000000 2677.075928 0.000000 0.942619 0.000000 -0.333872 1.084984 1.084984 1.084984
3568.835938 0.000000 2665.269531 0.000000 0.132259 0.000000 -0.991215 1.592417 1.592417 1.592417
3584.319092 0.000000 2646.889648 0.000000 0.797156 0.000000 0.603773 0.894809 0.894809 0.894809
3568.784668 0.000000 2679.724121 0.000000 0.999904 0.000000 0.013872 0.996260 0.996260 0.996260
3534.411621 0.000000 2642.879639 0.000000 0.381189 0.000000 -0.924497 1.394659 1.394659 1.394659
3585.825684 0.000000 2686.635010 0.000000 0.986768 0.000000 -0.162139 1.028461 1.028461 1.028461
3527.628418 0.000000 2639.691650 0.000000 0.228952 0.000000 0.973438 0.548443 0.548443 0.548443
3568.126465 0.000000 2682.324219 0.000000 0.408063 0.000000 0.912954 0.620871 0.620871 0.620871
3565.702393 0.000000 2650.600586 0.000000 0.976838 0.000000 0.213981 0.946162 0.946162 0.946162
3584.248779 0.000000 2649.882812 0.000000 0.588745 0.000000 -0.808319 1.343097 1.343097 1.343097
3587.033447 0.000000 2647.379883 0.000000 0.986619 0.000000 0.163045 0.961975 0.961975 0.961975
3584.059570 0.000000 2658.846924 0.000000 0.008146 0.000000 0.999967 0.239260 0.239260 0.239260
3577.859863 0.000000 2647.521973 0.000000 0.378095 0.000000 0.925767 0.698737 0.698737 0.698737
3529.462891 0.000000 2656.144775 0.000000 0.903648 0.000000 -0.428275 1.181208 1.181208 1.181208
3584.746826 0.000000 2684.279297 0.000000 0.995201 0.000000 0.097851 0.983362 0.983362 0.983362
3567.158936 0.000000 2663.870117 0.000000 0.905912 0.000000 0.423466 0.776210 0.776210 0.776210
3574.772705 0.000000 2646.112549 0.000000 0.732880 0.000000 -0.680358 1.248450 1.248450 1.248450
3569.715576 0.000000 2682.930664 0.000000 0.490403 0.000000 -0.871496 1.348738 1.348738 1.348738
3569.697754 0.000000 2677.184326 0.000000 0.884454 0.000000 0.466627 0.909100 0.909100 0.909100
3532.403564 0.000000 2640.259033 0.000000 0.999710 0.000000 -0.024081 1.009440 1.009440 1.009440
3561.549561 0.000000 2656.781250 0.000000 0.825295 0.000000 0.564702 0.937079 0.937079 0.937079
3571.875732 0.000000 2678.539551 0.000000 0.491838 0.000000 -0.870687 1.284887 1.284887 1.284887
3560.828125 0.000000 2654.066406 0.000000 0.990356 0.000000 0.138546 0.958013 0.958013 0.958013
3527.984131 0.000000 2648.608643 0.000000 0.474318 0.000000 -0.880354 1.333287 1.333287 1.333287
3560.574951 0.000000 2655.571533 0.000000 0.661163 0.000000 0.750242 0.743705 0.743705 0.743705
3528.084229 0.000000 2643.573730 0.000000 0.985389 0.000000 -0.170317 1.027774 1.027774 1.027774
3570.794678 0.000000 2666.783691 0.000000 0.113695 0.000000 0.993516 0.639926 0.639926 0.639926
3576.126953 0.000000 2647.844238 0.000000 0.863252 0.000000 -0.504774 1.134739 1.134739 1.134739
3534.930176 0.000000 2640.073486 0.000000 0.677689 0.000000 -0.735349 1.113443 1.113443 1.113443
3579.022217 0.000000 2648.435303 0.000000 0.970849 0.000000 -0.239690 1.094872 1.094872 1.094872
3572.224121 0.000000 2647.992920 0.000000 0.929828 0.000000 -0.367995 1.059272 1.059272 1.059272
3560.193115 0.000000 2651.687988 0.000000 0.060910 0.000000 -0.998143 1.180932 1.180932 1.180932
3532.294678 0.000000 2641.774658 0.000000 0.933324 0.000000 0.359036 0.856059 0.856059 0.856059
3581.709961 0.000000 2660.601562 0.000000 0.792013 0.000000 -0.610505 1.101648 1.101648 1.101648
3575.833252 0.000000 2649.892334 0.000000 0.494017 0.000000 -0.869452 1.210527 1.210527 1.210527
3562.575195 0.000000 2651.704590 0.000000 0.017908 0.000000 -0.999840 1.535006 1.535006 1.535006
3535.362549 0.000000 2641.833252 0.000000 0.998559 0.000000 -0.053660 1.007372 1.007372 1.007372
3589.854248 0.000000 2646.082275 0.000000 0.987474 0.000000 -0.157783 1.065664 1.065664 1.065664
3530.506592 0.000000 2638.036621 0.000000 0.997661 0.000000 0.068350 0.989241 0.989241 0.989241
3587.784912 0.000000 2685.233154 0.000000 0.108007 0.000000 -0.994150 1.405305 1.405305 1.405305
3533.109619 0.000000 2643.528564 0.000000 0.707426 0.000000 -0.706787 1.117579 1.117579 1.117579
3529.238770 0.000000 2652.629883 0.000000 0.627936 0.000000 0.778265 0.877533 0.877533 0.877533
3585.615234 0.000000 2647.537109 0.000000 0.549049 0.000000 0.835790 0.839417 0.839417 0.839417
3568.868652 0.000000 2678.353516 0.000000 0.266921 0.000000 0.963718 0.649323 0.649323 0.649323
3558.697266 0.000000 2657.610840 0.000000 0.998230 0.000000 -0.059464 1.015745 1.015745 1.015745
3570.449951 0.000000 2685.638428 0.000000 0.977506 0.000000 -0.210905 1.038197 1.038197 1.038197
3588.959229 0.000000 2647.537109 0.000000 0.998911 0.000000 -0.046654 1.019342 1.019342 1.019342
3568.047119 0.000000 2666.456299 0.000000 0.931785 0.000000 -0.363012 1.103876 1.103876 1.103876
3571.053467 0.000000 2681.714844 0.000000 0.673113 0.000000 -0.739540 1.191185 1.191185 1.191185
3563.841797 0.000000 2650.034180 0.000000 0.941610 0.000000 0.336704 0.881685 0.881685 0.881685
3570.375977 0.000000 2680.066650 0.000000 0.805970 0.000000 0.591957 0.854500 0.854500 0.854500
3527.656738 0.000000 2645.888184 0.000000 0.878252 0.000000 -0.478197 1.078421 1.078421 1.078421
3571.989502 0.000000 2683.802490 0.000000 0.760963 0.000000 0.648796 0.899534 0.899534 0.899534
3584.583496 0.000000 2648.632080 0.000000 0.967551 0.000000 0.252676 0.906891 0.906891 0.906891
3530.812500 0.000000 2639.637939 0.000000 0.780564 0.000000 0.625076 0.893798 0.893798 0.893798
3574.682617 0.000000 2647.376953 0.000000 0.975973 0.000000 0.217894 0.927065 0.927065 0.927065
3568.864990 0.000000 2676.211670 0.000000 0.990593 0.000000 0.136844 0.974297 0.974297 0.974297
3528.130371 0.000000 2642.287842 0.000000 0.455260 0.000000 0.890358 0.821800 0.821800 0.821800
3529.833740 0.000000 2640.468262 0.000000 0.995373 0.000000 -0.096091 1.049735 1.049735 1.049735
3585.313232 0.000000 2685.472412 0.000000 0.247240 0.000000 0.968954 0.775746 0.775746 0.775746
3568.540527 0.000000 2681.145264 0.000000 0.568815 0.000000 0.822465 0.691392 0.691392 0.691392
3559.428467 0.000000 2656.071777 0.000000 0.882621 0.000000 -0.470085 1.129509 1.129509 1.129509
3569.031006 0.000000 2685.241943 0.000000 0.502309 0.000000 -0.864688 1.365080 1.365080 1.365080
3569.941895 0.000000 2665.781738 0.000000 0.970845 0.000000 -0.239710 1.099715 1.099715 1.099715
3581.090332 0.000000 2658.494141 0.000000 0.963586 0.000000 0.267398 0.910119 0.910119 0.910119
3571.722168 0.000000 2685.002930 0.000000 0.953495 0.000000 0.301410 0.944965 0.944965 0.944965
3565.136475 0.000000 2651.720703 0.000000 0.885891 0.000000 0.463894 0.879570 0.879570 0.879570
3528.376221 0.000000 2638.723145 0.000000 0.818776 0.000000 0.574113 0.835118 0.835118 0.835118
3586.946777 0.000000 2659.394775 0.000000 0.810004 0.000000 -0.586424 1.093866 1.093866 1.093866
3561.987549 0.000000 2653.846191 0.000000 0.694574 0.000000 -0.719422 1.304707 1.304707 1.304707
3581.921875 0.000000 2659.452637 0.000000 0.963657 0.000000 0.267144 0.910207 0.910207 0.910207
3582.834229 0.000000 2649.656982 0.000000 0.787827 0.000000 0.615896 0.776370 0.776370 0.776370
3586.866211 0.000000 2685.929443 0.000000 0.896785 0.000000 0.442467 0.872984 0.872984 0.872984
3586.893311 0.000000 2648.512939 0.000000 0.018377 0.000000 0.999831 0.705448 0.705448 0.705448
3528.820557 0.000000 2639.987793 0.000000 0.714696 0.000000 0.699436 0.791145 0.791145 0.791145
3529.197266 0.000000 2657.256592 0.000000 0.939877 0.000000 -0.341512 1.142698 1.142698 1.142698
3568.102783 0.000000 2664.435547 0.000000 0.270443 0.000000 -0.962736 1.534250 1.534250 1.534250
3583.014160 0.000000 2659.263916 0.000000 0.993001 0.000000 0.118103 0.941778 0.941778 0.941778
3529.629150 0.000000 2641.728516 0.000000 0.914217 0.000000 -0.405225 1.215616 1.215616 1.215616
3569.646240 0.000000 2684.046875 0.000000 0.583432 0.000000 -0.812162 1.331289 1.331289 1.331289
3567.755615 0.000000 2662.812500 0.000000 0.337836 0.000000 0.941205 0.372451 0.372451 0.372451
3571.200684 0.000000 2679.364990 0.000000 0.591484 0.000000 0.806316 0.747117 0.747117 0.747117
3569.381348 0.000000 2664.365967 0.000000 0.129047 0.000000 -0.991638 1.593752 1.593752 1.593752
3559.568848 0.000000 2658.205322 0.000000 0.985913 0.000000 -0.167259 1.033144 1.033144 1.033144
3566.241699 0.000000 2664.359619 0.000000 0.862853 0.000000 0.505455 0.704983 0.704983 0.704983
3585.353516 0.000000 2658.145996 0.000000 0.741022 0.000000 -0.671480 1.358404 1.358404 1.358404
3578.472168 0.000000 2646.697266 0.000000 0.970756 0.000000 -0.240070 1.052052 1.052052 1.052052
3577.387451 0.000000 2646.565674 0.000000 0.990232 0.000000 0.139433 0.964378 0.964378 0.964378
3586.799316 0.000000 2687.052979 0.000000 0.052253 0.000000 0.998634 0.514745 0.514745 0.514745
3568.016113 0.000000 2684.975586 0.000000 0.275431 0.000000 -0.961321 1.451491 1.451491 1.451491
3576.099854 0.000000 2648.905029 0.000000 0.178292 0.000000 -0.983978 1.396043 1.396043 1.396043
3569.106689 0.000000 2682.101318 0.000000 0.380445 0.000000 -0.924803 1.389033 1.389033 1.389033
3588.028809 0.000000 2647.179443 0.000000 0.757725 0.000000 -0.652574 1.294648 1.294648 1.294648
3564.679443 0.000000 2650.653076 0.000000 0.355074 0.000000 -0.934838 1.301534 1.301534 1.301534
3575.589355 0.000000 2646.955078 0.000000 0.999138 0.000000 0.041520 0.986210 0.986210 0.986210
3578.137451 0.000000 2649.131104 0.000000 0.829894 0.000000 -0.557922 1.231992 1.231992 1.231992
3566.626709 0.000000 2662.954590 0.000000 0.533338 0.000000 -0.845902 1.516017 1.516017 1.516017
3535.392334 0.000000 2643.104248 0.000000 0.893488 0.000000 -0.449088 1.155809 1.155809 1.155809
3534.649170 0.000000 2643.894775 0.000000 0.956234 0.000000 -0.292603 1.099340 1.099340 1.099340
3563.167969 0.000000 2650.860107 0.000000 0.998605 0.000000 0.052807 0.981798 0.981798 0.981798
3570.535889 0.000000 2677.754395 0.000000 0.456090 0.000000 0.889934 0.726079 0.726079 0.726079
3528.498535 0.000000 2656.231934 0.000000 0.739914 0.000000 0.672702 0.697897 0.697897 0.697897
3568.383789 0.000000 2667.345215 0.000000 0.431519 0.000000 -0.902104 1.314459 1.314459 1.314459
3567.929688 0.000000 2665.524658 0.000000 0.331475 0.000000 0.943464 0.313590 0.313590 0.313590
3527.784424 0.000000 2641.413330 0.000000 0.514634 0.000000 0.857410 0.423876 0.423876 0.423876
3570.292725 0.000000 2676.448975 0.000000 0.981167 0.000000 -0.193159 1.048528 1.048528 1.048528
3577.044189 0.000000 2648.129883 0.000000 0.544260 0.000000 -0.838917 1.283266 1.283266 1.283266
3558.701416 0.000000 2655.401611 0.000000 0.120490 0.000000 -0.992714 1.365623 1.365623 1.365623
3566.101318 0.000000 2665.933838 0.000000 0.683481 0.000000 0.729968 0.544441 0.544441 0.544441
3569.509277 0.000000 2679.155029 0.000000 0.848372 0.000000 -0.529400 1.150423 1.150423 1.150423
3568.753906 0.000000 2683.169922 0.000000 0.803585 0.000000 0.595190 0.789915 0.789915 0.789915
3579.935303 0.000000 2648.592285 0.000000 0.074939 0.000000 -0.997188 1.586286 1.586286 1.586286
3585.105225 0.000000 2649.534668 0.000000 0.782443 0.000000 -0.622722 1.245020 1.245020 1.245020
3569.290039 0.000000 2680.492188 0.000000 0.987430 0.000000 -0.158059 1.050722 1.050722 1.050722
3560.480225 0.000000 2652.560791 0.000000 0.582089 0.000000 0.813125 0.639688 0.639688 0.639688
3561.206787 0.000000 2654.907227 0.000000 0.846586 0.000000 -0.532251 1.169546 1.169546 1.169546
3568.926025 0.000000 2666.244873 0.000000 0.754708 0.000000 -0.656061 1.200088 1.200088 1.200088
3565.120605 0.000000 2649.840576 0.000000 0.791503 0.000000 0.611166 0.821070 0.821070 0.821070
3579.056396 0.000000 2649.342041 0.000000 0.996210 0.000000 0.086984 0.965863 0.965863 0.965863
3569.895996 0.000000 2684.913818 0.000000 0.887920 0.000000 -0.459998 1.167067 1.167067 1.167067
3568.230225 0.000000 2678.995605 0.000000 0.753588 0.000000 0.657347 0.806598 0.806598 0.806598
3528.023682 0.000000 2640.525391 0.000000 0.875704 0.000000 0.482848 0.739590 0.739590 0.739590
3584.881592 0.000000 2659.259033 0.000000 0.165813 0.000000 0.986157 0.316391 0.316391 0.316391
3582.448242 0.000000 2648.799561 0.000000 0.838054 0.000000 -0.545587 1.194499 1.194499 1.194499
3583.643799 0.000000 2649.227295 0.000000 0.739113 0.000000 0.673581 0.750917 0.750917 0.750917
3560.246338 0.000000 2654.751709 0.000000 0.470008 0.000000 -0.882662 1.326701 1.326701 1.326701
3532.888428 0.000000 2641.091797 0.000000 0.360845 0.000000 0.932626 0.529014 0.529014 0.529014
3561.466309 0.000000 2655.875732 0.000000 0.974607 0.000000 0.223920 0.931779 0.931779 0.931779
3567.290771 0.000000 2664.727539 0.000000 0.736809 0.000000 0.676101 0.586652 0.586652 0.586652
3583.770264 0.000000 2659.699463 0.000000 0.991491 0.000000 0.130174 0.935796 0.935796 0.935796
3589.628174 0.000000 2646.991211 0.000000 0.336538 0.000000 0.941670 0.491267 0.491267 0.491267
3531.958252 0.000000 2640.994873 0.000000 0.585500 0.000000 0.810672 0.532723 0.532723 0.532723
3575.292725 0.000000 2647.968506 0.000000 0.989012 0.000000 0.147834 0.950733 0.950733 0.950733
3578.213867 0.000000 2648.280762 0.000000 0.201657 0.000000 0.979456 0.463900 0.463900 0.463900
3567.956787 0.000000 2663.636719 0.000000 0.198129 0.000000 0.980176 0.298155 0.298155 0.298155
3531.277344 0.000000 2640.320068 0.000000 0.025316 0.000000 -0.999680 1.763955 1.763955 1.763955
3585.449707 0.000000 2659.824707 0.000000 0.210687 0.000000 -0.977554 1.661363 1.661363 1.661363
3623.196289 0.000000 2680.155029 0.000000 0.806225 0.000000 -0.591609 1.072701 1.072701 1.072701
3627.731201 0.000000 2669.572510 0.000000 0.813252 0.000000 0.581912 0.768968 0.768968 0.768968
3632.443604 0.000000 2679.615479 0.000000 0.643978 0.000000 -0.765044 1.106564 1.106564 1.106564
3639.734131 0.000000 2654.613525 0.000000 0.882120 0.000000 0.471025 0.853068 0.853068 0.853068
3638.984375 0.000000 2665.554443 0.000000 0.654685 0.000000 -0.755902 1.062049 1.062049 1.062049
3630.318848 0.000000 2664.237061 0.000000 0.719680 0.000000 -0.694306 1.122623 1.122623 1.122623
3629.243896 0.000000 2657.834229 0.000000 0.256088 0.000000 0.966654 0.570971 0.570971 0.570971
3637.147705 0.000000 2677.891113 0.000000 0.998652 0.000000 -0.051908 1.028652 1.028652 1.028652
3616.684326 0.000000 2668.578613 0.000000 0.222839 0.000000 -0.974855 1.383100 1.383100 1.383100
3653.802490 0.000000 2653.515869 0.000000 0.052809 0.000000 -0.998605 1.466129 1.466129 1.466129
3640.860352 0.000000 2669.611572 0.000000 0.137627 0.000000 0.990484 0.517121 0.517121 0.517121
3643.460449 0.000000 2672.772949 0.000000 0.996174 0.000000 -0.087390 1.019879 1.019879 1.019879
3624.411377 0.000000 2683.975830 0.000000 0.992765 0.000000 -0.120073 1.025542 1.025542 1.025542
3628.048584 0.000000 2679.767334 0.000000 0.943308 0.000000 0.331919 0.961990 0.961990 0.961990
3630.139160 0.000000 2672.685059 0.000000 0.469379 0.000000 -0.882997 1.253968 1.253968 1.253968
3637.362061 0.000000 2657.768311 0.000000 0.748485 0.000000 0.663152 0.902257 0.902257 0.902257
3631.127441 0.000000 2667.790039 0.000000 0.961098 0.000000 0.276206 0.897299 0.897299 0.897299
3655.713623 0.000000 2656.694336 0.000000 0.220078 0.000000 0.975482 0.542006 0.542006 0.542006
3628.253906 0.000000 2661.197998 0.000000 0.314978 0.000000 -0.949099 1.343375 1.343375 1.343375
3628.704590 0.000000 2654.510986 0.000000 0.795896 0.000000 0.605433 0.878235 0.878235 0.878235
3630.393066 0.000000 2681.926025 0.000000 0.257112 0.000000 0.966382 0.522232 0.522232 0.522232
3636.275879 0.000000 2672.407959 0.000000 0.689891 0.000000 0.723913 0.803977 0.803977 0.803977
3631.219971 0.000000 2661.480225 0.000000 0.898354 0.000000 -0.439272 1.116946 1.116946 1.116946
3615.678223 0.000000 2641.654541 0.000000 0.300860 0.000000 0.953668 0.807323 0.807323 0.807323
3625.932617 0.000000 2681.640137 0.000000 0.919234 0.000000 0.393712 0.828254 0.828254 0.828254
3636.829102 0.000000 2654.408691 0.000000 0.483284 0.000000 -0.875464 1.191686 1.191686 1.191686
3628.443604 0.000000 2666.853760 0.000000 0.996620 0.000000 -0.082155 1.033470 1.033470 1.033470
3650.291504 0.000000 2651.846924 0.000000 0.957597 0.000000 -0.288109 1.043048 1.043048 1.043048
3634.437500 0.000000 2677.385986 0.000000 0.085988 0.000000 -0.996296 1.496688 1.496688 1.496688
3636.158691 0.000000 2675.335205 0.000000 0.611964 0.000000 0.790886 0.674319 0.674319 0.674319
3635.226807 0.000000 2679.934326 0.000000 0.947848 0.000000 -0.318722 1.019436 1.019436 1.019436
3638.412598 0.000000 2652.312988 0.000000 0.121858 0.000000 -0.992548 1.401441 1.401441 1.401441
3632.678711 0.000000 2665.527832 0.000000 0.569218 0.000000 -0.822186 1.361466 1.361466 1.361466
3633.544434 0.000000 2681.989502 0.000000 0.729691 0.000000 0.683777 0.687967 0.687967 0.687967
3622.231934 0.000000 2682.383301 0.000000 0.151092 0.000000 -0.988520 1.088573 1.088573 1.088573
3630.087891 0.000000 2670.098633 0.000000 0.035406 0.000000 -0.999373 1.582640 1.582640 1.582640
3639.689697 0.000000 2657.765625 0.000000 0.823065 0.000000 0.567947 0.778333 0.778333 0.778333
3628.010498 0.000000 2663.619141 0.000000 0.229693 0.000000 0.973263 0.893025 0.893025 0.893025
3640.971436 0.000000 2671.984131 0.000000 0.597696 0.000000 0.801723 0.672567 0.672567 0.672567
3643.263428 0.000000 2670.472412 0.000000 0.350227 0.000000 -0.936665 1.175640 1.175640 1.175640
3630.237305 0.000000 2679.186523 0.000000 0.565814 0.000000 0.824533 0.903196 0.903196 0.903196
3627.222656 0.000000 2656.151123 0.000000 0.986010 0.000000 -0.166684 1.028848 1.028848 1.028848
3616.759033 0.000000 2666.176758 0.000000 0.024451 0.000000 -0.999701 1.200747 1.200747 1.200747
3625.700195 0.000000 2679.465820 0.000000 0.130592 0.000000 -0.991436 1.661407 1.661407 1.661407
3632.169434 0.000000 2669.817383 0.000000 0.640148 0.000000 0.768251 0.757216 0.757216 0.757216
3633.329590 0.000000 2667.799072 0.000000 0.489514 0.000000 -0.871995 1.415187 1.415187 1.415187
3627.532227 0.000000 2659.041504 0.000000 0.981453 0.000000 -0.191705 1.010595 1.010595 1.010595
3653.782227 0.000000 2655.731934 0.000000 0.858385 0.000000 0.513006 0.841308 0.841308 0.841308
3638.321533 0.000000 2659.693604 0.000000 0.649835 0.000000 -0.760076 1.163825 1.163825 1.163825
3626.347168 0.000000 2667.355225 0.000000 0.534674 0.000000 0.845059 0.864287 0.864287 0.864287
3638.169434 0.000000 2655.916016 0.000000 0.734495 0.000000 -0.678614 1.223453 1.223453 1.223453
3639.375244 0.000000 2667.631104 0.000000 0.863348 0.000000 -0.504609 1.217882 1.217882 1.217882
3637.240723 0.000000 2680.005859 0.000000 0.185386 0.000000 0.982666 0.512697 0.512697 0.512697
3614.649170 0.000000 2668.223877 0.000000 0.921846 0.000000 0.387557 0.911572 0.911572 0.911572
3632.161865 0.000000 2663.608887 0.000000 0.901594 0.000000 0.432584 0.889432 0.889432 0.889432
3637.384766 0.000000 2666.663574 0.000000 0.045133 0.000000 0.998981 0.691483 0.691483 0.691483
3634.457031 0.000000 2672.965088 0.000000 0.982849 0.000000 -0.184414 1.019911 1.019911 1.019911
3615.062012 0.000000 2639.764648 0.000000 0.625608 0.000000 -0.780138 1.417782 1.417782 1.417782
3655.474854 0.000000 2654.793213 0.000000 0.049345 0.000000 -0.998782 1.440606 1.440606 1.440606
3630.141846 0.000000 2666.097168 0.000000 0.998655 0.000000 0.051841 0.980966 0.980966 0.980966
3624.142578 0.000000 2682.011230 0.000000 0.990794 0.000000 -0.135379 1.028817 1.028817 1.028817
3636.078613 0.000000 2665.162109 0.000000 0.370184 0.000000 0.928959 0.553771 0.553771 0.553771
3641.779541 0.000000 2673.645752 0.000000 0.942347 0.000000 0.334637 0.942073 0.942073 0.942073
3629.530518 0.000000 2662.514648 0.000000 0.982139 0.000000 -0.188158 1.015122 1.015122 1.015122
3636.301758 0.000000 2656.277344 0.000000 0.887407 0.000000 -0.460987 1.064590 1.064590 1.064590
3651.579102 0.000000 2653.253662 0.000000 0.994692 0.000000 0.102901 0.964228 0.964228 0.964228
3637.329834 0.000000 2673.907959 0.000000 0.280149 0.000000 -0.959957 1.311630 1.311630 1.311630
3629.437012 0.000000 2668.399170 0.000000 0.338545 0.000000 0.940950 0.834796 0.834796 0.834796
3629.307373 0.000000 2659.828857 0.000000 0.385124 0.000000 0.922865 0.369066 0.369066 0.369066
3602.456299 0.000000 2674.701660 0.000000 0.897534 0.000000 0.440945 0.752609 0.752609 0.752609
3631.263428 0.000000 2671.332275 0.000000 0.013438 0.000000 0.999910 0.409021 0.409021 0.409021
3637.528076 0.000000 2681.676270 0.000000 0.998018 0.000000 0.062925 0.977835 0.977835 0.977835
3631.750732 0.000000 2678.087646 0.000000 0.896599 0.000000 -0.442842 1.045813 1.045813 1.045813
3623.619141 0.000000 2678.516846 0.000000 0.956434 0.000000 0.291949 0.973373 0.973373 0.973373
3629.424072 0.000000 2680.636230 0.000000 0.065086 0.000000 -0.997880 1.473629 1.473629 1.473629
3639.242676 0.000000 2669.525146 0.000000 0.751967 0.000000 -0.659201 1.170706 1.170706 1.170706
3613.666260 0.000000 2638.641113 0.000000 0.138459 0.000000 0.990368 0.395861 0.395861 0.395861
3650.392578 0.000000 2650.094238 0.000000 0.967653 0.000000 0.252284 0.962434 0.962434 0.962434
3633.979492 0.000000 2679.002686 0.000000 0.997210 0.000000 0.074642 0.990860 0.990860 0.990860
3631.186035 0.000000 2680.533691 0.000000 0.972068 0.000000 -0.234701 1.086353 1.086353 1.086353
3626.247314 0.000000 2669.044678 0.000000 0.549777 0.000000 -0.835311 1.367782 1.367782 1.367782
3634.621094 0.000000 2675.774658 0.000000 0.557454 0.000000 -0.830208 1.259204 1.259204 1.259204
3635.894287 0.000000 2676.933105 0.000000 0.021752 0.000000 -0.999763 1.518213 1.518213 1.518213
3638.307373 0.000000 2654.013916 0.000000 0.489636 0.000000 0.871927 0.682701 0.682701 0.682701
3636.742432 0.000000 2652.854248 0.000000 0.275748 0.000000 0.961230 0.658244 0.658244 0.658244
3633.707764 0.000000 2680.486084 0.000000 0.961853 0.000000 0.273566 0.885163 0.885163 0.885163
3635.656006 0.000000 2673.870605 0.000000 0.285436 0.000000 -0.958398 1.137553 1.137553 1.137553
3634.921875 0.000000 2681.427734 0.000000 0.547440 0.000000 0.836845 0.794549 0.794549 0.794549
3617.954590 0.000000 2669.305176 0.000000 0.012553 0.000000 0.999921 0.556514 0.556514 0.556514
3624.782227 0.000000 2680.684570 0.000000 0.983640 0.000000 -0.180146 1.076876 1.076876 1.076876
3615.711670 0.000000 2667.204102 0.000000 0.472679 0.000000 -0.881234 1.201934 1.201934 1.201934
3640.061768 0.000000 2670.854492 0.000000 0.953180 0.000000 0.302405 0.891856 0.891856 0.891856
3637.607666 0.000000 2665.156982 0.000000 0.741124 0.000000 0.671368 0.724361 0.724361 0.724361
3641.852051 0.000000 2670.744629 0.000000 0.511383 0.000000 -0.859353 1.363983 1.363983 1.363983
3631.623047 0.000000 2673.071533 0.000000 0.993361 0.000000 0.115039 0.972943 0.972943 0.972943
3603.308105 0.000000 2675.969238 0.000000 0.084439 0.000000 -0.996429 1.805181 1.805181 1.805181
3627.643066 0.000000 2668.106689 0.000000 0.976883 0.000000 -0.213776 1.080140 1.080140 1.080140
3628.645996 0.000000 2656.505371 0.000000 0.744916 0.000000 0.667158 0.761128 0.761128 0.761128
3627.626953 0.000000 2657.549072 0.000000 0.932995 0.000000 0.359890 0.936582 0.936582 0.936582
3614.306641 0.000000 2641.138672 0.000000 0.247199 0.000000 0.968965 0.798824 0.798824 0.798824
3627.171387 0.000000 2680.876465 0.000000 0.666416 0.000000 -0.745580 1.151244 1.151244 1.151244
3627.138672 0.000000 2671.379883 0.000000 0.601671 0.000000 0.798744 0.831383 0.831383 0.831383
3639.547119 0.000000 2653.163086 0.000000 0.858921 0.000000 -0.512108 1.148988 1.148988 1.148988
3636.218018 0.000000 2680.972900 0.000000 0.496690 0.000000 0.867928 0.630029 0.630029 0.630029
3632.366943 0.000000 2681.272461 0.000000 0.929395 0.000000 0.369086 0.843336 0.843336 0.843336
3633.413574 0.000000 2664.315430 0.000000 0.359710 0.000000 -0.933064 1.450442 1.450442 1.450442
3632.207520 0.000000 2666.837646 0.000000 0.641907 0.000000 0.766783 0.657501 0.657501 0.657501
3627.179932 0.000000 2666.259033 0.000000 0.484097 0.000000 0.875014 0.856361 0.856361 0.856361
3631.295410 0.000000 2665.250244 0.000000 0.657171 0.000000 -0.753741 1.136409 1.136409 1.136409
3630.970459 0.000000 2662.912598 0.000000 0.463505 0.000000 0.886094 0.344874 0.344874 0.344874
3633.400146 0.000000 2670.822021 0.000000 0.964159 0.000000 0.265325 0.962456 0.962456 0.962456
3629.825439 0.000000 2661.166260 0.000000 0.254933 0.000000 0.966959 0.639418 0.639418 0.639418
3625.312500 0.000000 2682.939697 0.000000 0.956748 0.000000 -0.290918 1.062641 1.062641 1.062641
3640.634521 0.000000 2668.283203 0.000000 0.602524 0.000000 0.798101 0.688534 0.688534 0.688534
3642.618896 0.000000 2671.791504 0.000000 0.922603 0.000000 -0.385750 1.057344 1.057344 1.057344
3638.488770 0.000000 2658.409912 0.000000 0.343536 0.000000 -0.939139 1.231502 1.231502 1.231502
3631.017334 0.000000 2669.141357 0.000000 0.049500 0.000000 -0.998774 1.334219 1.334219 1.334219
3640.427734 0.000000 2673.916260 0.000000 0.668229 0.000000 -0.743956 1.142428 1.142428 1.142428
3633.507324 0.000000 2666.519043 0.000000 0.985940 0.000000 -0.167098 1.065804 1.065804 1.065804
3651.397217 0.000000 2650.908936 0.000000 0.227973 0.000000 -0.973667 1.197495 1.197495 1.197495
3653.036621 0.000000 2654.561035 0.000000 0.336529 0.000000 0.941673 0.638367 0.638367 0.638367
3650.533203 0.000000 2653.966797 0.000000 0.983429 0.000000 -0.181292 1.063262 1.063262 1.063262
3639.524658 0.000000 2659.191895 0.000000 0.763833 0.000000 -0.645414 1.133113 1.133113 1.133113
3632.221436 0.000000 2668.433594 0.000000 0.892241 0.000000 0.451560 0.870167 0.870167 0.870167
3637.095703 0.000000 2676.493164 0.000000 0.971375 0.000000 -0.237551 1.132331 1.132331 1.132331
3636.819580 0.000000 2667.777832 0.000000 0.703803 0.000000 -0.710395 1.159766 1.159766 1.159766
3625.875000 0.000000 2678.218262 0.000000 0.895667 0.000000 -0.444725 1.211706 1.211706 1.211706
3632.226562 0.000000 2662.237549 0.000000 0.961553 0.000000 -0.274618 1.068758 1.068758 1.068758
3638.582031 0.000000 2657.137207 0.000000 0.337323 0.000000 -0.941389 1.450199 1.450199 1.450199
3633.253662 0.000000 2669.178955 0.000000 0.501898 0.000000 0.864927 0.710412 0.710412 0.710412
3633.656982 0.000000 2663.120605 0.000000 0.692918 0.000000 -0.721016 1.199029 1.199029 1.199029
3624.474854 0.000000 2679.445068 0.000000 0.465305 0.000000 -0.885150 1.499246 1.499246 1.499246
3630.201416 0.000000 2673.931152 0.000000 0.598032 0.000000 -0.801472 1.218190 1.218190 1.218190
3629.896240 0.000000 2654.932129 0.000000 0.996410 0.000000 -0.084661 1.015871 1.015871 1.015871
3627.599365 0.000000 2655.006836 0.000000 0.952791 0.000000 0.303628 0.950708 0.950708 0.950708
3615.237061 0.000000 2666.058594 0.000000 0.988382 0.000000 -0.151987 1.028569 1.028569 1.028569
3638.142578 0.000000 2667.655273 0.000000 0.402109 0.000000 -0.915592 1.476594 1.476594 1.476594
3637.807617 0.000000 2678.873047 0.000000 0.857188 0.000000 -0.515004 1.208002 1.208002 1.208002
3629.858154 0.000000 2667.275635 0.000000 0.951612 0.000000 0.307303 0.872890 0.872890 0.872890
3652.920898 0.000000 2652.724121 0.000000 0.443435 0.000000 -0.896307 1.341274 1.341274 1.341274
3636.616699 0.000000 2678.941162 0.000000 0.999654 0.000000 0.026297 0.989888 0.989888 0.989888
3612.539795 0.000000 2638.888428 0.000000 0.490556 0.000000 -0.871410 1.446417 1.446417 1.446417
3628.343262 0.000000 2681.145508 0.000000 0.207134 0.000000 -0.978313 1.428486 1.428486 1.428486
3654.336670 0.000000 2654.619873 0.000000 0.994849 0.000000 0.101369 0.970593 0.970593 0.970593
3615.549072 0.000000 2669.042969 0.000000 0.556751 0.000000 0.830679 0.782178 0.782178 0.782178
3639.310791 0.000000 2656.114990 0.000000 0.146534 0.000000 0.989206 0.477501 0.477501 0.477501
3630.871094 0.000000 2660.327637 0.000000 0.971655 0.000000 -0.236405 1.061371 1.061371 1.061371
3634.547852 0.000000 2674.218750 0.000000 0.500986 0.000000 -0.865455 1.276823 1.276823 1.276823
3628.744629 0.000000 2658.843750 0.000000 0.059811 0.000000 0.998210 0.188986 0.188986 0.188986
3629.946045 0.000000 2658.709473 0.000000 0.231964 0.000000 -0.972724 1.717484 1.717484 1.717484
3654.606445 0.000000 2656.517090 0.000000 0.265530 0.000000 0.964103 0.557917 0.557917 0.557917
3638.704102 0.000000 2666.673096 0.000000 0.558606 0.000000 -0.829433 1.402906 1.402906 1.402906
3626.041504 0.000000 2680.512451 0.000000 0.240829 0.000000 -0.970568 1.238634 1.238634 1.238634
3637.162598 0.000000 2655.460205 0.000000 0.999142 0.000000 0.041427 0.992551 0.992551 0.992551
3655.231689 0.000000 2657.696045 0.000000 0.968302 0.000000 0.249781 0.914284 0.914284 0.914284
3651.436035 0.000000 2652.068848 0.000000 0.853812 0.000000 -0.520582 1.190005 1.190005 1.190005
3641.741943 0.000000 2668.098389 0.000000 0.062949 0.000000 0.998017 0.491818 0.491818 0.491818
3637.298584 0.000000 2675.178467 0.000000 0.517413 0.000000 -0.855736 1.366635 1.366635 1.366635
3636.382324 0.000000 2666.218750 0.000000 0.121081 0.000000 0.992643 0.706898 0.706898 0.706898
3631.163330 0.000000 2670.238525 0.000000 0.846468 0.000000 0.532439 0.786932 0.786932 0.786932
3631.180908 0.000000 2666.493896 0.000000 0.997967 0.000000 -0.063737 1.023407 1.023407 1.023407
3626.897949 0.000000 2670.229980 0.000000 0.334199 0.000000 0.942502 0.775828 0.775828 0.775828
3628.213135 0.000000 2659.864746 0.000000 0.773890 0.000000 0.633320 0.631872 0.631872 0.631872
3638.749268 0.000000 2668.604248 0.000000 0.437837 0.000000 0.899054 0.734935 0.734935 0.734935
3650.580566 0.000000 2652.928467 0.000000 0.361663 0.000000 0.932309 0.583317 0.583317 0.583317
3638.766846 0.000000 2655.000244 0.000000 0.734154 0.000000 0.678982 0.776396 0.776396 0.776396
3631.361572 0.000000 2681.543945 0.000000 0.958772 0.000000 -0.284178 1.105029 1.105029 1.105029
3614.684570 0.000000 2638.789307 0.000000 0.737031 0.000000 -0.675859 1.346467 1.346467 1.346467
3637.763672 0.000000 2653.149902 0.000000 0.009061 0.000000 -0.999959 1.413288 1.413288 1.413288
3652.545898 0.000000 2653.674072 0.000000 0.825743 0.000000 -0.564047 1.184024 1.184024 1.184024
3642.793213 0.000000 2673.554199 0.000000 0.112115 0.000000 0.993695 0.668662 0.668662 0.668662
3603.374023 0.000000 2674.251221 0.000000 0.993542 0.000000 -0.113468 1.061604 1.061604 1.061604
3629.144775 0.000000 2666.045166 0.000000 0.185455 0.000000 0.982653 0.436692 0.436692 0.436692
3655.378418 0.000000 2655.775146 0.000000 0.205169 0.000000 0.978727 0.604940 0.604940 0.604940
3628.593262 0.000000 2667.856689 0.000000 0.512337 0.000000 -0.858784 1.420322 1.420322 1.420322
3635.306885 0.000000 2674.857178 0.000000 0.205809 0.000000 -0.978592 1.360830 1.360830 1.360830
3614.072998 0.000000 2639.614746 0.000000 0.871596 0.000000 -0.490225 1.239192 1.239192 1.239192
3636.109375 0.000000 2653.739258 0.000000 0.946885 0.000000 0.321571 0.913362 0.913362 0.913362
3630.368408 0.000000 2662.000977 0.000000 0.153429 0.000000 -0.988160 1.852419 1.852419 1.852419
3602.353760 0.000000 2675.763184 0.000000 0.269180 0.000000 0.963090 0.296669 0.296669 0.296669
3624.735596 0.000000 2678.499268 0.000000 0.972463 0.000000 -0.233057 1.108052 1.108052 1.108052
3632.309326 0.000000 2664.580811 0.000000 0.590787 0.000000 -0.806828 1.351550 1.351550 1.351550
3637.102295 0.000000 2672.955811 0.000000 0.605775 0.000000 0.795636 0.777194 0.777194 0.777194
3639.708008 0.000000 2668.687744 0.000000 0.480072 0.000000 0.877229 0.746212 0.746212 0.746212
3636.181885 0.000000 2679.845703 0.000000 0.574538 0.000000 0.818478 0.631388 0.631388 0.631388
3615.631592 0.000000 2638.937256 0.000000 0.967150 0.000000 0.254205 0.880006 0.880006 0.880006
3630.097900 0.000000 2663.270996 0.000000 0.859644 0.000000 0.510894 0.677371 0.677371 0.677371
3629.729492 0.000000 2657.035156 0.000000 0.811844 0.000000 0.583874 0.796088 0.796088 0.796088
3636.502930 0.000000 2674.396973 0.000000 0.855843 0.000000 0.517236 0.805925 0.805925 0.805925
3630.249756 0.000000 2680.194336 0.000000 0.565002 0.000000 -0.825089 1.353692 1.353692 1.353692
3636.781494 0.000000 2664.567871 0.000000 0.917919 0.000000 -0.396768 1.152786 1.152786 1.152786
3629.031250 0.000000 2661.711670 0.000000 0.827401 0.000000 -0.561612 1.163765 1.163765 1.163765
3635.522217 0.000000 2676.043457 0.000000 0.039163 0.000000 -0.999233 1.512385 1.512385 1.512385
3640.993652 0.000000 2671.045654 0.000000 0.103108 0.000000 0.994670 0.483419 0.483419 0.483419
3628.995117 0.000000 2660.673340 0.000000 0.553762 0.000000 0.832675 0.729795 0.729795 0.729795
3632.791504 0.000000 2680.451660 0.000000 0.123385 0.000000 0.992359 0.400284 0.400284 0.400284
3636.633057 0.000000 2681.932617 0.000000 0.999969 0.000000 -0.007913 1.002785 1.002785 1.002785
3639.809082 0.000000 2656.869873 0.000000 0.964331 0.000000 -0.264699 1.098314 1.098314 1.098314
3636.223877 0.000000 2677.770264 0.000000 0.944867 0.000000 -0.327454 1.184064 1.184064 1.184064
3641.498047 0.000000 2668.953613 0.000000 0.722038 0.000000 0.691854 0.742488 0.742488 0.742488
3627.126221 0.000000 2668.922363 0.000000 0.235785 0.000000 -0.971805 1.495771 1.495771 1.495771
3635.282715 0.000000 2677.556885 0.000000 0.872804 0.000000 -0.488071 1.170573 1.170573 1.170573
3628.394043 0.000000 2658.029297 0.000000 0.883453 0.000000 -0.468520 1.261731 1.261731 1.261731
3630.250488 0.000000 2681.071045 0.000000 0.980054 0.000000 0.198733 0.927077 0.927077 0.927077
3639.989990 0.000000 2655.468506 0.000000 0.997885 0.000000 0.065006 0.980511 0.980511 0.980511
3633.517822 0.000000 2665.220459 0.000000 0.915844 0.000000 -0.401534 1.154733 1.154733 1.154733
3630.509033 0.000000 2670.893799 0.000000 0.981832 0.000000 0.189754 0.927554 0.927554 0.927554
3634.875977 0.000000 2676.640625 0.000000 0.399211 0.000000 -0.916859 1.388111 1.388111 1.388111
3624.053467 0.000000 2680.196533 0.000000 0.998880 0.000000 0.047307 0.979915 0.979915 0.979915
3626.789551 0.000000 2668.109863 0.000000 0.884581 0.000000 -0.466387 1.180488 1.180488 1.180488
3641.791992 0.000000 2671.592773 0.000000 0.339092 0.000000 -0.940753 1.431162 1.431162 1.431162
3640.054443 0.000000 2669.967773 0.000000 0.999215 0.000000 0.039607 0.986648 0.986648 0.986648
3654.431396 0.000000 2657.416992 0.000000 0.310116 0.000000 -0.950699 1.426274 1.426274 1.426274
3603.206299 0.000000 2675.110840 0.000000 0.056774 0.000000 0.998387 0.179793 0.179793 0.179793
3637.648438 0.000000 2677.125000 0.000000 0.716838 0.000000 -0.697239 1.425687 1.425687 1.425687
3612.483154 0.000000 2639.776611 0.000000 0.830021 0.000000 -0.557732 1.249627 1.249627 1.249627
3613.264648 0.000000 2639.377197 0.000000 0.829304 0.000000 -0.558798 1.250170 1.250170 1.250170
3637.115479 0.000000 2665.836914 0.000000 0.768233 0.000000 0.640170 0.739840 0.739840 0.739840
3633.214111 0.000000 2681.163330 0.000000 0.998987 0.000000 0.044991 0.981348 0.981348 0.981348
3631.971680 0.000000 2680.314941 0.000000 0.657480 0.000000 -0.753472 1.311034 1.311034 1.311034
3631.985840 0.000000 2667.645996 0.000000 0.775409 0.000000 0.631460 0.749185 0.749185 0.749185
3636.339600 0.000000 2676.158203 0.000000 0.892642 0.000000 0.450766 0.741995 0.741995 0.741995
3637.050781 0.000000 2680.881104 0.000000 0.972783 0.000000 0.231719 0.917684 0.917684 0.917684
3801.661133 0.000000 2335.917969 0.000000 0.507456 0.000000 -0.861678 1.049264 1.049264 1.049264
3805.401367 0.000000 2335.529785 0.000000 0.823092 0.000000 -0.567908 1.028649 1.028649 1.028649
3810.321289 0.000000 2353.175049 0.000000 0.000221 0.000000 1.000000 0.819633 0.819633 0.819633
3794.914795 0.000000 2345.412842 0.000000 0.757943 0.000000 0.652321 0.881132 0.881132 0.881132
3798.970459 0.000000 2335.411865 0.000000 0.403941 0.000000 0.914785 0.950981 0.950981 0.950981
3786.628418 0.000000 2354.139160 0.000000 0.071998 0.000000 -0.997405 1.273142 1.273142 1.273142
3812.267090 0.000000 2351.087402 0.000000 0.283867 0.000000 -0.958864 1.147338 1.147338 1.147338
3799.130371 0.000000 2341.140869 0.000000 0.742741 0.000000 -0.669579 1.135536 1.135536 1.135536
3812.846191 0.000000 2346.245850 0.000000 0.990560 0.000000 0.137079 0.983178 0.983178 0.983178
3791.549805 0.000000 2355.871094 0.000000 0.130445 0.000000 -0.991456 1.262433 1.262433 1.262433
3807.858398 0.000000 2336.167236 0.000000 0.335545 0.000000 -0.942024 1.226979 1.226979 1.226979
3800.097656 0.000000 2397.956055 0.000000 0.940908 0.000000 -0.338664 1.063829 1.063829 1.063829
3808.843750 0.000000 2355.433594 0.000000 0.981211 0.000000 0.192936 0.977703 0.977703 0.977703
3794.789307 0.000000 2350.812988 0.000000 0.663029 0.000000 -0.748594 1.050686 1.050686 1.050686
3780.825195 0.000000 2361.005615 0.000000 0.055401 0.000000 0.998464 0.720044 0.720044 0.720044
3794.442139 0.000000 2391.902344 0.000000 0.953140 0.000000 -0.302530 1.056780 1.056780 1.056780
3799.102295 0.000000 2393.292725 0.000000 0.512131 0.000000 0.858907 0.809134 0.809134 0.809134
3783.674072 0.000000 2369.812500 0.000000 0.991903 0.000000 0.126997 0.976474 0.976474 0.976474
3803.815918 0.000000 2398.770020 0.000000 0.979244 0.000000 0.202685 0.976561 0.976561 0.976561
3803.382568 0.000000 2334.405273 0.000000 0.806735 0.000000 0.590913 0.970012 0.970012 0.970012
3796.585938 0.000000 2395.941162 0.000000 0.904671 0.000000 -0.426112 1.081323 1.081323 1.081323
3802.671875 0.000000 2394.604004 0.000000 0.365514 0.000000 0.930806 0.778933 0.778933 0.778933
3782.149658 0.000000 2356.533936 0.000000 0.940744 0.000000 0.339118 0.936082 0.936082 0.936082
3797.746582 0.000000 2358.772217 0.000000 0.500029 0.000000 -0.866009 1.156858 1.156858 1.156858
3784.610107 0.000000 2364.095459 0.000000 0.940175 0.000000 -0.340693 1.064227 1.064227 1.064227
3785.705322 0.000000 2362.024658 0.000000 0.179422 0.000000 -0.983772 1.256868 1.256868 1.256868
3790.923096 0.000000 2360.809326 0.000000 0.951287 0.000000 0.308308 0.942098 0.942098 0.942098
3796.199463 0.000000 2343.521240 0.000000 0.676289 0.000000 -0.736637 1.152984 1.152984 1.152984
3791.714111 0.000000 2365.074463 0.000000 0.999484 0.000000 -0.032136 1.005938 1.005938 1.005938
3789.511475 0.000000 2356.989990 0.000000 0.999043 0.000000 0.043746 0.991916 0.991916 0.991916
3792.026123 0.000000 2373.638428 0.000000 0.695898 0.000000 0.718141 0.867997 0.867997 0.867997
3796.498535 0.000000 2363.660889 0.000000 0.703036 0.000000 0.711155 0.877543 0.877543 0.877543
3797.766602 0.000000 2367.778809 0.000000 0.978618 0.000000 -0.205685 1.032066 1.032066 1.032066
3782.305908 0.000000 2371.740479 0.000000 0.170266 0.000000 -0.985398 1.080371 1.080371 1.080371
3807.653320 0.000000 2397.466553 0.000000 0.942378 0.000000 -0.334549 1.057912 1.057912 1.057912
3793.286865 0.000000 2393.668945 0.000000 0.913563 0.000000 -0.406696 1.024050 1.024050 1.024050
3800.626709 0.000000 2394.647461 0.000000 0.454562 0.000000 -0.890715 1.203019 1.203019 1.203019
3782.153809 0.000000 2367.962891 0.000000 0.404068 0.000000 0.914729 0.786650 0.786650 0.786650
3796.617920 0.000000 2371.687012 0.000000 0.475178 0.000000 0.879889 0.801283 0.801283 0.801283
3788.899170 0.000000 2363.828857 0.000000 0.983405 0.000000 -0.181425 1.033704 1.033704 1.033704
3799.028320 0.000000 2377.821777 0.000000 0.016739 0.000000 -0.999860 1.287103 1.287103 1.287103
3785.659912 0.000000 2365.978027 0.000000 0.337903 0.000000 -0.941181 1.226517 1.226517 1.226517
3799.851807 0.000000 2388.824219 0.000000 0.794201 0.000000 -0.607656 1.120658 1.120658 1.120658
3808.980957 0.000000 2390.830811 0.000000 0.776546 0.000000 0.630060 0.874072 0.874072 0.874072
3796.888672 0.000000 2345.332275 0.000000 0.082991 0.000000 -0.996550 1.274846 1.274846 1.274846
3805.258789 0.000000 2354.528320 0.000000 0.782515 0.000000 0.622631 0.880867 0.880867 0.880867
3786.062744 0.000000 2371.134766 0.000000 0.968212 0.000000 -0.250132 1.046707 1.046707 1.046707
3810.627686 0.000000 2339.793457 0.000000 0.431200 0.000000 -0.902256 1.070214 1.070214 1.070214
3787.734863 0.000000 2369.994629 0.000000 0.511798 0.000000 0.859106 0.809063 0.809063 0.809063
3803.255615 0.000000 2380.994873 0.000000 0.541351 0.000000 0.840797 0.815486 0.815486 0.815486
3785.014404 0.000000 2355.367188 0.000000 0.794015 0.000000 0.607898 0.880917 0.880917 0.880917
3795.432617 0.000000 2387.407471 0.000000 0.251859 0.000000 -0.967764 1.243160 1.243160 1.243160
3798.638428 0.000000 2399.458740 0.000000 0.948822 0.000000 0.315811 0.963100 0.963100 0.963100
3801.585938 0.000000 2369.201416 0.000000 0.954057 0.000000 0.299626 0.980248 0.980248 0.980248
3798.073975 0.000000 2355.044189 0.000000 0.149255 0.000000 0.988799 0.914859 0.914859 0.914859
3792.694092 0.000000 2387.757080 0.000000 0.680350 0.000000 0.732887 0.899376 0.899376 0.899376
3799.196777 0.000000 2337.330078 0.000000 0.500112 0.000000 -0.865961 1.177756 1.177756 1.177756
3808.445801 0.000000 2352.458496 0.000000 0.009843 0.000000 -0.999952 1.284481 1.284481 1.284481
3809.138184 0.000000 2388.187988 0.000000 0.926762 0.000000 -0.375649 1.071144 1.071144 1.071144
3805.019775 0.000000 2337.382812 0.000000 0.852503 0.000000 0.522722 0.898383 0.898383 0.898383
3803.518066 0.000000 2336.273926 0.000000 0.337923 0.000000 -0.941174 1.226513 1.226513 1.226513
3795.409424 0.000000 2383.497314 0.000000 0.988629 0.000000 -0.150377 1.027887 1.027887 1.027887
3795.963379 0.000000 2346.936768 0.000000 0.108381 0.000000 -0.994109 1.244581 1.244581 1.244581
3798.238037 0.000000 2397.369873 0.000000 0.844756 0.000000 0.535152 0.895677 0.895677 0.895677
3804.678223 0.000000 2386.752930 0.000000 0.854511 0.000000 -0.519434 1.100905 1.100905 1.100905
3811.618164 0.000000 2391.002441 0.000000 0.675030 0.000000 0.737790 0.877775 0.877775 0.877775
3808.920410 0.000000 2393.666992 0.000000 0.936404 0.000000 0.350925 0.933758 0.933758 0.933758
3804.107666 0.000000 2395.902100 0.000000 0.999994 0.000000 0.003559 0.999343 0.999343 0.999343
3790.433594 0.000000 2370.229736 0.000000 0.645028 0.000000 -0.764159 1.160679 1.160679 1.160679
3809.610840 0.000000 2396.511230 0.000000 0.991423 0.000000 -0.130692 1.011780 1.011780 1.011780
3806.350098 0.000000 2394.831299 0.000000 0.946296 0.000000 0.323300 0.939179 0.939179 0.939179
3804.624023 0.000000 2375.036133 0.000000 0.882185 0.000000 0.470903 0.909417 0.909417 0.909417
3794.628174 0.000000 2340.909912 0.000000 0.195477 0.000000 0.980708 0.770164 0.770164 0.770164
3791.217773 0.000000 2376.217041 0.000000 0.982116 0.000000 -0.188279 1.029318 1.029318 1.029318
3805.750977 0.000000 2391.791992 0.000000 0.271135 0.000000 0.962541 0.760530 0.760530 0.760530
3801.802246 0.000000 2398.681885 0.000000 0.970386 0.000000 0.241561 0.971982 0.971982 0.971982
3792.629150 0.000000 2354.444092 0.000000 0.709088 0.000000 -0.705120 1.117227 1.117227 1.117227
3803.391113 0.000000 2392.662598 0.000000 0.100951 0.000000 0.994891 0.728486 0.728486 0.728486
3781.678955 0.000000 2362.647461 0.000000 0.227441 0.000000 -0.973792 1.247807 1.247807 1.247807
3801.792725 0.000000 2378.231934 0.000000 0.546574 0.000000 -0.837411 1.183364 1.183364 1.183364
3797.688477 0.000000 2361.355469 0.000000 0.936596 0.000000 0.350412 0.944585 0.944585 0.944585
3797.713623 0.000000 2389.215332 0.000000 0.997090 0.000000 0.076233 0.985903 0.985903 0.985903
3809.463379 0.000000 2375.358643 0.000000 0.280456 0.000000 0.959867 0.894008 0.894008 0.894008
3793.042480 0.000000 2372.108398 0.000000 0.737312 0.000000 0.675552 0.877786 0.877786 0.877786
3800.036133 0.000000 2370.893799 0.000000 0.363134 0.000000 -0.931737 1.221540 1.221540 1.221540
3793.836426 0.000000 2359.568848 0.000000 0.401681 0.000000 -0.915780 1.213832 1.213832 1.213832
3785.793945 0.000000 2358.158691 0.000000 0.656892 0.000000 0.753985 0.842208 0.842208 0.842208
3797.568848 0.000000 2394.492432 0.000000 0.913368 0.000000 0.407134 0.922534 0.922534 0.922534
3782.795166 0.000000 2358.167725 0.000000 0.643569 0.000000 -0.765388 1.161031 1.161031 1.161031
3794.049561 0.000000 2357.807129 0.000000 0.921646 0.000000 0.388033 0.940308 0.940308 0.940308
3784.476562 0.000000 2368.217041 0.000000 0.291573 0.000000 0.956549 0.764464 0.764464 0.764464
3790.392090 0.000000 2379.707275 0.000000 0.998468 0.000000 0.055329 0.991431 0.991431 0.991431
3795.106201 0.000000 2393.889404 0.000000 0.774533 0.000000 0.632534 0.873483 0.873483 0.873483
3801.858398 0.000000 2386.760986 0.000000 0.632164 0.000000 0.774835 0.836233 0.836233 0.836233
3788.090332 0.000000 2365.303223 0.000000 0.982112 0.000000 0.188299 0.965004 0.965004 0.965004
3800.723389 0.000000 2396.326172 0.000000 0.230670 0.000000 -0.973032 1.247194 1.247194 1.247194
3813.838135 0.000000 2350.477539 0.000000 0.705060 0.000000 -0.709147 1.090528 1.090528 1.090528
3799.291992 0.000000 2380.264404 0.000000 0.105024 0.000000 0.994470 0.729242 0.729242 0.729242
3787.798096 0.000000 2358.529541 0.000000 0.054787 0.000000 -0.998498 1.280069 1.280069 1.280069
3807.073486 0.000000 2355.323486 0.000000 0.986557 0.000000 0.163415 0.970903 0.970903 0.970903
3796.564209 0.000000 2385.941650 0.000000 0.492549 0.000000 0.870285 0.804950 0.804950 0.804950
3792.221191 0.000000 2377.753174 0.000000 0.490633 0.000000 0.871366 0.804544 0.804544 0.804544
3782.446777 0.000000 2360.515137 0.000000 0.949204 0.000000 -0.314661 1.059137 1.059137 1.059137
3805.095947 0.000000 2378.558838 0.000000 0.615602 0.000000 0.788057 0.832317 0.832317 0.832317
3810.971191 0.000000 2387.852539 0.000000 0.984339 0.000000 0.176284 0.973898 0.973898 0.973898
3807.541748 0.000000 2337.790283 0.000000 0.353137 0.000000 -0.935572 1.223518 1.223518 1.223518
3801.648682 0.000000 2375.092285 0.000000 0.881530 0.000000 -0.472128 1.090840 1.090840 1.090840
3793.834717 0.000000 2384.071289 0.000000 0.860060 0.000000 0.510193 0.903759 0.903759 0.903759
3809.563232 0.000000 2384.864990 0.000000 0.797842 0.000000 -0.602866 1.119546 1.119546 1.119546
3797.835205 0.000000 2350.803223 0.000000 0.593872 0.000000 -0.804559 1.168056 1.168056 1.168056
3802.882812 0.000000 2354.826904 0.000000 0.148521 0.000000 0.988909 0.747992 0.747992 0.747992
3799.946289 0.000000 2391.835449 0.000000 0.223692 0.000000 -0.974660 1.248518 1.248518 1.248518
3810.219482 0.000000 2351.476318 0.000000 0.298696 0.000000 0.954348 0.769006 0.769006 0.769006
3790.749268 0.000000 2358.159424 0.000000 0.081234 0.000000 -0.996695 1.275172 1.275172 1.275172
3796.690918 0.000000 2360.086670 0.000000 0.974149 0.000000 -0.225905 1.035271 1.035271 1.035271
3799.156006 0.000000 2383.729492 0.000000 0.665158 0.000000 0.746703 0.844243 0.844243 0.844243
3797.835205 0.000000 2391.964111 0.000000 0.956511 0.000000 0.291695 0.945316 0.945316 0.945316
3790.956299 0.000000 2382.441895 0.000000 0.903229 0.000000 -0.429158 1.044295 1.044295 1.044295
3804.064697 0.000000 2372.260986 0.000000 0.789908 0.000000 0.613226 0.878043 0.878043 0.878043
3799.516113 0.000000 2385.327148 0.000000 0.540508 0.000000 0.841339 0.815300 0.815300 0.815300
3812.204590 0.000000 2347.818359 0.000000 0.628379 0.000000 -0.777908 1.109037 1.109037 1.109037
3793.970459 0.000000 2386.786133 0.000000 0.217492 0.000000 -0.976062 1.165337 1.165337 1.165337
3795.844482 0.000000 2388.946533 0.000000 0.643284 0.000000 0.765628 0.838900 0.838900 0.838900
3810.594971 0.000000 2383.303223 0.000000 0.589375 0.000000 -0.807860 1.103313 1.103313 1.103313
3795.534180 0.000000 2357.252686 0.000000 0.984708 0.000000 -0.174213 1.026230 1.026230 1.026230
3794.376953 0.000000 2362.141113 0.000000 0.424677 0.000000 0.905345 0.790834 0.790834 0.790834
3789.076904 0.000000 2371.071045 0.000000 0.920927 0.000000 0.389736 0.926039 0.926039 0.926039
3797.806641 0.000000 2342.156738 0.000000 0.268869 0.000000 -0.963177 1.239905 1.239905 1.239905
3802.050049 0.000000 2337.487549 0.000000 0.533467 0.000000 -0.845821 1.186241 1.186241 1.186241
3806.303955 0.000000 2374.599609 0.000000 0.368259 0.000000 0.929723 0.779478 0.779478 0.779478
3802.465088 0.000000 2391.329834 0.000000 0.998654 0.000000 -0.051868 1.009587 1.009587 1.009587
3793.318115 0.000000 2380.694092 0.000000 0.284094 0.000000 0.958796 0.763022 0.763022 0.763022
3795.591797 0.000000 2372.886719 0.000000 0.416709 0.000000 0.909040 0.789211 0.789211 0.789211
3798.025635 0.000000 2381.202881 0.000000 0.394982 0.000000 0.918689 0.784819 0.784819 0.784819
3812.177734 0.000000 2349.399414 0.000000 0.154026 0.000000 -0.988067 1.173239 1.173239 1.173239
3791.079834 0.000000 2366.536377 0.000000 0.010964 0.000000 -0.999940 1.288171 1.288171 1.288171
3805.492432 0.000000 2390.082031 0.000000 0.681337 0.000000 -0.731970 1.151714 1.151714 1.151714
3803.739014 0.000000 2389.436768 0.000000 0.543884 0.000000 0.839161 0.816043 0.816043 0.816043
3808.220703 0.000000 2389.446533 0.000000 0.384735 0.000000 -0.923027 1.217237 1.217237 1.217237
3802.600098 0.000000 2384.229980 0.000000 0.653804 0.000000 -0.756664 1.158547 1.158547 1.158547
3804.421143 0.000000 2384.403320 0.000000 0.998937 0.000000 0.046104 0.991479 0.991479 0.991479
3792.856934 0.000000 2356.733398 0.000000 0.397152 0.000000 -0.917753 1.214744 1.214744 1.214744
3808.524658 0.000000 2378.682617 0.000000 0.493869 0.000000 -0.869536 1.194769 1.194769 1.194769
3806.603760 0.000000 2388.850098 0.000000 0.938994 0.000000 -0.343933 1.064864 1.064864 1.064864
3787.714600 0.000000 2368.465820 0.000000 0.371252 0.000000 0.928532 0.780073 0.780073 0.780073
3794.057373 0.000000 2377.452148 0.000000 0.217618 0.000000 -0.976034 1.249668 1.249668 1.249668
3811.826660 0.000000 2352.570557 0.000000 0.856210 0.000000 0.516627 0.937652 0.937652 0.937652
3787.822266 0.000000 2355.384033 0.000000 0.987978 0.000000 -0.154593 1.028288 1.028288 1.028288
3804.760254 0.000000 2381.991699 0.000000 0.471807 0.000000 -0.881702 1.199424 1.199424 1.199424
3789.161377 0.000000 2367.241211 0.000000 0.981302 0.000000 -0.192472 1.035782 1.035782 1.035782
3796.314697 0.000000 2350.951416 0.000000 0.949107 0.000000 0.314955 0.942406 0.942406 0.942406
3782.291748 0.000000 2366.060791 0.000000 0.932884 0.000000 0.360176 0.931930 0.931930 0.931930
3794.813721 0.000000 2390.396973 0.000000 0.955387 0.000000 -0.295358 1.055392 1.055392 1.055392
3791.889648 0.000000 2379.429932 0.000000 0.732487 0.000000 -0.680781 1.115908 1.115908 1.115908
3780.726807 0.000000 2364.901123 0.000000 0.866021 0.000000 -0.500008 1.096734 1.096734 1.096734
3785.923584 0.000000 2367.647705 0.000000 0.915774 0.000000 0.401694 0.923633 0.923633 0.923633
3797.055908 0.000000 2378.090332 0.000000 0.192381 0.000000 0.981320 0.745568 0.745568 0.745568
3792.103516 0.000000 2359.891113 0.000000 0.154753 0.000000 0.987953 0.738509 0.738509 0.738509
3806.389160 0.000000 2336.681396 0.000000 0.922789 0.000000 0.385307 0.926926 0.926926 0.926926
3793.087646 0.000000 2374.719482 0.000000 0.620928 0.000000 -0.783868 1.166431 1.166431 1.166431
3785.798340 0.000000 2356.645020 0.000000 0.654167 0.000000 -0.756350 1.158458 1.158458 1.158458
3794.998779 0.000000 2360.482178 0.000000 0.845574 0.000000 -0.533858 1.104040 1.104040 1.104040
3803.852295 0.000000 2377.431641 0.000000 0.941614 0.000000 -0.336695 1.063442 1.063442 1.063442
3805.261230 0.000000 2398.135254 0.000000 0.380050 0.000000 0.924966 0.864379 0.864379 0.864379
3808.917236 0.000000 2353.937256 0.000000 0.204978 0.000000 -0.978767 1.248651 1.248651 1.248651
3799.199951 0.000000 2376.364990 0.000000 0.444352 0.000000 -0.895853 1.205130 1.205130 1.205130
3788.200684 0.000000 2360.039795 0.000000 0.400157 0.000000 0.916447 0.785861 0.785861 0.785861
3798.640869 0.000000 2386.508301 0.000000 0.941866 0.000000 0.335988 0.936696 0.936696 0.936696
3810.939453 0.000000 2393.699463 0.000000 0.394110 0.000000 -0.919063 1.171703 1.171703 1.171703
3809.120361 0.000000 2381.724121 0.000000 0.976646 0.000000 -0.214857 1.040006 1.040006 1.040006
3792.585205 0.000000 2381.989258 0.000000 0.879146 0.000000 -0.476553 1.091768 1.091768 1.091768
3797.814697 0.000000 2374.938232 0.000000 0.282971 0.000000 -0.959128 1.237195 1.237195 1.237195
3787.148438 0.000000 2362.404053 0.000000 0.964720 0.000000 0.263278 0.950781 0.950781 0.950781
3790.319092 0.000000 2364.495361 0.000000 0.683620 0.000000 -0.729838 1.151137 1.151137 1.151137
3808.519043 0.000000 2386.662842 0.000000 0.999541 0.000000 0.030295 0.994402 0.994402 0.994402
3789.766113 0.000000 2361.993164 0.000000 0.697032 0.000000 0.717040 0.852288 0.852288 0.852288
3808.543457 0.000000 2392.254150 0.000000 0.560832 0.000000 0.827929 0.819799 0.819799 0.819799
3807.490723 0.000000 2383.777832 0.000000 0.960007 0.000000 0.279975 0.947575 0.947575 0.947575
3797.686523 0.000000 2372.648438 0.000000 0.583054 0.000000 -0.812433 1.175196 1.175196 1.175196
3791.809814 0.000000 2361.939209 0.000000 0.186862 0.000000 0.982386 0.744530 0.744530 0.744530
3799.955078 0.000000 2378.944580 0.000000 0.117795 0.000000 -0.993038 1.268383 1.268383 1.268383
3793.208008 0.000000 2365.053467 0.000000 0.321197 0.000000 -0.947012 1.229786 1.229786 1.229786
3796.829102 0.000000 2383.939697 0.000000 0.998157 0.000000 0.060680 0.988783 0.988783 0.988783
3802.360107 0.000000 2372.492432 0.000000 0.017226 0.000000 -0.999852 1.287014 1.287014 1.287014
3801.070801 0.000000 2388.031494 0.000000 0.218095 0.000000 -0.975928 1.249578 1.249578 1.249578
3795.979980 0.000000 2348.393066 0.000000 0.707176 0.000000 -0.707038 1.107830 1.107830 1.107830
3783.531494 0.000000 2365.209961 0.000000 0.107524 0.000000 0.994203 0.729707 0.729707 0.729707
3794.384277 0.000000 2367.393555 0.000000 0.337914 0.000000 0.941177 0.773485 0.773485 0.773485
3804.406006 0.000000 2379.901123 0.000000 0.408815 0.000000 -0.912617 1.212390 1.212390 1.212390
3807.264404 0.000000 2380.008545 0.000000 0.383476 0.000000 -0.923551 1.217488 1.217488 1.217488
3809.580811 0.000000 2394.912598 0.000000 0.717378 0.000000 0.696684 0.869151 0.869151 0.869151
3803.366943 0.000000 2387.260986 0.000000 0.391595 0.000000 0.920138 0.784139 0.784139 0.784139
3801.011475 0.000000 2385.605957 0.000000 0.309942 0.000000 0.950755 0.768023 0.768023 0.768023
3803.761475 0.000000 2397.280029 0.000000 0.205859 0.000000 -0.978582 1.251891 1.251891 1.251891
3790.616211 0.000000 2354.585205 0.000000 0.046542 0.000000 -0.998916 1.277789 1.277789 1.277789
3805.999756 0.000000 2387.216309 0.000000 0.820348 0.000000 -0.571864 1.112468 1.112468 1.112468
3789.565674 0.000000 2360.579590 0.000000 0.935668 0.000000 0.352882 0.933372 0.933372 0.933372
3783.374023 0.000000 2363.368896 0.000000 0.482427 0.000000 0.875936 0.802809 0.802809 0.802809
3802.431396 0.000000 2379.835693 0.000000 0.425216 0.000000 0.905092 0.790944 0.790944 0.790944
3794.851074 0.000000 2343.875000 0.000000 0.335992 0.000000 -0.941865 1.205429 1.205429 1.205429
3800.539795 0.000000 2372.239502 0.000000 0.973919 0.000000 0.226898 0.957714 0.957714 0.957714
3795.642822 0.000000 2349.739502 0.000000 0.936702 0.000000 -0.350128 1.049117 1.049117 1.049117
3791.722900 0.000000 2371.702637 0.000000 0.632042 0.000000 -0.774934 1.163796 1.163796 1.163796
3802.465332 0.000000 2389.894531 0.000000 0.984443 0.000000 -0.175703 1.032629 1.032629 1.032629
3806.945312 0.000000 2386.235596 0.000000 0.882472 0.000000 -0.470365 1.090470 1.090470 1.090470
3784.740479 0.000000 2370.636719 0.000000 0.909390 0.000000 0.415945 0.920748 0.920748 0.920748
3813.494141 0.000000 2351.807861 0.000000 0.719482 0.000000 0.694511 0.911832 0.911832 0.911832
3792.599609 0.000000 2369.148193 0.000000 0.930715 0.000000 -0.365744 1.069174 1.069174 1.069174
3792.942139 0.000000 2367.819092 0.000000 0.550106 0.000000 0.835095 0.817416 0.817416 0.817416
3806.421143 0.000000 2377.351807 0.000000 0.986488 0.000000 -0.163834 1.030404 1.030404 1.030404
3794.832275 0.000000 2379.161865 0.000000 0.790971 0.000000 -0.611854 1.121636 1.121636 1.121636
3798.681396 0.000000 2388.079834 0.000000 0.437354 0.000000 -0.899289 1.206571 1.206571 1.206571
3791.728516 0.000000 2374.967529 0.000000 0.966377 0.000000 0.257128 0.959748 0.959748 0.959748
3787.100586 0.000000 2360.987061 0.000000 0.990043 0.000000 0.140768 0.973907 0.973907 0.973907
3809.961426 0.000000 2338.644043 0.000000 0.906294 0.000000 0.422647 0.919384 0.919384 0.919384
3796.603027 0.000000 2358.084961 0.000000 0.124767 0.000000 0.992186 0.783444 0.783444 0.783444
3798.258545 0.000000 2382.666016 0.000000 0.986626 0.000000 0.163000 0.969752 0.969752 0.969752
3806.997559 0.000000 2396.111328 0.000000 0.724393 0.000000 -0.689387 1.129131 1.129131 1.129131
3800.467285 0.000000 2381.139648 0.000000 0.863596 0.000000 0.504184 0.902374 0.902374 0.902374
3796.234375 0.000000 2394.665039 0.000000 0.206184 0.000000 0.978513 0.748170 0.748170 0.748170
3800.455811 0.000000 2382.798584 0.000000 0.999997 0.000000 0.002591 0.999521 0.999521 0.999521
3795.535156 0.000000 2342.191895 0.000000 0.985049 0.000000 0.172273 0.971040 0.971040 0.971040
3796.709229 0.000000 2381.073975 0.000000 0.769474 0.000000 -0.638678 1.127987 1.127987 1.127987
3798.604004 0.000000 2373.639893 0.000000 0.313817 0.000000 -0.949484 1.231224 1.231224 1.231224
3795.758789 0.000000 2391.695801 0.000000 0.240334 0.000000 0.970690 0.754643 0.754643 0.754643
3801.796143 0.000000 2395.557861 0.000000 0.931921 0.000000 0.362662 0.931437 0.931437 0.931437
3786.516357 0.000000 2355.552979 0.000000 0.551991 0.000000 -0.833850 1.179705 1.179705 1.179705
3797.219971 0.000000 2362.560547 0.000000 0.420177 0.000000 -0.907442 1.176016 1.176016 1.176016
3795.955566 0.000000 2376.648682 0.000000 0.473340 0.000000 0.880880 0.800898 0.800898 0.800898
3790.286133 0.000000 2381.216797 0.000000 0.636985 0.000000 -0.770876 1.136245 1.136245 1.136245
3790.308594 0.000000 2367.849121 0.000000 0.997537 0.000000 -0.070149 1.012970 1.012970 1.012970
3795.381592 0.000000 2362.955811 0.000000 0.861240 0.000000 0.508198 0.901514 0.901514 0.901514
3797.020996 0.000000 2366.607910 0.000000 0.635210 0.000000 0.772340 0.863399 0.863399 0.863399
3810.289062 0.000000 2390.693115 0.000000 0.361549 0.000000 -0.932353 1.176883 1.176883 1.176883
3785.724854 0.000000 2363.301025 0.000000 0.014257 0.000000 -0.999898 1.287562 1.287562 1.287562
3794.517578 0.000000 2366.013672 0.000000 0.124669 0.000000 0.992198 0.732896 0.732896 0.732896
3790.659180 0.000000 2359.423828 0.000000 0.222694 0.000000 0.974888 0.751293 0.751293 0.751293
3799.496582 0.000000 2396.813477 0.000000 0.795645 0.000000 -0.605764 1.120218 1.120218 1.120218
3795.366211 0.000000 2374.143066 0.000000 0.998685 0.000000 -0.051273 1.009477 1.009477 1.009477
3795.682373 0.000000 2381.904785 0.000000 0.980779 0.000000 -0.195120 1.036280 1.036280 1.036280
3784.559082 0.000000 2358.437988 0.000000 0.422462 0.000000 -0.906381 1.209618 1.209618 1.209618
3784.507080 0.000000 2362.722168 0.000000 0.971986 0.000000 0.235038 0.956168 0.956168 0.956168
3790.058105 0.000000 2355.836670 0.000000 0.957368 0.000000 -0.288871 1.053407 1.053407 1.053407
3800.372070 0.000000 2375.490234 0.000000 0.861574 0.000000 0.507632 0.901636 0.901636 0.901636
3796.584961 0.000000 2375.156006 0.000000 0.396987 0.000000 0.917824 0.785223 0.785223 0.785223
3785.822754 0.000000 2364.628418 0.000000 0.727034 0.000000 0.686602 0.860184 0.860184 0.860184
3801.289795 0.000000 2397.519287 0.000000 0.026269 0.000000 -0.999655 1.285342 1.285342 1.285342
3786.922119 0.000000 2365.722656 0.000000 0.885767 0.000000 -0.464130 1.089167 1.089167 1.089167
3791.636963 0.000000 2357.265625 0.000000 0.342946 0.000000 -0.939355 1.225526 1.225526 1.225526
3807.704102 0.000000 2394.112793 0.000000 0.667848 0.000000 0.744298 0.844910 0.844910 0.844910
3799.353271 0.000000 2394.515625 0.000000 0.618296 0.000000 0.785946 0.832950 0.832950 0.832950
3806.045898 0.000000 2393.296875 0.000000 0.093018 0.000000 0.995664 0.727013 0.727013 0.727013
3803.970703 0.000000 2394.549561 0.000000 0.269514 0.000000 0.962997 0.760218 0.760218 0.760218
3804.986328 0.000000 2383.254150 0.000000 0.957096 0.000000 0.289770 0.945688 0.945688 0.945688
3782.208740 0.000000 2359.292969 0.000000 0.958438 0.000000 -0.285302 1.053450 1.053450 1.053450
3782.566406 0.000000 2369.184082 0.000000 0.337026 0.000000 0.941495 0.773311 0.773311 0.773311
3807.656006 0.000000 2377.529541 0.000000 0.901690 0.000000 -0.432384 1.082606 1.082606 1.082606
3805.113770 0.000000 2395.165039 0.000000 0.999151 0.000000 0.041188 0.992389 0.992389 0.992389
3801.988281 0.000000 2376.914795 0.000000 0.999504 0.000000 -0.031486 1.005818 1.005818 1.005818
3807.377930 0.000000 2382.564453 0.000000 0.509518 0.000000 -0.860460 1.191427 1.191427 1.191427
3793.567383 0.000000 2382.778076 0.000000 0.712564 0.000000 0.701607 0.856333 0.856333 0.856333
3806.054932 0.000000 2379.543701 0.000000 0.388015 0.000000 -0.921653 1.216580 1.216580 1.216580
3796.897949 0.000000 2338.010742 0.000000 0.676003 0.000000 0.736899 0.859354 0.859354 0.859354
3797.487061 0.000000 2348.318848 0.000000 0.988869 0.000000 -0.148787 1.027590 1.027590 1.027590
3790.701172 0.000000 2369.020508 0.000000 0.828439 0.000000 0.560080 0.890173 0.890173 0.890173
3806.498291 0.000000 2381.636475 0.000000 0.803188 0.000000 -0.595726 1.117898 1.117898 1.117898
3797.626465 0.000000 2390.761719 0.000000 0.053320 0.000000 -0.998577 1.280341 1.280341 1.280341
3801.685303 0.000000 2383.321045 0.000000 0.738457 0.000000 0.674300 0.863286 0.863286 0.863286
3797.066895 0.000000 2370.541016 0.000000 0.999042 0.000000 -0.043769 1.008089 1.008089 1.008089
3800.318359 0.000000 2393.361328 0.000000 0.172526 0.000000 0.985005 0.741838 0.741838 0.741838
3796.125000 0.000000 2378.973877 0.000000 0.949996 0.000000 0.312263 0.941330 0.941330 0.941330
3783.826172 0.000000 2360.784668 0.000000 0.574698 0.000000 0.818365 0.822911 0.822911 0.822911
3804.567871 0.000000 2392.198975 0.000000 0.181658 0.000000 0.983362 0.743552 0.743552 0.743552
3801.106201 0.000000 2391.504883 0.000000 0.950957 0.000000 -0.309323 1.058099 1.058099 1.058099
3802.858154 0.000000 2374.936523 0.000000 0.998464 0.000000 -0.055414 1.010243 1.010243 1.010243
3804.082031 0.000000 2354.735107 0.000000 0.753767 0.000000 -0.657142 1.127095 1.127095 1.127095
3781.113037 0.000000 2363.767578 0.000000 0.284987 0.000000 0.958531 0.763194 0.763194 0.763194
3784.915039 0.000000 2366.944824 0.000000 0.000276 0.000000 -1.000000 1.290145 1.290145 1.290145
3805.860107 0.000000 2375.776611 0.000000 0.511697 0.000000 -0.859166 1.190959 1.190959 1.190959
3788.448486 0.000000 2356.448975 0.000000 0.822030 0.000000 0.569444 0.888076 0.888076 0.888076
3801.686279 0.000000 2393.924316 0.000000 0.918930 0.000000 0.394420 0.925098 0.925098 0.925098
3802.923340 0.000000 2371.441650 0.000000 0.637846 0.000000 0.770164 0.837591 0.837591 0.837591
3799.956543 0.000000 2390.043457 0.000000 0.774278 0.000000 -0.632846 1.126591 1.126591 1.126591
3793.128906 0.000000 2355.542480 0.000000 0.515059 0.000000 -0.857155 1.154245 1.154245 1.154245
3794.555664 0.000000 2380.342041 0.000000 0.725080 0.000000 -0.688665 1.140340 1.140340 1.140340
3794.039551 0.000000 2375.547119 0.000000 0.956109 0.000000 -0.293012 1.054938 1.054938 1.054938
3792.764404 0.000000 2384.643555 0.000000 0.998976 0.000000 -0.045249 1.008136 1.008136 1.008136
3793.757080 0.000000 2385.370850 0.000000 0.998491 0.000000 -0.054910 1.009875 1.009875 1.009875
3800.656250 0.000000 2377.909668 0.000000 0.686751 0.000000 -0.726893 1.150343 1.150343 1.150343
3797.947754 0.000000 2377.326416 0.000000 0.914829 0.000000 -0.403842 1.076801 1.076801 1.076801
3788.284180 0.000000 2362.823242 0.000000 0.073735 0.000000 0.997278 0.723439 0.723439 0.723439
3801.495117 0.000000 2389.164551 0.000000 0.466963 0.000000 0.884277 0.799563 0.799563 0.799563
3807.323486 0.000000 2391.654053 0.000000 0.971183 0.000000 -0.238333 1.044459 1.044459 1.044459
3797.898438 0.000000 2371.499512 0.000000 0.353126 0.000000 0.935576 0.776480 0.776480 0.776480
3804.668945 0.000000 2385.562744 0.000000 0.403271 0.000000 -0.915081 1.213511 1.213511 1.213511
3788.908936 0.000000 2358.039062 0.000000 0.693232 0.000000 -0.720715 1.148689 1.148689 1.148689
3784.820312 0.000000 2369.466797 0.000000 0.881504 0.000000 0.472176 0.909150 0.909150 0.909150
3802.928467 0.000000 2395.853516 0.000000 0.922991 0.000000 -0.384823 1.072977 1.072977 1.072977
3796.905273 0.000000 2364.770996 0.000000 0.153942 0.000000 -0.988080 1.219214 1.219214 1.219214
3791.611572 0.000000 2363.854736 0.000000 0.817603 0.000000 -0.575782 1.113352 1.113352 1.113352
3785.410400 0.000000 2359.350586 0.000000 0.986392 0.000000 0.164412 0.969487 0.969487 0.969487
3801.771484 0.000000 2380.876953 0.000000 0.448886 0.000000 0.893589 0.795806 0.795806 0.795806
3795.741455 0.000000 2370.863281 0.000000 0.995329 0.000000 -0.096538 1.016414 1.016414 1.016414
3807.819336 0.000000 2354.418701 0.000000 0.785896 0.000000 0.618359 0.881832 0.881832 0.881832
3797.218506 0.000000 2344.139648 0.000000 0.909909 0.000000 -0.414807 1.079021 1.079021 1.079021
3797.697998 0.000000 2393.250488 0.000000 0.979423 0.000000 -0.201817 1.037542 1.037542 1.037542
3806.925781 0.000000 2384.801514 0.000000 0.691168 0.000000 -0.722694 1.149217 1.149217 1.149217
3806.084229 0.000000 2337.837646 0.000000 0.977825 0.000000 -0.209424 1.038979 1.038979 1.038979
3802.842773 0.000000 2397.976318 0.000000 0.144685 0.000000 0.989478 0.736628 0.736628 0.736628
3796.145020 0.000000 2384.864014 0.000000 0.409530 0.000000 -0.912296 1.212245 1.212245 1.212245
3802.747314 0.000000 2382.223389 0.000000 0.999391 0.000000 0.034894 0.993552 0.993552 0.993552
3794.473389 0.000000 2372.394043 0.000000 0.109392 0.000000 0.993999 0.730054 0.730054 0.730054
3783.200928 0.000000 2357.018311 0.000000 0.838415 0.000000 -0.545033 1.106492 1.106492 1.106492
3794.302246 0.000000 2393.052246 0.000000 0.263667 0.000000 0.964614 0.759098 0.759098 0.759098
3783.295166 0.000000 2368.161865 0.000000 0.927725 0.000000 -0.373265 1.070670 1.070670 1.070670
3799.793457 0.000000 2373.499023 0.000000 0.693319 0.000000 0.720631 0.851334 0.851334 0.851334
3784.681152 0.000000 2365.302979 0.000000 0.701611 0.000000 -0.712561 1.146528 1.146528 1.146528
3805.965088 0.000000 2384.055176 0.000000 0.129736 0.000000 -0.991549 1.266160 1.266160 1.266160
3809.430908 0.000000 2389.749756 0.000000 0.754448 0.000000 -0.656360 1.132274 1.132274 1.132274
3800.888672 0.000000 2337.357178 0.000000 0.825898 0.000000 -0.563819 1.110663 1.110663 1.110663
3804.142578 0.000000 2376.297852 0.000000 0.961208 0.000000 -0.275825 1.051626 1.051626 1.051626
3795.780273 0.000000 2344.595459 0.000000 0.927938 0.000000 0.372734 0.936111 0.936111 0.936111
3804.313721 0.000000 2373.885498 0.000000 0.867666 0.000000 -0.497148 1.096124 1.096124 1.096124
3798.841797 0.000000 2389.358643 0.000000 0.650165 0.000000 0.759793 0.840566 0.840566 0.840566
3782.086914 0.000000 2361.602051 0.000000 0.137512 0.000000 -0.990500 1.264711 1.264711 1.264711
3794.781250 0.000000 2376.580078 0.000000 0.118692 0.000000 -0.992931 1.268216 1.268216 1.268216
3787.245850 0.000000 2371.007812 0.000000 0.873606 0.000000 0.486634 0.906107 0.906107 0.906107
3792.226318 0.000000 2366.935303 0.000000 0.943961 0.000000 -0.330057 1.062141 1.062141 1.062141
3788.234863 0.000000 2354.290771 0.000000 0.869563 0.000000 0.493822 0.905873 0.905873 0.905873
3795.398682 0.000000 2392.783936 0.000000 0.351372 0.000000 -0.936236 1.223866 1.223866 1.223866
3796.678955 0.000000 2342.336426 0.000000 0.115735 0.000000 0.993280 0.731233 0.731233 0.731233
3798.037598 0.000000 2337.623047 0.000000 0.119665 0.000000 0.992814 0.753697 0.753697 0.753697
3788.409424 0.000000 2366.400391 0.000000 0.018701 0.000000 0.999825 0.713259 0.713259 0.713259
3797.925293 0.000000 2383.744629 0.000000 0.802717 0.000000 -0.596361 1.118044 1.118044 1.118044
3799.947510 0.000000 2395.528809 0.000000 0.923459 0.000000 -0.383696 1.072752 1.072752 1.072752
3798.990723 0.000000 2371.310791 0.000000 0.914401 0.000000 0.404811 0.923004 0.923004 0.923004
3790.636230 0.000000 2356.774170 0.000000 0.824065 0.000000 -0.566496 1.111262 1.111262 1.111262
3798.809326 0.000000 2379.168457 0.000000 0.769540 0.000000 -0.638599 1.127968 1.127968 1.127968
3781.146973 0.000000 2367.507080 0.000000 0.716651 0.000000 0.697432 0.857413 0.857413 0.857413
3809.547852 0.000000 2352.382812 0.000000 0.630921 0.000000 0.775847 0.838153 0.838153 0.838153
3808.313965 0.000000 2380.407471 0.000000 0.989792 0.000000 0.142518 0.973581 0.973581 0.973581
3795.420410 0.000000 2364.115723 0.000000 0.964714 0.000000 0.263301 0.950776 0.950776 0.950776
3788.916504 0.000000 2369.857666 0.000000 0.992823 0.000000 -0.119592 1.022147 1.022147 1.022147
3802.111816 0.000000 2385.493408 0.000000 0.999906 0.000000 0.013707 0.997468 0.997468 0.997468
3791.545654 0.000000 2369.721680 0.000000 0.243665 0.000000 -0.969859 1.244722 1.244722 1.244722
3797.637207 0.000000 2386.097412 0.000000 0.364637 0.000000 0.931150 0.778759 0.778759 0.778759
3793.265381 0.000000 2362.299316 0.000000 0.931832 0.000000 0.362889 0.931392 0.931392 0.931392
3796.475586 0.000000 2387.916016 0.000000 0.974393 0.000000 -0.224850 1.041898 1.041898 1.041898
3804.045654 0.000000 2388.157959 0.000000 0.428651 0.000000 0.903470 0.791646 0.791646 0.791646
3796.910889 0.000000 2346.423096 0.000000 0.250404 0.000000 0.968141 0.756562 0.756562 0.756562
3811.193359 0.000000 2350.908203 0.000000 0.215391 0.000000 -0.976528 1.246710 1.246710 1.246710
3786.493652 0.000000 2370.147949 0.000000 0.168829 0.000000 0.985645 0.741144 0.741144 0.741144
3801.988281 0.000000 2374.067871 0.000000 0.791241 0.000000 0.611504 0.878445 0.878445 0.878445
3784.635986 0.000000 2361.562256 0.000000 0.948997 0.000000 -0.315286 1.059258 1.059258 1.059258
3808.592285 0.000000 2384.385742 0.000000 0.945469 0.000000 -0.325713 1.061292 1.061292 1.061292
3795.496338 0.000000 2386.293945 0.000000 0.996979 0.000000 0.077677 0.985635 0.985635 0.985635
3780.169922 0.000000 2358.015625 0.000000 0.773366 0.000000 0.633960 0.873143 0.873143 0.873143
3798.867432 0.000000 2392.234131 0.000000 0.999724 0.000000 -0.023501 1.004342 1.004342 1.004342
3796.828369 0.000000 2391.624512 0.000000 0.922073 0.000000 -0.387017 1.073416 1.073416 1.073416
3809.869385 0.000000 2382.527100 0.000000 0.740002 0.000000 -0.672605 1.136290 1.136290 1.136290
3803.216797 0.000000 2337.285645 0.000000 0.419943 0.000000 0.907551 0.789869 0.789869 0.789869
3802.878174 0.000000 2377.956543 0.000000 0.673796 0.000000 -0.738917 1.153608 1.153608 1.153608
3802.623779 0.000000 2393.401123 0.000000 0.685605 0.000000 0.727974 0.849366 0.849366 0.849366
3787.920166 0.000000 2364.260498 0.000000 0.251555 0.000000 0.967843 0.756782 0.756782 0.756782
3796.822510 0.000000 2380.016357 0.000000 0.509078 0.000000 0.860720 0.808478 0.808478 0.808478
3780.115234 0.000000 2359.077393 0.000000 0.960433 0.000000 -0.278512 1.052143 1.052143 1.052143
3800.728516 0.000000 2341.103760 0.000000 0.437753 0.000000 -0.899095 1.206489 1.206489 1.206489
3793.542969 0.000000 2371.143799 0.000000 0.386877 0.000000 -0.922132 1.246106 1.246106 1.246106
3827.495605 0.000000 2387.848145 0.000000 0.999920 0.000000 0.012656 0.999684 0.999684 0.999684
3832.171387 0.000000 2370.366211 0.000000 0.039036 0.000000 0.999238 0.980880 0.980880 0.980880
3871.150635 0.000000 2372.406006 0.000000 0.999710 0.000000 0.024076 0.995852 0.995852 0.995852
3866.258789 0.000000 2395.516357 0.000000 0.719259 0.000000 0.694742 0.884950 0.884950 0.884950
3870.827881 0.000000 2390.582764 0.000000 0.858033 0.000000 0.513595 0.919206 0.919206 0.919206
3872.716309 0.000000 2376.726562 0.000000 0.807885 0.000000 -0.589340 1.116434 1.116434 1.116434
3854.414307 0.000000 2398.427734 0.000000 0.017008 0.000000 0.999855 0.712946 0.712946 0.712946
3875.626953 0.000000 2383.042969 0.000000 0.338150 0.000000 -0.941092 1.192804 1.192804 1.192804
3865.062256 0.000000 2376.254395 0.000000 0.999383 0.000000 -0.035111 1.006488 1.006488 1.006488
3875.200195 0.000000 2385.659180 0.000000 0.253574 0.000000 -0.967316 1.147668 1.147668 1.147668
3875.443115 0.000000 2378.852783 0.000000 0.966573 0.000000 0.256391 0.959219 0.959219 0.959219
3872.166992 0.000000 2386.840332 0.000000 0.359616 0.000000 0.933100 0.810799 0.810799 0.810799
3869.937012 0.000000 2384.882568 0.000000 0.657607 0.000000 -0.753361 1.157616 1.157616 1.157616
3863.336914 0.000000 2394.427246 0.000000 0.074844 0.000000 -0.997195 1.224072 1.224072 1.224072
3868.824707 0.000000 2373.820068 0.000000 0.988361 0.000000 -0.152125 1.028214 1.028214 1.028214
3846.315918 0.000000 2398.719971 0.000000 0.154522 0.000000 -0.987989 1.116630 1.116630 1.116630
3863.564453 0.000000 2380.924316 0.000000 0.365647 0.000000 0.930754 0.778959 0.778959 0.778959
3871.394287 0.000000 2382.003174 0.000000 0.886756 0.000000 -0.462238 1.088773 1.088773 1.088773
3861.668945 0.000000 2383.469238 0.000000 0.224812 0.000000 -0.974402 1.248305 1.248305 1.248305
3862.415771 0.000000 2372.061768 0.000000 0.849186 0.000000 -0.528094 1.102783 1.102783 1.102783
3859.022949 0.000000 2374.319336 0.000000 0.001228 0.000000 -0.999999 1.168496 1.168496 1.168496
3849.520996 0.000000 2394.036377 0.000000 0.994932 0.000000 0.100553 0.981392 0.981392 0.981392
3866.434326 0.000000 2391.902344 0.000000 0.895127 0.000000 -0.445811 1.085367 1.085367 1.085367
3864.621582 0.000000 2385.829834 0.000000 0.328236 0.000000 0.944596 0.771589 0.771589 0.771589
3871.259033 0.000000 2374.780029 0.000000 0.985358 0.000000 0.170501 0.968346 0.968346 0.968346
3854.274414 0.000000 2395.178467 0.000000 0.486785 0.000000 0.873522 0.803729 0.803729 0.803729
3867.512207 0.000000 2377.893799 0.000000 0.763841 0.000000 -0.645404 1.129608 1.129608 1.129608
3843.496094 0.000000 2303.639893 0.000000 0.210543 0.000000 -0.977585 1.502012 1.502012 1.502012
3850.964844 0.000000 2396.802979 0.000000 0.999905 0.000000 0.013816 0.997448 0.997448 0.997448
3863.686035 0.000000 2389.497803 0.000000 0.414044 0.000000 0.910257 0.788670 0.788670 0.788670
3874.959473 0.000000 2376.132324 0.000000 0.572175 0.000000 -0.820131 1.151249 1.151249 1.151249
3866.624512 0.000000 2371.249756 0.000000 0.750449 0.000000 -0.660928 1.068501 1.068501 1.068501
3867.233887 0.000000 2375.524658 0.000000 0.459949 0.000000 0.887946 0.798100 0.798100 0.798100
3849.266846 0.000000 2398.403564 0.000000 0.883512 0.000000 0.468409 0.909939 0.909939 0.909939
3873.609131 0.000000 2382.042236 0.000000 0.961293 0.000000 -0.275528 1.051569 1.051569 1.051569
3858.688965 0.000000 2396.332764 0.000000 0.969805 0.000000 -0.243881 1.044900 1.044900 1.044900
3857.258545 0.000000 2398.515625 0.000000 0.135637 0.000000 -0.990759 1.261479 1.261479 1.261479
3843.999023 0.000000 2394.326660 0.000000 0.996429 0.000000 0.084438 0.992824 0.992824 0.992824
3870.315430 0.000000 2370.402832 0.000000 0.773793 0.000000 0.633439 0.945197 0.945197 0.945197
3860.257324 0.000000 2378.871582 0.000000 0.972100 0.000000 0.234567 0.956258 0.956258 0.956258
3846.352783 0.000000 2311.353271 0.000000 0.751381 0.000000 -0.659869 1.133135 1.133135 1.133135
3864.018311 0.000000 2373.638428 0.000000 0.999894 0.000000 0.014554 0.997311 0.997311 0.997311
3860.995117 0.000000 2376.447510 0.000000 0.946471 0.000000 0.322788 0.939279 0.939279 0.939279
3858.856689 0.000000 2380.463135 0.000000 0.146425 0.000000 0.989222 0.736953 0.736953 0.736953
3865.279053 0.000000 2393.668945 0.000000 0.998203 0.000000 0.059919 0.988924 0.988924 0.988924
3837.094971 0.000000 2309.591309 0.000000 0.999687 0.000000 0.025009 0.995754 0.995754 0.995754
3853.071289 0.000000 2396.893311 0.000000 0.999851 0.000000 -0.017260 1.003189 1.003189 1.003189
3842.416748 0.000000 2395.828857 0.000000 0.370401 0.000000 -0.928872 1.101125 1.101125 1.101125
3842.533203 0.000000 2310.515625 0.000000 0.922805 0.000000 0.385267 0.926934 0.926934 0.926934
3868.610107 0.000000 2371.687012 0.000000 0.989062 0.000000 -0.147498 1.014044 1.014044 1.014044
3852.333740 0.000000 2382.425049 0.000000 0.043310 0.000000 -0.999062 1.282192 1.282192 1.282192
3853.217285 0.000000 2392.052734 0.000000 0.831112 0.000000 -0.556105 1.108943 1.108943 1.108943
3871.843994 0.000000 2388.824219 0.000000 0.059791 0.000000 0.998211 0.720856 0.720856 0.720856
3840.549072 0.000000 2310.041016 0.000000 0.505995 0.000000 -0.862536 1.192183 1.192183 1.192183
3846.410889 0.000000 2396.758301 0.000000 0.991386 0.000000 0.130969 0.975734 0.975734 0.975734
3853.361328 0.000000 2378.710449 0.000000 0.632824 0.000000 0.774295 0.876187 0.876187 0.876187
3875.247803 0.000000 2380.994873 0.000000 0.135648 0.000000 -0.990757 1.225658 1.225658 1.225658
3850.433594 0.000000 2385.011963 0.000000 0.494478 0.000000 -0.869190 1.194640 1.194640 1.194640
3848.644531 0.000000 2388.490967 0.000000 0.929513 0.000000 -0.368790 1.069779 1.069779 1.069779
3852.820557 0.000000 2306.831543 0.000000 0.999998 0.000000 0.001837 0.999679 0.999679 0.999679
3867.424805 0.000000 2387.407471 0.000000 0.115179 0.000000 0.993345 0.731130 0.731130 0.731130
3864.686279 0.000000 2387.757080 0.000000 0.105872 0.000000 -0.994380 1.270600 1.270600 1.270600
3846.118408 0.000000 2378.144043 0.000000 0.953413 0.000000 -0.301668 1.095631 1.095631 1.095631
3844.915039 0.000000 2389.601562 0.000000 0.652461 0.000000 -0.757822 1.158875 1.158875 1.158875
3839.698730 0.000000 2313.385254 0.000000 0.760353 0.000000 -0.649510 1.060007 1.060007 1.060007
3828.505371 0.000000 2377.143066 0.000000 0.940001 0.000000 0.341173 0.935679 0.935679 0.935679
3856.804688 0.000000 2377.316406 0.000000 0.893070 0.000000 0.449918 0.966213 0.966213 0.966213
3867.401611 0.000000 2383.497314 0.000000 0.399693 0.000000 0.916649 0.785768 0.785768 0.785768
3845.507080 0.000000 2374.561523 0.000000 0.996215 0.000000 0.086921 0.988702 0.988702 0.988702
3832.453613 0.000000 2374.164307 0.000000 0.865211 0.000000 0.501409 0.902967 0.902967 0.902967
3851.814209 0.000000 2380.677246 0.000000 0.998898 0.000000 0.046943 0.991324 0.991324 0.991324
3862.425781 0.000000 2370.229736 0.000000 0.516771 0.000000 0.856124 0.902501 0.902501 0.902501
3826.993652 0.000000 2382.502441 0.000000 0.886396 0.000000 -0.462928 1.063684 1.063684 1.063684
3863.209961 0.000000 2376.217041 0.000000 0.998465 0.000000 -0.055392 1.010239 1.010239 1.010239
3834.798340 0.000000 2382.524902 0.000000 0.753106 0.000000 0.657899 0.867349 0.867349 0.867349
3853.306396 0.000000 2385.954834 0.000000 0.258855 0.000000 -0.965916 1.241823 1.241823 1.241823
3865.217529 0.000000 2390.483398 0.000000 0.826051 0.000000 -0.563596 1.110613 1.110613 1.110613
3862.972900 0.000000 2384.818848 0.000000 0.243750 0.000000 0.969838 0.755294 0.755294 0.755294
3845.413574 0.000000 2380.446045 0.000000 0.537261 0.000000 0.843416 0.629177 0.629177 0.629177
3856.095215 0.000000 2394.371094 0.000000 0.170683 0.000000 0.985326 0.741492 0.741492 0.741492
3873.784912 0.000000 2378.231934 0.000000 0.623481 0.000000 -0.781838 1.165828 1.165828 1.165828
3860.774170 0.000000 2373.595947 0.000000 0.199650 0.000000 -0.979867 1.147050 1.147050 1.147050
3827.791016 0.000000 2385.918945 0.000000 0.459695 0.000000 -0.888077 1.144642 1.144642 1.144642
3834.528564 0.000000 2388.170410 0.000000 0.999418 0.000000 -0.034101 1.006301 1.006301 1.006301
3838.555420 0.000000 2383.770508 0.000000 0.921022 0.000000 -0.389510 1.147832 1.147832 1.147832
3869.705811 0.000000 2389.215332 0.000000 0.448103 0.000000 0.893982 0.795644 0.795644 0.795644
3832.574707 0.000000 2388.537354 0.000000 0.974422 0.000000 -0.224727 1.041875 1.041875 1.041875
3838.919678 0.000000 2380.611328 0.000000 0.772031 0.000000 -0.635585 1.206345 1.206345 1.206345
3839.630859 0.000000 2388.241699 0.000000 0.714714 0.000000 0.699417 0.713801 0.713801 0.713801
3865.034668 0.000000 2372.108398 0.000000 0.994986 0.000000 0.100015 0.981492 0.981492 0.981492
3842.446045 0.000000 2373.369873 0.000000 0.637787 0.000000 -0.770213 1.114135 1.114135 1.114135
3855.193848 0.000000 2304.585449 0.000000 0.986760 0.000000 0.162188 0.971530 0.971530 0.971530
3834.022949 0.000000 2379.516113 0.000000 0.552745 0.000000 0.833351 0.818000 0.818000 0.818000
3833.923828 0.000000 2376.852051 0.000000 0.997625 0.000000 0.068886 0.987264 0.987264 0.987264
3862.384277 0.000000 2379.707275 0.000000 0.811173 0.000000 -0.584806 1.115399 1.115399 1.115399
3867.098389 0.000000 2393.889404 0.000000 0.468893 0.000000 0.883255 0.799966 0.799966 0.799966
3873.850586 0.000000 2386.760986 0.000000 0.990367 0.000000 0.138465 0.978152 0.978152 0.978152
3830.863525 0.000000 2376.915527 0.000000 0.203754 0.000000 0.979022 0.747712 0.747712 0.747712
3835.154785 0.000000 2306.653809 0.000000 0.233119 0.000000 0.972448 0.803284 0.803284 0.803284
3871.284180 0.000000 2380.264404 0.000000 0.901476 0.000000 0.432829 0.917303 0.917303 0.917303
3844.668701 0.000000 2377.202881 0.000000 0.811915 0.000000 -0.583776 1.186753 1.186753 1.186753
3854.951416 0.000000 2396.745605 0.000000 0.295918 0.000000 -0.955213 1.234696 1.234696 1.234696
3838.993408 0.000000 2386.662598 0.000000 0.235741 0.000000 0.971816 0.507539 0.507539 0.507539
3868.556396 0.000000 2385.941650 0.000000 0.259629 0.000000 0.965708 0.758325 0.758325 0.758325
3847.947754 0.000000 2394.642090 0.000000 0.435020 0.000000 -0.900421 1.207050 1.207050 1.207050
3847.239990 0.000000 2383.379150 0.000000 0.912834 0.000000 -0.408332 1.131264 1.131264 1.131264
3841.897217 0.000000 2388.224609 0.000000 0.581904 0.000000 0.813258 0.656199 0.656199 0.656199
3853.504639 0.000000 2393.723145 0.000000 0.997118 0.000000 -0.075861 1.014028 1.014028 1.014028
3864.213379 0.000000 2377.753174 0.000000 0.940731 0.000000 0.339154 0.936075 0.936075 0.936075
3842.467529 0.000000 2386.489746 0.000000 0.919075 0.000000 -0.394082 1.148657 1.148657 1.148657
3840.539307 0.000000 2376.720947 0.000000 0.820575 0.000000 -0.571539 1.112395 1.112395 1.112395
3850.925049 0.000000 2383.413086 0.000000 0.218038 0.000000 -0.975940 1.249589 1.249589 1.249589
3847.727295 0.000000 2390.134521 0.000000 0.393897 0.000000 -0.919154 1.215399 1.215399 1.215399
3873.640869 0.000000 2375.092285 0.000000 0.684127 0.000000 0.729363 0.859195 0.859195 0.859195
3835.457275 0.000000 2308.794434 0.000000 0.933241 0.000000 0.359252 0.968809 0.968809 0.968809
3865.826904 0.000000 2384.071289 0.000000 0.860744 0.000000 -0.509039 1.098666 1.098666 1.098666
3871.938477 0.000000 2391.835449 0.000000 0.018817 0.000000 0.999823 0.767525 0.767525 0.767525
3839.595703 0.000000 2390.563721 0.000000 0.632209 0.000000 -0.774798 1.075240 1.075240 1.075240
3847.660156 0.000000 2397.821045 0.000000 0.982936 0.000000 0.183947 0.965822 0.965822 0.965822
3871.148193 0.000000 2383.729492 0.000000 0.972846 0.000000 0.231454 0.956849 0.956849 0.956849
3869.827393 0.000000 2391.964111 0.000000 0.974347 0.000000 -0.225051 1.041936 1.041936 1.041936
3838.117920 0.000000 2312.707031 0.000000 0.680716 0.000000 0.732547 0.930222 0.930222 0.930222
3864.202881 0.000000 2395.844238 0.000000 0.783089 0.000000 -0.621910 1.100538 1.100538 1.100538
3845.400635 0.000000 2392.683105 0.000000 0.701247 0.000000 0.712918 0.853377 0.853377 0.853377
3862.948486 0.000000 2382.441895 0.000000 0.687386 0.000000 -0.726292 1.150181 1.150181 1.150181
3871.508301 0.000000 2385.327148 0.000000 0.895128 0.000000 -0.445809 1.085366 1.085366 1.085366
3865.962646 0.000000 2386.786133 0.000000 0.213647 0.000000 -0.976911 1.250419 1.250419 1.250419
3867.836670 0.000000 2388.946533 0.000000 0.739311 0.000000 0.673364 0.863520 0.863520 0.863520
3857.684326 0.000000 2394.977539 0.000000 0.498157 0.000000 -0.867087 1.193857 1.193857 1.193857
3838.328613 0.000000 2376.965332 0.000000 0.993159 0.000000 -0.116768 1.021622 1.021622 1.021622
3836.971436 0.000000 2383.508057 0.000000 0.814011 0.000000 -0.580850 1.114500 1.114500 1.114500
3862.840332 0.000000 2390.898926 0.000000 0.982667 0.000000 0.185381 0.965553 0.965553 0.965553
3865.310303 0.000000 2380.694092 0.000000 0.936668 0.000000 -0.350219 1.066103 1.066103 1.066103
3841.521484 0.000000 2385.193115 0.000000 0.328618 0.000000 0.944463 0.543328 0.543328 0.543328
3867.583984 0.000000 2372.886719 0.000000 0.998378 0.000000 -0.056932 1.010524 1.010524 1.010524
3870.017822 0.000000 2381.202881 0.000000 0.988865 0.000000 0.148817 0.972404 0.972404 0.972404
3832.148682 0.000000 2372.012939 0.000000 0.786202 0.000000 -0.617969 1.123069 1.123069 1.123069
3849.956055 0.000000 2391.049561 0.000000 0.902508 0.000000 0.430673 0.917745 0.917745 0.917745
3831.019775 0.000000 2374.884766 0.000000 0.474572 0.000000 0.880217 0.801156 0.801156 0.801156
3847.742676 0.000000 2310.629639 0.000000 0.791996 0.000000 -0.610526 1.121326 1.121326 1.121326
3850.508301 0.000000 2309.265381 0.000000 0.180475 0.000000 -0.983580 1.201174 1.201174 1.201174
3874.592285 0.000000 2384.229980 0.000000 0.998419 0.000000 -0.056205 1.006318 1.006318 1.006318
3847.162598 0.000000 2392.580566 0.000000 0.353209 0.000000 0.935544 0.776497 0.776497 0.776497
3850.350830 0.000000 2377.565430 0.000000 0.429147 0.000000 0.903235 0.870545 0.870545 0.870545
3842.223877 0.000000 2381.091553 0.000000 0.875741 0.000000 0.482782 0.813841 0.813841 0.813841
3850.597656 0.000000 2387.821533 0.000000 0.512446 0.000000 0.858719 0.809202 0.809202 0.809202
3845.455811 0.000000 2395.275391 0.000000 0.835076 0.000000 -0.550134 1.107618 1.107618 1.107618
3858.198730 0.000000 2375.760742 0.000000 0.911749 0.000000 -0.410748 1.045439 1.045439 1.045439
3866.049561 0.000000 2377.452148 0.000000 0.949021 0.000000 0.315213 0.940756 0.940756 0.940756
3837.219727 0.000000 2374.688721 0.000000 0.890249 0.000000 0.455475 0.912633 0.912633 0.912633
3835.487793 0.000000 2303.731689 0.000000 0.904398 0.000000 -0.426690 1.064933 1.064933 1.064933
3851.870850 0.000000 2388.979980 0.000000 0.602394 0.000000 0.798199 0.829241 0.829241 0.829241
3850.339111 0.000000 2395.360107 0.000000 0.274466 0.000000 -0.961597 1.238831 1.238831 1.238831
3845.289062 0.000000 2388.114746 0.000000 0.984157 0.000000 -0.177300 1.032929 1.032929 1.032929
3866.805908 0.000000 2390.396973 0.000000 0.347640 0.000000 0.937628 0.775398 0.775398 0.775398
3863.881836 0.000000 2379.429932 0.000000 0.866475 0.000000 -0.499220 1.096566 1.096566 1.096566
3851.540039 0.000000 2390.484131 0.000000 0.995973 0.000000 0.089651 0.983415 0.983415 0.983415
3840.063477 0.000000 2374.340088 0.000000 0.933742 0.000000 -0.357947 1.067629 1.067629 1.067629
3849.684326 0.000000 2392.532959 0.000000 0.818544 0.000000 -0.574444 1.113050 1.113050 1.113050
3836.760986 0.000000 2377.775635 0.000000 0.087418 0.000000 0.996172 0.725975 0.725975 0.725975
3858.763428 0.000000 2378.830566 0.000000 0.686710 0.000000 0.726932 0.849647 0.849647 0.849647
3860.755371 0.000000 2382.287354 0.000000 0.357054 0.000000 -0.934084 1.222744 1.222744 1.222744
3832.066406 0.000000 2382.098145 0.000000 0.786278 0.000000 -0.617873 1.123046 1.123046 1.123046
3851.632568 0.000000 2385.917480 0.000000 0.927302 0.000000 0.374315 0.929121 0.929121 0.929121
3852.922119 0.000000 2398.541016 0.000000 0.071058 0.000000 0.997472 0.722943 0.722943 0.722943
3834.706543 0.000000 2385.657959 0.000000 0.515350 0.000000 0.856980 0.809827 0.809827 0.809827
3865.079834 0.000000 2374.719482 0.000000 0.443067 0.000000 0.896489 0.794605 0.794605 0.794605
3875.844482 0.000000 2377.431641 0.000000 0.327798 0.000000 0.944748 0.805469 0.805469 0.805469
3860.174561 0.000000 2375.216064 0.000000 0.990099 0.000000 -0.140368 1.026018 1.026018 1.026018
3850.898438 0.000000 2393.474609 0.000000 0.752810 0.000000 -0.658238 1.132734 1.132734 1.132734
3855.846436 0.000000 2398.136230 0.000000 0.599708 0.000000 0.800219 0.828620 0.828620 0.828620
3833.931152 0.000000 2381.352051 0.000000 0.069704 0.000000 -0.997568 1.277308 1.277308 1.277308
3835.414795 0.000000 2376.579346 0.000000 0.982331 0.000000 0.187152 0.965220 0.965220 0.965220
3829.465820 0.000000 2385.068848 0.000000 0.923118 0.000000 0.384516 0.927084 0.927084 0.927084
3870.633057 0.000000 2386.508301 0.000000 0.919634 0.000000 0.392775 0.925428 0.925428 0.925428
3843.044922 0.000000 2312.200195 0.000000 0.556604 0.000000 0.830778 0.897189 0.897189 0.897189
3853.992676 0.000000 2384.619629 0.000000 0.370713 0.000000 -0.928747 1.220034 1.220034 1.220034
3831.688232 0.000000 2379.250977 0.000000 0.829515 0.000000 -0.558484 1.109472 1.109472 1.109472
3838.491699 0.000000 2310.135254 0.000000 0.994132 0.000000 0.108172 0.981600 0.981600 0.981600
3864.577393 0.000000 2381.989258 0.000000 0.848041 0.000000 -0.529931 1.103184 1.103184 1.103184
3869.806885 0.000000 2374.938232 0.000000 0.640163 0.000000 -0.768239 1.161852 1.161852 1.161852
3829.197510 0.000000 2379.941162 0.000000 0.945643 0.000000 0.325207 0.938807 0.938807 0.938807
3834.682617 0.000000 2373.722900 0.000000 0.450527 0.000000 -0.892763 1.203855 1.203855 1.203855
3844.147949 0.000000 2311.089111 0.000000 0.961519 0.000000 -0.274739 1.051418 1.051418 1.051418
3847.599609 0.000000 2385.118408 0.000000 0.927900 0.000000 -0.372829 1.116366 1.116366 1.116366
3844.636230 0.000000 2385.117188 0.000000 0.092922 0.000000 -0.995673 1.542320 1.542320 1.542320
3836.875488 0.000000 2380.748535 0.000000 0.165957 0.000000 -0.986133 1.259394 1.259394 1.259394
3843.619629 0.000000 2380.153564 0.000000 0.471393 0.000000 0.881923 0.600979 0.600979 0.600979
3869.678711 0.000000 2372.648438 0.000000 0.999847 0.000000 -0.017507 1.003234 1.003234 1.003234
3831.460205 0.000000 2383.397461 0.000000 0.124576 0.000000 -0.992210 1.267121 1.267121 1.267121
3871.947266 0.000000 2378.944580 0.000000 0.412060 0.000000 -0.911157 1.211733 1.211733 1.211733
3868.821289 0.000000 2383.939697 0.000000 0.298881 0.000000 -0.954290 1.234123 1.234123 1.234123
3836.196533 0.000000 2382.163086 0.000000 0.414751 0.000000 -0.909935 1.211186 1.211186 1.211186
3843.147949 0.000000 2392.923340 0.000000 0.875588 0.000000 -0.483058 1.093138 1.093138 1.093138
3842.889893 0.000000 2374.742188 0.000000 0.483497 0.000000 0.875346 0.803034 0.803034 0.803034
3836.408447 0.000000 2388.074707 0.000000 0.746641 0.000000 -0.665227 1.134457 1.134457 1.134457
3843.115234 0.000000 2383.426758 0.000000 0.092968 0.000000 0.995669 0.454008 0.454008 0.454008
3834.639404 0.000000 2305.145996 0.000000 0.937300 0.000000 0.348523 0.947563 0.947563 0.947563
3860.262939 0.000000 2383.666504 0.000000 0.737201 0.000000 0.675674 0.862942 0.862942 0.862942
3837.248291 0.000000 2386.726807 0.000000 0.811767 0.000000 0.583982 0.884789 0.884789 0.884789
3873.003662 0.000000 2385.605957 0.000000 0.676612 0.000000 -0.736340 1.152903 1.152903 1.152903
3840.433594 0.000000 2305.532715 0.000000 0.680543 0.000000 -0.732708 1.303828 1.303828 1.303828
3832.100098 0.000000 2385.754150 0.000000 0.275221 0.000000 0.961381 0.761314 0.761314 0.761314
3852.194580 0.000000 2393.019775 0.000000 0.977583 0.000000 0.210550 0.960809 0.960809 0.960809
3848.343506 0.000000 2393.319336 0.000000 0.369787 0.000000 -0.929116 1.220218 1.220218 1.220218
3839.910645 0.000000 2385.640869 0.000000 0.091438 0.000000 0.995811 0.453440 0.453440 0.453440
3849.390137 0.000000 2376.362305 0.000000 0.928778 0.000000 -0.370637 1.043605 1.043605 1.043605
3848.184082 0.000000 2378.884521 0.000000 0.351150 0.000000 0.936319 0.776090 0.776090 0.776090
3834.842285 0.000000 2372.195068 0.000000 0.000512 0.000000 -1.000000 1.290102 1.290102 1.290102
3840.336914 0.000000 2308.373535 0.000000 0.085576 0.000000 0.996332 0.655187 0.655187 0.655187
3858.418701 0.000000 2397.685303 0.000000 0.893195 0.000000 0.449669 0.915000 0.915000 0.915000
3829.053711 0.000000 2382.342773 0.000000 0.989232 0.000000 0.146355 0.972864 0.972864 0.972864
3843.156494 0.000000 2378.305908 0.000000 0.636260 0.000000 -0.771475 1.325578 1.325578 1.325578
3847.271973 0.000000 2377.297119 0.000000 0.193270 0.000000 0.981146 0.666708 0.666708 0.666708
3836.808838 0.000000 2372.219971 0.000000 0.624477 0.000000 -0.781043 1.165593 1.165593 1.165593
3874.423584 0.000000 2379.835693 0.000000 0.143027 0.000000 -0.989719 1.224486 1.224486 1.224486
3849.376709 0.000000 2382.868896 0.000000 0.831836 0.000000 0.555022 0.891298 0.891298 0.891298
3839.678223 0.000000 2372.026367 0.000000 0.809102 0.000000 0.587668 0.883948 0.883948 0.883948
3834.222168 0.000000 2383.951904 0.000000 0.268825 0.000000 0.963189 0.760086 0.760086 0.760086
3836.517578 0.000000 2385.578125 0.000000 0.877252 0.000000 0.480030 0.907500 0.907500 0.907500
3843.108398 0.000000 2309.023682 0.000000 0.721108 0.000000 0.692823 0.807004 0.807004 0.807004
3845.788330 0.000000 2310.033691 0.000000 0.801697 0.000000 -0.597730 1.118360 1.118360 1.118360
3855.465332 0.000000 2399.549805 0.000000 0.595507 0.000000 -0.803350 1.172348 1.172348 1.172348
3856.015869 0.000000 2378.503174 0.000000 0.945702 0.000000 -0.325036 1.056201 1.056201 1.056201
3846.831055 0.000000 2395.426514 0.000000 0.916734 0.000000 0.399499 0.924075 0.924075 0.924075
3853.277344 0.000000 2383.436279 0.000000 0.128783 0.000000 -0.991673 1.266338 1.266338 1.266338
3866.824463 0.000000 2379.161865 0.000000 0.381275 0.000000 -0.924462 1.217929 1.217929 1.217929
3870.673584 0.000000 2388.079834 0.000000 0.669167 0.000000 0.743112 0.845238 0.845238 0.845238
3863.720703 0.000000 2374.967529 0.000000 0.251695 0.000000 0.967807 0.756809 0.756809 0.756809
3849.122314 0.000000 2389.816895 0.000000 0.717790 0.000000 0.696260 0.857715 0.857715 0.857715
3863.083984 0.000000 2392.942871 0.000000 0.853461 0.000000 0.521157 0.898722 0.898722 0.898722
3862.217773 0.000000 2373.388184 0.000000 0.235847 0.000000 -0.971790 1.246210 1.246210 1.246210
3841.309326 0.000000 2311.137939 0.000000 0.242142 0.000000 0.970241 0.754987 0.754987 0.754987
3843.775635 0.000000 2386.151123 0.000000 0.055059 0.000000 -0.998483 1.556254 1.556254 1.556254
3870.250732 0.000000 2382.666016 0.000000 0.786772 0.000000 0.617244 0.877102 0.877102 0.877102
3872.459473 0.000000 2381.139648 0.000000 0.971850 0.000000 -0.235602 1.043939 1.043939 1.043939
3838.959473 0.000000 2389.384521 0.000000 0.948559 0.000000 0.316602 0.880971 0.880971 0.880971
3841.458984 0.000000 2306.666504 0.000000 0.836246 0.000000 0.548354 0.807285 0.807285 0.807285
3872.447998 0.000000 2382.798584 0.000000 0.767378 0.000000 -0.641195 1.128592 1.128592 1.128592
3849.673828 0.000000 2397.144531 0.000000 0.675835 0.000000 -0.737053 1.153098 1.153098 1.153098
3852.048828 0.000000 2395.873779 0.000000 0.984529 0.000000 -0.175224 1.032540 1.032540 1.032540
3868.701416 0.000000 2381.073975 0.000000 0.435104 0.000000 0.900380 0.792967 0.792967 0.792967
3835.935547 0.000000 2375.098633 0.000000 0.405808 0.000000 0.913958 0.787002 0.787002 0.787002
3870.596191 0.000000 2373.639893 0.000000 0.979570 0.000000 0.201103 0.965120 0.965120 0.965120
3867.750977 0.000000 2391.695801 0.000000 0.281460 0.000000 0.959573 0.762514 0.762514 0.762514
3842.702393 0.000000 2376.029785 0.000000 0.321954 0.000000 -0.946755 1.372386 1.372386 1.372386
3850.563965 0.000000 2380.205566 0.000000 0.999707 0.000000 -0.024221 1.004475 1.004475 1.004475
3860.309082 0.000000 2377.543457 0.000000 0.999639 0.000000 -0.026856 1.004962 1.004962 1.004962
3846.993896 0.000000 2381.188232 0.000000 0.307346 0.000000 0.951598 0.607295 0.607295 0.607295
3853.701660 0.000000 2382.175537 0.000000 0.290087 0.000000 -0.957000 1.235823 1.235823 1.235823
3862.886230 0.000000 2395.849121 0.000000 0.843018 0.000000 0.537886 0.914929 0.914929 0.914929
3847.472412 0.000000 2387.841064 0.000000 0.987608 0.000000 -0.156938 1.029114 1.029114 1.029114
3867.947754 0.000000 2376.648682 0.000000 0.531632 0.000000 0.846976 0.813358 0.813358 0.813358
3850.638428 0.000000 2398.101807 0.000000 0.331051 0.000000 -0.943613 1.227860 1.227860 1.227860
3833.322266 0.000000 2375.132812 0.000000 0.652596 0.000000 -0.757706 1.158842 1.158842 1.158842
3849.483887 0.000000 2378.565918 0.000000 0.264884 0.000000 0.964280 0.759331 0.759331 0.759331
3862.278320 0.000000 2381.216797 0.000000 0.897514 0.000000 0.440987 0.915628 0.915628 0.915628
3848.953369 0.000000 2385.499023 0.000000 0.635065 0.000000 -0.772459 1.163075 1.163075 1.163075
3841.902100 0.000000 2383.952881 0.000000 0.618517 0.000000 0.785771 0.666003 0.666003 0.666003
3859.834229 0.000000 2381.338623 0.000000 0.942983 0.000000 -0.332840 1.062686 1.062686 1.062686
3864.935303 0.000000 2389.012939 0.000000 0.840461 0.000000 0.541872 0.894204 0.894204 0.894204
3830.197510 0.000000 2383.518311 0.000000 0.773969 0.000000 0.633223 0.873319 0.873319 0.873319
3829.630615 0.000000 2381.137207 0.000000 0.193189 0.000000 -0.981161 1.254280 1.254280 1.254280
3839.805908 0.000000 2379.694824 0.000000 0.999417 0.000000 -0.034131 1.006307 1.006307 1.006307
3851.989746 0.000000 2397.646484 0.000000 0.410028 0.000000 0.912073 0.787856 0.787856 0.787856
3839.507080 0.000000 2377.488037 0.000000 0.929635 0.000000 0.368481 0.930282 0.930282 0.930282
3867.358398 0.000000 2374.143066 0.000000 0.111376 0.000000 -0.993778 1.269577 1.269577 1.269577
3848.197998 0.000000 2380.480469 0.000000 0.918918 0.000000 -0.394450 1.074908 1.074908 1.074908
3867.674561 0.000000 2381.904785 0.000000 0.335134 0.000000 -0.942170 1.227060 1.227060 1.227060
3843.194580 0.000000 2372.331543 0.000000 0.976751 0.000000 -0.214376 1.028048 1.028048 1.028048
3863.357178 0.000000 2386.040771 0.000000 0.460666 0.000000 -0.887574 1.201751 1.201751 1.201751
3853.072266 0.000000 2388.540039 0.000000 0.689910 0.000000 0.723895 0.850462 0.850462 0.850462
3858.173828 0.000000 2381.566162 0.000000 0.511012 0.000000 0.859574 0.808894 0.808894 0.808894
3832.252930 0.000000 2384.378418 0.000000 0.569904 0.000000 0.821711 0.821831 0.821831 0.821831
3826.118164 0.000000 2381.509766 0.000000 0.734971 0.000000 0.678098 0.901401 0.901401 0.901401
3872.364258 0.000000 2375.490234 0.000000 0.197447 0.000000 -0.980314 1.236351 1.236351 1.236351
3868.577148 0.000000 2375.156006 0.000000 0.750386 0.000000 0.661000 0.866587 0.866587 0.866587
3852.796143 0.000000 2379.824707 0.000000 0.136628 0.000000 0.990622 0.799554 0.799554 0.799554
3861.582275 0.000000 2378.717529 0.000000 0.987212 0.000000 -0.159415 1.029577 1.029577 1.029577
3837.163818 0.000000 2389.113037 0.000000 0.637856 0.000000 0.770155 0.837594 0.837594 0.837594
3837.993164 0.000000 2375.697510 0.000000 0.155186 0.000000 0.987885 0.738590 0.738590 0.738590
3837.799805 0.000000 2379.886230 0.000000 0.961119 0.000000 -0.276136 1.051686 1.051686 1.051686
3865.033691 0.000000 2394.902100 0.000000 0.939324 0.000000 -0.343030 1.052449 1.052449 1.052449
3846.292969 0.000000 2387.325684 0.000000 0.995262 0.000000 -0.097232 1.017992 1.017992 1.017992
3856.999756 0.000000 2397.288818 0.000000 0.995931 0.000000 -0.090119 1.016672 1.016672 1.016672
3841.851562 0.000000 2390.265137 0.000000 0.876282 0.000000 -0.481799 1.092872 1.092872 1.092872
3845.812256 0.000000 2383.498535 0.000000 0.417255 0.000000 -0.908789 1.421356 1.421356 1.421356
3828.055420 0.000000 2384.679443 0.000000 0.652988 0.000000 0.757368 0.841254 0.841254 0.841254
3842.895264 0.000000 2391.266357 0.000000 0.174987 0.000000 -0.984571 1.257701 1.257701 1.257701
3873.980469 0.000000 2376.914795 0.000000 0.916876 0.000000 0.399173 0.924141 0.924141 0.924141
3844.980713 0.000000 2390.878662 0.000000 0.788019 0.000000 0.615651 0.877475 0.877475 0.877475
3849.230225 0.000000 2381.225830 0.000000 0.846899 0.000000 -0.531754 1.103581 1.103581 1.103581
3865.559570 0.000000 2382.778076 0.000000 0.998028 0.000000 -0.062766 1.011603 1.011603 1.011603
3837.532227 0.000000 2373.210205 0.000000 0.459970 0.000000 -0.887935 1.201895 1.201895 1.201895
3860.032715 0.000000 2380.074951 0.000000 0.379524 0.000000 -0.925182 1.218278 1.218278 1.218278
3840.451416 0.000000 2391.491943 0.000000 0.939219 0.000000 0.343317 0.935257 0.935257 0.935257
3863.516113 0.000000 2388.292236 0.000000 0.086600 0.000000 0.996243 0.725823 0.725823 0.725823
3853.061523 0.000000 2395.049805 0.000000 0.105878 0.000000 0.994379 0.729401 0.729401 0.729401
3830.286377 0.000000 2387.483887 0.000000 0.914968 0.000000 0.403526 0.923263 0.923263 0.923263
3846.177979 0.000000 2385.978027 0.000000 0.852216 0.000000 -0.523190 1.167698 1.167698 1.167698
3869.618652 0.000000 2390.761719 0.000000 0.974527 0.000000 -0.224271 1.041788 1.041788 1.041788
3873.677490 0.000000 2383.321045 0.000000 0.824209 0.000000 -0.566286 1.111215 1.111215 1.111215
3846.074951 0.000000 2389.973145 0.000000 0.000414 0.000000 -1.000000 1.290120 1.290120 1.290120
3865.299072 0.000000 2392.399902 0.000000 0.529015 0.000000 0.848612 0.812788 0.812788 0.812788
3859.690918 0.000000 2397.049805 0.000000 0.642116 0.000000 0.766607 0.840799 0.840799 0.840799
3844.841553 0.000000 2382.089600 0.000000 0.194503 0.000000 -0.980902 1.508065 1.508065 1.508065
3868.117188 0.000000 2378.973877 0.000000 0.954956 0.000000 0.296748 0.944339 0.944339 0.944339
3855.477783 0.000000 2395.433838 0.000000 0.382843 0.000000 0.923813 0.782385 0.782385 0.782385
3843.493408 0.000000 2376.951416 0.000000 0.451465 0.000000 -0.892289 1.330260 1.330260 1.330260
3871.948730 0.000000 2390.043457 0.000000 0.832197 0.000000 -0.554479 1.088039 1.088039 1.088039
3862.486572 0.000000 2389.544434 0.000000 0.834932 0.000000 0.550354 0.892333 0.892333 0.892333
3834.638916 0.000000 2386.971191 0.000000 0.712830 0.000000 0.701337 0.856403 0.856403 0.856403
3845.170166 0.000000 2394.049561 0.000000 0.167115 0.000000 -0.985937 1.259177 1.259177 1.259177
3841.142090 0.000000 2379.554688 0.000000 0.951884 0.000000 0.306458 0.906688 0.906688 0.906688
3830.726562 0.000000 2386.036377 0.000000 0.793539 0.000000 0.608519 0.879141 0.879141 0.879141
3841.583008 0.000000 2378.424316 0.000000 0.944516 0.000000 -0.328464 1.100265 1.100265 1.100265
3866.547852 0.000000 2380.342041 0.000000 0.834325 0.000000 -0.551272 1.107870 1.107870 1.107870
3866.031738 0.000000 2375.547119 0.000000 0.997797 0.000000 0.066337 0.987736 0.987736 0.987736
3831.213623 0.000000 2378.105469 0.000000 0.904163 0.000000 -0.427188 1.081543 1.081543 1.081543
3849.117432 0.000000 2395.270020 0.000000 0.379928 0.000000 0.925016 0.781802 0.781802 0.781802
3864.032471 0.000000 2390.675293 0.000000 0.150015 0.000000 0.988684 0.737623 0.737623 0.737623
3864.756592 0.000000 2384.643555 0.000000 0.916770 0.000000 -0.399416 1.075908 1.075908 1.075908
3865.749268 0.000000 2385.370850 0.000000 0.267984 0.000000 0.963423 0.759925 0.759925 0.759925
3872.648438 0.000000 2377.909668 0.000000 0.981167 0.000000 0.193160 0.964089 0.964089 0.964089
3869.939941 0.000000 2377.326416 0.000000 0.424568 0.000000 0.905396 0.790812 0.790812 0.790812
3840.779053 0.000000 2383.248047 0.000000 0.970266 0.000000 -0.242042 1.090329 1.090329 1.090329
3839.545166 0.000000 2373.233398 0.000000 0.137181 0.000000 0.990546 0.735228 0.735228 0.735228
3853.784180 0.000000 2390.919922 0.000000 0.878899 0.000000 -0.477009 1.091864 1.091864 1.091864
3845.834717 0.000000 2379.322510 0.000000 0.238139 0.000000 -0.971231 1.491549 1.491549 1.491549
3832.022705 0.000000 2377.243896 0.000000 0.714101 0.000000 -0.700043 1.143262 1.143262 1.143262
3864.250977 0.000000 2393.107178 0.000000 0.908947 0.000000 -0.416911 1.079448 1.079448 1.079448
3854.743652 0.000000 2394.048584 0.000000 0.828200 0.000000 -0.560433 1.109906 1.109906 1.109906
3852.593262 0.000000 2390.988037 0.000000 0.930704 0.000000 0.365772 0.930820 0.930820 0.930820
3873.763672 0.000000 2380.876953 0.000000 0.781084 0.000000 0.624426 0.875409 0.875409 0.875409
3840.882324 0.000000 2381.825195 0.000000 0.897732 0.000000 0.440543 0.831438 0.831438 0.831438
3868.137207 0.000000 2384.864014 0.000000 0.742303 0.000000 0.670065 0.864343 0.864343 0.864343
3843.895508 0.000000 2389.034668 0.000000 0.979356 0.000000 -0.202143 1.061996 1.061996 1.061996
3874.739502 0.000000 2382.223389 0.000000 0.962812 0.000000 -0.270172 1.043028 1.043028 1.043028
3844.319824 0.000000 2393.192383 0.000000 0.867895 0.000000 0.496748 0.903961 0.903961 0.903961
3862.110840 0.000000 2376.715332 0.000000 0.955399 0.000000 -0.295319 1.055384 1.055384 1.055384
3841.336914 0.000000 2373.945801 0.000000 0.937689 0.000000 0.347475 0.934438 0.934438 0.934438
3866.465576 0.000000 2372.394043 0.000000 0.992964 0.000000 0.118415 0.978072 0.978072 0.978072
3866.294434 0.000000 2393.052246 0.000000 0.703743 0.000000 -0.710455 1.145975 1.145975 1.145975
3831.525635 0.000000 2381.089844 0.000000 0.307553 0.000000 -0.951531 1.232441 1.232441 1.232441
3840.462158 0.000000 2375.577148 0.000000 0.501078 0.000000 -0.865402 1.193234 1.193234 1.193234
3839.074707 0.000000 2384.822754 0.000000 0.832080 0.000000 -0.554656 1.217241 1.217241 1.217241
3871.785645 0.000000 2373.499023 0.000000 0.818835 0.000000 -0.574029 1.105324 1.105324 1.105324
3850.524414 0.000000 2386.265625 0.000000 0.187073 0.000000 0.982346 0.744570 0.744570 0.744570
3849.867676 0.000000 2383.947998 0.000000 0.936739 0.000000 -0.350030 1.066065 1.066065 1.066065
3848.343262 0.000000 2387.095703 0.000000 0.537848 0.000000 -0.843042 1.185283 1.185283 1.185283
3838.652100 0.000000 2382.528320 0.000000 0.609090 0.000000 -0.793101 1.338409 1.338409 1.338409
3870.833984 0.000000 2389.358643 0.000000 0.637632 0.000000 0.770341 0.837540 0.837540 0.837540
3847.330322 0.000000 2391.357422 0.000000 0.784799 0.000000 -0.619750 1.123488 1.123488 1.123488
3866.773438 0.000000 2376.580078 0.000000 0.479178 0.000000 0.877718 0.802124 0.802124 0.802124
3835.324219 0.000000 2379.211670 0.000000 0.041588 0.000000 -0.999135 1.282511 1.282511 1.282511
3843.872314 0.000000 2390.649658 0.000000 0.959531 0.000000 0.281604 0.947262 0.947262 0.947262
3845.241455 0.000000 2311.551025 0.000000 0.163110 0.000000 0.986608 0.740073 0.740073 0.740073
3834.728271 0.000000 2389.521484 0.000000 0.937234 0.000000 0.348702 0.934197 0.934197 0.934197
3867.390869 0.000000 2392.783936 0.000000 0.564503 0.000000 -0.825431 1.179381 1.179381 1.179381
3833.564453 0.000000 2373.845947 0.000000 0.392823 0.000000 -0.919614 1.215615 1.215615 1.215615
3859.828857 0.000000 2376.301758 0.000000 0.148228 0.000000 0.988953 0.737290 0.737290 0.737290
3828.822021 0.000000 2378.204346 0.000000 0.568554 0.000000 -0.822646 1.178472 1.178472 1.178472
3869.917480 0.000000 2383.744629 0.000000 0.998447 0.000000 0.055713 0.989702 0.989702 0.989702
3832.895508 0.000000 2379.528320 0.000000 0.570189 0.000000 -0.821514 1.178105 1.178105 1.178105
3863.230713 0.000000 2372.802490 0.000000 0.803672 0.000000 -0.595072 1.117748 1.117748 1.117748
3870.801514 0.000000 2379.168457 0.000000 0.109702 0.000000 0.993964 0.730112 0.730112 0.730112
3842.018066 0.000000 2392.559326 0.000000 0.998692 0.000000 0.051123 0.990551 0.990551 0.990551
3841.521484 0.000000 2376.220947 0.000000 0.708501 0.000000 0.705710 0.855267 0.855267 0.855267
3857.614990 0.000000 2396.093750 0.000000 0.312726 0.000000 0.949843 0.768564 0.768564 0.768564
3833.652344 0.000000 2388.872803 0.000000 0.948734 0.000000 0.316076 0.940588 0.940588 0.940588
3840.809082 0.000000 2388.070312 0.000000 0.197059 0.000000 -0.980392 1.496822 1.496822 1.496822
3865.824219 0.000000 2387.942383 0.000000 0.955583 0.000000 -0.294723 1.055269 1.055269 1.055269
3833.976074 0.000000 2377.966553 0.000000 0.997133 0.000000 0.075672 0.986007 0.986007 0.986007
3841.664795 0.000000 2309.733154 0.000000 0.658699 0.000000 0.752406 0.802251 0.802251 0.802251
3853.275146 0.000000 2387.225342 0.000000 0.937782 0.000000 -0.347226 1.065513 1.065513 1.065513
3862.354492 0.000000 2393.878906 0.000000 0.895239 0.000000 -0.445587 1.085320 1.085320 1.085320
3854.062988 0.000000 2304.644043 0.000000 0.121932 0.000000 -0.992538 1.253148 1.253148 1.253148
3835.700195 0.000000 2383.209717 0.000000 0.153110 0.000000 0.988209 0.738202 0.738202 0.738202
3869.629395 0.000000 2386.097412 0.000000 0.754384 0.000000 -0.656434 1.132292 1.132292 1.132292
3829.601074 0.000000 2377.291992 0.000000 0.641773 0.000000 0.766895 0.838535 0.838535 0.838535
3848.285156 0.000000 2383.078613 0.000000 0.871811 0.000000 -0.489843 1.094573 1.094573 1.094573
3849.727539 0.000000 2388.588379 0.000000 0.941719 0.000000 -0.336400 1.063384 1.063384 1.063384
3839.752197 0.000000 2381.392334 0.000000 0.453589 0.000000 0.891211 0.670453 0.670453 0.670453
3868.467773 0.000000 2387.916016 0.000000 0.600051 0.000000 0.799962 0.828699 0.828699 0.828699
3854.003906 0.000000 2396.232422 0.000000 0.683635 0.000000 -0.729824 1.151133 1.151133 1.151133
3840.214355 0.000000 2311.078857 0.000000 0.999138 0.000000 0.041513 0.992329 0.992329 0.992329
3849.596924 0.000000 2399.439209 0.000000 0.584885 0.000000 -0.811117 1.174779 1.174779 1.174779
3847.139893 0.000000 2382.285400 0.000000 0.855247 0.000000 -0.518220 1.170005 1.170005 1.170005
3867.488525 0.000000 2386.293945 0.000000 0.091238 0.000000 0.995829 0.726683 0.726683 0.726683
3833.185791 0.000000 2382.144043 0.000000 0.481222 0.000000 0.876599 0.802554 0.802554 0.802554
3847.157471 0.000000 2378.540771 0.000000 0.939346 0.000000 -0.342971 1.109248 1.109248 1.109248
3861.263428 0.000000 2375.377686 0.000000 0.756596 0.000000 0.653883 0.868332 0.868332 0.868332
3828.336426 0.000000 2376.093994 0.000000 0.473623 0.000000 0.880728 0.800957 0.800957 0.800957
3852.719971 0.000000 2381.435791 0.000000 0.807465 0.000000 0.589915 0.883435 0.883435 0.883435
3863.021484 0.000000 2374.108643 0.000000 0.986126 0.000000 0.165997 0.969190 0.969190 0.969190
3842.851074 0.000000 2388.761230 0.000000 0.466894 0.000000 -0.884314 1.330475 1.330475 1.330475
3868.820557 0.000000 2391.624512 0.000000 0.023014 0.000000 0.999735 0.714056 0.714056 0.714056
3851.497070 0.000000 2381.726562 0.000000 0.919194 0.000000 -0.393805 1.074779 1.074779 1.074779
3842.874512 0.000000 2382.276855 0.000000 0.878697 0.000000 0.477379 0.816116 0.816116 0.816116
3861.873535 0.000000 2382.423828 0.000000 0.941398 0.000000 0.337298 0.936440 0.936440 0.936440
3861.167969 0.000000 2379.719482 0.000000 0.866401 0.000000 -0.499349 1.096593 1.096593 1.096593
3868.814697 0.000000 2380.016357 0.000000 0.999321 0.000000 0.036843 0.993192 0.993192 0.993192
3841.138428 0.000000 2307.683838 0.000000 0.980151 0.000000 -0.198252 1.066267 1.066267 1.066267
3859.169434 0.000000 2391.411865 0.000000 0.984929 0.000000 -0.172958 1.064229 1.064229 1.064229
3854.725830 0.000000 2380.651123 0.000000 0.770413 0.000000 0.637546 0.842945 0.842945 0.842945
3857.817383 0.000000 2384.652344 0.000000 0.481949 0.000000 0.876199 0.605416 0.605416 0.605416
3847.202881 0.000000 2306.828613 0.000000 0.847676 0.000000 -0.530514 1.206621 1.206621 1.206621
3836.508057 0.000000 2303.978516 0.000000 0.701664 0.000000 0.712508 0.752509 0.752509 0.752509
3843.862549 0.000000 2382.689941 0.000000 0.253723 0.000000 -0.967277 1.485608 1.485608 1.485608
3856.299316 0.000000 2384.942139 0.000000 0.915157 0.000000 0.403098 0.846699 0.846699 0.846699
3844.490479 0.000000 2387.428711 0.000000 0.976866 0.000000 -0.213853 1.065642 1.065642 1.065642
3855.734375 0.000000 2390.232666 0.000000 0.366805 0.000000 0.930298 0.603137 0.603137 0.603137
3846.100586 0.000000 2306.667725 0.000000 0.140979 0.000000 0.990013 0.471872 0.471872 0.471872
3844.501465 0.000000 2380.889404 0.000000 0.098613 0.000000 -0.995126 1.543897 1.543897 1.543897
3858.290771 0.000000 2386.560791 0.000000 0.121680 0.000000 0.992569 0.464679 0.464679 0.464679
3849.770996 0.000000 2303.737549 0.000000 0.992608 0.000000 -0.121362 1.044953 1.044953 1.044953
3841.724121 0.000000 2387.149658 0.000000 0.983796 0.000000 -0.179292 1.066607 1.066607 1.066607
3843.164551 0.000000 2308.023682 0.000000 0.219693 0.000000 -0.975569 1.340227 1.340227 1.340227
3843.833008 0.000000 2384.234863 0.000000 0.508498 0.000000 0.861063 0.616708 0.616708 0.616708
3858.769775 0.000000 2385.601074 0.000000 0.699813 0.000000 -0.714326 1.268165 1.268165 1.268165
3861.865723 0.000000 2391.130859 0.000000 0.303585 0.000000 -0.952805 1.463271 1.463271 1.463271
3845.775879 0.000000 2377.133301 0.000000 0.471008 0.000000 -0.882129 1.323661 1.323661 1.323661
3839.595459 0.000000 2383.456543 0.000000 0.125328 0.000000 0.992115 0.466037 0.466037 0.466037
3841.120117 0.000000 2304.699219 0.000000 0.182284 0.000000 0.983246 0.487338 0.487338 0.487338
3845.346680 0.000000 2307.694580 0.000000 0.956234 0.000000 -0.292602 1.109719 1.109719 1.109719
3839.851074 0.000000 2387.266113 0.000000 0.912816 0.000000 -0.408370 1.155432 1.155432 1.155432
3840.059814 0.000000 2304.601318 0.000000 0.791846 0.000000 0.610721 0.757257 0.757257 0.757257
3845.121338 0.000000 2378.092041 0.000000 0.021594 0.000000 -0.999767 1.572413 1.572413 1.572413
3860.687500 0.000000 2392.376221 0.000000 0.871322 0.000000 0.490712 0.811767 0.811767 0.811767
3844.569824 0.000000 2379.903564 0.000000 0.514725 0.000000 -0.857355 1.380614 1.380614 1.380614
3838.845215 0.000000 2387.647949 0.000000 0.787122 0.000000 -0.616797 1.245587 1.245587 1.245587
3851.875732 0.000000 2306.324707 0.000000 0.993915 0.000000 -0.110146 1.032239 1.032239 1.032239
3860.906738 0.000000 2395.589355 0.000000 0.265238 0.000000 0.964183 0.567568 0.567568 0.567568
3847.359375 0.000000 2376.309082 0.000000 0.009631 0.000000 -0.999954 1.378060 1.378060 1.378060
3838.505127 0.000000 2304.075684 0.000000 0.806016 0.000000 -0.591893 1.210317 1.210317 1.210317
3844.072021 0.000000 2377.951416 0.000000 0.978339 0.000000 0.207008 0.937532 0.937532 0.937532
3855.684570 0.000000 2380.734619 0.000000 0.906168 0.000000 0.422919 0.900796 0.900796 0.900796
3845.239014 0.000000 2384.299561 0.000000 0.441001 0.000000 -0.897507 1.408860 1.408860 1.408860
3858.504639 0.000000 2389.801270 0.000000 0.064342 0.000000 -0.997928 1.556602 1.556602 1.556602
3841.954346 0.000000 2389.183350 0.000000 0.977223 0.000000 -0.212214 1.077410 1.077410 1.077410
3855.946045 0.000000 2303.972900 0.000000 0.846764 0.000000 0.531968 0.848760 0.848760 0.848760
3837.018555 0.000000 2305.017090 0.000000 0.314316 0.000000 0.949318 0.709530 0.709530 0.709530
3843.450928 0.000000 2379.224121 0.000000 0.564294 0.000000 -0.825574 1.358855 1.358855 1.358855
3839.929443 0.000000 2389.634766 0.000000 0.413174 0.000000 0.910652 0.576987 0.576987 0.576987
3854.519531 0.000000 2303.808105 0.000000 0.991893 0.000000 -0.127073 1.034355 1.034355 1.034355
3840.849854 0.000000 2385.848389 0.000000 0.714707 0.000000 0.699424 0.713797 0.713797 0.713797
3858.261475 0.000000 2388.495850 0.000000 0.786470 0.000000 0.617629 0.754022 0.754022 0.754022
3842.636475 0.000000 2387.470703 0.000000 0.640249 0.000000 0.768167 0.678524 0.678524 0.678524
3858.166504 0.000000 2394.168701 0.000000 0.011138 0.000000 -0.999938 1.517870 1.517870 1.517870
3838.096680 0.000000 2386.305176 0.000000 0.523434 0.000000 -0.852066 1.376849 1.376849 1.376849
3847.024658 0.000000 2384.352539 0.000000 0.001953 0.000000 -0.999998 1.477836 1.477836 1.477836
3845.957520 0.000000 2304.864258 0.000000 0.872834 0.000000 0.488017 0.811629 0.811629 0.811629
3842.380615 0.000000 2385.547119 0.000000 0.791369 0.000000 0.611339 0.756968 0.756968 0.756968
3851.364746 0.000000 2304.469971 0.000000 0.997975 0.000000 -0.063606 1.023518 1.023518 1.023518
3849.362793 0.000000 2309.469971 0.000000 0.983076 0.000000 0.183200 0.953543 0.953543 0.953543
3841.851562 0.000000 2380.235840 0.000000 0.996610 0.000000 0.082270 0.969568 0.969568 0.969568
3857.478027 0.000000 2391.201904 0.000000 0.125484 0.000000 -0.992096 1.533905 1.533905 1.533905
3855.467773 0.000000 2386.490967 0.000000 0.921100 0.000000 0.389325 0.854238 0.854238 0.854238
3846.410889 0.000000 2380.450439 0.000000 0.975096 0.000000 -0.221785 1.069793 1.069793 1.069793
3854.254395 0.000000 2385.821777 0.000000 0.831324 0.000000 -0.555788 1.214802 1.214802 1.214802
3857.258789 0.000000 2392.539062 0.000000 0.379599 0.000000 -0.925151 1.392284 1.392284 1.392284
3838.146484 0.000000 2388.933594 0.000000 0.241234 0.000000 0.970467 0.509629 0.509629 0.509629
3845.485596 0.000000 2381.432373 0.000000 0.835914 0.000000 0.548860 0.785327 0.785327 0.785327
3856.970215 0.000000 2383.092529 0.000000 0.898845 0.000000 -0.438267 1.152902 1.152902 1.152902
3838.669189 0.000000 2381.596436 0.000000 0.970628 0.000000 -0.240584 1.072790 1.072790 1.072790
3855.237549 0.000000 2382.477051 0.000000 0.482406 0.000000 -0.875948 1.389062 1.389062 1.389062
3856.780518 0.000000 2389.499023 0.000000 0.211212 0.000000 -0.977440 1.501759 1.501759 1.501759
3838.789062 0.000000 2385.704346 0.000000 0.999829 0.000000 -0.018510 1.006840 1.006840 1.006840
3856.198975 0.000000 2391.042480 0.000000 0.273923 0.000000 -0.961752 1.477870 1.477870 1.477870
3848.053711 0.000000 2304.573975 0.000000 0.667422 0.000000 0.744679 0.689609 0.689609 0.689609
3843.898682 0.000000 2307.279541 0.000000 0.973063 0.000000 0.230540 0.914045 0.914045 0.914045
3858.846924 0.000000 2392.878174 0.000000 0.626414 0.000000 0.779490 0.669731 0.669731 0.669731
3847.891602 0.000000 2378.044189 0.000000 0.643544 0.000000 0.765409 0.727977 0.727977 0.727977
3860.040039 0.000000 2391.645264 0.000000 0.570836 0.000000 0.821064 0.646486 0.646486 0.646486
3843.397461 0.000000 2386.967041 0.000000 0.440273 0.000000 -0.897864 1.409158 1.409158 1.409158
3852.328369 0.000000 2304.912842 0.000000 0.950594 0.000000 -0.310438 1.092201 1.092201 1.092201
3843.102783 0.000000 2380.969238 0.000000 0.947235 0.000000 0.320540 0.879436 0.879436 0.879436
3854.209717 0.000000 2390.166016 0.000000 0.956590 0.000000 0.291439 0.901805 0.901805 0.901805
3844.670898 0.000000 2305.903564 0.000000 0.993773 0.000000 -0.111428 1.041257 1.041257 1.041257
3853.067871 0.000000 2304.388672 0.000000 0.869620 0.000000 -0.493721 1.150828 1.150828 1.150828
3859.867676 0.000000 2388.434570 0.000000 0.758369 0.000000 -0.651825 1.262333 1.262333 1.262333
3840.282715 0.000000 2388.807373 0.000000 0.083803 0.000000 -0.996482 1.538255 1.538255 1.538255
3858.340576 0.000000 2395.541504 0.000000 0.174702 0.000000 0.984621 0.536739 0.536739 0.536739
3847.846191 0.000000 2384.081543 0.000000 0.440808 0.000000 0.897601 0.660609 0.660609 0.660609
3846.485596 0.000000 2382.940674 0.000000 0.860845 0.000000 -0.508867 1.166603 1.166603 1.166603
3838.096191 0.000000 2387.195557 0.000000 0.876833 0.000000 -0.480794 1.185321 1.185321 1.185321
3845.312256 0.000000 2385.681396 0.000000 0.053476 0.000000 0.998569 0.443164 0.443164 0.443164
3849.619629 0.000000 2306.722412 0.000000 0.867489 0.000000 0.497457 0.807620 0.807620 0.807620
3854.895752 0.000000 2384.753906 0.000000 0.878578 0.000000 0.477598 0.818511 0.818511 0.818511
3842.766113 0.000000 2380.156738 0.000000 0.129178 0.000000 0.991621 0.467471 0.467471 0.467471
3841.138916 0.000000 2384.422852 0.000000 0.948603 0.000000 0.316468 0.881023 0.881023 0.881023
3855.012939 0.000000 2387.447266 0.000000 0.826766 0.000000 -0.562547 1.217773 1.217773 1.217773
3848.675537 0.000000 2306.278809 0.000000 0.498524 0.000000 0.866876 0.612442 0.612442 0.612442
3857.768555 0.000000 2383.639648 0.000000 0.125975 0.000000 -0.992033 1.486841 1.486841 1.486841
3861.006592 0.000000 2394.729248 0.000000 0.771001 0.000000 0.636834 0.770764 0.770764 0.770764
3841.697266 0.000000 2386.106445 0.000000 0.770082 0.000000 -0.637945 1.255623 1.255623 1.255623
3856.031006 0.000000 2382.014648 0.000000 0.631049 0.000000 -0.775743 1.299250 1.299250 1.299250
3859.639893 0.000000 2387.258057 0.000000 0.694940 0.000000 0.719068 0.703500 0.703500 0.703500
3845.221436 0.000000 2382.862305 0.000000 0.183021 0.000000 0.983109 0.487616 0.487616 0.487616
3846.765869 0.000000 2385.281494 0.000000 0.871883 0.000000 0.489715 0.844128 0.844128 0.844128
3857.699707 0.000000 2390.109131 0.000000 0.308566 0.000000 -0.951203 1.464489 1.464489 1.464489
3838.177979 0.000000 2384.579346 0.000000 0.109942 0.000000 0.993938 0.460312 0.460312 0.460312
3852.653320 0.000000 2305.970215 0.000000 0.901844 0.000000 -0.432062 1.130502 1.130502 1.130502
3848.871582 0.000000 2305.198730 0.000000 0.807481 0.000000 -0.589894 1.233121 1.233121 1.233121
3861.300049 0.000000 2387.826904 0.000000 0.993907 0.000000 -0.110219 1.037223 1.037223 1.037223
3842.757324 0.000000 2384.191650 0.000000 0.407669 0.000000 -0.913130 1.425244 1.425244 1.425244
3838.657959 0.000000 2305.855225 0.000000 0.531352 0.000000 0.847151 0.664439 0.664439 0.664439
3844.285645 0.000000 2376.454590 0.000000 0.799986 0.000000 -0.600018 1.192791 1.192791 1.192791
3859.848877 0.000000 2389.741699 0.000000 0.636018 0.000000 0.771674 0.674307 0.674307 0.674307
3840.686523 0.000000 2306.306641 0.000000 0.377164 0.000000 -0.926147 1.393158 1.393158 1.393158
3857.053223 0.000000 2385.252441 0.000000 0.009697 0.000000 -0.999953 1.576809 1.576809 1.576809
3840.512451 0.000000 2385.052979 0.000000 0.184902 0.000000 0.982757 0.488323 0.488323 0.488323
3838.838135 0.000000 2388.496338 0.000000 0.429585 0.000000 0.903027 0.583673 0.583673 0.583673
3859.613525 0.000000 2385.717529 0.000000 0.974782 0.000000 -0.223159 1.075851 1.075851 1.075851
3854.499268 0.000000 2383.982910 0.000000 0.995911 0.000000 -0.090341 1.032974 1.032974 1.032974
3840.031738 0.000000 2386.454834 0.000000 0.276032 0.000000 -0.961148 1.477059 1.477059 1.477059
3841.688965 0.000000 2381.738037 0.000000 0.746959 0.000000 -0.664870 1.268737 1.268737 1.268737
3847.962402 0.000000 2379.692871 0.000000 0.710157 0.000000 -0.704043 1.243749 1.243749 1.243749
3848.533203 0.000000 2307.945801 0.000000 0.392706 0.000000 -0.919664 1.431277 1.431277 1.431277
3842.321533 0.000000 2378.049072 0.000000 0.926289 0.000000 0.376813 0.857247 0.857247 0.857247
3859.070801 0.000000 2390.389404 0.000000 0.952605 0.000000 0.304211 0.885787 0.885787 0.885787
3845.278076 0.000000 2304.447510 0.000000 0.867309 0.000000 0.497770 0.807487 0.807487 0.807487
3860.638428 0.000000 2390.458252 0.000000 0.762502 0.000000 0.646986 0.741775 0.741775 0.741775
3855.361572 0.000000 2383.407715 0.000000 0.986410 0.000000 0.164300 0.939841 0.939841 0.939841
3803.245605 0.000000 2399.760010 0.000000 0.999563 0.000000 0.029560 0.996605 0.996605 0.996605
3853.549805 0.000000 2399.643311 0.000000 0.140994 0.000000 -0.990010 1.264061 1.264061 1.264061
3850.818359 0.000000 2399.690430 0.000000 0.970016 0.000000 -0.243042 1.045355 1.045355 1.045355
3525.397461 0.000000 2718.875000 0.000000 0.634991 0.000000 -0.772520 1.191744 1.191744 1.191744
3522.223633 0.000000 2728.924316 0.000000 0.994692 0.000000 0.102901 0.980698 0.980698 0.980698
3514.098633 0.000000 2729.641357 0.000000 0.992067 0.000000 -0.125714 1.060734 1.060734 1.060734
3465.153564 0.000000 2777.227539 0.000000 0.581138 0.000000 0.813805 0.869463 0.869463 0.869463
3524.549561 0.000000 2724.196289 0.000000 0.190148 0.000000 0.981755 0.645274 0.645274 0.645274
3475.879150 0.000000 2779.524414 0.000000 0.999632 0.000000 -0.027122 1.013612 1.013612 1.013612
3525.940430 0.000000 2714.827393 0.000000 0.253006 0.000000 0.967465 0.822719 0.822719 0.822719
3476.822266 0.000000 2723.362793 0.000000 0.993501 0.000000 -0.113827 1.002848 1.002848 1.002848
3525.668457 0.000000 2727.681152 0.000000 0.922340 0.000000 0.386380 0.920769 0.920769 0.920769
3478.398438 0.000000 2720.047119 0.000000 0.696386 0.000000 0.717668 0.688257 0.688257 0.688257
3466.844971 0.000000 2768.331055 0.000000 0.610597 0.000000 0.791941 0.678266 0.678266 0.678266
3513.331543 0.000000 2704.159180 0.000000 0.968309 0.000000 0.249756 0.954626 0.954626 0.954626
3464.559814 0.000000 2773.984131 0.000000 0.822327 0.000000 -0.569015 1.063470 1.063470 1.063470
3526.102539 0.000000 2711.225342 0.000000 0.303440 0.000000 0.952850 0.892836 0.892836 0.892836
3492.868408 0.000000 2725.374023 0.000000 0.920865 0.000000 0.389881 0.860018 0.860018 0.860018
3526.177490 0.000000 2721.683105 0.000000 0.443546 0.000000 -0.896252 1.310719 1.310719 1.310719
3463.169922 0.000000 2724.836914 0.000000 0.890944 0.000000 0.454113 0.892910 0.892910 0.892910
3458.265869 0.000000 2727.803467 0.000000 0.922910 0.000000 -0.385016 1.151951 1.151951 1.151951
3462.668701 0.000000 2775.975098 0.000000 0.657389 0.000000 0.753552 0.882813 0.882813 0.882813
3512.676025 0.000000 2722.464111 0.000000 0.982077 0.000000 -0.188478 1.026036 1.026036 1.026036
3467.056396 0.000000 2774.831543 0.000000 0.461534 0.000000 -0.887123 1.196122 1.196122 1.196122
3515.291260 0.000000 2727.397705 0.000000 0.914659 0.000000 0.404227 0.984417 0.984417 0.984417
3523.386230 0.000000 2726.521240 0.000000 0.631435 0.000000 -0.775429 1.301297 1.301297 1.301297
3516.652588 0.000000 2729.761230 0.000000 0.358919 0.000000 -0.933369 1.336567 1.336567 1.336567
3494.536133 0.000000 2723.548340 0.000000 0.999478 0.000000 0.032319 0.997660 0.997660 0.997660
3524.744141 0.000000 2706.367676 0.000000 0.063227 0.000000 0.997999 0.917201 0.917201 0.917201
3512.760986 0.000000 2727.644775 0.000000 0.695267 0.000000 -0.718751 1.062070 1.062070 1.062070
3511.412109 0.000000 2705.384766 0.000000 0.124320 0.000000 -0.992242 1.552390 1.552390 1.552390
3477.027588 0.000000 2718.081055 0.000000 0.908036 0.000000 0.418893 0.948205 0.948205 0.948205
3522.450195 0.000000 2706.595459 0.000000 0.968707 0.000000 -0.248207 1.033815 1.033815 1.033815
3478.579346 0.000000 2722.140625 0.000000 0.999198 0.000000 -0.040034 1.015796 1.015796 1.015796
3524.066650 0.000000 2722.152832 0.000000 0.673399 0.000000 -0.739279 1.213944 1.213944 1.213944
3521.465820 0.000000 2713.202881 0.000000 0.736071 0.000000 0.676904 0.892334 0.892334 0.892334
3526.148193 0.000000 2716.991699 0.000000 0.822873 0.000000 0.568225 0.731437 0.731437 0.731437
3462.475830 0.000000 2726.717285 0.000000 0.383277 0.000000 0.923633 0.858901 0.858901 0.858901
3476.313232 0.000000 2720.422119 0.000000 0.619888 0.000000 -0.784690 1.078833 1.078833 1.078833
3512.525146 0.000000 2702.165283 0.000000 0.546339 0.000000 0.837564 0.635646 0.635646 0.635646
3479.303223 0.000000 2718.084717 0.000000 0.682726 0.000000 0.730674 0.697274 0.697274 0.697274
3511.228027 0.000000 2721.267578 0.000000 0.398465 0.000000 0.917184 0.826097 0.826097 0.826097
3467.032715 0.000000 2766.439941 0.000000 0.667789 0.000000 0.744351 0.945504 0.945504 0.945504
3523.990967 0.000000 2728.516113 0.000000 0.998856 0.000000 0.047825 0.991042 0.991042 0.991042
3526.847168 0.000000 2720.006836 0.000000 0.451440 0.000000 -0.892301 1.308251 1.308251 1.308251
3524.296143 0.000000 2715.674805 0.000000 0.766224 0.000000 0.642574 0.905920 0.905920 0.905920
3524.703369 0.000000 2720.499512 0.000000 0.897660 0.000000 0.440688 0.886066 0.886066 0.886066
3467.830078 0.000000 2769.856445 0.000000 0.851592 0.000000 0.524205 0.805766 0.805766 0.805766
3457.550293 0.000000 2780.805908 0.000000 0.854825 0.000000 -0.518916 1.115776 1.115776 1.115776
3525.079102 0.000000 2725.891846 0.000000 0.526493 0.000000 -0.850179 1.261343 1.261343 1.261343
3474.045410 0.000000 2778.755371 0.000000 0.860330 0.000000 -0.509737 1.268405 1.268405 1.268405
3478.469482 0.000000 2723.855713 0.000000 0.948189 0.000000 -0.317706 1.127531 1.127531 1.127531
3511.715088 0.000000 2703.696045 0.000000 0.558205 0.000000 0.829703 0.887619 0.887619 0.887619
3527.503662 0.000000 2709.954102 0.000000 0.345597 0.000000 -0.938383 1.112502 1.112502 1.112502
3466.547852 0.000000 2773.174805 0.000000 0.706353 0.000000 -0.707860 1.119770 1.119770 1.119770
3464.465332 0.000000 2775.713867 0.000000 0.390398 0.000000 -0.920646 1.586979 1.586979 1.586979
3524.603516 0.000000 2704.724854 0.000000 0.641204 0.000000 -0.767371 1.124477 1.124477 1.124477
3492.980225 0.000000 2723.226074 0.000000 0.790511 0.000000 -0.612448 1.133294 1.133294 1.133294
3523.045654 0.000000 2713.405518 0.000000 0.155619 0.000000 -0.987817 1.505001 1.505001 1.505001
3462.956299 0.000000 2774.085693 0.000000 0.347286 0.000000 -0.937759 1.166986 1.166986 1.166986
3479.956787 0.000000 2721.438965 0.000000 0.441902 0.000000 -0.897063 1.433501 1.433501 1.433501
3476.577148 0.000000 2780.908447 0.000000 0.324797 0.000000 0.945784 0.560408 0.560408 0.560408
3459.136230 0.000000 2726.555664 0.000000 0.845882 0.000000 0.533370 0.783706 0.783706 0.783706
3458.681396 0.000000 2729.267090 0.000000 0.426076 0.000000 -0.904687 1.231462 1.231462 1.231462
3494.660889 0.000000 2725.004395 0.000000 0.284972 0.000000 0.958536 0.839994 0.839994 0.839994
3469.504883 0.000000 2769.006348 0.000000 0.277213 0.000000 0.960809 0.739155 0.739155 0.739155
3463.678223 0.000000 2777.038086 0.000000 0.253413 0.000000 -0.967358 1.531674 1.531674 1.531674
3477.413818 0.000000 2779.602783 0.000000 0.033500 0.000000 0.999439 0.558639 0.558639 0.558639
3511.280029 0.000000 2723.101318 0.000000 0.492039 0.000000 0.870573 0.638694 0.638694 0.638694
3516.628662 0.000000 2728.095459 0.000000 0.916401 0.000000 0.400262 0.884854 0.884854 0.884854
3515.371338 0.000000 2728.914307 0.000000 0.389543 0.000000 0.921008 0.435936 0.435936 0.435936
3461.722412 0.000000 2724.978027 0.000000 0.999214 0.000000 0.039637 0.991092 0.991092 0.991092
3512.295654 0.000000 2720.250000 0.000000 0.847346 0.000000 -0.531041 1.227815 1.227815 1.227815
3526.854980 0.000000 2718.236084 0.000000 0.373844 0.000000 0.927492 0.243921 0.243921 0.243921
3520.307617 0.000000 2712.304932 0.000000 0.942738 0.000000 0.333534 0.950761 0.950761 0.950761
3522.704346 0.000000 2725.215332 0.000000 0.917817 0.000000 -0.397003 1.058095 1.058095 1.058095
3476.469482 0.000000 2778.211426 0.000000 0.556417 0.000000 -0.830903 1.281570 1.281570 1.281570
3525.237305 0.000000 2722.892822 0.000000 0.866657 0.000000 0.498904 0.865685 0.865685 0.865685
3523.755371 0.000000 2707.368896 0.000000 0.024325 0.000000 0.999704 0.791515 0.791515 0.791515
3514.091064 0.000000 2728.179199 0.000000 0.639332 0.000000 0.768931 0.577351 0.577351 0.577351
3524.038818 0.000000 2714.331787 0.000000 0.316178 0.000000 0.948700 0.831604 0.831604 0.831604
3465.704102 0.000000 2774.794189 0.000000 0.797063 0.000000 -0.603896 1.325361 1.325361 1.325361
3510.115723 0.000000 2704.974854 0.000000 0.785027 0.000000 -0.619462 1.255179 1.255179 1.255179
3461.211426 0.000000 2727.255371 0.000000 0.275658 0.000000 0.961256 0.564713 0.564713 0.564713
3477.181396 0.000000 2719.407959 0.000000 0.045803 0.000000 0.998950 0.817255 0.817255 0.817255
3462.863525 0.000000 2727.989990 0.000000 0.095267 0.000000 -0.995452 1.176802 1.176802 1.176802
3522.883545 0.000000 2727.780518 0.000000 0.815967 0.000000 -0.578098 1.209285 1.209285 1.209285
3512.962646 0.000000 2728.922607 0.000000 0.985584 0.000000 -0.169187 1.071728 1.071728 1.071728
3524.884521 0.000000 2717.529541 0.000000 0.947685 0.000000 -0.319206 1.124099 1.124099 1.124099
3523.536377 0.000000 2705.769043 0.000000 0.942248 0.000000 0.334917 0.833740 0.833740 0.833740
3517.997559 0.000000 2729.933350 0.000000 0.795798 0.000000 -0.605562 1.181881 1.181881 1.181881
3524.419678 0.000000 2727.302490 0.000000 0.978066 0.000000 -0.208294 1.041908 1.041908 1.041908
3525.718506 0.000000 2705.545166 0.000000 0.957874 0.000000 0.287188 0.958549 0.958549 0.958549
3458.791504 0.000000 2780.944336 0.000000 0.534846 0.000000 0.844949 0.819085 0.819085 0.819085
3468.094482 0.000000 2768.616943 0.000000 0.107903 0.000000 -0.994161 1.295784 1.295784 1.295784
3478.235840 0.000000 2718.778564 0.000000 0.270268 0.000000 -0.962785 1.479274 1.479274 1.479274
3462.002930 0.000000 2774.886230 0.000000 0.525088 0.000000 0.851048 0.860221 0.860221 0.860221
3474.310303 0.000000 2779.961426 0.000000 0.885680 0.000000 -0.464295 1.242291 1.242291 1.242291
3513.807617 0.000000 2702.180176 0.000000 0.907596 0.000000 -0.419845 1.159009 1.159009 1.159009
3523.968506 0.000000 2725.307617 0.000000 0.327116 0.000000 0.944984 0.823893 0.823893 0.823893
3525.757080 0.000000 2724.571289 0.000000 0.607386 0.000000 0.794407 0.763934 0.763934 0.763934
3478.126465 0.000000 2717.524658 0.000000 0.713704 0.000000 0.700447 0.779138 0.779138 0.779138
3493.632324 0.000000 2724.372803 0.000000 0.703475 0.000000 0.710720 0.723700 0.723700 0.723700
3512.743896 0.000000 2705.219482 0.000000 0.148065 0.000000 0.988978 0.744360 0.744360 0.744360
3479.395752 0.000000 2723.077393 0.000000 0.599114 0.000000 -0.800664 1.366212 1.366212 1.366212
3493.285889 0.000000 2722.060547 0.000000 0.815708 0.000000 -0.578463 1.124738 1.124738 1.124738
3467.694092 0.000000 2772.943848 0.000000 0.863453 0.000000 0.504430 0.919481 0.919481 0.919481
3524.023682 0.000000 2718.426514 0.000000 0.343791 0.000000 -0.939046 1.264950 1.264950 1.264950
3479.317139 0.000000 2719.296143 0.000000 0.783804 0.000000 0.621008 0.752432 0.752432 0.752432
3517.532227 0.000000 2728.823975 0.000000 0.951817 0.000000 0.306668 0.912847 0.912847 0.912847
3512.919922 0.000000 2721.294678 0.000000 0.998918 0.000000 -0.046502 1.018930 1.018930 1.018930
3479.433594 0.000000 2716.909180 0.000000 0.494522 0.000000 -0.869165 1.299836 1.299836 1.299836
3460.481689 0.000000 2724.929932 0.000000 0.441080 0.000000 -0.897468 1.250303 1.250303 1.250303
3462.558350 0.000000 2777.109131 0.000000 0.082717 0.000000 -0.996573 1.601802 1.601802 1.601802
3525.082764 0.000000 2721.575928 0.000000 0.447160 0.000000 0.894454 0.723580 0.723580 0.723580
3475.287842 0.000000 2778.550049 0.000000 0.780898 0.000000 0.624658 0.661434 0.661434 0.661434
3525.855957 0.000000 2720.491455 0.000000 0.728928 0.000000 -0.684590 1.188250 1.188250 1.188250
3513.148438 0.000000 2703.050293 0.000000 0.421890 0.000000 0.906647 0.583365 0.583365 0.583365
3524.473145 0.000000 2719.438232 0.000000 0.381310 0.000000 -0.924447 1.256205 1.256205 1.256205
3456.781250 0.000000 2781.756592 0.000000 0.770204 0.000000 0.637797 0.853230 0.853230 0.853230
3492.464600 0.000000 2724.325684 0.000000 0.767214 0.000000 -0.641391 1.243372 1.243372 1.243372
3478.964844 0.000000 2720.959229 0.000000 0.999580 0.000000 -0.028988 1.011291 1.011291 1.011291
3525.966797 0.000000 2726.629150 0.000000 0.135049 0.000000 0.990839 0.713330 0.713330 0.713330
3463.354492 0.000000 2725.893311 0.000000 0.902015 0.000000 -0.431705 1.101412 1.101412 1.101412
3523.740479 0.000000 2712.590332 0.000000 0.498020 0.000000 -0.867166 1.374672 1.374672 1.374672
3460.151611 0.000000 2727.012939 0.000000 0.993601 0.000000 0.112947 0.961852 0.961852 0.961852
3522.522217 0.000000 2705.546387 0.000000 0.985844 0.000000 0.167663 0.917990 0.917990 0.917990
3527.509277 0.000000 2720.853516 0.000000 0.244538 0.000000 -0.969640 1.370139 1.370139 1.370139
3522.339355 0.000000 2712.632080 0.000000 0.918172 0.000000 -0.396183 1.145429 1.145429 1.145429
3466.849121 0.000000 2769.373535 0.000000 0.880516 0.000000 -0.474016 1.173840 1.173840 1.173840
3522.297852 0.000000 2726.184082 0.000000 0.548394 0.000000 0.836220 0.663745 0.663745 0.663745
3526.566162 0.000000 2716.030273 0.000000 0.942400 0.000000 0.334487 0.848438 0.848438 0.848438
3510.979980 0.000000 2704.433594 0.000000 0.801882 0.000000 0.597483 0.755401 0.755401 0.755401
3461.626221 0.000000 2725.989258 0.000000 0.759192 0.000000 -0.650867 1.159243 1.159243 1.159243
3510.854980 0.000000 2722.196533 0.000000 0.450893 0.000000 0.892578 0.622733 0.622733 0.622733
3456.550049 0.000000 2780.760986 0.000000 0.749313 0.000000 0.662216 0.846411 0.846411 0.846411
3525.854980 0.000000 2717.986816 0.000000 0.475559 0.000000 0.879684 0.589305 0.589305 0.589305
3524.357666 0.000000 2716.651367 0.000000 0.471150 0.000000 0.882053 0.587393 0.587393 0.587393
3526.349365 0.000000 2719.050049 0.000000 0.849030 0.000000 0.528345 0.645626 0.645626 0.645626
3527.295166 0.000000 2719.181152 0.000000 0.930706 0.000000 -0.365768 1.238388 1.238388 1.238388
3512.031982 0.000000 2721.761963 0.000000 0.999621 0.000000 0.027514 0.988802 0.988802 0.988802
3459.181396 0.000000 2727.508789 0.000000 0.893323 0.000000 -0.449416 1.179205 1.179205 1.179205
3527.272949 0.000000 2717.389648 0.000000 0.914469 0.000000 -0.404656 1.185132 1.185132 1.185132
3455.657227 0.000000 2731.014648 0.000000 0.039857 0.000000 0.999205 0.315855 0.315855 0.315855
3479.467041 0.000000 2720.205566 0.000000 0.964708 0.000000 0.263323 0.896222 0.896222 0.896222
3477.292480 0.000000 2778.677002 0.000000 0.973494 0.000000 0.228714 0.933749 0.933749 0.933749
3463.547119 0.000000 2776.122314 0.000000 0.237486 0.000000 -0.971391 1.538319 1.538319 1.538319
3464.759277 0.000000 2774.878174 0.000000 0.960704 0.000000 -0.277573 1.141142 1.141142 1.141142
3527.472412 0.000000 2716.507080 0.000000 0.918353 0.000000 -0.395763 1.180820 1.180820 1.180820
3475.003418 0.000000 2779.386719 0.000000 0.380151 0.000000 -0.924924 1.592551 1.592551 1.592551
3513.984863 0.000000 2703.263428 0.000000 0.422057 0.000000 0.906569 0.583433 0.583433 0.583433
3514.955322 0.000000 2729.747070 0.000000 0.989449 0.000000 0.144883 0.929944 0.929944 0.929944
3523.733398 0.000000 2704.881836 0.000000 0.878478 0.000000 -0.477784 1.242503 1.242503 1.242503
3516.330811 0.000000 2728.920410 0.000000 0.942535 0.000000 0.334109 0.904747 0.904747 0.904747
3456.573975 0.000000 2783.523682 0.000000 0.341140 0.000000 -0.940012 1.497549 1.497549 1.497549
3476.787598 0.000000 2781.794189 0.000000 0.966476 0.000000 -0.256757 1.092054 1.092054 1.092054
3515.769775 0.000000 2728.095215 0.000000 0.637113 0.000000 0.770770 0.575962 0.575962 0.575962
3479.484863 0.000000 2722.178223 0.000000 0.681668 0.000000 0.731661 0.676249 0.676249 0.676249
3477.327393 0.000000 2780.515869 0.000000 0.353296 0.000000 -0.935511 1.428852 1.428852 1.428852
3476.626709 0.000000 2780.005371 0.000000 0.025192 0.000000 0.999683 0.452069 0.452069 0.452069
3523.899414 0.000000 2713.467529 0.000000 0.686393 0.000000 0.727231 0.709297 0.709297 0.709297
3512.281006 0.000000 2703.048828 0.000000 0.873003 0.000000 -0.487714 1.186972 1.186972 1.186972
3512.536621 0.000000 2703.851074 0.000000 0.959430 0.000000 -0.281947 1.104895 1.104895 1.104895
3513.489990 0.000000 2720.694092 0.000000 0.395577 0.000000 0.918433 0.526284 0.526284 0.526284
3523.581055 0.000000 2727.327393 0.000000 0.550354 0.000000 -0.834931 1.335459 1.335459 1.335459
3514.935059 0.000000 2728.146729 0.000000 0.913559 0.000000 -0.406707 1.201815 1.201815 1.201815
3522.097168 0.000000 2704.675537 0.000000 0.693776 0.000000 0.720191 0.608553 0.608553 0.608553
3515.801758 0.000000 2729.795898 0.000000 0.553125 0.000000 0.833099 0.525545 0.525545 0.525545
3493.802979 0.000000 2725.167969 0.000000 0.859813 0.000000 0.510609 0.812696 0.812696 0.812696
3510.149902 0.000000 2723.536377 0.000000 0.973052 0.000000 0.230585 0.920417 0.920417 0.920417
3465.374023 0.000000 2774.048828 0.000000 0.964427 0.000000 0.264349 0.865752 0.865752 0.865752
3463.291260 0.000000 2777.780762 0.000000 0.049652 0.000000 0.998767 0.384795 0.384795 0.384795
3514.516357 0.000000 2728.942627 0.000000 0.849918 0.000000 -0.526915 1.267402 1.267402 1.267402
3512.141846 0.000000 2728.866211 0.000000 0.413911 0.000000 0.910317 0.517306 0.517306 0.517306
3522.645264 0.000000 2726.988281 0.000000 0.952922 0.000000 0.303216 0.895402 0.895402 0.895402
3525.224854 0.000000 2716.780518 0.000000 0.983242 0.000000 -0.182308 1.070028 1.070028 1.070028
3478.462158 0.000000 2722.977783 0.000000 0.944100 0.000000 -0.329658 1.132514 1.132514 1.132514
3456.116211 0.000000 2782.195801 0.000000 0.578463 0.000000 -0.815709 1.388199 1.388199 1.388199
3534.011475 0.000000 2721.937012 0.000000 0.978469 0.000000 0.206395 0.901908 0.901908 0.901908
3588.366455 0.000000 2715.984863 0.000000 0.727427 0.000000 0.686185 0.697925 0.697925 0.697925
3589.403320 0.000000 2710.003662 0.000000 0.737634 0.000000 -0.675201 1.009253 1.009253 1.009253
3528.538574 0.000000 2720.469727 0.000000 0.684144 0.000000 0.729347 0.879605 0.879605 0.879605
3528.201660 0.000000 2708.295898 0.000000 0.862851 0.000000 0.505459 0.895487 0.895487 0.895487
3572.210938 0.000000 2720.895508 0.000000 0.216343 0.000000 -0.976318 1.341093 1.341093 1.341093
3574.882812 0.000000 2697.004150 0.000000 0.978768 0.000000 -0.204973 1.003092 1.003092 1.003092
3591.481445 0.000000 2713.645508 0.000000 0.089970 0.000000 -0.995944 1.665397 1.665397 1.665397
3535.749756 0.000000 2718.760498 0.000000 0.173451 0.000000 0.984842 0.365486 0.365486 0.365486
3589.569092 0.000000 2696.250488 0.000000 0.817506 0.000000 -0.575920 1.027580 1.027580 1.027580
3531.178955 0.000000 2713.232178 0.000000 0.360172 0.000000 -0.932886 1.111063 1.111063 1.111063
3540.900146 0.000000 2722.981201 0.000000 0.485200 0.000000 -0.874403 1.270998 1.270998 1.270998
3527.619385 0.000000 2717.398193 0.000000 0.313935 0.000000 0.949445 0.443868 0.443868 0.443868
3528.821777 0.000000 2711.132812 0.000000 0.971952 0.000000 -0.235181 1.086533 1.086533 1.086533
3588.706055 0.000000 2712.822266 0.000000 0.058974 0.000000 0.998260 0.845256 0.845256 0.845256
3591.961182 0.000000 2710.905029 0.000000 0.989033 0.000000 0.147695 0.928944 0.928944 0.928944
3595.447021 0.000000 2701.556152 0.000000 0.621892 0.000000 0.783103 0.883208 0.883208 0.883208
3536.497314 0.000000 2721.337402 0.000000 0.059476 0.000000 0.998230 0.773620 0.773620 0.773620
3586.301758 0.000000 2714.666504 0.000000 0.954517 0.000000 -0.298156 1.044595 1.044595 1.044595
3590.737793 0.000000 2715.994629 0.000000 0.878040 0.000000 -0.478587 1.094688 1.094688 1.094688
3534.252197 0.000000 2716.797607 0.000000 0.902743 0.000000 -0.430181 1.213158 1.213158 1.213158
3574.251221 0.000000 2719.515869 0.000000 0.980529 0.000000 0.196372 0.946213 0.946213 0.946213
3529.821289 0.000000 2718.251221 0.000000 0.977053 0.000000 0.212997 0.940519 0.940519 0.940519
3590.116455 0.000000 2694.015869 0.000000 0.993252 0.000000 -0.115980 1.014220 1.014220 1.014220
3591.874512 0.000000 2696.218506 0.000000 0.991918 0.000000 -0.126878 1.049548 1.049548 1.049548
3532.487549 0.000000 2723.770264 0.000000 0.452601 0.000000 0.891713 0.920279 0.920279 0.920279
3596.952393 0.000000 2703.139404 0.000000 0.943019 0.000000 -0.332740 1.136343 1.136343 1.136343
3533.699707 0.000000 2719.475342 0.000000 0.963578 0.000000 0.267428 0.970937 0.970937 0.970937
3549.572510 0.000000 2710.026367 0.000000 0.165090 0.000000 0.986278 0.579098 0.579098 0.579098
3548.211426 0.000000 2711.766846 0.000000 0.619973 0.000000 0.784623 0.729747 0.729747 0.729747
3591.060547 0.000000 2698.171631 0.000000 0.339048 0.000000 0.940769 0.654446 0.654446 0.654446
3538.815674 0.000000 2721.799805 0.000000 0.097952 0.000000 -0.995191 1.481639 1.481639 1.481639
3591.776855 0.000000 2689.406006 0.000000 0.412579 0.000000 0.910922 0.905626 0.905626 0.905626
3592.980225 0.000000 2692.018066 0.000000 0.228891 0.000000 -0.973452 1.230806 1.230806 1.230806
3589.598145 0.000000 2717.572510 0.000000 0.994067 0.000000 -0.108772 1.019591 1.019591 1.019591
3555.052979 0.000000 2690.969482 0.000000 0.963019 0.000000 0.269432 0.914186 0.914186 0.914186
3576.724609 0.000000 2709.864746 0.000000 0.958031 0.000000 0.286663 0.965885 0.965885 0.965885
3590.440674 0.000000 2712.072754 0.000000 0.985908 0.000000 0.167291 0.924468 0.924468 0.924468
3535.793701 0.000000 2723.085205 0.000000 0.817026 0.000000 -0.576601 1.042960 1.042960 1.042960
3591.329102 0.000000 2709.154541 0.000000 0.990239 0.000000 0.139379 0.980799 0.980799 0.980799
3593.042236 0.000000 2703.607422 0.000000 0.264986 0.000000 0.964252 0.801627 0.801627 0.801627
3589.813721 0.000000 2714.382812 0.000000 0.276257 0.000000 0.961084 0.484353 0.484353 0.484353
3530.838867 0.000000 2711.431885 0.000000 0.523951 0.000000 -0.851748 1.185768 1.185768 1.185768
3529.343750 0.000000 2712.862061 0.000000 0.623362 0.000000 0.781933 0.885693 0.885693 0.885693
3577.881836 0.000000 2702.267334 0.000000 0.989837 0.000000 0.142206 0.940153 0.940153 0.940153
3529.850342 0.000000 2721.678955 0.000000 0.236532 0.000000 -0.971624 1.196199 1.196199 1.196199
3527.622559 0.000000 2721.942383 0.000000 0.328577 0.000000 -0.944477 1.345602 1.345602 1.345602
3586.741455 0.000000 2716.627441 0.000000 0.904334 0.000000 -0.426825 1.157432 1.157432 1.157432
3558.520020 0.000000 2691.547363 0.000000 0.829306 0.000000 0.558795 0.903782 0.903782 0.903782
3532.704102 0.000000 2718.092285 0.000000 0.954063 0.000000 0.299605 0.967335 0.967335 0.967335
3596.583008 0.000000 2700.224121 0.000000 0.081679 0.000000 -0.996659 1.219328 1.219328 1.219328
3587.269043 0.000000 2687.713135 0.000000 0.969276 0.000000 -0.245977 1.079419 1.079419 1.079419
3534.992676 0.000000 2720.562988 0.000000 0.196167 0.000000 0.980570 0.351989 0.351989 0.351989
3573.792236 0.000000 2721.365967 0.000000 0.994589 0.000000 0.103884 0.973758 0.973758 0.973758
3527.740234 0.000000 2719.062500 0.000000 0.846410 0.000000 0.532532 0.642481 0.642481 0.642481
3591.377197 0.000000 2692.963867 0.000000 0.993622 0.000000 0.112758 0.961069 0.961069 0.961069
3594.528809 0.000000 2702.877686 0.000000 0.901414 0.000000 -0.432959 1.178862 1.178862 1.178862
3577.739258 0.000000 2708.463135 0.000000 0.627294 0.000000 0.778783 0.895250 0.895250 0.895250
3579.845703 0.000000 2708.278076 0.000000 0.972764 0.000000 0.231796 0.973720 0.973720 0.973720
3577.183838 0.000000 2706.674316 0.000000 0.848239 0.000000 0.529614 0.888525 0.888525 0.888525
3588.189941 0.000000 2714.398682 0.000000 0.846101 0.000000 -0.533023 1.224557 1.224557 1.224557
3575.317871 0.000000 2721.057373 0.000000 0.993415 0.000000 -0.114568 1.030385 1.030385 1.030385
3532.830322 0.000000 2720.875000 0.000000 0.998613 0.000000 -0.052658 1.011048 1.011048 1.011048
3535.026367 0.000000 2715.479980 0.000000 0.168567 0.000000 0.985690 0.489188 0.489188 0.489188
3556.208740 0.000000 2692.055908 0.000000 0.746960 0.000000 -0.664869 1.072631 1.072631 1.072631
3529.976318 0.000000 2719.765869 0.000000 0.512609 0.000000 0.858622 0.713856 0.713856 0.713856
3529.197998 0.000000 2716.893311 0.000000 0.736633 0.000000 -0.676293 1.148339 1.148339 1.148339
3528.710938 0.000000 2709.674072 0.000000 0.704492 0.000000 -0.709712 1.155630 1.155630 1.155630
3529.683105 0.000000 2708.275391 0.000000 0.029330 0.000000 -0.999570 1.304018 1.304018 1.304018
3557.545898 0.000000 2692.634521 0.000000 0.797242 0.000000 -0.603660 1.064719 1.064719 1.064719
3539.399414 0.000000 2723.132324 0.000000 0.128863 0.000000 -0.991662 1.439073 1.439073 1.439073
3580.786865 0.000000 2707.197754 0.000000 0.316964 0.000000 0.948438 0.778738 0.778738 0.778738
3546.843506 0.000000 2711.137695 0.000000 0.754920 0.000000 -0.655817 1.203569 1.203569 1.203569
3591.095703 0.000000 2695.040039 0.000000 0.996500 0.000000 0.083595 0.989762 0.989762 0.989762
3555.301270 0.000000 2689.478027 0.000000 0.997640 0.000000 -0.068655 1.019384 1.019384 1.019384
3574.258789 0.000000 2698.724854 0.000000 0.587699 0.000000 0.809079 0.788211 0.788211 0.788211
3534.178711 0.000000 2718.189209 0.000000 0.862859 0.000000 -0.505445 1.240770 1.240770 1.240770
3592.311035 0.000000 2690.683105 0.000000 0.723182 0.000000 0.690658 0.792533 0.792533 0.792533
3590.673584 0.000000 2710.507324 0.000000 0.784738 0.000000 0.619827 0.679552 0.679552 0.679552
3596.795166 0.000000 2701.654297 0.000000 0.996374 0.000000 0.085082 0.987453 0.987453 0.987453
3574.541504 0.000000 2718.120605 0.000000 0.733741 0.000000 0.679429 0.796728 0.796728 0.796728
3548.307129 0.000000 2710.441406 0.000000 0.791776 0.000000 -0.610811 1.196853 1.196853 1.196853
3536.281494 0.000000 2720.026855 0.000000 0.864984 0.000000 0.501799 0.921257 0.921257 0.921257
3593.944580 0.000000 2692.979004 0.000000 0.461570 0.000000 0.887104 0.812057 0.812057 0.812057
3575.964844 0.000000 2699.960205 0.000000 0.289045 0.000000 -0.957315 1.287056 1.287056 1.287056
3575.465088 0.000000 2719.068604 0.000000 0.045653 0.000000 -0.998957 1.415023 1.415023 1.415023
3535.302002 0.000000 2721.834229 0.000000 0.622551 0.000000 -0.782580 1.424096 1.424096 1.424096
3537.822021 0.000000 2720.930420 0.000000 0.720089 0.000000 0.693882 0.885129 0.885129 0.885129
3577.424072 0.000000 2699.299316 0.000000 0.158365 0.000000 0.987381 0.584105 0.584105 0.584105
3579.652832 0.000000 2706.122559 0.000000 0.974974 0.000000 -0.222318 1.114740 1.114740 1.114740
3595.197510 0.000000 2700.305664 0.000000 0.779510 0.000000 0.626389 0.912123 0.912123 0.912123
3590.731201 0.000000 2696.944092 0.000000 0.633276 0.000000 -0.773926 1.344680 1.344680 1.344680
3535.274414 0.000000 2717.531494 0.000000 0.328559 0.000000 -0.944484 1.592470 1.592470 1.592470
3588.008789 0.000000 2717.190918 0.000000 0.176609 0.000000 -0.984281 1.250440 1.250440 1.250440
3595.708496 0.000000 2703.561523 0.000000 0.969611 0.000000 -0.244650 1.098727 1.098727 1.098727
3549.427246 0.000000 2711.251953 0.000000 0.847806 0.000000 -0.530307 1.167457 1.167457 1.167457
3592.946533 0.000000 2688.950684 0.000000 0.192419 0.000000 -0.981313 1.591365 1.591365 1.591365
3531.423340 0.000000 2710.363770 0.000000 0.590264 0.000000 0.807211 0.828794 0.828794 0.828794
3587.244629 0.000000 2715.460449 0.000000 0.998469 0.000000 0.055315 0.991848 0.991848 0.991848
3576.850830 0.000000 2703.665527 0.000000 0.216876 0.000000 0.976199 0.432867 0.432867 0.432867
3576.739014 0.000000 2701.771729 0.000000 0.049435 0.000000 0.998777 0.244178 0.244178 0.244178
3580.215332 0.000000 2704.284424 0.000000 0.350055 0.000000 0.936729 0.357910 0.357910 0.357910
3528.601318 0.000000 2718.193604 0.000000 0.738417 0.000000 -0.674344 1.205088 1.205088 1.205088
3591.186523 0.000000 2714.802002 0.000000 0.070951 0.000000 0.997480 0.715434 0.715434 0.715434
3539.995361 0.000000 2722.021973 0.000000 0.053698 0.000000 0.998557 0.537932 0.537932 0.537932
3589.545654 0.000000 2716.320801 0.000000 0.410434 0.000000 0.911890 0.793669 0.793669 0.793669
3575.273926 0.000000 2698.146484 0.000000 0.437162 0.000000 -0.899383 1.251282 1.251282 1.251282
3597.985596 0.000000 2703.660889 0.000000 0.470898 0.000000 -0.882188 1.434296 1.434296 1.434296
3529.906006 0.000000 2710.665527 0.000000 0.885404 0.000000 0.464822 0.823790 0.823790 0.823790
3597.791260 0.000000 2702.259033 0.000000 0.954120 0.000000 0.299425 0.877773 0.877773 0.877773
3590.676758 0.000000 2699.247559 0.000000 0.585306 0.000000 0.810812 0.733254 0.733254 0.733254
3528.932129 0.000000 2719.313232 0.000000 0.709556 0.000000 -0.704649 1.216685 1.216685 1.216685
3573.339355 0.000000 2720.311279 0.000000 0.202489 0.000000 0.979284 0.655335 0.655335 0.655335
3534.791016 0.000000 2719.327393 0.000000 0.960954 0.000000 0.276709 0.872609 0.872609 0.872609
3529.767578 0.000000 2711.813232 0.000000 0.388127 0.000000 -0.921606 1.427262 1.427262 1.427262
3596.068848 0.000000 2702.499268 0.000000 0.681676 0.000000 -0.731654 1.329894 1.329894 1.329894
3572.702637 0.000000 2721.897461 0.000000 0.096896 0.000000 -0.995295 1.371608 1.371608 1.371608
3541.852539 0.000000 2723.536133 0.000000 0.359354 0.000000 -0.933201 1.306398 1.306398 1.306398
3581.495850 0.000000 2702.654785 0.000000 0.338568 0.000000 0.940942 0.507457 0.507457 0.507457
3555.986572 0.000000 2690.324463 0.000000 0.529739 0.000000 0.848161 0.681502 0.681502 0.681502
3538.904785 0.000000 2720.740479 0.000000 0.410002 0.000000 0.912085 0.624438 0.624438 0.624438
3534.858154 0.000000 2714.419434 0.000000 0.778885 0.000000 -0.627167 1.247096 1.247096 1.247096
3535.395264 0.000000 2716.479492 0.000000 0.446576 0.000000 -0.894746 1.531039 1.531039 1.531039
3589.028564 0.000000 2715.096436 0.000000 0.074460 0.000000 0.997224 0.402319 0.402319 0.402319
3533.993408 0.000000 2720.891113 0.000000 0.919021 0.000000 0.394210 0.915024 0.915024 0.915024
3575.197998 0.000000 2699.197754 0.000000 0.474151 0.000000 -0.880443 1.241945 1.241945 1.241945
3539.964111 0.000000 2720.988037 0.000000 0.026057 0.000000 -0.999660 1.505203 1.505203 1.505203
3540.221436 0.000000 2723.763428 0.000000 0.992521 0.000000 -0.122077 1.031164 1.031164 1.031164
3594.094238 0.000000 2703.836914 0.000000 0.974807 0.000000 0.223049 0.910148 0.910148 0.910148
3580.552002 0.000000 2703.129639 0.000000 0.991027 0.000000 -0.133664 1.053887 1.053887 1.053887
3538.417969 0.000000 2722.806396 0.000000 0.916881 0.000000 -0.399160 1.125060 1.125060 1.125060
3574.421387 0.000000 2720.519043 0.000000 0.874359 0.000000 0.485280 0.865914 0.865914 0.865914
3575.354980 0.000000 2720.060791 0.000000 0.181582 0.000000 -0.983376 1.367365 1.367365 1.367365
3554.244873 0.000000 2691.578857 0.000000 0.571761 0.000000 -0.820420 1.302657 1.302657 1.302657
3555.195801 0.000000 2691.961182 0.000000 0.735158 0.000000 0.677896 0.765682 0.765682 0.765682
3555.702637 0.000000 2688.567383 0.000000 0.694630 0.000000 -0.719367 1.226503 1.226503 1.226503
3557.377930 0.000000 2691.632080 0.000000 0.827043 0.000000 0.562139 0.776446 0.776446 0.776446
3589.959961 0.000000 2715.392334 0.000000 0.756367 0.000000 0.654148 0.715172 0.715172 0.715172
3591.317139 0.000000 2712.601074 0.000000 0.092307 0.000000 -0.995731 1.664342 1.664342 1.664342
3554.419922 0.000000 2690.173828 0.000000 0.991738 0.000000 0.128278 0.959537 0.959537 0.959537
3593.299561 0.000000 2691.098389 0.000000 0.956438 0.000000 -0.291934 1.080616 1.080616 1.080616
3591.161133 0.000000 2711.440918 0.000000 0.806421 0.000000 -0.591341 1.303287 1.303287 1.303287
3586.807373 0.000000 2717.589600 0.000000 0.842262 0.000000 0.539069 0.796745 0.796745 0.796745
3577.835693 0.000000 2701.272949 0.000000 0.992906 0.000000 0.118902 0.940788 0.940788 0.940788
3527.679199 0.000000 2720.949951 0.000000 0.146116 0.000000 -0.989267 1.398213 1.398213 1.398213
3535.841797 0.000000 2714.447754 0.000000 0.557020 0.000000 -0.830499 1.357207 1.357207 1.357207
3577.011719 0.000000 2702.697754 0.000000 0.593903 0.000000 -0.804536 1.392113 1.392113 1.392113
3591.601562 0.000000 2710.033691 0.000000 0.948404 0.000000 0.317065 0.845350 0.845350 0.845350
3581.153320 0.000000 2704.729980 0.000000 0.723249 0.000000 0.690588 0.596538 0.596538 0.596538
3592.693604 0.000000 2689.847900 0.000000 0.091270 0.000000 -0.995826 1.635263 1.635263 1.635263
3590.465332 0.000000 2693.147705 0.000000 0.916239 0.000000 -0.400631 1.142015 1.142015 1.142015
3579.681641 0.000000 2707.282471 0.000000 0.552750 0.000000 0.833347 0.495815 0.495815 0.495815
3554.664062 0.000000 2688.794922 0.000000 0.943241 0.000000 0.332108 0.904495 0.904495 0.904495
3527.793701 0.000000 2719.958984 0.000000 0.364443 0.000000 0.931226 0.237481 0.237481 0.237481
3590.624023 0.000000 2713.975098 0.000000 0.975487 0.000000 0.220057 0.900295 0.900295 0.900295
3574.631348 0.000000 2721.688721 0.000000 0.896119 0.000000 0.443813 0.878308 0.878308 0.878308
3590.860352 0.000000 2696.053223 0.000000 0.899249 0.000000 -0.437437 1.176327 1.176327 1.176327
3590.892334 0.000000 2692.182373 0.000000 0.287445 0.000000 0.957797 0.559272 0.559272 0.559272
3555.929932 0.000000 2691.217041 0.000000 0.567776 0.000000 -0.823183 1.304183 1.304183 1.304183
3535.888916 0.000000 2715.770996 0.000000 0.018656 0.000000 0.999826 0.434251 0.434251 0.434251
3576.353760 0.000000 2700.746826 0.000000 0.972448 0.000000 0.233120 0.883107 0.883107 0.883107
3587.577148 0.000000 2716.371338 0.000000 0.126963 0.000000 0.991907 0.484665 0.484665 0.484665
3535.790527 0.000000 2720.881348 0.000000 0.000037 0.000000 1.000000 0.258841 0.258841 0.258841
3596.492920 0.000000 2703.869141 0.000000 0.512016 0.000000 0.858976 0.584685 0.584685 0.584685
3534.317139 0.000000 2720.038330 0.000000 0.464105 0.000000 0.885780 0.486548 0.486548 0.486548
3535.457764 0.000000 2719.840088 0.000000 0.469928 0.000000 -0.882705 1.491442 1.491442 1.491442
3538.336914 0.000000 2720.129395 0.000000 0.598917 0.000000 -0.800811 1.303712 1.303712 1.303712
3580.092529 0.000000 2702.438721 0.000000 0.168104 0.000000 0.985769 0.436518 0.436518 0.436518
3588.059814 0.000000 2715.212891 0.000000 0.604264 0.000000 -0.796784 1.368273 1.368273 1.368273
3529.166016 0.000000 2710.365723 0.000000 0.006959 0.000000 -0.999976 1.570013 1.570013 1.570013
3534.623535 0.000000 2721.379150 0.000000 0.599010 0.000000 -0.800741 1.438125 1.438125 1.438125
3577.669434 0.000000 2703.160889 0.000000 0.624771 0.000000 -0.780808 1.375783 1.375783 1.375783
3472.952148 0.000000 2791.677490 0.000000 0.253432 0.000000 -0.967353 1.006564 1.006564 1.006564
3485.886475 0.000000 2821.478516 0.000000 0.111357 0.000000 -0.993780 1.739526 1.739526 1.739526
3470.290527 0.000000 2844.992920 0.000000 0.992828 0.000000 0.119554 0.966491 0.966491 0.966491
3470.996094 0.000000 2795.776855 0.000000 0.638290 0.000000 -0.769796 1.228100 1.228100 1.228100
3487.356934 0.000000 2824.974121 0.000000 0.205893 0.000000 -0.978574 1.197423 1.197423 1.197423
3489.746582 0.000000 2820.984619 0.000000 0.768552 0.000000 0.639787 0.883878 0.883878 0.883878
3455.627197 0.000000 2813.382568 0.000000 0.832989 0.000000 -0.553290 1.172722 1.172722 1.172722
3484.073486 0.000000 2818.557617 0.000000 0.259606 0.000000 0.965715 0.392535 0.392535 0.392535
3484.197266 0.000000 2824.899902 0.000000 0.851771 0.000000 -0.523914 1.257442 1.257442 1.257442
3473.131592 0.000000 2843.829834 0.000000 0.973200 0.000000 0.229961 0.993048 0.993048 0.993048
3459.293701 0.000000 2803.570312 0.000000 0.990393 0.000000 -0.138284 1.005195 1.005195 1.005195
3482.486328 0.000000 2821.211182 0.000000 0.764585 0.000000 -0.644522 1.019234 1.019234 1.019234
3456.829590 0.000000 2807.117188 0.000000 0.654616 0.000000 -0.755961 1.284599 1.284599 1.284599
3488.993652 0.000000 2830.344727 0.000000 0.140897 0.000000 0.990024 0.825137 0.825137 0.825137
3461.787354 0.000000 2810.472168 0.000000 0.990253 0.000000 -0.139277 1.063141 1.063141 1.063141
3471.213867 0.000000 2789.210205 0.000000 0.955239 0.000000 0.295835 0.880784 0.880784 0.880784
3471.750977 0.000000 2798.473389 0.000000 0.719884 0.000000 -0.694094 1.080441 1.080441 1.080441
3485.504395 0.000000 2812.838135 0.000000 0.680893 0.000000 -0.732383 1.034879 1.034879 1.034879
3464.505127 0.000000 2817.321777 0.000000 0.553746 0.000000 0.832686 0.751898 0.751898 0.751898
3455.834473 0.000000 2819.685791 0.000000 0.590464 0.000000 0.807064 0.545135 0.545135 0.545135
3457.588379 0.000000 2811.435303 0.000000 0.763730 0.000000 -0.645536 1.276799 1.276799 1.276799
3487.991455 0.000000 2822.588135 0.000000 0.996480 0.000000 -0.083831 1.053431 1.053431 1.053431
3471.618408 0.000000 2793.539795 0.000000 0.192972 0.000000 0.981204 0.460428 0.460428 0.460428
3486.256348 0.000000 2810.667725 0.000000 0.478698 0.000000 -0.877979 1.403980 1.403980 1.403980
3461.586914 0.000000 2808.261719 0.000000 0.530804 0.000000 -0.847494 1.310529 1.310529 1.310529
3458.398438 0.000000 2805.583008 0.000000 0.885850 0.000000 -0.463972 1.161406 1.161406 1.161406
3484.065918 0.000000 2822.715332 0.000000 0.550564 0.000000 0.834793 0.790391 0.790391 0.790391
3487.682861 0.000000 2820.317139 0.000000 0.296787 0.000000 -0.954944 1.294744 1.294744 1.294744
3472.492676 0.000000 2800.457764 0.000000 0.157738 0.000000 -0.987481 1.514813 1.514813 1.514813
3485.656494 0.000000 2826.292236 0.000000 0.771174 0.000000 0.636624 0.915578 0.915578 0.915578
3471.032227 0.000000 2791.155029 0.000000 0.407871 0.000000 0.913040 0.566220 0.566220 0.566220
3485.837402 0.000000 2823.570801 0.000000 0.076977 0.000000 0.997033 0.683018 0.683018 0.683018
3465.635742 0.000000 2815.617188 0.000000 0.266979 0.000000 0.963702 0.873372 0.873372 0.873372
3489.889404 0.000000 2822.947510 0.000000 0.486217 0.000000 0.873838 0.323247 0.323247 0.323247
3482.382568 0.000000 2825.395020 0.000000 0.696980 0.000000 -0.717090 1.117781 1.117781 1.117781
3484.252441 0.000000 2820.412109 0.000000 0.839221 0.000000 0.543790 0.708617 0.708617 0.708617
3487.714844 0.000000 2828.863770 0.000000 0.306118 0.000000 -0.951994 1.229575 1.229575 1.229575
3473.440674 0.000000 2845.697266 0.000000 0.737913 0.000000 0.674896 0.643046 0.643046 0.643046
3458.846680 0.000000 2807.416260 0.000000 0.108183 0.000000 -0.994131 1.606059 1.606059 1.606059
3457.351562 0.000000 2808.846436 0.000000 0.714658 0.000000 0.699474 0.750517 0.750517 0.750517
3472.751221 0.000000 2794.976807 0.000000 0.895446 0.000000 0.445169 0.913614 0.913614 0.913614
3460.027344 0.000000 2810.884521 0.000000 0.795541 0.000000 0.605900 0.705876 0.705876 0.705876
3455.630371 0.000000 2817.926758 0.000000 0.324957 0.000000 0.945729 0.690470 0.690470 0.690470
3491.554688 0.000000 2822.642334 0.000000 0.848314 0.000000 -0.529494 1.250755 1.250755 1.250755
3463.000488 0.000000 2816.547363 0.000000 0.753954 0.000000 0.656927 0.867587 0.867587 0.867587
3473.593262 0.000000 2801.863037 0.000000 0.883198 0.000000 -0.469000 1.177932 1.177932 1.177932
3470.050049 0.000000 2794.391602 0.000000 0.202852 0.000000 0.979209 0.645194 0.645194 0.645194
3455.647461 0.000000 2808.217773 0.000000 0.024962 0.000000 -0.999688 1.208399 1.208399 1.208399
3470.857666 0.000000 2799.899414 0.000000 0.264531 0.000000 0.964377 0.863366 0.863366 0.863366
3487.137695 0.000000 2812.923828 0.000000 0.097964 0.000000 0.995190 0.746314 0.746314 0.746314
3489.784424 0.000000 2811.032227 0.000000 0.880600 0.000000 -0.473861 1.168848 1.168848 1.168848
3473.278564 0.000000 2793.397705 0.000000 0.997616 0.000000 0.069004 0.990345 0.990345 0.990345
3471.985840 0.000000 2845.027588 0.000000 0.603636 0.000000 -0.797260 1.258011 1.258011 1.258011
3483.770752 0.000000 2826.421875 0.000000 0.859368 0.000000 0.511358 0.946398 0.946398 0.946398
3456.089111 0.000000 2811.853516 0.000000 0.723160 0.000000 0.690680 0.699256 0.699256 0.699256
3489.708008 0.000000 2828.983154 0.000000 0.639550 0.000000 -0.768750 1.380918 1.380918 1.380918
3460.660645 0.000000 2809.487793 0.000000 0.269249 0.000000 -0.963071 1.398640 1.398640 1.398640
3458.247559 0.000000 2783.551758 0.000000 0.860519 0.000000 0.509418 0.935948 0.935948 0.935948
3457.205811 0.000000 2812.877686 0.000000 0.118982 0.000000 0.992896 0.608627 0.608627 0.608627
3456.718750 0.000000 2805.658447 0.000000 0.872537 0.000000 -0.488548 1.207711 1.207711 1.207711
3487.264404 0.000000 2830.336670 0.000000 0.278774 0.000000 -0.960357 1.405248 1.405248 1.405248
3457.690918 0.000000 2804.259766 0.000000 0.910073 0.000000 -0.414448 1.173899 1.173899 1.173899
3460.310303 0.000000 2807.584717 0.000000 0.982232 0.000000 0.187672 0.979262 0.979262 0.979262
3471.781982 0.000000 2797.033691 0.000000 0.471848 0.000000 -0.881680 1.202110 1.202110 1.202110
3491.271484 0.000000 2821.246338 0.000000 0.688781 0.000000 -0.724969 1.163999 1.163999 1.163999
3462.186523 0.000000 2814.173584 0.000000 0.043057 0.000000 -0.999073 1.713226 1.713226 1.713226
3455.825928 0.000000 2802.958252 0.000000 0.335195 0.000000 0.942149 0.530563 0.530563 0.530563
3464.289307 0.000000 2816.011230 0.000000 0.425366 0.000000 0.905021 0.714708 0.714708 0.714708
3487.678467 0.000000 2810.448242 0.000000 0.586739 0.000000 0.809776 0.644219 0.644219 0.644219
3470.826904 0.000000 2792.483643 0.000000 0.994610 0.000000 -0.103686 1.040714 1.040714 1.040714
3463.309814 0.000000 2817.818604 0.000000 0.557043 0.000000 -0.830484 1.181045 1.181045 1.181045
3465.829834 0.000000 2816.914795 0.000000 0.196774 0.000000 -0.980449 1.346136 1.346136 1.346136
3487.209229 0.000000 2823.646729 0.000000 0.972819 0.000000 -0.231568 1.148771 1.148771 1.148771
3488.487061 0.000000 2821.331299 0.000000 0.937427 0.000000 -0.348182 1.059486 1.059486 1.059486
3487.115967 0.000000 2821.651611 0.000000 0.613792 0.000000 0.789468 0.788731 0.788731 0.788731
3456.930908 0.000000 2810.262207 0.000000 0.129554 0.000000 0.991572 0.431639 0.431639 0.431639
3455.929443 0.000000 2820.934326 0.000000 0.775821 0.000000 -0.630953 1.115912 1.115912 1.115912
3486.476074 0.000000 2811.865967 0.000000 0.083590 0.000000 0.996500 0.439392 0.439392 0.439392
3459.431152 0.000000 2806.348145 0.000000 0.929353 0.000000 0.369191 0.843289 0.843289 0.843289
3473.715820 0.000000 2800.531250 0.000000 0.619439 0.000000 -0.785045 1.329056 1.329056 1.329056
3474.383301 0.000000 2844.909912 0.000000 0.775665 0.000000 0.631144 0.846531 0.846531 0.846531
3486.169922 0.000000 2824.714600 0.000000 0.468423 0.000000 -0.883504 1.156860 1.156860 1.156860
3485.316895 0.000000 2818.319824 0.000000 0.751316 0.000000 -0.659942 1.334682 1.334682 1.334682
3470.569824 0.000000 2796.922852 0.000000 0.827767 0.000000 0.561072 0.888464 0.888464 0.888464
3486.467285 0.000000 2820.400879 0.000000 0.654140 0.000000 -0.756374 1.199152 1.199152 1.199152
3480.935303 0.000000 2850.819336 0.000000 0.153057 0.000000 0.988217 0.635591 0.635591 0.635591
3485.249512 0.000000 2822.516113 0.000000 0.863857 0.000000 -0.503737 1.112028 1.112028 1.112028
3471.865723 0.000000 2790.300781 0.000000 0.947196 0.000000 -0.320656 1.123054 1.123054 1.123054
3481.375977 0.000000 2853.867676 0.000000 0.353090 0.000000 0.935589 0.477430 0.477430 0.477430
3471.450684 0.000000 2794.682129 0.000000 0.996070 0.000000 -0.088571 1.023027 1.023027 1.023027
3457.913818 0.000000 2806.649902 0.000000 0.944145 0.000000 0.329529 0.888499 0.888499 0.888499
3475.807861 0.000000 2844.691162 0.000000 0.375324 0.000000 -0.926894 1.266493 1.266493 1.266493
3486.592285 0.000000 2829.242676 0.000000 0.995356 0.000000 0.096261 0.982429 0.982429 0.982429
3484.575928 0.000000 2823.816650 0.000000 0.881697 0.000000 0.471815 0.895733 0.895733 0.895733
3486.532715 0.000000 2822.689209 0.000000 0.998469 0.000000 -0.055322 1.035237 1.035237 1.035237
3471.856689 0.000000 2791.922852 0.000000 0.410372 0.000000 -0.911918 1.432747 1.432747 1.432747
3471.073975 0.000000 2788.084229 0.000000 0.245779 0.000000 -0.969326 1.524957 1.524957 1.524957
3473.649170 0.000000 2795.677979 0.000000 0.570133 0.000000 -0.821552 1.180524 1.180524 1.180524
3485.359375 0.000000 2820.160645 0.000000 0.809280 0.000000 -0.587423 1.318204 1.318204 1.318204
3462.798828 0.000000 2815.311768 0.000000 0.617298 0.000000 -0.786729 1.422733 1.422733 1.422733
3457.775391 0.000000 2807.797607 0.000000 0.511001 0.000000 -0.859580 1.343479 1.343479 1.343479
3490.382324 0.000000 2821.901855 0.000000 0.984590 0.000000 0.174876 0.964454 0.964454 0.964454
3458.814697 0.000000 2804.564453 0.000000 0.194787 0.000000 0.980846 0.540092 0.540092 0.540092
3461.979980 0.000000 2811.722412 0.000000 0.698237 0.000000 -0.715867 1.360535 1.360535 1.360535
3484.815918 0.000000 2821.467773 0.000000 0.362836 0.000000 -0.931853 1.607899 1.607899 1.607899
3485.197754 0.000000 2825.298340 0.000000 0.753351 0.000000 0.657619 0.664960 0.664960 0.664960
3489.080811 0.000000 2822.204834 0.000000 0.586222 0.000000 0.810150 0.398771 0.398771 0.398771
3470.262695 0.000000 2793.377441 0.000000 0.892178 0.000000 -0.451684 1.183692 1.183692 1.183692
3472.550537 0.000000 2801.669434 0.000000 0.633431 0.000000 0.773799 0.677488 0.677488 0.677488
3460.083008 0.000000 2808.629883 0.000000 0.862059 0.000000 0.506807 0.836796 0.836796 0.836796
3470.096191 0.000000 2791.671875 0.000000 0.528624 0.000000 -0.848856 1.382188 1.382188 1.382188
3484.776611 0.000000 2819.309570 0.000000 0.079590 0.000000 -0.996828 1.692414 1.692414 1.692414
3488.711914 0.000000 2810.701904 0.000000 0.238024 0.000000 -0.971259 1.455055 1.455055 1.455055
3488.709229 0.000000 2829.284424 0.000000 0.455963 0.000000 -0.889999 1.476685 1.476685 1.476685
3456.344238 0.000000 2809.053467 0.000000 0.922111 0.000000 -0.386926 1.127951 1.127951 1.127951
3481.708496 0.000000 2852.623047 0.000000 0.687295 0.000000 -0.726378 1.351153 1.351153 1.351153
3491.799561 0.000000 2823.657227 0.000000 0.689851 0.000000 -0.723951 1.363778 1.363778 1.363778
3490.759521 0.000000 2823.443604 0.000000 0.118665 0.000000 -0.992934 1.652431 1.652431 1.652431
3470.859131 0.000000 2790.150879 0.000000 0.714057 0.000000 -0.700087 1.292355 1.292355 1.292355
3480.887207 0.000000 2851.802979 0.000000 0.605587 0.000000 -0.795779 1.236648 1.236648 1.236648
3456.672852 0.000000 2808.104492 0.000000 0.998612 0.000000 -0.052672 1.016971 1.016971 1.016971
3455.965332 0.000000 2810.863037 0.000000 0.768114 0.000000 -0.640313 1.390345 1.390345 1.390345
3460.976562 0.000000 2811.009766 0.000000 0.269950 0.000000 -0.962874 1.586288 1.586288 1.586288
3473.025146 0.000000 2844.797852 0.000000 0.325174 0.000000 -0.945654 1.597281 1.597281 1.597281
3459.335205 0.000000 2805.373535 0.000000 0.942168 0.000000 0.335142 0.885670 0.885670 0.885670
3455.737793 0.000000 2805.297852 0.000000 0.267127 0.000000 0.963661 0.623409 0.623409 0.623409
3455.687012 0.000000 2816.934326 0.000000 0.992104 0.000000 -0.125417 1.031394 1.031394 1.031394
3488.937012 0.000000 2823.143799 0.000000 0.425315 0.000000 -0.905045 1.720327 1.720327 1.720327
3487.372314 0.000000 2811.413330 0.000000 0.079640 0.000000 -0.996824 1.562102 1.562102 1.562102
3471.126221 0.000000 2845.408936 0.000000 0.766090 0.000000 -0.642734 1.195187 1.195187 1.195187
3457.506592 0.000000 2805.190430 0.000000 0.984010 0.000000 -0.178116 1.072871 1.072871 1.072871
3485.298584 0.000000 2824.336670 0.000000 0.988966 0.000000 0.148142 0.930584 0.930584 0.930584
3456.257812 0.000000 2812.718994 0.000000 0.043356 0.000000 0.999060 0.588164 0.588164 0.588164
3470.435303 0.000000 2788.833252 0.000000 0.820621 0.000000 -0.571473 1.241465 1.241465 1.241465
3487.381836 0.000000 2831.454102 0.000000 0.959466 0.000000 -0.281824 1.089869 1.089869 1.089869
3470.234863 0.000000 2790.794434 0.000000 0.243618 0.000000 0.969871 0.500615 0.500615 0.500615
3456.740723 0.000000 2811.267090 0.000000 0.886996 0.000000 -0.461776 1.189337 1.189337 1.189337
3473.949463 0.000000 2844.102295 0.000000 0.994539 0.000000 -0.104368 1.050380 1.050380 1.050380
3489.165771 0.000000 2828.264160 0.000000 0.772942 0.000000 0.634476 0.701424 0.701424 0.701424
3470.880127 0.000000 2793.995850 0.000000 0.802658 0.000000 0.596439 0.749516 0.749516 0.749516
3484.329346 0.000000 2825.764893 0.000000 0.999178 0.000000 -0.040531 1.018927 1.018927 1.018927
3489.692139 0.000000 2829.869141 0.000000 0.289079 0.000000 -0.957305 1.554959 1.554959 1.554959
3489.126221 0.000000 2811.593750 0.000000 0.428121 0.000000 -0.903721 1.385938 1.385938 1.385938
3463.465576 0.000000 2815.824463 0.000000 0.150558 0.000000 0.988601 0.337224 0.337224 0.337224
3486.480225 0.000000 2830.046631 0.000000 0.970592 0.000000 -0.240731 1.076477 1.076477 1.076477
3488.085938 0.000000 2823.463867 0.000000 0.744691 0.000000 -0.667409 1.465194 1.465194 1.465194
3484.027832 0.000000 2819.630371 0.000000 0.949326 0.000000 -0.314294 1.148461 1.148461 1.148461
3473.096436 0.000000 2801.062988 0.000000 0.979138 0.000000 -0.203195 1.074583 1.074583 1.074583
3457.435791 0.000000 2783.562744 0.000000 0.175455 0.000000 0.984487 0.432555 0.432555 0.432555
3457.173828 0.000000 2806.350098 0.000000 0.884685 0.000000 -0.466189 1.161032 1.161032 1.161032
3459.597900 0.000000 2807.133789 0.000000 0.966197 0.000000 0.257803 0.891939 0.891939 0.891939
3491.734375 0.000000 2925.787598 0.000000 0.761179 0.000000 0.648542 0.649415 0.649415 0.649415
3487.870117 0.000000 2913.984863 0.000000 0.771013 0.000000 0.636819 0.775941 0.775941 0.775941
3489.746582 0.000000 2916.968994 0.000000 0.556749 0.000000 -0.830681 1.188453 1.188453 1.188453
3487.602783 0.000000 2910.537842 0.000000 0.863785 0.000000 0.503861 0.857620 0.857620 0.857620
3480.613281 0.000000 2906.248291 0.000000 0.572588 0.000000 0.819844 0.889622 0.889622 0.889622
3493.582520 0.000000 2923.621094 0.000000 0.980506 0.000000 0.196489 0.980744 0.980744 0.980744
3480.038574 0.000000 2902.672852 0.000000 0.546743 0.000000 -0.837300 1.322061 1.322061 1.322061
3489.955811 0.000000 2912.631348 0.000000 0.439891 0.000000 -0.898051 1.261738 1.261738 1.261738
3491.524902 0.000000 2922.550537 0.000000 0.060388 0.000000 -0.998175 1.248867 1.248867 1.248867
3483.455566 0.000000 2909.470703 0.000000 0.804575 0.000000 0.593850 0.885707 0.885707 0.885707
3483.050293 0.000000 2905.033447 0.000000 0.997523 0.000000 0.070342 0.981897 0.981897 0.981897
3489.873291 0.000000 2914.760498 0.000000 0.528365 0.000000 -0.849018 1.478512 1.478512 1.478512
3486.044434 0.000000 2915.257080 0.000000 0.990721 0.000000 0.135912 0.986726 0.986726 0.986726
3493.540039 0.000000 2925.442627 0.000000 0.799825 0.000000 0.600233 0.911601 0.911601 0.911601
3488.200928 0.000000 2912.286621 0.000000 0.883961 0.000000 0.467560 0.885824 0.885824 0.885824
3491.101562 0.000000 2924.202393 0.000000 0.621502 0.000000 0.783413 0.552800 0.552800 0.552800
3480.053711 0.000000 2907.776123 0.000000 0.280942 0.000000 -0.959725 1.147688 1.147688 1.147688
3486.713623 0.000000 2911.812012 0.000000 0.361675 0.000000 0.932304 0.676250 0.676250 0.676250
3489.708008 0.000000 2924.967529 0.000000 0.067901 0.000000 -0.997692 1.206356 1.206356 1.206356
3483.978760 0.000000 2903.892090 0.000000 0.393063 0.000000 0.919511 0.766955 0.766955 0.766955
3492.448975 0.000000 2924.561768 0.000000 0.374096 0.000000 0.927390 0.836961 0.836961 0.836961
3488.570557 0.000000 2915.159912 0.000000 0.557160 0.000000 -0.830405 1.462333 1.462333 1.462333
3488.487061 0.000000 2917.315674 0.000000 0.990548 0.000000 -0.137163 1.026451 1.026451 1.026451
3489.132568 0.000000 2913.608398 0.000000 0.401500 0.000000 0.915859 0.728330 0.728330 0.728330
3483.856934 0.000000 2908.269287 0.000000 0.872720 0.000000 -0.488221 1.091682 1.091682 1.091682
3487.129639 0.000000 2912.966309 0.000000 0.587884 0.000000 0.808945 0.694157 0.694157 0.694157
3490.314941 0.000000 2922.418457 0.000000 0.769967 0.000000 -0.638084 1.114023 1.114023 1.114023
3481.246338 0.000000 2902.520508 0.000000 0.891951 0.000000 0.452133 0.847735 0.847735 0.847735
3482.711670 0.000000 2908.564697 0.000000 0.726236 0.000000 -0.687446 1.136245 1.136245 1.136245
3482.152832 0.000000 2904.219971 0.000000 0.972236 0.000000 0.234001 0.939265 0.939265 0.939265
3481.484131 0.000000 2905.337646 0.000000 0.957815 0.000000 0.287387 0.943237 0.943237 0.943237
3490.585693 0.000000 2925.768799 0.000000 0.988738 0.000000 -0.149658 1.074632 1.074632 1.074632
3482.344238 0.000000 2909.635010 0.000000 0.692924 0.000000 0.721010 0.855253 0.855253 0.855253
3483.442871 0.000000 2902.801514 0.000000 0.940224 0.000000 -0.340558 1.069406 1.069406 1.069406
3488.915283 0.000000 2916.279297 0.000000 0.125173 0.000000 0.992135 0.722165 0.722165 0.722165
3482.333008 0.000000 2907.383057 0.000000 0.298297 0.000000 0.954473 0.465057 0.465057 0.465057
3483.432617 0.000000 2906.036621 0.000000 0.280351 0.000000 -0.959897 1.542853 1.542853 1.542853
3481.492676 0.000000 2903.478760 0.000000 0.463981 0.000000 -0.885845 1.353213 1.353213 1.353213
3489.145752 0.000000 2912.090820 0.000000 0.971447 0.000000 -0.237255 1.056214 1.056214 1.056214
3480.513184 0.000000 2903.467773 0.000000 0.754762 0.000000 0.655999 0.767782 0.767782 0.767782
3490.184814 0.000000 2924.164795 0.000000 0.521072 0.000000 -0.853513 1.508086 1.508086 1.508086
3489.452881 0.000000 2915.558838 0.000000 0.013617 0.000000 -0.999907 1.734751 1.734751 1.734751
3491.187744 0.000000 2925.085693 0.000000 0.169024 0.000000 0.985612 0.303986 0.303986 0.303986
3486.759521 0.000000 2910.895996 0.000000 0.999923 0.000000 0.012415 0.996653 0.996653 0.996653
3488.946777 0.000000 2914.422119 0.000000 0.993118 0.000000 0.117118 0.944611 0.944611 0.944611
3486.377930 0.000000 2912.575684 0.000000 0.314598 0.000000 0.949225 0.594063 0.594063 0.594063
4237.088867 0.000000 2321.706299 0.000000 0.063002 0.000000 0.998013 0.883311 0.883311 0.883311
"}
