object={
	name="sage_01_generator_1_0"
	render_pass=Map
	clamp_to_water_level=no
	generated_content=yes
	layer="grass_layer"
	pdxmesh="sage_06_grass_mesh"
	count=936
	transform="8273.466797 0.000000 370.844238 0.000000 0.511591 0.000000 0.859229 0.966449 0.966449 0.966449
8302.688477 0.000000 376.529785 0.000000 0.165098 0.000000 0.986277 0.947388 0.947388 0.947388
8294.430664 0.000000 379.935364 0.000000 0.461534 0.000000 0.887122 0.972761 0.972761 0.972761
8297.153320 0.000000 374.339722 0.000000 0.024651 0.000000 0.999696 0.942100 0.942100 0.942100
8279.185547 0.000000 373.943939 0.000000 0.312592 0.000000 0.949887 0.953082 0.953082 0.953082
8297.120117 0.000000 382.628265 0.000000 0.208409 0.000000 0.978042 0.969423 0.969423 0.969423
8293.475586 0.000000 362.673889 0.000000 0.110607 0.000000 0.993864 0.945327 0.945327 0.945327
8291.029297 0.000000 379.847076 0.000000 0.116038 0.000000 0.993245 0.945532 0.945532 0.945532
8286.145508 0.000000 376.365631 0.000000 0.725405 0.000000 0.688323 0.971570 0.971570 0.971570
8281.500977 0.000000 373.141724 0.000000 0.664410 0.000000 0.747369 0.968390 0.968390 0.968390
8265.016602 0.000000 383.976135 0.000000 0.117170 0.000000 0.993112 0.967345 0.967345 0.967345
8278.713867 0.000000 393.186737 0.000000 0.462818 0.000000 0.886453 0.959195 0.959195 0.959195
8277.625977 0.000000 388.581726 0.000000 0.532181 0.000000 0.846631 0.962191 0.962191 0.962191
8305.566406 0.000000 438.148895 0.000000 0.365826 0.000000 0.930683 0.979094 0.979094 0.979094
8347.475586 0.000000 457.378235 0.000000 0.643189 0.000000 0.765707 0.967340 0.967340 0.967340
8288.023438 0.000000 411.542267 0.000000 0.260905 0.000000 0.965364 0.960849 0.960849 0.960849
8301.903320 0.000000 412.673706 0.000000 0.614052 0.000000 0.789266 0.984104 0.984104 0.984104
8287.733398 0.000000 399.159607 0.000000 0.644033 0.000000 0.764998 0.943461 0.943461 0.943461
8319.428711 0.000000 434.102997 0.000000 0.282761 0.000000 0.959190 0.951912 0.951912 0.951912
8302.693359 0.000000 442.395325 0.000000 0.296748 0.000000 0.954956 0.952459 0.952459 0.952459
8324.990234 0.000000 427.711182 0.000000 0.661512 0.000000 0.749935 0.989415 0.989415 0.989415
8315.210938 0.000000 430.193542 0.000000 0.664052 0.000000 0.747686 0.968372 0.968372 0.968372
8343.452148 0.000000 454.530212 0.000000 0.230425 0.000000 0.973090 0.963248 0.963248 0.963248
8348.195312 0.000000 452.710052 0.000000 0.309604 0.000000 0.950865 0.952964 0.952964 0.952964
8329.351562 0.000000 433.413361 0.000000 0.338329 0.000000 0.941028 0.954101 0.954101 0.954101
8315.433594 0.000000 474.874634 0.000000 0.429693 0.000000 0.902975 0.957809 0.957809 0.957809
8300.074219 0.000000 438.734314 0.000000 0.244571 0.000000 0.969631 0.957039 0.957039 0.957039
8283.920898 0.000000 387.503265 0.000000 0.349148 0.000000 0.937068 0.975751 0.975751 0.975751
8322.875000 0.000000 431.458618 0.000000 0.604924 0.000000 0.796283 0.958607 0.958607 0.958607
8348.366211 0.000000 448.407562 0.000000 0.014224 0.000000 0.999899 0.941709 0.941709 0.941709
8335.225586 0.000000 434.391693 0.000000 0.572927 0.000000 0.819606 0.964023 0.964023 0.964023
8326.621094 0.000000 430.963684 0.000000 0.297636 0.000000 0.954679 0.952494 0.952494 0.952494
8301.875000 0.000000 416.421814 0.000000 0.220395 0.000000 0.975411 0.976433 0.976433 0.976433
8315.962891 0.000000 435.338684 0.000000 0.315142 0.000000 0.949044 0.965667 0.965667 0.965667
8332.586914 0.000000 432.602875 0.000000 0.231716 0.000000 0.972784 0.949933 0.949933 0.949933
8350.183594 0.000000 455.431152 0.000000 0.357390 0.000000 0.933955 0.954863 0.954863 0.954863
8317.929688 0.000000 478.739960 0.000000 0.347570 0.000000 0.937654 0.954470 0.954470 0.954470
8314.780273 0.000000 459.173737 0.000000 0.338880 0.000000 0.940830 0.920480 0.920480 0.920480
8280.306641 0.000000 407.507690 0.000000 0.675214 0.000000 0.737622 0.968935 0.968935 0.968935
8329.771484 0.000000 436.266022 0.000000 0.412763 0.000000 0.910838 0.957110 0.957110 0.957110
8298.816406 0.000000 412.755371 0.000000 0.614666 0.000000 0.788787 0.961428 0.961428 0.961428
8346.625000 0.000000 454.861572 0.000000 0.539353 0.000000 0.842080 0.962510 0.962510 0.962510
8321.260742 0.000000 473.639160 0.000000 0.694198 0.000000 0.719784 0.969911 0.969911 0.969911
8315.171875 0.000000 432.781494 0.000000 0.405203 0.000000 0.914227 0.956800 0.956800 0.956800
8350.637695 0.000000 451.752380 0.000000 0.673990 0.000000 0.738741 0.968873 0.968873 0.968873
8330.296875 0.000000 431.125244 0.000000 0.359997 0.000000 0.932953 0.954967 0.954967 0.954967
8296.642578 0.000000 413.760406 0.000000 0.041447 0.000000 0.999141 0.908366 0.908366 0.908366
8320.568359 0.000000 432.022888 0.000000 0.156958 0.000000 0.987605 0.947079 0.947079 0.947079
8343.082031 0.000000 444.389923 0.000000 0.628563 0.000000 0.777758 0.933260 0.933260 0.933260
8285.814453 0.000000 398.002197 0.000000 0.211941 0.000000 0.977283 0.898348 0.898348 0.898348
8310.503906 0.000000 451.549866 0.000000 0.545077 0.000000 0.838386 0.925529 0.925529 0.925529
8280.408203 0.000000 391.051758 0.000000 0.118776 0.000000 0.992921 0.927513 0.927513 0.927513
8307.024414 0.000000 451.400787 0.000000 0.134118 0.000000 0.990965 0.852985 0.852985 0.852985
8311.654297 0.000000 455.968048 0.000000 0.142174 0.000000 0.989842 0.893037 0.893037 0.893037
8309.633789 0.000000 458.456421 0.000000 0.420422 0.000000 0.907328 0.914851 0.914851 0.914851
8293.050781 0.000000 416.212830 0.000000 0.023613 0.000000 0.999721 0.884122 0.884122 0.884122
8335.418945 0.000000 499.984406 0.000000 0.628977 0.000000 0.777424 0.953310 0.953310 0.953310
8337.731445 0.000000 489.804016 0.000000 0.618236 0.000000 0.785992 0.993227 0.993227 0.993227
8345.700195 0.000000 521.283386 0.000000 0.318930 0.000000 0.947778 0.981333 0.981333 0.981333
8330.069336 0.000000 524.647217 0.000000 0.344072 0.000000 0.938943 0.960419 0.960419 0.960419
8338.019531 0.000000 564.719360 0.000000 0.680029 0.000000 0.733186 0.993836 0.993836 0.993836
8332.529297 0.000000 532.946777 0.000000 0.227947 0.000000 0.973674 0.949788 0.949788 0.949788
8340.288086 0.000000 495.912323 0.000000 0.587164 0.000000 0.809468 0.964677 0.964677 0.964677
8324.793945 0.000000 545.068542 0.000000 0.248203 0.000000 0.968708 0.986818 0.986818 0.986818
8333.992188 0.000000 494.709473 0.000000 0.194988 0.000000 0.980806 0.965684 0.965684 0.965684
8341.311523 0.000000 519.601807 0.000000 0.732347 0.000000 0.680931 0.971950 0.971950 0.971950
8328.776367 0.000000 542.798096 0.000000 0.623947 0.000000 0.781467 0.966408 0.966408 0.966408
8326.367188 0.000000 489.363220 0.000000 0.439898 0.000000 0.898048 0.983293 0.983293 0.983293
8329.627930 0.000000 549.816162 0.000000 0.387968 0.000000 0.921673 0.956097 0.956097 0.956097
8334.666016 0.000000 548.702576 0.000000 0.570502 0.000000 0.821296 0.961506 0.961506 0.961506
8332.323242 0.000000 497.976715 0.000000 0.733628 0.000000 0.679551 0.977616 0.977616 0.977616
8340.372070 0.000000 569.970825 0.000000 0.515088 0.000000 0.857137 0.961440 0.961440 0.961440
8344.531250 0.000000 517.802185 0.000000 0.571898 0.000000 0.820325 0.963976 0.963976 0.963976
8336.808594 0.000000 496.518311 0.000000 0.459255 0.000000 0.888304 0.959045 0.959045 0.959045
8329.639648 0.000000 509.005798 0.000000 0.597094 0.000000 0.802171 0.965139 0.965139 0.965139
8338.902344 0.000000 514.623596 0.000000 0.686399 0.000000 0.727225 0.939014 0.939014 0.939014
8346.092773 0.000000 565.757812 0.000000 0.285925 0.000000 0.958252 0.952035 0.952035 0.952035
8337.017578 0.000000 542.553284 0.000000 0.125543 0.000000 0.992088 0.898995 0.898995 0.898995
8346.474609 0.000000 571.513672 0.000000 0.033950 0.000000 0.999424 0.942448 0.942448 0.942448
8334.478516 0.000000 511.708435 0.000000 0.365209 0.000000 0.930926 0.925295 0.925295 0.925295
8329.005859 0.000000 504.104919 0.000000 0.404373 0.000000 0.914594 0.956766 0.956766 0.956766
8338.767578 0.000000 519.756775 0.000000 0.703500 0.000000 0.710695 0.958557 0.958557 0.958557
8332.467773 0.000000 525.720581 0.000000 0.645380 0.000000 0.763862 0.934894 0.934894 0.934894
8346.013672 0.000000 543.934326 0.000000 0.635162 0.000000 0.772379 0.933898 0.933898 0.933898
8336.237305 0.000000 520.003845 0.000000 0.234772 0.000000 0.972050 0.933401 0.933401 0.933401
8320.885742 0.000000 485.964874 0.000000 0.001425 0.000000 0.999999 0.882460 0.882460 0.882460
8339.026367 0.000000 540.216003 0.000000 0.015841 0.000000 0.999875 0.891303 0.891303 0.891303
8323.622070 0.000000 483.839691 0.000000 0.613994 0.000000 0.789311 0.931868 0.931868 0.931868
8337.635742 0.000000 515.727600 0.000000 0.169718 0.000000 0.985493 0.895126 0.895126 0.895126
8340.401367 0.000000 543.849854 0.000000 0.177120 0.000000 0.984189 0.881781 0.881781 0.881781
8337.731445 0.000000 585.788391 0.000000 0.165542 0.000000 0.986203 0.894809 0.894809 0.894809
8330.732422 0.000000 584.417297 0.000000 0.190941 0.000000 0.981602 0.931161 0.931161 0.931161
8341.053711 0.000000 584.594116 0.000000 0.158562 0.000000 0.987349 0.894279 0.894279 0.894279
8337.357422 0.000000 582.715332 0.000000 0.655959 0.000000 0.754796 0.935938 0.935938 0.935938
8349.943359 0.000000 577.864197 0.000000 0.498877 0.000000 0.866673 0.960736 0.960736 0.960736
8347.694336 0.000000 578.579651 0.000000 0.342097 0.000000 0.939665 0.914603 0.914603 0.914603
8341.600586 0.000000 582.359314 0.000000 0.563279 0.000000 0.826267 0.927167 0.927167 0.927167
8332.866211 0.000000 584.642029 0.000000 0.386406 0.000000 0.922329 0.912067 0.912067 0.912067
8339.791992 0.000000 586.280640 0.000000 0.239122 0.000000 0.970989 0.910394 0.910394 0.910394
8346.422852 0.000000 576.926697 0.000000 0.483802 0.000000 0.875178 0.925497 0.925497 0.925497
8344.464844 0.000000 580.361694 0.000000 0.652167 0.000000 0.758075 0.935562 0.935562 0.935562
8335.870117 0.000000 586.708374 0.000000 0.233274 0.000000 0.972411 0.899987 0.899987 0.899987
8361.873047 0.000000 439.097748 0.000000 0.217879 0.000000 0.975976 0.949402 0.949402 0.949402
8351.289062 0.000000 449.267303 0.000000 0.470272 0.000000 0.882521 0.983804 0.983804 0.983804
8359.406250 0.000000 431.296265 0.000000 0.614717 0.000000 0.788748 0.984119 0.984119 0.984119
8352.650391 0.000000 453.624207 0.000000 0.313478 0.000000 0.949596 0.953117 0.953117 0.953117
8361.990234 0.000000 457.828796 0.000000 0.016647 0.000000 0.999861 0.941800 0.941800 0.941800
8373.166992 0.000000 462.268921 0.000000 0.139709 0.000000 0.990193 0.946425 0.946425 0.946425
8362.963867 0.000000 436.110260 0.000000 0.112289 0.000000 0.993676 0.945390 0.945390 0.945390
8389.921875 0.000000 478.739960 0.000000 0.234400 0.000000 0.972140 0.950037 0.950037 0.950037
8368.541016 0.000000 463.578552 0.000000 0.593975 0.000000 0.804483 0.964993 0.964993 0.964993
8489.725586 0.000000 472.713226 0.000000 0.690734 0.000000 0.723109 0.911211 0.911211 0.911211
8488.333008 0.000000 463.606812 0.000000 0.556196 0.000000 0.831051 0.970611 0.970611 0.970611
8486.838867 0.000000 467.831818 0.000000 0.334596 0.000000 0.942362 0.907906 0.907906 0.907906
8480.666992 0.000000 470.604523 0.000000 0.673382 0.000000 0.739295 0.960533 0.960533 0.960533
8494.769531 0.000000 475.989014 0.000000 0.419366 0.000000 0.907817 0.917605 0.917605 0.917605
8487.712891 0.000000 469.758881 0.000000 0.014604 0.000000 0.999893 0.836825 0.836825 0.836825
8405.323242 0.000000 515.121765 0.000000 0.500193 0.000000 0.865914 0.997386 0.997386 0.997386
8421.240234 0.000000 540.406799 0.000000 0.139280 0.000000 0.990253 0.946409 0.946409 0.946409
8417.451172 0.000000 562.812988 0.000000 0.570781 0.000000 0.821102 0.975950 0.975950 0.975950
8419.467773 0.000000 553.362610 0.000000 0.048611 0.000000 0.998818 0.916396 0.916396 0.916396
8359.617188 0.000000 575.360413 0.000000 0.245662 0.000000 0.969356 0.947169 0.947169 0.947169
8404.521484 0.000000 532.946777 0.000000 0.390638 0.000000 0.920544 0.956205 0.956205 0.956205
8413.072266 0.000000 556.999207 0.000000 0.606888 0.000000 0.794787 0.995413 0.995413 0.995413
8369.145508 0.000000 566.308472 0.000000 0.136520 0.000000 0.990637 0.949885 0.949885 0.949885
8356.600586 0.000000 547.550110 0.000000 0.030369 0.000000 0.999539 0.984617 0.984617 0.984617
8421.044922 0.000000 567.186951 0.000000 0.383083 0.000000 0.923714 0.955899 0.955899 0.955899
8396.982422 0.000000 523.695557 0.000000 0.224267 0.000000 0.974528 0.899294 0.899294 0.899294
8409.380859 0.000000 534.329285 0.000000 0.694590 0.000000 0.719406 0.969931 0.969931 0.969931
8371.347656 0.000000 571.883667 0.000000 0.462618 0.000000 0.886558 0.961908 0.961908 0.961908
8409.390625 0.000000 517.474854 0.000000 0.674820 0.000000 0.737982 0.985494 0.985494 0.985494
8400.768555 0.000000 542.798096 0.000000 0.542286 0.000000 0.840194 0.962640 0.962640 0.962640
8377.361328 0.000000 481.703430 0.000000 0.005452 0.000000 0.999985 0.960920 0.960920 0.960920
8401.620117 0.000000 549.816162 0.000000 0.182070 0.000000 0.983286 0.948033 0.948033 0.948033
8420.070312 0.000000 536.441467 0.000000 0.028432 0.000000 0.999596 0.942241 0.942241 0.942241
8351.243164 0.000000 540.933655 0.000000 0.611846 0.000000 0.790977 0.981777 0.981777 0.981777
8416.601562 0.000000 500.590942 0.000000 0.279970 0.000000 0.960009 0.951803 0.951803 0.951803
8414.958008 0.000000 506.004578 0.000000 0.523892 0.000000 0.851785 0.954191 0.954191 0.954191
8390.207031 0.000000 521.383789 0.000000 0.570011 0.000000 0.821637 0.937409 0.937409 0.937409
8382.625000 0.000000 489.604004 0.000000 0.301838 0.000000 0.953359 0.977907 0.977907 0.977907
8399.844727 0.000000 546.778564 0.000000 0.690457 0.000000 0.723374 0.977792 0.977792 0.977792
8391.852539 0.000000 533.471802 0.000000 0.536054 0.000000 0.844184 0.972400 0.972400 0.972400
8405.281250 0.000000 523.394714 0.000000 0.307671 0.000000 0.951493 0.952888 0.952888 0.952888
8354.841797 0.000000 552.160645 0.000000 0.569255 0.000000 0.822161 0.963855 0.963855 0.963855
8408.224609 0.000000 553.023315 0.000000 0.607086 0.000000 0.794636 0.970193 0.970193 0.970193
8389.505859 0.000000 510.967957 0.000000 0.635766 0.000000 0.771882 0.966978 0.966978 0.966978
8421.571289 0.000000 503.584473 0.000000 0.429632 0.000000 0.903004 0.957807 0.957807 0.957807
8421.829102 0.000000 570.242065 0.000000 0.126857 0.000000 0.991921 0.945940 0.945940 0.945940
8421.891602 0.000000 555.390015 0.000000 0.535709 0.000000 0.844403 0.962348 0.962348 0.962348
8419.582031 0.000000 501.130859 0.000000 0.715167 0.000000 0.698953 0.971018 0.971018 0.971018
8406.751953 0.000000 481.667175 0.000000 0.505835 0.000000 0.862630 0.971427 0.971427 0.971427
8403.967773 0.000000 517.519531 0.000000 0.372868 0.000000 0.927885 0.955485 0.955485 0.955485
8394.127930 0.000000 530.435669 0.000000 0.166313 0.000000 0.986073 0.912389 0.912389 0.912389
8410.759766 0.000000 519.756775 0.000000 0.177976 0.000000 0.984035 0.947877 0.947877 0.947877
8394.450195 0.000000 518.735779 0.000000 0.368535 0.000000 0.929614 0.910621 0.910621 0.910621
8390.004883 0.000000 515.907410 0.000000 0.290826 0.000000 0.956776 0.952227 0.952227 0.952227
8404.459961 0.000000 525.720581 0.000000 0.046140 0.000000 0.998935 0.942905 0.942905 0.942905
8418.897461 0.000000 546.525879 0.000000 0.374925 0.000000 0.927055 0.955568 0.955568 0.955568
8419.506836 0.000000 556.207214 0.000000 0.668054 0.000000 0.744113 0.968573 0.968573 0.968573
8418.981445 0.000000 560.929443 0.000000 0.486623 0.000000 0.873612 0.960208 0.960208 0.960208
8414.213867 0.000000 508.353729 0.000000 0.604452 0.000000 0.796642 0.963182 0.963182 0.963182
8422.272461 0.000000 542.575806 0.000000 0.080227 0.000000 0.996777 0.944184 0.944184 0.944184
8418.005859 0.000000 543.934326 0.000000 0.077358 0.000000 0.997003 0.944076 0.944076 0.944076
8422.198242 0.000000 517.666260 0.000000 0.262801 0.000000 0.964850 0.925073 0.925073 0.925073
8396.256836 0.000000 520.507690 0.000000 0.632240 0.000000 0.774772 0.933615 0.933615 0.933615
8393.448242 0.000000 512.356323 0.000000 0.709104 0.000000 0.705104 0.970694 0.970694 0.970694
8392.560547 0.000000 528.007263 0.000000 0.129414 0.000000 0.991591 0.895670 0.895670 0.895670
8361.610352 0.000000 556.557251 0.000000 0.408537 0.000000 0.912742 0.942582 0.942582 0.942582
8358.151367 0.000000 564.902161 0.000000 0.703476 0.000000 0.710719 0.956581 0.956581 0.956581
8392.194336 0.000000 522.480713 0.000000 0.272385 0.000000 0.962188 0.903015 0.903015 0.903015
8360.909180 0.000000 564.312317 0.000000 0.387638 0.000000 0.921812 0.932661 0.932661 0.932661
8364.701172 0.000000 573.098999 0.000000 0.532323 0.000000 0.846541 0.924395 0.924395 0.924395
8421.617188 0.000000 509.350891 0.000000 0.184946 0.000000 0.982749 0.896285 0.896285 0.896285
8416.000000 0.000000 507.642090 0.000000 0.708408 0.000000 0.705803 0.951095 0.951095 0.951095
8398.083984 0.000000 522.294312 0.000000 0.401828 0.000000 0.915715 0.913324 0.913324 0.913324
8361.343750 0.000000 571.253601 0.000000 0.350482 0.000000 0.936570 0.912200 0.912200 0.912200
8423.281250 0.000000 545.251709 0.000000 0.372291 0.000000 0.928116 0.958431 0.958431 0.958431
8464.010742 0.000000 572.418701 0.000000 0.400946 0.000000 0.916102 0.994217 0.994217 0.994217
8488.648438 0.000000 490.561829 0.000000 0.352505 0.000000 0.935810 0.954667 0.954667 0.954667
8445.731445 0.000000 554.958191 0.000000 0.515194 0.000000 0.857074 0.979437 0.979437 0.979437
8446.677734 0.000000 538.379700 0.000000 0.205507 0.000000 0.978656 0.897855 0.897855 0.897855
8493.602539 0.000000 484.566101 0.000000 0.669487 0.000000 0.742824 0.943562 0.943562 0.943562
8449.638672 0.000000 553.570862 0.000000 0.711646 0.000000 0.702538 0.984442 0.984442 0.984442
8426.267578 0.000000 557.311157 0.000000 0.697210 0.000000 0.716866 0.972063 0.972063 0.972063
8460.838867 0.000000 546.111938 0.000000 0.016895 0.000000 0.999857 0.968965 0.968965 0.968965
8423.087891 0.000000 509.757416 0.000000 0.549421 0.000000 0.835545 0.935796 0.935796 0.935796
8427.038086 0.000000 512.245728 0.000000 0.273325 0.000000 0.961922 0.906318 0.906318 0.906318
8442.528320 0.000000 545.236694 0.000000 0.513488 0.000000 0.858097 0.884111 0.884111 0.884111
8424.463867 0.000000 568.449951 0.000000 0.569095 0.000000 0.822272 0.963848 0.963848 0.963848
8457.914062 0.000000 565.729553 0.000000 0.190327 0.000000 0.981721 0.910469 0.910469 0.910469
8459.634766 0.000000 563.678711 0.000000 0.520069 0.000000 0.854124 0.961658 0.961658 0.961658
8437.106445 0.000000 543.954163 0.000000 0.312855 0.000000 0.949801 0.953092 0.953092 0.953092
8458.703125 0.000000 568.277954 0.000000 0.714311 0.000000 0.699828 0.963231 0.963231 0.963231
8470.836914 0.000000 570.723877 0.000000 0.589424 0.000000 0.807824 0.964782 0.964782 0.964782
8461.774414 0.000000 571.475220 0.000000 0.502946 0.000000 0.864318 0.960912 0.960912 0.960912
8427.956055 0.000000 516.129395 0.000000 0.689467 0.000000 0.724317 0.947420 0.947420 0.947420
8453.577148 0.000000 544.462341 0.000000 0.602322 0.000000 0.798254 0.930766 0.930766 0.930766
8459.554688 0.000000 553.505737 0.000000 0.679021 0.000000 0.734119 0.909445 0.909445 0.909445
8440.901367 0.000000 542.071960 0.000000 0.205110 0.000000 0.978739 0.884201 0.884201 0.884201
8438.168945 0.000000 547.675354 0.000000 0.272762 0.000000 0.962082 0.906276 0.906276 0.906276
8442.437500 0.000000 540.222046 0.000000 0.483468 0.000000 0.875362 0.893529 0.893529 0.893529
8492.220703 0.000000 485.786591 0.000000 0.159306 0.000000 0.987229 0.904902 0.904902 0.904902
8423.090820 0.000000 514.301636 0.000000 0.533386 0.000000 0.845872 0.924490 0.924490 0.924490
8440.581055 0.000000 545.235840 0.000000 0.076285 0.000000 0.997086 0.873148 0.873148 0.873148
8456.890625 0.000000 552.658997 0.000000 0.423703 0.000000 0.905801 0.872684 0.872684 0.872684
8506.987305 0.000000 468.160400 0.000000 0.216618 0.000000 0.976256 0.942600 0.942600 0.942600
8510.407227 0.000000 475.919739 0.000000 0.299011 0.000000 0.954250 0.952548 0.952548 0.952548
8530.997070 0.000000 479.414673 0.000000 0.205740 0.000000 0.978607 0.989787 0.989787 0.989787
8519.879883 0.000000 476.335022 0.000000 0.722720 0.000000 0.691141 0.950469 0.950469 0.950469
8499.405273 0.000000 473.008362 0.000000 0.517587 0.000000 0.855631 0.923099 0.923099 0.923099
8507.005859 0.000000 475.831451 0.000000 0.585738 0.000000 0.810500 0.950456 0.950456 0.950456
8525.861328 0.000000 474.285095 0.000000 0.293968 0.000000 0.955815 0.936467 0.936467 0.936467
8497.477539 0.000000 469.126099 0.000000 0.084837 0.000000 0.996395 0.888715 0.888715 0.888715
8502.135742 0.000000 468.917786 0.000000 0.151616 0.000000 0.988440 0.893752 0.893752 0.893752
8523.491211 0.000000 474.639069 0.000000 0.518157 0.000000 0.855285 0.933396 0.933396 0.933396
8498.212891 0.000000 471.229614 0.000000 0.561036 0.000000 0.827791 0.926964 0.926964 0.926964
8504.893555 0.000000 468.327911 0.000000 0.565299 0.000000 0.824886 0.939459 0.939459 0.939459
8525.903320 0.000000 477.070496 0.000000 0.181073 0.000000 0.983470 0.895990 0.895990 0.895990
8505.328125 0.000000 475.269226 0.000000 0.594809 0.000000 0.803867 0.934726 0.934726 0.934726
8520.035156 0.000000 515.305542 0.000000 0.567497 0.000000 0.823375 0.963775 0.963775 0.963775
8546.045898 0.000000 524.647217 0.000000 0.353627 0.000000 0.935387 0.960750 0.960750 0.960750
8518.512695 0.000000 485.059753 0.000000 0.115541 0.000000 0.993303 0.981838 0.981838 0.981838
8528.344727 0.000000 498.337952 0.000000 0.445084 0.000000 0.895489 0.916900 0.916900 0.916900
8527.732422 0.000000 508.030151 0.000000 0.606891 0.000000 0.794785 0.938076 0.938076 0.938076
8528.924805 0.000000 486.732513 0.000000 0.367065 0.000000 0.930195 0.955251 0.955251 0.955251
8500.135742 0.000000 502.531494 0.000000 0.504521 0.000000 0.863400 0.932365 0.932365 0.932365
8503.709961 0.000000 495.143982 0.000000 0.704517 0.000000 0.709687 0.911354 0.911354 0.911354
8523.971680 0.000000 511.803772 0.000000 0.196229 0.000000 0.980558 0.945144 0.945144 0.945144
8560.278320 0.000000 510.019836 0.000000 0.361524 0.000000 0.932363 0.910057 0.910057 0.910057
8507.945312 0.000000 485.814606 0.000000 0.714270 0.000000 0.699870 0.970970 0.970970 0.970970
8525.245117 0.000000 501.071747 0.000000 0.550696 0.000000 0.834706 0.926032 0.926032 0.926032
8535.422852 0.000000 513.829468 0.000000 0.514660 0.000000 0.857394 0.951134 0.951134 0.951134
8537.901367 0.000000 521.203735 0.000000 0.300240 0.000000 0.953864 0.952596 0.952596 0.952596
8507.285156 0.000000 480.423706 0.000000 0.716111 0.000000 0.697986 0.971068 0.971068 0.971068
8561.663086 0.000000 513.549988 0.000000 0.458503 0.000000 0.888693 0.923492 0.923492 0.923492
8514.111328 0.000000 491.575378 0.000000 0.076953 0.000000 0.997035 0.958978 0.958978 0.958978
8525.150391 0.000000 504.687683 0.000000 0.539751 0.000000 0.841825 0.962527 0.962527 0.962527
8560.507812 0.000000 517.802185 0.000000 0.727804 0.000000 0.685785 0.969814 0.969814 0.969814
8531.939453 0.000000 531.323059 0.000000 0.726443 0.000000 0.687227 0.973518 0.973518 0.973518
8558.573242 0.000000 522.974365 0.000000 0.402089 0.000000 0.915601 0.956672 0.956672 0.956672
8506.727539 0.000000 493.310394 0.000000 0.468759 0.000000 0.883326 0.959447 0.959447 0.959447
8516.505859 0.000000 498.169586 0.000000 0.197431 0.000000 0.980317 0.862984 0.862984 0.862984
8520.784180 0.000000 510.630615 0.000000 0.619682 0.000000 0.784853 0.970711 0.970711 0.970711
8508.965820 0.000000 489.006073 0.000000 0.023056 0.000000 0.999734 0.949768 0.949768 0.949768
8545.616211 0.000000 509.005798 0.000000 0.056235 0.000000 0.998418 0.829850 0.829850 0.829850
8505.779297 0.000000 497.473633 0.000000 0.023730 0.000000 0.999718 0.868681 0.868681 0.868681
8552.471680 0.000000 509.198792 0.000000 0.072293 0.000000 0.997383 0.835399 0.835399 0.835399
8562.011719 0.000000 524.285583 0.000000 0.678775 0.000000 0.734347 0.940292 0.940292 0.940292
8554.878906 0.000000 514.623596 0.000000 0.700268 0.000000 0.713880 0.950380 0.950380 0.950380
8565.630859 0.000000 514.042175 0.000000 0.076154 0.000000 0.997096 0.888062 0.888062 0.888062
8496.283203 0.000000 503.492065 0.000000 0.414318 0.000000 0.910132 0.962884 0.962884 0.962884
8544.602539 0.000000 537.468079 0.000000 0.712416 0.000000 0.701757 0.970870 0.970870 0.970870
8508.965820 0.000000 500.587311 0.000000 0.391299 0.000000 0.920263 0.880368 0.880368 0.880368
8543.634766 0.000000 523.162292 0.000000 0.636523 0.000000 0.771258 0.973612 0.973612 0.973612
8505.649414 0.000000 487.216766 0.000000 0.664724 0.000000 0.747089 0.936812 0.936812 0.936812
8498.840820 0.000000 493.907410 0.000000 0.142605 0.000000 0.989780 0.839605 0.839605 0.839605
8524.958008 0.000000 509.212921 0.000000 0.257936 0.000000 0.966162 0.950946 0.950946 0.950946
8552.128906 0.000000 514.823303 0.000000 0.481808 0.000000 0.876277 0.938670 0.938670 0.938670
8526.491211 0.000000 492.837677 0.000000 0.214872 0.000000 0.976642 0.847859 0.847859 0.847859
8550.121094 0.000000 539.247070 0.000000 0.697714 0.000000 0.716376 0.970094 0.970094 0.970094
8526.427734 0.000000 485.577515 0.000000 0.227552 0.000000 0.973766 0.899546 0.899546 0.899546
8531.148438 0.000000 528.765869 0.000000 0.679183 0.000000 0.733969 0.969137 0.969137 0.969137
8556.090820 0.000000 517.160522 0.000000 0.321448 0.000000 0.946927 0.953432 0.953432 0.953432
8544.982422 0.000000 504.104919 0.000000 0.352865 0.000000 0.935674 0.864044 0.864044 0.864044
8562.838867 0.000000 518.880371 0.000000 0.188390 0.000000 0.982094 0.941377 0.941377 0.941377
8529.028320 0.000000 490.119995 0.000000 0.583760 0.000000 0.811926 0.893560 0.893560 0.893560
8506.241211 0.000000 484.039490 0.000000 0.414105 0.000000 0.910229 0.957165 0.957165 0.957165
8500.302734 0.000000 485.935425 0.000000 0.277773 0.000000 0.960647 0.893778 0.893778 0.893778
8515.168945 0.000000 493.739838 0.000000 0.069890 0.000000 0.997555 0.921314 0.921314 0.921314
8558.198242 0.000000 508.353729 0.000000 0.706405 0.000000 0.707808 0.929323 0.929323 0.929323
8552.943359 0.000000 531.985291 0.000000 0.024447 0.000000 0.999701 0.942092 0.942092 0.942092
8537.432617 0.000000 512.356323 0.000000 0.683573 0.000000 0.729882 0.944851 0.944851 0.944851
8534.946289 0.000000 508.677643 0.000000 0.203632 0.000000 0.979048 0.897712 0.897712 0.897712
8519.492188 0.000000 503.063354 0.000000 0.674556 0.000000 0.738223 0.919145 0.919145 0.919145
8522.988281 0.000000 479.936646 0.000000 0.568219 0.000000 0.822878 0.927616 0.927616 0.927616
8550.671875 0.000000 505.873474 0.000000 0.300185 0.000000 0.953881 0.898867 0.898867 0.898867
8533.074219 0.000000 497.517151 0.000000 0.372655 0.000000 0.927970 0.913922 0.913922 0.913922
8500.248047 0.000000 498.284271 0.000000 0.724653 0.000000 0.689114 0.943059 0.943059 0.943059
8518.884766 0.000000 498.777466 0.000000 0.129551 0.000000 0.991573 0.881292 0.881292 0.881292
8545.593750 0.000000 511.067505 0.000000 0.651095 0.000000 0.758996 0.924699 0.924699 0.924699
8501.011719 0.000000 500.669037 0.000000 0.541232 0.000000 0.840873 0.925186 0.925186 0.925186
8547.244141 0.000000 503.802124 0.000000 0.091711 0.000000 0.995786 0.870770 0.870770 0.870770
8515.875000 0.000000 495.974152 0.000000 0.058114 0.000000 0.998310 0.882932 0.882932 0.882932
8522.503906 0.000000 490.339172 0.000000 0.398864 0.000000 0.917010 0.913081 0.913081 0.913081
8547.742188 0.000000 509.151764 0.000000 0.018873 0.000000 0.999822 0.825650 0.825650 0.825650
8520.891602 0.000000 501.668121 0.000000 0.575864 0.000000 0.817545 0.928314 0.928314 0.928314
8563.643555 0.000000 530.399292 0.000000 0.399623 0.000000 0.916680 0.913143 0.913143 0.913143
8541.750000 0.000000 507.827606 0.000000 0.304237 0.000000 0.952596 0.858259 0.858259 0.858259
8557.059570 0.000000 509.931641 0.000000 0.072634 0.000000 0.997359 0.831697 0.831697 0.831697
8526.201172 0.000000 482.089722 0.000000 0.578519 0.000000 0.815669 0.928558 0.928558 0.928558
8514.568359 0.000000 497.540497 0.000000 0.376454 0.000000 0.926435 0.860975 0.860975 0.860975
8525.989258 0.000000 494.649353 0.000000 0.405439 0.000000 0.914122 0.904981 0.904981 0.904981
8528.651367 0.000000 509.682312 0.000000 0.286808 0.000000 0.957988 0.916921 0.916921 0.916921
8534.350586 0.000000 492.854584 0.000000 0.258745 0.000000 0.965946 0.908491 0.908491 0.908491
8556.503906 0.000000 513.679565 0.000000 0.398285 0.000000 0.917262 0.921731 0.921731 0.921731
8532.650391 0.000000 491.093658 0.000000 0.730083 0.000000 0.683358 0.945530 0.945530 0.945530
8545.105469 0.000000 507.254028 0.000000 0.022805 0.000000 0.999740 0.826092 0.826092 0.826092
8520.228516 0.000000 500.017334 0.000000 0.120374 0.000000 0.992729 0.891390 0.891390 0.891390
8564.156250 0.000000 512.858643 0.000000 0.317816 0.000000 0.948152 0.906576 0.906576 0.906576
8496.542969 0.000000 496.615051 0.000000 0.245727 0.000000 0.969339 0.900947 0.900947 0.900947
8558.518555 0.000000 510.917694 0.000000 0.359501 0.000000 0.933145 0.891874 0.891874 0.891874
8524.162109 0.000000 481.302155 0.000000 0.545950 0.000000 0.837818 0.925607 0.925607 0.925607
8560.975586 0.000000 511.753967 0.000000 0.721527 0.000000 0.692387 0.942720 0.942720 0.942720
8502.439453 0.000000 491.651031 0.000000 0.035746 0.000000 0.999361 0.865869 0.865869 0.865869
8523.364258 0.000000 501.211304 0.000000 0.442623 0.000000 0.896708 0.916695 0.916695 0.916695
8525.981445 0.000000 483.906433 0.000000 0.391220 0.000000 0.920297 0.912458 0.912458 0.912458
8510.622070 0.000000 500.553223 0.000000 0.350089 0.000000 0.936716 0.863711 0.863711 0.863711
8510.310547 0.000000 496.274139 0.000000 0.519868 0.000000 0.854247 0.884948 0.884948 0.884948
8507.059570 0.000000 496.465240 0.000000 0.659684 0.000000 0.751543 0.904462 0.904462 0.904462
8543.885742 0.000000 508.260498 0.000000 0.380076 0.000000 0.924955 0.867330 0.867330 0.867330
8497.220703 0.000000 493.498627 0.000000 0.491790 0.000000 0.870714 0.910309 0.910309 0.910309
8540.278320 0.000000 507.358856 0.000000 0.142175 0.000000 0.989842 0.839556 0.839556 0.839556
8499.490234 0.000000 488.949829 0.000000 0.578303 0.000000 0.815822 0.899953 0.899953 0.899953
8499.281250 0.000000 484.859985 0.000000 0.439860 0.000000 0.898066 0.880265 0.880265 0.880265
8514.304688 0.000000 503.496857 0.000000 0.180818 0.000000 0.983517 0.843956 0.843956 0.843956
8541.547852 0.000000 504.624420 0.000000 0.166991 0.000000 0.985959 0.842378 0.842378 0.842378
8502.350586 0.000000 495.484283 0.000000 0.356056 0.000000 0.934465 0.864428 0.864428 0.864428
8567.332031 0.000000 525.981140 0.000000 0.298725 0.000000 0.954339 0.958865 0.958865 0.958865
8571.063477 0.000000 509.066071 0.000000 0.168333 0.000000 0.985730 0.975505 0.975505 0.975505
8588.795898 0.000000 527.843384 0.000000 0.410457 0.000000 0.911880 0.957015 0.957015 0.957015
8567.072266 0.000000 509.757416 0.000000 0.685722 0.000000 0.727864 0.961331 0.961331 0.961331
8583.138672 0.000000 529.997986 0.000000 0.049923 0.000000 0.998753 0.886094 0.886094 0.886094
8573.228516 0.000000 529.400269 0.000000 0.078505 0.000000 0.996914 0.944119 0.944119 0.944119
8570.797852 0.000000 534.503906 0.000000 0.307189 0.000000 0.951649 0.965437 0.965437 0.965437
8600.438477 0.000000 526.719543 0.000000 0.698230 0.000000 0.715873 0.972113 0.972113 0.972113
8593.597656 0.000000 531.434326 0.000000 0.513841 0.000000 0.857886 0.961386 0.961386 0.961386
8579.711914 0.000000 526.092224 0.000000 0.659476 0.000000 0.751725 0.968144 0.968144 0.968144
8587.808594 0.000000 525.494873 0.000000 0.135938 0.000000 0.990717 0.928377 0.928377 0.928377
8585.021484 0.000000 528.569397 0.000000 0.448014 0.000000 0.894027 0.917145 0.917145 0.917145
8580.971680 0.000000 530.788940 0.000000 0.422538 0.000000 0.906345 0.943351 0.943351 0.943351
8586.910156 0.000000 528.255920 0.000000 0.377039 0.000000 0.926197 0.911308 0.911308 0.911308
8582.522461 0.000000 528.108215 0.000000 0.716147 0.000000 0.697950 0.942140 0.942140 0.942140
8567.075195 0.000000 514.301636 0.000000 0.262993 0.000000 0.964798 0.902285 0.902285 0.902285
8584.109375 0.000000 527.125305 0.000000 0.028210 0.000000 0.999602 0.884466 0.884466 0.884466
8390.665039 0.000000 657.860291 0.000000 0.615535 0.000000 0.788110 0.945611 0.945611 0.945611
8366.428711 0.000000 619.157043 0.000000 0.178995 0.000000 0.983850 0.895832 0.895832 0.895832
8397.655273 0.000000 646.986450 0.000000 0.465085 0.000000 0.885266 0.959291 0.959291 0.959291
8387.341797 0.000000 610.274109 0.000000 0.537448 0.000000 0.843297 0.962425 0.962425 0.962425
8369.960938 0.000000 626.721863 0.000000 0.148755 0.000000 0.988874 0.946768 0.946768 0.946768
8354.603516 0.000000 583.770203 0.000000 0.662547 0.000000 0.749021 0.968297 0.968297 0.968297
8392.945312 0.000000 605.979980 0.000000 0.413415 0.000000 0.910543 0.991427 0.991427 0.991427
8360.089844 0.000000 578.841858 0.000000 0.383404 0.000000 0.923581 0.970608 0.970608 0.970608
8386.587891 0.000000 616.766663 0.000000 0.022286 0.000000 0.999752 0.942011 0.942011 0.942011
8370.735352 0.000000 597.958862 0.000000 0.411665 0.000000 0.911335 0.957065 0.957065 0.957065
8379.044922 0.000000 660.119751 0.000000 0.568918 0.000000 0.822394 0.934911 0.934911 0.934911
8396.786133 0.000000 641.052979 0.000000 0.199915 0.000000 0.979813 0.948714 0.948714 0.948714
8373.889648 0.000000 587.039001 0.000000 0.079308 0.000000 0.996850 0.944149 0.944149 0.944149
8391.825195 0.000000 644.500244 0.000000 0.535589 0.000000 0.844479 0.962342 0.962342 0.962342
8396.982422 0.000000 619.679932 0.000000 0.448264 0.000000 0.893901 0.988955 0.988955 0.988955
8384.941406 0.000000 659.034607 0.000000 0.253668 0.000000 0.967291 0.921249 0.921249 0.921249
8369.696289 0.000000 622.398499 0.000000 0.526031 0.000000 0.850465 0.923840 0.923840 0.923840
8358.415039 0.000000 595.079773 0.000000 0.325840 0.000000 0.945425 0.972163 0.972163 0.972163
8391.438477 0.000000 609.813843 0.000000 0.694089 0.000000 0.719889 0.969905 0.969905 0.969905
8394.532227 0.000000 649.377625 0.000000 0.470250 0.000000 0.882533 0.959510 0.959510 0.959510
8390.953125 0.000000 634.262878 0.000000 0.643992 0.000000 0.765032 0.982602 0.982602 0.982602
8372.291016 0.000000 611.706299 0.000000 0.503139 0.000000 0.864206 0.960920 0.960920 0.960920
8373.867188 0.000000 608.390564 0.000000 0.524028 0.000000 0.851701 0.961832 0.961832 0.961832
8390.207031 0.000000 617.368164 0.000000 0.389741 0.000000 0.920924 0.956169 0.956169 0.956169
8364.592773 0.000000 633.940308 0.000000 0.404229 0.000000 0.914658 0.956760 0.956760 0.956760
8376.828125 0.000000 589.550171 0.000000 0.122013 0.000000 0.992528 0.945757 0.945757 0.945757
8406.350586 0.000000 667.934998 0.000000 0.023028 0.000000 0.999735 0.957495 0.957495 0.957495
8351.221680 0.000000 584.921021 0.000000 0.603420 0.000000 0.797423 0.976957 0.976957 0.976957
8389.505859 0.000000 606.952332 0.000000 0.457215 0.000000 0.889356 0.958959 0.958959 0.958959
8376.367188 0.000000 661.785034 0.000000 0.611000 0.000000 0.791631 0.958950 0.958950 0.958950
8397.192383 0.000000 638.097229 0.000000 0.447023 0.000000 0.894522 0.958531 0.958531 0.958531
8378.612305 0.000000 657.235291 0.000000 0.297513 0.000000 0.954718 0.952489 0.952489 0.952489
8392.210938 0.000000 647.636902 0.000000 0.474525 0.000000 0.880242 0.959692 0.959692 0.959692
8373.643555 0.000000 617.508118 0.000000 0.202755 0.000000 0.979230 0.897645 0.897645 0.897645
8391.396484 0.000000 661.500977 0.000000 0.379351 0.000000 0.925253 0.911495 0.911495 0.911495
8392.798828 0.000000 651.397705 0.000000 0.519850 0.000000 0.854257 0.961649 0.961649 0.961649
8395.890625 0.000000 633.817627 0.000000 0.563610 0.000000 0.826041 0.963599 0.963599 0.963599
8376.538086 0.000000 587.090698 0.000000 0.572181 0.000000 0.820127 0.966389 0.966389 0.966389
8371.184570 0.000000 589.724243 0.000000 0.375967 0.000000 0.926633 0.955611 0.955611 0.955611
8393.448242 0.000000 608.340759 0.000000 0.686077 0.000000 0.727529 0.969490 0.969490 0.969490
8392.560547 0.000000 623.991699 0.000000 0.311955 0.000000 0.950097 0.953057 0.953057 0.953057
8371.832031 0.000000 621.479309 0.000000 0.656323 0.000000 0.754480 0.935974 0.935974 0.935974
8382.810547 0.000000 658.808350 0.000000 0.244520 0.000000 0.969644 0.940513 0.940513 0.940513
8377.184570 0.000000 663.793701 0.000000 0.336491 0.000000 0.941687 0.917251 0.917251 0.917251
8389.709961 0.000000 660.159424 0.000000 0.431734 0.000000 0.902001 0.915788 0.915788 0.915788
8477.315430 0.000000 611.106140 0.000000 0.696473 0.000000 0.717583 0.970029 0.970029 0.970029
8445.826172 0.000000 620.296875 0.000000 0.434037 0.000000 0.900895 0.957990 0.957990 0.957990
8426.595703 0.000000 583.770203 0.000000 0.518949 0.000000 0.854805 0.989762 0.989762 0.989762
8445.887695 0.000000 604.642517 0.000000 0.341430 0.000000 0.939907 0.981690 0.981690 0.981690
8448.310547 0.000000 593.183411 0.000000 0.017993 0.000000 0.999838 0.945727 0.945727 0.945727
8442.727539 0.000000 597.958862 0.000000 0.268976 0.000000 0.963147 0.951375 0.951375 0.951375
8463.339844 0.000000 592.878174 0.000000 0.596284 0.000000 0.802774 0.981387 0.981387 0.981387
8474.332031 0.000000 597.939880 0.000000 0.611951 0.000000 0.790895 0.988612 0.988612 0.988612
8454.570312 0.000000 630.880859 0.000000 0.052321 0.000000 0.998630 0.962091 0.962091 0.962091
8487.436523 0.000000 646.499023 0.000000 0.441989 0.000000 0.897021 0.986107 0.986107 0.986107
8481.153320 0.000000 608.199158 0.000000 0.255395 0.000000 0.966837 0.960678 0.960678 0.960678
8435.953125 0.000000 581.799011 0.000000 0.131934 0.000000 0.991259 0.946132 0.946132 0.946132
8471.553711 0.000000 664.223511 0.000000 0.391518 0.000000 0.920170 0.956241 0.956241 0.956241
8469.391602 0.000000 576.391357 0.000000 0.192660 0.000000 0.981266 0.969062 0.969062 0.969062
8480.884766 0.000000 664.969238 0.000000 0.572588 0.000000 0.819843 0.973605 0.973605 0.973605
8427.905273 0.000000 579.472046 0.000000 0.583857 0.000000 0.811857 0.964524 0.964524 0.964524
8441.327148 0.000000 580.452148 0.000000 0.079363 0.000000 0.996846 0.966491 0.966491 0.966491
8449.454102 0.000000 619.669067 0.000000 0.577517 0.000000 0.816379 0.964233 0.964233 0.964233
8444.811523 0.000000 623.827759 0.000000 0.403584 0.000000 0.914943 0.956734 0.956734 0.956734
8473.444336 0.000000 611.511414 0.000000 0.069809 0.000000 0.997560 0.958781 0.958781 0.958781
8442.584961 0.000000 601.950439 0.000000 0.177419 0.000000 0.984135 0.947856 0.947856 0.947856
8457.458984 0.000000 629.358276 0.000000 0.486974 0.000000 0.873416 0.970831 0.970831 0.970831
8483.534180 0.000000 628.316040 0.000000 0.595718 0.000000 0.803194 0.965074 0.965074 0.965074
8425.200195 0.000000 579.149719 0.000000 0.180819 0.000000 0.983516 0.947985 0.947985 0.947985
8454.435547 0.000000 581.561951 0.000000 0.389341 0.000000 0.921094 0.956153 0.956153 0.956153
8442.236328 0.000000 595.410645 0.000000 0.687043 0.000000 0.726617 0.969540 0.969540 0.969540
8478.999023 0.000000 629.330933 0.000000 0.676068 0.000000 0.736839 0.968979 0.968979 0.968979
8432.835938 0.000000 576.057190 0.000000 0.160734 0.000000 0.986998 0.947222 0.947222 0.947222
8485.817383 0.000000 631.794128 0.000000 0.690072 0.000000 0.723740 0.969697 0.969697 0.969697
8480.951172 0.000000 627.969666 0.000000 0.157667 0.000000 0.987492 0.947106 0.947106 0.947106
8480.119141 0.000000 666.928589 0.000000 0.327926 0.000000 0.944704 0.932076 0.932076 0.932076
8485.842773 0.000000 667.112427 0.000000 0.476135 0.000000 0.879372 0.919521 0.919521 0.919521
8390.115234 0.000000 695.295349 0.000000 0.250331 0.000000 0.968160 0.950652 0.950652 0.950652
8409.723633 0.000000 681.772766 0.000000 0.606790 0.000000 0.794862 0.965593 0.965593 0.965593
8409.000977 0.000000 671.929260 0.000000 0.381865 0.000000 0.924218 0.955849 0.955849 0.955849
8396.886719 0.000000 691.743774 0.000000 0.445995 0.000000 0.895036 0.966791 0.966791 0.966791
8384.406250 0.000000 722.144165 0.000000 0.295446 0.000000 0.955359 0.990482 0.990482 0.990482
8396.551758 0.000000 749.084473 0.000000 0.183670 0.000000 0.982988 0.979238 0.979238 0.979238
8403.429688 0.000000 729.900391 0.000000 0.057070 0.000000 0.998370 0.943315 0.943315 0.943315
8388.631836 0.000000 758.203430 0.000000 0.629125 0.000000 0.777304 0.986663 0.986663 0.986663
8416.293945 0.000000 701.988647 0.000000 0.496763 0.000000 0.867886 0.984258 0.984258 0.984258
8420.187500 0.000000 740.663208 0.000000 0.707105 0.000000 0.707108 0.958823 0.958823 0.958823
8404.268555 0.000000 672.132263 0.000000 0.393904 0.000000 0.919151 0.956338 0.956338 0.956338
8405.287109 0.000000 733.828186 0.000000 0.144232 0.000000 0.989544 0.943036 0.943036 0.943036
8401.620117 0.000000 741.784912 0.000000 0.603056 0.000000 0.797699 0.965418 0.965418 0.965418
8406.658203 0.000000 740.671387 0.000000 0.316833 0.000000 0.948482 0.934549 0.934549 0.934549
8394.532227 0.000000 745.362000 0.000000 0.350697 0.000000 0.936489 0.954595 0.954595 0.954595
8412.833984 0.000000 733.324341 0.000000 0.611988 0.000000 0.790867 0.940787 0.940787 0.940787
8412.691406 0.000000 745.028687 0.000000 0.539784 0.000000 0.841804 0.962529 0.962529 0.962529
8412.901367 0.000000 703.795288 0.000000 0.237019 0.000000 0.971505 0.970083 0.970083 0.970083
8411.675781 0.000000 729.030029 0.000000 0.493656 0.000000 0.869657 0.944715 0.944715 0.944715
8401.712891 0.000000 757.256470 0.000000 0.261277 0.000000 0.965264 0.951076 0.951076 0.951076
8397.325195 0.000000 688.248962 0.000000 0.163315 0.000000 0.986574 0.947320 0.947320 0.947320
8409.759766 0.000000 685.254089 0.000000 0.668151 0.000000 0.744026 0.943441 0.943441 0.943441
8406.750977 0.000000 728.701843 0.000000 0.230859 0.000000 0.972987 0.949900 0.949900 0.949900
8395.293945 0.000000 740.269836 0.000000 0.464115 0.000000 0.885775 0.959250 0.959250 0.959250
8408.800781 0.000000 688.487061 0.000000 0.560649 0.000000 0.828054 0.917186 0.917186 0.917186
8409.046875 0.000000 675.283630 0.000000 0.301555 0.000000 0.953449 0.952648 0.952648 0.952648
8409.349609 0.000000 678.699707 0.000000 0.398220 0.000000 0.917290 0.956514 0.956514 0.956514
8418.142578 0.000000 730.814758 0.000000 0.400807 0.000000 0.916163 0.956620 0.956620 0.956620
8401.763672 0.000000 724.219177 0.000000 0.040692 0.000000 0.999172 0.942701 0.942701 0.942701
8391.880859 0.000000 680.103027 0.000000 0.488888 0.000000 0.872347 0.962952 0.962952 0.962952
8403.551758 0.000000 677.774231 0.000000 0.440958 0.000000 0.897528 0.958278 0.958278 0.958278
8420.345703 0.000000 714.511353 0.000000 0.609166 0.000000 0.793042 0.965705 0.965705 0.965705
8387.164062 0.000000 720.734680 0.000000 0.551004 0.000000 0.834503 0.963030 0.963030 0.963030
8412.106445 0.000000 709.129272 0.000000 0.177921 0.000000 0.984045 0.947875 0.947875 0.947875
8420.419922 0.000000 756.613525 0.000000 0.691253 0.000000 0.722613 0.969758 0.969758 0.969758
8422.629883 0.000000 739.705566 0.000000 0.362628 0.000000 0.931934 0.955073 0.955073 0.955073
8418.854492 0.000000 710.849121 0.000000 0.456600 0.000000 0.889672 0.958933 0.958933 0.958933
8390.697266 0.000000 692.078430 0.000000 0.544908 0.000000 0.838496 0.962757 0.962757 0.962757
8409.778320 0.000000 698.994446 0.000000 0.283716 0.000000 0.958908 0.951949 0.951949 0.951949
8419.506836 0.000000 748.176025 0.000000 0.200366 0.000000 0.979721 0.948731 0.948731 0.948731
8394.125977 0.000000 687.330444 0.000000 0.132384 0.000000 0.991198 0.946149 0.946149 0.946149
8406.766602 0.000000 743.045593 0.000000 0.279778 0.000000 0.960065 0.951795 0.951795 0.951795
8406.880859 0.000000 689.712830 0.000000 0.450111 0.000000 0.892973 0.881494 0.881494 0.881494
8412.821289 0.000000 741.602112 0.000000 0.146429 0.000000 0.989221 0.918242 0.918242 0.918242
8403.259766 0.000000 695.770935 0.000000 0.643018 0.000000 0.765851 0.934663 0.934663 0.934663
8408.500977 0.000000 741.842957 0.000000 0.081909 0.000000 0.996640 0.888494 0.888494 0.888494
8406.958984 0.000000 735.105530 0.000000 0.369009 0.000000 0.929426 0.910659 0.910659 0.910659
8404.884766 0.000000 688.170227 0.000000 0.380696 0.000000 0.924700 0.867406 0.867406 0.867406
8405.425781 0.000000 684.906616 0.000000 0.624508 0.000000 0.781019 0.914970 0.914970 0.914970
8411.452148 0.000000 693.085205 0.000000 0.198109 0.000000 0.980180 0.904137 0.904137 0.904137
8402.601562 0.000000 689.157593 0.000000 0.539210 0.000000 0.842171 0.887510 0.887510 0.887510
8407.183594 0.000000 688.024109 0.000000 0.660266 0.000000 0.751032 0.908792 0.908792 0.908792
8404.213867 0.000000 686.200195 0.000000 0.234780 0.000000 0.972048 0.850154 0.850154 0.850154
8423.137695 0.000000 752.071411 0.000000 0.111242 0.000000 0.993793 0.945351 0.945351 0.945351
8423.155273 0.000000 710.515015 0.000000 0.223228 0.000000 0.974766 0.969764 0.969764 0.969764
8427.935547 0.000000 757.153137 0.000000 0.667487 0.000000 0.744621 0.976933 0.976933 0.976933
8445.740234 0.000000 767.847046 0.000000 0.615630 0.000000 0.788035 0.979607 0.979607 0.979607
8435.704102 0.000000 749.394043 0.000000 0.049770 0.000000 0.998761 0.943041 0.943041 0.943041
8484.272461 0.000000 687.881104 0.000000 0.365265 0.000000 0.930904 0.955179 0.955179 0.955179
8488.648438 0.000000 682.530640 0.000000 0.665103 0.000000 0.746752 0.947375 0.947375 0.947375
8423.953125 0.000000 745.965759 0.000000 0.186069 0.000000 0.982537 0.924005 0.924005 0.924005
8441.137695 0.000000 758.277222 0.000000 0.147165 0.000000 0.989112 0.936049 0.936049 0.936049
8432.614258 0.000000 761.555481 0.000000 0.079403 0.000000 0.996843 0.962769 0.962769 0.962769
8478.550781 0.000000 677.366882 0.000000 0.508041 0.000000 0.861333 0.987044 0.987044 0.987044
8492.062500 0.000000 728.410217 0.000000 0.171437 0.000000 0.985195 0.947628 0.947628 0.947628
8428.794922 0.000000 764.235413 0.000000 0.651463 0.000000 0.758680 0.967746 0.967746 0.967746
8431.890625 0.000000 723.240356 0.000000 0.655692 0.000000 0.755029 0.967956 0.967956 0.967956
8426.267578 0.000000 749.279907 0.000000 0.067728 0.000000 0.997704 0.943715 0.943715 0.943715
8433.982422 0.000000 745.781921 0.000000 0.267925 0.000000 0.963440 0.951334 0.951334 0.951334
8485.118164 0.000000 684.115845 0.000000 0.037365 0.000000 0.999302 0.942576 0.942576 0.942576
8488.125977 0.000000 686.115662 0.000000 0.572704 0.000000 0.819762 0.964012 0.964012 0.964012
8436.584961 0.000000 729.924683 0.000000 0.291778 0.000000 0.956486 0.952264 0.952264 0.952264
8431.328125 0.000000 741.679138 0.000000 0.312299 0.000000 0.949984 0.946813 0.946813 0.946813
8430.366211 0.000000 736.533447 0.000000 0.101239 0.000000 0.994862 0.944974 0.944974 0.944974
8434.956055 0.000000 724.063416 0.000000 0.348291 0.000000 0.937386 0.954499 0.954499 0.954499
8440.816406 0.000000 755.103271 0.000000 0.223432 0.000000 0.974720 0.949615 0.949615 0.949615
8491.574219 0.000000 693.099609 0.000000 0.221342 0.000000 0.975196 0.949535 0.949535 0.949535
8433.810547 0.000000 720.943054 0.000000 0.696837 0.000000 0.717230 0.970048 0.970048 0.970048
8424.109375 0.000000 755.004883 0.000000 0.718651 0.000000 0.695371 0.971205 0.971205 0.971205
8494.835938 0.000000 727.851135 0.000000 0.501158 0.000000 0.865356 0.960834 0.960834 0.960834
8478.744141 0.000000 673.635986 0.000000 0.484980 0.000000 0.874525 0.960138 0.960138 0.960138
8425.458984 0.000000 738.966919 0.000000 0.140176 0.000000 0.990127 0.946443 0.946443 0.946443
8428.757812 0.000000 742.295715 0.000000 0.271364 0.000000 0.962477 0.902935 0.902935 0.902935
8429.425781 0.000000 724.929199 0.000000 0.575359 0.000000 0.817901 0.964134 0.964134 0.964134
8431.576172 0.000000 726.123901 0.000000 0.520158 0.000000 0.854070 0.961662 0.961662 0.961662
8488.544922 0.000000 672.061829 0.000000 0.105452 0.000000 0.994424 0.934159 0.934159 0.934159
8445.708008 0.000000 762.695679 0.000000 0.514891 0.000000 0.857255 0.961432 0.961432 0.961432
8438.282227 0.000000 766.974365 0.000000 0.507083 0.000000 0.861897 0.961091 0.961091 0.961091
8485.213867 0.000000 674.269531 0.000000 0.619540 0.000000 0.784965 0.941409 0.941409 0.941409
8554.534180 0.000000 646.029480 0.000000 0.524052 0.000000 0.851686 0.994911 0.994911 0.994911
8555.029297 0.000000 625.498474 0.000000 0.131225 0.000000 0.991353 0.985628 0.985628 0.985628
8541.639648 0.000000 646.986450 0.000000 0.615395 0.000000 0.788219 0.966000 0.966000 0.966000
8532.580078 0.000000 630.871765 0.000000 0.123713 0.000000 0.992318 0.945821 0.945821 0.945821
8548.376953 0.000000 654.669861 0.000000 0.091961 0.000000 0.995763 0.944625 0.944625 0.944625
8563.452148 0.000000 649.347046 0.000000 0.025733 0.000000 0.999669 0.957569 0.957569 0.957569
8514.719727 0.000000 597.958862 0.000000 0.153608 0.000000 0.988132 0.954025 0.954025 0.954025
8565.029297 0.000000 663.171387 0.000000 0.722438 0.000000 0.691436 0.971409 0.971409 0.971409
8554.997070 0.000000 640.810913 0.000000 0.682599 0.000000 0.730793 0.969312 0.969312 0.969312
8535.405273 0.000000 626.071777 0.000000 0.633290 0.000000 0.773915 0.966858 0.966858 0.966858
8548.944336 0.000000 659.748901 0.000000 0.617496 0.000000 0.786574 0.972880 0.972880 0.972880
8559.428711 0.000000 646.499023 0.000000 0.215736 0.000000 0.976452 0.949319 0.949319 0.949319
8549.271484 0.000000 637.843811 0.000000 0.734540 0.000000 0.678565 0.988828 0.988828 0.988828
8561.056641 0.000000 637.680054 0.000000 0.326139 0.000000 0.945322 0.978355 0.978355 0.978355
8522.834961 0.000000 603.480042 0.000000 0.037075 0.000000 0.999313 0.977026 0.977026 0.977026
8538.365234 0.000000 636.247559 0.000000 0.112908 0.000000 0.993605 0.970887 0.970887 0.970887
8534.937500 0.000000 634.262878 0.000000 0.356046 0.000000 0.934469 0.954809 0.954809 0.954809
8531.939453 0.000000 627.307495 0.000000 0.106215 0.000000 0.994343 0.963441 0.963441 0.963441
8539.278320 0.000000 644.285461 0.000000 0.158670 0.000000 0.987332 0.968286 0.968286 0.968286
8566.160156 0.000000 647.399902 0.000000 0.376446 0.000000 0.926438 0.964504 0.964504 0.964504
8562.451172 0.000000 667.498047 0.000000 0.040072 0.000000 0.999197 0.950320 0.950320 0.950320
8560.291992 0.000000 649.333740 0.000000 0.273441 0.000000 0.961889 0.967699 0.967699 0.967699
8555.526367 0.000000 628.316040 0.000000 0.291549 0.000000 0.956556 0.952255 0.952255 0.952255
8514.792969 0.000000 604.724121 0.000000 0.001171 0.000000 0.999999 0.949058 0.949058 0.949058
8539.875000 0.000000 633.817627 0.000000 0.543581 0.000000 0.839357 0.962698 0.962698 0.962698
8564.404297 0.000000 660.629150 0.000000 0.020091 0.000000 0.999798 0.941929 0.941929 0.941929
8551.582031 0.000000 670.237061 0.000000 0.692107 0.000000 0.721795 0.969802 0.969802 0.969802
8547.849609 0.000000 662.787170 0.000000 0.110930 0.000000 0.993828 0.945339 0.945339 0.945339
8535.343750 0.000000 631.828369 0.000000 0.423519 0.000000 0.905887 0.957554 0.957554 0.957554
8552.943359 0.000000 627.969666 0.000000 0.023607 0.000000 0.999721 0.942061 0.942061 0.942061
8567.122070 0.000000 656.087036 0.000000 0.036238 0.000000 0.999343 0.946365 0.946365 0.946365
8576.598633 0.000000 665.571106 0.000000 0.080702 0.000000 0.996738 0.947922 0.947922 0.947922
8636.993164 0.000000 669.255859 0.000000 0.287282 0.000000 0.957846 0.984029 0.984029 0.984029
8629.608398 0.000000 671.659241 0.000000 0.663474 0.000000 0.748199 0.968343 0.968343 0.968343
8575.183594 0.000000 658.911743 0.000000 0.130492 0.000000 0.991449 0.946077 0.946077 0.946077
8632.964844 0.000000 670.708069 0.000000 0.471864 0.000000 0.881671 0.959579 0.959579 0.959579
8584.584961 0.000000 665.619995 0.000000 0.443570 0.000000 0.896240 0.958387 0.958387 0.958387
8568.448242 0.000000 664.434387 0.000000 0.302782 0.000000 0.953060 0.952696 0.952696 0.952696
8567.213867 0.000000 669.781189 0.000000 0.456759 0.000000 0.889591 0.958940 0.958940 0.958940
8572.088867 0.000000 651.190125 0.000000 0.228060 0.000000 0.973647 0.949793 0.949793 0.949793
8576.499023 0.000000 668.812744 0.000000 0.524238 0.000000 0.851572 0.961841 0.961841 0.961841
8629.208008 0.000000 669.013489 0.000000 0.721984 0.000000 0.691910 0.971385 0.971385 0.971385
8569.469727 0.000000 661.094849 0.000000 0.451332 0.000000 0.892356 0.958712 0.958712 0.958712
8505.857422 0.000000 727.050903 0.000000 0.460925 0.000000 0.887439 0.959116 0.959116 0.959116
8552.985352 0.000000 671.929260 0.000000 0.640613 0.000000 0.767864 0.967214 0.967214 0.967214
8556.264648 0.000000 687.881104 0.000000 0.366144 0.000000 0.930558 0.955214 0.955214 0.955214
8525.787109 0.000000 744.549438 0.000000 0.033395 0.000000 0.999442 0.942427 0.942427 0.942427
8503.709961 0.000000 687.112793 0.000000 0.465013 0.000000 0.885304 0.959288 0.959288 0.959288
8511.664062 0.000000 738.631592 0.000000 0.027025 0.000000 0.999635 0.953751 0.953751 0.953751
8521.630859 0.000000 745.539673 0.000000 0.125324 0.000000 0.992116 0.945882 0.945882 0.945882
8507.759766 0.000000 766.905212 0.000000 0.312520 0.000000 0.949911 0.953079 0.953079 0.953079
8505.193359 0.000000 707.928162 0.000000 0.025595 0.000000 0.999672 0.969139 0.969139 0.969139
8560.118164 0.000000 686.115662 0.000000 0.554221 0.000000 0.832370 0.963175 0.963175 0.963175
8523.722656 0.000000 741.510437 0.000000 0.115272 0.000000 0.993334 0.945503 0.945503 0.945503
8507.005859 0.000000 763.784607 0.000000 0.468801 0.000000 0.883304 0.959449 0.959449 0.959449
8553.031250 0.000000 675.283630 0.000000 0.030255 0.000000 0.999542 0.942310 0.942310 0.942310
8521.268555 0.000000 738.225037 0.000000 0.297197 0.000000 0.954816 0.904953 0.904953 0.904953
8563.793945 0.000000 682.838562 0.000000 0.597507 0.000000 0.801864 0.972126 0.972126 0.972126
8522.596680 0.000000 753.219666 0.000000 0.517182 0.000000 0.855875 0.961532 0.961532 0.961532
8502.830078 0.000000 681.834229 0.000000 0.506749 0.000000 0.862094 0.961077 0.961077 0.961077
8503.804688 0.000000 734.013306 0.000000 0.724851 0.000000 0.688905 0.973437 0.973437 0.973437
8555.385742 0.000000 673.579407 0.000000 0.443741 0.000000 0.896155 0.958394 0.958394 0.958394
8550.736328 0.000000 673.635986 0.000000 0.462335 0.000000 0.886705 0.959175 0.959175 0.959175
8507.173828 0.000000 734.084167 0.000000 0.493403 0.000000 0.869801 0.960500 0.960500 0.960500
8504.073242 0.000000 684.262878 0.000000 0.093766 0.000000 0.995594 0.944693 0.944693 0.944693
8495.408203 0.000000 689.953735 0.000000 0.280945 0.000000 0.959724 0.961473 0.961473 0.961473
8505.649414 0.000000 679.185547 0.000000 0.673484 0.000000 0.739202 0.968847 0.968847 0.968847
8562.908203 0.000000 685.883972 0.000000 0.688839 0.000000 0.724915 0.969633 0.969633 0.969633
8503.958008 0.000000 705.665283 0.000000 0.494453 0.000000 0.869204 0.960545 0.960545 0.960545
8510.274414 0.000000 766.974365 0.000000 0.715909 0.000000 0.698194 0.965269 0.965269 0.965269
8510.511719 0.000000 731.165039 0.000000 0.224460 0.000000 0.974483 0.906021 0.906021 0.906021
8606.091797 0.000000 695.295349 0.000000 0.541350 0.000000 0.840797 0.962598 0.962598 0.962598
8597.582031 0.000000 672.200989 0.000000 0.279834 0.000000 0.960048 0.993573 0.993573 0.993573
8606.568359 0.000000 682.870178 0.000000 0.258269 0.000000 0.966073 0.950959 0.950959 0.950959
8577.783203 0.000000 681.930176 0.000000 0.582761 0.000000 0.812644 0.966842 0.966842 0.966842
8583.951172 0.000000 707.323975 0.000000 0.505488 0.000000 0.862834 0.966219 0.966219 0.966219
8600.916992 0.000000 678.701294 0.000000 0.191989 0.000000 0.981397 0.948411 0.948411 0.948411
8628.256836 0.000000 687.881104 0.000000 0.362621 0.000000 0.931937 0.925121 0.925121 0.925121
8632.632812 0.000000 682.530640 0.000000 0.426075 0.000000 0.904688 0.957659 0.957659 0.957659
8567.992188 0.000000 704.797668 0.000000 0.055830 0.000000 0.998440 0.943268 0.943268 0.943268
8621.960938 0.000000 686.678284 0.000000 0.195140 0.000000 0.980775 0.986275 0.986275 0.986275
8603.050781 0.000000 673.644897 0.000000 0.699377 0.000000 0.714753 0.984097 0.984097 0.984097
8595.963867 0.000000 703.772583 0.000000 0.297888 0.000000 0.954601 0.952504 0.952504 0.952504
8595.832031 0.000000 677.892700 0.000000 0.705096 0.000000 0.709111 0.970482 0.970482 0.970482
8580.656250 0.000000 688.197632 0.000000 0.480740 0.000000 0.876863 0.970635 0.970635 0.970635
8606.203125 0.000000 677.655884 0.000000 0.143906 0.000000 0.989591 0.946584 0.946584 0.946584
8637.586914 0.000000 676.534851 0.000000 0.111158 0.000000 0.993803 0.967209 0.967209 0.967209
8578.265625 0.000000 715.901550 0.000000 0.393600 0.000000 0.919282 0.982530 0.982530 0.982530
8572.008789 0.000000 710.377441 0.000000 0.470813 0.000000 0.882233 0.959534 0.959534 0.959534
8629.102539 0.000000 684.115845 0.000000 0.268116 0.000000 0.963387 0.912414 0.912414 0.912414
8629.847656 0.000000 672.240173 0.000000 0.425825 0.000000 0.904806 0.957649 0.957649 0.957649
8588.267578 0.000000 707.690674 0.000000 0.349259 0.000000 0.937026 0.954537 0.954537 0.954537
8635.265625 0.000000 679.793396 0.000000 0.129189 0.000000 0.991620 0.938832 0.938832 0.938832
8629.022461 0.000000 680.578491 0.000000 0.205065 0.000000 0.978748 0.948911 0.948911 0.948911
8570.631836 0.000000 697.560181 0.000000 0.219262 0.000000 0.975666 0.959564 0.959564 0.959564
8592.776367 0.000000 702.599365 0.000000 0.539837 0.000000 0.841770 0.962531 0.962531 0.962531
8567.072266 0.000000 701.726196 0.000000 0.433432 0.000000 0.901187 0.921534 0.921534 0.921534
8571.022461 0.000000 704.214478 0.000000 0.047151 0.000000 0.998888 0.942943 0.942943 0.942943
8590.443359 0.000000 709.837097 0.000000 0.621702 0.000000 0.783254 0.966301 0.966301 0.966301
8599.047852 0.000000 702.896973 0.000000 0.098991 0.000000 0.995088 0.959586 0.959586 0.959586
8603.410156 0.000000 676.877075 0.000000 0.104373 0.000000 0.994538 0.945092 0.945092 0.945092
8598.419922 0.000000 677.546326 0.000000 0.173828 0.000000 0.984776 0.923322 0.923322 0.923322
8623.301758 0.000000 684.562561 0.000000 0.285832 0.000000 0.958280 0.955230 0.955230 0.955230
8569.034180 0.000000 699.778748 0.000000 0.501387 0.000000 0.865223 0.939961 0.939961 0.939961
8627.716797 0.000000 685.743286 0.000000 0.546773 0.000000 0.837281 0.925681 0.925681 0.925681
8626.275391 0.000000 687.190125 0.000000 0.081433 0.000000 0.996679 0.907049 0.907049 0.907049
8678.633789 0.000000 657.860291 0.000000 0.108046 0.000000 0.994146 0.945230 0.945230 0.945230
8658.807617 0.000000 638.219238 0.000000 0.088485 0.000000 0.996077 0.944494 0.944494 0.944494
8696.899414 0.000000 635.611755 0.000000 0.420565 0.000000 0.907263 0.957431 0.957431 0.957431
8646.031250 0.000000 649.121460 0.000000 0.120620 0.000000 0.992699 0.945705 0.945705 0.945705
8679.187500 0.000000 638.941528 0.000000 0.677483 0.000000 0.735539 0.969050 0.969050 0.969050
8679.793945 0.000000 644.500244 0.000000 0.292843 0.000000 0.956161 0.980922 0.980922 0.980922
8659.671875 0.000000 645.844666 0.000000 0.504877 0.000000 0.863191 0.960996 0.960996 0.960996
8673.547852 0.000000 639.601624 0.000000 0.450327 0.000000 0.892864 0.958670 0.958670 0.958670
8661.951172 0.000000 627.076782 0.000000 0.547091 0.000000 0.837073 0.965331 0.965331 0.965331
8642.244141 0.000000 653.295532 0.000000 0.596530 0.000000 0.802591 0.965112 0.965112 0.965112
8676.815430 0.000000 642.096375 0.000000 0.550508 0.000000 0.834830 0.963008 0.963008 0.963008
8670.791016 0.000000 638.975464 0.000000 0.685892 0.000000 0.727703 0.969481 0.969481 0.969481
8648.494141 0.000000 654.613037 0.000000 0.155854 0.000000 0.987780 0.947037 0.947037 0.947037
8667.831055 0.000000 631.529236 0.000000 0.405856 0.000000 0.913937 0.965461 0.965461 0.965461
8677.866211 0.000000 636.640869 0.000000 0.248973 0.000000 0.968510 0.950599 0.950599 0.950599
8639.651367 0.000000 653.523071 0.000000 0.725338 0.000000 0.688393 0.971567 0.971567 0.971567
8697.288086 0.000000 633.271423 0.000000 0.700348 0.000000 0.713801 0.970232 0.970232 0.970232
8711.106445 0.000000 656.087036 0.000000 0.471219 0.000000 0.882016 0.978427 0.978427 0.978427
8715.904297 0.000000 661.168762 0.000000 0.226653 0.000000 0.973975 0.949739 0.949739 0.949739
8733.708984 0.000000 671.862671 0.000000 0.047400 0.000000 0.998876 0.885904 0.885904 0.885904
8717.717773 0.000000 655.317627 0.000000 0.701644 0.000000 0.712528 0.970300 0.970300 0.970300
8719.859375 0.000000 627.255981 0.000000 0.621754 0.000000 0.783213 0.982028 0.982028 0.982028
8719.167969 0.000000 658.911743 0.000000 0.016369 0.000000 0.999866 0.941789 0.941789 0.941789
8712.149414 0.000000 629.265991 0.000000 0.335058 0.000000 0.942197 0.953971 0.953971 0.953971
8715.381836 0.000000 664.977173 0.000000 0.690715 0.000000 0.723127 0.969730 0.969730 0.969730
8719.369141 0.000000 652.195801 0.000000 0.487171 0.000000 0.873307 0.960232 0.960232 0.960232
8712.078125 0.000000 659.020508 0.000000 0.044350 0.000000 0.999016 0.942838 0.942838 0.942838
8717.212891 0.000000 625.384644 0.000000 0.045363 0.000000 0.998971 0.942876 0.942876 0.942876
8714.782227 0.000000 630.488342 0.000000 0.516775 0.000000 0.856121 0.961514 0.961514 0.961514
8717.394531 0.000000 628.944824 0.000000 0.571093 0.000000 0.820885 0.966343 0.966343 0.966343
8716.510742 0.000000 620.977295 0.000000 0.104833 0.000000 0.994490 0.945109 0.945109 0.945109
8713.454102 0.000000 661.094849 0.000000 0.511496 0.000000 0.859286 0.961283 0.961283 0.961283
8731.534180 0.000000 670.722412 0.000000 0.349816 0.000000 0.936818 0.909119 0.909119 0.909119
8717.033203 0.000000 657.652161 0.000000 0.549589 0.000000 0.835435 0.962967 0.962967 0.962967
8771.005859 0.000000 721.482849 0.000000 0.489985 0.000000 0.871731 0.949780 0.949780 0.949780
8726.999023 0.000000 673.347961 0.000000 0.161208 0.000000 0.986920 0.894480 0.894480 0.894480
8777.653320 0.000000 713.252136 0.000000 0.345781 0.000000 0.938315 0.993920 0.993920 0.993920
8744.321289 0.000000 690.306702 0.000000 0.667733 0.000000 0.744401 0.937114 0.937114 0.937114
8751.308594 0.000000 688.862549 0.000000 0.190489 0.000000 0.981689 0.962126 0.962126 0.962126
8736.846680 0.000000 735.011353 0.000000 0.727144 0.000000 0.686485 0.973554 0.973554 0.973554
8741.763672 0.000000 744.549438 0.000000 0.162237 0.000000 0.986752 0.947279 0.947279 0.947279
8747.035156 0.000000 673.644897 0.000000 0.634671 0.000000 0.772782 0.971335 0.971335 0.971335
8753.978516 0.000000 728.023682 0.000000 0.110710 0.000000 0.993853 0.945331 0.945331 0.945331
8766.798828 0.000000 718.443726 0.000000 0.113673 0.000000 0.993518 0.945443 0.945443 0.945443
8763.390625 0.000000 729.900391 0.000000 0.577712 0.000000 0.816240 0.964242 0.964242 0.964242
8759.824219 0.000000 726.616638 0.000000 0.538278 0.000000 0.842767 0.967467 0.967467 0.967467
8769.351562 0.000000 709.443604 0.000000 0.571624 0.000000 0.820516 0.963963 0.963963 0.963963
8765.248047 0.000000 733.828186 0.000000 0.361342 0.000000 0.932433 0.955021 0.955021 0.955021
8745.540039 0.000000 735.585999 0.000000 0.453199 0.000000 0.891410 0.947801 0.947801 0.947801
8748.152344 0.000000 691.776611 0.000000 0.539874 0.000000 0.841746 0.925065 0.925065 0.925065
8754.341797 0.000000 732.231934 0.000000 0.644141 0.000000 0.764907 0.967386 0.967386 0.967386
8750.914062 0.000000 730.247253 0.000000 0.117352 0.000000 0.993090 0.945581 0.945581 0.945581
8767.178711 0.000000 722.344849 0.000000 0.604781 0.000000 0.796391 0.983899 0.983899 0.983899
8729.295898 0.000000 676.436523 0.000000 0.496748 0.000000 0.867895 0.921288 0.921288 0.921288
8766.711914 0.000000 728.701843 0.000000 0.515672 0.000000 0.856786 0.928069 0.928069 0.928069
8745.566406 0.000000 728.595154 0.000000 0.645309 0.000000 0.763922 0.969614 0.969614 0.969614
8736.154297 0.000000 748.936340 0.000000 0.440958 0.000000 0.897528 0.958278 0.958278 0.958278
8770.855469 0.000000 706.592346 0.000000 0.284588 0.000000 0.958650 0.951983 0.951983 0.951983
8757.153320 0.000000 734.081604 0.000000 0.081873 0.000000 0.996643 0.944246 0.944246 0.944246
8740.496094 0.000000 675.006287 0.000000 0.359464 0.000000 0.933159 0.927913 0.927913 0.927913
8743.643555 0.000000 687.416077 0.000000 0.175246 0.000000 0.984525 0.947773 0.947773 0.947773
8759.657227 0.000000 692.318237 0.000000 0.729677 0.000000 0.683792 0.971803 0.971803 0.971803
8771.502930 0.000000 724.300415 0.000000 0.213719 0.000000 0.976895 0.949242 0.949242 0.949242
8739.888672 0.000000 747.166016 0.000000 0.301439 0.000000 0.953485 0.927386 0.927386 0.927386
8726.643555 0.000000 677.553650 0.000000 0.337838 0.000000 0.941204 0.908164 0.908164 0.908164
8734.599609 0.000000 673.248413 0.000000 0.317752 0.000000 0.948174 0.906571 0.906571 0.906571
8744.391602 0.000000 672.619629 0.000000 0.089920 0.000000 0.995949 0.944548 0.944548 0.944548
8742.783203 0.000000 734.959839 0.000000 0.621425 0.000000 0.783474 0.966288 0.966288 0.966288
8766.590820 0.000000 709.406189 0.000000 0.504416 0.000000 0.863461 0.968780 0.968780 0.968780
8768.105469 0.000000 706.792114 0.000000 0.007983 0.000000 0.999968 0.949279 0.949279 0.949279
8739.823242 0.000000 727.513611 0.000000 0.450911 0.000000 0.892569 0.958694 0.958694 0.958694
8736.227539 0.000000 755.101379 0.000000 0.227642 0.000000 0.973745 0.949777 0.949777 0.949777
8760.958984 0.000000 696.073669 0.000000 0.368399 0.000000 0.929668 0.958285 0.958285 0.958285
8770.720703 0.000000 711.725586 0.000000 0.641501 0.000000 0.767122 0.967257 0.967257 0.967257
8743.560547 0.000000 697.512207 0.000000 0.228913 0.000000 0.973447 0.923066 0.923066 0.923066
8739.382812 0.000000 732.428833 0.000000 0.334337 0.000000 0.942454 0.953943 0.953943 0.953943
8763.234375 0.000000 735.461304 0.000000 0.362478 0.000000 0.931992 0.955067 0.955067 0.955067
8741.533203 0.000000 750.410889 0.000000 0.043962 0.000000 0.999033 0.942823 0.942823 0.942823
8769.280273 0.000000 729.255798 0.000000 0.381555 0.000000 0.924346 0.911673 0.911673 0.911673
8765.208008 0.000000 727.037659 0.000000 0.411562 0.000000 0.911382 0.948473 0.948473 0.948473
8743.157227 0.000000 692.169678 0.000000 0.045734 0.000000 0.998954 0.885779 0.885779 0.885779
8736.130859 0.000000 671.994080 0.000000 0.399701 0.000000 0.916646 0.913150 0.913150 0.913150
8318.476562 0.000000 841.851135 0.000000 0.071609 0.000000 0.997433 0.947603 0.947603 0.947603
8348.035156 0.000000 846.621826 0.000000 0.658375 0.000000 0.752690 0.936178 0.936178 0.936178
8328.994141 0.000000 843.347656 0.000000 0.281854 0.000000 0.959457 0.951876 0.951876 0.951876
8322.540039 0.000000 841.346375 0.000000 0.423309 0.000000 0.905985 0.957545 0.957545 0.957545
8337.017578 0.000000 830.506409 0.000000 0.371370 0.000000 0.928485 0.940567 0.940567 0.940567
8344.315430 0.000000 841.302490 0.000000 0.607464 0.000000 0.794347 0.931250 0.931250 0.931250
8320.218750 0.000000 839.605652 0.000000 0.437982 0.000000 0.898984 0.958154 0.958154 0.958154
8320.806641 0.000000 843.366455 0.000000 0.491195 0.000000 0.871050 0.963044 0.963044 0.963044
8332.340820 0.000000 838.069824 0.000000 0.580522 0.000000 0.814244 0.964371 0.964371 0.964371
8342.420898 0.000000 842.882812 0.000000 0.283568 0.000000 0.958952 0.903887 0.903887 0.903887
8346.989258 0.000000 848.882568 0.000000 0.586468 0.000000 0.809973 0.964645 0.964645 0.964645
8346.013672 0.000000 831.887512 0.000000 0.580458 0.000000 0.814290 0.957241 0.957241 0.957241
8343.212891 0.000000 845.609985 0.000000 0.378610 0.000000 0.925556 0.911435 0.911435 0.911435
8346.088867 0.000000 845.961426 0.000000 0.411973 0.000000 0.911196 0.914155 0.914155 0.914155
8349.694336 0.000000 845.364807 0.000000 0.471217 0.000000 0.882017 0.919102 0.919102 0.919102
8391.796875 0.000000 812.694031 0.000000 0.085702 0.000000 0.996321 0.944390 0.944390 0.944390
8351.145508 0.000000 848.055786 0.000000 0.251603 0.000000 0.967831 0.950701 0.950701 0.950701
8417.094727 0.000000 770.457275 0.000000 0.212077 0.000000 0.977253 0.905134 0.905134 0.905134
8411.842773 0.000000 796.297119 0.000000 0.422055 0.000000 0.906570 0.957493 0.957493 0.957493
8404.521484 0.000000 820.899963 0.000000 0.300475 0.000000 0.953790 0.952605 0.952605 0.952605
8413.072266 0.000000 844.952393 0.000000 0.392647 0.000000 0.919689 0.944630 0.944630 0.944630
8355.943359 0.000000 853.137512 0.000000 0.586649 0.000000 0.809841 0.964653 0.964653 0.964653
8398.708984 0.000000 861.387451 0.000000 0.353587 0.000000 0.935401 0.954710 0.954710 0.954710
8357.756836 0.000000 847.286377 0.000000 0.716304 0.000000 0.697788 0.978791 0.978791 0.978791
8393.802734 0.000000 854.989502 0.000000 0.372232 0.000000 0.928140 0.955460 0.955460 0.955460
8411.957031 0.000000 772.626587 0.000000 0.540609 0.000000 0.841274 0.962565 0.962565 0.962565
8387.012695 0.000000 863.352173 0.000000 0.256260 0.000000 0.966608 0.983627 0.983627 0.983627
8396.982422 0.000000 811.648682 0.000000 0.420837 0.000000 0.907136 0.954606 0.954606 0.954606
8388.631836 0.000000 854.187805 0.000000 0.065049 0.000000 0.997882 0.943614 0.943614 0.943614
8409.161133 0.000000 800.167908 0.000000 0.034482 0.000000 0.999405 0.957810 0.957810 0.957810
8399.561523 0.000000 856.192261 0.000000 0.360398 0.000000 0.932798 0.954983 0.954983 0.954983
8400.986328 0.000000 843.347656 0.000000 0.606203 0.000000 0.795310 0.965566 0.965566 0.965566
8421.524414 0.000000 781.436218 0.000000 0.412055 0.000000 0.911159 0.957081 0.957081 0.957081
8413.315430 0.000000 849.486450 0.000000 0.530627 0.000000 0.847606 0.962123 0.962123 0.962123
8423.044922 0.000000 820.869385 0.000000 0.413289 0.000000 0.910600 0.957132 0.957132 0.957132
8417.072266 0.000000 829.648804 0.000000 0.140733 0.000000 0.990048 0.946464 0.946464 0.946464
8395.682617 0.000000 858.801880 0.000000 0.505538 0.000000 0.862804 0.961024 0.961024 0.961024
8420.215820 0.000000 767.918640 0.000000 0.162126 0.000000 0.986770 0.947275 0.947275 0.947275
8394.380859 0.000000 828.216309 0.000000 0.320433 0.000000 0.947271 0.953392 0.953392 0.953392
8412.833984 0.000000 829.308716 0.000000 0.320943 0.000000 0.947099 0.962729 0.962729 0.962729
8421.392578 0.000000 817.407593 0.000000 0.481044 0.000000 0.876697 0.959970 0.959970 0.959970
8417.678711 0.000000 801.503174 0.000000 0.552836 0.000000 0.833290 0.948357 0.948357 0.948357
8407.217773 0.000000 818.329224 0.000000 0.123751 0.000000 0.992313 0.953046 0.953046 0.953046
8412.691406 0.000000 841.013062 0.000000 0.281138 0.000000 0.959667 0.945428 0.945428 0.945428
8421.441406 0.000000 850.143921 0.000000 0.434110 0.000000 0.900860 0.957993 0.957993 0.957993
8421.137695 0.000000 807.993530 0.000000 0.154803 0.000000 0.987945 0.946997 0.946997 0.946997
8412.901367 0.000000 799.779663 0.000000 0.123268 0.000000 0.992373 0.916900 0.916900 0.916900
8419.289062 0.000000 775.777771 0.000000 0.420834 0.000000 0.907138 0.957443 0.957443 0.957443
8398.640625 0.000000 808.582092 0.000000 0.523597 0.000000 0.851966 0.961813 0.961813 0.961813
8362.313477 0.000000 848.643433 0.000000 0.660260 0.000000 0.751037 0.968183 0.968183 0.968183
8354.841797 0.000000 840.113831 0.000000 0.554953 0.000000 0.831881 0.963208 0.963208 0.963208
8416.340820 0.000000 847.544373 0.000000 0.708811 0.000000 0.705399 0.970679 0.970679 0.970679
8415.197266 0.000000 785.402771 0.000000 0.694535 0.000000 0.719458 0.969928 0.969928 0.969928
8398.020508 0.000000 842.122314 0.000000 0.003259 0.000000 0.999995 0.941299 0.941299 0.941299
8421.891602 0.000000 843.343201 0.000000 0.195622 0.000000 0.980679 0.897099 0.897099 0.897099
8419.809570 0.000000 778.822937 0.000000 0.047342 0.000000 0.998879 0.942950 0.942950 0.942950
8422.175781 0.000000 839.368652 0.000000 0.176185 0.000000 0.984357 0.930412 0.930412 0.930412
8397.192383 0.000000 830.065979 0.000000 0.324681 0.000000 0.945824 0.953560 0.953560 0.953560
8405.241211 0.000000 843.730103 0.000000 0.114097 0.000000 0.993470 0.945459 0.945459 0.945459
8390.118164 0.000000 815.334290 0.000000 0.256547 0.000000 0.966532 0.950892 0.950892 0.950892
8409.549805 0.000000 789.910645 0.000000 0.590877 0.000000 0.806762 0.969536 0.969536 0.969536
8401.776367 0.000000 828.143738 0.000000 0.214153 0.000000 0.976800 0.949259 0.949259 0.949259
8414.553711 0.000000 771.603271 0.000000 0.555007 0.000000 0.831846 0.948494 0.948494 0.948494
8399.650391 0.000000 811.115479 0.000000 0.598159 0.000000 0.801377 0.965188 0.965188 0.965188
8353.466797 0.000000 834.951294 0.000000 0.076761 0.000000 0.997050 0.944054 0.944054 0.944054
8415.437500 0.000000 791.217285 0.000000 0.635406 0.000000 0.772178 0.966961 0.966961 0.966961
8394.322266 0.000000 811.764221 0.000000 0.111224 0.000000 0.993795 0.930777 0.930777 0.930777
8370.809570 0.000000 845.031311 0.000000 0.165629 0.000000 0.986188 0.947408 0.947408 0.947408
8384.163086 0.000000 841.824585 0.000000 0.021338 0.000000 0.999772 0.941976 0.941976 0.941976
8412.106445 0.000000 805.113647 0.000000 0.375240 0.000000 0.926928 0.955581 0.955581 0.955581
8401.538086 0.000000 863.012024 0.000000 0.017308 0.000000 0.999850 0.941825 0.941825 0.941825
8366.063477 0.000000 846.538147 0.000000 0.272362 0.000000 0.962195 0.951506 0.951506 0.951506
8422.629883 0.000000 835.689941 0.000000 0.488259 0.000000 0.872699 0.933798 0.933798 0.933798
8372.356445 0.000000 840.510864 0.000000 0.594125 0.000000 0.804373 0.967333 0.967333 0.967333
8398.639648 0.000000 817.513000 0.000000 0.251087 0.000000 0.967964 0.911226 0.911226 0.911226
8416.552734 0.000000 768.046204 0.000000 0.258067 0.000000 0.966127 0.901902 0.901902 0.901902
8388.761719 0.000000 840.044006 0.000000 0.347783 0.000000 0.937575 0.954478 0.954478 0.954478
8357.072266 0.000000 849.620911 0.000000 0.193109 0.000000 0.981177 0.948454 0.948454 0.948454
8389.782227 0.000000 859.428345 0.000000 0.151879 0.000000 0.988399 0.946886 0.946886 0.946886
8420.428711 0.000000 783.451721 0.000000 0.621227 0.000000 0.783631 0.959534 0.959534 0.959534
8395.818359 0.000000 813.452820 0.000000 0.677543 0.000000 0.735483 0.958738 0.958738 0.958738
8418.415039 0.000000 768.895447 0.000000 0.296535 0.000000 0.955022 0.911241 0.911241 0.911241
8412.519531 0.000000 801.632690 0.000000 0.665155 0.000000 0.746705 0.936855 0.936855 0.936855
8423.347656 0.000000 813.934265 0.000000 0.435910 0.000000 0.899990 0.969249 0.969249 0.969249
8434.197266 0.000000 788.623901 0.000000 0.636177 0.000000 0.771544 0.993400 0.993400 0.993400
8441.953125 0.000000 818.690613 0.000000 0.266006 0.000000 0.963971 0.974005 0.974005 0.974005
8427.260742 0.000000 819.411072 0.000000 0.427065 0.000000 0.904221 0.957700 0.957700 0.957700
8424.469727 0.000000 780.058960 0.000000 0.355336 0.000000 0.934739 0.954780 0.954780 0.954780
8444.283203 0.000000 803.675049 0.000000 0.415125 0.000000 0.909764 0.914415 0.914415 0.914415
8445.859375 0.000000 800.359314 0.000000 0.072788 0.000000 0.997347 0.891549 0.891549 0.891549
8449.454102 0.000000 811.637817 0.000000 0.697492 0.000000 0.716592 0.976066 0.976066 0.976066
8444.811523 0.000000 815.796509 0.000000 0.020825 0.000000 0.999783 0.941956 0.941956 0.941956
8426.833984 0.000000 840.113831 0.000000 0.392305 0.000000 0.919835 0.903801 0.903801 0.903801
8446.458984 0.000000 805.821472 0.000000 0.493300 0.000000 0.869859 0.949961 0.949961 0.949961
8426.754883 0.000000 787.898193 0.000000 0.368903 0.000000 0.929468 0.955325 0.955325 0.955325
8433.810547 0.000000 816.927429 0.000000 0.090971 0.000000 0.995854 0.944588 0.944588 0.944588
8447.435547 0.000000 814.643005 0.000000 0.638127 0.000000 0.769931 0.967093 0.967093 0.967093
8428.104492 0.000000 843.158875 0.000000 0.035651 0.000000 0.999364 0.942512 0.942512 0.942512
8426.831055 0.000000 768.896851 0.000000 0.632750 0.000000 0.774356 0.966832 0.966832 0.966832
8428.757812 0.000000 838.280090 0.000000 0.201448 0.000000 0.979499 0.897545 0.897545 0.897545
8429.425781 0.000000 820.913574 0.000000 0.120067 0.000000 0.992766 0.945684 0.945684 0.945684
8435.727539 0.000000 814.045410 0.000000 0.424185 0.000000 0.905576 0.957581 0.957581 0.957581
8449.661133 0.000000 801.082397 0.000000 0.603871 0.000000 0.797082 0.970062 0.970062 0.970062
8423.674805 0.000000 845.491821 0.000000 0.389285 0.000000 0.921117 0.912301 0.912301 0.912301
8442.236328 0.000000 787.379395 0.000000 0.540267 0.000000 0.841494 0.962550 0.962550 0.962550
8433.630859 0.000000 806.678528 0.000000 0.189301 0.000000 0.981919 0.955201 0.955201 0.955201
8432.835938 0.000000 768.025940 0.000000 0.005738 0.000000 0.999984 0.886690 0.886690 0.886690
8438.316406 0.000000 805.203430 0.000000 0.709916 0.000000 0.704287 0.939524 0.939524 0.939524
8434.249023 0.000000 771.992676 0.000000 0.508234 0.000000 0.861219 0.948188 0.948188 0.948188
8423.117188 0.000000 835.674377 0.000000 0.051045 0.000000 0.998696 0.905148 0.905148 0.905148
8443.176758 0.000000 781.692993 0.000000 0.221094 0.000000 0.975253 0.949525 0.949525 0.949525
8440.274414 0.000000 800.691223 0.000000 0.042071 0.000000 0.999115 0.851156 0.851156 0.851156
8444.488281 0.000000 798.393372 0.000000 0.433014 0.000000 0.901387 0.935519 0.935519 0.935519
8426.872070 0.000000 836.928894 0.000000 0.224631 0.000000 0.974444 0.909390 0.909390 0.909390
8434.240234 0.000000 794.836609 0.000000 0.408250 0.000000 0.912870 0.910978 0.910978 0.910978
8437.980469 0.000000 796.988586 0.000000 0.095990 0.000000 0.995382 0.889553 0.889553 0.889553
8429.982422 0.000000 770.192383 0.000000 0.137156 0.000000 0.990549 0.906970 0.906970 0.906970
8436.459961 0.000000 798.410767 0.000000 0.638786 0.000000 0.769385 0.934250 0.934250 0.934250
8433.946289 0.000000 769.921509 0.000000 0.699198 0.000000 0.714928 0.942332 0.942332 0.942332
8443.774414 0.000000 800.734375 0.000000 0.191808 0.000000 0.981433 0.896808 0.896808 0.896808
8444.430664 0.000000 805.575073 0.000000 0.054848 0.000000 0.998495 0.886463 0.886463 0.886463
8433.096680 0.000000 799.945251 0.000000 0.122257 0.000000 0.992499 0.884301 0.884301 0.884301
8427.488281 0.000000 795.212402 0.000000 0.100564 0.000000 0.994931 0.900908 0.900908 0.900908
8431.465820 0.000000 769.127319 0.000000 0.414632 0.000000 0.909989 0.917228 0.917228 0.917228
8437.035156 0.000000 800.150330 0.000000 0.677576 0.000000 0.735452 0.938111 0.938111 0.938111
8445.930664 0.000000 804.167908 0.000000 0.144856 0.000000 0.989453 0.893240 0.893240 0.893240
8426.285156 0.000000 838.512146 0.000000 0.127967 0.000000 0.991778 0.841547 0.841547 0.841547
8433.434570 0.000000 796.390991 0.000000 0.007068 0.000000 0.999975 0.878978 0.878978 0.878978
8440.391602 0.000000 804.855347 0.000000 0.514940 0.000000 0.857226 0.884301 0.884301 0.884301
8441.399414 0.000000 806.682129 0.000000 0.410937 0.000000 0.911664 0.871105 0.871105 0.871105
8386.587891 0.000000 904.719788 0.000000 0.726092 0.000000 0.687597 0.994322 0.994322 0.994322
8381.355469 0.000000 901.790894 0.000000 0.300776 0.000000 0.953695 0.984206 0.984206 0.984206
8379.855469 0.000000 869.861450 0.000000 0.062459 0.000000 0.998048 0.943517 0.943517 0.943517
8401.687500 0.000000 902.885986 0.000000 0.575565 0.000000 0.817756 0.928287 0.928287 0.928287
8409.161133 0.000000 896.152283 0.000000 0.580469 0.000000 0.814283 0.983372 0.983372 0.983372
8405.858398 0.000000 903.932922 0.000000 0.042378 0.000000 0.999102 0.885528 0.885528 0.885528
8372.171875 0.000000 871.799500 0.000000 0.226144 0.000000 0.974094 0.949719 0.949719 0.949719
8381.166016 0.000000 888.625244 0.000000 0.376044 0.000000 0.926602 0.964491 0.964491 0.964491
8409.759766 0.000000 877.222839 0.000000 0.432054 0.000000 0.901848 0.957907 0.957907 0.957907
8388.336914 0.000000 901.670715 0.000000 0.120123 0.000000 0.992759 0.945686 0.945686 0.945686
8403.967773 0.000000 901.457092 0.000000 0.158656 0.000000 0.987334 0.894286 0.894286 0.894286
8398.026367 0.000000 876.405334 0.000000 0.725417 0.000000 0.688310 0.971571 0.971571 0.971571
8407.838867 0.000000 907.929077 0.000000 0.400738 0.000000 0.916193 0.959509 0.959509 0.959509
8410.759766 0.000000 903.694336 0.000000 0.113309 0.000000 0.993560 0.945429 0.945429 0.945429
8399.230469 0.000000 893.695557 0.000000 0.084939 0.000000 0.996386 0.944361 0.944361 0.944361
8396.256836 0.000000 904.445190 0.000000 0.593790 0.000000 0.804620 0.964985 0.964985 0.964985
8403.454102 0.000000 899.663147 0.000000 0.595029 0.000000 0.803704 0.930085 0.930085 0.930085
8400.116211 0.000000 898.188843 0.000000 0.606081 0.000000 0.795403 0.931120 0.931120 0.931120
8400.005859 0.000000 903.032410 0.000000 0.231450 0.000000 0.972847 0.899846 0.899846 0.899846
8535.781250 0.000000 812.694031 0.000000 0.306489 0.000000 0.951874 0.952842 0.952842 0.952842
8555.029297 0.000000 817.467224 0.000000 0.474747 0.000000 0.880123 0.959701 0.959701 0.959701
8542.229492 0.000000 827.290405 0.000000 0.372478 0.000000 0.928041 0.955470 0.955470 0.955470
8521.542969 0.000000 822.086426 0.000000 0.603860 0.000000 0.797090 0.965455 0.965455 0.965455
8541.639648 0.000000 838.955200 0.000000 0.301979 0.000000 0.953315 0.952664 0.952664 0.952664
8559.554688 0.000000 859.563904 0.000000 0.365244 0.000000 0.930912 0.955178 0.955178 0.955178
8540.731445 0.000000 805.494019 0.000000 0.565666 0.000000 0.824634 0.978215 0.978215 0.978215
8515.056641 0.000000 848.548340 0.000000 0.623132 0.000000 0.782117 0.966369 0.966369 0.966369
8529.820312 0.000000 846.047485 0.000000 0.134434 0.000000 0.990923 0.953396 0.953396 0.953396
8535.332031 0.000000 784.846924 0.000000 0.665538 0.000000 0.746364 0.968447 0.968447 0.968447
8520.870117 0.000000 830.995728 0.000000 0.661556 0.000000 0.749896 0.970364 0.970364 0.970364
8560.235352 0.000000 814.856323 0.000000 0.707330 0.000000 0.706884 0.970600 0.970600 0.970600
8537.787109 0.000000 854.989502 0.000000 0.463313 0.000000 0.886195 0.991843 0.991843 0.991843
8526.562500 0.000000 822.849609 0.000000 0.250322 0.000000 0.968163 0.986840 0.986840 0.986840
8538.922852 0.000000 792.251160 0.000000 0.040436 0.000000 0.999182 0.942691 0.942691 0.942691
8532.619141 0.000000 795.783630 0.000000 0.418065 0.000000 0.908417 0.957328 0.957328 0.957328
8565.094727 0.000000 813.042236 0.000000 0.488389 0.000000 0.872626 0.960284 0.960284 0.960284
8510.449219 0.000000 780.104858 0.000000 0.691573 0.000000 0.722307 0.981865 0.981865 0.981865
8556.102539 0.000000 813.517517 0.000000 0.526618 0.000000 0.850102 0.931503 0.931503 0.931503
8538.851562 0.000000 815.396118 0.000000 0.022455 0.000000 0.999748 0.942017 0.942017 0.942017
8535.422852 0.000000 801.782593 0.000000 0.599855 0.000000 0.800109 0.965268 0.965268 0.965268
8558.942383 0.000000 793.957703 0.000000 0.596996 0.000000 0.802244 0.986054 0.986054 0.986054
8540.733398 0.000000 797.564941 0.000000 0.477092 0.000000 0.878853 0.970521 0.970521 0.970521
8513.319336 0.000000 772.420898 0.000000 0.665890 0.000000 0.746050 0.968464 0.968464 0.968464
8542.597656 0.000000 814.901245 0.000000 0.171692 0.000000 0.985151 0.947638 0.947638 0.947638
8556.885742 0.000000 799.779663 0.000000 0.128010 0.000000 0.991773 0.945983 0.945983 0.945983
8535.993164 0.000000 794.387451 0.000000 0.668455 0.000000 0.743753 0.968593 0.968593 0.968593
8556.348633 0.000000 857.923950 0.000000 0.134564 0.000000 0.990905 0.946231 0.946231 0.946231
8529.199219 0.000000 805.312622 0.000000 0.469498 0.000000 0.882934 0.959478 0.959478 0.959478
8526.112305 0.000000 853.105164 0.000000 0.730959 0.000000 0.682422 0.983124 0.983124 0.983124
8542.004883 0.000000 842.122314 0.000000 0.660208 0.000000 0.751083 0.970302 0.970302 0.970302
8548.563477 0.000000 816.540405 0.000000 0.161885 0.000000 0.986810 0.957812 0.957812 0.957812
8554.878906 0.000000 802.576721 0.000000 0.092285 0.000000 0.995733 0.944637 0.944637 0.944637
8547.597656 0.000000 780.546082 0.000000 0.648543 0.000000 0.761178 0.967602 0.967602 0.967602
8553.534180 0.000000 789.910645 0.000000 0.347537 0.000000 0.937666 0.908937 0.908937 0.908937
8545.748047 0.000000 820.203552 0.000000 0.350312 0.000000 0.936633 0.924299 0.924299 0.924299
8546.954102 0.000000 783.329895 0.000000 0.588337 0.000000 0.808616 0.964731 0.964731 0.964731
8555.561523 0.000000 855.228699 0.000000 0.179429 0.000000 0.983771 0.947932 0.947932 0.947932
8510.666992 0.000000 773.538025 0.000000 0.597494 0.000000 0.801874 0.965157 0.965157 0.965157
8525.689453 0.000000 825.467346 0.000000 0.461396 0.000000 0.887194 0.959135 0.959135 0.959135
8550.455078 0.000000 799.661621 0.000000 0.595479 0.000000 0.803371 0.965063 0.965063 0.965063
8548.877930 0.000000 788.840088 0.000000 0.197506 0.000000 0.980302 0.948622 0.948622 0.948622
8528.224609 0.000000 848.343994 0.000000 0.281038 0.000000 0.959697 0.951845 0.951845 0.951845
8531.626953 0.000000 851.631836 0.000000 0.473144 0.000000 0.880985 0.959633 0.959633 0.959633
8535.380859 0.000000 853.469727 0.000000 0.048859 0.000000 0.998806 0.943007 0.943007 0.943007
8552.128906 0.000000 802.776489 0.000000 0.525703 0.000000 0.850668 0.961906 0.961906 0.961906
8533.881836 0.000000 828.609619 0.000000 0.010665 0.000000 0.999943 0.941576 0.941576 0.941576
8512.525391 0.000000 847.516052 0.000000 0.434115 0.000000 0.900857 0.957993 0.957993 0.957993
8520.250977 0.000000 851.085754 0.000000 0.276694 0.000000 0.960958 0.951675 0.951675 0.951675
8538.867188 0.000000 831.207031 0.000000 0.438123 0.000000 0.898915 0.958160 0.958160 0.958160
8510.047852 0.000000 846.538147 0.000000 0.122005 0.000000 0.992529 0.945757 0.945757 0.945757
8556.105469 0.000000 810.073486 0.000000 0.676767 0.000000 0.736198 0.950422 0.950422 0.950422
8513.408203 0.000000 768.006958 0.000000 0.021504 0.000000 0.999769 0.903303 0.903303 0.903303
8548.444336 0.000000 813.673767 0.000000 0.370055 0.000000 0.929010 0.955372 0.955372 0.955372
8541.908203 0.000000 836.311523 0.000000 0.531592 0.000000 0.847000 0.962165 0.962165 0.962165
8520.522461 0.000000 779.059448 0.000000 0.515306 0.000000 0.857007 0.946029 0.946029 0.946029
8553.762695 0.000000 794.978821 0.000000 0.475132 0.000000 0.879914 0.959718 0.959718 0.959718
8537.432617 0.000000 800.309509 0.000000 0.626517 0.000000 0.779408 0.966532 0.966532 0.966532
8519.191406 0.000000 777.635132 0.000000 0.202573 0.000000 0.979267 0.897631 0.897631 0.897631
8595.192383 0.000000 845.869080 0.000000 0.417459 0.000000 0.908696 0.931686 0.931686 0.931686
8589.715820 0.000000 842.911377 0.000000 0.585757 0.000000 0.810487 0.992922 0.992922 0.992922
8597.779297 0.000000 840.533813 0.000000 0.394339 0.000000 0.918965 0.912712 0.912712 0.912712
8596.705078 0.000000 834.130981 0.000000 0.520690 0.000000 0.853746 0.987228 0.987228 0.987228
8589.455078 0.000000 833.689636 0.000000 0.556621 0.000000 0.830766 0.963283 0.963283 0.963283
8593.623047 0.000000 841.524048 0.000000 0.694183 0.000000 0.719799 0.969910 0.969910 0.969910
8567.280273 0.000000 810.180542 0.000000 0.113195 0.000000 0.993573 0.967255 0.967255 0.967255
8575.796875 0.000000 829.997681 0.000000 0.665542 0.000000 0.746360 0.968447 0.968447 0.968447
8573.228516 0.000000 817.353394 0.000000 0.386921 0.000000 0.922113 0.956054 0.956054 0.956054
8570.797852 0.000000 822.457092 0.000000 0.519131 0.000000 0.854694 0.961617 0.961617 0.961617
8573.410156 0.000000 820.913574 0.000000 0.362960 0.000000 0.931805 0.955086 0.955086 0.955086
8576.128906 0.000000 825.041687 0.000000 0.733386 0.000000 0.679813 0.972007 0.972007 0.972007
8600.139648 0.000000 841.824585 0.000000 0.376403 0.000000 0.926456 0.911256 0.911256 0.911256
8589.726562 0.000000 836.249573 0.000000 0.524885 0.000000 0.851173 0.961870 0.961870 0.961870
8575.560547 0.000000 822.108276 0.000000 0.621164 0.000000 0.783680 0.966275 0.966275 0.966275
8598.787109 0.000000 850.777100 0.000000 0.037958 0.000000 0.999279 0.908157 0.908157 0.908157
8599.629883 0.000000 846.114075 0.000000 0.679631 0.000000 0.733554 0.938320 0.938320 0.938320
8599.623047 0.000000 839.905579 0.000000 0.704553 0.000000 0.709652 0.940906 0.940906 0.940906
8603.298828 0.000000 844.927124 0.000000 0.446746 0.000000 0.894661 0.917039 0.917039 0.917039
8596.898438 0.000000 844.695801 0.000000 0.311694 0.000000 0.950182 0.906093 0.906093 0.906093
8552.985352 0.000000 863.898010 0.000000 0.057227 0.000000 0.998361 0.943321 0.943321 0.943321
8555.941406 0.000000 868.610962 0.000000 0.416528 0.000000 0.909123 0.957265 0.957265 0.957265
8523.839844 0.000000 869.861450 0.000000 0.191276 0.000000 0.981536 0.931178 0.931178 0.931178
8557.855469 0.000000 864.208923 0.000000 0.057221 0.000000 0.998362 0.943320 0.943320 0.943320
8521.312500 0.000000 868.807495 0.000000 0.651926 0.000000 0.758283 0.967769 0.967769 0.967769
8559.421875 0.000000 887.201660 0.000000 0.701477 0.000000 0.712692 0.970291 0.970291 0.970291
8523.966797 0.000000 872.721191 0.000000 0.406258 0.000000 0.913758 0.913686 0.913686 0.913686
8512.759766 0.000000 887.873535 0.000000 0.644938 0.000000 0.764235 0.967426 0.967426 0.967426
8518.688477 0.000000 871.720703 0.000000 0.646553 0.000000 0.762869 0.967505 0.967505 0.967505
8529.028320 0.000000 874.057495 0.000000 0.117291 0.000000 0.993098 0.945579 0.945579 0.945579
8512.176758 0.000000 885.294434 0.000000 0.097635 0.000000 0.995222 0.944839 0.944839 0.944839
8519.492188 0.000000 887.000916 0.000000 0.615595 0.000000 0.788063 0.938818 0.938818 0.938818
8516.291016 0.000000 884.286377 0.000000 0.416395 0.000000 0.909184 0.917369 0.917369 0.917369
8517.033203 0.000000 886.323059 0.000000 0.102247 0.000000 0.994759 0.912019 0.912019 0.912019
8523.723633 0.000000 877.937866 0.000000 0.265433 0.000000 0.964129 0.902474 0.902474 0.902474
8518.824219 0.000000 876.882507 0.000000 0.173168 0.000000 0.984892 0.895388 0.895388 0.895388
8522.277344 0.000000 881.569641 0.000000 0.669486 0.000000 0.742825 0.937291 0.937291 0.937291
8519.561523 0.000000 879.248169 0.000000 0.014922 0.000000 0.999889 0.883471 0.883471 0.883471
8525.679688 0.000000 875.123047 0.000000 0.705519 0.000000 0.708691 0.941009 0.941009 0.941009
8522.077148 0.000000 876.020691 0.000000 0.124734 0.000000 0.992190 0.891719 0.891719 0.891719
"}
object={
	name="sage_01_generator_1_1"
	render_pass=Map
	clamp_to_water_level=no
	generated_content=yes
	layer="grass_layer"
	pdxmesh="sage_07_grass_mesh"
	count=689
	transform="8277.060547 0.000000 375.218231 0.000000 0.813214 0.000000 0.581965 0.981391 0.981391 0.981391
8295.884766 0.000000 360.398315 0.000000 0.993953 0.000000 0.109804 0.996704 0.996704 0.996704
8291.010742 0.000000 372.176025 0.000000 0.977935 0.000000 0.208910 0.992119 0.992119 0.992119
8288.036133 0.000000 374.374451 0.000000 0.920587 0.000000 0.390537 0.980969 0.980969 0.980969
8269.886719 0.000000 384.287018 0.000000 0.828352 0.000000 0.560208 0.977732 0.977732 0.977732
8277.662109 0.000000 418.057800 0.000000 0.842532 0.000000 0.538646 0.978698 0.978698 0.978698
8282.370117 0.000000 400.688599 0.000000 0.864840 0.000000 0.502048 0.960607 0.960607 0.960607
8310.278320 0.000000 444.398560 0.000000 0.796198 0.000000 0.605036 0.996755 0.996755 0.996755
8332.529297 0.000000 436.962402 0.000000 0.864370 0.000000 0.502856 0.980269 0.980269 0.980269
8282.611328 0.000000 391.801392 0.000000 0.983276 0.000000 0.182121 0.990855 0.990855 0.990855
8344.508789 0.000000 449.840546 0.000000 0.926242 0.000000 0.376931 0.985527 0.985527 0.985527
8315.020508 0.000000 479.414673 0.000000 0.976980 0.000000 0.213332 0.991949 0.991949 0.991949
8308.736328 0.000000 450.193481 0.000000 0.898211 0.000000 0.439566 0.959096 0.959096 0.959096
8313.586914 0.000000 447.632874 0.000000 0.960737 0.000000 0.277461 0.995087 0.995087 0.995087
8286.422852 0.000000 403.110962 0.000000 0.973472 0.000000 0.228804 0.986168 0.986168 0.986168
8318.214844 0.000000 425.399414 0.000000 0.814923 0.000000 0.579570 0.976849 0.976849 0.976849
8318.570312 0.000000 473.213074 0.000000 0.812801 0.000000 0.582542 0.976713 0.976713 0.976713
8299.225586 0.000000 442.525543 0.000000 0.924067 0.000000 0.382231 0.985312 0.985312 0.985312
8319.860352 0.000000 437.487427 0.000000 0.977954 0.000000 0.208822 0.993698 0.993698 0.993698
8308.197266 0.000000 446.870087 0.000000 0.767069 0.000000 0.641565 0.947832 0.947832 0.947832
8302.031250 0.000000 445.741608 0.000000 0.994974 0.000000 0.100132 0.996244 0.996244 0.996244
8349.899414 0.000000 459.405670 0.000000 0.883083 0.000000 0.469218 0.987807 0.987807 0.987807
8346.150391 0.000000 442.861603 0.000000 0.994772 0.000000 0.102124 0.996169 0.996169 0.996169
8286.646484 0.000000 421.211731 0.000000 0.745749 0.000000 0.666228 0.972695 0.972695 0.972695
8307.935547 0.000000 459.212860 0.000000 0.752556 0.000000 0.658528 0.958723 0.958723 0.958723
8345.411133 0.000000 452.524231 0.000000 0.967334 0.000000 0.253507 0.990402 0.990402 0.990402
8314.718750 0.000000 472.293610 0.000000 0.985279 0.000000 0.170953 0.993567 0.993567 0.993567
8289.645508 0.000000 414.095947 0.000000 0.755035 0.000000 0.655684 0.973221 0.973221 0.973221
8287.981445 0.000000 417.712097 0.000000 0.848820 0.000000 0.528681 0.979140 0.979140 0.979140
8294.332031 0.000000 421.265930 0.000000 0.761002 0.000000 0.648750 0.947128 0.947128 0.947128
8307.502930 0.000000 455.978271 0.000000 0.944935 0.000000 0.327258 0.975029 0.975029 0.975029
8312.954102 0.000000 454.276825 0.000000 0.930723 0.000000 0.365725 0.971958 0.971958 0.971958
8289.228516 0.000000 406.986359 0.000000 0.994830 0.000000 0.101554 0.994413 0.994413 0.994413
8312.821289 0.000000 460.158142 0.000000 0.972197 0.000000 0.234166 0.985248 0.985248 0.985248
8292.475586 0.000000 414.473236 0.000000 0.828793 0.000000 0.559555 0.954040 0.954040 0.954040
8288.550781 0.000000 403.215179 0.000000 0.815422 0.000000 0.578866 0.956846 0.956846 0.956846
8315.570312 0.000000 457.521362 0.000000 0.848431 0.000000 0.529307 0.958224 0.958224 0.958224
8280.566406 0.000000 400.630676 0.000000 0.866928 0.000000 0.498434 0.960920 0.960920 0.960920
8308.799805 0.000000 452.188110 0.000000 0.986094 0.000000 0.166191 0.987078 0.987078 0.987078
8340.401367 0.000000 447.865479 0.000000 0.778860 0.000000 0.627198 0.949224 0.949224 0.949224
8337.575195 0.000000 522.000427 0.000000 0.933803 0.000000 0.357787 0.977163 0.977163 0.977163
8315.082031 0.000000 481.676147 0.000000 0.934179 0.000000 0.356804 0.987248 0.987248 0.987248
8323.458984 0.000000 493.232178 0.000000 0.920662 0.000000 0.390362 0.984982 0.984982 0.984982
8345.686523 0.000000 513.549988 0.000000 0.785440 0.000000 0.618938 0.976674 0.976674 0.976674
8335.225586 0.000000 530.376099 0.000000 0.973496 0.000000 0.228702 0.991359 0.991359 0.991359
8341.399414 0.000000 547.391357 0.000000 0.763580 0.000000 0.645714 0.936911 0.936911 0.936911
8338.889648 0.000000 499.344330 0.000000 0.944891 0.000000 0.327386 0.989175 0.989175 0.989175
8344.996094 0.000000 574.723633 0.000000 0.869006 0.000000 0.494802 0.979324 0.979324 0.979324
8318.299805 0.000000 482.572052 0.000000 0.959297 0.000000 0.282400 0.982131 0.982131 0.982131
8350.183594 0.000000 551.415527 0.000000 0.947439 0.000000 0.319936 0.987805 0.987805 0.987805
8337.557617 0.000000 501.957489 0.000000 0.873394 0.000000 0.487013 0.984761 0.984761 0.984761
8319.888672 0.000000 488.134277 0.000000 0.856567 0.000000 0.516036 0.979695 0.979695 0.979695
8330.974609 0.000000 535.226135 0.000000 0.896726 0.000000 0.442586 0.982831 0.982831 0.982831
8332.901367 0.000000 500.886902 0.000000 0.942214 0.000000 0.335012 0.987207 0.987207 0.987207
8335.846680 0.000000 523.991577 0.000000 0.971416 0.000000 0.237383 0.985041 0.985041 0.985041
8317.065430 0.000000 479.955475 0.000000 0.875847 0.000000 0.482590 0.981141 0.981141 0.981141
8323.013672 0.000000 481.388306 0.000000 0.986513 0.000000 0.163683 0.992611 0.992611 0.992611
8343.366211 0.000000 512.463806 0.000000 0.974766 0.000000 0.223229 0.991569 0.991569 0.991569
8330.255859 0.000000 499.456238 0.000000 0.974325 0.000000 0.225148 0.991496 0.991496 0.991496
8330.296875 0.000000 527.109619 0.000000 0.956028 0.000000 0.293276 0.988853 0.988853 0.988853
8331.281250 0.000000 543.492493 0.000000 0.762609 0.000000 0.646860 0.973657 0.973657 0.973657
8336.966797 0.000000 531.985291 0.000000 0.991129 0.000000 0.132907 0.995008 0.995008 0.995008
8338.144531 0.000000 524.266296 0.000000 0.996282 0.000000 0.086154 0.994616 0.994616 0.994616
8339.133789 0.000000 542.742126 0.000000 0.994793 0.000000 0.101918 0.989040 0.989040 0.989040
8349.012695 0.000000 546.463928 0.000000 0.874554 0.000000 0.484927 0.970929 0.970929 0.970929
8339.473633 0.000000 527.545593 0.000000 0.973565 0.000000 0.228409 0.983316 0.983316 0.983316
8332.396484 0.000000 521.629028 0.000000 0.960380 0.000000 0.278693 0.978847 0.978847 0.978847
8319.580078 0.000000 484.025146 0.000000 0.839552 0.000000 0.543279 0.956984 0.956984 0.956984
8324.808594 0.000000 482.258087 0.000000 0.850618 0.000000 0.525784 0.966828 0.966828 0.966828
8339.026367 0.000000 512.570435 0.000000 0.950058 0.000000 0.312072 0.980192 0.980192 0.980192
8336.643555 0.000000 525.584106 0.000000 0.932687 0.000000 0.360688 0.972363 0.972363 0.972363
8347.381836 0.000000 540.189270 0.000000 0.995835 0.000000 0.091179 0.993162 0.993162 0.993162
8324.851562 0.000000 485.625458 0.000000 0.944853 0.000000 0.327493 0.975011 0.975011 0.975011
8339.964844 0.000000 580.657837 0.000000 0.988812 0.000000 0.149170 0.988786 0.988786 0.988786
8333.939453 0.000000 586.544678 0.000000 0.779616 0.000000 0.626258 0.956072 0.956072 0.956072
8342.561523 0.000000 579.634521 0.000000 0.808024 0.000000 0.589149 0.952815 0.952815 0.952815
8335.036133 0.000000 584.042419 0.000000 0.802043 0.000000 0.597266 0.952060 0.952060 0.952060
8339.435547 0.000000 583.055664 0.000000 0.987039 0.000000 0.160479 0.987929 0.987929 0.987929
8343.260742 0.000000 577.749634 0.000000 0.980162 0.000000 0.198198 0.985057 0.985057 0.985057
8341.229492 0.000000 578.285156 0.000000 0.830187 0.000000 0.557485 0.955710 0.955710 0.955710
8392.018555 0.000000 476.434326 0.000000 0.959190 0.000000 0.282763 0.989265 0.989265 0.989265
8398.708984 0.000000 477.449951 0.000000 0.992357 0.000000 0.123402 0.990734 0.990734 0.990734
8364.701172 0.000000 432.568268 0.000000 0.859726 0.000000 0.510755 0.990632 0.990632 0.990632
8395.167969 0.000000 478.625366 0.000000 0.939506 0.000000 0.342532 0.986908 0.986908 0.986908
8359.335938 0.000000 453.726013 0.000000 0.890361 0.000000 0.455255 0.983480 0.983480 0.983480
8376.193359 0.000000 460.983215 0.000000 0.772305 0.000000 0.635251 0.974223 0.974223 0.974223
8378.612305 0.000000 465.266510 0.000000 0.895588 0.000000 0.444884 0.982735 0.982735 0.982735
8361.818359 0.000000 432.989899 0.000000 0.994900 0.000000 0.100861 0.996216 0.996216 0.996216
8398.844727 0.000000 474.739502 0.000000 0.994441 0.000000 0.105300 0.996313 0.996313 0.996313
8351.125000 0.000000 451.736847 0.000000 0.964221 0.000000 0.265101 0.989952 0.989952 0.989952
8399.067383 0.000000 479.459290 0.000000 0.753058 0.000000 0.657954 0.946217 0.946217 0.946217
8489.443359 0.000000 466.828613 0.000000 0.893669 0.000000 0.448727 0.955854 0.955854 0.955854
8493.821289 0.000000 474.257660 0.000000 0.850380 0.000000 0.526170 0.962651 0.962651 0.962651
8490.973633 0.000000 464.945068 0.000000 0.927642 0.000000 0.373470 0.980889 0.980889 0.980889
8486.728516 0.000000 473.212158 0.000000 0.831874 0.000000 0.554964 0.945656 0.945656 0.945656
8491.824219 0.000000 473.341003 0.000000 0.874648 0.000000 0.484759 0.958305 0.958305 0.958305
8491.110352 0.000000 471.314758 0.000000 0.976443 0.000000 0.215773 0.977196 0.977196 0.977196
8488.412109 0.000000 473.979218 0.000000 0.995831 0.000000 0.091223 0.989965 0.989965 0.989965
8485.842773 0.000000 475.143677 0.000000 0.840670 0.000000 0.541548 0.957138 0.957138 0.957138
8491.812500 0.000000 469.999359 0.000000 0.989724 0.000000 0.142988 0.983881 0.983881 0.983881
8488.036133 0.000000 472.566528 0.000000 0.741385 0.000000 0.671080 0.919189 0.919189 0.919189
8376.050781 0.000000 515.305542 0.000000 0.928131 0.000000 0.372254 0.995239 0.995239 0.995239
8351.289062 0.000000 545.251709 0.000000 0.955215 0.000000 0.295913 0.990250 0.990250 0.990250
8358.062500 0.000000 553.137085 0.000000 0.875883 0.000000 0.482523 0.973601 0.973601 0.973601
8409.567383 0.000000 522.000427 0.000000 0.762019 0.000000 0.647555 0.973623 0.973623 0.973623
8416.500977 0.000000 545.824951 0.000000 0.888111 0.000000 0.459629 0.982116 0.982116 0.982116
8404.781250 0.000000 552.650330 0.000000 0.962360 0.000000 0.271777 0.989693 0.989693 0.989693
8421.016602 0.000000 573.271484 0.000000 0.931449 0.000000 0.363872 0.986053 0.986053 0.986053
8379.987305 0.000000 511.803772 0.000000 0.984135 0.000000 0.177422 0.993320 0.993320 0.993320
8417.072266 0.000000 541.695618 0.000000 0.989253 0.000000 0.146215 0.994505 0.994505 0.994505
8412.118164 0.000000 525.564392 0.000000 0.995474 0.000000 0.095038 0.996436 0.996436 0.996436
8378.850586 0.000000 507.495636 0.000000 0.902666 0.000000 0.430343 0.983340 0.983340 0.983340
8356.802734 0.000000 572.266602 0.000000 0.987511 0.000000 0.157549 0.994075 0.994075 0.994075
8383.338867 0.000000 514.375183 0.000000 0.931696 0.000000 0.363238 0.994432 0.994432 0.994432
8420.358398 0.000000 544.391907 0.000000 0.986062 0.000000 0.166378 0.993740 0.993740 0.993740
8361.990234 0.000000 553.813171 0.000000 0.942017 0.000000 0.335565 0.988039 0.988039 0.988039
8416.898438 0.000000 556.310242 0.000000 0.761506 0.000000 0.648157 0.973593 0.973593 0.973593
8407.217773 0.000000 530.376099 0.000000 0.800491 0.000000 0.599345 0.988769 0.988769 0.988769
8421.441406 0.000000 562.190796 0.000000 0.906477 0.000000 0.422255 0.991293 0.991293 0.991293
8417.733398 0.000000 568.697571 0.000000 0.975717 0.000000 0.219034 0.991731 0.991731 0.991731
8381.166016 0.000000 504.687683 0.000000 0.873455 0.000000 0.486905 0.988574 0.988574 0.988574
8398.640625 0.000000 520.628906 0.000000 0.905933 0.000000 0.423422 0.970528 0.970528 0.970528
8355.420898 0.000000 568.992737 0.000000 0.995969 0.000000 0.089694 0.998206 0.998206 0.998206
8376.799805 0.000000 510.630615 0.000000 0.958641 0.000000 0.284618 0.989192 0.989192 0.989192
8394.152344 0.000000 515.969910 0.000000 0.881190 0.000000 0.472762 0.981560 0.981560 0.981560
8405.241211 0.000000 555.776978 0.000000 0.859170 0.000000 0.511691 0.986590 0.986590 0.986590
8404.272461 0.000000 483.125641 0.000000 0.856845 0.000000 0.515574 0.979715 0.979715 0.979715
8416.307617 0.000000 553.349304 0.000000 0.988986 0.000000 0.148008 0.991099 0.991099 0.991099
8402.966797 0.000000 535.226135 0.000000 0.770076 0.000000 0.637952 0.974092 0.974092 0.974092
8384.430664 0.000000 480.650879 0.000000 0.974213 0.000000 0.225630 0.988636 0.988636 0.988636
8377.668945 0.000000 513.129211 0.000000 0.862424 0.000000 0.506186 0.980124 0.980124 0.980124
8389.057617 0.000000 479.955475 0.000000 0.979371 0.000000 0.202069 0.992380 0.992380 0.992380
8409.319336 0.000000 537.287048 0.000000 0.754569 0.000000 0.656221 0.973195 0.973195 0.973195
8419.077148 0.000000 509.645233 0.000000 0.833332 0.000000 0.552773 0.956134 0.956134 0.956134
8408.229492 0.000000 520.003845 0.000000 0.954177 0.000000 0.299243 0.988620 0.988620 0.988620
8356.638672 0.000000 557.400879 0.000000 0.784678 0.000000 0.619904 0.956600 0.956600 0.956600
8396.505859 0.000000 528.904419 0.000000 0.739302 0.000000 0.673374 0.944669 0.944669 0.944669
8366.168945 0.000000 569.780396 0.000000 0.900465 0.000000 0.434929 0.966300 0.966300 0.966300
8368.566406 0.000000 572.504028 0.000000 0.888294 0.000000 0.459276 0.973791 0.973791 0.973791
8395.606445 0.000000 522.304138 0.000000 0.911012 0.000000 0.412381 0.968164 0.968164 0.968164
8364.622070 0.000000 570.814453 0.000000 0.991217 0.000000 0.132247 0.990066 0.990066 0.990066
8399.181641 0.000000 480.220490 0.000000 0.963217 0.000000 0.268725 0.980981 0.980981 0.980981
8419.764648 0.000000 508.033966 0.000000 0.805913 0.000000 0.592034 0.952547 0.952547 0.952547
8439.869141 0.000000 552.367065 0.000000 0.979163 0.000000 0.203077 0.996937 0.996937 0.996937
8423.200195 0.000000 506.282440 0.000000 0.748965 0.000000 0.662610 0.971068 0.971068 0.971068
8431.609375 0.000000 575.360413 0.000000 0.748868 0.000000 0.662719 0.972871 0.972871 0.972871
8443.695312 0.000000 549.860229 0.000000 0.980188 0.000000 0.198071 0.987058 0.987058 0.987058
8458.217773 0.000000 552.176025 0.000000 0.993031 0.000000 0.117852 0.987024 0.987024 0.987024
8423.235352 0.000000 540.933655 0.000000 0.992663 0.000000 0.120913 0.995461 0.995461 0.995461
8466.524414 0.000000 553.393250 0.000000 0.792071 0.000000 0.610430 0.985247 0.985247 0.985247
8455.984375 0.000000 572.588562 0.000000 0.914322 0.000000 0.404989 0.992713 0.992713 0.992713
8491.281250 0.000000 487.824646 0.000000 0.928501 0.000000 0.371331 0.971506 0.971506 0.971506
8426.095703 0.000000 574.581055 0.000000 0.973472 0.000000 0.228806 0.991355 0.991355 0.991355
8452.181641 0.000000 542.854492 0.000000 0.963663 0.000000 0.267122 0.979748 0.979748 0.979748
8459.751953 0.000000 560.751465 0.000000 0.967370 0.000000 0.253367 0.990407 0.990407 0.990407
8468.872070 0.000000 566.411621 0.000000 0.962536 0.000000 0.271154 0.993145 0.993145 0.993145
8451.919922 0.000000 555.197266 0.000000 0.873040 0.000000 0.487649 0.973294 0.973294 0.973294
8453.697266 0.000000 537.514221 0.000000 0.928002 0.000000 0.372574 0.988562 0.988562 0.988562
8441.056641 0.000000 548.983032 0.000000 0.947519 0.000000 0.319701 0.978877 0.978877 0.978877
8456.232422 0.000000 560.390869 0.000000 0.955219 0.000000 0.295901 0.988751 0.988751 0.988751
8465.245117 0.000000 569.623535 0.000000 0.973748 0.000000 0.227627 0.991974 0.991974 0.991974
8451.854492 0.000000 535.544800 0.000000 0.850843 0.000000 0.525420 0.983427 0.983427 0.983427
8451.414062 0.000000 540.460022 0.000000 0.982933 0.000000 0.183965 0.986143 0.986143 0.986143
8457.021484 0.000000 570.333008 0.000000 0.889278 0.000000 0.457367 0.982211 0.982211 0.982211
8425.049805 0.000000 507.809967 0.000000 0.969789 0.000000 0.243946 0.990772 0.990772 0.990772
8443.319336 0.000000 547.507019 0.000000 0.900416 0.000000 0.435029 0.961797 0.961797 0.961797
8493.508789 0.000000 487.025543 0.000000 0.959334 0.000000 0.282273 0.974281 0.974281 0.974281
8450.699219 0.000000 544.494629 0.000000 0.895463 0.000000 0.445136 0.965448 0.965448 0.965448
8492.420898 0.000000 495.498566 0.000000 0.839480 0.000000 0.543391 0.971316 0.971316 0.971316
8461.702148 0.000000 564.174988 0.000000 0.983806 0.000000 0.179234 0.989202 0.989202 0.989202
8447.245117 0.000000 546.844177 0.000000 0.783258 0.000000 0.621697 0.933002 0.933002 0.933002
8441.488281 0.000000 547.168640 0.000000 0.903051 0.000000 0.429533 0.966748 0.966748 0.966748
8447.026367 0.000000 540.178772 0.000000 0.881138 0.000000 0.472859 0.958193 0.958193 0.958193
8450.490234 0.000000 542.187073 0.000000 0.987034 0.000000 0.160510 0.987926 0.987926 0.987926
8452.914062 0.000000 556.742676 0.000000 0.847876 0.000000 0.530194 0.962331 0.962331 0.962331
8447.906250 0.000000 545.124756 0.000000 0.970516 0.000000 0.241037 0.967182 0.967182 0.967182
8441.704102 0.000000 543.762024 0.000000 0.996479 0.000000 0.083840 0.992875 0.992875 0.992875
8495.129883 0.000000 464.118286 0.000000 0.972859 0.000000 0.231399 0.998251 0.998251 0.998251
8508.962891 0.000000 471.966156 0.000000 0.812777 0.000000 0.582575 0.976711 0.976711 0.976711
8507.759766 0.000000 478.952087 0.000000 0.970581 0.000000 0.240775 0.995750 0.995750 0.995750
8527.976562 0.000000 476.604187 0.000000 0.756109 0.000000 0.654446 0.959033 0.959033 0.959033
8502.122070 0.000000 472.350006 0.000000 0.969482 0.000000 0.245163 0.981449 0.981449 0.981449
8502.745117 0.000000 474.990845 0.000000 0.871061 0.000000 0.491175 0.961545 0.961545 0.961545
8507.121094 0.000000 473.509918 0.000000 0.827971 0.000000 0.560770 0.964330 0.964330 0.964330
8521.909180 0.000000 476.141052 0.000000 0.985320 0.000000 0.170718 0.987151 0.987151 0.987151
8523.796875 0.000000 479.029327 0.000000 0.931586 0.000000 0.363520 0.972135 0.972135 0.972135
8513.759766 0.000000 495.768127 0.000000 0.872577 0.000000 0.488476 0.959229 0.959229 0.959229
8535.332031 0.000000 496.893738 0.000000 0.957339 0.000000 0.288968 0.984631 0.984631 0.984631
8525.339844 0.000000 517.853333 0.000000 0.902328 0.000000 0.431051 0.983311 0.983311 0.983311
8546.324219 0.000000 501.955475 0.000000 0.908721 0.000000 0.417403 0.987100 0.987100 0.987100
8531.058594 0.000000 481.676147 0.000000 0.926670 0.000000 0.375876 0.996152 0.996152 0.996152
8529.150391 0.000000 492.586884 0.000000 0.859383 0.000000 0.511332 0.939701 0.939701 0.939701
8523.839844 0.000000 485.923889 0.000000 0.906762 0.000000 0.421643 0.970661 0.970661 0.970661
8540.966797 0.000000 523.695557 0.000000 0.981396 0.000000 0.191994 0.994695 0.994695 0.994695
8520.683594 0.000000 520.231445 0.000000 0.900953 0.000000 0.433917 0.995518 0.995518 0.995518
8500.730469 0.000000 491.996674 0.000000 0.744318 0.000000 0.667825 0.917844 0.917844 0.917844
8539.671875 0.000000 513.254639 0.000000 0.963647 0.000000 0.267179 0.990547 0.990547 0.990547
8538.851562 0.000000 527.442993 0.000000 0.821901 0.000000 0.569630 0.977304 0.977304 0.977304
8522.834961 0.000000 507.495636 0.000000 0.932225 0.000000 0.361880 0.986134 0.986134 0.986134
8558.942383 0.000000 506.004578 0.000000 0.965006 0.000000 0.262229 0.979465 0.979465 0.979465
8531.546875 0.000000 489.177582 0.000000 0.894475 0.000000 0.447118 0.971069 0.971069 0.971069
8529.199219 0.000000 517.359497 0.000000 0.831773 0.000000 0.555116 0.957393 0.957393 0.957393
8535.836914 0.000000 533.471802 0.000000 0.740353 0.000000 0.672218 0.974234 0.974234 0.974234
8558.421875 0.000000 529.851746 0.000000 0.940311 0.000000 0.340317 0.981794 0.981794 0.981794
8495.504883 0.000000 495.121613 0.000000 0.973526 0.000000 0.228577 0.982728 0.982728 0.982728
8532.298828 0.000000 492.948578 0.000000 0.996088 0.000000 0.088366 0.993373 0.993373 0.993373
8527.055664 0.000000 510.928223 0.000000 0.889937 0.000000 0.456084 0.970442 0.970442 0.970442
8534.102539 0.000000 527.381104 0.000000 0.993513 0.000000 0.113714 0.995732 0.995732 0.995732
8527.666992 0.000000 495.447296 0.000000 0.913021 0.000000 0.407913 0.952796 0.952796 0.952796
8543.680664 0.000000 500.349457 0.000000 0.797513 0.000000 0.603302 0.970897 0.970897 0.970897
8528.446289 0.000000 526.719543 0.000000 0.993740 0.000000 0.111720 0.995808 0.995808 0.995808
8546.951172 0.000000 535.226135 0.000000 0.922979 0.000000 0.384849 0.985206 0.985206 0.985206
8528.415039 0.000000 480.650879 0.000000 0.992573 0.000000 0.121647 0.992998 0.992998 0.992998
8550.455078 0.000000 511.708435 0.000000 0.772353 0.000000 0.635194 0.963916 0.963916 0.963916
8495.408203 0.000000 497.984924 0.000000 0.855635 0.000000 0.517580 0.959255 0.959255 0.959255
8559.421875 0.000000 503.264130 0.000000 0.974636 0.000000 0.223794 0.983095 0.983095 0.983095
8498.823242 0.000000 480.943695 0.000000 0.869664 0.000000 0.493645 0.969066 0.969066 0.969066
8524.167969 0.000000 498.605408 0.000000 0.983705 0.000000 0.179790 0.987363 0.987363 0.987363
8512.759766 0.000000 503.936005 0.000000 0.751608 0.000000 0.659611 0.919078 0.919078 0.919078
8554.744141 0.000000 519.756775 0.000000 0.931500 0.000000 0.363742 0.986059 0.986059 0.986059
8560.328125 0.000000 531.730347 0.000000 0.820797 0.000000 0.571220 0.954464 0.954464 0.954464
8512.176758 0.000000 501.356903 0.000000 0.938439 0.000000 0.345446 0.960374 0.960374 0.960374
8502.174805 0.000000 484.372284 0.000000 0.823678 0.000000 0.567057 0.954843 0.954843 0.954843
8560.195312 0.000000 515.477966 0.000000 0.805640 0.000000 0.592405 0.969925 0.969925 0.969925
8507.799805 0.000000 498.555939 0.000000 0.829264 0.000000 0.558857 0.949664 0.949664 0.949664
8508.956055 0.000000 493.867950 0.000000 0.794585 0.000000 0.607153 0.964164 0.964164 0.964164
8530.854492 0.000000 498.004242 0.000000 0.738039 0.000000 0.674758 0.959321 0.959321 0.959321
8504.391602 0.000000 485.288513 0.000000 0.803403 0.000000 0.595436 0.966561 0.966561 0.966561
8501.974609 0.000000 482.239227 0.000000 0.873804 0.000000 0.486278 0.961966 0.961966 0.961966
8519.658203 0.000000 483.269287 0.000000 0.923931 0.000000 0.382560 0.979419 0.979419 0.979419
8563.519531 0.000000 514.512024 0.000000 0.989567 0.000000 0.144075 0.991337 0.991337 0.991337
8522.277344 0.000000 497.632080 0.000000 0.935302 0.000000 0.353851 0.972911 0.972911 0.972911
8535.426758 0.000000 511.579773 0.000000 0.853568 0.000000 0.520981 0.961693 0.961693 0.961693
8530.945312 0.000000 516.237671 0.000000 0.987863 0.000000 0.155325 0.989877 0.989877 0.989877
8556.743164 0.000000 530.825012 0.000000 0.867578 0.000000 0.497301 0.966215 0.966215 0.966215
8559.984375 0.000000 507.642090 0.000000 0.898326 0.000000 0.439330 0.964798 0.964798 0.964798
8562.194336 0.000000 526.213074 0.000000 0.982316 0.000000 0.187228 0.985894 0.985894 0.985894
8497.007812 0.000000 499.092896 0.000000 0.989436 0.000000 0.144973 0.989104 0.989104 0.989104
8551.508789 0.000000 507.593689 0.000000 0.739408 0.000000 0.673257 0.940993 0.940993 0.940993
8497.440430 0.000000 495.112793 0.000000 0.785974 0.000000 0.618259 0.950080 0.950080 0.950080
8505.788086 0.000000 491.777435 0.000000 0.855856 0.000000 0.517214 0.963358 0.963358 0.963358
8522.077148 0.000000 492.083130 0.000000 0.821003 0.000000 0.570923 0.954491 0.954491 0.954491
8551.144531 0.000000 504.186310 0.000000 0.845459 0.000000 0.534040 0.954993 0.954993 0.954993
8554.202148 0.000000 508.986664 0.000000 0.980452 0.000000 0.196757 0.977750 0.977750 0.977750
8527.654297 0.000000 512.677063 0.000000 0.925806 0.000000 0.378000 0.970968 0.970968 0.970968
8527.858398 0.000000 493.821442 0.000000 0.842049 0.000000 0.539400 0.935994 0.935994 0.935994
8526.254883 0.000000 496.292755 0.000000 0.792996 0.000000 0.609227 0.926405 0.926405 0.926405
8552.370117 0.000000 506.290375 0.000000 0.865518 0.000000 0.500877 0.941063 0.941063 0.941063
8527.589844 0.000000 496.974976 0.000000 0.904260 0.000000 0.426983 0.950439 0.950439 0.950439
8529.037109 0.000000 495.165985 0.000000 0.965980 0.000000 0.258618 0.970612 0.970612 0.970612
8509.585938 0.000000 495.081146 0.000000 0.963159 0.000000 0.268931 0.964652 0.964652 0.964652
8582.405273 0.000000 523.172668 0.000000 0.965259 0.000000 0.261296 0.991420 0.991420 0.991420
8567.184570 0.000000 506.282440 0.000000 0.740232 0.000000 0.672351 0.979750 0.979750 0.979750
8589.810547 0.000000 524.312439 0.000000 0.946300 0.000000 0.323290 0.987672 0.987672 0.987672
8567.992188 0.000000 512.828918 0.000000 0.908043 0.000000 0.418877 0.967629 0.967629 0.967629
8577.185547 0.000000 515.959412 0.000000 0.891970 0.000000 0.452096 0.983604 0.983604 0.983604
8601.443359 0.000000 533.373840 0.000000 0.936316 0.000000 0.351160 0.986563 0.986563 0.986563
8578.940430 0.000000 532.094666 0.000000 0.968570 0.000000 0.248743 0.990586 0.990586 0.990586
8584.956055 0.000000 533.850281 0.000000 0.955064 0.000000 0.296401 0.987228 0.987228 0.987228
8574.615234 0.000000 517.196106 0.000000 0.752741 0.000000 0.658317 0.973090 0.973090 0.973090
8599.066406 0.000000 532.392761 0.000000 0.929173 0.000000 0.369645 0.985821 0.985821 0.985821
8573.096680 0.000000 520.900452 0.000000 0.923979 0.000000 0.382443 0.985304 0.985304 0.985304
8569.274414 0.000000 510.610504 0.000000 0.836729 0.000000 0.547617 0.976851 0.976851 0.976851
8361.873047 0.000000 631.066528 0.000000 0.980563 0.000000 0.196203 0.993591 0.993591 0.993591
8379.875000 0.000000 587.877991 0.000000 0.919139 0.000000 0.393932 0.994946 0.994946 0.994946
8391.480469 0.000000 613.969360 0.000000 0.778697 0.000000 0.627400 0.974602 0.974602 0.974602
8404.044922 0.000000 670.547791 0.000000 0.956899 0.000000 0.290420 0.988965 0.988965 0.988965
8388.631836 0.000000 662.219055 0.000000 0.849624 0.000000 0.527389 0.958393 0.958393 0.958393
8373.396484 0.000000 660.320007 0.000000 0.916604 0.000000 0.399796 0.986651 0.986651 0.986651
8355.913086 0.000000 579.472046 0.000000 0.791654 0.000000 0.610970 0.963899 0.963899 0.963899
8394.944336 0.000000 657.100830 0.000000 0.798198 0.000000 0.602396 0.982246 0.982246 0.982246
8374.648438 0.000000 596.853149 0.000000 0.794167 0.000000 0.607700 0.975540 0.975540 0.975540
8381.623047 0.000000 657.013062 0.000000 0.867949 0.000000 0.496653 0.980537 0.980537 0.980537
8357.735352 0.000000 576.038696 0.000000 0.901096 0.000000 0.433619 0.966409 0.966409 0.966409
8390.562500 0.000000 665.181885 0.000000 0.948210 0.000000 0.317645 0.975790 0.975790 0.975790
8390.118164 0.000000 623.365540 0.000000 0.743993 0.000000 0.668187 0.972597 0.972597 0.972597
8377.416992 0.000000 665.968201 0.000000 0.784705 0.000000 0.619869 0.949926 0.949926 0.949926
8401.776367 0.000000 636.174988 0.000000 0.865878 0.000000 0.500256 0.984305 0.984305 0.984305
8364.981445 0.000000 596.571716 0.000000 0.982015 0.000000 0.188804 0.993835 0.993835 0.993835
8384.240234 0.000000 656.375244 0.000000 0.995865 0.000000 0.090848 0.997047 0.997047 0.997047
8386.710938 0.000000 664.262390 0.000000 0.938837 0.000000 0.344361 0.973670 0.973670 0.973670
8376.266602 0.000000 659.117004 0.000000 0.996483 0.000000 0.083790 0.996859 0.996859 0.996859
8407.597656 0.000000 670.237061 0.000000 0.949923 0.000000 0.312484 0.988099 0.988099 0.988099
8394.450195 0.000000 614.720215 0.000000 0.849027 0.000000 0.528350 0.979154 0.979154 0.979154
8390.004883 0.000000 611.891785 0.000000 0.756464 0.000000 0.654035 0.973303 0.973303 0.973303
8356.318359 0.000000 581.919861 0.000000 0.879704 0.000000 0.475521 0.981442 0.981442 0.981442
8385.029297 0.000000 666.317444 0.000000 0.994018 0.000000 0.109215 0.995355 0.995355 0.995355
8368.230469 0.000000 617.559814 0.000000 0.930833 0.000000 0.365445 0.971980 0.971980 0.971980
8365.437500 0.000000 575.940857 0.000000 0.982916 0.000000 0.184056 0.988447 0.988447 0.988447
8378.579102 0.000000 662.121826 0.000000 0.912485 0.000000 0.409110 0.968433 0.968433 0.968433
8374.771484 0.000000 615.779480 0.000000 0.827924 0.000000 0.560840 0.964325 0.964325 0.964325
8370.217773 0.000000 620.705078 0.000000 0.888235 0.000000 0.459390 0.964251 0.964251 0.964251
8356.333008 0.000000 577.737366 0.000000 0.991486 0.000000 0.130214 0.990220 0.990220 0.990220
8424.188477 0.000000 576.519531 0.000000 0.920156 0.000000 0.391552 0.984934 0.984934 0.984934
8449.825195 0.000000 599.420105 0.000000 0.780689 0.000000 0.624920 0.974721 0.974721 0.974721
8432.082031 0.000000 578.841858 0.000000 0.768390 0.000000 0.639982 0.973993 0.973993 0.973993
8440.413086 0.000000 584.036621 0.000000 0.810055 0.000000 0.586354 0.976537 0.976537 0.976537
8456.398438 0.000000 626.159790 0.000000 0.854769 0.000000 0.519009 0.979565 0.979565 0.979565
8486.293945 0.000000 629.278748 0.000000 0.771831 0.000000 0.635828 0.986237 0.986237 0.986237
8438.457031 0.000000 588.136108 0.000000 0.921562 0.000000 0.388232 0.985069 0.985069 0.985069
8460.183594 0.000000 595.792236 0.000000 0.796751 0.000000 0.604307 0.975700 0.975700 0.975700
8449.047852 0.000000 584.718079 0.000000 0.906273 0.000000 0.422693 0.985836 0.985836 0.985836
8475.690430 0.000000 607.397583 0.000000 0.988638 0.000000 0.150319 0.994349 0.994349 0.994349
8442.119141 0.000000 587.559814 0.000000 0.801833 0.000000 0.597548 0.976017 0.976017 0.976017
8473.758789 0.000000 667.797485 0.000000 0.948841 0.000000 0.315755 0.987970 0.987970 0.987970
8430.837891 0.000000 585.849854 0.000000 0.974737 0.000000 0.223354 0.993814 0.993814 0.993814
8449.320312 0.000000 580.854370 0.000000 0.860734 0.000000 0.509054 0.985333 0.985333 0.985333
8449.613281 0.000000 627.418701 0.000000 0.824128 0.000000 0.566404 0.977451 0.977451 0.977451
8454.499023 0.000000 588.822083 0.000000 0.970419 0.000000 0.241428 0.990869 0.990869 0.990869
8477.437500 0.000000 657.163513 0.000000 0.779121 0.000000 0.626873 0.974628 0.974628 0.974628
8478.128906 0.000000 635.231445 0.000000 0.904924 0.000000 0.425574 0.983538 0.983538 0.983538
8459.416992 0.000000 598.223511 0.000000 0.825371 0.000000 0.564591 0.977533 0.977533 0.977533
8457.036133 0.000000 586.104370 0.000000 0.931382 0.000000 0.364043 0.986047 0.986047 0.986047
8464.610352 0.000000 599.346130 0.000000 0.869815 0.000000 0.493378 0.980678 0.980678 0.980678
8461.912109 0.000000 590.808472 0.000000 0.995248 0.000000 0.097368 0.994887 0.994887 0.994887
8473.934570 0.000000 664.183411 0.000000 0.912469 0.000000 0.409145 0.984215 0.984215 0.984215
8458.862305 0.000000 593.988647 0.000000 0.929917 0.000000 0.367771 0.972733 0.972733 0.972733
8483.599609 0.000000 668.183228 0.000000 0.937504 0.000000 0.347975 0.973381 0.973381 0.973381
8398.220703 0.000000 755.633728 0.000000 0.903987 0.000000 0.427560 0.983456 0.983456 0.983456
8413.072266 0.000000 748.968018 0.000000 0.949269 0.000000 0.314464 0.993611 0.993611 0.993611
8396.786133 0.000000 737.037354 0.000000 0.977433 0.000000 0.211246 0.992029 0.992029 0.992029
8395.451172 0.000000 685.200928 0.000000 0.831422 0.000000 0.555642 0.977938 0.977938 0.977938
8409.380859 0.000000 726.298096 0.000000 0.940062 0.000000 0.341005 0.993050 0.993050 0.993050
8414.301758 0.000000 725.263123 0.000000 0.935548 0.000000 0.353201 0.994593 0.994593 0.994593
8392.344727 0.000000 749.923828 0.000000 0.744285 0.000000 0.667863 0.987219 0.987219 0.987219
8399.777344 0.000000 751.743958 0.000000 0.914230 0.000000 0.405196 0.985418 0.985418 0.985418
8388.191406 0.000000 691.776611 0.000000 0.995380 0.000000 0.096018 0.996399 0.996399 0.996399
8416.898438 0.000000 748.279053 0.000000 0.993910 0.000000 0.110192 0.995865 0.995865 0.995865
8417.678711 0.000000 705.518799 0.000000 0.968629 0.000000 0.248511 0.990595 0.990595 0.990595
8416.523438 0.000000 709.770996 0.000000 0.771746 0.000000 0.635931 0.974190 0.974190 0.974190
8394.088867 0.000000 681.905823 0.000000 0.899664 0.000000 0.436583 0.983081 0.983081 0.983081
8416.988281 0.000000 766.692444 0.000000 0.870334 0.000000 0.492462 0.971719 0.971719 0.971719
8417.078125 0.000000 727.232239 0.000000 0.860130 0.000000 0.510076 0.979955 0.979955 0.979955
8397.192383 0.000000 734.081604 0.000000 0.974234 0.000000 0.225540 0.994320 0.994320 0.994320
8418.084961 0.000000 757.726562 0.000000 0.771443 0.000000 0.636298 0.974172 0.974172 0.974172
8409.549805 0.000000 693.926270 0.000000 0.993591 0.000000 0.113039 0.991516 0.991516 0.991516
8394.782227 0.000000 725.168274 0.000000 0.957571 0.000000 0.288197 0.989052 0.989052 0.989052
8406.751953 0.000000 673.635986 0.000000 0.943275 0.000000 0.332013 0.987326 0.987326 0.987326
8417.403320 0.000000 740.477417 0.000000 0.993588 0.000000 0.113065 0.995757 0.995757 0.995757
8402.966797 0.000000 727.194885 0.000000 0.842949 0.000000 0.537994 0.978727 0.978727 0.978727
8400.998047 0.000000 696.073669 0.000000 0.968682 0.000000 0.248306 0.990603 0.990603 0.990603
8415.358398 0.000000 704.432556 0.000000 0.983156 0.000000 0.182771 0.993117 0.993117 0.993117
8397.176758 0.000000 751.734802 0.000000 0.946604 0.000000 0.322398 0.987707 0.987707 0.987707
8392.618164 0.000000 695.330505 0.000000 0.883433 0.000000 0.468558 0.981738 0.981738 0.981738
8389.919922 0.000000 686.792847 0.000000 0.988314 0.000000 0.152431 0.994269 0.994269 0.994269
8412.996094 0.000000 731.101746 0.000000 0.942446 0.000000 0.334358 0.984680 0.984680 0.984680
8396.505859 0.000000 720.873169 0.000000 0.923688 0.000000 0.383145 0.980367 0.980367 0.980367
8405.266602 0.000000 736.044312 0.000000 0.868972 0.000000 0.494861 0.962520 0.962520 0.962520
8409.085938 0.000000 737.466797 0.000000 0.890438 0.000000 0.455104 0.964612 0.964612 0.964612
8407.160156 0.000000 696.155090 0.000000 0.973751 0.000000 0.227617 0.982802 0.982802 0.982802
8407.536133 0.000000 739.159302 0.000000 0.956075 0.000000 0.293121 0.977719 0.977719 0.977719
8493.232422 0.000000 732.375610 0.000000 0.876353 0.000000 0.481669 0.989963 0.989963 0.989963
8431.398438 0.000000 719.249451 0.000000 0.801224 0.000000 0.598364 0.980783 0.980783 0.980783
8439.962891 0.000000 728.757263 0.000000 0.975787 0.000000 0.218721 0.997248 0.997248 0.997248
8428.592773 0.000000 739.518921 0.000000 0.966004 0.000000 0.258527 0.990207 0.990207 0.990207
8438.405273 0.000000 753.045959 0.000000 0.776886 0.000000 0.629641 0.974494 0.974494 0.974494
8440.161133 0.000000 748.890930 0.000000 0.802558 0.000000 0.596575 0.976062 0.976062 0.976062
8493.516602 0.000000 685.451843 0.000000 0.785160 0.000000 0.619293 0.979992 0.979992 0.979992
8426.095703 0.000000 766.549866 0.000000 0.989774 0.000000 0.142646 0.994640 0.994640 0.994640
8482.874023 0.000000 691.313110 0.000000 0.915443 0.000000 0.402449 0.990694 0.990694 0.990694
8494.066406 0.000000 688.982666 0.000000 0.913842 0.000000 0.406070 0.987473 0.987473 0.987473
8437.459961 0.000000 746.611450 0.000000 0.956916 0.000000 0.290364 0.988967 0.988967 0.988967
8430.245117 0.000000 730.869324 0.000000 0.754917 0.000000 0.655821 0.982143 0.982143 0.982143
8440.600586 0.000000 761.604370 0.000000 0.992004 0.000000 0.126210 0.995261 0.995261 0.995261
8443.751953 0.000000 759.913757 0.000000 0.949576 0.000000 0.313538 0.985669 0.985669 0.985669
8486.545898 0.000000 675.618896 0.000000 0.979015 0.000000 0.203786 0.990778 0.990778 0.990778
8436.645508 0.000000 727.196716 0.000000 0.936352 0.000000 0.351063 0.986567 0.986567 0.986567
8432.517578 0.000000 750.597412 0.000000 0.886232 0.000000 0.463241 0.981963 0.981963 0.981963
8442.801758 0.000000 749.046936 0.000000 0.866156 0.000000 0.499774 0.983015 0.983015 0.983015
8423.674805 0.000000 749.507446 0.000000 0.845667 0.000000 0.533710 0.964862 0.964862 0.964862
8423.117188 0.000000 739.690002 0.000000 0.869468 0.000000 0.493989 0.980652 0.980652 0.980652
8487.245117 0.000000 673.734009 0.000000 0.991735 0.000000 0.128306 0.991649 0.991649 0.991649
8547.696289 0.000000 641.880798 0.000000 0.941711 0.000000 0.336424 0.992291 0.992291 0.992291
8535.203125 0.000000 638.941528 0.000000 0.740810 0.000000 0.671715 0.987129 0.987129 0.987129
8560.485352 0.000000 641.809326 0.000000 0.911742 0.000000 0.410764 0.984149 0.984149 0.984149
8517.879883 0.000000 604.642517 0.000000 0.995002 0.000000 0.099857 0.996254 0.996254 0.996254
8565.000977 0.000000 669.255859 0.000000 0.934996 0.000000 0.354659 0.988233 0.988233 0.988233
8553.365234 0.000000 630.313721 0.000000 0.943991 0.000000 0.329970 0.987407 0.987407 0.987407
8564.171875 0.000000 644.678833 0.000000 0.869687 0.000000 0.493604 0.980668 0.980668 0.980668
8557.616211 0.000000 671.659241 0.000000 0.788155 0.000000 0.615477 0.976827 0.976827 0.976827
8517.760742 0.000000 600.717285 0.000000 0.821420 0.000000 0.570323 0.977273 0.977273 0.977273
8555.660156 0.000000 633.045654 0.000000 0.971775 0.000000 0.235910 0.991082 0.991082 0.991082
8550.735352 0.000000 632.717468 0.000000 0.827083 0.000000 0.562079 0.977647 0.977647 0.977647
8550.334961 0.000000 667.934998 0.000000 0.994613 0.000000 0.103658 0.996111 0.996111 0.996111
8542.004883 0.000000 650.153564 0.000000 0.798555 0.000000 0.601922 0.977425 0.977425 0.977425
8552.994141 0.000000 638.537659 0.000000 0.816679 0.000000 0.577092 0.976963 0.976963 0.976963
8561.387695 0.000000 644.493042 0.000000 0.990287 0.000000 0.139035 0.994776 0.994776 0.994776
8562.601562 0.000000 646.830383 0.000000 0.989346 0.000000 0.145583 0.994529 0.994529 0.994529
8550.121094 0.000000 635.231445 0.000000 0.735986 0.000000 0.676997 0.972151 0.972151 0.972151
8532.309570 0.000000 633.286682 0.000000 0.865567 0.000000 0.500794 0.980358 0.980358 0.980358
8550.586914 0.000000 665.573914 0.000000 0.912801 0.000000 0.408404 0.984245 0.984245 0.984245
8555.002930 0.000000 636.200439 0.000000 0.823918 0.000000 0.566709 0.959387 0.959387 0.959387
8568.759766 0.000000 667.318970 0.000000 0.951672 0.000000 0.307118 0.988310 0.988310 0.988310
8573.733398 0.000000 655.317627 0.000000 0.804143 0.000000 0.594436 0.976162 0.976162 0.976162
8585.122070 0.000000 662.292847 0.000000 0.867775 0.000000 0.496957 0.988314 0.988314 0.988314
8567.154297 0.000000 661.897095 0.000000 0.763166 0.000000 0.646203 0.973689 0.973689 0.973689
8587.324219 0.000000 667.868103 0.000000 0.767122 0.000000 0.641502 0.973919 0.973919 0.973919
8579.751953 0.000000 670.920837 0.000000 0.994700 0.000000 0.102816 0.996143 0.996143 0.996143
8591.872070 0.000000 668.303772 0.000000 0.992573 0.000000 0.121651 0.996346 0.996346 0.996346
8628.340820 0.000000 665.955200 0.000000 0.774438 0.000000 0.632650 0.976059 0.976059 0.976059
8571.397461 0.000000 664.977173 0.000000 0.909779 0.000000 0.415093 0.983970 0.983970 0.983970
8634.443359 0.000000 667.498047 0.000000 0.972630 0.000000 0.232361 0.991218 0.991218 0.991218
8573.048828 0.000000 657.652161 0.000000 0.995155 0.000000 0.098322 0.996312 0.996312 0.996312
8567.101562 0.000000 643.705627 0.000000 0.763743 0.000000 0.645520 0.973722 0.973722 0.973722
8523.200195 0.000000 749.884705 0.000000 0.873352 0.000000 0.487090 0.980948 0.980948 0.980948
8562.371094 0.000000 688.861389 0.000000 0.867434 0.000000 0.497552 0.980498 0.980498 0.980498
8510.407227 0.000000 763.872864 0.000000 0.996243 0.000000 0.086605 0.996753 0.996753 0.996753
8496.000000 0.000000 704.797668 0.000000 0.972270 0.000000 0.233862 0.991160 0.991160 0.991160
8548.252930 0.000000 672.132263 0.000000 0.964154 0.000000 0.265344 0.989943 0.989943 0.989943
8565.508789 0.000000 685.451843 0.000000 0.890261 0.000000 0.455451 0.987014 0.987014 0.987014
8560.585938 0.000000 692.559692 0.000000 0.971709 0.000000 0.236183 0.991071 0.991071 0.991071
8557.110352 0.000000 684.115845 0.000000 0.994747 0.000000 0.102360 0.996160 0.996160 0.996160
8566.058594 0.000000 688.982666 0.000000 0.795382 0.000000 0.606109 0.983743 0.983743 0.983743
8559.181641 0.000000 689.418396 0.000000 0.996059 0.000000 0.088695 0.996674 0.996674 0.996674
8562.051758 0.000000 699.381592 0.000000 0.893417 0.000000 0.449228 0.983716 0.983716 0.983716
8495.080078 0.000000 701.726196 0.000000 0.860642 0.000000 0.509210 0.987996 0.987996 0.987996
8512.584961 0.000000 732.173462 0.000000 0.853875 0.000000 0.520478 0.979500 0.979500 0.979500
8563.566406 0.000000 693.099609 0.000000 0.926336 0.000000 0.376697 0.985536 0.985536 0.985536
8548.256836 0.000000 675.094421 0.000000 0.854637 0.000000 0.519225 0.983644 0.983644 0.983644
8526.688477 0.000000 741.792480 0.000000 0.740922 0.000000 0.671591 0.972425 0.972425 0.972425
8504.506836 0.000000 764.797119 0.000000 0.856832 0.000000 0.515596 0.979714 0.979714 0.979714
8509.098633 0.000000 735.922974 0.000000 0.990523 0.000000 0.137344 0.991057 0.991057 0.991057
8520.250977 0.000000 755.101379 0.000000 0.769097 0.000000 0.639132 0.974035 0.974035 0.974035
8517.344727 0.000000 753.661377 0.000000 0.859241 0.000000 0.511571 0.979890 0.979890 0.979890
8592.027344 0.000000 707.274292 0.000000 0.917480 0.000000 0.397783 0.984680 0.984680 0.984680
8583.014648 0.000000 673.347961 0.000000 0.974699 0.000000 0.223522 0.992684 0.992684 0.992684
8624.977539 0.000000 671.929260 0.000000 0.905738 0.000000 0.423838 0.983610 0.983610 0.983610
8575.694336 0.000000 712.562134 0.000000 0.891970 0.000000 0.452095 0.989460 0.989460 0.989460
8575.702148 0.000000 687.112793 0.000000 0.749537 0.000000 0.661963 0.981939 0.981939 0.981939
8571.063477 0.000000 701.034851 0.000000 0.948237 0.000000 0.317564 0.987898 0.987898 0.987898
8567.654297 0.000000 692.623779 0.000000 0.939654 0.000000 0.342126 0.986924 0.986924 0.986924
8587.543945 0.000000 673.410095 0.000000 0.990996 0.000000 0.133888 0.994971 0.994971 0.994971
8582.441406 0.000000 684.120483 0.000000 0.979061 0.000000 0.203569 0.992323 0.992323 0.992323
8588.148438 0.000000 679.830750 0.000000 0.940013 0.000000 0.341139 0.989571 0.989571 0.989571
8598.601562 0.000000 681.572815 0.000000 0.970372 0.000000 0.241615 0.987206 0.987206 0.987206
8603.539062 0.000000 681.146362 0.000000 0.848151 0.000000 0.529755 0.979092 0.979092 0.979092
8631.173828 0.000000 689.418396 0.000000 0.989270 0.000000 0.146097 0.994509 0.994509 0.994509
8623.004883 0.000000 680.026794 0.000000 0.968287 0.000000 0.249840 0.992435 0.992435 0.992435
8595.958984 0.000000 680.752441 0.000000 0.971567 0.000000 0.236764 0.991049 0.991049 0.991049
8593.645508 0.000000 705.098022 0.000000 0.963323 0.000000 0.268346 0.989826 0.989826 0.989826
8577.615234 0.000000 710.694153 0.000000 0.960254 0.000000 0.279127 0.989406 0.989406 0.989406
8608.594727 0.000000 695.330505 0.000000 0.791115 0.000000 0.611667 0.975353 0.975353 0.975353
8639.114258 0.000000 656.087036 0.000000 0.781546 0.000000 0.623848 0.994955 0.994955 0.994955
8671.896484 0.000000 663.943359 0.000000 0.893538 0.000000 0.448988 0.982563 0.982563 0.982563
8704.469727 0.000000 641.809326 0.000000 0.776611 0.000000 0.629981 0.948956 0.948956 0.948956
8645.725586 0.000000 655.317627 0.000000 0.877578 0.000000 0.479433 0.981276 0.981276 0.981276
8668.697266 0.000000 642.162231 0.000000 0.854339 0.000000 0.519715 0.991814 0.991814 0.991814
8702.270508 0.000000 629.278748 0.000000 0.848425 0.000000 0.529315 0.990252 0.990252 0.990252
8682.349609 0.000000 636.247559 0.000000 0.899849 0.000000 0.436201 0.986478 0.986478 0.986478
8678.531250 0.000000 665.181885 0.000000 0.753838 0.000000 0.657060 0.980312 0.980312 0.980312
8676.427734 0.000000 645.659363 0.000000 0.994770 0.000000 0.102143 0.996679 0.996679 0.996679
8705.046875 0.000000 631.247864 0.000000 0.973569 0.000000 0.228395 0.991371 0.991371 0.991371
8670.096680 0.000000 661.136414 0.000000 0.945973 0.000000 0.324244 0.987634 0.987634 0.987634
8665.252930 0.000000 642.240662 0.000000 0.867781 0.000000 0.496946 0.980524 0.980524 0.980524
8675.728516 0.000000 656.735840 0.000000 0.977294 0.000000 0.211890 0.992005 0.992005 0.992005
8681.401367 0.000000 659.819153 0.000000 0.942673 0.000000 0.333717 0.987258 0.987258 0.987258
8656.569336 0.000000 636.189087 0.000000 0.966422 0.000000 0.256960 0.990268 0.990268 0.990268
8655.964844 0.000000 639.634399 0.000000 0.926738 0.000000 0.375709 0.985576 0.985576 0.985576
8706.111328 0.000000 634.830383 0.000000 0.855770 0.000000 0.517357 0.959274 0.959274 0.959274
8667.333008 0.000000 622.578857 0.000000 0.909937 0.000000 0.414747 0.983985 0.983985 0.983985
8672.208984 0.000000 656.375244 0.000000 0.995499 0.000000 0.094770 0.996446 0.996446 0.996446
8679.365234 0.000000 661.500977 0.000000 0.779881 0.000000 0.625928 0.974673 0.974673 0.974673
8701.793945 0.000000 631.794128 0.000000 0.991159 0.000000 0.132677 0.995017 0.995017 0.995017
8705.974609 0.000000 639.918762 0.000000 0.847391 0.000000 0.530969 0.958077 0.958077 0.958077
8703.042969 0.000000 636.358704 0.000000 0.968961 0.000000 0.247215 0.981291 0.981291 0.981291
8703.013672 0.000000 638.274414 0.000000 0.816134 0.000000 0.577863 0.953856 0.953856 0.953856
8702.624023 0.000000 641.860474 0.000000 0.970318 0.000000 0.241833 0.984145 0.984145 0.984145
8704.706055 0.000000 635.865417 0.000000 0.803373 0.000000 0.595476 0.952227 0.952227 0.952227
8711.316406 0.000000 621.965515 0.000000 0.944239 0.000000 0.329260 0.995812 0.995812 0.995812
8712.744141 0.000000 667.318970 0.000000 0.929440 0.000000 0.368973 0.985848 0.985848 0.985848
8713.021484 0.000000 632.977356 0.000000 0.806578 0.000000 0.591128 0.976316 0.976316 0.976316
8739.955078 0.000000 668.731262 0.000000 0.980285 0.000000 0.197587 0.991062 0.991062 0.991062
8716.763672 0.000000 668.251038 0.000000 0.848867 0.000000 0.528606 0.979143 0.979143 0.979143
8714.236328 0.000000 653.295532 0.000000 0.860889 0.000000 0.508794 0.980011 0.980011 0.980011
8743.953125 0.000000 668.572998 0.000000 0.880222 0.000000 0.474563 0.992593 0.992593 0.992593
8715.371094 0.000000 634.772705 0.000000 0.828010 0.000000 0.560713 0.977709 0.977709 0.977709
8733.501953 0.000000 669.266113 0.000000 0.787579 0.000000 0.616213 0.966850 0.966850 0.966850
8741.785156 0.000000 671.001099 0.000000 0.959680 0.000000 0.281094 0.985062 0.985062 0.985062
8711.080078 0.000000 634.496521 0.000000 0.929299 0.000000 0.369328 0.982056 0.982056 0.982056
8714.406250 0.000000 625.401062 0.000000 0.959476 0.000000 0.281790 0.984310 0.984310 0.984310
8711.815430 0.000000 639.126526 0.000000 0.759525 0.000000 0.650478 0.964638 0.964638 0.964638
8737.793945 0.000000 695.404480 0.000000 0.992240 0.000000 0.124337 0.995332 0.995332 0.995332
8742.231445 0.000000 732.351746 0.000000 0.924467 0.000000 0.381262 0.985352 0.985352 0.985352
8751.179688 0.000000 734.925903 0.000000 0.928449 0.000000 0.371460 0.985748 0.985748 0.985748
8745.126953 0.000000 684.555664 0.000000 0.994916 0.000000 0.100705 0.997985 0.997985 0.997985
8739.816406 0.000000 677.892700 0.000000 0.987461 0.000000 0.157864 0.989710 0.989710 0.989710
8748.595703 0.000000 699.799255 0.000000 0.896493 0.000000 0.443058 0.975935 0.975935 0.975935
8774.262695 0.000000 725.263123 0.000000 0.995761 0.000000 0.091977 0.996551 0.996551 0.996551
8731.528320 0.000000 673.410095 0.000000 0.928885 0.000000 0.370369 0.971584 0.971584 0.971584
8746.186523 0.000000 744.144836 0.000000 0.892662 0.000000 0.450727 0.988327 0.988327 0.988327
8740.691406 0.000000 688.041565 0.000000 0.929981 0.000000 0.367609 0.985903 0.985903 0.985903
8772.079102 0.000000 717.533142 0.000000 0.981811 0.000000 0.189861 0.992847 0.992847 0.992847
8741.221680 0.000000 693.040527 0.000000 0.978225 0.000000 0.207547 0.984342 0.984342 0.984342
8741.583984 0.000000 752.997437 0.000000 0.831032 0.000000 0.556225 0.977912 0.977912 0.977912
8753.097656 0.000000 692.821411 0.000000 0.904680 0.000000 0.426091 0.951648 0.951648 0.951648
8758.449219 0.000000 695.085754 0.000000 0.925755 0.000000 0.378123 0.985479 0.985479 0.985479
8741.126953 0.000000 696.656494 0.000000 0.738255 0.000000 0.674522 0.972276 0.972276 0.972276
8757.286133 0.000000 688.248962 0.000000 0.829677 0.000000 0.558244 0.977821 0.977821 0.977821
8774.398438 0.000000 721.820557 0.000000 0.955201 0.000000 0.295959 0.993249 0.993249 0.993249
8756.875000 0.000000 727.403809 0.000000 0.777385 0.000000 0.629026 0.977921 0.977921 0.977921
8760.579102 0.000000 729.436829 0.000000 0.977812 0.000000 0.209485 0.992097 0.992097 0.992097
8762.927734 0.000000 727.194885 0.000000 0.809771 0.000000 0.586747 0.976519 0.976519 0.976519
8769.458008 0.000000 719.088623 0.000000 0.931854 0.000000 0.362834 0.986095 0.986095 0.986095
8744.864258 0.000000 732.944336 0.000000 0.918403 0.000000 0.395645 0.973596 0.973596 0.973596
8767.799805 0.000000 715.960327 0.000000 0.867113 0.000000 0.498111 0.980474 0.980474 0.980474
8755.851562 0.000000 729.802002 0.000000 0.927545 0.000000 0.373710 0.985657 0.985657 0.985657
8773.786133 0.000000 727.778503 0.000000 0.984441 0.000000 0.175715 0.993385 0.993385 0.993385
8752.579102 0.000000 695.330505 0.000000 0.949623 0.000000 0.313395 0.964984 0.964984 0.964984
8775.605469 0.000000 712.046631 0.000000 0.846468 0.000000 0.532439 0.978974 0.978974 0.978974
8738.964844 0.000000 671.905396 0.000000 0.942676 0.000000 0.333708 0.976216 0.976216 0.976216
8732.563477 0.000000 677.856750 0.000000 0.970497 0.000000 0.241114 0.981762 0.981762 0.981762
8727.138672 0.000000 675.513245 0.000000 0.949333 0.000000 0.314271 0.976056 0.976056 0.976056
8730.624023 0.000000 674.919312 0.000000 0.989543 0.000000 0.144241 0.989159 0.989159 0.989159
8324.559570 0.000000 845.068848 0.000000 0.951334 0.000000 0.308162 0.992961 0.992961 0.992961
8339.020508 0.000000 832.779663 0.000000 0.933878 0.000000 0.357591 0.972611 0.972611 0.972611
8329.627930 0.000000 837.769287 0.000000 0.877418 0.000000 0.479727 0.981263 0.981263 0.981263
8335.206055 0.000000 832.991028 0.000000 0.831004 0.000000 0.556267 0.970546 0.970546 0.970546
8326.028320 0.000000 842.122314 0.000000 0.954998 0.000000 0.296611 0.988723 0.988723 0.988723
8339.142578 0.000000 847.292786 0.000000 0.991689 0.000000 0.128655 0.995169 0.995169 0.995169
8346.625000 0.000000 838.799133 0.000000 0.791137 0.000000 0.611638 0.955638 0.955638 0.955638
8350.637695 0.000000 835.689941 0.000000 0.742550 0.000000 0.669790 0.972516 0.972516 0.972516
8325.931641 0.000000 836.311523 0.000000 0.888112 0.000000 0.459627 0.982116 0.982116 0.982116
8346.905273 0.000000 834.479065 0.000000 0.763905 0.000000 0.645329 0.973732 0.973732 0.973732
8350.280273 0.000000 830.528992 0.000000 0.942996 0.000000 0.332804 0.987295 0.987295 0.987295
8342.571289 0.000000 840.278931 0.000000 0.749447 0.000000 0.662064 0.945807 0.945807 0.945807
8349.475586 0.000000 841.250732 0.000000 0.958430 0.000000 0.285329 0.980496 0.980496 0.980496
8411.044922 0.000000 817.467224 0.000000 0.958599 0.000000 0.284759 0.997837 0.997837 0.997837
8404.055664 0.000000 857.227112 0.000000 0.991149 0.000000 0.132756 0.997341 0.997341 0.997341
8396.747070 0.000000 805.494019 0.000000 0.929548 0.000000 0.368700 0.990573 0.990573 0.990573
8418.861328 0.000000 820.213928 0.000000 0.972962 0.000000 0.230965 0.991272 0.991272 0.991272
8422.698242 0.000000 777.124268 0.000000 0.974869 0.000000 0.222778 0.991587 0.991587 0.991587
8396.750000 0.000000 819.064453 0.000000 0.888322 0.000000 0.459221 0.967839 0.967839 0.967839
8363.711914 0.000000 845.378418 0.000000 0.887588 0.000000 0.460638 0.982073 0.982073 0.982073
8416.656250 0.000000 778.515015 0.000000 0.863158 0.000000 0.504935 0.996036 0.996036 0.996036
8412.879883 0.000000 790.315979 0.000000 0.985782 0.000000 0.168032 0.993677 0.993677 0.993677
8416.250977 0.000000 814.856323 0.000000 0.972663 0.000000 0.232223 0.991224 0.991224 0.991224
8420.018555 0.000000 804.508606 0.000000 0.985155 0.000000 0.171666 0.993539 0.993539 0.993539
8401.620117 0.000000 837.769287 0.000000 0.989450 0.000000 0.144872 0.994556 0.994556 0.994556
8390.562500 0.000000 857.150635 0.000000 0.868973 0.000000 0.494860 0.980614 0.980614 0.980614
8422.074219 0.000000 784.967041 0.000000 0.897743 0.000000 0.440520 0.973806 0.973806 0.973806
8389.166992 0.000000 845.095093 0.000000 0.954670 0.000000 0.297667 0.988681 0.988681 0.988681
8365.467773 0.000000 842.595825 0.000000 0.754751 0.000000 0.656011 0.974991 0.974991 0.974991
8370.580078 0.000000 842.357971 0.000000 0.871901 0.000000 0.489683 0.980837 0.980837 0.980837
8373.166992 0.000000 846.206421 0.000000 0.743599 0.000000 0.668626 0.972574 0.972574 0.972574
8396.879883 0.000000 854.364746 0.000000 0.933254 0.000000 0.359218 0.986240 0.986240 0.986240
8386.772461 0.000000 843.111267 0.000000 0.803197 0.000000 0.595714 0.976102 0.976102 0.976102
8411.134766 0.000000 847.292786 0.000000 0.884800 0.000000 0.465972 0.981848 0.981848 0.981848
8416.307617 0.000000 841.302490 0.000000 0.752570 0.000000 0.658512 0.965902 0.965902 0.965902
8400.618164 0.000000 825.421204 0.000000 0.987741 0.000000 0.156100 0.995304 0.995304 0.995304
8412.182617 0.000000 793.134521 0.000000 0.987906 0.000000 0.155053 0.994170 0.994170 0.994170
8394.782227 0.000000 821.152649 0.000000 0.812252 0.000000 0.583307 0.975123 0.975123 0.975123
8418.728516 0.000000 772.840332 0.000000 0.968472 0.000000 0.249120 0.985543 0.985543 0.985543
8413.789062 0.000000 787.748779 0.000000 0.970355 0.000000 0.241683 0.990859 0.990859 0.990859
8403.967773 0.000000 805.472717 0.000000 0.911392 0.000000 0.411538 0.984117 0.984117 0.984117
8418.923828 0.000000 781.868347 0.000000 0.863891 0.000000 0.503678 0.976279 0.976279 0.976279
8398.844727 0.000000 858.677002 0.000000 0.947112 0.000000 0.320904 0.987766 0.987766 0.987766
8401.915039 0.000000 846.142822 0.000000 0.927231 0.000000 0.374489 0.985626 0.985626 0.985626
8399.072266 0.000000 845.174133 0.000000 0.869610 0.000000 0.493739 0.980662 0.980662 0.980662
8353.493164 0.000000 853.063599 0.000000 0.813458 0.000000 0.581623 0.976755 0.976755 0.976755
8409.778320 0.000000 794.978821 0.000000 0.752793 0.000000 0.658257 0.973093 0.973093 0.973093
8418.897461 0.000000 834.479065 0.000000 0.926706 0.000000 0.375787 0.982688 0.982688 0.982688
8371.573242 0.000000 862.691162 0.000000 0.926597 0.000000 0.376055 0.985562 0.985562 0.985562
8351.125000 0.000000 835.674377 0.000000 0.978059 0.000000 0.208330 0.992141 0.992141 0.992141
8401.942383 0.000000 856.152161 0.000000 0.741713 0.000000 0.670718 0.972469 0.972469 0.972469
8396.256836 0.000000 808.460815 0.000000 0.817383 0.000000 0.576094 0.977009 0.977009 0.977009
8396.505859 0.000000 816.857544 0.000000 0.821251 0.000000 0.570568 0.959071 0.959071 0.959071
8415.205078 0.000000 845.609985 0.000000 0.777708 0.000000 0.628625 0.955875 0.955875 0.955875
8397.011719 0.000000 821.239746 0.000000 0.894345 0.000000 0.447377 0.975682 0.975682 0.975682
8400.083984 0.000000 813.176208 0.000000 0.887060 0.000000 0.461654 0.976040 0.976040 0.976040
8421.467773 0.000000 841.250732 0.000000 0.782089 0.000000 0.623167 0.961368 0.961368 0.961368
8397.626953 0.000000 813.400269 0.000000 0.994829 0.000000 0.101561 0.993142 0.993142 0.993142
8426.354492 0.000000 784.626160 0.000000 0.995667 0.000000 0.092996 0.993955 0.993955 0.993955
8438.420898 0.000000 811.125793 0.000000 0.935107 0.000000 0.354365 0.982818 0.982818 0.982818
8439.432617 0.000000 795.303345 0.000000 0.944691 0.000000 0.327963 0.990824 0.990824 0.990824
8428.549805 0.000000 829.608704 0.000000 0.995092 0.000000 0.098951 0.999010 0.999010 0.999010
8428.592773 0.000000 835.503296 0.000000 0.851720 0.000000 0.523998 0.979346 0.979346 0.979346
8434.996094 0.000000 837.833740 0.000000 0.737708 0.000000 0.675120 0.990749 0.990749 0.990749
8426.267578 0.000000 845.264282 0.000000 0.739098 0.000000 0.673598 0.972323 0.972323 0.972323
8439.541992 0.000000 786.956482 0.000000 0.991992 0.000000 0.126299 0.995258 0.995258 0.995258
8442.119141 0.000000 779.528564 0.000000 0.972951 0.000000 0.231010 0.991270 0.991270 0.991270
8441.327148 0.000000 772.420898 0.000000 0.994691 0.000000 0.102904 0.997684 0.997684 0.997684
8442.383789 0.000000 810.776001 0.000000 0.883044 0.000000 0.469290 0.981707 0.981707 0.981707
8439.901367 0.000000 807.223999 0.000000 0.985541 0.000000 0.169435 0.986398 0.986398 0.986398
8445.416016 0.000000 782.529236 0.000000 0.857586 0.000000 0.514341 0.979769 0.979769 0.979769
8424.180664 0.000000 821.234741 0.000000 0.826343 0.000000 0.563167 0.977598 0.977598 0.977598
8434.735352 0.000000 781.263550 0.000000 0.926405 0.000000 0.376528 0.991326 0.991326 0.991326
8444.513672 0.000000 786.122742 0.000000 0.746220 0.000000 0.665699 0.979996 0.979996 0.979996
8431.400391 0.000000 844.164551 0.000000 0.878512 0.000000 0.477721 0.982592 0.982592 0.982592
8423.213867 0.000000 776.889771 0.000000 0.774466 0.000000 0.632615 0.974351 0.974351 0.974351
8427.038086 0.000000 800.198853 0.000000 0.860404 0.000000 0.509613 0.987985 0.987985 0.987985
8438.627930 0.000000 814.165894 0.000000 0.748006 0.000000 0.663692 0.981881 0.981881 0.981881
8449.947266 0.000000 805.539246 0.000000 0.877242 0.000000 0.480049 0.981249 0.981249 0.981249
8424.291016 0.000000 791.445190 0.000000 0.990658 0.000000 0.136373 0.994877 0.994877 0.994877
8429.244141 0.000000 817.353394 0.000000 0.868090 0.000000 0.496407 0.980547 0.980547 0.980547
8438.674805 0.000000 773.538025 0.000000 0.736555 0.000000 0.676378 0.972182 0.972182 0.972182
8431.695312 0.000000 789.288269 0.000000 0.942324 0.000000 0.334703 0.987219 0.987219 0.987219
8428.310547 0.000000 773.888611 0.000000 0.764250 0.000000 0.644920 0.973752 0.973752 0.973752
8423.295898 0.000000 804.013794 0.000000 0.930296 0.000000 0.366809 0.985935 0.985935 0.985935
8440.626953 0.000000 797.697937 0.000000 0.909761 0.000000 0.415133 0.983969 0.983969 0.983969
8440.222656 0.000000 809.528564 0.000000 0.910964 0.000000 0.412485 0.955418 0.955418 0.955418
8429.047852 0.000000 792.589539 0.000000 0.784180 0.000000 0.620534 0.949863 0.949863 0.949863
8426.091797 0.000000 842.164185 0.000000 0.786715 0.000000 0.617316 0.956813 0.956813 0.956813
8424.595703 0.000000 839.846741 0.000000 0.784125 0.000000 0.620602 0.943170 0.943170 0.943170
8446.040039 0.000000 802.452881 0.000000 0.830870 0.000000 0.556466 0.972008 0.972008 0.972008
8427.601562 0.000000 841.590088 0.000000 0.774872 0.000000 0.632118 0.943625 0.943625 0.943625
8387.341797 0.000000 898.227234 0.000000 0.959301 0.000000 0.282386 0.989279 0.989279 0.989279
8400.678711 0.000000 876.859924 0.000000 0.914962 0.000000 0.403540 0.984445 0.984445 0.984445
8412.280273 0.000000 879.849854 0.000000 0.991478 0.000000 0.130274 0.997717 0.997717 0.997717
8405.984375 0.000000 878.647034 0.000000 0.880448 0.000000 0.474143 0.981501 0.981501 0.981501
8391.480469 0.000000 901.922485 0.000000 0.982164 0.000000 0.188026 0.992917 0.992917 0.992917
8378.850586 0.000000 891.433167 0.000000 0.994316 0.000000 0.106466 0.996005 0.996005 0.996005
8383.338867 0.000000 898.312683 0.000000 0.895959 0.000000 0.444136 0.982766 0.982766 0.982766
8400.962891 0.000000 863.955627 0.000000 0.868933 0.000000 0.494930 0.980611 0.980611 0.980611
8402.415039 0.000000 905.646912 0.000000 0.859016 0.000000 0.511949 0.959747 0.959747 0.959747
8377.328125 0.000000 868.807495 0.000000 0.869821 0.000000 0.493367 0.980678 0.980678 0.980678
8407.028320 0.000000 871.995544 0.000000 0.788412 0.000000 0.615147 0.975188 0.975188 0.975188
8406.629883 0.000000 901.374939 0.000000 0.752359 0.000000 0.658753 0.946137 0.946137 0.946137
8374.704102 0.000000 871.720703 0.000000 0.967884 0.000000 0.251397 0.990484 0.990484 0.990484
8372.119141 0.000000 867.838623 0.000000 0.978892 0.000000 0.204379 0.992292 0.992292 0.992292
8407.325195 0.000000 876.531311 0.000000 0.770285 0.000000 0.637699 0.974104 0.974104 0.974104
8399.479492 0.000000 879.053528 0.000000 0.921837 0.000000 0.387578 0.985096 0.985096 0.985096
8408.229492 0.000000 903.941345 0.000000 0.994138 0.000000 0.108117 0.995943 0.995943 0.995943
8400.654297 0.000000 904.651611 0.000000 0.803169 0.000000 0.595751 0.958574 0.958574 0.958574
8398.001953 0.000000 902.832397 0.000000 0.930723 0.000000 0.365724 0.971958 0.971958 0.971958
8534.099609 0.000000 791.279724 0.000000 0.921284 0.000000 0.388890 0.985042 0.985042 0.985042
8511.861328 0.000000 840.320190 0.000000 0.995111 0.000000 0.098767 0.996295 0.996295 0.996295
8549.307617 0.000000 803.074890 0.000000 0.981439 0.000000 0.191777 0.997591 0.997591 0.997591
8511.022461 0.000000 769.332336 0.000000 0.911921 0.000000 0.410365 0.970441 0.970441 0.970441
8526.254883 0.000000 828.336121 0.000000 0.884115 0.000000 0.467270 0.981793 0.981793 0.981793
8504.074219 0.000000 770.810608 0.000000 0.816029 0.000000 0.578011 0.992307 0.992307 0.992307
8540.536133 0.000000 845.068848 0.000000 0.839446 0.000000 0.543442 0.978485 0.978485 0.978485
8525.339844 0.000000 805.806519 0.000000 0.853003 0.000000 0.521906 0.994517 0.994517 0.994517
8550.542969 0.000000 773.351257 0.000000 0.992948 0.000000 0.118551 0.999110 0.999110 0.999110
8523.839844 0.000000 773.877075 0.000000 0.786608 0.000000 0.617453 0.986708 0.986708 0.986708
8518.669922 0.000000 826.332886 0.000000 0.851862 0.000000 0.523766 0.979356 0.979356 0.979356
8528.925781 0.000000 851.003357 0.000000 0.993478 0.000000 0.114021 0.995721 0.995721 0.995721
8543.847656 0.000000 822.601013 0.000000 0.994414 0.000000 0.105546 0.994984 0.994984 0.994984
8545.328125 0.000000 817.350891 0.000000 0.919565 0.000000 0.392937 0.982861 0.982861 0.982861
8510.397461 0.000000 849.030334 0.000000 0.875358 0.000000 0.483475 0.981103 0.981103 0.981103
8557.616211 0.000000 863.627991 0.000000 0.762249 0.000000 0.647284 0.973636 0.973636 0.973636
8539.671875 0.000000 801.207764 0.000000 0.975900 0.000000 0.218219 0.991762 0.991762 0.991762
8527.323242 0.000000 802.328308 0.000000 0.857982 0.000000 0.513680 0.986532 0.986532 0.986532
8521.040039 0.000000 776.686829 0.000000 0.758990 0.000000 0.651102 0.966367 0.966367 0.966367
8537.121094 0.000000 788.805786 0.000000 0.968860 0.000000 0.247610 0.990630 0.990630 0.990630
8561.717773 0.000000 856.650757 0.000000 0.931320 0.000000 0.364201 0.986040 0.986040 0.986040
8558.573242 0.000000 810.927551 0.000000 0.844891 0.000000 0.534938 0.973226 0.973226 0.973226
8509.452148 0.000000 842.595825 0.000000 0.952192 0.000000 0.305501 0.988374 0.988374 0.988374
8514.564453 0.000000 842.357971 0.000000 0.917044 0.000000 0.398787 0.984639 0.984639 0.984639
8512.808594 0.000000 851.087646 0.000000 0.928179 0.000000 0.372133 0.985721 0.985721 0.985721
8518.007812 0.000000 829.679138 0.000000 0.858822 0.000000 0.512275 0.981202 0.981202 0.981202
8562.011719 0.000000 812.238708 0.000000 0.960588 0.000000 0.277976 0.989451 0.989451 0.989451
8544.602539 0.000000 825.421204 0.000000 0.768127 0.000000 0.640298 0.973978 0.973978 0.973978
8528.446289 0.000000 814.672668 0.000000 0.961245 0.000000 0.275695 0.990935 0.990935 0.990935
8529.906250 0.000000 853.682678 0.000000 0.788586 0.000000 0.614925 0.976852 0.976852 0.976852
8553.481445 0.000000 815.072998 0.000000 0.850426 0.000000 0.526094 0.979254 0.979254 0.979254
8523.966797 0.000000 776.736816 0.000000 0.977575 0.000000 0.210589 0.992054 0.992054 0.992054
8564.330078 0.000000 810.495728 0.000000 0.873493 0.000000 0.486837 0.980959 0.980959 0.980959
8536.783203 0.000000 843.366455 0.000000 0.979848 0.000000 0.199744 0.992469 0.992469 0.992469
8539.875000 0.000000 825.786377 0.000000 0.830898 0.000000 0.556425 0.977903 0.977903 0.977903
8532.447266 0.000000 793.179688 0.000000 0.967063 0.000000 0.254536 0.990362 0.990362 0.990362
8551.309570 0.000000 780.546936 0.000000 0.942333 0.000000 0.334677 0.988072 0.988072 0.988072
8546.232422 0.000000 787.409363 0.000000 0.943932 0.000000 0.330140 0.987400 0.987400 0.987400
8534.090820 0.000000 847.412720 0.000000 0.925344 0.000000 0.379129 0.985438 0.985438 0.985438
8515.296875 0.000000 850.974487 0.000000 0.995117 0.000000 0.098702 0.996298 0.996298 0.996298
8557.712891 0.000000 815.440369 0.000000 0.751194 0.000000 0.660082 0.951405 0.951405 0.951405
8545.828125 0.000000 778.655334 0.000000 0.814434 0.000000 0.580256 0.976818 0.976818 0.976818
8551.253906 0.000000 790.291809 0.000000 0.988667 0.000000 0.150128 0.988713 0.988713 0.988713
8518.824219 0.000000 780.898132 0.000000 0.948750 0.000000 0.316028 0.975918 0.975918 0.975918
8516.261719 0.000000 777.846375 0.000000 0.948168 0.000000 0.317768 0.980624 0.980624 0.980624
8516.140625 0.000000 779.963867 0.000000 0.991567 0.000000 0.129592 0.990591 0.990591 0.990591
8569.037109 0.000000 824.946106 0.000000 0.902730 0.000000 0.430207 0.997779 0.997779 0.997779
8592.862305 0.000000 830.995728 0.000000 0.749339 0.000000 0.662187 0.994579 0.994579 0.994579
8580.569336 0.000000 825.909058 0.000000 0.923232 0.000000 0.384243 0.986215 0.986215 0.986215
8586.512695 0.000000 833.189880 0.000000 0.885061 0.000000 0.465475 0.983077 0.983077 0.983077
8597.548828 0.000000 846.395264 0.000000 0.913008 0.000000 0.407942 0.968529 0.968529 0.968529
8600.790039 0.000000 844.095703 0.000000 0.809996 0.000000 0.586435 0.953066 0.953066 0.953066
8605.686523 0.000000 852.128174 0.000000 0.801120 0.000000 0.598503 0.967963 0.967963 0.967963
8597.602539 0.000000 842.393921 0.000000 0.874955 0.000000 0.484204 0.962143 0.962143 0.962143
8604.791016 0.000000 850.204712 0.000000 0.774940 0.000000 0.632035 0.952174 0.952174 0.952174
8561.079102 0.000000 866.441650 0.000000 0.969499 0.000000 0.245097 0.993818 0.993818 0.993818
8529.150391 0.000000 876.524414 0.000000 0.805295 0.000000 0.592874 0.984156 0.984156 0.984156
8565.393555 0.000000 891.124146 0.000000 0.809513 0.000000 0.587103 0.989034 0.989034 0.989034
8516.156250 0.000000 871.799500 0.000000 0.980910 0.000000 0.194462 0.993648 0.993648 0.993648
8558.538086 0.000000 867.587646 0.000000 0.937234 0.000000 0.348700 0.986662 0.986662 0.986662
8518.884766 0.000000 882.715027 0.000000 0.985590 0.000000 0.169153 0.987270 0.987270 0.987270
8522.503906 0.000000 874.276733 0.000000 0.969285 0.000000 0.245940 0.981389 0.981389 0.981389
8522.025391 0.000000 870.749817 0.000000 0.899595 0.000000 0.436725 0.968407 0.968407 0.968407
8520.891602 0.000000 885.605652 0.000000 0.797267 0.000000 0.603627 0.951464 0.951464 0.951464
8520.228516 0.000000 883.954834 0.000000 0.983814 0.000000 0.179191 0.986506 0.986506 0.986506
"}
object={
	name="sage_01_generator_1_2"
	render_pass=Map
	clamp_to_water_level=no
	generated_content=yes
	layer="grass_layer"
	pdxmesh="sage_01_tall_grass_mesh"
	count=1904
	transform="8269.331055 0.000000 369.564514 0.000000 0.744671 0.000000 -0.667431 1.012771 1.012771 1.012771
8272.356445 0.000000 367.622437 0.000000 0.794399 0.000000 -0.607396 1.017927 1.017927 1.017927
8274.100586 0.000000 373.789032 0.000000 0.912033 0.000000 -0.410117 1.015825 1.015825 1.015825
8270.862305 0.000000 371.847443 0.000000 0.787746 0.000000 -0.616001 1.024853 1.024853 1.024853
8276.435547 0.000000 372.675964 0.000000 0.144898 0.000000 -0.989447 1.053378 1.053378 1.053378
8283.951172 0.000000 373.215576 0.000000 0.718549 0.000000 -0.695476 1.032641 1.032641 1.032641
8301.755859 0.000000 383.909515 0.000000 0.655286 0.000000 -0.755381 1.023514 1.023514 1.023514
8288.629883 0.000000 377.617920 0.000000 0.965527 0.000000 -0.260305 1.003945 1.003945 1.003945
8301.404297 0.000000 372.366852 0.000000 0.086990 0.000000 -0.996209 1.029633 1.029633 1.029633
8292.986328 0.000000 375.981781 0.000000 0.640656 0.000000 -0.767828 1.026227 1.026227 1.026227
8303.903320 0.000000 380.350647 0.000000 0.628798 0.000000 -0.777569 1.033358 1.033358 1.033358
8287.214844 0.000000 370.958588 0.000000 0.244769 0.000000 -0.969582 1.049563 1.049563 1.049563
8282.588867 0.000000 369.512848 0.000000 0.303413 0.000000 -0.952859 1.025216 1.025216 1.025216
8299.767578 0.000000 375.976196 0.000000 0.591562 0.000000 -0.806260 1.035119 1.035119 1.035119
8305.424805 0.000000 378.015015 0.000000 0.487941 0.000000 -0.872877 1.039735 1.039735 1.039735
8290.533203 0.000000 375.221985 0.000000 0.202387 0.000000 -0.979306 1.051192 1.051192 1.051192
8301.548828 0.000000 381.312927 0.000000 0.637469 0.000000 -0.770476 1.032939 1.032939 1.032939
8273.110352 0.000000 386.519745 0.000000 0.717394 0.000000 -0.696668 1.028863 1.028863 1.028863
8278.548828 0.000000 404.481232 0.000000 0.570095 0.000000 -0.821579 1.031292 1.031292 1.031292
8276.034180 0.000000 420.571075 0.000000 0.864250 0.000000 -0.503062 1.010528 1.010528 1.010528
8272.309570 0.000000 414.035461 0.000000 0.460748 0.000000 -0.887531 1.013631 1.013631 1.013631
8277.540039 0.000000 397.498718 0.000000 0.125871 0.000000 -0.992047 1.054097 1.054097 1.054097
8278.089844 0.000000 401.029541 0.000000 0.379348 0.000000 -0.925254 1.053103 1.053103 1.053103
8274.744141 0.000000 388.902771 0.000000 0.999978 0.000000 -0.006665 1.000250 1.000250 1.000250
8267.416992 0.000000 385.626251 0.000000 0.999652 0.000000 0.026373 0.999012 0.999012 0.999012
8270.569336 0.000000 387.665741 0.000000 0.001697 0.000000 -0.999999 1.058760 1.058760 1.058760
8319.804688 0.000000 428.756470 0.000000 0.273829 0.000000 -0.961778 1.048436 1.048436 1.048436
8349.248047 0.000000 444.422455 0.000000 0.998058 0.000000 0.062290 0.998444 0.998444 0.998444
8330.069336 0.000000 428.662842 0.000000 0.984270 0.000000 -0.176668 1.004877 1.004877 1.004877
8324.757812 0.000000 435.126892 0.000000 0.700574 0.000000 -0.713580 1.029756 1.029756 1.029756
8295.982422 0.000000 419.370789 0.000000 0.935738 0.000000 -0.352696 1.026996 1.026996 1.026996
8343.161133 0.000000 441.990662 0.000000 0.609876 0.000000 -0.792497 1.034261 1.034261 1.034261
8314.595703 0.000000 424.797913 0.000000 0.916223 0.000000 -0.400668 1.008234 1.008234 1.008234
8284.159180 0.000000 406.547119 0.000000 0.941456 0.000000 -0.337135 1.012877 1.012877 1.012877
8304.893555 0.000000 447.058228 0.000000 0.987903 0.000000 -0.155074 1.006220 1.006220 1.006220
8321.810547 0.000000 471.051971 0.000000 0.993627 0.000000 -0.112722 1.004230 1.004230 1.004230
8299.769531 0.000000 423.410675 0.000000 0.764567 0.000000 -0.644544 1.015738 1.015738 1.015738
8339.020508 0.000000 448.842133 0.000000 0.039625 0.000000 -0.999215 1.045871 1.045871 1.045871
8319.488281 0.000000 422.000549 0.000000 0.131650 0.000000 -0.991296 1.043103 1.043103 1.043103
8334.845703 0.000000 430.490601 0.000000 0.809362 0.000000 -0.587310 1.015672 1.015672 1.015672
8292.687500 0.000000 400.244446 0.000000 0.110632 0.000000 -0.993861 1.054672 1.054672 1.054672
8316.639648 0.000000 470.250275 0.000000 0.998783 0.000000 -0.049320 1.001848 1.001848 1.001848
8280.485352 0.000000 396.121429 0.000000 0.780583 0.000000 -0.625052 1.026971 1.026971 1.026971
8292.248047 0.000000 422.677979 0.000000 0.936258 0.000000 -0.351312 1.023301 1.023301 1.023301
8327.871094 0.000000 438.663513 0.000000 0.816673 0.000000 -0.577101 1.013822 1.013822 1.013822
8279.685547 0.000000 404.670654 0.000000 0.906879 0.000000 -0.421390 1.014117 1.014117 1.014117
8279.140625 0.000000 388.914062 0.000000 0.944080 0.000000 -0.329715 1.012583 1.012583 1.012583
8284.753906 0.000000 396.012299 0.000000 0.792612 0.000000 -0.609726 1.032740 1.032740 1.032740
8284.040039 0.000000 422.424255 0.000000 0.221047 0.000000 -0.975263 1.023556 1.023556 1.023556
8345.080078 0.000000 445.711273 0.000000 0.231443 0.000000 -0.972848 1.100154 1.100154 1.100154
8348.078125 0.000000 440.457092 0.000000 0.762665 0.000000 -0.646794 1.017560 1.017560 1.017560
8306.898438 0.000000 442.024384 0.000000 0.958586 0.000000 -0.284803 1.010094 1.010094 1.010094
8321.924805 0.000000 425.219391 0.000000 0.993235 0.000000 -0.116119 1.004358 1.004358 1.004358
8295.557617 0.000000 403.018921 0.000000 0.976829 0.000000 -0.214023 1.008077 1.008077 1.008077
8323.690430 0.000000 474.864319 0.000000 0.299272 0.000000 -0.954168 1.044279 1.044279 1.044279
8340.841797 0.000000 445.371155 0.000000 0.713646 0.000000 -0.700507 1.054253 1.054253 1.054253
8295.916992 0.000000 423.286438 0.000000 0.388425 0.000000 -0.921480 1.052662 1.052662 1.052662
8294.638672 0.000000 415.163116 0.000000 0.022415 0.000000 -0.999749 1.073447 1.073447 1.073447
8339.683594 0.000000 441.076874 0.000000 0.911597 0.000000 -0.411085 1.013749 1.013749 1.013749
8341.399414 0.000000 451.406982 0.000000 0.906471 0.000000 -0.422268 1.016325 1.016325 1.016325
8287.221680 0.000000 408.038757 0.000000 0.952437 0.000000 -0.304735 1.013915 1.013915 1.013915
8307.746094 0.000000 453.557251 0.000000 0.354462 0.000000 -0.935071 1.102577 1.102577 1.102577
8282.663086 0.000000 409.607025 0.000000 0.469641 0.000000 -0.882858 1.040516 1.040516 1.040516
8279.229492 0.000000 392.952240 0.000000 0.912986 0.000000 -0.407992 1.015738 1.015738 1.015738
8345.085938 0.000000 439.279114 0.000000 0.076305 0.000000 -0.997084 1.055963 1.055963 1.055963
8279.103516 0.000000 413.773041 0.000000 0.236008 0.000000 -0.971751 1.053228 1.053228 1.053228
8279.528320 0.000000 399.137238 0.000000 0.998525 0.000000 -0.054290 1.002170 1.002170 1.002170
8305.291992 0.000000 450.271881 0.000000 0.079308 0.000000 -0.996850 1.115424 1.115424 1.115424
8283.053711 0.000000 416.261322 0.000000 0.434960 0.000000 -0.900450 1.041972 1.041972 1.041972
8289.802734 0.000000 401.489258 0.000000 0.315945 0.000000 -0.948778 1.065500 1.065500 1.065500
8318.125977 0.000000 431.396759 0.000000 0.931090 0.000000 -0.364789 1.013983 1.013983 1.013983
8310.711914 0.000000 453.839355 0.000000 0.762508 0.000000 -0.646978 1.052698 1.052698 1.052698
8342.184570 0.000000 447.982666 0.000000 0.327106 0.000000 -0.944988 1.092689 1.092689 1.092689
8282.770508 0.000000 403.960663 0.000000 0.454494 0.000000 -0.890750 1.082311 1.082311 1.082311
8344.315430 0.000000 457.364929 0.000000 0.990708 0.000000 -0.136006 1.003747 1.003747 1.003747
8317.058594 0.000000 428.027161 0.000000 0.125202 0.000000 -0.992131 1.054123 1.054123 1.054123
8302.879883 0.000000 439.528503 0.000000 0.997662 0.000000 0.068343 0.997780 0.997780 0.997780
8285.114258 0.000000 400.203644 0.000000 0.977327 0.000000 -0.211737 1.015979 1.015979 1.015979
8304.871094 0.000000 444.166748 0.000000 0.998896 0.000000 -0.046967 1.001760 1.001760 1.001760
8311.537109 0.000000 449.548218 0.000000 0.836805 0.000000 -0.547501 1.026036 1.026036 1.026036
8285.263672 0.000000 410.862640 0.000000 0.689963 0.000000 -0.723845 1.030309 1.030309 1.030309
8297.968750 0.000000 421.327942 0.000000 0.385516 0.000000 -0.922701 1.044003 1.044003 1.044003
8292.989258 0.000000 404.602936 0.000000 0.875786 0.000000 -0.482700 1.018864 1.018864 1.018864
8282.864258 0.000000 397.923035 0.000000 0.518422 0.000000 -0.855125 1.051219 1.051219 1.051219
8293.187500 0.000000 409.875702 0.000000 0.414226 0.000000 -0.910174 1.068527 1.068527 1.068527
8322.135742 0.000000 434.451324 0.000000 0.865707 0.000000 -0.500552 1.026176 1.026176 1.026176
8319.404297 0.000000 469.532166 0.000000 0.002466 0.000000 -0.999997 1.058731 1.058731 1.058731
8310.830078 0.000000 447.006653 0.000000 0.997179 0.000000 0.075058 0.997187 0.997187 0.997187
8322.330078 0.000000 427.826660 0.000000 0.991958 0.000000 -0.126569 1.004753 1.004753 1.004753
8312.170898 0.000000 457.887054 0.000000 0.899600 0.000000 -0.436714 1.033849 1.033849 1.033849
8296.783203 0.000000 407.951630 0.000000 0.952802 0.000000 -0.303591 1.013091 1.013091 1.013091
8282.506836 0.000000 394.502197 0.000000 0.735531 0.000000 -0.677491 1.027874 1.027874 1.027874
8289.646484 0.000000 422.741028 0.000000 0.237577 0.000000 -0.971369 1.049841 1.049841 1.049841
8287.710938 0.000000 405.350739 0.000000 0.838884 0.000000 -0.544310 1.033049 1.033049 1.033049
8327.057617 0.000000 436.183350 0.000000 0.903371 0.000000 -0.428860 1.016598 1.016598 1.016598
8298.184570 0.000000 418.012268 0.000000 0.574947 0.000000 -0.818191 1.035885 1.035885 1.035885
8307.429688 0.000000 444.475647 0.000000 0.999273 0.000000 0.038132 0.998476 0.998476 0.998476
8294.147461 0.000000 417.627380 0.000000 0.997838 0.000000 -0.065716 1.004433 1.004433 1.004433
8284.326172 0.000000 389.951050 0.000000 0.719778 0.000000 -0.694204 1.028735 1.028735 1.028735
8326.647461 0.000000 433.575470 0.000000 0.010588 0.000000 -0.999944 1.058427 1.058427 1.058427
8346.905273 0.000000 450.541534 0.000000 0.780538 0.000000 -0.625108 1.025288 1.025288 1.025288
8281.065430 0.000000 411.825592 0.000000 0.951925 0.000000 -0.306331 1.016323 1.016323 1.016323
8281.965820 0.000000 389.491608 0.000000 0.999401 0.000000 0.034603 0.998704 0.998704 0.998704
8346.013672 0.000000 447.949951 0.000000 0.057331 0.000000 -0.998355 1.094459 1.094459 1.094459
8317.790039 0.000000 475.490845 0.000000 0.334789 0.000000 -0.942293 1.046039 1.046039 1.046039
8285.736328 0.000000 413.172485 0.000000 0.956006 0.000000 -0.293348 1.014866 1.014866 1.014866
8347.673828 0.000000 446.079956 0.000000 0.900919 0.000000 -0.433988 1.028018 1.028018 1.028018
8341.003906 0.000000 443.148560 0.000000 0.240671 0.000000 -0.970607 1.056351 1.056351 1.056351
8284.271484 0.000000 402.299896 0.000000 0.517757 0.000000 -0.855528 1.069198 1.069198 1.069198
8290.255859 0.000000 410.899078 0.000000 0.104993 0.000000 -0.994473 1.084156 1.084156 1.084156
8306.714844 0.000000 448.510254 0.000000 0.593008 0.000000 -0.805196 1.074777 1.074777 1.074777
8293.996094 0.000000 413.051056 0.000000 0.982736 0.000000 -0.185014 1.013937 1.013937 1.013937
8291.008789 0.000000 420.981873 0.000000 0.942168 0.000000 -0.335141 1.020477 1.020477 1.020477
8287.490234 0.000000 401.280792 0.000000 0.969904 0.000000 -0.243486 1.017193 1.017193 1.017193
8295.282227 0.000000 409.299683 0.000000 0.050995 0.000000 -0.998699 1.113826 1.113826 1.113826
8290.299805 0.000000 418.174622 0.000000 0.822953 0.000000 -0.568109 1.037711 1.037711 1.037711
8281.031250 0.000000 403.108521 0.000000 0.793944 0.000000 -0.607990 1.048947 1.048947 1.048947
8309.592773 0.000000 448.477966 0.000000 0.049840 0.000000 -0.998757 1.125304 1.125304 1.125304
8343.052734 0.000000 446.305664 0.000000 0.197437 0.000000 -0.980316 1.102762 1.102762 1.102762
8297.300781 0.000000 411.618683 0.000000 0.500005 0.000000 -0.866022 1.078431 1.078431 1.078431
8309.022461 0.000000 454.873779 0.000000 0.912106 0.000000 -0.409955 1.031637 1.031637 1.031637
8306.505859 0.000000 446.202698 0.000000 0.838272 0.000000 -0.545253 1.038873 1.038873 1.038873
8305.320312 0.000000 451.959076 0.000000 0.753547 0.000000 -0.657394 1.055518 1.055518 1.055518
8308.184570 0.000000 457.515198 0.000000 0.113252 0.000000 -0.993566 1.109147 1.109147 1.109147
8339.052734 0.000000 529.514038 0.000000 0.653252 0.000000 -0.757141 1.032165 1.032165 1.032165
8349.248047 0.000000 540.406799 0.000000 0.141732 0.000000 -0.989905 1.067764 1.067764 1.067764
8318.599609 0.000000 490.901398 0.000000 0.925819 0.000000 -0.377967 1.014515 1.014515 1.014515
8331.719727 0.000000 545.896362 0.000000 0.892007 0.000000 -0.452022 1.017564 1.017564 1.017564
8344.508789 0.000000 545.824951 0.000000 0.100404 0.000000 -0.994947 1.110114 1.110114 1.110114
8341.853516 0.000000 515.267944 0.000000 0.188981 0.000000 -0.981981 1.051704 1.051704 1.051704
8327.999023 0.000000 512.416016 0.000000 0.020541 0.000000 -0.999789 1.030962 1.030962 1.030962
8330.347656 0.000000 501.955475 0.000000 0.997218 0.000000 -0.074541 1.002794 1.002794 1.002794
8334.845703 0.000000 526.474976 0.000000 0.057077 0.000000 -0.998370 1.113370 1.113370 1.113370
8329.695312 0.000000 518.948425 0.000000 0.006205 0.000000 -0.999981 1.058591 1.058591 1.058591
8348.195312 0.000000 548.694458 0.000000 0.932114 0.000000 -0.362164 1.012953 1.012953 1.012953
8329.351562 0.000000 529.397705 0.000000 0.744439 0.000000 -0.667690 1.027378 1.027378 1.027378
8341.639648 0.000000 575.674805 0.000000 0.696022 0.000000 -0.718021 1.029994 1.029994 1.029994
8333.294922 0.000000 541.859375 0.000000 0.475839 0.000000 -0.879532 1.037569 1.037569 1.037569
8345.080078 0.000000 541.695618 0.000000 0.973796 0.000000 -0.227422 1.017183 1.017183 1.017183
8340.125977 0.000000 525.564392 0.000000 0.250635 0.000000 -0.968082 1.046047 1.046047 1.046047
8348.366211 0.000000 544.391907 0.000000 0.625477 0.000000 -0.780243 1.067036 1.067036 1.067036
8341.133789 0.000000 492.147064 0.000000 0.990454 0.000000 -0.137845 1.005179 1.005179 1.005179
8326.496094 0.000000 503.116974 0.000000 0.113665 0.000000 -0.993519 1.025460 1.025460 1.025460
8333.421875 0.000000 503.906433 0.000000 0.998072 0.000000 -0.062072 1.002326 1.002326 1.002326
8337.767578 0.000000 493.285278 0.000000 0.998595 0.000000 -0.052991 1.001985 1.001985 1.001985
8327.852539 0.000000 546.778564 0.000000 0.772447 0.000000 -0.635079 1.025769 1.025769 1.025769
8326.648438 0.000000 520.628906 0.000000 0.999079 0.000000 0.042917 0.998821 0.998821 0.998821
8333.289062 0.000000 523.394714 0.000000 0.999908 0.000000 -0.013530 1.000912 1.000912 1.000912
8330.772461 0.000000 505.963715 0.000000 0.997687 0.000000 0.067976 0.997452 0.997452 0.997452
8320.208984 0.000000 493.798615 0.000000 0.954053 0.000000 -0.299637 1.011396 1.011396 1.011396
8332.586914 0.000000 528.587219 0.000000 0.903730 0.000000 -0.428103 1.016567 1.016567 1.016567
8346.150391 0.000000 538.845947 0.000000 0.707575 0.000000 -0.706638 1.037223 1.037223 1.037223
8342.184570 0.000000 543.967041 0.000000 0.787383 0.000000 -0.616465 1.049750 1.049750 1.049750
8329.771484 0.000000 532.250427 0.000000 0.170166 0.000000 -0.985415 1.052420 1.052420 1.052420
8330.422852 0.000000 521.709412 0.000000 0.761609 0.000000 -0.648037 1.028161 1.028161 1.028161
8337.253906 0.000000 547.436096 0.000000 0.999216 0.000000 0.039601 0.997033 0.997033 0.997033
8345.411133 0.000000 548.508606 0.000000 0.188282 0.000000 -0.982115 1.086217 1.086217 1.086217
8337.504883 0.000000 527.119873 0.000000 0.740535 0.000000 -0.672018 1.055194 1.055194 1.055194
8331.975586 0.000000 517.519531 0.000000 0.523749 0.000000 -0.851873 1.038180 1.038180 1.038180
8334.637695 0.000000 517.437439 0.000000 0.898149 0.000000 -0.439692 1.027278 1.027278 1.027278
8336.152344 0.000000 514.823303 0.000000 0.013600 0.000000 -0.999907 1.116629 1.116629 1.116629
8327.557617 0.000000 517.460693 0.000000 0.206579 0.000000 -0.978430 1.051031 1.051031 1.051031
8340.114258 0.000000 517.160522 0.000000 0.624971 0.000000 -0.780648 1.033543 1.033543 1.033543
8327.057617 0.000000 532.167725 0.000000 0.605471 0.000000 -0.795867 1.032171 1.032171 1.032171
8340.128906 0.000000 522.120361 0.000000 0.766875 0.000000 -0.641797 1.026095 1.026095 1.026095
8335.014648 0.000000 533.346497 0.000000 0.639321 0.000000 -0.768940 1.032849 1.032849 1.032849
8335.333008 0.000000 492.593781 0.000000 0.908132 0.000000 -0.418684 1.016177 1.016177 1.016177
8331.294922 0.000000 513.809753 0.000000 0.925943 0.000000 -0.377662 1.028038 1.028038 1.028038
8346.905273 0.000000 546.525879 0.000000 0.937298 0.000000 -0.348528 1.026663 1.026663 1.026663
8342.744141 0.000000 569.196533 0.000000 0.247740 0.000000 -0.968827 1.049448 1.049448 1.049448
8324.380859 0.000000 490.755524 0.000000 0.248245 0.000000 -0.968697 1.049429 1.049429 1.049429
8343.652344 0.000000 520.077820 0.000000 0.122968 0.000000 -0.992411 1.054207 1.054207 1.054207
8343.082031 0.000000 540.374268 0.000000 0.050977 0.000000 -0.998700 1.113827 1.113827 1.113827
8334.888672 0.000000 497.744049 0.000000 0.144669 0.000000 -0.989480 1.060505 1.060505 1.060505
8325.622070 0.000000 487.178986 0.000000 0.999079 0.000000 -0.042904 1.002143 1.002143 1.002143
8347.673828 0.000000 542.064331 0.000000 0.538782 0.000000 -0.842445 1.075032 1.075032 1.075032
8340.829102 0.000000 549.633362 0.000000 0.472487 0.000000 -0.881338 1.056553 1.056553 1.056553
8335.045898 0.000000 521.857788 0.000000 0.998992 0.000000 0.044888 0.997758 0.997758 0.997758
8339.327148 0.000000 546.932190 0.000000 0.897111 0.000000 -0.441806 1.039986 1.039986 1.039986
8336.508789 0.000000 549.874146 0.000000 0.215990 0.000000 -0.976396 1.074317 1.074317 1.074317
8321.891602 0.000000 487.893585 0.000000 0.501989 0.000000 -0.864874 1.078259 1.078259 1.078259
8343.369141 0.000000 548.465271 0.000000 0.827281 0.000000 -0.561789 1.040211 1.040211 1.040211
8337.093750 0.000000 545.497986 0.000000 0.778215 0.000000 -0.627998 1.050853 1.050853 1.050853
8340.871094 0.000000 545.479797 0.000000 0.787306 0.000000 -0.616563 1.059711 1.059711 1.059711
8320.140625 0.000000 482.233337 0.000000 0.934579 0.000000 -0.355755 1.027241 1.027241 1.027241
8343.052734 0.000000 542.290039 0.000000 0.027202 0.000000 -0.999630 1.115610 1.115610 1.115610
8332.960938 0.000000 512.939148 0.000000 0.996593 0.000000 -0.082479 1.006184 1.006184 1.006184
8342.663086 0.000000 545.876099 0.000000 0.992652 0.000000 -0.121000 1.009085 1.009085 1.009085
8344.099609 0.000000 544.055908 0.000000 0.885026 0.000000 -0.465542 1.036268 1.036268 1.036268
8334.293945 0.000000 524.863586 0.000000 0.771401 0.000000 -0.636349 1.051660 1.051660 1.051660
8340.288086 0.000000 591.896729 0.000000 0.683084 0.000000 -0.730340 1.030663 1.030663 1.030663
8344.664062 0.000000 586.546265 0.000000 0.712521 0.000000 -0.701651 1.023299 1.023299 1.023299
8334.566406 0.000000 581.382507 0.000000 0.942706 0.000000 -0.333626 1.025476 1.025476 1.025476
8348.223633 0.000000 575.949890 0.000000 0.509390 0.000000 -0.860536 1.015523 1.015523 1.015523
8341.133789 0.000000 588.131470 0.000000 0.102847 0.000000 -0.994697 1.054965 1.054965 1.054965
8341.878906 0.000000 576.255798 0.000000 0.095723 0.000000 -0.995408 1.099420 1.099420 1.099420
8337.767578 0.000000 589.269714 0.000000 0.849148 0.000000 -0.528155 1.026394 1.026394 1.026394
8337.054688 0.000000 579.299255 0.000000 0.507701 0.000000 -0.861533 1.054435 1.054435 1.054435
8346.736328 0.000000 580.871582 0.000000 0.399632 0.000000 -0.916676 1.075275 1.075275 1.075275
8339.409180 0.000000 577.595032 0.000000 0.999700 0.000000 -0.024497 1.001407 1.001407 1.001407
8335.333008 0.000000 588.578186 0.000000 0.407001 0.000000 -0.913428 1.054627 1.054627 1.054627
8344.560547 0.000000 576.077454 0.000000 0.298901 0.000000 -0.954284 1.094913 1.094913 1.094913
8343.358398 0.000000 584.562134 0.000000 0.286942 0.000000 -0.957948 1.095850 1.095850 1.095850
8342.544922 0.000000 586.515259 0.000000 0.867303 0.000000 -0.497781 1.027317 1.027317 1.027317
8345.899414 0.000000 582.553467 0.000000 0.114398 0.000000 -0.993435 1.109060 1.109060 1.109060
8333.154297 0.000000 582.772095 0.000000 0.971540 0.000000 -0.236875 1.017911 1.017911 1.017911
8337.978516 0.000000 580.983093 0.000000 0.647455 0.000000 -0.762104 1.064902 1.064902 1.064902
8338.823242 0.000000 579.271057 0.000000 0.382272 0.000000 -0.924050 1.088269 1.088269 1.088269
8336.231445 0.000000 580.940857 0.000000 0.222361 0.000000 -0.974964 1.100853 1.100853 1.100853
8337.419922 0.000000 587.501953 0.000000 0.555941 0.000000 -0.831221 1.073496 1.073496 1.073496
8336.693359 0.000000 584.449036 0.000000 0.971742 0.000000 -0.236047 1.017848 1.017848 1.017848
8339.105469 0.000000 584.741211 0.000000 0.195445 0.000000 -0.980715 1.102914 1.102914 1.102914
8404.055664 0.000000 473.289551 0.000000 0.128691 0.000000 -0.991685 1.017997 1.017997 1.017997
8379.215820 0.000000 461.931580 0.000000 0.296179 0.000000 -0.955132 1.025367 1.025367 1.025367
8358.062500 0.000000 457.152679 0.000000 0.636999 0.000000 -0.770865 1.032962 1.032962 1.032962
8383.927734 0.000000 471.974579 0.000000 0.880735 0.000000 -0.473609 1.013549 1.013549 1.013549
8351.960938 0.000000 458.012573 0.000000 0.748139 0.000000 -0.663542 1.018113 1.018113 1.018113
8379.044922 0.000000 468.151001 0.000000 0.634858 0.000000 -0.772629 1.033066 1.033066 1.033066
8404.044922 0.000000 478.579010 0.000000 0.795818 0.000000 -0.605536 1.024358 1.024358 1.024358
8357.480469 0.000000 439.666656 0.000000 0.365690 0.000000 -0.930737 1.038830 1.038830 1.038830
8359.898438 0.000000 435.287170 0.000000 0.723749 0.000000 -0.690063 1.028520 1.028520 1.028520
8395.682617 0.000000 474.864319 0.000000 0.038545 0.000000 -0.999257 1.057380 1.057380 1.057380
8381.623047 0.000000 465.044250 0.000000 0.427278 0.000000 -0.904120 1.019736 1.019736 1.019736
8401.766602 0.000000 475.828674 0.000000 0.997280 0.000000 0.073702 0.997238 0.997238 0.997238
8381.876953 0.000000 474.285095 0.000000 0.095422 0.000000 -0.995437 1.055245 1.055245 1.055245
8376.367188 0.000000 469.816223 0.000000 0.754471 0.000000 -0.656333 1.026811 1.026811 1.026811
8366.258789 0.000000 453.490540 0.000000 0.812352 0.000000 -0.583167 1.020207 1.020207 1.020207
8377.685547 0.000000 478.711639 0.000000 0.715555 0.000000 -0.698556 1.028962 1.028962 1.028962
8360.099609 0.000000 450.888062 0.000000 0.031368 0.000000 -0.999508 1.053805 1.053805 1.053805
8377.416992 0.000000 473.999390 0.000000 0.642870 0.000000 -0.765975 1.032676 1.032676 1.032676
8364.653320 0.000000 439.243561 0.000000 0.060691 0.000000 -0.998157 1.056549 1.056549 1.056549
8365.159180 0.000000 455.932312 0.000000 0.995223 0.000000 -0.097631 1.003662 1.003662 1.003662
8357.433594 0.000000 436.976013 0.000000 0.590657 0.000000 -0.806923 1.035161 1.035161 1.035161
8360.152344 0.000000 441.104126 0.000000 0.844186 0.000000 -0.536050 1.021186 1.021186 1.021186
8370.809570 0.000000 461.093811 0.000000 0.992816 0.000000 -0.119652 1.007186 1.007186 1.007186
8376.266602 0.000000 467.148254 0.000000 0.999882 0.000000 -0.015335 1.000574 1.000574 1.000574
8401.538086 0.000000 479.074493 0.000000 0.206613 0.000000 -0.978423 1.051030 1.051030 1.051030
8366.063477 0.000000 462.600586 0.000000 0.361251 0.000000 -0.932469 1.041983 1.041983 1.041983
8381.824219 0.000000 479.032288 0.000000 0.108349 0.000000 -0.994113 1.054758 1.054758 1.054758
8373.360352 0.000000 465.708252 0.000000 0.420372 0.000000 -0.907352 1.042576 1.042576 1.042576
8359.583984 0.000000 438.170776 0.000000 0.563935 0.000000 -0.825819 1.036387 1.036387 1.036387
8360.412109 0.000000 455.907379 0.000000 0.990898 0.000000 -0.134618 1.005057 1.005057 1.005057
8396.631836 0.000000 476.992859 0.000000 0.974862 0.000000 -0.222811 1.012902 1.012902 1.012902
8397.161133 0.000000 478.905823 0.000000 0.878686 0.000000 -0.477400 1.028578 1.028578 1.028578
8487.562500 0.000000 475.626373 0.000000 0.092430 0.000000 -0.995719 1.110714 1.110714 1.110714
8493.037109 0.000000 471.202606 0.000000 0.998281 0.000000 0.058607 0.995315 0.995315 0.995315
8493.008789 0.000000 477.287079 0.000000 0.986297 0.000000 -0.164979 1.001655 1.001655 1.001655
8485.307617 0.000000 465.548889 0.000000 0.200913 0.000000 -0.979609 1.051248 1.051248 1.051248
8493.433594 0.000000 466.206421 0.000000 0.498583 0.000000 -0.866842 1.096883 1.096883 1.096883
8490.077148 0.000000 469.773407 0.000000 0.028624 0.000000 -0.999590 1.173254 1.173254 1.173254
8490.458984 0.000000 475.529297 0.000000 0.981602 0.000000 -0.190939 1.011511 1.011511 1.011511
8492.412109 0.000000 468.660339 0.000000 0.987169 0.000000 -0.159680 1.016415 1.016415 1.016415
8482.164062 0.000000 474.916382 0.000000 0.974771 0.000000 -0.223208 1.012926 1.012926 1.012926
8491.550781 0.000000 466.881348 0.000000 0.911539 0.000000 -0.411215 1.043378 1.043378 1.043378
8488.472656 0.000000 471.143066 0.000000 0.458662 0.000000 -0.888611 1.122940 1.122940 1.122940
8494.315430 0.000000 468.012085 0.000000 0.702988 0.000000 -0.711202 1.059259 1.059259 1.059259
8488.629883 0.000000 468.500366 0.000000 0.997679 0.000000 -0.068093 1.007656 1.007656 1.007656
8494.390625 0.000000 472.493591 0.000000 0.087932 0.000000 -0.996126 1.111053 1.111053 1.111053
8485.243164 0.000000 472.104156 0.000000 0.722506 0.000000 -0.691364 1.057174 1.057174 1.057174
8482.883789 0.000000 472.974823 0.000000 0.893980 0.000000 -0.448107 1.034800 1.034800 1.034800
8490.462891 0.000000 468.164856 0.000000 0.965584 0.000000 -0.260090 1.029560 1.029560 1.029560
8493.925781 0.000000 469.593048 0.000000 0.999929 0.000000 -0.011948 1.001223 1.001223 1.001223
8486.095703 0.000000 469.162292 0.000000 0.751303 0.000000 -0.659957 1.075575 1.075575 1.075575
8391.796875 0.000000 524.740845 0.000000 0.999448 0.000000 -0.033216 1.002488 1.002488 1.002488
8398.245117 0.000000 539.337280 0.000000 0.998376 0.000000 -0.056972 1.001138 1.001138 1.001138
8352.783203 0.000000 571.334595 0.000000 0.709551 0.000000 -0.704654 1.001952 1.001952 1.001952
8402.061523 0.000000 524.647217 0.000000 0.318448 0.000000 -0.947940 1.043574 1.043574 1.043574
8415.570312 0.000000 571.610718 0.000000 0.766687 0.000000 -0.642021 1.005221 1.005221 1.005221
8392.421875 0.000000 480.327606 0.000000 0.999719 0.000000 -0.023716 1.000888 1.000888 1.000888
8396.750000 0.000000 531.111267 0.000000 0.999850 0.000000 0.017336 0.998918 0.998918 0.998918
8418.464844 0.000000 504.184387 0.000000 0.974738 0.000000 -0.223353 1.008435 1.008435 1.008435
8383.748047 0.000000 508.030151 0.000000 0.300505 0.000000 -0.953780 1.047394 1.047394 1.047394
8413.845703 0.000000 515.267944 0.000000 0.994940 0.000000 -0.100474 1.000502 1.000502 1.000502
8384.940430 0.000000 486.732513 0.000000 0.994231 0.000000 -0.107257 1.004024 1.004024 1.004024
8373.895508 0.000000 508.658081 0.000000 0.915691 0.000000 -0.401884 1.014455 1.014455 1.014455
8363.711914 0.000000 557.425232 0.000000 0.992953 0.000000 -0.118511 1.004449 1.004449 1.004449
8412.879883 0.000000 502.362854 0.000000 0.588779 0.000000 -0.808294 1.009400 1.009400 1.009400
8406.837891 0.000000 526.474976 0.000000 0.614874 0.000000 -0.788625 1.024951 1.024951 1.024951
8391.420898 0.000000 530.087341 0.000000 0.805095 0.000000 -0.593145 1.023778 1.023778 1.023778
8401.687500 0.000000 518.948425 0.000000 0.678695 0.000000 -0.734420 1.030888 1.030888 1.030888
8390.226562 0.000000 485.687103 0.000000 0.095544 0.000000 -0.995425 1.055240 1.055240 1.055240
8415.444336 0.000000 550.514587 0.000000 0.555817 0.000000 -0.831305 1.036754 1.036754 1.036754
8420.027344 0.000000 558.668701 0.000000 0.296575 0.000000 -0.955010 1.047548 1.047548 1.047548
8397.399414 0.000000 480.406952 0.000000 0.969840 0.000000 -0.243741 1.014138 1.014138 1.014138
8420.187500 0.000000 548.694458 0.000000 0.468470 0.000000 -0.883479 1.032452 1.032452 1.032452
8366.413086 0.000000 561.077209 0.000000 0.265200 0.000000 -0.964194 1.048772 1.048772 1.048772
8352.650391 0.000000 549.608582 0.000000 0.872123 0.000000 -0.489287 1.019146 1.019146 1.019146
8413.303711 0.000000 519.601807 0.000000 0.071246 0.000000 -0.997459 1.018718 1.018718 1.018718
8405.858398 0.000000 519.995422 0.000000 0.872681 0.000000 -0.488290 1.019103 1.019103 1.019103
8394.867188 0.000000 527.442993 0.000000 0.161873 0.000000 -0.986812 1.105470 1.105470 1.105470
8393.916992 0.000000 521.203735 0.000000 0.784625 0.000000 -0.619971 1.050084 1.050084 1.050084
8359.207031 0.000000 562.927368 0.000000 0.999740 0.000000 -0.022789 1.000853 1.000853 1.000853
8421.409180 0.000000 507.186584 0.000000 0.855820 0.000000 -0.517274 1.029860 1.029860 1.029860
8412.691406 0.000000 553.059937 0.000000 0.997776 0.000000 -0.066656 1.001166 1.001166 1.001166
8386.281250 0.000000 510.753296 0.000000 0.292246 0.000000 -0.956343 1.025449 1.025449 1.025449
8398.613281 0.000000 526.948059 0.000000 0.340794 0.000000 -0.940138 1.079388 1.079388 1.079388
8383.731445 0.000000 483.301514 0.000000 0.627988 0.000000 -0.778223 1.044530 1.044530 1.044530
8387.562500 0.000000 489.177582 0.000000 0.039046 0.000000 -0.999237 1.057361 1.057361 1.057361
8362.313477 0.000000 560.690247 0.000000 0.583272 0.000000 -0.812277 1.035503 1.035503 1.035503
8354.103516 0.000000 574.581055 0.000000 0.145656 0.000000 -0.989335 1.088916 1.088916 1.088916
8393.538086 0.000000 483.509247 0.000000 0.834846 0.000000 -0.550483 1.021830 1.021830 1.021830
8359.408203 0.000000 556.211426 0.000000 0.829382 0.000000 -0.558682 1.042918 1.042918 1.042918
8400.962891 0.000000 480.018097 0.000000 0.121147 0.000000 -0.992635 1.054276 1.054276 1.054276
8365.467773 0.000000 554.642639 0.000000 0.752775 0.000000 -0.658278 1.019732 1.019732 1.019732
8416.340820 0.000000 559.591187 0.000000 0.914801 0.000000 -0.403905 1.015570 1.015570 1.015570
8418.067383 0.000000 507.412781 0.000000 0.683158 0.000000 -0.730270 1.051099 1.051099 1.051099
8366.108398 0.000000 564.978577 0.000000 0.977864 0.000000 -0.209244 1.008947 1.008947 1.008947
8368.608398 0.000000 569.635620 0.000000 0.508382 0.000000 -0.861132 1.067344 1.067344 1.067344
8399.836914 0.000000 486.531860 0.000000 0.037802 0.000000 -0.999285 1.045926 1.045926 1.045926
8390.291992 0.000000 482.572052 0.000000 0.881242 0.000000 -0.472665 1.018436 1.018436 1.018436
8418.142578 0.000000 538.845947 0.000000 0.121453 0.000000 -0.992597 1.054264 1.054264 1.054264
8380.535156 0.000000 483.037506 0.000000 0.833017 0.000000 -0.553247 1.021954 1.021954 1.021954
8383.071289 0.000000 510.928223 0.000000 0.379354 0.000000 -0.925251 1.044253 1.044253 1.044253
8390.118164 0.000000 527.381104 0.000000 0.485141 0.000000 -0.874436 1.074396 1.074396 1.074396
8414.176758 0.000000 543.967041 0.000000 0.997069 0.000000 -0.076504 1.002868 1.002868 1.002868
8376.082031 0.000000 506.638702 0.000000 0.130414 0.000000 -0.991460 1.053926 1.053926 1.053926
8418.466797 0.000000 571.513672 0.000000 0.780992 0.000000 -0.624541 1.025260 1.025260 1.025260
8421.646484 0.000000 514.042175 0.000000 0.999971 0.000000 -0.007560 1.000396 1.000396 1.000396
8387.433594 0.000000 484.908325 0.000000 0.495714 0.000000 -0.868486 1.039401 1.039401 1.039401
8402.415039 0.000000 521.709412 0.000000 0.152955 0.000000 -0.988233 1.053073 1.053073 1.053073
8400.618164 0.000000 537.468079 0.000000 0.998630 0.000000 0.052318 0.998040 0.998040 0.998040
8394.782227 0.000000 533.199463 0.000000 0.466553 0.000000 -0.884493 1.040647 1.040647 1.040647
8422.843750 0.000000 535.882385 0.000000 0.999105 0.000000 0.042293 0.998733 0.998733 0.998733
8356.112305 0.000000 555.205750 0.000000 0.732768 0.000000 -0.680479 1.039238 1.039238 1.039238
8401.776367 0.000000 540.190552 0.000000 0.774027 0.000000 -0.633153 1.025675 1.025675 1.025675
8417.403320 0.000000 548.508606 0.000000 0.672448 0.000000 -0.740144 1.031205 1.031205 1.031205
8403.551758 0.000000 485.805420 0.000000 0.885276 0.000000 -0.465066 1.018114 1.018114 1.018114
8409.497070 0.000000 527.119873 0.000000 0.114163 0.000000 -0.993462 1.054539 1.054539 1.054539
8358.137695 0.000000 568.334351 0.000000 0.544752 0.000000 -0.838597 1.037250 1.037250 1.037250
8399.650391 0.000000 523.162292 0.000000 0.753013 0.000000 -0.658005 1.053788 1.053788 1.053788
8415.437500 0.000000 503.264130 0.000000 0.191099 0.000000 -0.981571 1.051623 1.051623 1.051623
8360.522461 0.000000 572.828369 0.000000 0.238623 0.000000 -0.971112 1.092961 1.092961 1.092961
8380.973633 0.000000 509.212921 0.000000 0.971260 0.000000 -0.238020 1.009000 1.009000 1.009000
8418.617188 0.000000 550.845947 0.000000 0.807821 0.000000 -0.589428 1.023605 1.023605 1.023605
8356.765625 0.000000 550.326904 0.000000 0.355484 0.000000 -0.934682 1.045214 1.045214 1.045214
8407.838867 0.000000 523.991577 0.000000 0.999505 0.000000 0.031477 0.998821 0.998821 0.998821
8360.525391 0.000000 558.628601 0.000000 0.387420 0.000000 -0.921904 1.043926 1.043926 1.043926
8394.322266 0.000000 523.811035 0.000000 0.762501 0.000000 -0.646987 1.052699 1.052699 1.052699
8406.136719 0.000000 539.247070 0.000000 0.399482 0.000000 -0.916741 1.043434 1.043434 1.043434
8382.443359 0.000000 485.577515 0.000000 0.827363 0.000000 -0.561668 1.022334 1.022334 1.022334
8404.333008 0.000000 550.116699 0.000000 0.623851 0.000000 -0.781543 1.033596 1.033596 1.033596
8399.549805 0.000000 517.460693 0.000000 0.576434 0.000000 -0.817144 1.045368 1.045368 1.045368
8362.525391 0.000000 567.190735 0.000000 0.999981 0.000000 -0.006209 1.000682 1.000682 1.000682
8366.063477 0.000000 558.584961 0.000000 0.830127 0.000000 -0.557575 1.022149 1.022149 1.022149
8395.005859 0.000000 481.388306 0.000000 0.999997 0.000000 -0.002250 1.000084 1.000084 1.000084
8412.121094 0.000000 522.120361 0.000000 0.094685 0.000000 -0.995507 1.055272 1.055272 1.055272
8415.358398 0.000000 512.463806 0.000000 0.997908 0.000000 0.064652 0.997577 0.997577 0.997577
8422.938477 0.000000 538.405151 0.000000 0.662476 0.000000 -0.749083 1.031707 1.031707 1.031707
8407.006836 0.000000 533.346497 0.000000 0.436217 0.000000 -0.899842 1.041920 1.041920 1.041920
8357.079102 0.000000 574.982605 0.000000 0.999998 0.000000 -0.002051 1.000128 1.000128 1.000128
8399.250000 0.000000 482.066132 0.000000 0.994133 0.000000 -0.108163 1.004870 1.004870 1.004870
8398.639648 0.000000 529.559875 0.000000 0.828597 0.000000 -0.559846 1.025219 1.025219 1.025219
8403.273438 0.000000 543.492493 0.000000 0.919127 0.000000 -0.393962 1.015164 1.015164 1.015164
8406.766602 0.000000 551.076782 0.000000 0.541131 0.000000 -0.840938 1.037411 1.037411 1.037411
8366.290039 0.000000 575.005554 0.000000 0.662841 0.000000 -0.748760 1.046476 1.046476 1.046476
8363.136719 0.000000 569.494263 0.000000 0.845231 0.000000 -0.534401 1.042227 1.042227 1.042227
8367.282227 0.000000 567.758972 0.000000 0.970200 0.000000 -0.242306 1.017719 1.017719 1.017719
8395.818359 0.000000 525.499695 0.000000 0.957320 0.000000 -0.289031 1.021961 1.021961 1.021961
8418.792969 0.000000 511.753632 0.000000 0.973008 0.000000 -0.230770 1.016860 1.016860 1.016860
8392.083984 0.000000 520.154907 0.000000 0.965619 0.000000 -0.259960 1.019696 1.019696 1.019696
8364.202148 0.000000 565.902222 0.000000 0.135480 0.000000 -0.990780 1.089557 1.089557 1.089557
8393.544922 0.000000 525.869995 0.000000 0.490938 0.000000 -0.871195 1.079213 1.079213 1.079213
8359.700195 0.000000 554.251221 0.000000 0.639547 0.000000 -0.768752 1.061297 1.061297 1.061297
8392.514648 0.000000 531.663818 0.000000 0.921912 0.000000 -0.387399 1.023836 1.023836 1.023836
8369.825195 0.000000 568.099243 0.000000 0.942537 0.000000 -0.334102 1.022112 1.022112 1.022112
8422.316406 0.000000 512.365906 0.000000 0.009528 0.000000 -0.999955 1.116933 1.116933 1.116933
8397.626953 0.000000 525.447144 0.000000 0.994241 0.000000 -0.107171 1.008042 1.008042 1.008042
8358.881836 0.000000 557.913086 0.000000 0.264619 0.000000 -0.964353 1.094336 1.094336 1.094336
8420.171875 0.000000 512.858643 0.000000 0.789771 0.000000 -0.613402 1.049459 1.049459 1.049459
8396.857422 0.000000 527.095642 0.000000 0.959533 0.000000 -0.281597 1.021380 1.021380 1.021380
8390.670898 0.000000 523.338684 0.000000 0.292771 0.000000 -0.956183 1.095394 1.095394 1.095394
8367.472656 0.000000 573.793640 0.000000 0.999317 0.000000 0.036952 0.997324 0.997324 0.997324
8423.137695 0.000000 560.102661 0.000000 0.643688 0.000000 -0.765288 1.032636 1.032636 1.032636
8476.047852 0.000000 569.273926 0.000000 0.524179 0.000000 -0.851608 1.020353 1.020353 1.020353
8449.550781 0.000000 534.133240 0.000000 0.529782 0.000000 -0.848134 1.030332 1.030332 1.030332
8451.208008 0.000000 557.915955 0.000000 0.985742 0.000000 -0.168266 1.002955 1.002955 1.002955
8424.775391 0.000000 571.334595 0.000000 0.823943 0.000000 -0.566672 1.022561 1.022561 1.022561
8455.919922 0.000000 567.958923 0.000000 0.264044 0.000000 -0.964511 1.087870 1.087870 1.087870
8425.052734 0.000000 536.992981 0.000000 0.378392 0.000000 -0.925645 1.044291 1.044291 1.044291
8462.460938 0.000000 553.898010 0.000000 0.429570 0.000000 -0.903033 1.042196 1.042196 1.042196
8431.709961 0.000000 520.593323 0.000000 0.827746 0.000000 -0.561102 1.008923 1.008923 1.008923
8423.953125 0.000000 553.996948 0.000000 0.332505 0.000000 -0.943102 1.046130 1.046130 1.046130
8451.037109 0.000000 564.135376 0.000000 0.027796 0.000000 -0.999614 1.019261 1.019261 1.019261
8459.004883 0.000000 575.399048 0.000000 0.826711 0.000000 -0.562627 1.023869 1.023869 1.023869
8463.817383 0.000000 548.515869 0.000000 0.875144 0.000000 -0.483863 1.018914 1.018914 1.018914
8476.037109 0.000000 574.563416 0.000000 0.762603 0.000000 -0.646867 1.008781 1.008781 1.008781
8460.624023 0.000000 566.234619 0.000000 0.236026 0.000000 -0.971747 1.063207 1.063207 1.063207
8423.169922 0.000000 565.912720 0.000000 0.124480 0.000000 -0.992222 1.014440 1.014440 1.014440
8427.079102 0.000000 509.066071 0.000000 0.019618 0.000000 -0.999808 1.058089 1.058089 1.058089
8459.417969 0.000000 570.859009 0.000000 0.636632 0.000000 -0.771168 1.032980 1.032980 1.032980
8464.336914 0.000000 557.955078 0.000000 0.857505 0.000000 -0.514476 1.010793 1.010793 1.010793
8428.794922 0.000000 572.266602 0.000000 0.387969 0.000000 -0.921672 1.043903 1.043903 1.043903
8450.882812 0.000000 538.008728 0.000000 0.988758 0.000000 -0.149524 1.007119 1.007119 1.007119
8433.201172 0.000000 515.959412 0.000000 0.719569 0.000000 -0.694421 1.022997 1.022997 1.022997
8431.218750 0.000000 511.119690 0.000000 0.987574 0.000000 -0.157153 1.002758 1.002758 1.002758
8488.125977 0.000000 494.146912 0.000000 0.269392 0.000000 -0.963031 1.042128 1.042128 1.042128
8460.451172 0.000000 549.674988 0.000000 0.656327 0.000000 -0.754477 1.032013 1.032013 1.032013
8473.758789 0.000000 571.813049 0.000000 0.999725 0.000000 0.023446 0.999122 0.999122 0.999122
8461.159180 0.000000 557.141968 0.000000 0.559972 0.000000 -0.828511 1.063381 1.063381 1.063381
8454.120117 0.000000 565.152039 0.000000 0.319894 0.000000 -0.947453 1.046630 1.046630 1.046630
8446.015625 0.000000 541.726013 0.000000 0.813901 0.000000 -0.581004 1.052624 1.052624 1.052624
8449.276367 0.000000 546.256226 0.000000 0.827870 0.000000 -0.560920 1.047574 1.047574 1.047574
8446.759766 0.000000 551.982178 0.000000 0.048273 0.000000 -0.998834 1.068418 1.068418 1.068418
8491.801758 0.000000 490.869781 0.000000 0.875166 0.000000 -0.483823 1.025216 1.025216 1.025216
8438.250977 0.000000 549.474915 0.000000 0.875909 0.000000 -0.482477 1.021368 1.021368 1.021368
8440.592773 0.000000 540.204651 0.000000 0.965313 0.000000 -0.261095 1.018465 1.018465 1.018465
8439.988281 0.000000 543.649963 0.000000 0.145317 0.000000 -0.989385 1.085380 1.085380 1.085380
8458.764648 0.000000 555.158081 0.000000 0.986390 0.000000 -0.164421 1.017319 1.017319 1.017319
8454.696289 0.000000 549.823730 0.000000 0.342890 0.000000 -0.939375 1.079243 1.079243 1.079243
8464.203125 0.000000 551.652466 0.000000 0.193094 0.000000 -0.981180 1.051547 1.051547 1.051547
8430.630859 0.000000 517.196106 0.000000 0.563525 0.000000 -0.826099 1.036405 1.036405 1.036405
8427.402344 0.000000 538.788330 0.000000 0.756961 0.000000 -0.653460 1.023113 1.023113 1.023113
8490.720703 0.000000 484.887146 0.000000 0.486327 0.000000 -0.873777 1.053072 1.053072 1.053072
8448.855469 0.000000 540.151123 0.000000 0.132540 0.000000 -0.991178 1.107691 1.107691 1.107691
8455.521484 0.000000 545.532593 0.000000 0.984647 0.000000 -0.174557 1.011389 1.011389 1.011389
8423.229492 0.000000 573.796814 0.000000 0.668331 0.000000 -0.743864 1.031413 1.031413 1.031413
8463.388672 0.000000 565.516541 0.000000 0.909481 0.000000 -0.415747 1.013916 1.013916 1.013916
8454.814453 0.000000 542.991028 0.000000 0.999114 0.000000 0.042096 0.998003 0.998003 0.998003
8425.794922 0.000000 541.813660 0.000000 0.557817 0.000000 -0.829964 1.036663 1.036663 1.036663
8490.916016 0.000000 493.915192 0.000000 0.991022 0.000000 -0.133699 1.005357 1.005357 1.005357
8456.155273 0.000000 553.871460 0.000000 0.021118 0.000000 -0.999777 1.174098 1.174098 1.174098
8464.791016 0.000000 555.413330 0.000000 0.997970 0.000000 0.063687 0.997613 0.997613 0.997613
8423.674805 0.000000 557.538696 0.000000 0.066576 0.000000 -0.997781 1.056329 1.056329 1.056329
8473.530273 0.000000 575.058899 0.000000 0.613782 0.000000 -0.789475 1.034076 1.034076 1.034076
8429.071289 0.000000 574.982605 0.000000 0.812146 0.000000 -0.583454 1.023329 1.023329 1.023329
8444.348633 0.000000 552.557678 0.000000 0.469951 0.000000 -0.882693 1.040503 1.040503 1.040503
8445.742188 0.000000 548.296387 0.000000 0.836961 0.000000 -0.547262 1.036143 1.036143 1.036143
8460.753906 0.000000 552.090881 0.000000 0.645999 0.000000 -0.763338 1.045531 1.045531 1.045531
8423.295898 0.000000 516.060608 0.000000 0.880530 0.000000 -0.473990 1.028355 1.028355 1.028355
8473.934570 0.000000 568.198975 0.000000 0.982668 0.000000 -0.185372 1.006982 1.006982 1.006982
8423.111328 0.000000 538.512146 0.000000 0.999210 0.000000 0.039735 0.998512 0.998512 0.998512
8453.564453 0.000000 558.442139 0.000000 0.911745 0.000000 -0.410756 1.015851 1.015851 1.015851
8458.464844 0.000000 573.099548 0.000000 0.961596 0.000000 -0.274470 1.011800 1.011800 1.011800
8425.290039 0.000000 510.610504 0.000000 0.959020 0.000000 -0.283338 1.020799 1.020799 1.020799
8456.938477 0.000000 550.261230 0.000000 0.727942 0.000000 -0.685639 1.084874 1.084874 1.084874
8446.655273 0.000000 543.881226 0.000000 0.993606 0.000000 -0.112905 1.014124 1.014124 1.014124
8444.369141 0.000000 543.818970 0.000000 0.997791 0.000000 -0.066424 1.008795 1.008795 1.008795
8456.766602 0.000000 574.700134 0.000000 0.005247 0.000000 -0.999986 1.074261 1.074261 1.074261
8493.946289 0.000000 491.316589 0.000000 0.091866 0.000000 -0.995771 1.110757 1.110757 1.110757
8425.245117 0.000000 518.003845 0.000000 0.987194 0.000000 -0.159523 1.007999 1.007999 1.007999
8444.383789 0.000000 540.312805 0.000000 0.980089 0.000000 -0.198558 1.025949 1.025949 1.025949
8456.805664 0.000000 556.142517 0.000000 0.806725 0.000000 -0.590927 1.050507 1.050507 1.050507
8451.008789 0.000000 547.385132 0.000000 0.273943 0.000000 -0.961746 1.093635 1.093635 1.093635
8427.059570 0.000000 514.324158 0.000000 0.068788 0.000000 -0.997631 1.108741 1.108741 1.108741
8490.288086 0.000000 489.488037 0.000000 0.985056 0.000000 -0.172236 1.010804 1.010804 1.010804
8455.638672 0.000000 551.952393 0.000000 0.976733 0.000000 -0.214458 1.022123 1.022123 1.022123
8460.861328 0.000000 555.007019 0.000000 0.432541 0.000000 -0.901614 1.067316 1.067316 1.067316
8456.144531 0.000000 564.787537 0.000000 0.858450 0.000000 -0.512898 1.034958 1.034958 1.034958
8492.747070 0.000000 489.042084 0.000000 0.776882 0.000000 -0.629646 1.051012 1.051012 1.051012
8453.618164 0.000000 554.440796 0.000000 0.938552 0.000000 -0.345139 1.026393 1.026393 1.026393
8438.108398 0.000000 545.638916 0.000000 0.969582 0.000000 -0.244765 1.017903 1.017903 1.017903
8453.006836 0.000000 550.858154 0.000000 0.374098 0.000000 -0.927389 1.077073 1.077073 1.077073
8448.471680 0.000000 538.177185 0.000000 0.464416 0.000000 -0.885617 1.070611 1.070611 1.070611
8494.307617 0.000000 495.137512 0.000000 0.317481 0.000000 -0.948265 1.093450 1.093450 1.093450
8425.319336 0.000000 514.038025 0.000000 0.865871 0.000000 -0.500268 1.039239 1.039239 1.039239
8444.957031 0.000000 538.675781 0.000000 0.995343 0.000000 -0.096393 1.007954 1.007954 1.007954
8449.304688 0.000000 547.943481 0.000000 0.669781 0.000000 -0.742558 1.066858 1.066858 1.066858
8447.960938 0.000000 541.596008 0.000000 0.759818 0.000000 -0.650136 1.060077 1.060077 1.060077
8452.168945 0.000000 553.499573 0.000000 0.392444 0.000000 -0.919776 1.087442 1.087442 1.087442
8459.412109 0.000000 550.999817 0.000000 0.484182 0.000000 -0.874967 1.101070 1.101070 1.101070
8495.018555 0.000000 486.519348 0.000000 0.998635 0.000000 -0.052241 1.004567 1.004567 1.004567
8443.914062 0.000000 545.980835 0.000000 0.627597 0.000000 -0.778539 1.100249 1.100249 1.100249
8457.850586 0.000000 553.862061 0.000000 0.627039 0.000000 -0.778988 1.100329 1.100329 1.100329
8444.870117 0.000000 547.102661 0.000000 0.503752 0.000000 -0.863848 1.114556 1.114556 1.114556
8444.223633 0.000000 541.738708 0.000000 0.938744 0.000000 -0.344616 1.045675 1.045675 1.045675
8445.451172 0.000000 542.985962 0.000000 0.138343 0.000000 -0.990384 1.189479 1.189479 1.189479
8447.053711 0.000000 542.564636 0.000000 0.672250 0.000000 -0.740324 1.104050 1.104050 1.104050
8518.665039 0.000000 472.514160 0.000000 0.999303 0.000000 -0.037339 1.001399 1.001399 1.001399
8496.767578 0.000000 475.350189 0.000000 0.818214 0.000000 -0.574914 1.044345 1.044345 1.044345
8503.601562 0.000000 479.376007 0.000000 0.635026 0.000000 -0.772491 1.033058 1.033058 1.033058
8499.927734 0.000000 469.199951 0.000000 0.588967 0.000000 -0.808157 1.070479 1.070479 1.070479
8517.732422 0.000000 479.893890 0.000000 0.026641 0.000000 -0.999645 1.061681 1.061681 1.061681
8523.978516 0.000000 476.762482 0.000000 0.062402 0.000000 -0.998051 1.112970 1.112970 1.112970
8513.129883 0.000000 470.324097 0.000000 0.819295 0.000000 -0.573373 1.022866 1.022866 1.022866
8504.606445 0.000000 473.602295 0.000000 0.019719 0.000000 -0.999806 1.116170 1.116170 1.116170
8495.162109 0.000000 469.928314 0.000000 0.192341 0.000000 -0.981328 1.103151 1.103151 1.103151
8515.332031 0.000000 475.899292 0.000000 0.222212 0.000000 -0.974998 1.050432 1.050432 1.050432
8500.787109 0.000000 476.282257 0.000000 0.693132 0.000000 -0.720810 1.034164 1.034164 1.034164
8503.191406 0.000000 466.942963 0.000000 0.318234 0.000000 -0.948012 1.040469 1.040469 1.040469
8513.096680 0.000000 478.612640 0.000000 0.945396 0.000000 -0.325924 1.012432 1.012432 1.012432
8504.012695 0.000000 470.358826 0.000000 0.081895 0.000000 -0.996641 1.111506 1.111506 1.111506
8510.092773 0.000000 468.994232 0.000000 0.137802 0.000000 -0.990460 1.046494 1.046494 1.046494
8512.592773 0.000000 473.651245 0.000000 0.439219 0.000000 -0.898380 1.041795 1.041795 1.041795
8515.744141 0.000000 471.960571 0.000000 0.998502 0.000000 -0.054720 1.002050 1.002050 1.002050
8521.669922 0.000000 478.711639 0.000000 0.440058 0.000000 -0.897969 1.083519 1.083519 1.083519
8496.101562 0.000000 467.051727 0.000000 0.408647 0.000000 -0.912692 1.074635 1.074635 1.074635
8496.456055 0.000000 472.465607 0.000000 0.766551 0.000000 -0.642183 1.052229 1.052229 1.052229
8521.401367 0.000000 473.999390 0.000000 0.841377 0.000000 -0.540449 1.015680 1.015680 1.015680
8504.506836 0.000000 476.843964 0.000000 0.840485 0.000000 -0.541835 1.028591 1.028591 1.028591
8506.509766 0.000000 471.206360 0.000000 0.972934 0.000000 -0.231082 1.013972 1.013972 1.013972
8517.525391 0.000000 477.297302 0.000000 0.452651 0.000000 -0.891688 1.041233 1.041233 1.041233
8525.808594 0.000000 479.032288 0.000000 0.867526 0.000000 -0.497392 1.038990 1.038990 1.038990
8515.557617 0.000000 478.753662 0.000000 0.509075 0.000000 -0.860722 1.038822 1.038822 1.038822
8517.700195 0.000000 474.742554 0.000000 0.556208 0.000000 -0.831043 1.036736 1.036736 1.036736
8519.504883 0.000000 478.542114 0.000000 0.126229 0.000000 -0.992001 1.108168 1.108168 1.108168
8495.111328 0.000000 474.056824 0.000000 0.985333 0.000000 -0.170644 1.012415 1.012415 1.012415
8499.676758 0.000000 467.197754 0.000000 0.999869 0.000000 0.016207 0.999069 0.999069 0.999069
8500.224609 0.000000 471.163361 0.000000 0.994689 0.000000 -0.102927 1.007722 1.007722 1.007722
8501.037109 0.000000 474.051697 0.000000 0.182439 0.000000 -0.983217 1.103906 1.103906 1.103906
8497.797852 0.000000 473.892273 0.000000 0.987689 0.000000 -0.156430 1.011764 1.011764 1.011764
8564.850586 0.000000 511.234070 0.000000 0.748662 0.000000 -0.662951 1.054281 1.054281 1.054281
8534.099609 0.000000 503.326538 0.000000 0.571456 0.000000 -0.820633 1.002403 1.002403 1.002403
8555.029297 0.000000 529.514038 0.000000 0.837055 0.000000 -0.547119 1.021680 1.021680 1.021680
8525.589844 0.000000 480.232208 0.000000 0.988975 0.000000 -0.148080 1.011132 1.011132 1.011132
8542.229492 0.000000 539.337280 0.000000 0.832014 0.000000 -0.554755 1.005873 1.005873 1.005873
8549.307617 0.000000 515.121765 0.000000 0.989431 0.000000 -0.145005 1.000363 1.000363 1.000363
8534.576172 0.000000 490.901398 0.000000 0.996026 0.000000 -0.089064 1.004453 1.004453 1.004453
8531.326172 0.000000 514.289673 0.000000 0.126436 0.000000 -0.991975 1.061286 1.061286 1.061286
8525.398438 0.000000 524.667419 0.000000 0.874962 0.000000 -0.484192 1.011357 1.011357 1.011357
8505.791016 0.000000 489.961365 0.000000 0.926437 0.000000 -0.376449 1.028907 1.028907 1.028907
8540.731445 0.000000 517.540894 0.000000 0.303619 0.000000 -0.952794 1.040968 1.040968 1.040968
8506.189453 0.000000 500.670746 0.000000 0.118792 0.000000 -0.992919 1.105105 1.105105 1.105105
8562.845703 0.000000 532.260803 0.000000 0.927617 0.000000 -0.373533 1.023893 1.023893 1.023893
8540.734375 0.000000 531.111267 0.000000 0.998792 0.000000 -0.049146 1.001841 1.001841 1.001841
8562.449219 0.000000 504.184387 0.000000 0.239453 0.000000 -0.970908 1.066358 1.066358 1.066358
8528.390625 0.000000 530.175354 0.000000 0.310522 0.000000 -0.950566 1.009400 1.009400 1.009400
8517.874023 0.000000 491.054626 0.000000 0.308720 0.000000 -0.951153 1.056485 1.056485 1.056485
8556.864258 0.000000 502.362854 0.000000 0.846445 0.000000 -0.532476 1.042056 1.042056 1.042056
8543.975586 0.000000 512.416016 0.000000 0.999760 0.000000 0.021914 0.999562 0.999562 0.999562
8535.464844 0.000000 517.984924 0.000000 0.612758 0.000000 -0.790271 1.034125 1.034125 1.034125
8535.405273 0.000000 530.087341 0.000000 0.829092 0.000000 -0.559112 1.022219 1.022219 1.022219
8564.002930 0.000000 516.555481 0.000000 0.407758 0.000000 -0.913090 1.060333 1.060333 1.060333
8508.664062 0.000000 496.228821 0.000000 0.049239 0.000000 -0.998787 1.182332 1.182332 1.182332
8545.328125 0.000000 529.397705 0.000000 0.979378 0.000000 -0.202038 1.007618 1.007618 1.007618
8510.333008 0.000000 503.023987 0.000000 0.998731 0.000000 -0.050365 1.005535 1.005535 1.005535
8510.449219 0.000000 492.151703 0.000000 0.933327 0.000000 -0.359027 1.015586 1.015586 1.015586
8524.714844 0.000000 496.072815 0.000000 0.997775 0.000000 -0.066669 1.005497 1.005497 1.005497
8521.345703 0.000000 481.703430 0.000000 0.863551 0.000000 -0.504261 1.039585 1.039585 1.039585
8502.399414 0.000000 499.095337 0.000000 0.628006 0.000000 -0.778209 1.075699 1.075699 1.075699
8532.175781 0.000000 499.807831 0.000000 0.997743 0.000000 0.067148 0.996477 0.996477 0.996477
8527.323242 0.000000 514.375183 0.000000 0.982411 0.000000 -0.186733 1.010786 1.010786 1.010786
8511.534180 0.000000 499.003296 0.000000 0.595061 0.000000 -0.803680 1.104869 1.104869 1.104869
8531.304688 0.000000 495.815247 0.000000 0.150422 0.000000 -0.988622 1.127606 1.127606 1.127606
8506.720703 0.000000 504.514252 0.000000 0.965210 0.000000 -0.261475 1.005944 1.005944 1.005944
8547.682617 0.000000 511.413177 0.000000 0.854204 0.000000 -0.519939 1.045047 1.045047 1.045047
8565.393555 0.000000 507.186584 0.000000 0.689253 0.000000 -0.724520 1.044507 1.044507 1.044507
8551.202148 0.000000 530.376099 0.000000 0.445634 0.000000 -0.895215 1.041527 1.041527 1.041527
8530.265625 0.000000 510.753296 0.000000 0.043333 0.000000 -0.999061 1.057200 1.057200 1.057200
8542.597656 0.000000 526.948059 0.000000 0.997267 0.000000 0.073876 0.997231 0.997231 0.997231
8527.715820 0.000000 483.301514 0.000000 0.531928 0.000000 -0.846790 1.075639 1.075639 1.075639
8526.809570 0.000000 521.348816 0.000000 0.784113 0.000000 -0.620618 1.025073 1.025073 1.025073
8517.408203 0.000000 494.576111 0.000000 0.092422 0.000000 -0.995720 1.140239 1.140239 1.140239
8549.398438 0.000000 503.906433 0.000000 0.249552 0.000000 -0.968361 1.092173 1.092173 1.092173
8495.206055 0.000000 488.936615 0.000000 0.272534 0.000000 -0.962146 1.129298 1.129298 1.129298
8522.024414 0.000000 500.028778 0.000000 0.999694 0.000000 -0.024724 1.001852 1.001852 1.001852
8536.185547 0.000000 493.798615 0.000000 0.545413 0.000000 -0.838167 1.022332 1.022332 1.022332
8533.490234 0.000000 510.967957 0.000000 1.000000 0.000000 0.000120 0.999994 0.999994 0.999994
8562.051758 0.000000 507.412781 0.000000 0.271374 0.000000 -0.962474 1.097064 1.097064 1.097064
8523.526367 0.000000 514.932495 0.000000 0.928684 0.000000 -0.370873 1.014228 1.014228 1.014228
8532.321289 0.000000 517.733215 0.000000 0.830985 0.000000 -0.556294 1.025037 1.025037 1.025037
8523.650391 0.000000 521.274780 0.000000 0.982696 0.000000 -0.185226 1.006977 1.006977 1.006977
8538.136719 0.000000 515.969910 0.000000 0.777346 0.000000 -0.629074 1.022081 1.022081 1.022081
8524.519531 0.000000 483.037506 0.000000 0.985039 0.000000 -0.172332 1.012972 1.012972 1.012972
8561.805664 0.000000 529.471802 0.000000 0.727876 0.000000 -0.685709 1.056590 1.056590 1.056590
8498.747070 0.000000 499.945038 0.000000 0.632099 0.000000 -0.774888 1.066399 1.066399 1.066399
8520.066406 0.000000 506.638702 0.000000 0.452246 0.000000 -0.891893 1.041250 1.041250 1.041250
8521.939453 0.000000 517.586060 0.000000 0.985566 0.000000 -0.169294 1.006370 1.006370 1.006370
8502.830078 0.000000 489.865448 0.000000 0.287632 0.000000 -0.957741 1.095796 1.095796 1.095796
8538.774414 0.000000 507.445221 0.000000 0.988268 0.000000 -0.152729 1.015312 1.015312 1.015312
8556.166992 0.000000 505.181335 0.000000 0.761503 0.000000 -0.648162 1.054575 1.054575 1.054575
8533.035156 0.000000 524.011536 0.000000 0.996275 0.000000 -0.086230 1.003233 1.003233 1.003233
8538.766602 0.000000 533.199463 0.000000 0.519671 0.000000 -0.854366 1.035802 1.035802 1.035802
8555.526367 0.000000 532.331604 0.000000 0.102496 0.000000 -0.994733 1.054978 1.054978 1.054978
8501.090820 0.000000 496.188019 0.000000 0.111209 0.000000 -0.993797 1.123874 1.123874 1.123874
8521.312500 0.000000 484.869965 0.000000 0.187084 0.000000 -0.982344 1.069035 1.069035 1.069035
8518.623047 0.000000 481.279663 0.000000 0.990405 0.000000 -0.138196 1.010384 1.010384 1.010384
8504.073242 0.000000 492.294067 0.000000 0.544088 0.000000 -0.839028 1.042250 1.042250 1.042250
8497.192383 0.000000 483.165283 0.000000 0.340710 0.000000 -0.940168 1.091608 1.091608 1.091608
8511.204102 0.000000 494.848114 0.000000 0.711378 0.000000 -0.702810 1.070044 1.070044 1.070044
8509.164062 0.000000 505.860077 0.000000 0.756743 0.000000 -0.653713 1.032017 1.032017 1.032017
8523.966797 0.000000 488.783630 0.000000 0.826419 0.000000 -0.563056 1.038821 1.038821 1.038821
8538.112305 0.000000 530.435669 0.000000 1.000000 0.000000 0.000056 0.999998 0.999998 0.999998
8563.751953 0.000000 527.384094 0.000000 0.943351 0.000000 -0.331795 1.025330 1.025330 1.025330
8564.330078 0.000000 522.542603 0.000000 0.793720 0.000000 -0.608284 1.019590 1.019590 1.019590
8538.306641 0.000000 523.811035 0.000000 0.509870 0.000000 -0.860252 1.043959 1.043959 1.043959
8498.483398 0.000000 490.486572 0.000000 0.072773 0.000000 -0.997349 1.138370 1.138370 1.138370
8514.228516 0.000000 499.426270 0.000000 0.999993 0.000000 0.003634 0.999592 0.999592 0.999592
8503.687500 0.000000 501.335114 0.000000 0.137813 0.000000 -0.990458 1.103716 1.103716 1.103716
8540.886719 0.000000 505.906525 0.000000 0.996032 0.000000 -0.088997 1.010012 1.010012 1.010012
8556.105469 0.000000 522.120361 0.000000 0.350884 0.000000 -0.936419 1.045398 1.045398 1.045398
8559.342773 0.000000 512.463806 0.000000 0.600143 0.000000 -0.799893 1.064808 1.064808 1.064808
8550.991211 0.000000 533.346497 0.000000 0.554755 0.000000 -0.832014 1.036801 1.036801 1.036801
8538.434570 0.000000 518.735779 0.000000 0.286633 0.000000 -0.958040 1.047937 1.047937 1.047937
8533.989258 0.000000 515.907410 0.000000 0.338222 0.000000 -0.941067 1.045903 1.045903 1.045903
8504.828125 0.000000 480.072754 0.000000 0.399723 0.000000 -0.916636 1.043424 1.043424 1.043424
8543.214844 0.000000 509.758026 0.000000 0.684616 0.000000 -0.728904 1.091754 1.091754 1.091754
8527.583984 0.000000 505.543427 0.000000 0.999643 0.000000 0.026708 0.999000 0.999000 0.999000
8546.273438 0.000000 527.109619 0.000000 0.910968 0.000000 -0.412477 1.015922 1.015922 1.015922
8520.522461 0.000000 491.106293 0.000000 0.603039 0.000000 -0.797712 1.053027 1.053027 1.053027
8542.624023 0.000000 529.559875 0.000000 0.858274 0.000000 -0.513192 1.020181 1.020181 1.020181
8553.762695 0.000000 507.025665 0.000000 0.867091 0.000000 -0.498151 1.058584 1.058584 1.058584
8557.712891 0.000000 527.487244 0.000000 0.193570 0.000000 -0.981086 1.051529 1.051529 1.051529
8533.904297 0.000000 494.824036 0.000000 0.767562 0.000000 -0.640975 1.052111 1.052111 1.052111
8553.303711 0.000000 537.287048 0.000000 0.920804 0.000000 -0.390026 1.015004 1.015004 1.015004
8497.942383 0.000000 485.475983 0.000000 0.473297 0.000000 -0.880903 1.080721 1.080721 1.080721
8566.182617 0.000000 517.666260 0.000000 0.056871 0.000000 -0.998381 1.105826 1.105826 1.105826
8559.628906 0.000000 520.077820 0.000000 0.936520 0.000000 -0.350616 1.013415 1.013415 1.013415
8527.444336 0.000000 518.962952 0.000000 0.999941 0.000000 -0.010898 1.000408 1.000408 1.000408
8563.061523 0.000000 509.645233 0.000000 0.649271 0.000000 -0.760557 1.064723 1.064723 1.064723
8552.213867 0.000000 520.003845 0.000000 0.357839 0.000000 -0.933783 1.045119 1.045119 1.045119
8536.544922 0.000000 528.007263 0.000000 0.597051 0.000000 -0.802203 1.034863 1.034863 1.034863
8522.209961 0.000000 495.556396 0.000000 0.983828 0.000000 -0.179118 1.013488 1.013488 1.013488
8541.711914 0.000000 511.875000 0.000000 0.886118 0.000000 -0.463460 1.028874 1.028874 1.028874
8500.871094 0.000000 488.376617 0.000000 0.681550 0.000000 -0.731772 1.088127 1.088127 1.088127
8551.253906 0.000000 502.338654 0.000000 0.991738 0.000000 -0.128281 1.007386 1.007386 1.007386
8554.867188 0.000000 510.701935 0.000000 0.997920 0.000000 0.064460 0.993558 0.993558 0.993558
8501.791016 0.000000 493.986572 0.000000 0.983359 0.000000 -0.181674 1.022804 1.022804 1.022804
8507.881836 0.000000 502.546753 0.000000 0.996731 0.000000 -0.080788 1.004240 1.004240 1.004240
8518.154297 0.000000 496.711334 0.000000 0.865347 0.000000 -0.501174 1.056355 1.056355 1.056355
8526.212891 0.000000 497.837158 0.000000 0.906422 0.000000 -0.422374 1.048989 1.048989 1.048989
8496.384766 0.000000 487.036133 0.000000 0.992706 0.000000 -0.120564 1.009052 1.009052 1.009052
8532.593750 0.000000 519.860291 0.000000 0.716119 0.000000 -0.697978 1.040504 1.040504 1.040504
8523.975586 0.000000 502.835968 0.000000 0.999807 0.000000 -0.019659 1.001472 1.001472 1.001472
8516.291016 0.000000 500.348816 0.000000 0.001024 0.000000 -0.999999 1.160679 1.160679 1.160679
8497.851562 0.000000 501.957672 0.000000 0.990551 0.000000 -0.137147 1.009961 1.009961 1.009961
8558.373047 0.000000 517.415466 0.000000 0.906428 0.000000 -0.422360 1.023950 1.023950 1.023950
8512.624023 0.000000 493.148682 0.000000 0.264427 0.000000 -0.964406 1.065069 1.065069 1.065069
8565.279297 0.000000 531.629578 0.000000 0.882115 0.000000 -0.471035 1.030612 1.030612 1.030612
8517.033203 0.000000 502.385529 0.000000 0.428238 0.000000 -0.903666 1.118303 1.118303 1.118303
8525.337891 0.000000 513.617493 0.000000 0.435518 0.000000 -0.900180 1.067118 1.067118 1.067118
8522.502930 0.000000 505.423920 0.000000 0.988131 0.000000 -0.153613 1.007316 1.007316 1.007316
8523.723633 0.000000 494.000336 0.000000 0.955918 0.000000 -0.293635 1.022321 1.022321 1.022321
8562.777344 0.000000 511.753632 0.000000 0.893384 0.000000 -0.449294 1.034900 1.034900 1.034900
8529.326172 0.000000 515.150940 0.000000 0.137479 0.000000 -0.990505 1.096586 1.096586 1.096586
8515.671875 0.000000 504.125916 0.000000 0.970225 0.000000 -0.242207 1.021376 1.021376 1.021376
8530.833984 0.000000 491.294250 0.000000 0.999983 0.000000 0.005914 0.999439 0.999439 0.999439
8495.166992 0.000000 482.604492 0.000000 0.990843 0.000000 -0.135019 1.010143 1.010143 1.010143
8529.854492 0.000000 483.533264 0.000000 0.662293 0.000000 -0.749245 1.057088 1.057088 1.057088
8518.824219 0.000000 492.944946 0.000000 0.983127 0.000000 -0.182927 1.010104 1.010104 1.010104
8505.897461 0.000000 495.338501 0.000000 0.211599 0.000000 -0.977357 1.101678 1.101678 1.101678
8504.527344 0.000000 499.199554 0.000000 0.604418 0.000000 -0.796667 1.052928 1.052928 1.052928
8511.946289 0.000000 496.832642 0.000000 0.155048 0.000000 -0.987907 1.158981 1.158981 1.158981
8503.466797 0.000000 497.265167 0.000000 0.291425 0.000000 -0.956594 1.143248 1.143248 1.143248
8554.748047 0.000000 503.618073 0.000000 0.585271 0.000000 -0.810838 1.070821 1.070821 1.070821
8509.752930 0.000000 498.038483 0.000000 0.900158 0.000000 -0.435563 1.049505 1.049505 1.049505
8529.376953 0.000000 496.531494 0.000000 0.992701 0.000000 -0.120601 1.013582 1.013582 1.013582
8511.258789 0.000000 505.284058 0.000000 0.465182 0.000000 -0.885215 1.086836 1.086836 1.086836
8560.918945 0.000000 505.562042 0.000000 0.766045 0.000000 -0.642787 1.052288 1.052288 1.052288
8565.601562 0.000000 509.350891 0.000000 0.997490 0.000000 0.070801 0.994870 0.994870 0.994870
8519.561523 0.000000 495.310638 0.000000 0.736947 0.000000 -0.675951 1.070417 1.070417 1.070417
8520.154297 0.000000 480.025299 0.000000 0.092235 0.000000 -0.995737 1.110729 1.110729 1.110729
8516.140625 0.000000 492.010712 0.000000 0.968864 0.000000 -0.247593 1.018114 1.018114 1.018114
8530.104492 0.000000 494.288696 0.000000 0.013259 0.000000 -0.999912 1.139985 1.139985 1.139985
8522.513672 0.000000 483.328705 0.000000 0.736417 0.000000 -0.676528 1.055651 1.055651 1.055651
8504.317383 0.000000 488.607788 0.000000 0.913432 0.000000 -0.406992 1.031394 1.031394 1.031394
8550.618164 0.000000 509.667145 0.000000 0.374278 0.000000 -0.927317 1.094843 1.094843 1.094843
8544.185547 0.000000 502.223846 0.000000 0.997435 0.000000 -0.071577 1.006796 1.006796 1.006796
8557.901367 0.000000 504.431976 0.000000 0.834396 0.000000 -0.551165 1.045179 1.045179 1.045179
8542.977539 0.000000 504.906250 0.000000 0.975416 0.000000 -0.220373 1.024963 1.024963 1.024963
8527.571289 0.000000 491.325745 0.000000 0.884014 0.000000 -0.467460 1.041288 1.041288 1.041288
8540.636719 0.000000 503.452057 0.000000 0.653315 0.000000 -0.757087 1.077189 1.077189 1.077189
8497.185547 0.000000 489.153412 0.000000 0.989682 0.000000 -0.143284 1.011845 1.011845 1.011845
8548.712891 0.000000 506.382568 0.000000 0.997597 0.000000 0.069278 0.993249 0.993249 0.993249
8557.274414 0.000000 506.741974 0.000000 0.753015 0.000000 -0.658003 1.068131 1.068131 1.068131
8529.842773 0.000000 488.317139 0.000000 0.310539 0.000000 -0.950561 1.090865 1.090865 1.090865
8525.679688 0.000000 491.185516 0.000000 0.762701 0.000000 -0.646751 1.052676 1.052676 1.052676
8528.000977 0.000000 488.349945 0.000000 0.999293 0.000000 0.037608 0.997276 0.997276 0.997276
8565.958008 0.000000 515.895874 0.000000 0.373680 0.000000 -0.927558 1.088964 1.088964 1.088964
8566.300781 0.000000 512.365906 0.000000 0.435125 0.000000 -0.900370 1.083930 1.083930 1.083930
8532.484375 0.000000 521.963257 0.000000 0.987375 0.000000 -0.158397 1.011516 1.011516 1.011516
8500.472656 0.000000 490.080292 0.000000 0.476299 0.000000 -0.879283 1.120698 1.120698 1.120698
8563.749023 0.000000 508.033966 0.000000 0.318407 0.000000 -0.947954 1.093377 1.093377 1.093377
8495.225586 0.000000 493.391357 0.000000 0.976935 0.000000 -0.213539 1.016117 1.016117 1.016117
8495.296875 0.000000 490.779297 0.000000 0.577227 0.000000 -0.816583 1.081103 1.081103 1.081103
8498.723633 0.000000 492.195404 0.000000 0.038611 0.000000 -0.999254 1.172132 1.172132 1.172132
8554.458008 0.000000 505.457367 0.000000 0.249129 0.000000 -0.968470 1.125133 1.125133 1.125133
8565.322266 0.000000 526.774292 0.000000 0.996800 0.000000 0.079939 0.994006 0.994006 0.994006
8507.588867 0.000000 494.935577 0.000000 0.282802 0.000000 -0.959178 1.102585 1.102585 1.102585
8546.798828 0.000000 507.626068 0.000000 0.694665 0.000000 -0.719333 1.090195 1.090195 1.090195
8512.864258 0.000000 505.796448 0.000000 0.972454 0.000000 -0.233095 1.024668 1.024668 1.024668
8499.533203 0.000000 495.524261 0.000000 0.813562 0.000000 -0.581479 1.049575 1.049575 1.049575
8513.046875 0.000000 498.237885 0.000000 0.488948 0.000000 -0.872313 1.119076 1.119076 1.119076
8544.804688 0.000000 505.677246 0.000000 0.215277 0.000000 -0.976553 1.152094 1.152094 1.152094
8539.303711 0.000000 505.903442 0.000000 0.447609 0.000000 -0.894229 1.110518 1.110518 1.110518
8555.651367 0.000000 506.757843 0.000000 0.939633 0.000000 -0.342185 1.039235 1.039235 1.039235
8500.323242 0.000000 493.506439 0.000000 0.040664 0.000000 -0.999173 1.191001 1.191001 1.191001
8513.677734 0.000000 500.860016 0.000000 0.820591 0.000000 -0.571516 1.068345 1.068345 1.068345
8513.244141 0.000000 502.461456 0.000000 0.998481 0.000000 0.055101 0.993807 0.993807 0.993807
8530.723633 0.000000 492.830933 0.000000 0.282954 0.000000 -0.959133 1.118599 1.118599 1.118599
8503.265625 0.000000 493.555450 0.000000 0.963438 0.000000 -0.267931 1.027087 1.027087 1.027087
8517.574219 0.000000 499.523621 0.000000 0.979882 0.000000 -0.199579 1.020065 1.020065 1.020065
8496.840820 0.000000 490.584290 0.000000 0.824257 0.000000 -0.566216 1.061610 1.061610 1.061610
8511.860352 0.000000 502.735535 0.000000 0.996646 0.000000 -0.081832 1.008999 1.008999 1.008999
8512.717773 0.000000 499.775208 0.000000 0.968540 0.000000 -0.248858 1.028255 1.028255 1.028255
8575.382812 0.000000 527.280640 0.000000 0.276349 0.000000 -0.961057 1.016113 1.016113 1.016113
8598.554688 0.000000 534.896423 0.000000 0.993483 0.000000 -0.113983 1.003422 1.003422 1.003422
8575.875000 0.000000 531.271545 0.000000 0.999997 0.000000 -0.002271 1.000108 1.000108 1.000108
8586.368164 0.000000 522.822815 0.000000 0.118154 0.000000 -0.992995 1.032633 1.032633 1.032633
8603.931641 0.000000 531.323059 0.000000 0.952900 0.000000 -0.303284 1.010770 1.010770 1.010770
8569.697266 0.000000 515.793518 0.000000 0.261843 0.000000 -0.965110 1.094545 1.094545 1.094545
8571.022461 0.000000 512.245728 0.000000 0.999636 0.000000 0.026981 0.998989 0.998989 0.998989
8582.612305 0.000000 526.212769 0.000000 0.827861 0.000000 -0.560933 1.044602 1.044602 1.044602
8577.794922 0.000000 528.974304 0.000000 0.025049 0.000000 -0.999686 1.057885 1.057885 1.057885
8591.419922 0.000000 526.689819 0.000000 0.280432 0.000000 -0.959874 1.048179 1.048179 1.048179
8595.340820 0.000000 526.594482 0.000000 0.724920 0.000000 -0.688833 1.028456 1.028456 1.028456
8580.629883 0.000000 535.227905 0.000000 0.883689 0.000000 -0.468074 1.015809 1.015809 1.015809
8573.410156 0.000000 532.960388 0.000000 0.873623 0.000000 -0.486604 1.015225 1.015225 1.015225
8603.140625 0.000000 528.765869 0.000000 0.381398 0.000000 -0.924411 1.041225 1.041225 1.041225
8577.615234 0.000000 518.725403 0.000000 0.989391 0.000000 -0.145274 1.005460 1.005460 1.005460
8567.280273 0.000000 516.060608 0.000000 0.721629 0.000000 -0.692280 1.053451 1.053451 1.053451
8584.500977 0.000000 524.138367 0.000000 0.999952 0.000000 0.009772 0.999268 0.999268 0.999268
8569.229492 0.000000 518.003845 0.000000 0.998028 0.000000 0.062763 0.996864 0.996864 0.996864
8583.994141 0.000000 531.959412 0.000000 0.999968 0.000000 0.007992 0.999441 0.999441 0.999441
8569.303711 0.000000 514.038025 0.000000 0.303149 0.000000 -0.952943 1.091427 1.091427 1.091427
8369.775391 0.000000 591.752502 0.000000 0.878550 0.000000 -0.477651 1.009946 1.009946 1.009946
8398.245117 0.000000 635.321655 0.000000 0.940544 0.000000 -0.339672 1.012978 1.012978 1.012978
8377.833008 0.000000 599.420105 0.000000 0.321684 0.000000 -0.946847 1.003104 1.003104 1.003104
8367.974609 0.000000 611.339600 0.000000 0.697702 0.000000 -0.716388 1.027913 1.027913 1.027913
8391.218750 0.000000 638.941528 0.000000 0.368407 0.000000 -0.929664 1.026817 1.026817 1.026817
8390.468750 0.000000 649.882385 0.000000 0.850868 0.000000 -0.525379 1.020715 1.020715 1.020715
8373.833984 0.000000 620.296875 0.000000 0.994923 0.000000 -0.100637 1.007298 1.007298 1.007298
8376.318359 0.000000 593.183411 0.000000 0.056736 0.000000 -0.998389 1.056698 1.056698 1.056698
8396.551758 0.000000 653.100098 0.000000 0.853040 0.000000 -0.521846 1.020560 1.020560 1.020560
8356.151367 0.000000 598.515869 0.000000 0.996082 0.000000 -0.088430 1.002432 1.002432 1.002432
8367.970703 0.000000 632.772888 0.000000 0.086939 0.000000 -0.996214 1.055564 1.055564 1.055564
8409.910156 0.000000 669.190796 0.000000 0.469413 0.000000 -0.882979 1.040525 1.040525 1.040525
8393.802734 0.000000 663.020752 0.000000 0.727119 0.000000 -0.686512 1.052894 1.052894 1.052894
8364.701172 0.000000 624.537048 0.000000 0.387079 0.000000 -0.922047 1.070303 1.070303 1.070303
8371.761719 0.000000 615.379456 0.000000 0.599904 0.000000 -0.800072 1.069460 1.069460 1.069460
8394.017578 0.000000 632.039307 0.000000 0.961067 0.000000 -0.276315 1.010484 1.010484 1.010484
8376.699219 0.000000 616.215820 0.000000 0.928125 0.000000 -0.372270 1.005714 1.005714 1.005714
8364.240234 0.000000 614.646790 0.000000 0.033247 0.000000 -0.999447 1.034547 1.034547 1.034547
8399.863281 0.000000 630.632263 0.000000 0.973897 0.000000 -0.226989 1.004002 1.004002 1.004002
8387.425781 0.000000 666.843384 0.000000 0.999577 0.000000 0.029085 0.998548 0.998548 0.998548
8366.348633 0.000000 599.008423 0.000000 0.966452 0.000000 -0.256846 1.007782 1.007782 1.007782
8366.038086 0.000000 628.738953 0.000000 0.769172 0.000000 -0.639042 1.025961 1.025961 1.025961
8375.742188 0.000000 656.563721 0.000000 0.891417 0.000000 -0.453184 1.015265 1.015265 1.015265
8392.344727 0.000000 653.939453 0.000000 0.422269 0.000000 -0.906470 1.042498 1.042498 1.042498
8400.768555 0.000000 638.782532 0.000000 0.989814 0.000000 -0.142370 1.002140 1.002140 1.002140
8395.687500 0.000000 609.239014 0.000000 0.982928 0.000000 -0.183989 1.004158 1.004158 1.004158
8362.289062 0.000000 619.917175 0.000000 0.723355 0.000000 -0.690476 1.022833 1.022833 1.022833
8358.804688 0.000000 582.928650 0.000000 0.865403 0.000000 -0.501077 1.007862 1.007862 1.007862
8394.867188 0.000000 623.427368 0.000000 0.653463 0.000000 -0.756959 1.027867 1.027867 1.027867
8393.916992 0.000000 617.188171 0.000000 0.869265 0.000000 -0.494346 1.019364 1.019364 1.019364
8420.215820 0.000000 575.949890 0.000000 0.582721 0.000000 -0.812672 1.035528 1.035528 1.035528
8394.380859 0.000000 636.247559 0.000000 0.683366 0.000000 -0.730076 1.030649 1.030649 1.030649
8370.126953 0.000000 587.559814 0.000000 0.978992 0.000000 -0.203898 1.003588 1.003588 1.003588
8370.391602 0.000000 618.807251 0.000000 0.914247 0.000000 -0.405157 1.031243 1.031243 1.031243
8386.281250 0.000000 606.737671 0.000000 0.853274 0.000000 -0.521463 1.015065 1.015065 1.015065
8367.909180 0.000000 615.255249 0.000000 0.348501 0.000000 -0.937308 1.072789 1.072789 1.072789
8373.423828 0.000000 590.560486 0.000000 0.999671 0.000000 0.025641 0.999040 0.999040 0.999040
8399.844727 0.000000 642.762939 0.000000 0.995387 0.000000 -0.095945 1.003598 1.003598 1.003598
8385.214844 0.000000 613.343872 0.000000 0.579266 0.000000 -0.815139 1.021412 1.021412 1.021412
8395.293945 0.000000 644.285461 0.000000 0.131234 0.000000 -0.991351 1.053895 1.053895 1.053895
8372.521484 0.000000 594.153992 0.000000 0.932412 0.000000 -0.361398 1.013847 1.013847 1.013847
8372.819336 0.000000 623.827759 0.000000 0.602301 0.000000 -0.798269 1.046157 1.046157 1.046157
8393.472656 0.000000 641.424866 0.000000 0.195908 0.000000 -0.980622 1.051439 1.051439 1.051439
8389.166992 0.000000 653.126343 0.000000 0.930074 0.000000 -0.367371 1.013148 1.013148 1.013148
8382.127930 0.000000 661.136414 0.000000 0.168743 0.000000 -0.985660 1.104948 1.104948 1.104948
8362.963867 0.000000 628.079041 0.000000 0.894108 0.000000 -0.447851 1.017389 1.017389 1.017389
8388.336914 0.000000 613.717590 0.000000 0.187123 0.000000 -0.982336 1.051775 1.051775 1.051775
8368.979492 0.000000 629.834656 0.000000 0.652009 0.000000 -0.758211 1.032227 1.032227 1.032227
8381.876953 0.000000 666.253845 0.000000 0.555867 0.000000 -0.831271 1.036751 1.036751 1.036751
8387.759766 0.000000 656.735840 0.000000 0.527788 0.000000 -0.849376 1.050670 1.050670 1.050670
8393.432617 0.000000 659.819153 0.000000 0.308943 0.000000 -0.951080 1.069024 1.069024 1.069024
8366.635742 0.000000 622.197144 0.000000 0.135355 0.000000 -0.990797 1.107478 1.107478 1.107478
8396.914062 0.000000 631.419434 0.000000 0.538777 0.000000 -0.842449 1.032514 1.032514 1.032514
8374.466797 0.000000 613.852722 0.000000 0.922516 0.000000 -0.385959 1.016817 1.016817 1.016817
8394.152344 0.000000 611.954285 0.000000 0.826756 0.000000 -0.562560 1.022375 1.022375 1.022375
8367.162109 0.000000 625.982422 0.000000 0.991610 0.000000 -0.129263 1.009385 1.009385 1.009385
8389.050781 0.000000 619.995972 0.000000 0.669244 0.000000 -0.743043 1.031367 1.031367 1.031367
8369.960938 0.000000 613.296692 0.000000 0.367236 0.000000 -0.930128 1.053690 1.053690 1.053690
8385.921875 0.000000 661.713928 0.000000 0.941920 0.000000 -0.335837 1.025652 1.025652 1.025652
8364.653320 0.000000 631.212341 0.000000 0.254240 0.000000 -0.967141 1.049197 1.049197 1.049197
8353.208008 0.000000 579.149719 0.000000 0.944261 0.000000 -0.329198 1.013400 1.013400 1.013400
8365.179688 0.000000 601.844482 0.000000 0.963995 0.000000 -0.265920 1.010080 1.010080 1.010080
8354.838867 0.000000 576.928101 0.000000 0.529748 0.000000 -0.848155 1.075832 1.075832 1.075832
8387.642578 0.000000 659.663086 0.000000 0.999997 0.000000 0.002264 0.999830 0.999830 0.999830
8393.252930 0.000000 665.607910 0.000000 0.992151 0.000000 -0.125042 1.007199 1.007199 1.007199
8394.322266 0.000000 619.795471 0.000000 0.337231 0.000000 -0.941422 1.045942 1.045942 1.045942
8360.152344 0.000000 633.072937 0.000000 0.674970 0.000000 -0.737845 1.026934 1.026934 1.026934
8363.735352 0.000000 622.076660 0.000000 0.999523 0.000000 0.030896 0.998457 0.998457 0.998457
8370.244141 0.000000 595.410645 0.000000 0.504145 0.000000 -0.863619 1.039036 1.039036 1.039036
8359.703125 0.000000 597.319519 0.000000 0.999247 0.000000 0.038790 0.998644 0.998644 0.998644
8394.882812 0.000000 639.238281 0.000000 0.998524 0.000000 -0.054305 1.002035 1.002035 1.002035
8370.176758 0.000000 609.981079 0.000000 0.968748 0.000000 -0.248046 1.009387 1.009387 1.009387
8360.843750 0.000000 576.057190 0.000000 0.311676 0.000000 -0.950188 1.046954 1.046954 1.046954
8366.324219 0.000000 613.234680 0.000000 0.099397 0.000000 -0.995048 1.055095 1.055095 1.055095
8390.106445 0.000000 655.443970 0.000000 0.997891 0.000000 0.064912 0.997730 0.997730 0.997730
8397.923828 0.000000 644.342773 0.000000 0.806541 0.000000 -0.591178 1.023687 1.023687 1.023687
8394.531250 0.000000 646.600403 0.000000 0.709026 0.000000 -0.705183 1.029310 1.029310 1.029310
8353.958008 0.000000 581.460388 0.000000 0.198938 0.000000 -0.980012 1.051324 1.051324 1.051324
8389.782227 0.000000 667.459595 0.000000 0.982495 0.000000 -0.186287 1.009824 1.009824 1.009824
8392.456055 0.000000 656.312012 0.000000 0.964039 0.000000 -0.265761 1.012088 1.012088 1.012088
8365.957031 0.000000 616.828735 0.000000 0.456470 0.000000 -0.889739 1.054763 1.054763 1.054763
8369.044922 0.000000 624.553772 0.000000 0.963105 0.000000 -0.269127 1.019728 1.019728 1.019728
8368.524414 0.000000 620.122742 0.000000 0.942150 0.000000 -0.335191 1.025600 1.025600 1.025600
8381.721680 0.000000 663.514587 0.000000 0.521973 0.000000 -0.852962 1.076517 1.076517 1.076517
8375.742188 0.000000 618.279175 0.000000 0.360818 0.000000 -0.932636 1.060000 1.060000 1.060000
8357.990234 0.000000 578.223633 0.000000 0.759216 0.000000 -0.650839 1.053078 1.053078 1.053078
8364.411133 0.000000 619.783386 0.000000 0.273111 0.000000 -0.961983 1.096929 1.096929 1.096929
8369.805664 0.000000 616.183105 0.000000 0.949722 0.000000 -0.313093 1.023851 1.023851 1.023851
8388.725586 0.000000 664.333923 0.000000 0.436423 0.000000 -0.899741 1.083822 1.083822 1.083822
8390.481445 0.000000 663.220398 0.000000 0.064583 0.000000 -0.997912 1.112807 1.112807 1.112807
8384.152344 0.000000 660.771912 0.000000 0.830330 0.000000 -0.557273 1.044271 1.044271 1.044271
8366.545898 0.000000 624.092651 0.000000 0.373116 0.000000 -0.927785 1.086042 1.086042 1.086042
8372.184570 0.000000 619.356018 0.000000 0.919759 0.000000 -0.392484 1.030208 1.030208 1.030208
8380.422852 0.000000 661.882629 0.000000 0.999672 0.000000 -0.025608 1.001854 1.001854 1.001854
8371.363281 0.000000 617.186707 0.000000 0.452975 0.000000 -0.891523 1.082438 1.082438 1.082438
8391.539062 0.000000 659.514343 0.000000 0.805848 0.000000 -0.592123 1.045879 1.045879 1.045879
8388.814453 0.000000 658.235962 0.000000 0.061128 0.000000 -0.998130 1.113066 1.113066 1.113066
8368.132812 0.000000 623.109680 0.000000 0.143153 0.000000 -0.989701 1.106888 1.106888 1.106888
8441.767578 0.000000 591.752502 0.000000 0.258899 0.000000 -0.965904 1.035945 1.035945 1.035945
8453.597656 0.000000 576.216614 0.000000 0.284246 0.000000 -0.958751 1.048030 1.048030 1.048030
8453.406250 0.000000 620.651855 0.000000 0.095100 0.000000 -0.995468 1.055257 1.055257 1.055257
8476.384766 0.000000 654.669861 0.000000 0.695309 0.000000 -0.718711 1.002002 1.002002 1.002002
8433.798828 0.000000 585.945801 0.000000 0.256571 0.000000 -0.966525 1.049107 1.049107 1.049107
8470.212891 0.000000 659.649353 0.000000 0.248693 0.000000 -0.968582 1.049412 1.049412 1.049412
8482.003906 0.000000 660.703735 0.000000 0.898541 0.000000 -0.438889 1.007940 1.007940 1.007940
8456.352539 0.000000 594.322327 0.000000 0.143840 0.000000 -0.989601 1.071224 1.071224 1.071224
8464.937500 0.000000 605.979980 0.000000 0.999065 0.000000 -0.043231 1.000864 1.000864 1.000864
8470.701172 0.000000 669.418701 0.000000 0.145361 0.000000 -0.989379 1.024902 1.024902 1.024902
8487.145508 0.000000 633.959412 0.000000 0.461333 0.000000 -0.887227 1.008173 1.008173 1.008173
8477.489258 0.000000 604.025146 0.000000 0.588010 0.000000 -0.808853 1.035284 1.035284 1.035284
8445.881836 0.000000 587.039001 0.000000 0.481042 0.000000 -0.876698 1.018681 1.018681 1.018681
8471.983398 0.000000 608.400452 0.000000 0.262266 0.000000 -0.964996 1.022813 1.022813 1.022813
8459.066406 0.000000 577.660522 0.000000 0.394593 0.000000 -0.918856 1.043634 1.043634 1.043634
8443.753906 0.000000 615.379456 0.000000 0.183737 0.000000 -0.982975 1.024222 1.024222 1.024222
8449.441406 0.000000 624.751099 0.000000 0.784410 0.000000 -0.620242 1.025055 1.025055 1.025055
8478.830078 0.000000 622.459351 0.000000 0.619449 0.000000 -0.785037 1.018030 1.018030 1.018030
8451.847656 0.000000 581.908325 0.000000 0.769562 0.000000 -0.638573 1.025938 1.025938 1.025938
8466.930664 0.000000 600.282410 0.000000 0.819147 0.000000 -0.573583 1.021351 1.021351 1.021351
8448.691406 0.000000 616.215820 0.000000 0.484051 0.000000 -0.875040 1.037242 1.037242 1.037242
8457.019531 0.000000 599.115540 0.000000 0.027053 0.000000 -0.999634 1.057810 1.057810 1.057810
8480.328125 0.000000 656.482788 0.000000 0.815861 0.000000 -0.578248 1.010775 1.010775 1.010775
8452.722656 0.000000 592.057190 0.000000 0.993838 0.000000 -0.110838 1.003882 1.003882 1.003882
8430.796875 0.000000 582.928650 0.000000 0.515215 0.000000 -0.857061 1.038554 1.038554 1.038554
8453.252930 0.000000 597.056152 0.000000 0.337705 0.000000 -0.941252 1.027554 1.027554 1.027554
8446.640625 0.000000 596.853149 0.000000 0.433883 0.000000 -0.900969 1.042017 1.042017 1.042017
8445.768555 0.000000 600.717285 0.000000 0.223354 0.000000 -0.974737 1.050388 1.050388 1.050388
8452.502930 0.000000 627.170959 0.000000 0.205524 0.000000 -0.978652 1.051072 1.051072 1.051072
8484.826172 0.000000 637.339966 0.000000 0.191080 0.000000 -0.981575 1.051624 1.051624 1.051624
8435.292969 0.000000 576.408081 0.000000 0.778438 0.000000 -0.627721 1.025413 1.025413 1.025413
8442.383789 0.000000 618.807251 0.000000 0.577231 0.000000 -0.816581 1.035780 1.035780 1.035780
8455.723633 0.000000 579.285889 0.000000 0.996797 0.000000 0.079973 0.997002 0.997002 0.997002
8445.416016 0.000000 590.560486 0.000000 0.999695 0.000000 -0.024679 1.000616 1.000616 1.000616
8473.705078 0.000000 661.272095 0.000000 0.686368 0.000000 -0.727254 1.030495 1.030495 1.030495
8429.727539 0.000000 576.038696 0.000000 0.041450 0.000000 -0.999141 1.057271 1.057271 1.057271
8485.383789 0.000000 643.375793 0.000000 0.050044 0.000000 -0.998747 1.056949 1.056949 1.056949
8478.342773 0.000000 667.934998 0.000000 0.104350 0.000000 -0.994541 1.043927 1.043927 1.043927
8488.980469 0.000000 670.708069 0.000000 0.999957 0.000000 0.009246 0.999515 0.999515 0.999515
8444.513672 0.000000 594.153992 0.000000 0.885771 0.000000 -0.464122 1.018074 1.018074 1.018074
8486.429688 0.000000 625.836182 0.000000 0.783532 0.000000 -0.621352 1.018412 1.018412 1.018412
8472.955078 0.000000 576.002502 0.000000 0.868152 0.000000 -0.496299 1.016855 1.016855 1.016855
8450.032227 0.000000 596.013184 0.000000 0.074715 0.000000 -0.997205 1.044818 1.044818 1.044818
8480.216797 0.000000 649.007690 0.000000 0.135769 0.000000 -0.990741 1.039397 1.039397 1.039397
8453.953125 0.000000 623.946289 0.000000 0.479603 0.000000 -0.877486 1.040092 1.040092 1.040092
8436.973633 0.000000 584.990479 0.000000 0.616298 0.000000 -0.787513 1.033957 1.033957 1.033957
8473.624023 0.000000 604.990234 0.000000 0.624455 0.000000 -0.781061 1.033567 1.033567 1.033567
8468.872070 0.000000 662.395996 0.000000 0.694422 0.000000 -0.719568 1.030078 1.030078 1.030078
8458.065430 0.000000 601.979126 0.000000 0.947051 0.000000 -0.321084 1.012241 1.012241 1.012241
8452.527344 0.000000 579.021912 0.000000 0.179299 0.000000 -0.983795 1.052073 1.052073 1.052073
8459.425781 0.000000 580.892700 0.000000 0.160853 0.000000 -0.986978 1.052774 1.052774 1.052774
8455.674805 0.000000 591.431702 0.000000 0.261656 0.000000 -0.965161 1.074995 1.074995 1.074995
8436.610352 0.000000 578.997192 0.000000 0.992141 0.000000 -0.125128 1.004698 1.004698 1.004698
8447.435547 0.000000 622.674255 0.000000 0.892964 0.000000 -0.450129 1.017485 1.017485 1.017485
8481.238281 0.000000 643.420532 0.000000 0.237626 0.000000 -0.971357 1.049839 1.049839 1.049839
8445.635742 0.000000 617.508118 0.000000 0.934144 0.000000 -0.356896 1.013667 1.013667 1.013667
8451.356445 0.000000 622.578857 0.000000 0.996339 0.000000 -0.085486 1.003205 1.003205 1.003205
8438.674805 0.000000 581.569275 0.000000 0.820661 0.000000 -0.571415 1.022777 1.022777 1.022777
8481.489258 0.000000 623.104248 0.000000 0.694856 0.000000 -0.719149 1.030055 1.030055 1.030055
8456.422852 0.000000 576.635254 0.000000 0.160297 0.000000 -0.987069 1.052795 1.052795 1.052795
8478.462891 0.000000 607.692871 0.000000 0.707990 0.000000 -0.706222 1.029365 1.029365 1.029365
8433.657227 0.000000 583.201172 0.000000 0.850032 0.000000 -0.526732 1.020774 1.020774 1.020774
8451.974609 0.000000 584.768066 0.000000 0.991284 0.000000 -0.131746 1.004948 1.004948 1.004948
8426.831055 0.000000 576.928101 0.000000 0.977627 0.000000 -0.210345 1.007936 1.007936 1.007936
8479.666992 0.000000 659.121460 0.000000 0.808295 0.000000 -0.588778 1.023575 1.023575 1.023575
8470.836914 0.000000 666.708252 0.000000 0.975167 0.000000 -0.221469 1.008363 1.008363 1.008363
8455.082031 0.000000 628.377197 0.000000 0.954674 0.000000 -0.297653 1.011318 1.011318 1.011318
8472.990234 0.000000 600.089294 0.000000 0.966378 0.000000 -0.257126 1.009738 1.009738 1.009738
8462.689453 0.000000 596.094055 0.000000 0.106604 0.000000 -0.994302 1.054824 1.054824 1.054824
8457.231445 0.000000 596.658142 0.000000 0.182674 0.000000 -0.983173 1.051944 1.051944 1.051944
8460.455078 0.000000 601.210938 0.000000 0.826824 0.000000 -0.562461 1.022370 1.022370 1.022370
8471.222656 0.000000 605.742432 0.000000 0.462826 0.000000 -0.886449 1.040804 1.040804 1.040804
8475.857422 0.000000 662.787170 0.000000 0.212616 0.000000 -0.977136 1.050800 1.050800 1.050800
8434.249023 0.000000 580.023926 0.000000 0.968714 0.000000 -0.248178 1.009392 1.009392 1.009392
8428.310547 0.000000 581.919861 0.000000 0.393442 0.000000 -0.919349 1.043680 1.043680 1.043680
8475.279297 0.000000 609.794189 0.000000 0.998150 0.000000 -0.060807 1.002279 1.002279 1.002279
8469.187500 0.000000 664.806519 0.000000 0.926848 0.000000 -0.375438 1.014413 1.014413 1.014413
8472.121094 0.000000 658.110779 0.000000 0.992150 0.000000 -0.125054 1.004695 1.004695 1.004695
8481.311523 0.000000 633.271423 0.000000 0.916376 0.000000 -0.400318 1.015424 1.015424 1.015424
8483.308594 0.000000 671.051147 0.000000 0.996888 0.000000 0.078827 0.994090 0.994090 0.994090
8461.082031 0.000000 593.501587 0.000000 0.958551 0.000000 -0.284922 1.014426 1.014426 1.014426
8454.220703 0.000000 593.821533 0.000000 0.450679 0.000000 -0.892686 1.079877 1.079877 1.079877
8487.145508 0.000000 669.747681 0.000000 0.948821 0.000000 -0.315814 1.024065 1.024065 1.024065
8457.384766 0.000000 592.515869 0.000000 0.592093 0.000000 -0.805870 1.070189 1.070189 1.070189
8458.112305 0.000000 590.273132 0.000000 0.946409 0.000000 -0.322972 1.022989 1.022989 1.022989
8420.866211 0.000000 703.202881 0.000000 0.874902 0.000000 -0.484301 1.005049 1.005049 1.005049
8410.549805 0.000000 742.013855 0.000000 0.996872 0.000000 -0.079034 1.004543 1.004543 1.004543
8391.796875 0.000000 716.709656 0.000000 0.567361 0.000000 -0.823469 1.036231 1.036231 1.036231
8398.245117 0.000000 731.306030 0.000000 0.051160 0.000000 -0.998690 1.026556 1.026556 1.026556
8390.665039 0.000000 753.844666 0.000000 0.588425 0.000000 -0.808552 1.035264 1.035264 1.035264
8417.451172 0.000000 754.781799 0.000000 0.997873 0.000000 -0.065195 1.002117 1.002117 1.002117
8390.591797 0.000000 682.870178 0.000000 0.857437 0.000000 -0.514589 1.020242 1.020242 1.020242
8397.655273 0.000000 742.970825 0.000000 0.712995 0.000000 -0.701170 1.029099 1.029099 1.029099
8388.595703 0.000000 726.856140 0.000000 0.588221 0.000000 -0.808700 1.002352 1.002352 1.002352
8408.930664 0.000000 731.596130 0.000000 0.230272 0.000000 -0.973126 1.096903 1.096903 1.096903
8417.692383 0.000000 713.252136 0.000000 0.840387 0.000000 -0.541987 1.021450 1.021450 1.021450
8419.467773 0.000000 745.331421 0.000000 0.604184 0.000000 -0.796845 1.069059 1.069059 1.069059
8396.750000 0.000000 723.080078 0.000000 0.565940 0.000000 -0.824447 1.065332 1.065332 1.065332
8403.711914 0.000000 737.865173 0.000000 0.195761 0.000000 -0.980652 1.037726 1.037726 1.037726
8404.521484 0.000000 724.915588 0.000000 0.706059 0.000000 -0.708153 1.029467 1.029467 1.029467
8416.500977 0.000000 737.793701 0.000000 0.721129 0.000000 -0.692801 1.028662 1.028662 1.028662
8395.273438 0.000000 678.331543 0.000000 0.927011 0.000000 -0.375034 1.010557 1.010557 1.010557
8415.153320 0.000000 729.943787 0.000000 0.898442 0.000000 -0.439093 1.017024 1.017024 1.017024
8412.280273 0.000000 687.881104 0.000000 0.991592 0.000000 -0.129406 1.001296 1.001296 1.001296
8391.347656 0.000000 688.862549 0.000000 0.878145 0.000000 -0.478394 1.018680 1.018680 1.018680
8412.879883 0.000000 694.331604 0.000000 0.823810 0.000000 -0.566866 1.007523 1.007523 1.007523
8421.044922 0.000000 759.155762 0.000000 0.994580 0.000000 -0.103976 1.003901 1.003901 1.003901
8421.016602 0.000000 765.240234 0.000000 0.499420 0.000000 -0.866360 1.039241 1.039241 1.039241
8393.802734 0.000000 759.005127 0.000000 0.435714 0.000000 -0.900085 1.022368 1.022368 1.022368
8411.957031 0.000000 676.642212 0.000000 0.291945 0.000000 -0.956435 1.031819 1.031819 1.031819
8411.012695 0.000000 736.795288 0.000000 0.950080 0.000000 -0.312006 1.023765 1.023765 1.023765
8391.420898 0.000000 722.056152 0.000000 0.533473 0.000000 -0.845817 1.037751 1.037751 1.037751
8404.959961 0.000000 755.733276 0.000000 0.490578 0.000000 -0.871397 1.015849 1.015849 1.015849
8420.018555 0.000000 708.524231 0.000000 0.861022 0.000000 -0.508567 1.019979 1.019979 1.019979
8394.938477 0.000000 696.266785 0.000000 0.409637 0.000000 -0.912249 1.017207 1.017207 1.017207
8387.203125 0.000000 718.146729 0.000000 0.788103 0.000000 -0.615543 1.024831 1.024831 1.024831
8415.444336 0.000000 742.483398 0.000000 0.252157 0.000000 -0.967686 1.049278 1.049278 1.049278
8420.027344 0.000000 750.637451 0.000000 0.512732 0.000000 -0.858549 1.038663 1.038663 1.038663
8399.863281 0.000000 726.616638 0.000000 0.499733 0.000000 -0.866179 1.039227 1.039227 1.039227
8399.561523 0.000000 760.207886 0.000000 0.065979 0.000000 -0.997821 1.018784 1.018784 1.018784
8421.110352 0.000000 717.057861 0.000000 0.388202 0.000000 -0.921574 1.032189 1.032189 1.032189
8401.343750 0.000000 721.366516 0.000000 0.967540 0.000000 -0.252719 1.009568 1.009568 1.009568
8398.359375 0.000000 681.332031 0.000000 0.890906 0.000000 -0.454188 1.008239 1.008239 1.008239
8417.072266 0.000000 733.664429 0.000000 0.151304 0.000000 -0.988487 1.053136 1.053136 1.053136
8394.944336 0.000000 753.085205 0.000000 0.291319 0.000000 -0.956626 1.047754 1.047754 1.047754
8394.867188 0.000000 719.411743 0.000000 0.656588 0.000000 -0.754249 1.032000 1.032000 1.032000
8393.136719 0.000000 692.821411 0.000000 0.919411 0.000000 -0.393299 1.015137 1.015137 1.015137
8398.488281 0.000000 695.085754 0.000000 0.662335 0.000000 -0.749208 1.031714 1.031714 1.031714
8421.441406 0.000000 754.159546 0.000000 0.160250 0.000000 -0.987076 1.052796 1.052796 1.052796
8421.137695 0.000000 712.009155 0.000000 0.979619 0.000000 -0.200866 1.007574 1.007574 1.007574
8398.613281 0.000000 718.916870 0.000000 0.998616 0.000000 -0.052601 1.000920 1.000920 1.000920
8407.198242 0.000000 737.006653 0.000000 0.981391 0.000000 -0.192019 1.014471 1.014471 1.014471
8387.955078 0.000000 723.291870 0.000000 0.453211 0.000000 -0.891403 1.041209 1.041209 1.041209
8399.844727 0.000000 738.747314 0.000000 0.667911 0.000000 -0.744241 1.031434 1.031434 1.031434
8413.391602 0.000000 739.360168 0.000000 0.836514 0.000000 -0.547945 1.043433 1.043433 1.043433
8410.881836 0.000000 691.313110 0.000000 0.695512 0.000000 -0.718515 1.046032 1.046032 1.046032
8391.852539 0.000000 725.440613 0.000000 0.627170 0.000000 -0.778883 1.033437 1.033437 1.033437
8393.472656 0.000000 737.409241 0.000000 0.885340 0.000000 -0.464945 1.010865 1.010865 1.010865
8416.340820 0.000000 751.559998 0.000000 0.579092 0.000000 -0.815262 1.035695 1.035695 1.035695
8402.489258 0.000000 753.570435 0.000000 0.950578 0.000000 -0.310486 1.009458 1.009458 1.009458
8392.201172 0.000000 685.767395 0.000000 0.270407 0.000000 -0.962746 1.048570 1.048570 1.048570
8401.631836 0.000000 700.974609 0.000000 0.994763 0.000000 -0.102211 1.002556 1.002556 1.002556
8394.326172 0.000000 689.792725 0.000000 0.788341 0.000000 -0.615239 1.024817 1.024817 1.024817
8421.829102 0.000000 762.210815 0.000000 0.911463 0.000000 -0.411382 1.015877 1.015877 1.015877
8421.891602 0.000000 747.358826 0.000000 0.679010 0.000000 -0.734129 1.061743 1.061743 1.061743
8387.759766 0.000000 752.720215 0.000000 0.791957 0.000000 -0.610577 1.016397 1.016397 1.016397
8404.579102 0.000000 720.556030 0.000000 0.608761 0.000000 -0.793353 1.020588 1.020588 1.020588
8393.432617 0.000000 755.803528 0.000000 0.669893 0.000000 -0.742458 1.031334 1.031334 1.031334
8422.175781 0.000000 743.384277 0.000000 0.962697 0.000000 -0.270582 1.010945 1.010945 1.010945
8396.879883 0.000000 758.380371 0.000000 0.937942 0.000000 -0.346792 1.013262 1.013262 1.013262
8418.027344 0.000000 716.254333 0.000000 0.319637 0.000000 -0.947540 1.046640 1.046640 1.046640
8388.314453 0.000000 684.917358 0.000000 0.998569 0.000000 0.053477 0.997996 0.997996 0.997996
8404.272461 0.000000 675.094421 0.000000 0.982103 0.000000 -0.188347 1.007096 1.007096 1.007096
8390.118164 0.000000 719.349915 0.000000 0.519695 0.000000 -0.854352 1.038358 1.038358 1.038358
8414.176758 0.000000 735.935791 0.000000 0.139669 0.000000 -0.990198 1.092865 1.092865 1.092865
8409.009766 0.000000 734.522034 0.000000 0.094384 0.000000 -0.995536 1.110568 1.110568 1.110568
8418.466797 0.000000 763.482422 0.000000 0.732441 0.000000 -0.680831 1.022436 1.022436 1.022436
8421.646484 0.000000 706.010986 0.000000 0.086878 0.000000 -0.996219 1.055566 1.055566 1.055566
8416.307617 0.000000 745.318115 0.000000 0.725906 0.000000 -0.687794 1.028402 1.028402 1.028402
8392.210938 0.000000 743.621277 0.000000 0.999758 0.000000 -0.022002 1.000824 1.000824 1.000824
8399.696289 0.000000 692.318237 0.000000 0.896538 0.000000 -0.442967 1.019477 1.019477 1.019477
8400.618164 0.000000 729.436829 0.000000 0.574099 0.000000 -0.818786 1.035924 1.035924 1.035924
8409.246094 0.000000 739.404907 0.000000 0.999292 0.000000 0.037616 0.997182 0.997182 0.997182
8411.401367 0.000000 673.579407 0.000000 0.358611 0.000000 -0.933487 1.045088 1.045088 1.045088
8404.893555 0.000000 692.855713 0.000000 0.802622 0.000000 -0.596489 1.047868 1.047868 1.047868
8407.028320 0.000000 680.026794 0.000000 0.803348 0.000000 -0.595510 1.023888 1.023888 1.023888
8394.127930 0.000000 722.404480 0.000000 0.883798 0.000000 -0.467869 1.018233 1.018233 1.018233
8418.617188 0.000000 742.814758 0.000000 0.997819 0.000000 0.066009 0.995053 0.995053 0.995053
8391.396484 0.000000 757.485352 0.000000 0.823913 0.000000 -0.566717 1.022563 1.022563 1.022563
8398.026367 0.000000 684.436584 0.000000 0.166659 0.000000 -0.986015 1.066567 1.066567 1.066567
8406.136719 0.000000 731.215820 0.000000 0.763218 0.000000 -0.646141 1.029816 1.029816 1.029816
8399.049805 0.000000 724.136536 0.000000 0.286930 0.000000 -0.957951 1.054315 1.054315 1.054315
8407.325195 0.000000 684.562561 0.000000 0.998789 0.000000 0.049206 0.995944 0.995944 0.995944
8413.825195 0.000000 727.778503 0.000000 0.019438 0.000000 -0.999811 1.058096 1.058096 1.058096
8402.248047 0.000000 691.424988 0.000000 0.999995 0.000000 0.003179 0.999690 0.999690 0.999690
8390.106445 0.000000 751.428345 0.000000 0.998547 0.000000 -0.053896 1.002019 1.002019 1.002019
8397.923828 0.000000 740.327148 0.000000 0.814089 0.000000 -0.580740 1.023204 1.023204 1.023204
8399.479492 0.000000 687.084778 0.000000 0.449576 0.000000 -0.893242 1.079966 1.079966 1.079966
8398.639648 0.000000 721.528625 0.000000 0.217440 0.000000 -0.976074 1.060738 1.060738 1.060738
8414.413086 0.000000 746.898438 0.000000 0.999045 0.000000 0.043683 0.998364 0.998364 0.998364
8395.363281 0.000000 693.769043 0.000000 0.943221 0.000000 -0.332166 1.012680 1.012680 1.012680
8394.531250 0.000000 742.584778 0.000000 0.307437 0.000000 -0.951568 1.047121 1.047121 1.047121
8401.843750 0.000000 682.670959 0.000000 0.688231 0.000000 -0.725492 1.030399 1.030399 1.030399
8418.981445 0.000000 752.898193 0.000000 0.951652 0.000000 -0.307177 1.011692 1.011692 1.011692
8400.128906 0.000000 754.095154 0.000000 0.999994 0.000000 -0.003509 1.000131 1.000131 1.000131
8409.319336 0.000000 729.255798 0.000000 0.901406 0.000000 -0.432975 1.021241 1.021241 1.021241
8396.373047 0.000000 682.724304 0.000000 0.928044 0.000000 -0.372469 1.014293 1.014293 1.014293
8415.644531 0.000000 712.046631 0.000000 0.956471 0.000000 -0.291827 1.011090 1.011090 1.011090
8392.560547 0.000000 719.976074 0.000000 0.843572 0.000000 -0.537015 1.021229 1.021229 1.021229
8406.687500 0.000000 697.842224 0.000000 0.436057 0.000000 -0.899919 1.083853 1.083853 1.083853
8415.074219 0.000000 732.343079 0.000000 0.461997 0.000000 -0.886881 1.046284 1.046284 1.046284
8407.269531 0.000000 694.307434 0.000000 0.141926 0.000000 -0.989877 1.106981 1.106981 1.106981
8398.641602 0.000000 690.233276 0.000000 0.875817 0.000000 -0.482643 1.022634 1.022634 1.022634
8405.823242 0.000000 738.668274 0.000000 0.915678 0.000000 -0.401912 1.019619 1.019619 1.019619
8411.319336 0.000000 738.900940 0.000000 0.010161 0.000000 -0.999948 1.116886 1.116886 1.116886
8411.018555 0.000000 732.184814 0.000000 0.998739 0.000000 -0.050195 1.003761 1.003761 1.003761
8397.011719 0.000000 725.255371 0.000000 0.995400 0.000000 -0.095810 1.005270 1.005270 1.005270
8407.271484 0.000000 733.140076 0.000000 0.109119 0.000000 -0.994029 1.087566 1.087566 1.087566
8411.125977 0.000000 734.710938 0.000000 0.240187 0.000000 -0.970727 1.099480 1.099480 1.099480
8407.994141 0.000000 686.493347 0.000000 0.741545 0.000000 -0.670903 1.078949 1.078949 1.078949
8421.467773 0.000000 745.266357 0.000000 0.890282 0.000000 -0.455411 1.035414 1.035414 1.035414
8408.907227 0.000000 690.547668 0.000000 0.912490 0.000000 -0.409100 1.031566 1.031566 1.031566
8421.686523 0.000000 749.380432 0.000000 0.919838 0.000000 -0.392297 1.025161 1.025161 1.025161
8412.863281 0.000000 737.448547 0.000000 0.522791 0.000000 -0.852461 1.076445 1.076445 1.076445
8415.044922 0.000000 734.258789 0.000000 0.297947 0.000000 -0.954583 1.082323 1.082323 1.082323
8414.655273 0.000000 737.844849 0.000000 0.995204 0.000000 -0.097820 1.007338 1.007338 1.007338
8405.775391 0.000000 691.169006 0.000000 0.979626 0.000000 -0.200828 1.019688 1.019688 1.019688
8401.358398 0.000000 686.595337 0.000000 0.368257 0.000000 -0.929724 1.089401 1.089401 1.089401
8412.393555 0.000000 735.818665 0.000000 0.943958 0.000000 -0.330067 1.025193 1.025193 1.025193
8446.672852 0.000000 760.467285 0.000000 0.999378 0.000000 0.035263 0.999824 0.999824 0.999824
8433.865234 0.000000 727.050903 0.000000 0.696468 0.000000 -0.717588 1.029971 1.029971 1.029971
8473.230469 0.000000 675.507080 0.000000 0.989993 0.000000 -0.141115 1.000707 1.000707 1.000707
8439.869141 0.000000 744.335815 0.000000 0.146193 0.000000 -0.989256 1.024887 1.024887 1.024887
8423.281250 0.000000 737.220459 0.000000 0.823398 0.000000 -0.567464 1.015065 1.015065 1.015065
8424.775391 0.000000 763.303345 0.000000 0.346248 0.000000 -0.938143 1.045583 1.045583 1.045583
8490.378906 0.000000 688.861389 0.000000 0.341694 0.000000 -0.939811 1.045765 1.045765 1.045765
8430.054688 0.000000 745.105835 0.000000 0.373281 0.000000 -0.927718 1.044498 1.044498 1.044498
8433.743164 0.000000 736.479614 0.000000 0.485823 0.000000 -0.874057 1.018585 1.018585 1.018585
8443.064453 0.000000 752.563965 0.000000 0.998688 0.000000 -0.051201 1.001918 1.001918 1.001918
8438.415039 0.000000 763.872864 0.000000 0.998368 0.000000 0.057101 0.997860 0.997860 0.997860
8429.749023 0.000000 751.302002 0.000000 0.882609 0.000000 -0.470108 1.015884 1.015884 1.015884
8484.872070 0.000000 694.331604 0.000000 0.666241 0.000000 -0.745736 1.010506 1.010506 1.010506
8492.010742 0.000000 708.524231 0.000000 0.582016 0.000000 -0.813177 1.035560 1.035560 1.035560
8423.169922 0.000000 757.881470 0.000000 0.999996 0.000000 -0.002727 1.000102 1.000102 1.000102
8493.602539 0.000000 676.534851 0.000000 0.719625 0.000000 -0.694363 1.028743 1.028743 1.028743
8433.412109 0.000000 731.662842 0.000000 0.991845 0.000000 -0.127453 1.004786 1.004786 1.004786
8443.339844 0.000000 763.852478 0.000000 0.677982 0.000000 -0.735079 1.030924 1.030924 1.030924
8424.642578 0.000000 741.577393 0.000000 0.187540 0.000000 -0.982257 1.051759 1.051759 1.051759
8438.030273 0.000000 724.723328 0.000000 0.549373 0.000000 -0.835577 1.012348 1.012348 1.012348
8445.388672 0.000000 756.304382 0.000000 0.983616 0.000000 -0.180275 1.004978 1.004978 1.004978
8488.020508 0.000000 678.354492 0.000000 0.411950 0.000000 -0.911206 1.042923 1.042923 1.042923
8435.767578 0.000000 766.905212 0.000000 0.750125 0.000000 -0.661296 1.027058 1.027058 1.027058
8427.202148 0.000000 719.031555 0.000000 0.077841 0.000000 -0.996966 1.055906 1.055906 1.055906
8491.281250 0.000000 679.793396 0.000000 0.641049 0.000000 -0.767500 1.032765 1.032765 1.032765
8434.305664 0.000000 752.659058 0.000000 0.999924 0.000000 -0.012305 1.000461 1.000461 1.000461
8423.295898 0.000000 714.196167 0.000000 0.915734 0.000000 -0.401784 1.010322 1.010322 1.010322
8441.104492 0.000000 766.565796 0.000000 0.528220 0.000000 -0.849107 1.037983 1.037983 1.037983
8426.673828 0.000000 736.539307 0.000000 0.905692 0.000000 -0.423936 1.016394 1.016394 1.016394
8431.400391 0.000000 748.180176 0.000000 0.563419 0.000000 -0.826171 1.036410 1.036410 1.036410
8426.833984 0.000000 744.129456 0.000000 0.952708 0.000000 -0.303889 1.023126 1.023126 1.023126
8472.955078 0.000000 671.986877 0.000000 0.992151 0.000000 -0.125049 1.002504 1.002504 1.002504
8435.013672 0.000000 763.784607 0.000000 0.337610 0.000000 -0.941286 1.045927 1.045927 1.045927
8487.189453 0.000000 689.418396 0.000000 0.997467 0.000000 0.071133 0.997334 0.997334 0.997334
8438.100586 0.000000 756.947388 0.000000 0.782245 0.000000 -0.622971 1.023506 1.023506 1.023506
8445.159180 0.000000 750.222046 0.000000 0.804632 0.000000 -0.593774 1.020633 1.020633 1.020633
8491.801758 0.000000 682.838562 0.000000 0.996669 0.000000 0.081558 0.994496 0.994496 0.994496
8476.264648 0.000000 675.094421 0.000000 0.443891 0.000000 -0.896081 1.041600 1.041600 1.041600
8493.638672 0.000000 706.010986 0.000000 0.937649 0.000000 -0.347582 1.013294 1.013294 1.013294
8429.244141 0.000000 721.369019 0.000000 0.402746 0.000000 -0.915312 1.043301 1.043301 1.043301
8426.813477 0.000000 726.472717 0.000000 0.998632 0.000000 -0.052288 1.001959 1.001959 1.001959
8490.720703 0.000000 676.855957 0.000000 0.758482 0.000000 -0.651694 1.026581 1.026581 1.026581
8483.393555 0.000000 673.579407 0.000000 0.136368 0.000000 -0.990658 1.107402 1.107402 1.107402
8423.229492 0.000000 765.765564 0.000000 0.758133 0.000000 -0.652100 1.026601 1.026601 1.026601
8428.104492 0.000000 747.174500 0.000000 0.559930 0.000000 -0.828540 1.039006 1.039006 1.039006
8485.781250 0.000000 691.764404 0.000000 0.939952 0.000000 -0.341306 1.013043 1.013043 1.013043
8487.429688 0.000000 695.232910 0.000000 0.172203 0.000000 -0.985061 1.052343 1.052343 1.052343
8432.514648 0.000000 764.797119 0.000000 0.919255 0.000000 -0.393662 1.015152 1.015152 1.015152
8490.916016 0.000000 685.883972 0.000000 0.117582 0.000000 -0.993063 1.054410 1.054410 1.054410
8432.144531 0.000000 729.057312 0.000000 0.523349 0.000000 -0.852118 1.038198 1.038198 1.038198
8440.533203 0.000000 751.531677 0.000000 0.560489 0.000000 -0.828162 1.036543 1.036543 1.036543
8493.927734 0.000000 673.848572 0.000000 0.998734 0.000000 0.050311 0.998241 0.998241 0.998241
8445.533203 0.000000 765.250488 0.000000 0.653459 0.000000 -0.756962 1.032155 1.032155 1.032155
8438.055664 0.000000 750.553772 0.000000 0.851938 0.000000 -0.523642 1.020638 1.020638 1.020638
8494.930664 0.000000 730.373901 0.000000 0.994276 0.000000 -0.106838 1.004009 1.004009 1.004009
8429.071289 0.000000 766.951355 0.000000 0.317347 0.000000 -0.948309 1.046730 1.046730 1.046730
8445.352539 0.000000 753.661377 0.000000 0.009497 0.000000 -0.999955 1.058468 1.058468 1.058468
8425.485352 0.000000 757.079224 0.000000 0.865722 0.000000 -0.500525 1.019631 1.019631 1.019631
8443.304688 0.000000 754.990112 0.000000 0.731629 0.000000 -0.681703 1.028089 1.028089 1.028089
8492.205078 0.000000 690.695618 0.000000 0.323991 0.000000 -0.946060 1.046468 1.046468 1.046468
8443.565430 0.000000 766.706787 0.000000 0.782551 0.000000 -0.622586 1.025167 1.025167 1.025167
8494.190430 0.000000 709.635071 0.000000 0.995194 0.000000 -0.097928 1.003673 1.003673 1.003673
8426.091797 0.000000 746.179810 0.000000 0.906974 0.000000 -0.421186 1.026049 1.026049 1.026049
8548.040039 0.000000 665.258362 0.000000 0.999908 0.000000 0.013580 0.999491 0.999491 0.999491
8521.817383 0.000000 599.420105 0.000000 0.072209 0.000000 -0.997389 1.052376 1.052376 1.052376
8552.915039 0.000000 635.611755 0.000000 0.527121 0.000000 -0.849790 1.040567 1.040567 1.040567
8553.996094 0.000000 660.703735 0.000000 0.504294 0.000000 -0.863532 1.036428 1.036428 1.036428
8548.505859 0.000000 628.931213 0.000000 0.640260 0.000000 -0.768158 1.032803 1.032803 1.032803
8548.765625 0.000000 648.634705 0.000000 0.895058 0.000000 -0.445950 1.017310 1.017310 1.017310
8540.770508 0.000000 641.052979 0.000000 0.911729 0.000000 -0.410793 1.010568 1.010568 1.010568
8553.894531 0.000000 669.190796 0.000000 0.534204 0.000000 -0.845356 1.037719 1.037719 1.037719
8538.001953 0.000000 632.039307 0.000000 0.902586 0.000000 -0.430510 1.016667 1.016667 1.016667
8548.029297 0.000000 670.547791 0.000000 0.312089 0.000000 -0.950053 1.046938 1.046938 1.046938
8547.414062 0.000000 633.916016 0.000000 0.985971 0.000000 -0.166914 1.001675 1.001675 1.001675
8531.442383 0.000000 635.711426 0.000000 0.701508 0.000000 -0.712661 1.029707 1.029707 1.029707
8552.499023 0.000000 652.202881 0.000000 0.974595 0.000000 -0.223974 1.003384 1.003384 1.003384
8544.970703 0.000000 651.378906 0.000000 0.357758 0.000000 -0.933814 1.045123 1.045123 1.045123
8552.876953 0.000000 664.969238 0.000000 0.476162 0.000000 -0.879358 1.040238 1.040238 1.040238
8545.604492 0.000000 645.800537 0.000000 0.809190 0.000000 -0.587547 1.023518 1.023518 1.023518
8550.642578 0.000000 644.687012 0.000000 0.971192 0.000000 -0.238300 1.003604 1.003604 1.003604
8564.342773 0.000000 640.376343 0.000000 0.998114 0.000000 0.061393 0.997699 0.997699 0.997699
8518.632812 0.000000 596.853149 0.000000 0.754103 0.000000 -0.656756 1.025043 1.025043 1.025043
8556.818359 0.000000 637.339966 0.000000 0.887075 0.000000 -0.461625 1.020364 1.020364 1.020364
8551.202148 0.000000 626.360474 0.000000 0.260877 0.000000 -0.965372 1.048940 1.048940 1.048940
8565.425781 0.000000 658.175171 0.000000 0.878922 0.000000 -0.476965 1.013654 1.013654 1.013654
8545.697266 0.000000 661.272095 0.000000 0.897135 0.000000 -0.441756 1.007996 1.007996 1.007996
8543.829102 0.000000 642.762939 0.000000 0.999995 0.000000 0.003096 0.999884 0.999884 0.999884
8557.375977 0.000000 643.375793 0.000000 0.705013 0.000000 -0.709194 1.029522 1.029522 1.029522
8529.589844 0.000000 632.610779 0.000000 0.977173 0.000000 -0.212445 1.005345 1.005345 1.005345
8535.836914 0.000000 629.456238 0.000000 0.991842 0.000000 -0.127476 1.004787 1.004787 1.004787
8514.577148 0.000000 601.950439 0.000000 0.619849 0.000000 -0.784721 1.033787 1.033787 1.033787
8550.320312 0.000000 662.863831 0.000000 0.419001 0.000000 -0.907986 1.042633 1.042633 1.042633
8529.451172 0.000000 629.358276 0.000000 0.297822 0.000000 -0.954621 1.031666 1.031666 1.031666
8565.813477 0.000000 666.226440 0.000000 0.835960 0.000000 -0.548791 1.021754 1.021754 1.021754
8549.225586 0.000000 651.761353 0.000000 0.186720 0.000000 -0.982413 1.051790 1.051790 1.051790
8558.161133 0.000000 639.951416 0.000000 0.624210 0.000000 -0.781257 1.033579 1.033579 1.033579
8520.066406 0.000000 602.623108 0.000000 0.991407 0.000000 -0.130813 1.004913 1.004913 1.004913
8544.554688 0.000000 648.535461 0.000000 0.987024 0.000000 -0.160574 1.006039 1.006039 1.006039
8553.230469 0.000000 643.420532 0.000000 0.899611 0.000000 -0.436692 1.015795 1.015795 1.015795
8555.561523 0.000000 663.259949 0.000000 0.187737 0.000000 -0.982219 1.037951 1.037951 1.037951
8533.881836 0.000000 636.640869 0.000000 0.656730 0.000000 -0.754126 1.031993 1.031993 1.031993
8512.759766 0.000000 599.920410 0.000000 0.306095 0.000000 -0.952001 1.040884 1.040884 1.040884
8548.317383 0.000000 646.101074 0.000000 0.836940 0.000000 -0.547294 1.021687 1.021687 1.021687
8566.614258 0.000000 643.721191 0.000000 0.999626 0.000000 0.027343 0.998976 0.998976 0.998976
8550.991211 0.000000 629.330933 0.000000 0.210661 0.000000 -0.977559 1.050875 1.050875 1.050875
8541.908203 0.000000 644.342773 0.000000 0.577087 0.000000 -0.816683 1.035787 1.035787 1.035787
8562.881836 0.000000 642.510315 0.000000 0.998051 0.000000 -0.062410 1.002339 1.002339 1.002339
8553.303711 0.000000 633.271423 0.000000 0.819478 0.000000 -0.573111 1.022855 1.022855 1.022855
8561.990234 0.000000 639.918762 0.000000 0.402038 0.000000 -0.915623 1.043330 1.043330 1.043330
8567.265625 0.000000 641.236084 0.000000 0.936965 0.000000 -0.349422 1.004456 1.004456 1.004456
8574.039062 0.000000 649.121460 0.000000 0.257979 0.000000 -0.966151 1.013081 1.013081 1.013081
8631.546875 0.000000 667.595154 0.000000 0.922216 0.000000 -0.386676 1.014868 1.014868 1.014868
8582.399414 0.000000 667.888489 0.000000 0.977669 0.000000 -0.210149 1.007929 1.007929 1.007929
8571.919922 0.000000 661.168762 0.000000 0.894707 0.000000 -0.446654 1.017339 1.017339 1.017339
8589.724609 0.000000 671.862671 0.000000 0.939996 0.000000 -0.341186 1.013039 1.013039 1.013039
8579.688477 0.000000 653.409668 0.000000 0.946918 0.000000 -0.321475 1.004902 1.004902 1.004902
8625.886719 0.000000 669.190796 0.000000 0.378527 0.000000 -0.925590 1.032476 1.032476 1.032476
8630.495117 0.000000 662.768372 0.000000 0.559103 0.000000 -0.829098 1.017082 1.017082 1.017082
8580.955078 0.000000 663.934937 0.000000 0.201892 0.000000 -0.979408 1.051211 1.051211 1.051211
8570.251953 0.000000 653.295532 0.000000 0.433061 0.000000 -0.901365 1.042051 1.042051 1.042051
8570.557617 0.000000 657.466003 0.000000 0.790248 0.000000 -0.612788 1.024700 1.024700 1.024700
8633.709961 0.000000 664.682007 0.000000 0.984182 0.000000 -0.177160 1.006670 1.006670 1.006670
8585.088867 0.000000 670.581421 0.000000 0.796255 0.000000 -0.604961 1.024331 1.024331 1.024331
8575.384766 0.000000 652.195801 0.000000 0.077638 0.000000 -0.996982 1.055913 1.055913 1.055913
8578.998047 0.000000 667.800232 0.000000 0.982035 0.000000 -0.188701 1.007109 1.007109 1.007109
8593.662109 0.000000 670.680420 0.000000 0.532960 0.000000 -0.846140 1.030219 1.030219 1.030219
8568.093750 0.000000 659.020508 0.000000 0.911412 0.000000 -0.411495 1.015882 1.015882 1.015882
8576.501953 0.000000 654.613037 0.000000 0.134816 0.000000 -0.990871 1.053759 1.053759 1.053759
8578.501953 0.000000 663.175171 0.000000 0.876250 0.000000 -0.481856 1.017573 1.017573 1.017573
8589.517578 0.000000 669.266113 0.000000 0.009104 0.000000 -0.999959 1.058483 1.058483 1.058483
8630.712891 0.000000 665.180908 0.000000 0.544242 0.000000 -0.838928 1.037273 1.037273 1.037273
8587.549805 0.000000 670.722412 0.000000 0.377829 0.000000 -0.925875 1.044314 1.044314 1.044314
8582.266602 0.000000 670.989990 0.000000 0.445125 0.000000 -0.895469 1.041548 1.041548 1.041548
8564.850586 0.000000 703.202881 0.000000 0.849968 0.000000 -0.526834 1.016623 1.016623 1.016623
8529.211914 0.000000 739.844238 0.000000 0.907872 0.000000 -0.419248 1.004320 1.004320 1.004320
8503.601562 0.000000 767.329163 0.000000 0.981483 0.000000 -0.191549 1.004812 1.004812 1.004812
8562.449219 0.000000 696.153137 0.000000 0.945598 0.000000 -0.325338 1.012409 1.012409 1.012409
8517.732422 0.000000 767.847046 0.000000 0.953285 0.000000 -0.302071 1.006129 1.006129 1.006129
8560.640625 0.000000 682.530640 0.000000 0.991307 0.000000 -0.131568 1.004941 1.004941 1.004941
8517.723633 0.000000 746.927002 0.000000 0.620217 0.000000 -0.784431 1.033770 1.033770 1.033770
8504.606445 0.000000 761.555481 0.000000 0.066311 0.000000 -0.997799 1.041315 1.041315 1.041315
8555.941406 0.000000 676.642212 0.000000 0.823430 0.000000 -0.567418 1.022595 1.022595 1.022595
8550.542969 0.000000 677.366882 0.000000 0.054176 0.000000 -0.998531 1.049221 1.049221 1.049221
8566.517578 0.000000 692.434387 0.000000 0.915023 0.000000 -0.403401 1.015550 1.015550 1.015550
8524.712891 0.000000 738.146606 0.000000 0.026182 0.000000 -0.999657 1.057843 1.057843 1.057843
8505.404297 0.000000 731.662842 0.000000 0.329490 0.000000 -0.944159 1.046250 1.046250 1.046250
8517.380859 0.000000 756.304382 0.000000 0.647903 0.000000 -0.761723 1.032429 1.032429 1.032429
8508.962891 0.000000 759.919312 0.000000 0.982797 0.000000 -0.184690 1.002782 1.002782 1.002782
8495.227539 0.000000 732.902466 0.000000 0.891575 0.000000 -0.452874 1.017600 1.017600 1.017600
8557.855469 0.000000 672.240173 0.000000 0.762316 0.000000 -0.647205 1.026360 1.026360 1.026360
8565.393555 0.000000 699.155396 0.000000 0.969467 0.000000 -0.245221 1.009278 1.009278 1.009278
8503.210938 0.000000 703.088440 0.000000 0.990552 0.000000 -0.137135 1.005152 1.005152 1.005152
8508.577148 0.000000 729.924683 0.000000 0.999984 0.000000 -0.005662 1.000212 1.000212 1.000212
8506.727539 0.000000 685.279175 0.000000 0.300937 0.000000 -0.953644 1.047377 1.047377 1.047377
8513.096680 0.000000 766.565796 0.000000 0.922658 0.000000 -0.385618 1.022732 1.022732 1.022732
8497.705078 0.000000 707.762268 0.000000 0.481121 0.000000 -0.876654 1.040027 1.040027 1.040027
8508.965820 0.000000 680.974854 0.000000 0.583926 0.000000 -0.811807 1.035473 1.035473 1.035473
8502.237305 0.000000 730.869324 0.000000 0.629871 0.000000 -0.776700 1.033307 1.033307 1.033307
8565.555664 0.000000 695.553223 0.000000 0.318870 0.000000 -0.947798 1.046670 1.046670 1.046670
8517.151367 0.000000 750.222046 0.000000 0.997343 0.000000 -0.072844 1.002730 1.002730 1.002730
8518.007812 0.000000 733.694763 0.000000 0.623955 0.000000 -0.781460 1.033591 1.033591 1.033591
8495.504883 0.000000 687.090393 0.000000 0.999531 0.000000 -0.030618 1.000841 1.000841 1.000841
8520.177734 0.000000 748.936340 0.000000 0.968602 0.000000 -0.248615 1.009409 1.009409 1.009409
8518.751953 0.000000 743.950928 0.000000 0.841340 0.000000 -0.540506 1.021384 1.021384 1.021384
8520.351562 0.000000 757.769409 0.000000 0.039790 0.000000 -0.999208 1.049689 1.049689 1.049689
8499.030273 0.000000 704.214478 0.000000 0.999968 0.000000 -0.008037 1.000301 1.000301 1.000301
8505.779297 0.000000 689.442444 0.000000 0.420776 0.000000 -0.907164 1.036885 1.036885 1.036885
8511.980469 0.000000 735.618774 0.000000 0.496352 0.000000 -0.868122 1.041998 1.041998 1.041998
8514.520508 0.000000 737.205505 0.000000 0.534916 0.000000 -0.844905 1.037687 1.037687 1.037687
8499.394531 0.000000 730.757080 0.000000 0.631151 0.000000 -0.775660 1.033245 1.033245 1.033245
8498.805664 0.000000 726.472717 0.000000 0.503882 0.000000 -0.863772 1.039048 1.039048 1.039048
8523.912109 0.000000 747.166016 0.000000 0.999779 0.000000 -0.021034 1.000788 1.000788 1.000788
8508.637695 0.000000 727.196716 0.000000 0.999292 0.000000 0.037635 0.998590 0.998590 0.998590
8557.773438 0.000000 691.764404 0.000000 0.435725 0.000000 -0.900080 1.033552 1.033552 1.033552
8497.787109 0.000000 733.782471 0.000000 0.999997 0.000000 -0.002604 1.000098 1.000098 1.000098
8504.136719 0.000000 729.057312 0.000000 0.361074 0.000000 -0.932537 1.044989 1.044989 1.044989
8517.734375 0.000000 740.265198 0.000000 0.482017 0.000000 -0.876162 1.045321 1.045321 1.045321
8503.568359 0.000000 726.123901 0.000000 0.660891 0.000000 -0.750482 1.031786 1.031786 1.031786
8515.296875 0.000000 754.990112 0.000000 0.967408 0.000000 -0.253221 1.009587 1.009587 1.009587
8564.197266 0.000000 690.695618 0.000000 0.144612 0.000000 -0.989488 1.053389 1.053389 1.053389
8495.288086 0.000000 708.029419 0.000000 0.567383 0.000000 -0.823454 1.036230 1.036230 1.036230
8495.103516 0.000000 730.480896 0.000000 0.601160 0.000000 -0.799129 1.034671 1.034671 1.034671
8519.237305 0.000000 738.812988 0.000000 0.779042 0.000000 -0.626972 1.045679 1.045679 1.045679
8565.601562 0.000000 701.319641 0.000000 0.681081 0.000000 -0.732208 1.043072 1.043072 1.043072
8521.296875 0.000000 739.912231 0.000000 0.990137 0.000000 -0.140104 1.010528 1.010528 1.010528
8573.464844 0.000000 706.265076 0.000000 0.361799 0.000000 -0.932256 1.044960 1.044960 1.044960
8623.387695 0.000000 691.953186 0.000000 0.203520 0.000000 -0.979071 1.051148 1.051148 1.051148
8633.071289 0.000000 674.472900 0.000000 0.137504 0.000000 -0.990501 1.085853 1.085853 1.085853
8582.405273 0.000000 715.141418 0.000000 0.961170 0.000000 -0.275956 1.002094 1.002094 1.002094
8595.851562 0.000000 683.862366 0.000000 0.858943 0.000000 -0.512072 1.020132 1.020132 1.020132
8625.700195 0.000000 681.772766 0.000000 0.896490 0.000000 -0.443063 1.017189 1.017189 1.017189
8567.184570 0.000000 698.251221 0.000000 0.712454 0.000000 -0.701719 1.042720 1.042720 1.042720
8590.504883 0.000000 677.028564 0.000000 0.994644 0.000000 -0.103361 1.003878 1.003878 1.003878
8608.921875 0.000000 701.964355 0.000000 0.336807 0.000000 -0.941574 1.045959 1.045959 1.045959
8589.872070 0.000000 700.626892 0.000000 0.778124 0.000000 -0.628111 1.003391 1.003391 1.003391
8597.332031 0.000000 709.822144 0.000000 0.999904 0.000000 -0.013861 1.000311 1.000311 1.000311
8628.856445 0.000000 694.331604 0.000000 0.754630 0.000000 -0.656150 1.026802 1.026802 1.026802
8579.128906 0.000000 704.300659 0.000000 0.479141 0.000000 -0.877738 1.040112 1.040112 1.040112
8627.933594 0.000000 676.642212 0.000000 0.063393 0.000000 -0.997989 1.112896 1.112896 1.112896
8610.915039 0.000000 696.266785 0.000000 0.401786 0.000000 -0.915734 1.043340 1.043340 1.043340
8580.216797 0.000000 710.631165 0.000000 0.525880 0.000000 -0.850559 1.038087 1.038087 1.038087
8604.611328 0.000000 699.799255 0.000000 0.933379 0.000000 -0.358892 1.013747 1.013747 1.013747
8593.337891 0.000000 673.672241 0.000000 0.244787 0.000000 -0.969577 1.049563 1.049563 1.049563
8632.004883 0.000000 678.354492 0.000000 0.987667 0.000000 -0.156569 1.009812 1.009812 1.009812
8599.315430 0.000000 706.343933 0.000000 0.864154 0.000000 -0.503228 1.011849 1.011849 1.011849
8577.185547 0.000000 707.928162 0.000000 0.442914 0.000000 -0.896564 1.041641 1.041641 1.041641
8593.032227 0.000000 680.702454 0.000000 0.268650 0.000000 -0.963238 1.048638 1.048638 1.048638
8609.113281 0.000000 692.821411 0.000000 0.580154 0.000000 -0.814506 1.026140 1.026140 1.026140
8575.203125 0.000000 703.088440 0.000000 0.183051 0.000000 -0.983103 1.051930 1.051930 1.051930
8599.708008 0.000000 675.270264 0.000000 0.968703 0.000000 -0.248223 1.004384 1.004384 1.004384
8589.843750 0.000000 704.374939 0.000000 0.697459 0.000000 -0.716624 1.029919 1.029919 1.029919
8583.885742 0.000000 711.239624 0.000000 0.990950 0.000000 -0.134230 1.005042 1.005042 1.005042
8607.985352 0.000000 698.403076 0.000000 0.357994 0.000000 -0.933724 1.045113 1.045113 1.045113
8625.736328 0.000000 685.254089 0.000000 0.961972 0.000000 -0.273146 1.020030 1.020030 1.020030
8626.858398 0.000000 691.313110 0.000000 0.999858 0.000000 -0.016840 1.000631 1.000631 1.000631
8578.719727 0.000000 685.279175 0.000000 0.556556 0.000000 -0.830810 1.036720 1.036720 1.036720
8569.697266 0.000000 707.762268 0.000000 0.888490 0.000000 -0.458896 1.017853 1.017853 1.017853
8624.777344 0.000000 688.487061 0.000000 0.975632 0.000000 -0.219413 1.008284 1.008284 1.008284
8580.353516 0.000000 707.309021 0.000000 0.694295 0.000000 -0.719691 1.030084 1.030084 1.030084
8625.023438 0.000000 675.283630 0.000000 0.156973 0.000000 -0.987603 1.052921 1.052921 1.052921
8580.958008 0.000000 680.974854 0.000000 0.773315 0.000000 -0.634022 1.025717 1.025717 1.025717
8595.518555 0.000000 706.901306 0.000000 0.966766 0.000000 -0.255664 1.009682 1.009682 1.009682
8625.326172 0.000000 678.699707 0.000000 0.528128 0.000000 -0.849165 1.040520 1.040520 1.040520
8635.786133 0.000000 682.838562 0.000000 0.152547 0.000000 -0.988296 1.053089 1.053089 1.053089
8606.268555 0.000000 674.540833 0.000000 0.714884 0.000000 -0.699243 1.021265 1.021265 1.021265
8577.771484 0.000000 689.442444 0.000000 0.595445 0.000000 -0.803396 1.023292 1.023292 1.023292
8602.049805 0.000000 697.963501 0.000000 0.327636 0.000000 -0.944804 1.046323 1.046323 1.046323
8604.291016 0.000000 684.917358 0.000000 0.693186 0.000000 -0.720759 1.024114 1.024114 1.024114
8596.511719 0.000000 675.006287 0.000000 0.889027 0.000000 -0.457855 1.013060 1.013060 1.013060
8625.526367 0.000000 693.926270 0.000000 0.549395 0.000000 -0.835563 1.037042 1.037042 1.037042
8593.931641 0.000000 709.554871 0.000000 0.931456 0.000000 -0.363854 1.013946 1.013946 1.013946
8568.275391 0.000000 695.460815 0.000000 0.674795 0.000000 -0.738005 1.031086 1.031086 1.031086
8574.615234 0.000000 709.164856 0.000000 0.354376 0.000000 -0.935103 1.045258 1.045258 1.045258
8610.766602 0.000000 699.414001 0.000000 0.319199 0.000000 -0.947688 1.046657 1.046657 1.046657
8579.770508 0.000000 713.478882 0.000000 0.966393 0.000000 -0.257068 1.009736 1.009736 1.009736
8634.705078 0.000000 676.855957 0.000000 0.746457 0.000000 -0.665434 1.043624 1.043624 1.043624
8607.857422 0.000000 680.103027 0.000000 0.871512 0.000000 -0.490374 1.019193 1.019193 1.019193
8627.377930 0.000000 673.579407 0.000000 0.910402 0.000000 -0.413725 1.015973 1.015973 1.015973
8630.530273 0.000000 675.618896 0.000000 0.917925 0.000000 -0.396754 1.024445 1.024445 1.024445
8593.304688 0.000000 676.838745 0.000000 0.761277 0.000000 -0.648427 1.026420 1.026420 1.026420
8590.615234 0.000000 673.248413 0.000000 0.240895 0.000000 -0.970551 1.049713 1.049713 1.049713
8576.065430 0.000000 684.262878 0.000000 0.271814 0.000000 -0.962350 1.048515 1.048515 1.048515
8629.765625 0.000000 691.764404 0.000000 0.326125 0.000000 -0.945327 1.046383 1.046383 1.046383
8583.196289 0.000000 686.816895 0.000000 0.327357 0.000000 -0.944901 1.037068 1.037068 1.037068
8590.680664 0.000000 679.751953 0.000000 0.474268 0.000000 -0.880380 1.040319 1.040319 1.040319
8586.153320 0.000000 705.965454 0.000000 0.973188 0.000000 -0.230011 1.008691 1.008691 1.008691
8585.400391 0.000000 672.022583 0.000000 0.708544 0.000000 -0.705667 1.029336 1.029336 1.029336
8575.950195 0.000000 705.665283 0.000000 0.972805 0.000000 -0.231626 1.008754 1.008754 1.008754
8588.095703 0.000000 675.869873 0.000000 0.558379 0.000000 -0.829586 1.036638 1.036638 1.036638
8604.439453 0.000000 697.195312 0.000000 0.999048 0.000000 0.043614 0.998366 0.998366 0.998366
8582.300781 0.000000 709.219055 0.000000 0.513498 0.000000 -0.858091 1.038629 1.038629 1.038629
8592.514648 0.000000 683.075073 0.000000 0.645814 0.000000 -0.763495 1.032531 1.032531 1.032531
8632.529297 0.000000 672.061829 0.000000 0.492155 0.000000 -0.870508 1.039554 1.039554 1.039554
8635.663086 0.000000 674.564026 0.000000 0.382869 0.000000 -0.923803 1.052932 1.052932 1.052932
8629.569336 0.000000 678.343689 0.000000 0.961180 0.000000 -0.275922 1.020937 1.020937 1.020937
8629.685547 0.000000 686.252197 0.000000 0.465681 0.000000 -0.884953 1.067806 1.067806 1.067806
8627.404297 0.000000 679.040039 0.000000 0.273081 0.000000 -0.961991 1.077545 1.077545 1.077545
8632.433594 0.000000 676.346069 0.000000 0.975698 0.000000 -0.219119 1.016546 1.016546 1.016546
8629.198242 0.000000 674.269531 0.000000 0.141875 0.000000 -0.989885 1.082022 1.082022 1.082022
8633.868164 0.000000 678.537842 0.000000 0.973528 0.000000 -0.228568 1.014393 1.014393 1.014393
8627.266602 0.000000 684.009644 0.000000 0.947303 0.000000 -0.320338 1.024423 1.024423 1.024423
8673.196289 0.000000 643.859863 0.000000 0.769347 0.000000 -0.638832 1.025951 1.025951 1.025951
8665.527344 0.000000 630.117676 0.000000 0.445897 0.000000 -0.895084 1.033213 1.033213 1.033213
8709.208984 0.000000 636.391235 0.000000 0.277804 0.000000 -0.960638 1.096563 1.096563 1.096563
8669.382812 0.000000 620.651855 0.000000 0.593475 0.000000 -0.804852 1.014012 1.014012 1.014012
8664.177734 0.000000 645.227478 0.000000 0.398471 0.000000 -0.917181 1.037679 1.037679 1.037679
8706.830078 0.000000 628.245178 0.000000 0.744535 0.000000 -0.667583 1.009124 1.009124 1.009124
8670.239258 0.000000 636.367371 0.000000 0.961800 0.000000 -0.273754 1.007615 1.007615 1.007615
8651.680664 0.000000 653.409668 0.000000 0.984926 0.000000 -0.172976 1.006510 1.006510 1.006510
8703.122070 0.000000 633.959412 0.000000 0.729671 0.000000 -0.683798 1.028197 1.028197 1.028197
8673.804688 0.000000 654.078735 0.000000 0.136931 0.000000 -0.990581 1.053680 1.053680 1.053680
8667.013672 0.000000 660.119751 0.000000 0.249848 0.000000 -0.968285 1.013165 1.013165 1.013165
8664.854492 0.000000 639.026978 0.000000 0.290914 0.000000 -0.956749 1.022292 1.022292 1.022292
8681.771484 0.000000 663.020752 0.000000 0.394796 0.000000 -0.918769 1.031992 1.031992 1.031992
8655.648438 0.000000 642.647217 0.000000 0.552311 0.000000 -0.833638 1.031990 1.031990 1.031990
8681.986328 0.000000 632.039307 0.000000 0.999843 0.000000 0.017695 0.999558 0.999558 0.999558
8665.417969 0.000000 624.751099 0.000000 0.247214 0.000000 -0.968961 1.049469 1.049469 1.049469
8672.910156 0.000000 659.034607 0.000000 0.202700 0.000000 -0.979241 1.051180 1.051180 1.051180
8675.426758 0.000000 635.711426 0.000000 0.855644 0.000000 -0.517564 1.020372 1.020372 1.020372
8697.349609 0.000000 630.313721 0.000000 0.834383 0.000000 -0.551185 1.010202 1.010202 1.010202
8676.600586 0.000000 662.219055 0.000000 0.740449 0.000000 -0.672113 1.027601 1.027601 1.027601
8661.447266 0.000000 641.720886 0.000000 0.855141 0.000000 -0.518395 1.020408 1.020408 1.020408
8711.013672 0.000000 628.900635 0.000000 0.150350 0.000000 -0.988633 1.053172 1.053172 1.053172
8705.041016 0.000000 637.680054 0.000000 0.809117 0.000000 -0.587647 1.047046 1.047046 1.047046
8708.039062 0.000000 632.425842 0.000000 0.999896 0.000000 -0.014440 1.001009 1.001009 1.001009
8708.327148 0.000000 640.376343 0.000000 0.996732 0.000000 -0.080782 1.004240 1.004240 1.004240
8669.591797 0.000000 657.013062 0.000000 0.692817 0.000000 -0.721113 1.030161 1.030161 1.030161
8668.479492 0.000000 627.170959 0.000000 0.576672 0.000000 -0.816976 1.035806 1.035806 1.035806
8649.958984 0.000000 649.797546 0.000000 0.392981 0.000000 -0.919546 1.043699 1.043699 1.043699
8700.802734 0.000000 637.339966 0.000000 0.997532 0.000000 0.070220 0.996666 0.996666 0.996666
8678.921875 0.000000 634.262878 0.000000 0.850689 0.000000 -0.525670 1.020728 1.020728 1.020728
8642.549805 0.000000 657.466003 0.000000 0.130834 0.000000 -0.991404 1.053910 1.053910 1.053910
8699.644531 0.000000 633.045654 0.000000 0.803276 0.000000 -0.595607 1.023893 1.023893 1.023893
8660.788086 0.000000 623.827759 0.000000 0.116798 0.000000 -0.993156 1.032664 1.032664 1.032664
8647.376953 0.000000 652.195801 0.000000 0.952303 0.000000 -0.305153 1.011613 1.011613 1.011613
8642.810547 0.000000 648.145081 0.000000 1.000000 0.000000 0.000381 0.999986 0.999986 0.999986
8681.441406 0.000000 641.424866 0.000000 0.488796 0.000000 -0.872398 1.031759 1.031759 1.031759
8669.929688 0.000000 623.946289 0.000000 0.602671 0.000000 -0.797990 1.029987 1.029987 1.029987
8661.992188 0.000000 637.710388 0.000000 0.893924 0.000000 -0.448219 1.017405 1.017405 1.017405
8662.736328 0.000000 647.966553 0.000000 0.766183 0.000000 -0.642623 1.020909 1.020909 1.020909
8658.504883 0.000000 641.221130 0.000000 0.602415 0.000000 -0.798183 1.034612 1.034612 1.034612
8670.672852 0.000000 645.808105 0.000000 0.273416 0.000000 -0.961896 1.038762 1.038762 1.038762
8702.145508 0.000000 639.951416 0.000000 0.243303 0.000000 -0.969950 1.099240 1.099240 1.099240
8663.412109 0.000000 622.674255 0.000000 0.568946 0.000000 -0.822375 1.036159 1.036159 1.036159
8671.498047 0.000000 641.516968 0.000000 0.843158 0.000000 -0.537666 1.021258 1.021258 1.021258
8710.812500 0.000000 631.866760 0.000000 0.406674 0.000000 -0.913573 1.043140 1.043140 1.043140
8676.282227 0.000000 638.736572 0.000000 0.842628 0.000000 -0.538495 1.021295 1.021295 1.021295
8644.081055 0.000000 651.190125 0.000000 0.442840 0.000000 -0.896601 1.041644 1.041644 1.041644
8673.890625 0.000000 661.713928 0.000000 0.997660 0.000000 0.068371 0.997438 0.997438 0.997438
8665.589844 0.000000 627.418701 0.000000 0.875178 0.000000 -0.483801 1.018911 1.018911 1.018911
8657.033203 0.000000 644.967468 0.000000 0.998342 0.000000 0.057568 0.998131 0.998131 0.998131
8672.872070 0.000000 636.959961 0.000000 0.824150 0.000000 -0.566372 1.022547 1.022547 1.022547
8675.611328 0.000000 659.663086 0.000000 0.213834 0.000000 -0.976870 1.050753 1.050753 1.050753
8674.679688 0.000000 664.262390 0.000000 0.103515 0.000000 -0.994628 1.043952 1.043952 1.043952
8710.907227 0.000000 634.389526 0.000000 0.118942 0.000000 -0.992901 1.068854 1.068854 1.068854
8661.718750 0.000000 644.280823 0.000000 0.999619 0.000000 -0.027591 1.001033 1.001033 1.001033
8708.800781 0.000000 630.055115 0.000000 0.690874 0.000000 -0.722975 1.032279 1.032279 1.032279
8706.866211 0.000000 642.510315 0.000000 0.650386 0.000000 -0.759604 1.032307 1.032307 1.032307
8645.041016 0.000000 657.652161 0.000000 0.953345 0.000000 -0.301883 1.011484 1.011484 1.011484
8710.241211 0.000000 638.560242 0.000000 0.302211 0.000000 -0.953241 1.063102 1.063102 1.063102
8707.634766 0.000000 638.048706 0.000000 0.643281 0.000000 -0.765630 1.065311 1.065311 1.065311
8708.396484 0.000000 634.497925 0.000000 0.162067 0.000000 -0.986780 1.105455 1.105455 1.105455
8704.060547 0.000000 640.040344 0.000000 0.978731 0.000000 -0.205147 1.015475 1.015475 1.015475
8707.342773 0.000000 636.173706 0.000000 0.779081 0.000000 -0.626924 1.050750 1.050750 1.050750
8711.250000 0.000000 641.236084 0.000000 0.999347 0.000000 -0.036138 1.001354 1.001354 1.001354
8718.023438 0.000000 649.121460 0.000000 0.990951 0.000000 -0.134223 1.003361 1.003361 1.003361
8719.367188 0.000000 623.265076 0.000000 0.997595 0.000000 -0.069310 1.002598 1.002598 1.002598
8719.678711 0.000000 616.577759 0.000000 0.779811 0.000000 -0.626015 1.010132 1.010132 1.010132
8715.229492 0.000000 627.442322 0.000000 0.999745 0.000000 0.022566 0.998648 0.998648 0.998648
8720.583008 0.000000 665.571106 0.000000 0.398343 0.000000 -0.917237 1.014494 1.014494 1.014494
8746.973633 0.000000 671.383423 0.000000 0.985234 0.000000 -0.171213 1.002148 1.002148 1.002148
8715.143555 0.000000 618.694031 0.000000 0.999661 0.000000 -0.026050 1.000976 1.000976 1.000976
8711.138672 0.000000 661.897095 0.000000 0.880970 0.000000 -0.473173 1.012305 1.012305 1.012305
8717.441406 0.000000 631.635437 0.000000 0.999255 0.000000 -0.038585 1.001349 1.001349 1.001349
8735.856445 0.000000 668.303772 0.000000 0.097762 0.000000 -0.995210 1.084574 1.084574 1.084574
8715.170898 0.000000 623.047180 0.000000 0.869821 0.000000 -0.493368 1.019322 1.019322 1.019322
8711.204102 0.000000 636.918091 0.000000 0.971099 0.000000 -0.238676 1.012033 1.012033 1.012033
8714.541992 0.000000 657.466003 0.000000 0.791755 0.000000 -0.610839 1.024608 1.024608 1.024608
8712.139648 0.000000 625.449890 0.000000 1.000000 0.000000 0.000273 0.999987 0.999987 0.999987
8729.073242 0.000000 670.581421 0.000000 0.521382 0.000000 -0.853323 1.076569 1.076569 1.076569
8718.642578 0.000000 619.830627 0.000000 0.923008 0.000000 -0.384780 1.013805 1.013805 1.013805
8714.802734 0.000000 648.145081 0.000000 0.694991 0.000000 -0.719019 1.030048 1.030048 1.030048
8719.989258 0.000000 662.327637 0.000000 0.531981 0.000000 -0.846756 1.037817 1.037817 1.037817
8737.646484 0.000000 670.680420 0.000000 0.992049 0.000000 -0.125855 1.009451 1.009451 1.009451
8712.432617 0.000000 664.434387 0.000000 0.657327 0.000000 -0.753605 1.031963 1.031963 1.031963
8716.073242 0.000000 651.190125 0.000000 0.937513 0.000000 -0.347951 1.013309 1.013309 1.013309
8718.098633 0.000000 664.318787 0.000000 0.688140 0.000000 -0.725578 1.030403 1.030403 1.030403
8713.763672 0.000000 637.798096 0.000000 0.998045 0.000000 0.062493 0.997658 0.997658 0.997658
8713.625977 0.000000 620.843140 0.000000 0.750877 0.000000 -0.660442 1.027015 1.027015 1.027015
8726.250977 0.000000 670.989990 0.000000 0.420021 0.000000 -0.907514 1.056788 1.056788 1.056788
8735.481445 0.000000 670.510864 0.000000 0.903391 0.000000 -0.428817 1.033193 1.033193 1.033193
8737.885742 0.000000 668.109863 0.000000 0.297975 0.000000 -0.954574 1.072822 1.072822 1.072822
8739.773438 0.000000 670.998108 0.000000 0.349264 0.000000 -0.937024 1.084863 1.084863 1.084863
8745.188477 0.000000 739.844238 0.000000 0.145435 0.000000 -0.989368 1.053358 1.053358 1.053358
8750.076172 0.000000 695.295349 0.000000 0.354391 0.000000 -0.935097 1.117669 1.117669 1.117669
8741.566406 0.000000 672.200989 0.000000 0.167947 0.000000 -0.985796 1.084007 1.084007 1.084007
8758.206055 0.000000 731.306030 0.000000 0.214157 0.000000 -0.976799 1.050741 1.050741 1.050741
8737.519531 0.000000 726.102051 0.000000 0.618298 0.000000 -0.785944 1.031604 1.031604 1.031604
8739.176758 0.000000 749.884705 0.000000 0.996164 0.000000 -0.087508 1.004812 1.004812 1.004812
8748.556641 0.000000 726.856140 0.000000 0.968823 0.000000 -0.247753 1.006250 1.006250 1.006250
8768.891602 0.000000 731.596130 0.000000 0.912550 0.000000 -0.408965 1.028400 1.028400 1.028400
8736.169922 0.000000 741.211853 0.000000 0.889516 0.000000 -0.456904 1.007108 1.007108 1.007108
8734.489258 0.000000 677.028564 0.000000 0.999790 0.000000 -0.020473 1.001533 1.001533 1.001533
8769.528320 0.000000 713.969177 0.000000 0.994810 0.000000 -0.101755 1.003817 1.003817 1.003817
8764.482422 0.000000 724.915588 0.000000 0.197326 0.000000 -0.980338 1.017128 1.017128 1.017128
8756.847656 0.000000 691.743774 0.000000 0.999624 0.000000 0.027410 0.998973 0.998973 0.998973
8743.708984 0.000000 699.998962 0.000000 0.997699 0.000000 0.067794 0.997459 0.997459 0.997459
8773.806641 0.000000 707.236755 0.000000 0.543333 0.000000 -0.839517 1.037313 1.037313 1.037313
8744.901367 0.000000 678.701294 0.000000 0.709129 0.000000 -0.705079 1.015629 1.015629 1.015629
8775.114258 0.000000 729.943787 0.000000 0.487580 0.000000 -0.873078 1.039751 1.039751 1.039751
8736.279297 0.000000 689.167786 0.000000 0.422172 0.000000 -0.906516 1.011334 1.011334 1.011334
8739.005859 0.000000 756.104126 0.000000 0.943458 0.000000 -0.331492 1.005905 1.005905 1.005905
8756.747070 0.000000 737.037354 0.000000 0.978017 0.000000 -0.208526 1.002622 1.002622 1.002622
8762.300781 0.000000 693.924255 0.000000 0.831782 0.000000 -0.555103 1.022038 1.022038 1.022038
8734.646484 0.000000 730.348511 0.000000 0.682946 0.000000 -0.730469 1.026581 1.026581 1.026581
8742.539062 0.000000 726.865234 0.000000 0.315066 0.000000 -0.949070 1.034335 1.034335 1.034335
8747.418945 0.000000 731.695801 0.000000 0.970749 0.000000 -0.240097 1.009080 1.009080 1.009080
8754.899414 0.000000 696.266785 0.000000 0.743005 0.000000 -0.669286 1.025628 1.025628 1.025628
8769.341797 0.000000 726.298096 0.000000 0.650262 0.000000 -0.759710 1.045238 1.045238 1.045238
8744.988281 0.000000 695.099915 0.000000 0.998654 0.000000 0.051861 0.996114 0.996114 0.996114
8740.689453 0.000000 738.146606 0.000000 0.877817 0.000000 -0.478996 1.018706 1.018706 1.018706
8769.122070 0.000000 704.183533 0.000000 0.736836 0.000000 -0.676072 1.011121 1.011121 1.011121
8723.921875 0.000000 677.783386 0.000000 0.589969 0.000000 -0.807426 1.009385 1.009385 1.009385
8760.683594 0.000000 689.380920 0.000000 0.653142 0.000000 -0.757235 1.032171 1.032171 1.032171
8735.703125 0.000000 752.548096 0.000000 0.365818 0.000000 -0.930687 1.044799 1.044799 1.044799
8773.264648 0.000000 711.570557 0.000000 0.329387 0.000000 -0.944195 1.046254 1.046254 1.046254
8760.729492 0.000000 734.766907 0.000000 0.936960 0.000000 -0.349437 1.013368 1.013368 1.013368
8737.322266 0.000000 673.672241 0.000000 0.994675 0.000000 -0.103058 1.007732 1.007732 1.007732
8737.607422 0.000000 745.539673 0.000000 0.977828 0.000000 -0.209411 1.003687 1.003687 1.003687
8738.811523 0.000000 699.464417 0.000000 0.429182 0.000000 -0.903218 1.042212 1.042212 1.042212
8738.851562 0.000000 729.977539 0.000000 0.184248 0.000000 -0.982880 1.051884 1.051884 1.051884
8747.281250 0.000000 687.784058 0.000000 0.332233 0.000000 -0.943197 1.024608 1.024608 1.024608
8723.261719 0.000000 672.392456 0.000000 0.511626 0.000000 -0.859209 1.020646 1.020646 1.020646
8743.692383 0.000000 675.270264 0.000000 0.431686 0.000000 -0.902024 1.042108 1.042108 1.042108
8742.572266 0.000000 748.102417 0.000000 0.555641 0.000000 -0.831422 1.051466 1.051466 1.051466
8732.132812 0.000000 679.830750 0.000000 0.144813 0.000000 -0.989459 1.056940 1.056940 1.056940
8751.969727 0.000000 698.403076 0.000000 0.998893 0.000000 -0.047041 1.002467 1.002467 1.002467
8771.636719 0.000000 729.030029 0.000000 0.261760 0.000000 -0.965133 1.061947 1.061947 1.061947
8765.375000 0.000000 695.875183 0.000000 0.984089 0.000000 -0.177675 1.004905 1.004905 1.004905
8774.549805 0.000000 714.943176 0.000000 0.108696 0.000000 -0.994075 1.040146 1.040146 1.040146
8739.699219 0.000000 741.510437 0.000000 0.608783 0.000000 -0.793337 1.034313 1.034313 1.034313
8762.725586 0.000000 697.932495 0.000000 0.946215 0.000000 -0.323537 1.009048 1.009048 1.009048
8738.000977 0.000000 691.997559 0.000000 0.708483 0.000000 -0.705728 1.033251 1.033251 1.033251
8777.039062 0.000000 727.232239 0.000000 0.790881 0.000000 -0.611970 1.024662 1.024662 1.024662
8740.150391 0.000000 734.823242 0.000000 0.854498 0.000000 -0.519455 1.020455 1.020455 1.020455
8733.127930 0.000000 750.222046 0.000000 0.092467 0.000000 -0.995716 1.033213 1.033213 1.033213
8754.287109 0.000000 689.792725 0.000000 0.407386 0.000000 -0.913256 1.043111 1.043111 1.043111
8746.034180 0.000000 697.963501 0.000000 0.315004 0.000000 -0.949090 1.093646 1.093646 1.093646
8742.665039 0.000000 741.792480 0.000000 0.523368 0.000000 -0.852107 1.038197 1.038197 1.038197
8738.573242 0.000000 753.219666 0.000000 0.868378 0.000000 -0.495902 1.019431 1.019431 1.019431
8736.042969 0.000000 698.607483 0.000000 0.980109 0.000000 -0.198460 1.007482 1.007482 1.007482
8724.579102 0.000000 674.981567 0.000000 0.938749 0.000000 -0.344603 1.016688 1.016688 1.016688
8736.824219 0.000000 732.119934 0.000000 0.542063 0.000000 -0.840338 1.037370 1.037370 1.037370
8743.490234 0.000000 737.501343 0.000000 0.038501 0.000000 -0.999259 1.057381 1.057381 1.057381
8748.274414 0.000000 734.720947 0.000000 0.825288 0.000000 -0.564713 1.022472 1.022472 1.022472
8761.737305 0.000000 732.159363 0.000000 0.108122 0.000000 -0.994138 1.054767 1.054767 1.054767
8737.289062 0.000000 676.838745 0.000000 0.392245 0.000000 -0.919861 1.087458 1.087458 1.087458
8741.666016 0.000000 729.482971 0.000000 0.887575 0.000000 -0.460664 1.017928 1.017928 1.017928
8740.934570 0.000000 701.181702 0.000000 0.933035 0.000000 -0.359786 1.013782 1.013782 1.013782
8749.858398 0.000000 732.625244 0.000000 0.893040 0.000000 -0.449977 1.017479 1.017479 1.017479
8744.124023 0.000000 745.840210 0.000000 0.985891 0.000000 -0.167388 1.006298 1.006298 1.006298
8766.097656 0.000000 731.215820 0.000000 0.514583 0.000000 -0.857441 1.043726 1.043726 1.043726
8742.404297 0.000000 677.546326 0.000000 0.756993 0.000000 -0.653423 1.026667 1.026667 1.026667
8740.144531 0.000000 690.574219 0.000000 0.042976 0.000000 -0.999076 1.083913 1.083913 1.083913
8772.067383 0.000000 709.129272 0.000000 0.999353 0.000000 0.035961 0.998653 0.998653 0.998653
8754.843750 0.000000 735.222656 0.000000 0.998181 0.000000 0.060280 0.997741 0.997741 0.997741
8756.863281 0.000000 697.875305 0.000000 0.964132 0.000000 -0.265424 1.009390 1.009390 1.009390
8772.082031 0.000000 714.089111 0.000000 0.296602 0.000000 -0.955001 1.047547 1.047547 1.047547
8729.384766 0.000000 672.022583 0.000000 0.814951 0.000000 -0.579530 1.046297 1.046297 1.046297
8732.080078 0.000000 675.869873 0.000000 0.905317 0.000000 -0.424737 1.032855 1.032855 1.032855
8747.385742 0.000000 694.207886 0.000000 0.627897 0.000000 -0.778296 1.066804 1.066804 1.066804
8766.967773 0.000000 725.315308 0.000000 0.947860 0.000000 -0.318687 1.013766 1.013766 1.013766
8750.658203 0.000000 692.078430 0.000000 0.043836 0.000000 -0.999039 1.152484 1.152484 1.152484
8744.018555 0.000000 730.574951 0.000000 0.829367 0.000000 -0.558705 1.032560 1.032560 1.032560
8745.200195 0.000000 692.642517 0.000000 0.727220 0.000000 -0.686405 1.056662 1.056662 1.056662
8748.423828 0.000000 697.195312 0.000000 0.916457 0.000000 -0.400133 1.030832 1.030832 1.030832
8762.208984 0.000000 691.424988 0.000000 0.919775 0.000000 -0.392445 1.015102 1.015102 1.015102
8755.324219 0.000000 693.769043 0.000000 0.652491 0.000000 -0.757796 1.032203 1.032203 1.032203
8773.689453 0.000000 719.455994 0.000000 0.916795 0.000000 -0.399358 1.015384 1.015384 1.015384
8748.286133 0.000000 729.271057 0.000000 0.355581 0.000000 -0.934645 1.045210 1.045210 1.045210
8768.919922 0.000000 723.954041 0.000000 0.565135 0.000000 -0.824999 1.055709 1.055709 1.055709
8768.190430 0.000000 711.972595 0.000000 0.893928 0.000000 -0.448210 1.017405 1.017405 1.017405
8771.847656 0.000000 726.558228 0.000000 0.978505 0.000000 -0.206225 1.008297 1.008297 1.008297
8749.050781 0.000000 689.485962 0.000000 0.848235 0.000000 -0.529620 1.022295 1.022295 1.022295
8730.199219 0.000000 678.539551 0.000000 0.591458 0.000000 -0.806336 1.046832 1.046832 1.046832
8742.653320 0.000000 695.029541 0.000000 0.874782 0.000000 -0.484516 1.037883 1.037883 1.037883
8746.831055 0.000000 689.973022 0.000000 0.999745 0.000000 0.022561 0.998930 0.998930 0.998930
8729.020508 0.000000 674.311951 0.000000 0.782255 0.000000 -0.622958 1.050369 1.050369 1.050369
8735.634766 0.000000 675.238098 0.000000 0.606096 0.000000 -0.795392 1.068879 1.068879 1.068879
8752.417969 0.000000 690.738708 0.000000 0.899304 0.000000 -0.437325 1.029380 1.029380 1.029380
8749.199219 0.000000 693.512512 0.000000 0.662696 0.000000 -0.748888 1.063391 1.063391 1.063391
8746.683594 0.000000 696.107239 0.000000 0.593466 0.000000 -0.804859 1.070061 1.070061 1.070061
8738.490234 0.000000 675.297485 0.000000 0.218173 0.000000 -0.975910 1.101174 1.101174 1.101174
8751.353516 0.000000 693.866089 0.000000 0.658223 0.000000 -0.752823 1.085116 1.085116 1.085116
8733.657227 0.000000 674.855164 0.000000 0.671884 0.000000 -0.740656 1.062467 1.062467 1.062467
8753.672852 0.000000 697.642273 0.000000 0.609386 0.000000 -0.792874 1.070854 1.070854 1.070854
8767.756836 0.000000 727.201965 0.000000 0.672740 0.000000 -0.739879 1.062381 1.062381 1.062381
8751.231445 0.000000 696.693481 0.000000 0.613668 0.000000 -0.789564 1.068163 1.068163 1.068163
8740.882812 0.000000 748.711426 0.000000 0.542182 0.000000 -0.840261 1.067256 1.067256 1.067256
8733.000000 0.000000 672.464050 0.000000 0.997050 0.000000 -0.076757 1.005754 1.005754 1.005754
8743.805664 0.000000 693.745239 0.000000 0.956118 0.000000 -0.292981 1.022270 1.022270 1.022270
8750.505859 0.000000 690.337158 0.000000 0.999750 0.000000 0.022339 0.997825 0.997825 0.997825
8349.248047 0.000000 828.359985 0.000000 0.952189 0.000000 -0.305510 1.005426 1.005426 1.005426
8345.458984 0.000000 850.766174 0.000000 0.782353 0.000000 -0.622835 1.006714 1.006714 1.006714
8325.663086 0.000000 838.955200 0.000000 0.804645 0.000000 -0.593757 1.023807 1.023807 1.023807
8336.938477 0.000000 827.580505 0.000000 0.993290 0.000000 -0.115649 1.004341 1.004341 1.004341
8347.475586 0.000000 841.315796 0.000000 0.995878 0.000000 -0.090706 1.006803 1.006803 1.006803
8331.719727 0.000000 833.849548 0.000000 0.964194 0.000000 -0.265197 1.008711 1.008711 1.008711
8343.161133 0.000000 825.928162 0.000000 0.998546 0.000000 -0.053907 1.002020 1.002020 1.002020
8324.793945 0.000000 833.021729 0.000000 0.278528 0.000000 -0.960428 1.038603 1.038603 1.038603
8319.833008 0.000000 836.468994 0.000000 0.301112 0.000000 -0.953589 1.047370 1.047370 1.047370
8343.452148 0.000000 838.467773 0.000000 0.028779 0.000000 -0.999586 1.103942 1.103942 1.103942
8333.294922 0.000000 829.812561 0.000000 0.930270 0.000000 -0.366876 1.014067 1.014067 1.014067
8328.776367 0.000000 830.751282 0.000000 0.308150 0.000000 -0.951338 1.028256 1.028256 1.028256
8334.666016 0.000000 836.655762 0.000000 0.743395 0.000000 -0.668852 1.040241 1.040241 1.040241
8340.841797 0.000000 829.308716 0.000000 0.997392 0.000000 0.072174 0.997295 0.997295 0.997295
8344.906250 0.000000 844.263428 0.000000 0.389939 0.000000 -0.920841 1.087646 1.087646 1.087646
8340.699219 0.000000 841.013062 0.000000 0.589777 0.000000 -0.807566 1.070404 1.070404 1.070404
8349.449219 0.000000 850.143921 0.000000 0.646940 0.000000 -0.762541 1.032476 1.032476 1.032476
8339.683594 0.000000 825.014404 0.000000 0.995831 0.000000 -0.091214 1.003421 1.003421 1.003421
8327.852539 0.000000 834.731689 0.000000 0.152184 0.000000 -0.988352 1.042482 1.042482 1.042482
8323.301758 0.000000 836.254211 0.000000 0.962257 0.000000 -0.272141 1.010321 1.010321 1.010321
8341.399414 0.000000 835.344543 0.000000 0.545277 0.000000 -0.838256 1.037226 1.037226 1.037226
8321.480469 0.000000 833.393616 0.000000 0.098575 0.000000 -0.995130 1.044101 1.044101 1.044101
8344.348633 0.000000 847.544373 0.000000 0.047510 0.000000 -0.998871 1.114087 1.114087 1.114087
8349.899414 0.000000 843.343201 0.000000 0.874571 0.000000 -0.484898 1.037916 1.037916 1.037916
8350.183594 0.000000 839.368652 0.000000 0.924334 0.000000 -0.381584 1.014661 1.014661 1.014661
8333.249023 0.000000 843.730103 0.000000 0.854960 0.000000 -0.518695 1.020421 1.020421 1.020421
8342.184570 0.000000 831.920166 0.000000 0.779187 0.000000 -0.626792 1.027060 1.027060 1.027060
8328.578125 0.000000 840.504211 0.000000 0.418320 0.000000 -0.908300 1.042661 1.042661 1.042661
8337.253906 0.000000 835.389282 0.000000 0.418649 0.000000 -0.908148 1.065393 1.065393 1.065393
8345.411133 0.000000 836.461792 0.000000 0.003252 0.000000 -0.999995 1.078269 1.078269 1.078269
8338.958984 0.000000 843.102600 0.000000 0.814519 0.000000 -0.580138 1.038628 1.038628 1.038628
8334.144531 0.000000 827.200195 0.000000 0.506673 0.000000 -0.862138 1.038926 1.038926 1.038926
8331.281250 0.000000 831.445679 0.000000 0.099153 0.000000 -0.995072 1.055104 1.055104 1.055104
8322.539062 0.000000 838.569153 0.000000 0.496030 0.000000 -0.868305 1.039387 1.039387 1.039387
8347.514648 0.000000 844.160400 0.000000 0.879808 0.000000 -0.475329 1.037099 1.037099 1.037099
8334.774414 0.000000 839.029968 0.000000 0.375892 0.000000 -0.926664 1.071028 1.071028 1.071028
8341.725586 0.000000 847.186035 0.000000 0.427665 0.000000 -0.903937 1.050730 1.050730 1.050730
8347.673828 0.000000 830.017456 0.000000 0.424571 0.000000 -0.905394 1.050884 1.050884 1.050884
8338.474609 0.000000 840.382080 0.000000 0.742069 0.000000 -0.670323 1.055022 1.055022 1.055022
8339.133789 0.000000 830.695312 0.000000 0.999507 0.000000 -0.031388 1.001646 1.001646 1.001646
8336.508789 0.000000 837.827332 0.000000 0.826030 0.000000 -0.563626 1.029897 1.029897 1.029897
8345.961914 0.000000 842.544006 0.000000 0.211728 0.000000 -0.977329 1.101668 1.101668 1.101668
8337.093750 0.000000 833.451172 0.000000 0.745320 0.000000 -0.666707 1.052836 1.052836 1.052836
8340.871094 0.000000 833.432922 0.000000 0.731421 0.000000 -0.681926 1.054328 1.054328 1.054328
8340.131836 0.000000 839.285950 0.000000 0.377162 0.000000 -0.926147 1.085726 1.085726 1.085726
8344.970703 0.000000 839.608521 0.000000 0.930844 0.000000 -0.365416 1.026149 1.026149 1.026149
8410.549805 0.000000 837.998230 0.000000 0.880836 0.000000 -0.473422 1.001231 1.001231 1.001231
8367.876953 0.000000 840.320190 0.000000 0.097639 0.000000 -0.995222 1.036774 1.036774 1.036774
8398.245117 0.000000 827.290405 0.000000 0.270548 0.000000 -0.962706 1.048564 1.048564 1.048564
8417.451172 0.000000 850.766174 0.000000 0.065917 0.000000 -0.997825 1.056353 1.056353 1.056353
8397.655273 0.000000 838.955200 0.000000 0.993798 0.000000 -0.111204 1.003617 1.003617 1.003617
8418.386719 0.000000 784.845764 0.000000 0.216034 0.000000 -0.976386 1.057425 1.057425 1.057425
8388.595703 0.000000 822.840515 0.000000 0.987320 0.000000 -0.158744 1.005970 1.005970 1.005970
8404.392578 0.000000 846.638611 0.000000 0.840905 0.000000 -0.541182 1.001428 1.001428 1.001428
8390.468750 0.000000 841.851135 0.000000 0.237193 0.000000 -0.971463 1.049856 1.049856 1.049856
8410.011719 0.000000 852.672485 0.000000 0.840230 0.000000 -0.542231 1.004292 1.004292 1.004292
8384.406250 0.000000 818.128540 0.000000 0.896538 0.000000 -0.442967 1.017185 1.017185 1.017185
8396.551758 0.000000 845.068848 0.000000 0.172726 0.000000 -0.984970 1.052323 1.052323 1.052323
8385.835938 0.000000 846.047485 0.000000 0.741693 0.000000 -0.670739 1.022026 1.022026 1.022026
8351.960938 0.000000 841.950134 0.000000 0.999216 0.000000 -0.039598 1.001483 1.001483 1.001483
8404.781250 0.000000 840.603455 0.000000 0.782454 0.000000 -0.622709 1.025173 1.025173 1.025173
8373.739258 0.000000 842.911377 0.000000 0.640030 0.000000 -0.768350 1.032814 1.032814 1.032814
8396.786133 0.000000 833.021729 0.000000 0.939215 0.000000 -0.343329 1.008749 1.008749 1.008749
8406.558594 0.000000 773.351257 0.000000 0.491520 0.000000 -0.870866 1.018471 1.018471 1.018471
8394.017578 0.000000 824.008057 0.000000 0.121402 0.000000 -0.992603 1.054266 1.054266 1.054266
8391.420898 0.000000 818.040527 0.000000 0.445469 0.000000 -0.895297 1.041534 1.041534 1.041534
8387.203125 0.000000 814.131104 0.000000 0.934150 0.000000 -0.356881 1.013666 1.013666 1.013666
8420.027344 0.000000 846.621826 0.000000 0.083939 0.000000 -0.996471 1.055676 1.055676 1.055676
8351.177734 0.000000 853.865845 0.000000 0.811652 0.000000 -0.584141 1.020246 1.020246 1.020246
8416.293945 0.000000 797.973022 0.000000 0.849775 0.000000 -0.527145 1.015248 1.015248 1.015248
8399.863281 0.000000 822.601013 0.000000 0.949432 0.000000 -0.313974 1.015947 1.015947 1.015947
8421.110352 0.000000 813.042236 0.000000 0.766030 0.000000 -0.642804 1.017430 1.017430 1.017430
8421.610352 0.000000 772.519226 0.000000 0.994679 0.000000 -0.103022 1.005153 1.005153 1.005153
8414.301758 0.000000 821.247498 0.000000 0.354569 0.000000 -0.935030 1.045250 1.045250 1.045250
8408.866211 0.000000 792.732727 0.000000 0.271134 0.000000 -0.962542 1.048541 1.048541 1.048541
8375.742188 0.000000 848.532471 0.000000 0.075384 0.000000 -0.997155 1.018666 1.018666 1.018666
8386.225586 0.000000 840.129211 0.000000 0.256928 0.000000 -0.966431 1.049093 1.049093 1.049093
8400.768555 0.000000 830.751282 0.000000 0.803471 0.000000 -0.595344 1.019104 1.019104 1.019104
8399.777344 0.000000 847.728333 0.000000 0.997042 0.000000 -0.076857 1.002881 1.002881 1.002881
8394.867188 0.000000 815.396118 0.000000 0.983697 0.000000 -0.179833 1.006771 1.006771 1.006771
8416.028320 0.000000 774.338867 0.000000 0.933766 0.000000 -0.357884 1.013706 1.013706 1.013706
8354.275391 0.000000 845.264282 0.000000 0.994428 0.000000 -0.105419 1.003691 1.003691 1.003691
8351.243164 0.000000 828.886841 0.000000 0.981546 0.000000 -0.191229 1.003363 1.003363 1.003363
8394.532227 0.000000 841.346375 0.000000 0.920498 0.000000 -0.390748 1.013029 1.013029 1.013029
8416.601562 0.000000 788.544067 0.000000 0.936739 0.000000 -0.350028 1.013391 1.013391 1.013391
8414.958008 0.000000 793.957703 0.000000 0.998616 0.000000 -0.052594 1.001970 1.001970 1.001970
8416.898438 0.000000 844.263428 0.000000 0.873877 0.000000 -0.486147 1.038023 1.038023 1.038023
8413.871094 0.000000 768.224548 0.000000 0.487522 0.000000 -0.873111 1.039753 1.039753 1.039753
8354.581055 0.000000 849.434753 0.000000 0.999238 0.000000 -0.039040 1.001462 1.001462 1.001462
8382.611328 0.000000 844.086792 0.000000 0.975771 0.000000 -0.218796 1.006608 1.006608 1.006608
8416.523438 0.000000 805.755371 0.000000 0.398440 0.000000 -0.917195 1.043477 1.043477 1.043477
8387.955078 0.000000 819.276245 0.000000 0.309823 0.000000 -0.950794 1.047027 1.047027 1.047027
8416.133789 0.000000 782.100037 0.000000 0.206903 0.000000 -0.978361 1.057822 1.057822 1.057822
8395.167969 0.000000 862.562866 0.000000 0.391068 0.000000 -0.920362 1.023348 1.023348 1.023348
8413.045898 0.000000 776.562866 0.000000 0.982103 0.000000 -0.188346 1.007096 1.007096 1.007096
8410.881836 0.000000 787.297485 0.000000 0.416800 0.000000 -0.908998 1.042724 1.042724 1.042724
8391.852539 0.000000 821.424988 0.000000 0.998080 0.000000 0.061939 0.997679 0.997679 0.997679
8401.766602 0.000000 859.766235 0.000000 0.999974 0.000000 0.007139 0.999733 0.999733 0.999733
8414.437500 0.000000 817.804932 0.000000 0.903506 0.000000 -0.428575 1.016586 1.016586 1.016586
8409.046875 0.000000 771.268005 0.000000 0.724568 0.000000 -0.689204 1.017085 1.017085 1.017085
8385.466797 0.000000 821.327026 0.000000 0.999922 0.000000 0.012454 0.999534 0.999534 0.999534
8368.824219 0.000000 851.087646 0.000000 0.993138 0.000000 -0.116949 1.004097 1.004097 1.004097
8409.349609 0.000000 774.684082 0.000000 0.997169 0.000000 -0.075194 1.002819 1.002819 1.002819
8404.579102 0.000000 816.540405 0.000000 0.385435 0.000000 -0.922735 1.044006 1.044006 1.044006
8419.582031 0.000000 789.083984 0.000000 0.443359 0.000000 -0.896344 1.036072 1.036072 1.036072
8408.487305 0.000000 797.151978 0.000000 0.999996 0.000000 -0.002819 1.000106 1.000106 1.000106
8418.142578 0.000000 826.799133 0.000000 0.907016 0.000000 -0.421096 1.015192 1.015192 1.015192
8389.921875 0.000000 862.677490 0.000000 0.330391 0.000000 -0.943844 1.046214 1.046214 1.046214
8410.894531 0.000000 802.576721 0.000000 0.118001 0.000000 -0.993013 1.087031 1.087031 1.087031
8396.914062 0.000000 823.388184 0.000000 0.672816 0.000000 -0.739810 1.031186 1.031186 1.031186
8417.821289 0.000000 817.424927 0.000000 0.948578 0.000000 -0.316542 1.012061 1.012061 1.012061
8414.176758 0.000000 831.920166 0.000000 0.968487 0.000000 -0.249066 1.009426 1.009426 1.009426
8421.646484 0.000000 801.995361 0.000000 0.958082 0.000000 -0.286494 1.010881 1.010881 1.010881
8377.685547 0.000000 862.649170 0.000000 0.938907 0.000000 -0.344171 1.013158 1.013158 1.013158
8352.117188 0.000000 850.989258 0.000000 0.825978 0.000000 -0.563702 1.022426 1.022426 1.022426
8401.763672 0.000000 820.203552 0.000000 0.980196 0.000000 -0.198028 1.007465 1.007465 1.007465
8402.415039 0.000000 809.662537 0.000000 0.713403 0.000000 -0.700754 1.029077 1.029077 1.029077
8400.570312 0.000000 840.504211 0.000000 0.503141 0.000000 -0.864204 1.039080 1.039080 1.039080
8384.461914 0.000000 814.672668 0.000000 0.248087 0.000000 -0.968738 1.036252 1.036252 1.036252
8377.416992 0.000000 857.936951 0.000000 0.748533 0.000000 -0.663097 1.027148 1.027148 1.027148
8417.403320 0.000000 836.461792 0.000000 0.764389 0.000000 -0.644756 1.036736 1.036736 1.036736
8414.846680 0.000000 851.769348 0.000000 0.976981 0.000000 -0.213325 1.008051 1.008051 1.008051
8402.966797 0.000000 823.179260 0.000000 0.608346 0.000000 -0.793672 1.032044 1.032044 1.032044
8394.127930 0.000000 818.388855 0.000000 0.358856 0.000000 -0.933393 1.045078 1.045078 1.045078
8418.617188 0.000000 838.799133 0.000000 0.465885 0.000000 -0.884845 1.040675 1.040675 1.040675
8410.708008 0.000000 849.909058 0.000000 0.478334 0.000000 -0.878178 1.040146 1.040146 1.040146
8393.252930 0.000000 857.576660 0.000000 0.383554 0.000000 -0.923519 1.044082 1.044082 1.044082
8419.767578 0.000000 815.337219 0.000000 0.963953 0.000000 -0.266073 1.010085 1.010085 1.010085
8360.525391 0.000000 846.581787 0.000000 0.279275 0.000000 -0.960211 1.048224 1.048224 1.048224
8386.710938 0.000000 856.231140 0.000000 0.998656 0.000000 -0.051821 1.001941 1.001941 1.001941
8368.541016 0.000000 847.516052 0.000000 0.950399 0.000000 -0.311033 1.011844 1.011844 1.011844
8421.935547 0.000000 769.832947 0.000000 0.886416 0.000000 -0.462890 1.025231 1.025231 1.025231
8404.333008 0.000000 838.069824 0.000000 0.650264 0.000000 -0.759708 1.032313 1.032313 1.032313
8387.164062 0.000000 816.719055 0.000000 0.694980 0.000000 -0.719029 1.030049 1.030049 1.030049
8395.890625 0.000000 825.786377 0.000000 0.836885 0.000000 -0.547378 1.021691 1.021691 1.021691
8399.549805 0.000000 805.413818 0.000000 0.966028 0.000000 -0.258437 1.009789 1.009789 1.009789
8351.682617 0.000000 845.491821 0.000000 0.684346 0.000000 -0.729157 1.061197 1.061197 1.061197
8394.882812 0.000000 831.207031 0.000000 0.999914 0.000000 -0.013101 1.000491 1.000491 1.000491
8373.541016 0.000000 861.234863 0.000000 0.801366 0.000000 -0.598174 1.024013 1.024013 1.024013
8399.049805 0.000000 820.120911 0.000000 0.416029 0.000000 -0.909351 1.042755 1.042755 1.042755
8418.854492 0.000000 806.833496 0.000000 0.220416 0.000000 -0.975406 1.050501 1.050501 1.050501
8415.358398 0.000000 800.416931 0.000000 0.986213 0.000000 -0.165480 1.011621 1.011621 1.011621
8416.343750 0.000000 819.683533 0.000000 0.987166 0.000000 -0.159696 1.006006 1.006006 1.006006
8412.562500 0.000000 852.783997 0.000000 0.615491 0.000000 -0.788144 1.033995 1.033995 1.033995
8373.360352 0.000000 849.645752 0.000000 0.967729 0.000000 -0.251994 1.009540 1.009540 1.009540
8402.289062 0.000000 815.062744 0.000000 0.741496 0.000000 -0.670957 1.027543 1.027543 1.027543
8397.176758 0.000000 847.719177 0.000000 0.309133 0.000000 -0.951019 1.047054 1.047054 1.047054
8414.413086 0.000000 842.882812 0.000000 0.997492 0.000000 0.070780 0.994694 0.994694 0.994694
8419.506836 0.000000 844.160400 0.000000 0.997690 0.000000 0.067930 0.994908 0.994908 0.994908
8418.981445 0.000000 848.882568 0.000000 0.266073 0.000000 -0.963953 1.048738 1.048738 1.048738
8397.195312 0.000000 856.775269 0.000000 0.947381 0.000000 -0.320107 1.012202 1.012202 1.012202
8373.715820 0.000000 858.680054 0.000000 0.884224 0.000000 -0.467063 1.018199 1.018199 1.018199
8414.213867 0.000000 796.306885 0.000000 0.706408 0.000000 -0.707805 1.029449 1.029449 1.029449
8422.272461 0.000000 830.528992 0.000000 0.726001 0.000000 -0.687694 1.028397 1.028397 1.028397
8418.005859 0.000000 831.887512 0.000000 0.496369 0.000000 -0.868112 1.039373 1.039373 1.039373
8422.198242 0.000000 805.619446 0.000000 0.876316 0.000000 -0.481736 1.018823 1.018823 1.018823
8392.560547 0.000000 815.960449 0.000000 0.372033 0.000000 -0.928220 1.044548 1.044548 1.044548
8419.686523 0.000000 770.548401 0.000000 0.999506 0.000000 0.031439 0.997645 0.997645 0.997645
8353.341797 0.000000 847.343689 0.000000 0.694907 0.000000 -0.719099 1.038066 1.038066 1.038066
8421.004883 0.000000 834.417114 0.000000 0.255882 0.000000 -0.966708 1.081889 1.081889 1.081889
8418.081055 0.000000 845.961426 0.000000 0.347575 0.000000 -0.937652 1.091060 1.091060 1.091060
8415.252930 0.000000 769.718384 0.000000 0.356140 0.000000 -0.934433 1.081337 1.081337 1.081337
8421.686523 0.000000 845.364807 0.000000 0.543081 0.000000 -0.839681 1.074649 1.074649 1.074649
8417.954102 0.000000 842.544006 0.000000 0.764645 0.000000 -0.644451 1.052450 1.052450 1.052450
8422.144531 0.000000 837.487427 0.000000 0.998682 0.000000 0.051318 0.996155 0.996155 0.996155
8441.767578 0.000000 783.721252 0.000000 0.932023 0.000000 -0.362399 1.013887 1.013887 1.013887
8423.137695 0.000000 848.055786 0.000000 0.997709 0.000000 -0.067651 1.002535 1.002535 1.002535
8448.042969 0.000000 803.258667 0.000000 0.539245 0.000000 -0.842149 1.037495 1.037495 1.037495
8430.054688 0.000000 841.090210 0.000000 0.492432 0.000000 -0.870351 1.055359 1.055359 1.055359
8433.743164 0.000000 832.463989 0.000000 0.553117 0.000000 -0.833104 1.027042 1.027042 1.027042
8431.398438 0.000000 815.233826 0.000000 0.147691 0.000000 -0.989034 1.053272 1.053272 1.053272
8445.826172 0.000000 812.265625 0.000000 0.967906 0.000000 -0.251314 1.009513 1.009513 1.009513
8423.155273 0.000000 806.499390 0.000000 0.992070 0.000000 -0.125687 1.002202 1.002202 1.002202
8440.413086 0.000000 776.005371 0.000000 0.999535 0.000000 0.030502 0.998858 0.998858 0.998858
8445.887695 0.000000 796.611267 0.000000 0.781796 0.000000 -0.623534 1.003362 1.003362 1.003362
8442.727539 0.000000 789.927612 0.000000 0.373898 0.000000 -0.927470 1.032614 1.032614 1.032614
8423.953125 0.000000 841.950134 0.000000 0.921335 0.000000 -0.388769 1.026915 1.026915 1.026915
8429.749023 0.000000 847.286377 0.000000 0.842231 0.000000 -0.539117 1.019901 1.019901 1.019901
8445.881836 0.000000 779.007751 0.000000 0.528008 0.000000 -0.849240 1.027861 1.027861 1.027861
8436.693359 0.000000 816.505798 0.000000 0.376355 0.000000 -0.926476 1.044374 1.044374 1.044374
8443.753906 0.000000 807.348206 0.000000 0.999921 0.000000 -0.012557 1.001066 1.001066 1.001066
8449.441406 0.000000 816.719849 0.000000 0.302130 0.000000 -0.953267 1.012621 1.012621 1.012621
8448.691406 0.000000 808.184570 0.000000 0.975509 0.000000 -0.219960 1.007198 1.007198 1.007198
8436.232422 0.000000 806.615540 0.000000 0.550091 0.000000 -0.835105 1.061685 1.061685 1.061685
8423.669922 0.000000 788.608154 0.000000 0.960806 0.000000 -0.277221 1.010519 1.010519 1.010519
8443.559570 0.000000 769.394470 0.000000 0.287437 0.000000 -0.957800 1.019162 1.019162 1.019162
8442.312500 0.000000 799.401978 0.000000 0.517454 0.000000 -0.855711 1.074349 1.074349 1.074349
8438.457031 0.000000 780.104858 0.000000 0.615622 0.000000 -0.788042 1.033989 1.033989 1.033989
8424.642578 0.000000 837.561768 0.000000 0.999331 0.000000 0.036582 0.997168 0.997168 0.997168
8428.738281 0.000000 779.949829 0.000000 0.983405 0.000000 -0.181423 1.006832 1.006832 1.006832
8441.688477 0.000000 814.367249 0.000000 0.999255 0.000000 -0.038595 1.001446 1.001446 1.001446
8434.281250 0.000000 811.885925 0.000000 0.983279 0.000000 -0.182105 1.009601 1.009601 1.009601
8445.974609 0.000000 819.045532 0.000000 0.265000 0.000000 -0.964248 1.039024 1.039024 1.039024
8431.890625 0.000000 819.224731 0.000000 0.463118 0.000000 -0.886296 1.040792 1.040792 1.040792
8427.202148 0.000000 815.015930 0.000000 0.990763 0.000000 -0.135607 1.005094 1.005094 1.005094
8423.235352 0.000000 828.886841 0.000000 0.210092 0.000000 -0.977682 1.050897 1.050897 1.050897
8433.201172 0.000000 803.912537 0.000000 0.111805 0.000000 -0.993730 1.058270 1.058270 1.058270
8433.982422 0.000000 841.766296 0.000000 0.720403 0.000000 -0.693556 1.022961 1.022961 1.022961
8426.573242 0.000000 849.434753 0.000000 0.958342 0.000000 -0.285624 1.009401 1.009401 1.009401
8424.170898 0.000000 817.418640 0.000000 0.971587 0.000000 -0.236682 1.008948 1.008948 1.008948
8431.328125 0.000000 837.663513 0.000000 0.371642 0.000000 -0.928376 1.050506 1.050506 1.050506
8426.673828 0.000000 832.523682 0.000000 0.981418 0.000000 -0.191884 1.007231 1.007231 1.007231
8430.366211 0.000000 832.517822 0.000000 0.764118 0.000000 -0.645076 1.026256 1.026256 1.026256
8423.512695 0.000000 783.074768 0.000000 0.489658 0.000000 -0.871915 1.050238 1.050238 1.050238
8430.837891 0.000000 777.818604 0.000000 0.997473 0.000000 0.071042 0.996450 0.996450 0.996450
8432.091797 0.000000 834.825562 0.000000 0.999117 0.000000 -0.042009 1.001574 1.001574 1.001574
8436.610352 0.000000 770.965942 0.000000 0.450238 0.000000 -0.892909 1.049601 1.049601 1.049601
8435.786133 0.000000 809.463257 0.000000 0.954853 0.000000 -0.297077 1.010543 1.010543 1.010543
8429.098633 0.000000 784.141174 0.000000 0.678863 0.000000 -0.734265 1.047348 1.047348 1.047348
8445.635742 0.000000 809.476868 0.000000 0.748908 0.000000 -0.662674 1.034361 1.034361 1.034361
8441.953125 0.000000 805.265442 0.000000 0.500908 0.000000 -0.865500 1.117529 1.117529 1.117529
8423.416016 0.000000 785.938110 0.000000 0.779121 0.000000 -0.626874 1.038904 1.038904 1.038904
8425.458984 0.000000 834.951294 0.000000 0.228529 0.000000 -0.973537 1.083649 1.083649 1.083649
8425.200195 0.000000 771.118469 0.000000 0.984349 0.000000 -0.176232 1.006192 1.006192 1.006192
8439.211914 0.000000 782.801270 0.000000 0.940291 0.000000 -0.340371 1.013006 1.013006 1.013006
8433.657227 0.000000 775.169922 0.000000 0.165123 0.000000 -0.986273 1.052612 1.052612 1.052612
8426.848633 0.000000 781.860535 0.000000 0.225039 0.000000 -0.974350 1.050323 1.050323 1.050323
8425.794922 0.000000 829.766846 0.000000 0.588608 0.000000 -0.808419 1.032906 1.032906 1.032906
8426.491211 0.000000 778.439758 0.000000 0.697155 0.000000 -0.716920 1.029935 1.029935 1.029935
8442.168945 0.000000 801.949829 0.000000 0.865239 0.000000 -0.501360 1.039333 1.039333 1.039333
8441.416016 0.000000 768.006958 0.000000 0.992807 0.000000 -0.119729 1.003895 1.003895 1.003895
8438.131836 0.000000 801.564880 0.000000 0.260848 0.000000 -0.965380 1.097882 1.097882 1.097882
8428.541992 0.000000 812.946045 0.000000 0.489741 0.000000 -0.871868 1.039658 1.039658 1.039658
8425.049805 0.000000 795.763123 0.000000 0.904470 0.000000 -0.426537 1.017602 1.017602 1.017602
8428.878906 0.000000 776.329773 0.000000 0.705118 0.000000 -0.709090 1.045259 1.045259 1.045259
8433.212891 0.000000 790.923889 0.000000 0.767527 0.000000 -0.641017 1.034743 1.034743 1.034743
8429.168945 0.000000 799.787659 0.000000 0.735366 0.000000 -0.677670 1.046473 1.046473 1.046473
8441.797852 0.000000 808.151855 0.000000 0.152878 0.000000 -0.988245 1.148613 1.148613 1.148613
8434.284180 0.000000 802.112183 0.000000 0.912483 0.000000 -0.409115 1.022097 1.022097 1.022097
8432.850586 0.000000 793.275330 0.000000 0.630448 0.000000 -0.776232 1.066558 1.066558 1.066558
8424.814453 0.000000 843.752869 0.000000 0.638073 0.000000 -0.769976 1.065819 1.065819 1.065819
8430.955078 0.000000 793.855774 0.000000 0.000723 0.000000 -1.000000 1.117593 1.117593 1.117593
8430.450195 0.000000 839.291138 0.000000 0.521764 0.000000 -0.853090 1.066330 1.066330 1.066330
8443.355469 0.000000 809.155457 0.000000 0.943261 0.000000 -0.332052 1.027041 1.027041 1.027041
8431.915039 0.000000 797.327332 0.000000 0.005839 0.000000 -0.999983 1.117210 1.117210 1.117210
8442.218750 0.000000 803.621765 0.000000 0.838129 0.000000 -0.545472 1.044652 1.044652 1.044652
8434.949219 0.000000 798.766907 0.000000 0.312649 0.000000 -0.949869 1.134492 1.134492 1.134492
8440.709961 0.000000 802.052612 0.000000 0.130542 0.000000 -0.991443 1.158168 1.158168 1.158168
8376.050781 0.000000 899.243042 0.000000 0.220655 0.000000 -0.975352 1.003366 1.003366 1.003366
8379.875000 0.000000 875.831116 0.000000 0.980185 0.000000 -0.198085 1.004480 1.004480 1.004480
8374.528320 0.000000 868.997314 0.000000 0.432851 0.000000 -0.901465 1.042060 1.042060 1.042060
8409.567383 0.000000 905.937927 0.000000 0.848162 0.000000 -0.529736 1.020907 1.020907 1.020907
8383.748047 0.000000 891.967712 0.000000 0.895702 0.000000 -0.444654 1.016105 1.016105 1.016105
8406.558594 0.000000 869.335632 0.000000 0.970801 0.000000 -0.239887 1.002419 1.002419 1.002419
8379.987305 0.000000 895.741333 0.000000 0.897221 0.000000 -0.441581 1.017127 1.017127 1.017127
8396.982422 0.000000 907.633057 0.000000 0.991088 0.000000 -0.133210 1.004003 1.004003 1.004003
8371.567383 0.000000 865.378845 0.000000 0.976094 0.000000 -0.217347 1.007111 1.007111 1.007111
8409.390625 0.000000 901.412354 0.000000 0.995944 0.000000 -0.089974 1.003374 1.003374 1.003374
8400.722656 0.000000 881.349670 0.000000 0.956541 0.000000 -0.291598 1.011081 1.011081 1.011081
8413.303711 0.000000 903.539307 0.000000 0.679696 0.000000 -0.733494 1.024669 1.024669 1.024669
8393.916992 0.000000 905.141296 0.000000 0.999074 0.000000 0.043022 0.998388 0.998388 0.998388
8377.055664 0.000000 872.671204 0.000000 0.951358 0.000000 -0.308086 1.011728 1.011728 1.011728
8413.125977 0.000000 876.084595 0.000000 0.652554 0.000000 -0.757742 1.030053 1.030053 1.030053
8404.315430 0.000000 881.914246 0.000000 0.948894 0.000000 -0.315596 1.009619 1.009619 1.009619
8386.281250 0.000000 894.690796 0.000000 0.797104 0.000000 -0.603842 1.024278 1.024278 1.024278
8390.207031 0.000000 905.321289 0.000000 0.404618 0.000000 -0.914486 1.037461 1.037461 1.037461
8398.640625 0.000000 904.566467 0.000000 0.720439 0.000000 -0.693518 1.036352 1.036352 1.036352
8385.214844 0.000000 901.296997 0.000000 0.358166 0.000000 -0.933658 1.045106 1.045106 1.045106
8413.045898 0.000000 872.547241 0.000000 0.037693 0.000000 -0.999289 1.057412 1.057412 1.057412
8405.281250 0.000000 907.332214 0.000000 0.969059 0.000000 -0.246829 1.013076 1.013076 1.013076
8376.799805 0.000000 894.568115 0.000000 0.230283 0.000000 -0.973124 1.050122 1.050122 1.050122
8389.505859 0.000000 894.905457 0.000000 0.348189 0.000000 -0.937424 1.042472 1.042472 1.042472
8409.349609 0.000000 870.668457 0.000000 0.359604 0.000000 -0.933105 1.045048 1.045048 1.045048
8410.894531 0.000000 898.561096 0.000000 0.228647 0.000000 -0.973509 1.040148 1.040148 1.040148
8394.152344 0.000000 899.907410 0.000000 0.989439 0.000000 -0.144946 1.010894 1.010894 1.010894
8380.535156 0.000000 866.975037 0.000000 0.967491 0.000000 -0.252906 1.007660 1.007660 1.007660
8383.071289 0.000000 894.865723 0.000000 0.219973 0.000000 -0.975506 1.050518 1.050518 1.050518
8398.419922 0.000000 898.917114 0.000000 0.894674 0.000000 -0.446720 1.034684 1.034684 1.034684
8403.613281 0.000000 876.530457 0.000000 0.088457 0.000000 -0.996080 1.055507 1.055507 1.055507
8376.082031 0.000000 890.576233 0.000000 0.935715 0.000000 -0.352757 1.011701 1.011701 1.011701
8402.969727 0.000000 879.314270 0.000000 0.999452 0.000000 -0.033091 1.001239 1.001239 1.001239
8374.638672 0.000000 865.217163 0.000000 0.524473 0.000000 -0.851427 1.038149 1.038149 1.038149
8399.650391 0.000000 907.099854 0.000000 0.627413 0.000000 -0.778687 1.026740 1.026740 1.026740
8379.982422 0.000000 872.721191 0.000000 0.820357 0.000000 -0.571851 1.022797 1.022797 1.022797
8380.973633 0.000000 893.150452 0.000000 0.997972 0.000000 -0.063662 1.002386 1.002386 1.002386
8408.144531 0.000000 898.760864 0.000000 0.056208 0.000000 -0.998419 1.056718 1.056718 1.056718
8399.549805 0.000000 901.398193 0.000000 0.124725 0.000000 -0.992191 1.108281 1.108281 1.108281
8389.057617 0.000000 863.893005 0.000000 0.999413 0.000000 0.034251 0.998717 0.998717 0.998717
8394.450195 0.000000 902.673340 0.000000 0.491558 0.000000 -0.870845 1.039580 1.039580 1.039580
8390.004883 0.000000 899.844910 0.000000 0.492531 0.000000 -0.870295 1.039538 1.039538 1.039538
8403.287109 0.000000 897.747314 0.000000 0.310666 0.000000 -0.950519 1.053260 1.053260 1.053260
8401.843750 0.000000 874.639709 0.000000 0.941375 0.000000 -0.337363 1.012887 1.012887 1.012887
8393.448242 0.000000 896.293884 0.000000 0.360013 0.000000 -0.932947 1.084060 1.084060 1.084060
8407.038086 0.000000 905.795288 0.000000 0.601487 0.000000 -0.798882 1.067001 1.067001 1.067001
8403.699219 0.000000 903.755493 0.000000 0.963844 0.000000 -0.266466 1.020201 1.020201 1.020201
8396.182617 0.000000 899.279236 0.000000 0.056524 0.000000 -0.998401 1.113411 1.113411 1.113411
8404.388672 0.000000 905.566589 0.000000 0.488881 0.000000 -0.872351 1.079389 1.079389 1.079389
8393.746094 0.000000 898.104431 0.000000 0.999313 0.000000 0.037056 0.997409 0.997409 0.997409
8402.127930 0.000000 901.144043 0.000000 0.884106 0.000000 -0.467287 1.036416 1.036416 1.036416
8531.326172 0.000000 802.242859 0.000000 0.222820 0.000000 -0.974860 1.060490 1.060490 1.060490
8561.676758 0.000000 809.236511 0.000000 0.024746 0.000000 -0.999694 1.042458 1.042458 1.042458
8546.045898 0.000000 812.600403 0.000000 0.021969 0.000000 -0.999759 1.019334 1.019334 1.019334
8540.734375 0.000000 819.064453 0.000000 0.879187 0.000000 -0.476478 1.019838 1.019838 1.019838
8548.505859 0.000000 820.899963 0.000000 0.347175 0.000000 -0.937800 1.045546 1.045546 1.045546
8536.929688 0.000000 797.948730 0.000000 0.097489 0.000000 -0.995237 1.055167 1.055167 1.055167
8512.405273 0.000000 776.005371 0.000000 0.593119 0.000000 -0.805115 1.035047 1.035047 1.035047
8507.696289 0.000000 845.378418 0.000000 0.076602 0.000000 -0.997062 1.048492 1.048492 1.048492
8530.572266 0.000000 808.735413 0.000000 0.842882 0.000000 -0.538099 1.021277 1.021277 1.021277
8520.302734 0.000000 785.152161 0.000000 0.538550 0.000000 -0.842594 1.015010 1.015010 1.015010
8517.723633 0.000000 842.911377 0.000000 0.282835 0.000000 -0.959168 1.032057 1.032057 1.032057
8517.874023 0.000000 779.007751 0.000000 0.426230 0.000000 -0.904615 1.081846 1.081846 1.081846
8546.324219 0.000000 789.908630 0.000000 0.906585 0.000000 -0.422024 1.016315 1.016315 1.016315
8538.001953 0.000000 824.008057 0.000000 0.515692 0.000000 -0.856774 1.038534 1.038534 1.038534
8535.464844 0.000000 805.938110 0.000000 0.188819 0.000000 -0.982012 1.093078 1.093078 1.093078
8550.822266 0.000000 814.428101 0.000000 0.920305 0.000000 -0.391202 1.015052 1.015052 1.015052
8535.405273 0.000000 818.040527 0.000000 0.997287 0.000000 0.073610 0.999264 0.999264 0.999264
8547.414062 0.000000 825.884766 0.000000 0.811242 0.000000 -0.584711 1.023387 1.023387 1.023387
8532.616211 0.000000 854.187805 0.000000 0.179127 0.000000 -0.983826 1.038191 1.038191 1.038191
8558.502930 0.000000 854.737122 0.000000 0.892052 0.000000 -0.451934 1.017561 1.017561 1.017561
8544.707031 0.000000 785.365295 0.000000 0.901509 0.000000 -0.432760 1.016760 1.016760 1.016760
8512.153320 0.000000 844.875305 0.000000 0.997931 0.000000 -0.064291 1.002409 1.002409 1.002409
8543.761719 0.000000 847.728333 0.000000 0.233354 0.000000 -0.972392 1.020001 1.020001 1.020001
8538.928711 0.000000 849.069580 0.000000 0.949226 0.000000 -0.314594 1.011984 1.011984 1.011984
8522.875000 0.000000 825.961914 0.000000 0.136468 0.000000 -0.990644 1.053697 1.053697 1.053697
8532.175781 0.000000 787.760986 0.000000 0.717531 0.000000 -0.696527 1.028856 1.028856 1.028856
8538.516602 0.000000 841.346375 0.000000 0.998781 0.000000 0.049367 0.998151 0.998151 0.998151
8538.365234 0.000000 828.216309 0.000000 0.970313 0.000000 -0.241851 1.009148 1.009148 1.009148
8565.376953 0.000000 817.407593 0.000000 0.560522 0.000000 -0.828139 1.036541 1.036541 1.036541
8507.285156 0.000000 768.376831 0.000000 0.920110 0.000000 -0.391661 1.015071 1.015071 1.015071
8551.202148 0.000000 818.329224 0.000000 0.999634 0.000000 0.027043 0.999257 0.999257 0.999257
8514.111328 0.000000 779.528564 0.000000 0.585853 0.000000 -0.810417 1.035383 1.035383 1.035383
8534.191406 0.000000 809.336914 0.000000 0.921191 0.000000 -0.389111 1.014967 1.014967 1.014967
8516.156250 0.000000 775.815125 0.000000 0.773996 0.000000 -0.633191 1.025677 1.025677 1.025677
8526.809570 0.000000 809.301941 0.000000 0.114564 0.000000 -0.993416 1.054524 1.054524 1.054524
8560.972656 0.000000 862.676819 0.000000 0.762946 0.000000 -0.646463 1.019304 1.019304 1.019304
8529.589844 0.000000 824.579529 0.000000 0.322457 0.000000 -0.946584 1.043427 1.043427 1.043427
8549.265625 0.000000 811.347839 0.000000 0.348367 0.000000 -0.937358 1.045498 1.045498 1.045498
8558.421875 0.000000 817.804932 0.000000 0.214553 0.000000 -0.976712 1.043962 1.043962 1.043962
8528.982422 0.000000 811.799133 0.000000 0.563188 0.000000 -0.826329 1.036421 1.036421 1.036421
8533.490234 0.000000 798.921082 0.000000 0.897682 0.000000 -0.440644 1.017088 1.017088 1.017088
8524.173828 0.000000 830.807617 0.000000 0.681470 0.000000 -0.731846 1.030746 1.030746 1.030746
8517.151367 0.000000 846.206421 0.000000 0.931287 0.000000 -0.364285 1.013963 1.013963 1.013963
8532.321289 0.000000 805.686340 0.000000 0.957117 0.000000 -0.289700 1.019812 1.019812 1.019812
8543.821289 0.000000 774.485046 0.000000 0.556222 0.000000 -0.831034 1.036735 1.036735 1.036735
8531.744141 0.000000 848.704590 0.000000 0.935596 0.000000 -0.353072 1.013513 1.013513 1.013513
8537.416992 0.000000 851.787903 0.000000 0.199799 0.000000 -0.979837 1.051291 1.051291 1.051291
8552.471680 0.000000 797.151978 0.000000 0.529459 0.000000 -0.848336 1.037929 1.037929 1.037929
8540.898438 0.000000 823.388184 0.000000 0.993437 0.000000 -0.114378 1.005437 1.005437 1.005437
8541.176758 0.000000 830.065979 0.000000 0.977250 0.000000 -0.212090 1.007470 1.007470 1.007470
8538.136719 0.000000 803.923035 0.000000 0.999933 0.000000 -0.011592 1.000434 1.000434 1.000434
8561.805664 0.000000 817.424927 0.000000 0.785718 0.000000 -0.618585 1.024976 1.024976 1.024976
8536.195312 0.000000 839.605652 0.000000 0.826070 0.000000 -0.563568 1.022420 1.022420 1.022420
8508.602539 0.000000 770.965942 0.000000 0.804095 0.000000 -0.594500 1.028609 1.028609 1.028609
8538.774414 0.000000 795.398376 0.000000 0.814495 0.000000 -0.580171 1.023178 1.023178 1.023178
8556.166992 0.000000 793.134521 0.000000 0.342606 0.000000 -0.939479 1.045728 1.045728 1.045728
8533.035156 0.000000 811.964722 0.000000 0.749584 0.000000 -0.661909 1.027089 1.027089 1.027089
8538.766602 0.000000 821.152649 0.000000 0.994603 0.000000 -0.103753 1.004930 1.004930 1.004930
8520.847656 0.000000 828.104309 0.000000 0.989113 0.000000 -0.147156 1.005531 1.005531 1.005531
8532.297852 0.000000 830.705322 0.000000 0.241623 0.000000 -0.970370 1.049685 1.049685 1.049685
8545.760742 0.000000 828.143738 0.000000 0.152709 0.000000 -0.988271 1.046005 1.046005 1.046005
8546.951172 0.000000 823.179260 0.000000 0.273598 0.000000 -0.961844 1.048445 1.048445 1.048445
8547.536133 0.000000 773.758606 0.000000 0.751796 0.000000 -0.659395 1.026963 1.026963 1.026963
8538.112305 0.000000 818.388855 0.000000 0.584110 0.000000 -0.811675 1.035464 1.035464 1.035464
8563.751953 0.000000 815.337219 0.000000 0.336606 0.000000 -0.941646 1.045967 1.045967 1.045967
8557.215820 0.000000 860.982239 0.000000 0.006236 0.000000 -0.999981 1.058590 1.058590 1.058590
8542.010742 0.000000 780.420959 0.000000 0.981717 0.000000 -0.190346 1.007172 1.007172 1.007172
8551.823242 0.000000 811.944702 0.000000 0.337943 0.000000 -0.941167 1.045914 1.045914 1.045914
8526.491211 0.000000 780.790833 0.000000 0.997618 0.000000 -0.068984 1.002585 1.002585 1.002585
8523.846680 0.000000 823.497986 0.000000 0.810947 0.000000 -0.585120 1.023406 1.023406 1.023406
8514.793945 0.000000 845.031311 0.000000 0.867065 0.000000 -0.498195 1.019530 1.019530 1.019530
8526.427734 0.000000 773.530701 0.000000 0.907227 0.000000 -0.420642 1.014091 1.014091 1.014091
8543.034180 0.000000 820.120911 0.000000 0.998366 0.000000 0.057149 0.995717 0.995717 0.995717
8518.688477 0.000000 775.736328 0.000000 0.255053 0.000000 -0.966927 1.078665 1.078665 1.078665
8516.103516 0.000000 771.854248 0.000000 0.990028 0.000000 -0.140867 1.005293 1.005293 1.005293
8534.681641 0.000000 788.062805 0.000000 0.394985 0.000000 -0.918688 1.043618 1.043618 1.043618
8528.041992 0.000000 826.559326 0.000000 0.988787 0.000000 -0.149332 1.005239 1.005239 1.005239
8533.989258 0.000000 803.860535 0.000000 0.031979 0.000000 -0.999489 1.107568 1.107568 1.107568
8504.828125 0.000000 768.025940 0.000000 0.927486 0.000000 -0.373859 1.013392 1.013392 1.013392
8517.344727 0.000000 849.645752 0.000000 0.811569 0.000000 -0.584257 1.023366 1.023366 1.023366
8523.406250 0.000000 828.413208 0.000000 0.836197 0.000000 -0.548429 1.021738 1.021738 1.021738
8529.028320 0.000000 778.073120 0.000000 0.789210 0.000000 -0.614124 1.024764 1.024764 1.024764
8543.463867 0.000000 783.069153 0.000000 0.339486 0.000000 -0.940611 1.045853 1.045853 1.045853
8535.343750 0.000000 823.797119 0.000000 0.449051 0.000000 -0.893506 1.041384 1.041384 1.041384
8506.241211 0.000000 771.992676 0.000000 0.825607 0.000000 -0.564246 1.020954 1.020954 1.020954
8542.624023 0.000000 817.513000 0.000000 0.776022 0.000000 -0.630705 1.027261 1.027261 1.027261
8539.347656 0.000000 789.753418 0.000000 0.859901 0.000000 -0.510461 1.020062 1.020062 1.020062
8536.602539 0.000000 791.314880 0.000000 0.408642 0.000000 -0.912695 1.043059 1.043059 1.043059
8538.515625 0.000000 838.569153 0.000000 0.999985 0.000000 -0.005531 1.000207 1.000207 1.000207
8558.720703 0.000000 857.149658 0.000000 0.542907 0.000000 -0.839793 1.037332 1.037332 1.037332
8532.309570 0.000000 825.255432 0.000000 0.967604 0.000000 -0.252474 1.009558 1.009558 1.009558
8515.168945 0.000000 781.692993 0.000000 0.976840 0.000000 -0.213973 1.008075 1.008075 1.008075
8527.444336 0.000000 806.916077 0.000000 0.689784 0.000000 -0.724015 1.030318 1.030318 1.030318
8547.610352 0.000000 818.712036 0.000000 0.948137 0.000000 -0.317862 1.019382 1.019382 1.019382
8558.377930 0.000000 813.264099 0.000000 0.207750 0.000000 -0.978182 1.067982 1.067982 1.067982
8533.294922 0.000000 801.311890 0.000000 0.912264 0.000000 -0.409602 1.023179 1.023179 1.023179
8540.996094 0.000000 821.239746 0.000000 0.481286 0.000000 -0.876564 1.072036 1.072036 1.072036
8511.162109 0.000000 771.497620 0.000000 0.042384 0.000000 -0.999101 1.095393 1.095393 1.095393
8519.561523 0.000000 783.263794 0.000000 0.140601 0.000000 -0.990066 1.082096 1.082096 1.082096
8544.113281 0.000000 818.693970 0.000000 0.885489 0.000000 -0.464660 1.036194 1.036194 1.036194
8572.534180 0.000000 829.608704 0.000000 0.906288 0.000000 -0.422661 1.005447 1.005447 1.005447
8604.608398 0.000000 854.187805 0.000000 0.781192 0.000000 -0.624291 1.010099 1.010099 1.010099
8577.396484 0.000000 827.647217 0.000000 0.451805 0.000000 -0.892117 1.041268 1.041268 1.041268
8587.679688 0.000000 837.813416 0.000000 0.775486 0.000000 -0.631365 1.025589 1.025589 1.025589
8574.229492 0.000000 826.853699 0.000000 0.354600 0.000000 -0.935018 1.045249 1.045249 1.045249
8578.940430 0.000000 820.047791 0.000000 0.287047 0.000000 -0.957916 1.047921 1.047921 1.047921
8592.169922 0.000000 844.920715 0.000000 0.520939 0.000000 -0.853594 1.030643 1.030643 1.030643
8590.744141 0.000000 839.935303 0.000000 0.783500 0.000000 -0.621392 1.025110 1.025110 1.025110
8602.749023 0.000000 843.111267 0.000000 0.861374 0.000000 -0.507971 1.039907 1.039907 1.039907
8595.904297 0.000000 843.150391 0.000000 0.115360 0.000000 -0.993324 1.087190 1.087190 1.087190
8601.898438 0.000000 853.682678 0.000000 0.841491 0.000000 -0.540271 1.029923 1.029923 1.029923
8580.629883 0.000000 823.181091 0.000000 0.128366 0.000000 -0.991727 1.039602 1.039602 1.039602
8585.041016 0.000000 836.936218 0.000000 0.988898 0.000000 -0.148594 1.004841 1.004841 1.004841
8603.619141 0.000000 851.631836 0.000000 0.395921 0.000000 -0.918285 1.087159 1.087159 1.087159
8600.922852 0.000000 838.214355 0.000000 0.889534 0.000000 -0.456868 1.028429 1.028429 1.028429
8596.012695 0.000000 847.735962 0.000000 0.274577 0.000000 -0.961565 1.096815 1.096815 1.096815
8603.818359 0.000000 846.674866 0.000000 0.301536 0.000000 -0.953455 1.094706 1.094706 1.094706
8601.917969 0.000000 849.261658 0.000000 0.791560 0.000000 -0.611091 1.049240 1.049240 1.049240
8603.539062 0.000000 841.458862 0.000000 0.661927 0.000000 -0.749569 1.057121 1.057121 1.057121
8596.153320 0.000000 841.452759 0.000000 0.989157 0.000000 -0.146859 1.011039 1.011039 1.011039
8525.589844 0.000000 864.169739 0.000000 0.445774 0.000000 -0.895146 1.002768 1.002768 1.002768
8518.512695 0.000000 868.997314 0.000000 0.940210 0.000000 -0.340596 1.013015 1.013015 1.013015
8528.924805 0.000000 870.670044 0.000000 0.615371 0.000000 -0.788238 1.018134 1.018134 1.018134
8550.542969 0.000000 869.335632 0.000000 0.943289 0.000000 -0.331973 1.003379 1.003379 1.003379
8560.278320 0.000000 893.957397 0.000000 0.829415 0.000000 -0.558633 1.011838 1.011838 1.011838
8560.585938 0.000000 884.528442 0.000000 0.999662 0.000000 -0.025998 1.000974 1.000974 1.000974
8526.609375 0.000000 873.541565 0.000000 0.166623 0.000000 -0.986021 1.052555 1.052555 1.052555
8565.555664 0.000000 887.521973 0.000000 0.882025 0.000000 -0.471203 1.017149 1.017149 1.017149
8563.566406 0.000000 885.068359 0.000000 0.955931 0.000000 -0.293590 1.010415 1.010415 1.010415
8524.519531 0.000000 866.975037 0.000000 0.944011 0.000000 -0.329914 1.009233 1.009233 1.009233
8527.666992 0.000000 879.384827 0.000000 0.027942 0.000000 -0.999610 1.038518 1.038518 1.038518
8556.166992 0.000000 889.118896 0.000000 0.092557 0.000000 -0.995707 1.055352 1.055352 1.055352
8555.385742 0.000000 865.548157 0.000000 0.251707 0.000000 -0.967803 1.049295 1.049295 1.049295
8526.491211 0.000000 876.775208 0.000000 0.643194 0.000000 -0.765703 1.032660 1.032660 1.032660
8524.167969 0.000000 882.542969 0.000000 0.790573 0.000000 -0.612368 1.026326 1.026326 1.026326
8514.228516 0.000000 883.363770 0.000000 0.932170 0.000000 -0.362020 1.024045 1.024045 1.024045
8520.522461 0.000000 875.043823 0.000000 0.073039 0.000000 -0.997329 1.112172 1.112172 1.112172
8522.209961 0.000000 879.493896 0.000000 0.565515 0.000000 -0.824738 1.072630 1.072630 1.072630
8518.154297 0.000000 880.648865 0.000000 0.867525 0.000000 -0.497393 1.038990 1.038990 1.038990
8525.844727 0.000000 871.587585 0.000000 0.905461 0.000000 -0.424430 1.032830 1.032830 1.032830
8514.568359 0.000000 881.478027 0.000000 0.760695 0.000000 -0.649109 1.042326 1.042326 1.042326
8525.989258 0.000000 878.586853 0.000000 0.980867 0.000000 -0.194681 1.014185 1.014185 1.014185
"}
