object={
	name="tree_swamp_02_generator_1_0"
	render_pass=Map
	clamp_to_water_level=no
	generated_content=yes
	layer="tree_high_layer"
	pdxmesh="tree_swamp_02_a_mesh"
	count=1451
	transform="4441.108398 0.000000 108.984879 0.000000 0.056390 0.000000 0.998409 0.402363 0.402363 0.402363
4422.700195 0.000000 156.445435 0.000000 0.579355 0.000000 0.815075 0.342951 0.342951 0.342951
4430.898438 0.000000 169.960480 0.000000 0.509870 0.000000 0.860252 0.401128 0.401128 0.401128
4424.790039 0.000000 114.400421 0.000000 0.051003 0.000000 0.998698 0.306580 0.306580 0.306580
4424.177734 0.000000 124.092636 0.000000 0.521130 0.000000 0.853477 0.325923 0.325923 0.325923
4433.375000 0.000000 126.058052 0.000000 0.504901 0.000000 0.863177 0.368093 0.368093 0.368093
4414.178223 0.000000 191.940735 0.000000 0.597352 0.000000 0.801979 0.411317 0.411317 0.411317
4427.017578 0.000000 136.844757 0.000000 0.646901 0.000000 0.762574 0.380821 0.380821 0.380821
4414.319336 0.000000 107.117096 0.000000 0.081389 0.000000 0.996682 0.413190 0.413190 0.413190
4422.232910 0.000000 168.643158 0.000000 0.579525 0.000000 0.814954 0.365450 0.365450 0.365450
4446.414551 0.000000 110.771957 0.000000 0.026024 0.000000 0.999661 0.380581 0.380581 0.380581
4435.368164 0.000000 120.360474 0.000000 0.537479 0.000000 0.843277 0.385749 0.385749 0.385749
4425.456543 0.000000 119.193596 0.000000 0.503561 0.000000 0.863960 0.329300 0.329300 0.329300
4462.039551 0.000000 100.628571 0.000000 0.510116 0.000000 0.860106 0.398815 0.398815 0.398815
4441.152344 0.000000 113.474609 0.000000 0.160733 0.000000 0.986998 0.386666 0.386666 0.386666
4418.076660 0.000000 169.633362 0.000000 0.231406 0.000000 0.972857 0.338826 0.338826 0.338826
4419.279785 0.000000 123.558121 0.000000 0.199211 0.000000 0.979957 0.276048 0.276048 0.276048
4416.325684 0.000000 188.381866 0.000000 0.523077 0.000000 0.852286 0.397270 0.397270 0.397270
4407.979492 0.000000 115.065781 0.000000 0.461283 0.000000 0.887253 0.415670 0.415670 0.415670
4427.750000 0.000000 111.877739 0.000000 0.254747 0.000000 0.967008 0.385086 0.385086 0.385086
4453.555664 0.000000 108.209549 0.000000 0.017290 0.000000 0.999851 0.374953 0.374953 0.374953
4429.275879 0.000000 162.174423 0.000000 0.309190 0.000000 0.951000 0.339898 0.339898 0.339898
4454.300293 0.000000 96.333878 0.000000 0.425567 0.000000 0.904927 0.404249 0.404249 0.404249
4438.917969 0.000000 119.179443 0.000000 0.231382 0.000000 0.972863 0.388402 0.388402 0.388402
4446.361816 0.000000 106.622757 0.000000 0.058585 0.000000 0.998282 0.383745 0.383745 0.383745
4410.821777 0.000000 138.885315 0.000000 0.474720 0.000000 0.880137 0.396804 0.396804 0.396804
4445.844238 0.000000 119.968903 0.000000 0.206887 0.000000 0.978365 0.361226 0.361226 0.361226
4453.475098 0.000000 104.672211 0.000000 0.099457 0.000000 0.995042 0.375625 0.375625 0.375625
4409.541504 0.000000 190.659485 0.000000 0.206937 0.000000 0.978354 0.419389 0.419389 0.419389
4433.902344 0.000000 161.502945 0.000000 0.453658 0.000000 0.891176 0.347436 0.347436 0.347436
4418.469238 0.000000 116.091263 0.000000 0.587198 0.000000 0.809444 0.333440 0.333440 0.333440
4449.476074 0.000000 99.377304 0.000000 0.472225 0.000000 0.881478 0.419695 0.419695 0.419695
4429.936035 0.000000 127.030426 0.000000 0.054631 0.000000 0.998507 0.306923 0.306923 0.306923
4428.766602 0.000000 133.795685 0.000000 0.360393 0.000000 0.932800 0.350063 0.350063 0.350063
4434.755371 0.000000 113.886421 0.000000 0.389089 0.000000 0.921200 0.400002 0.400002 0.400002
4422.307129 0.000000 186.331940 0.000000 0.480514 0.000000 0.876987 0.410348 0.410348 0.410348
4430.351562 0.000000 190.786819 0.000000 0.305893 0.000000 0.952066 0.386305 0.386305 0.386305
4410.966309 0.000000 161.299194 0.000000 0.387112 0.000000 0.922033 0.407820 0.407820 0.407820
4426.502441 0.000000 122.057175 0.000000 0.444662 0.000000 0.895698 0.332780 0.332780 0.332780
4444.042480 0.000000 108.655418 0.000000 0.622345 0.000000 0.782743 0.413638 0.413638 0.413638
4419.041504 0.000000 177.313354 0.000000 0.562626 0.000000 0.826712 0.397518 0.397518 0.397518
4424.112793 0.000000 111.509781 0.000000 0.043573 0.000000 0.999050 0.357350 0.357350 0.357350
4452.612305 0.000000 121.243813 0.000000 0.233336 0.000000 0.972396 0.350992 0.350992 0.350992
4459.158203 0.000000 100.949638 0.000000 0.432566 0.000000 0.901603 0.396990 0.396990 0.396990
4424.892090 0.000000 142.782013 0.000000 0.336186 0.000000 0.941796 0.316187 0.316187 0.316187
4428.743164 0.000000 158.814667 0.000000 0.234562 0.000000 0.972101 0.301628 0.301628 0.301628
4410.390625 0.000000 133.374786 0.000000 0.531024 0.000000 0.847357 0.400025 0.400025 0.400025
4447.458008 0.000000 104.120522 0.000000 0.085452 0.000000 0.996342 0.388262 0.388262 0.388262
4421.402832 0.000000 125.275406 0.000000 0.148227 0.000000 0.988953 0.266280 0.266280 0.266280
4428.072754 0.000000 179.741180 0.000000 0.581998 0.000000 0.813190 0.412661 0.412661 0.412661
4451.137695 0.000000 178.018372 0.000000 0.302357 0.000000 0.953195 0.393215 0.393215 0.393215
4433.683105 0.000000 185.686005 0.000000 0.196371 0.000000 0.980530 0.402178 0.402178 0.402178
4422.936523 0.000000 108.900169 0.000000 0.132627 0.000000 0.991166 0.380544 0.380544 0.380544
4448.104492 0.000000 179.199493 0.000000 0.286413 0.000000 0.958106 0.401096 0.401096 0.401096
4430.326660 0.000000 156.718964 0.000000 0.163371 0.000000 0.986565 0.296707 0.296707 0.296707
4409.205078 0.000000 119.998474 0.000000 0.242250 0.000000 0.970214 0.374019 0.374019 0.374019
4413.970703 0.000000 189.344177 0.000000 0.022269 0.000000 0.999752 0.390851 0.390851 0.390851
4422.253418 0.000000 191.079163 0.000000 0.142944 0.000000 0.989731 0.392272 0.392272 0.392272
4410.606445 0.000000 130.059128 0.000000 0.470478 0.000000 0.882412 0.392923 0.392923 0.392923
4452.551270 0.000000 138.182800 0.000000 0.138926 0.000000 0.990303 0.358337 0.358337 0.358337
4434.880371 0.000000 134.798279 0.000000 0.619795 0.000000 0.784763 0.381068 0.381068 0.381068
4430.434570 0.000000 131.969879 0.000000 0.108509 0.000000 0.994095 0.335021 0.335021 0.335021
4452.992676 0.000000 180.893311 0.000000 0.357725 0.000000 0.933827 0.391790 0.391790 0.391790
4413.790039 0.000000 177.755096 0.000000 0.527337 0.000000 0.849656 0.403232 0.403232 0.403232
4438.353516 0.000000 164.420868 0.000000 0.066424 0.000000 0.997791 0.365499 0.365499 0.365499
4454.842773 0.000000 170.992096 0.000000 0.646697 0.000000 0.762747 0.413938 0.413938 0.413938
4454.157715 0.000000 143.549698 0.000000 0.096574 0.000000 0.995326 0.383758 0.383758 0.383758
4459.937012 0.000000 172.269714 0.000000 0.095720 0.000000 0.995408 0.382063 0.382063 0.382063
4459.411621 0.000000 176.991913 0.000000 0.097090 0.000000 0.995276 0.368883 0.368883 0.368883
4425.458496 0.000000 186.395508 0.000000 0.633098 0.000000 0.774072 0.411213 0.411213 0.411213
4422.001953 0.000000 174.504608 0.000000 0.075360 0.000000 0.997156 0.350882 0.350882 0.350882
4449.749023 0.000000 153.349518 0.000000 0.011132 0.000000 0.999938 0.376408 0.376408 0.376408
4462.627930 0.000000 133.728760 0.000000 0.422575 0.000000 0.906328 0.384997 0.384997 0.384997
4423.890137 0.000000 135.025406 0.000000 0.561087 0.000000 0.827757 0.348121 0.348121 0.348121
4418.654785 0.000000 111.618866 0.000000 0.031880 0.000000 0.999492 0.337623 0.337623 0.337623
4444.055664 0.000000 146.821335 0.000000 0.500131 0.000000 0.865950 0.391185 0.391185 0.391185
4412.261719 0.000000 141.557373 0.000000 0.381182 0.000000 0.924500 0.367828 0.367828 0.367828
4456.640625 0.000000 131.540421 0.000000 0.281572 0.000000 0.959540 0.330145 0.330145 0.330145
4451.745605 0.000000 191.129227 0.000000 0.211162 0.000000 0.977451 0.366088 0.366088 0.366088
4445.676270 0.000000 151.131348 0.000000 0.577290 0.000000 0.816539 0.396333 0.396333 0.396333
4415.549316 0.000000 144.978470 0.000000 0.213080 0.000000 0.977035 0.332693 0.332693 0.332693
4415.092285 0.000000 159.943695 0.000000 0.341408 0.000000 0.939915 0.360737 0.360737 0.360737
4412.807129 0.000000 159.881470 0.000000 0.574394 0.000000 0.818579 0.399366 0.399366 0.399366
4433.635254 0.000000 154.383881 0.000000 0.103005 0.000000 0.994681 0.306556 0.306556 0.306556
4419.136719 0.000000 160.557129 0.000000 0.187156 0.000000 0.982330 0.310212 0.310212 0.310212
4429.652344 0.000000 145.415344 0.000000 0.250686 0.000000 0.968068 0.333077 0.333077 0.333077
4415.330078 0.000000 114.839951 0.000000 0.013560 0.000000 0.999908 0.299545 0.299545 0.299545
4420.168945 0.000000 110.062813 0.000000 0.245294 0.000000 0.969449 0.353391 0.353391 0.353391
4459.467773 0.000000 190.034256 0.000000 0.505777 0.000000 0.862664 0.345962 0.345962 0.345962
4424.083496 0.000000 174.223419 0.000000 0.323288 0.000000 0.946301 0.373282 0.373282 0.373282
4439.955566 0.000000 165.997650 0.000000 0.405648 0.000000 0.914029 0.385227 0.385227 0.385227
4442.039551 0.000000 127.129974 0.000000 0.613364 0.000000 0.789801 0.358964 0.358964 0.358964
4451.193359 0.000000 119.680534 0.000000 0.565934 0.000000 0.824451 0.387934 0.387934 0.387934
4462.759277 0.000000 191.790131 0.000000 0.290975 0.000000 0.956731 0.308132 0.308132 0.308132
4418.722656 0.000000 113.694565 0.000000 0.021188 0.000000 0.999776 0.308987 0.308987 0.308987
4436.829102 0.000000 156.187988 0.000000 0.565206 0.000000 0.824950 0.367170 0.367170 0.367170
4423.499023 0.000000 139.480499 0.000000 0.431733 0.000000 0.902002 0.327471 0.327471 0.327471
4422.842773 0.000000 145.949799 0.000000 0.260752 0.000000 0.965406 0.297293 0.297293 0.297293
4431.871582 0.000000 127.642258 0.000000 0.138781 0.000000 0.990323 0.326162 0.326162 0.326162
4421.942871 0.000000 131.709946 0.000000 0.421952 0.000000 0.906618 0.318640 0.318640 0.318640
4425.388672 0.000000 137.946640 0.000000 0.113613 0.000000 0.993525 0.315783 0.315783 0.315783
4430.480957 0.000000 122.554626 0.000000 0.347233 0.000000 0.937779 0.355725 0.355725 0.355725
4456.429688 0.000000 123.704567 0.000000 0.229167 0.000000 0.973387 0.350674 0.350674 0.350674
4432.485840 0.000000 132.163910 0.000000 0.467722 0.000000 0.883876 0.362310 0.362310 0.362310
4453.504395 0.000000 125.994110 0.000000 0.034396 0.000000 0.999408 0.296381 0.296381 0.296381
4427.129883 0.000000 150.897400 0.000000 0.455753 0.000000 0.890106 0.330392 0.330392 0.330392
4427.038086 0.000000 157.887543 0.000000 0.508188 0.000000 0.861246 0.336916 0.336916 0.336916
4424.893555 0.000000 151.161453 0.000000 0.437016 0.000000 0.899454 0.311775 0.311775 0.311775
4463.207031 0.000000 188.035858 0.000000 0.553789 0.000000 0.832657 0.346097 0.346097 0.346097
4452.949219 0.000000 129.742035 0.000000 0.550361 0.000000 0.834926 0.333454 0.333454 0.333454
4416.253906 0.000000 146.744049 0.000000 0.017316 0.000000 0.999850 0.294673 0.294673 0.294673
4456.850098 0.000000 186.026062 0.000000 0.462695 0.000000 0.886518 0.363075 0.363075 0.363075
4414.038574 0.000000 142.212463 0.000000 0.399661 0.000000 0.916663 0.348381 0.348381 0.348381
4457.540527 0.000000 188.870422 0.000000 0.168983 0.000000 0.985619 0.330380 0.330380 0.330380
4416.909180 0.000000 154.239655 0.000000 0.284796 0.000000 0.958588 0.331899 0.331899 0.331899
4462.828125 0.000000 184.540436 0.000000 0.225093 0.000000 0.974337 0.318661 0.318661 0.318661
4416.673828 0.000000 116.079803 0.000000 0.508871 0.000000 0.860843 0.325353 0.325353 0.325353
4442.127441 0.000000 129.017075 0.000000 0.502454 0.000000 0.864604 0.344404 0.344404 0.344404
4457.420410 0.000000 127.816429 0.000000 0.660157 0.000000 0.751128 0.373626 0.373626 0.373626
4450.647949 0.000000 125.049133 0.000000 0.119246 0.000000 0.992865 0.296741 0.296741 0.296741
4430.725098 0.000000 150.526810 0.000000 0.264353 0.000000 0.964426 0.328476 0.328476 0.328476
4421.565430 0.000000 142.441284 0.000000 0.261658 0.000000 0.965161 0.290066 0.290066 0.290066
4436.020020 0.000000 157.662323 0.000000 0.303120 0.000000 0.952952 0.342177 0.342177 0.342177
4448.428711 0.000000 127.060493 0.000000 0.038871 0.000000 0.999244 0.274455 0.274455 0.274455
4445.570801 0.000000 126.578667 0.000000 0.571092 0.000000 0.820886 0.346144 0.346144 0.346144
4421.972656 0.000000 157.971069 0.000000 0.130758 0.000000 0.991414 0.293114 0.293114 0.293114
4462.363281 0.000000 181.639908 0.000000 0.553028 0.000000 0.833162 0.358171 0.358171 0.358171
4445.736328 0.000000 134.515854 0.000000 0.205646 0.000000 0.978627 0.307523 0.307523 0.307523
4419.669434 0.000000 138.859222 0.000000 0.567411 0.000000 0.823435 0.342400 0.342400 0.342400
4421.353516 0.000000 150.334412 0.000000 0.197568 0.000000 0.980289 0.271212 0.271212 0.271212
4425.455566 0.000000 161.187271 0.000000 0.049048 0.000000 0.998796 0.285880 0.285880 0.285880
4422.611816 0.000000 128.264847 0.000000 0.407954 0.000000 0.913002 0.314275 0.314275 0.314275
4425.606445 0.000000 141.420425 0.000000 0.623870 0.000000 0.781528 0.356269 0.356269 0.356269
4419.607422 0.000000 147.966690 0.000000 0.328864 0.000000 0.944377 0.307011 0.307011 0.307011
4449.812988 0.000000 126.450836 0.000000 0.241848 0.000000 0.970314 0.297991 0.297991 0.297991
4424.436035 0.000000 149.759995 0.000000 0.490882 0.000000 0.871226 0.321667 0.321667 0.321667
4420.781738 0.000000 116.068581 0.000000 0.372911 0.000000 0.927867 0.301772 0.301772 0.301772
4478.845215 0.000000 91.982193 0.000000 0.536586 0.000000 0.843846 0.398093 0.398093 0.398093
4486.170410 0.000000 95.956352 0.000000 0.628833 0.000000 0.777540 0.417977 0.417977 0.417977
4478.834473 0.000000 81.155296 0.000000 0.277445 0.000000 0.960742 0.416676 0.416676 0.416676
4476.197266 0.000000 95.014549 0.000000 0.013555 0.000000 0.999908 0.376522 0.376522 0.376522
4495.033691 0.000000 76.211700 0.000000 0.587698 0.000000 0.809080 0.427762 0.427762 0.427762
4474.735352 0.000000 80.768341 0.000000 0.122487 0.000000 0.992470 0.420718 0.420718 0.420718
4501.588379 0.000000 77.220055 0.000000 0.431080 0.000000 0.902314 0.414608 0.414608 0.414608
4481.246582 0.000000 83.212616 0.000000 0.549001 0.000000 0.835822 0.416646 0.416646 0.416646
4510.442871 0.000000 74.247253 0.000000 0.505917 0.000000 0.862582 0.399742 0.399742 0.399742
4494.299316 0.000000 90.347557 0.000000 0.377987 0.000000 0.925811 0.404806 0.404806 0.404806
4488.789062 0.000000 85.878700 0.000000 0.591932 0.000000 0.805988 0.404719 0.404719 0.404719
4530.507324 0.000000 85.835876 0.000000 0.292795 0.000000 0.956175 0.412797 0.412797 0.412797
4523.556641 0.000000 79.417702 0.000000 0.358377 0.000000 0.933577 0.416177 0.416177 0.416177
4530.888672 0.000000 91.591766 0.000000 0.356977 0.000000 0.934113 0.401234 0.401234 0.401234
4498.343750 0.000000 85.807625 0.000000 0.029726 0.000000 0.999558 0.368629 0.368629 0.368629
4499.133301 0.000000 88.356071 0.000000 0.408078 0.000000 0.912947 0.399594 0.399594 0.399594
4469.500977 0.000000 95.060677 0.000000 0.116936 0.000000 0.993139 0.391211 0.391211 0.391211
4532.253418 0.000000 89.403465 0.000000 0.376796 0.000000 0.926296 0.390119 0.390119 0.390119
4555.485840 0.000000 80.673271 0.000000 0.047047 0.000000 0.998893 0.436305 0.436305 0.436305
4538.689453 0.000000 77.389229 0.000000 0.079357 0.000000 0.996846 0.418166 0.418166 0.418166
4543.621582 0.000000 83.005432 0.000000 0.344217 0.000000 0.938890 0.373284 0.373284 0.373284
4546.727539 0.000000 80.768341 0.000000 0.391813 0.000000 0.920045 0.398816 0.398816 0.398816
4553.022949 0.000000 89.713699 0.000000 0.160047 0.000000 0.987109 0.407229 0.407229 0.407229
4535.650879 0.000000 93.874886 0.000000 0.615037 0.000000 0.788498 0.393873 0.393873 0.393873
4546.939453 0.000000 87.268837 0.000000 0.375966 0.000000 0.926634 0.370099 0.370099 0.370099
4542.564941 0.000000 84.980247 0.000000 0.612733 0.000000 0.790290 0.381407 0.381407 0.381407
4539.123047 0.000000 92.214172 0.000000 0.504784 0.000000 0.863246 0.366912 0.366912 0.366912
4535.541016 0.000000 90.119278 0.000000 0.076011 0.000000 0.997107 0.352605 0.352605 0.352605
4546.125977 0.000000 94.803772 0.000000 0.618087 0.000000 0.786110 0.391064 0.391064 0.391064
4538.227051 0.000000 89.954727 0.000000 0.616442 0.000000 0.787401 0.375650 0.375650 0.375650
4487.102539 0.000000 184.561005 0.000000 0.244820 0.000000 0.969568 0.448513 0.448513 0.448513
4479.459473 0.000000 97.441666 0.000000 0.514300 0.000000 0.857610 0.394424 0.394424 0.394424
4504.843750 0.000000 96.390068 0.000000 0.066146 0.000000 0.997810 0.428026 0.428026 0.428026
4509.168945 0.000000 133.603363 0.000000 0.441514 0.000000 0.897255 0.446247 0.446247 0.446247
4502.890625 0.000000 169.960480 0.000000 0.189190 0.000000 0.981941 0.420533 0.420533 0.420533
4472.139160 0.000000 136.655823 0.000000 0.501803 0.000000 0.864982 0.440607 0.440607 0.440607
4486.311523 0.000000 107.117096 0.000000 0.246262 0.000000 0.969203 0.439604 0.439604 0.439604
4475.574707 0.000000 128.394348 0.000000 0.203963 0.000000 0.978979 0.426991 0.426991 0.426991
4464.898926 0.000000 108.168274 0.000000 0.004643 0.000000 0.999989 0.400734 0.400734 0.400734
4476.382812 0.000000 101.877075 0.000000 0.056950 0.000000 0.998377 0.385374 0.385374 0.385374
4464.100098 0.000000 116.717499 0.000000 0.026342 0.000000 0.999653 0.404887 0.404887 0.404887
4483.769531 0.000000 187.946167 0.000000 0.529085 0.000000 0.848569 0.437478 0.437478 0.437478
4489.783203 0.000000 97.765915 0.000000 0.350496 0.000000 0.936564 0.417302 0.417302 0.417302
4471.226562 0.000000 103.006721 0.000000 0.039293 0.000000 0.999228 0.388060 0.388060 0.388060
4532.780273 0.000000 160.454407 0.000000 0.436632 0.000000 0.899640 0.354462 0.354462 0.354462
4506.953613 0.000000 169.455704 0.000000 0.229135 0.000000 0.973395 0.422910 0.422910 0.422910
4516.119629 0.000000 127.475647 0.000000 0.270455 0.000000 0.962733 0.400461 0.400461 0.400461
4481.756836 0.000000 100.530197 0.000000 0.340661 0.000000 0.940186 0.403278 0.403278 0.403278
4525.467285 0.000000 104.672211 0.000000 0.561104 0.000000 0.827745 0.391941 0.391941 0.391941
4525.813965 0.000000 163.453842 0.000000 0.206530 0.000000 0.978440 0.358140 0.358140 0.358140
4481.533691 0.000000 190.659485 0.000000 0.577618 0.000000 0.816307 0.426397 0.426397 0.426397
4521.222168 0.000000 112.580780 0.000000 0.102576 0.000000 0.994725 0.367537 0.367537 0.367537
4485.589355 0.000000 174.315765 0.000000 0.369976 0.000000 0.929041 0.420543 0.420543 0.420543
4526.598145 0.000000 160.029510 0.000000 0.339550 0.000000 0.940588 0.348213 0.348213 0.348213
4504.633301 0.000000 167.714966 0.000000 0.132679 0.000000 0.991159 0.401544 0.401544 0.401544
4487.293945 0.000000 151.575348 0.000000 0.310117 0.000000 0.950698 0.355499 0.355499 0.355499
4521.919434 0.000000 143.182343 0.000000 0.421375 0.000000 0.906886 0.335155 0.335155 0.335155
4474.086914 0.000000 103.279236 0.000000 0.353011 0.000000 0.935619 0.405140 0.405140 0.405140
4519.450195 0.000000 104.120522 0.000000 0.145467 0.000000 0.989363 0.400378 0.400378 0.400378
4477.581055 0.000000 167.979156 0.000000 0.609098 0.000000 0.793095 0.369743 0.369743 0.369743
4483.230957 0.000000 173.140656 0.000000 0.050272 0.000000 0.998736 0.390213 0.390213 0.390213
4480.963379 0.000000 175.625397 0.000000 0.652622 0.000000 0.757684 0.407501 0.407501 0.407501
4534.357910 0.000000 97.942276 0.000000 0.315707 0.000000 0.948857 0.384019 0.384019 0.384019
4524.528320 0.000000 133.222977 0.000000 0.065163 0.000000 0.997875 0.314684 0.314684 0.314684
4519.428711 0.000000 149.408997 0.000000 0.318304 0.000000 0.947989 0.309922 0.309922 0.309922
4514.711426 0.000000 143.172089 0.000000 0.063507 0.000000 0.997981 0.311148 0.311148 0.311148
4474.678223 0.000000 100.101967 0.000000 0.048379 0.000000 0.998829 0.383297 0.383297 0.383297
4526.149902 0.000000 143.549698 0.000000 0.606569 0.000000 0.795031 0.375659 0.375659 0.375659
4489.523926 0.000000 152.533981 0.000000 0.108498 0.000000 0.994097 0.330092 0.330092 0.330092
4526.815918 0.000000 141.373398 0.000000 0.445308 0.000000 0.895378 0.359026 0.359026 0.359026
4532.087891 0.000000 158.126801 0.000000 0.583726 0.000000 0.811950 0.372295 0.372295 0.372295
4526.015137 0.000000 102.437408 0.000000 0.326216 0.000000 0.945295 0.384605 0.384605 0.384605
4474.032227 0.000000 172.619751 0.000000 0.184001 0.000000 0.982926 0.320785 0.320785 0.320785
4522.558105 0.000000 140.328796 0.000000 0.148355 0.000000 0.988934 0.317414 0.317414 0.317414
4502.071777 0.000000 148.892975 0.000000 0.049305 0.000000 0.998784 0.357698 0.357698 0.357698
4467.301758 0.000000 165.038239 0.000000 0.520568 0.000000 0.853820 0.372977 0.372977 0.372977
4494.917969 0.000000 163.596710 0.000000 0.080671 0.000000 0.996741 0.371323 0.371323 0.371323
4504.531738 0.000000 156.454483 0.000000 0.655480 0.000000 0.755213 0.377877 0.377877 0.377877
4484.799316 0.000000 159.881470 0.000000 0.305822 0.000000 0.952089 0.342419 0.342419 0.342419
4491.128906 0.000000 160.557129 0.000000 0.278231 0.000000 0.960514 0.374707 0.374707 0.374707
4526.811035 0.000000 133.477951 0.000000 0.273852 0.000000 0.961772 0.311959 0.311959 0.311959
4465.025391 0.000000 167.956055 0.000000 0.306947 0.000000 0.951727 0.360905 0.360905 0.360905
4475.859863 0.000000 171.397217 0.000000 0.474423 0.000000 0.880297 0.352040 0.352040 0.352040
4521.398926 0.000000 145.219391 0.000000 0.495721 0.000000 0.868482 0.336527 0.336527 0.336527
4512.505859 0.000000 141.285522 0.000000 0.164738 0.000000 0.986337 0.350537 0.350537 0.350537
4533.426270 0.000000 162.526428 0.000000 0.537667 0.000000 0.843157 0.375621 0.375621 0.375621
4523.185547 0.000000 119.680534 0.000000 0.280239 0.000000 0.959930 0.337243 0.337243 0.337243
4474.133789 0.000000 190.788147 0.000000 0.359372 0.000000 0.933195 0.374303 0.374303 0.374303
4523.114746 0.000000 113.390900 0.000000 0.448835 0.000000 0.893614 0.376735 0.376735 0.376735
4524.162109 0.000000 109.836975 0.000000 0.283478 0.000000 0.958979 0.349074 0.349074 0.349074
4505.581543 0.000000 158.337067 0.000000 0.584808 0.000000 0.811171 0.373467 0.373467 0.373467
4476.893555 0.000000 164.574478 0.000000 0.249120 0.000000 0.968473 0.335897 0.335897 0.335897
4522.720703 0.000000 111.283798 0.000000 0.597633 0.000000 0.801770 0.385205 0.385205 0.385205
4472.122559 0.000000 170.313705 0.000000 0.101314 0.000000 0.994855 0.317945 0.317945 0.317945
4468.965820 0.000000 161.611603 0.000000 0.189988 0.000000 0.981786 0.353903 0.353903 0.353903
4473.953613 0.000000 178.525803 0.000000 0.529269 0.000000 0.848454 0.348708 0.348708 0.348708
4532.080566 0.000000 146.461761 0.000000 0.199229 0.000000 0.979953 0.351480 0.351480 0.351480
4530.549316 0.000000 132.152618 0.000000 0.556074 0.000000 0.831133 0.326547 0.326547 0.326547
4528.508789 0.000000 140.350708 0.000000 0.551974 0.000000 0.833861 0.380209 0.380209 0.380209
4529.990234 0.000000 153.123291 0.000000 0.149920 0.000000 0.988698 0.331923 0.331923 0.331923
4528.940430 0.000000 112.028999 0.000000 0.159282 0.000000 0.987233 0.339050 0.339050 0.339050
4520.217773 0.000000 151.295654 0.000000 0.001248 0.000000 0.999999 0.275433 0.275433 0.275433
4525.712402 0.000000 122.804451 0.000000 0.439246 0.000000 0.898367 0.335903 0.335903 0.335903
4474.923340 0.000000 174.861465 0.000000 0.592110 0.000000 0.805857 0.368934 0.368934 0.368934
4528.797852 0.000000 138.563766 0.000000 0.555498 0.000000 0.831518 0.373890 0.373890 0.373890
4517.610352 0.000000 153.714615 0.000000 0.632534 0.000000 0.774533 0.347479 0.347479 0.347479
4471.303711 0.000000 173.975586 0.000000 0.247458 0.000000 0.968899 0.326846 0.326846 0.326846
4520.146973 0.000000 154.288834 0.000000 0.652653 0.000000 0.757657 0.349552 0.349552 0.349552
4470.564941 0.000000 164.447144 0.000000 0.494085 0.000000 0.869414 0.361190 0.361190 0.361190
4525.145996 0.000000 144.995636 0.000000 0.032127 0.000000 0.999484 0.287511 0.287511 0.287511
4468.194336 0.000000 189.811523 0.000000 0.633497 0.000000 0.773745 0.352593 0.352593 0.352593
4527.102539 0.000000 111.829063 0.000000 0.397211 0.000000 0.917728 0.348147 0.348147 0.348147
4470.296387 0.000000 171.017853 0.000000 0.621175 0.000000 0.783672 0.369062 0.369062 0.369062
4513.758301 0.000000 151.928009 0.000000 0.537357 0.000000 0.843355 0.338390 0.338390 0.338390
4535.394531 0.000000 118.375824 0.000000 0.603610 0.000000 0.797280 0.347368 0.347368 0.347368
4525.872070 0.000000 153.572968 0.000000 0.569183 0.000000 0.822211 0.353484 0.353484 0.353484
4517.757324 0.000000 143.162308 0.000000 0.570810 0.000000 0.821082 0.356929 0.356929 0.356929
4470.905762 0.000000 176.833237 0.000000 0.265195 0.000000 0.964195 0.319778 0.319778 0.319778
4524.088379 0.000000 122.820312 0.000000 0.068040 0.000000 0.997683 0.296373 0.296373 0.296373
4470.846680 0.000000 182.507233 0.000000 0.401688 0.000000 0.915777 0.321268 0.321268 0.321268
4463.893555 0.000000 188.222748 0.000000 0.352206 0.000000 0.935923 0.322127 0.322127 0.322127
4534.745605 0.000000 126.657814 0.000000 0.522463 0.000000 0.852662 0.279081 0.279081 0.279081
4532.774902 0.000000 125.951256 0.000000 0.239213 0.000000 0.970967 0.231974 0.231974 0.231974
4605.430664 0.000000 189.333923 0.000000 0.005425 0.000000 0.999985 0.416586 0.416586 0.416586
4547.417480 0.000000 165.943039 0.000000 0.126678 0.000000 0.991944 0.424048 0.424048 0.424048
4604.484375 0.000000 152.503937 0.000000 0.235518 0.000000 0.971870 0.426038 0.426038 0.426038
4566.037598 0.000000 177.091125 0.000000 0.051164 0.000000 0.998690 0.414149 0.414149 0.414149
4599.372070 0.000000 122.067047 0.000000 0.461895 0.000000 0.886935 0.393636 0.393636 0.393636
4583.027832 0.000000 143.010544 0.000000 0.163066 0.000000 0.986615 0.408902 0.408902 0.408902
4574.620605 0.000000 137.446259 0.000000 0.566443 0.000000 0.824101 0.429324 0.429324 0.429324
4553.525879 0.000000 190.659485 0.000000 0.009871 0.000000 0.999951 0.379855 0.379855 0.379855
4605.985352 0.000000 119.646942 0.000000 0.295144 0.000000 0.955453 0.384307 0.384307 0.384307
4559.286133 0.000000 151.575348 0.000000 0.523721 0.000000 0.851890 0.415637 0.415637 0.415637
4561.831055 0.000000 186.046265 0.000000 0.445608 0.000000 0.895228 0.374004 0.374004 0.374004
4604.181152 0.000000 143.446564 0.000000 0.658765 0.000000 0.752349 0.397379 0.397379 0.397379
4595.364746 0.000000 171.211945 0.000000 0.503216 0.000000 0.864161 0.405453 0.405453 0.405453
4596.520508 0.000000 133.222977 0.000000 0.141894 0.000000 0.989882 0.368157 0.368157 0.368157
4557.955078 0.000000 189.344177 0.000000 0.097136 0.000000 0.995271 0.363919 0.363919 0.363919
4600.757812 0.000000 147.792831 0.000000 0.624203 0.000000 0.781262 0.395602 0.395602 0.395602
4543.998535 0.000000 150.217621 0.000000 0.270402 0.000000 0.962748 0.381517 0.381517 0.381517
4603.311035 0.000000 162.588379 0.000000 0.560076 0.000000 0.828441 0.392964 0.392964 0.392964
4603.395996 0.000000 176.991913 0.000000 0.592235 0.000000 0.805765 0.411053 0.411053 0.411053
4555.986816 0.000000 190.800507 0.000000 0.648987 0.000000 0.760799 0.402408 0.402408 0.402408
4569.442871 0.000000 186.395508 0.000000 0.276722 0.000000 0.960950 0.383313 0.383313 0.383313
4535.539062 0.000000 163.783691 0.000000 0.094478 0.000000 0.995527 0.327278 0.327278 0.327278
4555.598633 0.000000 109.802315 0.000000 0.619897 0.000000 0.784684 0.394254 0.394254 0.394254
4592.643555 0.000000 136.066315 0.000000 0.612347 0.000000 0.790589 0.406978 0.406978 0.406978
4552.644043 0.000000 137.637878 0.000000 0.426853 0.000000 0.904321 0.391614 0.391614 0.391614
4598.132324 0.000000 175.295334 0.000000 0.110776 0.000000 0.993845 0.381120 0.381120 0.381120
4554.652344 0.000000 102.633270 0.000000 0.049266 0.000000 0.998786 0.364533 0.364533 0.364533
4542.220703 0.000000 110.049049 0.000000 0.553058 0.000000 0.833143 0.375876 0.375876 0.375876
4582.837402 0.000000 153.168381 0.000000 0.163393 0.000000 0.986561 0.367824 0.367824 0.367824
4537.666504 0.000000 134.066345 0.000000 0.594134 0.000000 0.804366 0.379651 0.379651 0.379651
4563.920898 0.000000 186.685913 0.000000 0.506729 0.000000 0.862105 0.374098 0.374098 0.374098
4559.934570 0.000000 190.588959 0.000000 0.165058 0.000000 0.986284 0.344246 0.344246 0.344246
4537.017578 0.000000 167.956055 0.000000 0.341498 0.000000 0.939882 0.379968 0.379968 0.379968
4541.590332 0.000000 127.896957 0.000000 0.235717 0.000000 0.971822 0.307749 0.307749 0.307749
4553.054199 0.000000 109.211151 0.000000 0.551398 0.000000 0.834242 0.377943 0.377943 0.377943
4583.628418 0.000000 157.433548 0.000000 0.571200 0.000000 0.820811 0.395916 0.395916 0.395916
4581.425781 0.000000 149.349091 0.000000 0.363129 0.000000 0.931739 0.383987 0.383987 0.383987
4591.685547 0.000000 157.233749 0.000000 0.227756 0.000000 0.973718 0.376178 0.376178 0.376178
4580.916992 0.000000 168.806641 0.000000 0.195621 0.000000 0.980680 0.366650 0.366650 0.366650
4556.195801 0.000000 128.843689 0.000000 0.171519 0.000000 0.985181 0.344739 0.344739 0.344739
4566.827148 0.000000 145.949799 0.000000 0.137275 0.000000 0.990533 0.327640 0.327640 0.327640
4559.186035 0.000000 126.506470 0.000000 0.056980 0.000000 0.998375 0.337757 0.337757 0.337757
4550.915039 0.000000 103.592339 0.000000 0.507346 0.000000 0.861743 0.372983 0.372983 0.372983
4577.977051 0.000000 163.493958 0.000000 0.262607 0.000000 0.964903 0.345901 0.345901 0.345901
4600.414062 0.000000 123.704567 0.000000 0.230160 0.000000 0.973153 0.358269 0.358269 0.358269
4568.877930 0.000000 151.161453 0.000000 0.511151 0.000000 0.859491 0.366340 0.366340 0.366340
4547.458008 0.000000 104.614967 0.000000 0.123751 0.000000 0.992313 0.337853 0.337853 0.337853
4600.359863 0.000000 144.817566 0.000000 0.550023 0.000000 0.835150 0.380044 0.380044 0.380044
4564.135254 0.000000 132.849442 0.000000 0.650944 0.000000 0.759125 0.360909 0.360909 0.360909
4604.801758 0.000000 167.840469 0.000000 0.209067 0.000000 0.977901 0.346090 0.346090 0.346090
4592.209961 0.000000 151.295654 0.000000 0.455235 0.000000 0.890372 0.352536 0.352536 0.352536
4597.259277 0.000000 139.946564 0.000000 0.204227 0.000000 0.978923 0.345712 0.345712 0.345712
4560.660645 0.000000 134.171432 0.000000 0.424090 0.000000 0.905620 0.322732 0.322732 0.322732
4537.870605 0.000000 111.175278 0.000000 0.250097 0.000000 0.968221 0.347830 0.347830 0.347830
4543.888184 0.000000 97.236664 0.000000 0.342469 0.000000 0.939529 0.344355 0.344355 0.344355
4597.138184 0.000000 144.995636 0.000000 0.479467 0.000000 0.877560 0.363389 0.363389 0.363389
4535.654785 0.000000 109.453827 0.000000 0.419909 0.000000 0.907566 0.349049 0.349049 0.349049
4540.594727 0.000000 126.513908 0.000000 0.184102 0.000000 0.982907 0.302114 0.302114 0.302114
4535.530273 0.000000 120.655136 0.000000 0.318536 0.000000 0.947911 0.291743 0.291743 0.291743
4562.724121 0.000000 136.331543 0.000000 0.533215 0.000000 0.845980 0.337845 0.337845 0.337845
4559.912598 0.000000 132.815948 0.000000 0.117223 0.000000 0.993106 0.299791 0.299791 0.299791
4606.888672 0.000000 135.237244 0.000000 0.567403 0.000000 0.823440 0.339139 0.339139 0.339139
4444.142090 0.000000 257.943237 0.000000 0.553497 0.000000 0.832851 0.440048 0.440048 0.440048
4438.650391 0.000000 275.711792 0.000000 0.132305 0.000000 0.991209 0.430612 0.430612 0.430612
4424.177734 0.000000 220.077026 0.000000 0.263652 0.000000 0.964618 0.315223 0.315223 0.315223
4409.575195 0.000000 278.355347 0.000000 0.621237 0.000000 0.783623 0.439884 0.439884 0.439884
4429.063965 0.000000 219.877365 0.000000 0.354608 0.000000 0.935015 0.314254 0.314254 0.314254
4406.842285 0.000000 273.124054 0.000000 0.209815 0.000000 0.977741 0.433201 0.433201 0.433201
4421.160156 0.000000 208.119659 0.000000 0.540757 0.000000 0.841179 0.401718 0.401718 0.401718
4423.054199 0.000000 201.650879 0.000000 0.510185 0.000000 0.860065 0.403471 0.403471 0.403471
4425.645020 0.000000 229.406357 0.000000 0.125801 0.000000 0.992055 0.289323 0.289323 0.289323
4457.417969 0.000000 286.770508 0.000000 0.294569 0.000000 0.955630 0.411423 0.411423 0.411423
4422.390137 0.000000 240.008713 0.000000 0.660179 0.000000 0.751109 0.395586 0.395586 0.395586
4414.453613 0.000000 253.772842 0.000000 0.218938 0.000000 0.975739 0.406015 0.406015 0.406015
4434.755371 0.000000 209.870804 0.000000 0.650297 0.000000 0.759680 0.398625 0.398625 0.398625
4422.307129 0.000000 282.316315 0.000000 0.595950 0.000000 0.803021 0.389248 0.389248 0.389248
4420.964355 0.000000 195.084381 0.000000 0.119348 0.000000 0.992852 0.376636 0.376636 0.376636
4438.849609 0.000000 227.026474 0.000000 0.357692 0.000000 0.933839 0.389081 0.389081 0.389081
4449.439453 0.000000 254.600113 0.000000 0.554367 0.000000 0.832273 0.422386 0.422386 0.422386
4424.112793 0.000000 207.494156 0.000000 0.566048 0.000000 0.824372 0.406451 0.406451 0.406451
4415.301758 0.000000 247.559723 0.000000 0.637624 0.000000 0.770348 0.415422 0.415422 0.415422
4449.675781 0.000000 259.482971 0.000000 0.590036 0.000000 0.807377 0.416218 0.416218 0.416218
4415.068359 0.000000 193.326508 0.000000 0.055957 0.000000 0.998433 0.387033 0.387033 0.387033
4455.867676 0.000000 215.311005 0.000000 0.416633 0.000000 0.909075 0.411542 0.411542 0.411542
4422.936523 0.000000 204.884552 0.000000 0.550350 0.000000 0.834934 0.401161 0.401161 0.401161
4420.292480 0.000000 247.591675 0.000000 0.167791 0.000000 0.985823 0.344454 0.344454 0.344454
4427.141113 0.000000 280.324829 0.000000 0.042770 0.000000 0.999085 0.312669 0.312669 0.312669
4460.775879 0.000000 234.589462 0.000000 0.532698 0.000000 0.846305 0.414859 0.414859 0.414859
4441.428223 0.000000 216.151764 0.000000 0.583579 0.000000 0.812056 0.378668 0.378668 0.378668
4422.253418 0.000000 287.063538 0.000000 0.000835 0.000000 1.000000 0.340646 0.340646 0.340646
4425.669434 0.000000 212.720566 0.000000 0.495748 0.000000 0.868467 0.370807 0.370807 0.370807
4439.679688 0.000000 194.112991 0.000000 0.233599 0.000000 0.972333 0.387007 0.387007 0.387007
4425.473633 0.000000 202.166855 0.000000 0.356514 0.000000 0.934290 0.401214 0.401214 0.401214
4434.555664 0.000000 207.408508 0.000000 0.603362 0.000000 0.797467 0.401259 0.401259 0.401259
4432.990234 0.000000 240.054138 0.000000 0.611671 0.000000 0.791112 0.394635 0.394635 0.394635
4461.946777 0.000000 199.072388 0.000000 0.015471 0.000000 0.999880 0.324193 0.324193 0.324193
4419.924805 0.000000 264.009491 0.000000 0.486493 0.000000 0.873685 0.380753 0.380753 0.380753
4453.250977 0.000000 261.680206 0.000000 0.412554 0.000000 0.910933 0.379218 0.379218 0.379218
4422.154785 0.000000 219.089447 0.000000 0.540282 0.000000 0.841484 0.367986 0.367986 0.367986
4430.060059 0.000000 200.267273 0.000000 0.516153 0.000000 0.856496 0.396852 0.396852 0.396852
4430.079590 0.000000 244.877350 0.000000 0.292278 0.000000 0.956334 0.364111 0.364111 0.364111
4420.068359 0.000000 245.396423 0.000000 0.213171 0.000000 0.977015 0.352504 0.352504 0.352504
4419.136719 0.000000 256.541504 0.000000 0.102877 0.000000 0.994694 0.372501 0.372501 0.372501
4423.240234 0.000000 274.870850 0.000000 0.543612 0.000000 0.839337 0.363835 0.363835 0.363835
4420.420898 0.000000 214.882812 0.000000 0.570346 0.000000 0.821405 0.394774 0.394774 0.394774
4429.652344 0.000000 241.399734 0.000000 0.660823 0.000000 0.750542 0.378475 0.378475 0.378475
4429.740234 0.000000 225.405594 0.000000 0.396058 0.000000 0.918225 0.294441 0.294441 0.294441
4430.139160 0.000000 276.221863 0.000000 0.086348 0.000000 0.996265 0.358283 0.358283 0.358283
4427.803223 0.000000 259.771637 0.000000 0.046402 0.000000 0.998923 0.328408 0.328408 0.328408
4431.871582 0.000000 223.626648 0.000000 0.524352 0.000000 0.851502 0.321803 0.321803 0.321803
4461.897949 0.000000 265.344421 0.000000 0.035274 0.000000 0.999378 0.349946 0.349946 0.349946
4435.315430 0.000000 211.840866 0.000000 0.590136 0.000000 0.807304 0.387722 0.387722 0.387722
4422.348145 0.000000 285.101746 0.000000 0.484629 0.000000 0.874720 0.377025 0.377025 0.377025
4432.485840 0.000000 228.148300 0.000000 0.638042 0.000000 0.770002 0.368051 0.368051 0.368051
4423.933594 0.000000 248.832550 0.000000 0.650725 0.000000 0.759314 0.377347 0.377347 0.377347
4422.014648 0.000000 256.509186 0.000000 0.295555 0.000000 0.955326 0.352921 0.352921 0.352921
4426.391113 0.000000 250.559326 0.000000 0.023949 0.000000 0.999713 0.335305 0.335305 0.335305
4440.630859 0.000000 214.270721 0.000000 0.202049 0.000000 0.979375 0.351687 0.351687 0.351687
4428.470215 0.000000 221.818085 0.000000 0.037911 0.000000 0.999281 0.262291 0.262291 0.262291
4425.787598 0.000000 231.369232 0.000000 0.220777 0.000000 0.975324 0.309141 0.309141 0.309141
4458.321289 0.000000 198.615936 0.000000 0.408518 0.000000 0.912750 0.351814 0.351814 0.351814
4437.734375 0.000000 213.673599 0.000000 0.537889 0.000000 0.843016 0.377893 0.377893 0.377893
4420.150879 0.000000 228.833817 0.000000 0.210088 0.000000 0.977683 0.347697 0.347697 0.347697
4445.855957 0.000000 204.984695 0.000000 0.242659 0.000000 0.970112 0.323406 0.323406 0.323406
4462.609375 0.000000 257.127899 0.000000 0.409693 0.000000 0.912223 0.355795 0.355795 0.355795
4441.550781 0.000000 219.300873 0.000000 0.301760 0.000000 0.953384 0.353418 0.353418 0.353418
4456.521973 0.000000 256.102783 0.000000 0.288861 0.000000 0.957371 0.349515 0.349515 0.349515
4428.929688 0.000000 234.010101 0.000000 0.650234 0.000000 0.759734 0.356935 0.356935 0.356935
4421.351074 0.000000 268.789520 0.000000 0.330958 0.000000 0.943645 0.346069 0.346069 0.346069
4462.089844 0.000000 249.258423 0.000000 0.425845 0.000000 0.904796 0.355982 0.355982 0.355982
4431.100586 0.000000 235.385529 0.000000 0.204384 0.000000 0.978891 0.321189 0.321189 0.321189
4424.099121 0.000000 224.723892 0.000000 0.482341 0.000000 0.875984 0.332474 0.332474 0.332474
4449.841797 0.000000 203.564423 0.000000 0.638448 0.000000 0.769665 0.356259 0.356259 0.356259
4434.902344 0.000000 221.172531 0.000000 0.018387 0.000000 0.999831 0.287804 0.287804 0.287804
4425.159668 0.000000 223.422974 0.000000 0.241957 0.000000 0.970287 0.306945 0.306945 0.306945
4424.625488 0.000000 232.494247 0.000000 0.135516 0.000000 0.990775 0.306533 0.306533 0.306533
4429.976074 0.000000 221.356262 0.000000 0.545186 0.000000 0.838315 0.328256 0.328256 0.328256
4430.917480 0.000000 224.667908 0.000000 0.525635 0.000000 0.850710 0.325422 0.325422 0.325422
4457.523926 0.000000 290.535370 0.000000 0.011450 0.000000 0.999934 0.441241 0.441241 0.441241
4420.285156 0.000000 293.955139 0.000000 0.065617 0.000000 0.997845 0.392508 0.392508 0.392508
4460.645508 0.000000 287.996735 0.000000 0.281504 0.000000 0.959560 0.421118 0.421118 0.421118
4430.721680 0.000000 290.603302 0.000000 0.179455 0.000000 0.983766 0.371900 0.371900 0.371900
4521.352051 0.000000 251.674179 0.000000 0.657308 0.000000 0.753622 0.444246 0.444246 0.444246
4464.382812 0.000000 266.043823 0.000000 0.316780 0.000000 0.948499 0.399507 0.399507 0.399507
4469.022461 0.000000 259.596985 0.000000 0.059405 0.000000 0.998234 0.385479 0.385479 0.385479
4514.762207 0.000000 214.002319 0.000000 0.583434 0.000000 0.812160 0.441481 0.441481 0.441481
4484.124512 0.000000 261.907104 0.000000 0.407981 0.000000 0.912990 0.434489 0.434489 0.434489
4465.072754 0.000000 261.655457 0.000000 0.239691 0.000000 0.970849 0.378347 0.378347 0.378347
4530.100586 0.000000 225.596863 0.000000 0.293774 0.000000 0.955875 0.351349 0.351349 0.351349
4477.015137 0.000000 250.002747 0.000000 0.232363 0.000000 0.972629 0.388449 0.388449 0.388449
4527.010742 0.000000 235.021255 0.000000 0.011608 0.000000 0.999933 0.327383 0.327383 0.327383
4501.588379 0.000000 269.188812 0.000000 0.377396 0.000000 0.926052 0.418081 0.418081 0.418081
4489.705566 0.000000 258.303101 0.000000 0.387384 0.000000 0.921918 0.403877 0.403877 0.403877
4523.316406 0.000000 226.670441 0.000000 0.495547 0.000000 0.868581 0.377883 0.377883 0.377883
4498.494629 0.000000 218.041565 0.000000 0.208129 0.000000 0.978101 0.394950 0.394950 0.394950
4534.068359 0.000000 226.089050 0.000000 0.212565 0.000000 0.977147 0.347888 0.347888 0.347888
4487.293945 0.000000 247.559723 0.000000 0.227271 0.000000 0.973831 0.403279 0.403279 0.403279
4464.893555 0.000000 280.496826 0.000000 0.258297 0.000000 0.966066 0.410278 0.410278 0.410278
4521.919434 0.000000 239.166718 0.000000 0.156821 0.000000 0.987627 0.384900 0.384900 0.384900
4474.086914 0.000000 199.263626 0.000000 0.448441 0.000000 0.893812 0.413974 0.413974 0.413974
4519.052246 0.000000 229.484283 0.000000 0.605458 0.000000 0.795877 0.376580 0.376580 0.376580
4520.260742 0.000000 236.038422 0.000000 0.611742 0.000000 0.791058 0.398741 0.398741 0.398741
4495.511230 0.000000 244.439636 0.000000 0.448451 0.000000 0.893808 0.400309 0.400309 0.400309
4511.471680 0.000000 244.214600 0.000000 0.649939 0.000000 0.759986 0.389868 0.389868 0.389868
4524.543457 0.000000 234.167191 0.000000 0.414230 0.000000 0.910172 0.360058 0.360058 0.360058
4511.652832 0.000000 221.804901 0.000000 0.254460 0.000000 0.967083 0.358509 0.358509 0.358509
4514.711426 0.000000 239.156464 0.000000 0.173040 0.000000 0.984915 0.379381 0.379381 0.379381
4511.061035 0.000000 241.606720 0.000000 0.202062 0.000000 0.979373 0.339399 0.339399 0.339399
4500.747070 0.000000 249.349136 0.000000 0.008939 0.000000 0.999960 0.344720 0.344720 0.344720
4534.620117 0.000000 229.713150 0.000000 0.396885 0.000000 0.917869 0.371628 0.371628 0.371628
4508.678223 0.000000 232.554520 0.000000 0.489987 0.000000 0.871730 0.312028 0.312028 0.312028
4526.815918 0.000000 237.357773 0.000000 0.460662 0.000000 0.887576 0.376388 0.376388 0.376388
4522.558105 0.000000 236.313171 0.000000 0.112410 0.000000 0.993662 0.358263 0.358263 0.358263
4472.829590 0.000000 197.335388 0.000000 0.096520 0.000000 0.995331 0.378788 0.378788 0.378788
4510.845215 0.000000 249.152771 0.000000 0.077017 0.000000 0.997030 0.347636 0.347636 0.347636
4508.239746 0.000000 237.546555 0.000000 0.532344 0.000000 0.846528 0.329792 0.329792 0.329792
4516.121582 0.000000 231.864822 0.000000 0.369954 0.000000 0.929050 0.349578 0.349578 0.349578
4531.215332 0.000000 223.800491 0.000000 0.183820 0.000000 0.982960 0.347237 0.347237 0.347237
4509.433594 0.000000 245.333481 0.000000 0.213882 0.000000 0.976859 0.337331 0.337331 0.337331
4495.573242 0.000000 228.738785 0.000000 0.045561 0.000000 0.998962 0.330055 0.330055 0.330055
4480.439453 0.000000 244.006256 0.000000 0.216637 0.000000 0.976252 0.363395 0.363395 0.363395
4502.227539 0.000000 260.084106 0.000000 0.098829 0.000000 0.995104 0.357404 0.357404 0.357404
4505.966797 0.000000 237.916885 0.000000 0.574097 0.000000 0.818787 0.334684 0.334684 0.334684
4502.075684 0.000000 256.306458 0.000000 0.618935 0.000000 0.785442 0.380984 0.380984 0.380984
4493.547363 0.000000 234.713882 0.000000 0.538649 0.000000 0.842530 0.375707 0.375707 0.375707
4505.581543 0.000000 254.321457 0.000000 0.237627 0.000000 0.971357 0.354309 0.354309 0.354309
4530.549316 0.000000 228.136993 0.000000 0.070325 0.000000 0.997524 0.318521 0.318521 0.318521
4504.478027 0.000000 228.148300 0.000000 0.208067 0.000000 0.978115 0.269550 0.269550 0.269550
4504.936523 0.000000 243.710709 0.000000 0.272849 0.000000 0.962057 0.326390 0.326390 0.326390
4499.030273 0.000000 253.871933 0.000000 0.555515 0.000000 0.831507 0.379407 0.379407 0.379407
4500.462402 0.000000 221.818085 0.000000 0.300104 0.000000 0.953906 0.360397 0.360397 0.360397
4498.521484 0.000000 243.217743 0.000000 0.059205 0.000000 0.998246 0.341318 0.341318 0.341318
4492.143066 0.000000 228.833817 0.000000 0.087455 0.000000 0.996168 0.343355 0.343355 0.343355
4475.796875 0.000000 245.963287 0.000000 0.293379 0.000000 0.955996 0.344166 0.344166 0.344166
4525.267090 0.000000 235.930939 0.000000 0.651205 0.000000 0.758902 0.382241 0.382241 0.382241
4495.605469 0.000000 237.285538 0.000000 0.522703 0.000000 0.852515 0.372018 0.372018 0.372018
4534.395020 0.000000 227.942749 0.000000 0.046723 0.000000 0.998908 0.335283 0.335283 0.335283
4532.593750 0.000000 224.905502 0.000000 0.177146 0.000000 0.984185 0.324829 0.324829 0.324829
4505.424316 0.000000 220.188858 0.000000 0.262254 0.000000 0.964999 0.341472 0.341472 0.341472
4499.445312 0.000000 231.063995 0.000000 0.517854 0.000000 0.855469 0.340449 0.340449 0.340449
4468.754395 0.000000 193.799820 0.000000 0.124293 0.000000 0.992246 0.311900 0.311900 0.311900
4510.522461 0.000000 228.702377 0.000000 0.046975 0.000000 0.998896 0.268537 0.268537 0.268537
4500.871094 0.000000 227.632034 0.000000 0.004854 0.000000 0.999988 0.263519 0.263519 0.263519
4508.601074 0.000000 231.012283 0.000000 0.431971 0.000000 0.901887 0.304768 0.304768 0.304768
4502.738770 0.000000 237.014984 0.000000 0.013990 0.000000 0.999902 0.268105 0.268105 0.268105
4569.642090 0.000000 259.922302 0.000000 0.211464 0.000000 0.977386 0.446949 0.446949 0.446949
4576.835938 0.000000 192.374451 0.000000 0.629922 0.000000 0.776658 0.435013 0.435013 0.435013
4535.577637 0.000000 230.593124 0.000000 0.518046 0.000000 0.855353 0.387743 0.387743 0.387743
4539.596680 0.000000 234.756470 0.000000 0.557522 0.000000 0.830162 0.407088 0.407088 0.407088
4550.451660 0.000000 244.801422 0.000000 0.626847 0.000000 0.779142 0.432939 0.432939 0.432939
4592.750000 0.000000 272.545227 0.000000 0.026470 0.000000 0.999650 0.389276 0.389276 0.389276
4545.623047 0.000000 228.006256 0.000000 0.477010 0.000000 0.878898 0.359545 0.359545 0.359545
4601.015625 0.000000 212.637787 0.000000 0.401115 0.000000 0.916028 0.388852 0.388852 0.388852
4602.147949 0.000000 280.744446 0.000000 0.189019 0.000000 0.981973 0.353834 0.353834 0.353834
4552.322754 0.000000 231.317673 0.000000 0.220118 0.000000 0.975473 0.365139 0.365139 0.365139
4601.402344 0.000000 286.770508 0.000000 0.600905 0.000000 0.799321 0.419826 0.419826 0.419826
4538.134766 0.000000 227.840363 0.000000 0.322761 0.000000 0.946480 0.345338 0.345338 0.345338
4572.872559 0.000000 261.721832 0.000000 0.085250 0.000000 0.996360 0.413286 0.413286 0.413286
4586.903320 0.000000 273.648560 0.000000 0.598475 0.000000 0.801142 0.420771 0.420771 0.420771
4582.435059 0.000000 266.216003 0.000000 0.532492 0.000000 0.846435 0.380836 0.380836 0.380836
4602.499512 0.000000 277.804626 0.000000 0.112836 0.000000 0.993614 0.335363 0.335363 0.335363
4595.548828 0.000000 271.386475 0.000000 0.229174 0.000000 0.973386 0.374753 0.374753 0.374753
4546.232910 0.000000 241.021149 0.000000 0.605327 0.000000 0.795977 0.409664 0.409664 0.409664
4586.178223 0.000000 244.297272 0.000000 0.351400 0.000000 0.936226 0.403715 0.403715 0.403715
4548.208008 0.000000 233.556946 0.000000 0.372805 0.000000 0.927910 0.343159 0.343159 0.343159
4554.375000 0.000000 229.359161 0.000000 0.489823 0.000000 0.871822 0.402415 0.402415 0.402415
4599.260742 0.000000 275.863037 0.000000 0.098394 0.000000 0.995147 0.359031 0.359031 0.359031
4577.212891 0.000000 267.460175 0.000000 0.469935 0.000000 0.882701 0.402611 0.402611 0.402611
4546.051270 0.000000 222.127197 0.000000 0.575915 0.000000 0.817510 0.401615 0.401615 0.401615
4544.388184 0.000000 225.743347 0.000000 0.162587 0.000000 0.986694 0.355126 0.355126 0.355126
4569.653809 0.000000 212.720566 0.000000 0.296919 0.000000 0.954903 0.400089 0.400089 0.400089
4583.645020 0.000000 221.804901 0.000000 0.604867 0.000000 0.796327 0.413778 0.413778 0.413778
4550.737793 0.000000 229.297165 0.000000 0.499924 0.000000 0.866069 0.385289 0.385289 0.385289
4540.963867 0.000000 237.039764 0.000000 0.398708 0.000000 0.917078 0.401753 0.401753 0.401753
4604.626953 0.000000 210.773682 0.000000 0.160892 0.000000 0.986972 0.386673 0.386673 0.386673
4537.471191 0.000000 219.856827 0.000000 0.630127 0.000000 0.776492 0.399060 0.399060 0.399060
4594.881348 0.000000 264.475769 0.000000 0.287039 0.000000 0.957919 0.347928 0.347928 0.347928
4598.007324 0.000000 198.421783 0.000000 0.025307 0.000000 0.999680 0.375340 0.375340 0.375340
4586.546387 0.000000 259.593384 0.000000 0.101017 0.000000 0.994885 0.327824 0.327824 0.327824
4550.371582 0.000000 232.891159 0.000000 0.285870 0.000000 0.958268 0.349270 0.349270 0.349270
4552.937988 0.000000 236.185211 0.000000 0.440100 0.000000 0.897949 0.384858 0.384858 0.384858
4571.283691 0.000000 210.051102 0.000000 0.601863 0.000000 0.798599 0.398043 0.398043 0.398043
4554.785645 0.000000 201.280930 0.000000 0.357111 0.000000 0.934062 0.384986 0.384986 0.384986
4564.153320 0.000000 206.047195 0.000000 0.280370 0.000000 0.959892 0.379173 0.379173 0.379173
4583.628418 0.000000 253.417938 0.000000 0.349029 0.000000 0.937112 0.353145 0.353145 0.353145
4588.412598 0.000000 252.004425 0.000000 0.635335 0.000000 0.772237 0.390523 0.390523 0.390523
4576.870605 0.000000 210.816788 0.000000 0.472314 0.000000 0.881431 0.372428 0.372428 0.372428
4580.916992 0.000000 264.791016 0.000000 0.483916 0.000000 0.875114 0.374575 0.374575 0.374575
4588.296387 0.000000 202.634735 0.000000 0.053586 0.000000 0.998563 0.354549 0.354549 0.354549
4562.455078 0.000000 198.859146 0.000000 0.587438 0.000000 0.809269 0.377967 0.377967 0.377967
4588.532227 0.000000 260.030640 0.000000 0.453413 0.000000 0.891301 0.356062 0.356062 0.356062
4605.882324 0.000000 265.344421 0.000000 0.654803 0.000000 0.755799 0.374913 0.374913 0.374913
4579.299805 0.000000 211.840866 0.000000 0.289348 0.000000 0.957224 0.358165 0.358165 0.358165
4606.737305 0.000000 276.043304 0.000000 0.568833 0.000000 0.822453 0.365376 0.365376 0.365376
4581.546875 0.000000 206.347260 0.000000 0.445816 0.000000 0.895124 0.355336 0.355336 0.355336
4543.684570 0.000000 227.491241 0.000000 0.206969 0.000000 0.978347 0.336743 0.336743 0.336743
4595.865723 0.000000 213.163300 0.000000 0.089003 0.000000 0.996031 0.345131 0.345131 0.345131
4568.431152 0.000000 200.396805 0.000000 0.132912 0.000000 0.991128 0.341799 0.341799 0.341799
4583.131836 0.000000 264.560608 0.000000 0.429972 0.000000 0.902842 0.361424 0.361424 0.361424
4579.973633 0.000000 208.429108 0.000000 0.328778 0.000000 0.944407 0.345874 0.345874 0.345874
4514.482910 0.000000 428.662842 0.000000 0.614480 0.000000 0.788932 0.436723 0.436723 0.436723
4494.692383 0.000000 444.398560 0.000000 0.594385 0.000000 0.804181 0.445801 0.445801 0.445801
4505.367188 0.000000 414.011200 0.000000 0.281418 0.000000 0.959585 0.393675 0.393675 0.393675
4480.392578 0.000000 440.804138 0.000000 0.610980 0.000000 0.791646 0.439737 0.439737 0.439737
4492.409668 0.000000 415.819397 0.000000 0.509624 0.000000 0.860397 0.420901 0.420901 0.420901
4503.902344 0.000000 422.000549 0.000000 0.565487 0.000000 0.824757 0.417315 0.417315 0.417315
4509.404297 0.000000 427.711182 0.000000 0.036380 0.000000 0.999338 0.113854 0.113854 0.113854
4507.360352 0.000000 408.313629 0.000000 0.094163 0.000000 0.995557 0.139812 0.139812 0.139812
4497.448730 0.000000 407.146729 0.000000 0.104410 0.000000 0.994534 0.169977 0.169977 0.169977
4500.612793 0.000000 403.823456 0.000000 0.002770 0.000000 0.999996 0.420053 0.420053 0.420053
4487.070312 0.000000 404.884369 0.000000 0.189888 0.000000 0.981806 0.405048 0.405048 0.405048
4486.198242 0.000000 408.748474 0.000000 0.245971 0.000000 0.969277 0.270254 0.270254 0.270254
4482.813965 0.000000 426.838470 0.000000 0.598535 0.000000 0.801097 0.420773 0.420773 0.420773
4511.035645 0.000000 430.963684 0.000000 0.340533 0.000000 0.940233 0.252097 0.252097 0.252097
4524.098145 0.000000 441.076874 0.000000 0.654526 0.000000 0.756039 0.304577 0.304577 0.304577
4467.103516 0.000000 448.586151 0.000000 0.556578 0.000000 0.830795 0.409242 0.409242 0.409242
4515.187012 0.000000 409.979340 0.000000 0.526274 0.000000 0.850315 0.354065 0.354065 0.354065
4514.911133 0.000000 465.617310 0.000000 0.410746 0.000000 0.911750 0.411325 0.411325 0.411325
4501.928223 0.000000 414.983582 0.000000 0.161837 0.000000 0.986817 0.415194 0.415194 0.415194
4494.382324 0.000000 431.977478 0.000000 0.429196 0.000000 0.903211 0.341095 0.341095 0.341095
4504.633301 0.000000 455.668091 0.000000 0.319727 0.000000 0.947510 0.412225 0.412225 0.412225
4487.293945 0.000000 439.528503 0.000000 0.501127 0.000000 0.865374 0.337199 0.337199 0.337199
4492.605469 0.000000 402.621033 0.000000 0.181068 0.000000 0.983471 0.400075 0.400075 0.400075
4507.304688 0.000000 447.269501 0.000000 0.021778 0.000000 0.999763 0.175042 0.175042 0.175042
4514.336426 0.000000 462.205322 0.000000 0.347810 0.000000 0.937565 0.309341 0.309341 0.309341
4509.324707 0.000000 409.922150 0.000000 0.295471 0.000000 0.955352 0.215852 0.215852 0.215852
4519.428711 0.000000 437.362122 0.000000 0.110181 0.000000 0.993912 0.390936 0.390936 0.390936
4503.119629 0.000000 404.125305 0.000000 0.413395 0.000000 0.910552 0.374131 0.374131 0.374131
4483.749023 0.000000 451.522644 0.000000 0.506242 0.000000 0.862391 0.319144 0.319144 0.319144
4532.087891 0.000000 446.079956 0.000000 0.115383 0.000000 0.993321 0.198242 0.198242 0.198242
4514.554199 0.000000 451.562134 0.000000 0.127133 0.000000 0.991886 0.339739 0.339739 0.339739
4467.301758 0.000000 452.991394 0.000000 0.283884 0.000000 0.958859 0.341900 0.341900 0.341900
4485.121094 0.000000 410.696075 0.000000 0.485845 0.000000 0.874045 0.324551 0.324551 0.324551
4521.539062 0.000000 462.354431 0.000000 0.343975 0.000000 0.938979 0.380119 0.380119 0.380119
4491.956543 0.000000 423.105713 0.000000 0.292251 0.000000 0.956342 0.293965 0.293965 0.293965
4516.121582 0.000000 423.833588 0.000000 0.640806 0.000000 0.767702 0.392969 0.392969 0.392969
4523.547363 0.000000 446.757751 0.000000 0.481615 0.000000 0.876383 0.349185 0.349185 0.349185
4501.660156 0.000000 405.559326 0.000000 0.542911 0.000000 0.839790 0.364883 0.364883 0.364883
4513.076660 0.000000 424.729736 0.000000 0.391712 0.000000 0.920088 0.354185 0.354185 0.354185
4519.118652 0.000000 417.642334 0.000000 0.354212 0.000000 0.935165 0.338649 0.338649 0.338649
4500.462402 0.000000 413.786865 0.000000 0.616874 0.000000 0.787062 0.360427 0.360427 0.360427
4511.415039 0.000000 408.921875 0.000000 0.076758 0.000000 0.997050 0.221739 0.221739 0.221739
4509.074219 0.000000 407.467682 0.000000 0.506709 0.000000 0.862117 0.349574 0.349574 0.349574
4488.246094 0.000000 434.697205 0.000000 0.519787 0.000000 0.854296 0.310774 0.310774 0.310774
4515.331055 0.000000 463.809509 0.000000 0.133323 0.000000 0.991073 0.283709 0.283709 0.283709
4491.801270 0.000000 405.226929 0.000000 0.196788 0.000000 0.980446 0.291156 0.291156 0.291156
4496.266113 0.000000 405.792114 0.000000 0.123821 0.000000 0.992305 0.298853 0.298853 0.298853
4512.427734 0.000000 423.110504 0.000000 0.540957 0.000000 0.841050 0.291717 0.291717 0.291717
4490.729980 0.000000 415.483459 0.000000 0.561629 0.000000 0.827389 0.351474 0.351474 0.351474
4528.294434 0.000000 440.462128 0.000000 0.582675 0.000000 0.812705 0.323157 0.323157 0.323157
4486.922852 0.000000 466.974854 0.000000 0.208670 0.000000 0.977986 0.310903 0.310903 0.310903
4488.469238 0.000000 457.033203 0.000000 0.525737 0.000000 0.850647 0.341435 0.341435 0.341435
4500.988770 0.000000 407.659851 0.000000 0.017244 0.000000 0.999851 0.179473 0.179473 0.179473
4507.741211 0.000000 409.919067 0.000000 0.004426 0.000000 0.999990 0.120930 0.120930 0.120930
4513.240234 0.000000 461.006409 0.000000 0.482548 0.000000 0.875870 0.340893 0.340893 0.340893
4506.524414 0.000000 406.782715 0.000000 0.187831 0.000000 0.982201 0.276128 0.276128 0.276128
4511.216309 0.000000 417.432190 0.000000 0.012672 0.000000 0.999920 0.267951 0.267951 0.267951
4508.601074 0.000000 422.981049 0.000000 0.612167 0.000000 0.790729 0.250207 0.250207 0.250207
4492.641602 0.000000 441.075043 0.000000 0.652119 0.000000 0.758116 0.305005 0.305005 0.305005
4472.178711 0.000000 449.368866 0.000000 0.227933 0.000000 0.973677 0.227058 0.227058 0.227058
4487.483887 0.000000 409.484253 0.000000 0.564229 0.000000 0.825618 0.317965 0.317965 0.317965
4508.104492 0.000000 455.528381 0.000000 0.591576 0.000000 0.806249 0.294075 0.294075 0.294075
4472.439941 0.000000 452.404846 0.000000 0.500012 0.000000 0.866019 0.230003 0.230003 0.230003
4510.297363 0.000000 432.249390 0.000000 0.139693 0.000000 0.990195 0.199269 0.199269 0.199269
4509.985352 0.000000 408.640045 0.000000 0.104742 0.000000 0.994499 0.179922 0.179922 0.179922
4492.773926 0.000000 404.021729 0.000000 0.226489 0.000000 0.974014 0.287133 0.287133 0.287133
4505.308594 0.000000 427.869781 0.000000 0.419499 0.000000 0.907756 0.296595 0.296595 0.296595
4483.688477 0.000000 418.821503 0.000000 0.458143 0.000000 0.888879 0.260572 0.260572 0.260572
4534.222168 0.000000 443.176971 0.000000 0.379874 0.000000 0.925038 0.256266 0.256266 0.256266
4495.569336 0.000000 410.838531 0.000000 0.591425 0.000000 0.806360 0.304581 0.304581 0.304581
4535.096680 0.000000 447.876068 0.000000 0.112340 0.000000 0.993670 0.158395 0.158395 0.158395
4487.112793 0.000000 429.379639 0.000000 0.335897 0.000000 0.941899 0.265099 0.265099 0.265099
4506.438477 0.000000 435.865326 0.000000 0.490904 0.000000 0.871214 0.272953 0.272953 0.272953
4494.813965 0.000000 437.511536 0.000000 0.036324 0.000000 0.999340 0.218999 0.218999 0.218999
4510.230469 0.000000 448.161346 0.000000 0.065732 0.000000 0.997837 0.191307 0.191307 0.191307
4515.303711 0.000000 443.268127 0.000000 0.111490 0.000000 0.993766 0.133636 0.133636 0.133636
4506.024414 0.000000 431.301147 0.000000 0.370205 0.000000 0.928950 0.219750 0.219750 0.219750
4506.843750 0.000000 446.034882 0.000000 0.569359 0.000000 0.822089 0.278696 0.278696 0.278696
4494.222656 0.000000 467.637878 0.000000 0.578037 0.000000 0.816010 0.302022 0.302022 0.302022
4475.578125 0.000000 452.544037 0.000000 0.442565 0.000000 0.896737 0.245057 0.245057 0.245057
4488.305664 0.000000 423.319000 0.000000 0.567040 0.000000 0.823690 0.258623 0.258623 0.258623
4486.017090 0.000000 413.899567 0.000000 0.384951 0.000000 0.922937 0.192450 0.192450 0.192450
4507.141113 0.000000 430.267151 0.000000 0.220317 0.000000 0.975428 0.189395 0.189395 0.189395
4513.961426 0.000000 455.859375 0.000000 0.300658 0.000000 0.953732 0.168518 0.168518 0.168518
4489.387207 0.000000 426.628235 0.000000 0.617439 0.000000 0.786619 0.251671 0.251671 0.251671
4477.456055 0.000000 451.528015 0.000000 0.626911 0.000000 0.779091 0.254322 0.254322 0.254322
4487.324219 0.000000 413.283875 0.000000 0.368388 0.000000 0.929672 0.188533 0.188533 0.188533
4486.582031 0.000000 462.840515 0.000000 0.383848 0.000000 0.923396 0.227885 0.227885 0.227885
4508.184082 0.000000 430.740204 0.000000 0.261222 0.000000 0.965279 0.163780 0.163780 0.163780
4492.640625 0.000000 436.349701 0.000000 0.574681 0.000000 0.818378 0.240001 0.240001 0.240001
4511.160645 0.000000 453.114685 0.000000 0.424799 0.000000 0.905288 0.201998 0.201998 0.201998
4489.361816 0.000000 428.846039 0.000000 0.628740 0.000000 0.777615 0.254836 0.254836 0.254836
4511.341797 0.000000 423.533600 0.000000 0.253185 0.000000 0.967418 0.185593 0.185593 0.185593
4513.187500 0.000000 442.611511 0.000000 0.419864 0.000000 0.907587 0.161190 0.161190 0.161190
4490.223633 0.000000 411.789032 0.000000 0.351765 0.000000 0.936088 0.200960 0.200960 0.200960
4486.328125 0.000000 424.491150 0.000000 0.267173 0.000000 0.963648 0.166593 0.166593 0.166593
4477.958496 0.000000 450.574280 0.000000 0.278903 0.000000 0.960319 0.167803 0.167803 0.167803
4517.961426 0.000000 458.741791 0.000000 0.009422 0.000000 0.999956 0.093913 0.093913 0.093913
4512.942383 0.000000 440.488953 0.000000 0.123618 0.000000 0.992330 0.035505 0.035505 0.035505
4535.703125 0.000000 449.267303 0.000000 0.167327 0.000000 0.985902 0.286113 0.286113 0.286113
4537.474121 0.000000 441.008606 0.000000 0.282214 0.000000 0.959352 0.373506 0.373506 0.373506
4537.880859 0.000000 451.013763 0.000000 0.157529 0.000000 0.987514 0.400803 0.400803 0.400803
4538.216797 0.000000 445.829285 0.000000 0.106039 0.000000 0.994362 0.244331 0.244331 0.244331
4536.269043 0.000000 447.157776 0.000000 0.448053 0.000000 0.894007 0.223816 0.223816 0.223816
4539.667480 0.000000 446.747833 0.000000 0.246943 0.000000 0.969030 0.276328 0.276328 0.276328
4536.935059 0.000000 442.307953 0.000000 0.436566 0.000000 0.899672 0.281541 0.281541 0.281541
4007.548828 0.000000 1229.111694 0.000000 0.256767 0.000000 0.966473 0.352784 0.352784 0.352784
3996.318115 0.000000 1230.612427 0.000000 0.086428 0.000000 0.996258 0.326606 0.326606 0.326606
4006.932861 0.000000 1230.629395 0.000000 0.038964 0.000000 0.999241 0.245210 0.245210 0.245210
3964.627686 0.000000 1270.406616 0.000000 0.480767 0.000000 0.876848 0.440390 0.440390 0.440390
3967.690674 0.000000 1271.898193 0.000000 0.579480 0.000000 0.814987 0.407187 0.407187 0.407187
3963.521973 0.000000 1280.120850 0.000000 0.644270 0.000000 0.764798 0.415762 0.415762 0.415762
4172.889648 0.000000 1263.373657 0.000000 0.184679 0.000000 0.982799 0.376867 0.376867 0.376867
4179.057129 0.000000 1255.660889 0.000000 0.125480 0.000000 0.992096 0.419156 0.419156 0.419156
4189.146973 0.000000 1318.136841 0.000000 0.265855 0.000000 0.964013 0.281824 0.281824 0.281824
4099.976562 0.000000 1532.379150 0.000000 0.505062 0.000000 0.863083 0.226550 0.226550 0.226550
4098.811523 0.000000 1532.739868 0.000000 0.035328 0.000000 0.999376 0.120523 0.120523 0.120523
4139.918457 0.000000 1499.570801 0.000000 0.571886 0.000000 0.820333 0.432708 0.432708 0.432708
4115.597656 0.000000 1529.338135 0.000000 0.149000 0.000000 0.988837 0.314282 0.314282 0.314282
4113.845215 0.000000 1533.519043 0.000000 0.392223 0.000000 0.919870 0.178436 0.178436 0.178436
4209.795410 0.000000 1474.994751 0.000000 0.126644 0.000000 0.991948 0.349433 0.349433 0.349433
4209.412109 0.000000 1481.728027 0.000000 0.306539 0.000000 0.951858 0.309946 0.309946 0.309946
4209.183105 0.000000 1471.219971 0.000000 0.001982 0.000000 0.999998 0.153904 0.153904 0.153904
4208.648926 0.000000 1480.291260 0.000000 0.170916 0.000000 0.985286 0.294397 0.294397 0.294397
2564.315430 0.000000 1914.630005 0.000000 0.094641 0.000000 0.995511 0.274228 0.274228 0.274228
2576.230469 0.000000 1918.033936 0.000000 0.278160 0.000000 0.960535 0.316781 0.316781 0.316781
2591.571533 0.000000 1882.186523 0.000000 0.498896 0.000000 0.866662 0.309830 0.309830 0.309830
2563.795166 0.000000 1912.525391 0.000000 0.632473 0.000000 0.774582 0.333534 0.333534 0.333534
2576.079102 0.000000 1911.913452 0.000000 0.539959 0.000000 0.841691 0.293777 0.293777 0.293777
2573.968018 0.000000 1912.041992 0.000000 0.226208 0.000000 0.974079 0.149837 0.149837 0.149837
2568.844971 0.000000 1918.424438 0.000000 0.132854 0.000000 0.991136 0.259429 0.259429 0.259429
2572.367188 0.000000 1914.742920 0.000000 0.203316 0.000000 0.979113 0.124646 0.124646 0.124646
2575.629395 0.000000 1916.891479 0.000000 0.246823 0.000000 0.969061 0.205054 0.205054 0.205054
2564.391113 0.000000 1913.433472 0.000000 0.214647 0.000000 0.976692 0.096972 0.096972 0.096972
2575.000244 0.000000 1912.312134 0.000000 0.368347 0.000000 0.929688 0.146955 0.146955 0.146955
2573.672363 0.000000 1918.194946 0.000000 0.339139 0.000000 0.940736 0.126642 0.126642 0.126642
2615.305664 0.000000 1912.279907 0.000000 0.193588 0.000000 0.981083 0.250587 0.250587 0.250587
2611.972900 0.000000 1915.665039 0.000000 0.646424 0.000000 0.762979 0.431474 0.431474 0.431474
2607.037842 0.000000 1904.858521 0.000000 0.281571 0.000000 0.959540 0.383574 0.383574 0.383574
2616.366943 0.000000 1904.360718 0.000000 0.278939 0.000000 0.960309 0.374750 0.374750 0.374750
2614.021240 0.000000 1908.116943 0.000000 0.399257 0.000000 0.916839 0.195857 0.195857 0.195857
2602.615479 0.000000 1897.594482 0.000000 0.383075 0.000000 0.923717 0.430154 0.430154 0.430154
2611.205322 0.000000 1898.186157 0.000000 0.426356 0.000000 0.904555 0.265868 0.265868 0.265868
2600.444824 0.000000 1885.825806 0.000000 0.566968 0.000000 0.823740 0.348865 0.348865 0.348865
2594.427734 0.000000 1885.594971 0.000000 0.247655 0.000000 0.968848 0.249720 0.249720 0.249720
2609.166504 0.000000 1903.344238 0.000000 0.539665 0.000000 0.841880 0.310587 0.310587 0.310587
2606.688477 0.000000 1902.366333 0.000000 0.579962 0.000000 0.814643 0.389030 0.389030 0.389030
2613.985596 0.000000 1905.473999 0.000000 0.156194 0.000000 0.987726 0.229197 0.229197 0.229197
2591.744629 0.000000 1882.293457 0.000000 0.181880 0.000000 0.983321 0.264452 0.264452 0.264452
2602.955811 0.000000 1891.398804 0.000000 0.127358 0.000000 0.991857 0.305710 0.305710 0.305710
2610.743408 0.000000 1895.381104 0.000000 0.646162 0.000000 0.763201 0.368063 0.368063 0.368063
2611.990234 0.000000 1909.476196 0.000000 0.539457 0.000000 0.842013 0.292560 0.292560 0.292560
2593.819336 0.000000 1883.427734 0.000000 0.521523 0.000000 0.853237 0.249040 0.249040 0.249040
2608.868408 0.000000 1898.301636 0.000000 0.308479 0.000000 0.951231 0.211304 0.211304 0.211304
2600.678711 0.000000 1887.601929 0.000000 0.210105 0.000000 0.977679 0.242343 0.242343 0.242343
2615.763672 0.000000 1908.319580 0.000000 0.553959 0.000000 0.832544 0.234502 0.234502 0.234502
2597.403320 0.000000 1883.728882 0.000000 0.606950 0.000000 0.794740 0.354026 0.354026 0.354026
2618.030029 0.000000 1908.302612 0.000000 0.233836 0.000000 0.972276 0.318040 0.318040 0.318040
2618.600342 0.000000 1906.567627 0.000000 0.430704 0.000000 0.902493 0.339991 0.339991 0.339991
2615.728516 0.000000 1910.641602 0.000000 0.376574 0.000000 0.926386 0.201113 0.201113 0.201113
2607.152588 0.000000 1894.962769 0.000000 0.182072 0.000000 0.983285 0.216148 0.216148 0.216148
2607.302734 0.000000 1888.057739 0.000000 0.550335 0.000000 0.834944 0.281280 0.281280 0.281280
2612.858643 0.000000 1910.543457 0.000000 0.608322 0.000000 0.793691 0.272834 0.272834 0.272834
2580.475830 0.000000 1948.109619 0.000000 0.311231 0.000000 0.950334 0.359815 0.359815 0.359815
2577.793945 0.000000 1951.980469 0.000000 0.098510 0.000000 0.995136 0.423538 0.423538 0.423538
2566.032471 0.000000 1920.172729 0.000000 0.470792 0.000000 0.882244 0.414794 0.414794 0.414794
2563.500000 0.000000 1967.208740 0.000000 0.176843 0.000000 0.984239 0.367056 0.367056 0.367056
2572.947998 0.000000 1937.742432 0.000000 0.020788 0.000000 0.999784 0.099989 0.099989 0.099989
2584.070557 0.000000 1943.029907 0.000000 0.340671 0.000000 0.940183 0.368924 0.368924 0.368924
2571.920166 0.000000 1953.575439 0.000000 0.187484 0.000000 0.982268 0.243474 0.243474 0.243474
2562.177734 0.000000 1965.635742 0.000000 0.086232 0.000000 0.996275 0.211518 0.211518 0.211518
2584.632812 0.000000 1947.407837 0.000000 0.290518 0.000000 0.956870 0.365421 0.365421 0.365421
2576.157227 0.000000 1947.359375 0.000000 0.282954 0.000000 0.959134 0.235079 0.235079 0.235079
2566.717041 0.000000 1962.060059 0.000000 0.622386 0.000000 0.782711 0.336881 0.336881 0.336881
2571.447266 0.000000 1947.391846 0.000000 0.507652 0.000000 0.861562 0.152538 0.152538 0.152538
2573.711914 0.000000 1921.420532 0.000000 0.241878 0.000000 0.970307 0.180265 0.180265 0.180265
2562.262451 0.000000 1962.294189 0.000000 0.392665 0.000000 0.919682 0.153632 0.153632 0.153632
2570.029297 0.000000 1942.631104 0.000000 0.618075 0.000000 0.786119 0.190879 0.190879 0.190879
2572.413086 0.000000 1921.572998 0.000000 0.394882 0.000000 0.918732 0.213133 0.213133 0.213133
2572.679199 0.000000 1950.008667 0.000000 0.627639 0.000000 0.778504 0.272570 0.272570 0.272570
2571.091797 0.000000 1942.773071 0.000000 0.274614 0.000000 0.961555 0.079695 0.079695 0.079695
2563.258301 0.000000 1962.578369 0.000000 0.404639 0.000000 0.914476 0.156947 0.156947 0.156947
2570.858154 0.000000 1940.422241 0.000000 0.460392 0.000000 0.887716 0.137062 0.137062 0.137062
2573.038574 0.000000 1943.458496 0.000000 0.627575 0.000000 0.778556 0.194357 0.194357 0.194357
2570.521973 0.000000 1943.542236 0.000000 0.596000 0.000000 0.802985 0.182920 0.182920 0.182920
2571.791016 0.000000 1939.407349 0.000000 0.551568 0.000000 0.834130 0.167373 0.167373 0.167373
2660.093018 0.000000 1993.128296 0.000000 0.354558 0.000000 0.935034 0.440497 0.440497 0.440497
2656.069824 0.000000 1990.280273 0.000000 0.586979 0.000000 0.809602 0.430921 0.430921 0.430921
2651.575928 0.000000 1994.915161 0.000000 0.377075 0.000000 0.926183 0.371510 0.371510 0.371510
2600.327881 0.000000 1941.100830 0.000000 0.535137 0.000000 0.844765 0.279320 0.279320 0.279320
2660.132080 0.000000 1995.972900 0.000000 0.460742 0.000000 0.887534 0.393569 0.393569 0.393569
2593.682129 0.000000 1947.575684 0.000000 0.606475 0.000000 0.795103 0.404564 0.404564 0.404564
2604.522705 0.000000 1942.312500 0.000000 0.598384 0.000000 0.801210 0.335156 0.335156 0.335156
2660.456543 0.000000 2009.091064 0.000000 0.061307 0.000000 0.998119 0.049794 0.049794 0.049794
2607.899414 0.000000 1945.049805 0.000000 0.406648 0.000000 0.913585 0.350345 0.350345 0.350345
2655.188232 0.000000 1992.091553 0.000000 0.275511 0.000000 0.961298 0.364383 0.364383 0.364383
2658.579590 0.000000 1994.356567 0.000000 0.253764 0.000000 0.967266 0.362889 0.362889 0.362889
2659.743164 0.000000 2007.064819 0.000000 0.396335 0.000000 0.918106 0.357212 0.357212 0.357212
2657.735840 0.000000 2012.573608 0.000000 0.521605 0.000000 0.853187 0.331732 0.331732 0.331732
2599.127930 0.000000 1947.604858 0.000000 0.465015 0.000000 0.885303 0.172754 0.172754 0.172754
2597.828125 0.000000 1938.954956 0.000000 0.386378 0.000000 0.922340 0.113647 0.113647 0.113647
2661.267578 0.000000 2010.057373 0.000000 0.606766 0.000000 0.794880 0.244585 0.244585 0.244585
2597.684570 0.000000 1941.569092 0.000000 0.259895 0.000000 0.965637 0.166418 0.166418 0.166418
2661.479492 0.000000 2005.414062 0.000000 0.335152 0.000000 0.942164 0.165565 0.165565 0.165565
2601.977295 0.000000 1938.319214 0.000000 0.281853 0.000000 0.959458 0.102066 0.102066 0.102066
2662.049072 0.000000 2004.407227 0.000000 0.392649 0.000000 0.919688 0.160184 0.160184 0.160184
2665.166016 0.000000 2004.001587 0.000000 0.590136 0.000000 0.807304 0.220944 0.220944 0.220944
2665.011475 0.000000 2005.291504 0.000000 0.056053 0.000000 0.998428 0.080731 0.080731 0.080731
2663.722656 0.000000 2002.691895 0.000000 0.491105 0.000000 0.871100 0.183894 0.183894 0.183894
2639.875000 0.000000 2017.816284 0.000000 0.196618 0.000000 0.980480 0.297306 0.297306 0.297306
2650.227295 0.000000 2017.395020 0.000000 0.590814 0.000000 0.806807 0.364576 0.364576 0.364576
2646.552979 0.000000 2016.171753 0.000000 0.615554 0.000000 0.788095 0.321510 0.321510 0.321510
2855.310059 0.000000 2109.184326 0.000000 0.658499 0.000000 0.752582 0.386828 0.386828 0.386828
2835.646240 0.000000 2099.885498 0.000000 0.330211 0.000000 0.943907 0.393148 0.393148 0.393148
2829.997803 0.000000 2100.085693 0.000000 0.475521 0.000000 0.879704 0.399265 0.399265 0.399265
2876.959717 0.000000 2080.142090 0.000000 0.174505 0.000000 0.984656 0.346535 0.346535 0.346535
2858.368164 0.000000 2107.563232 0.000000 0.532905 0.000000 0.846175 0.417134 0.417134 0.417134
2827.181885 0.000000 2090.154785 0.000000 0.295835 0.000000 0.955239 0.348662 0.348662 0.348662
2832.968750 0.000000 2101.550781 0.000000 0.267038 0.000000 0.963686 0.360878 0.360878 0.360878
2846.523682 0.000000 2110.474365 0.000000 0.322396 0.000000 0.946605 0.314595 0.314595 0.314595
2874.686768 0.000000 2101.507812 0.000000 0.384445 0.000000 0.923148 0.311254 0.311254 0.311254
2840.841797 0.000000 2096.140869 0.000000 0.487433 0.000000 0.873160 0.397521 0.397521 0.397521
2869.164551 0.000000 2100.580811 0.000000 0.565871 0.000000 0.824494 0.405352 0.405352 0.405352
2829.962158 0.000000 2097.442627 0.000000 0.016743 0.000000 0.999860 0.221288 0.221288 0.221288
2875.583252 0.000000 2096.679443 0.000000 0.209675 0.000000 0.977771 0.361412 0.361412 0.361412
2850.798340 0.000000 2108.379395 0.000000 0.562246 0.000000 0.826970 0.312169 0.312169 0.312169
2853.233398 0.000000 2108.727295 0.000000 0.537595 0.000000 0.843203 0.301228 0.301228 0.301228
2863.873047 0.000000 2076.921387 0.000000 0.444374 0.000000 0.895841 0.370167 0.370167 0.370167
2871.164795 0.000000 2088.075928 0.000000 0.307313 0.000000 0.951608 0.369415 0.369415 0.369415
2875.598145 0.000000 2070.577393 0.000000 0.067875 0.000000 0.997694 0.338566 0.338566 0.338566
2842.542969 0.000000 2097.058594 0.000000 0.268406 0.000000 0.963306 0.353678 0.353678 0.353678
2873.239746 0.000000 2100.234863 0.000000 0.316825 0.000000 0.948484 0.269074 0.269074 0.269074
2875.719727 0.000000 2103.049316 0.000000 0.457955 0.000000 0.888976 0.318359 0.318359 0.318359
2873.021973 0.000000 2105.713623 0.000000 0.580794 0.000000 0.814050 0.335670 0.335670 0.335670
2849.865479 0.000000 2097.739258 0.000000 0.048440 0.000000 0.998826 0.337122 0.337122 0.337122
2870.451660 0.000000 2106.878174 0.000000 0.244179 0.000000 0.969730 0.313142 0.313142 0.313142
2867.235840 0.000000 2074.263916 0.000000 0.356564 0.000000 0.934271 0.283321 0.283321 0.283321
2850.726807 0.000000 2111.640137 0.000000 0.159799 0.000000 0.987150 0.266209 0.266209 0.266209
2853.899902 0.000000 2107.124512 0.000000 0.485326 0.000000 0.874333 0.251561 0.251561 0.251561
2864.047852 0.000000 2103.882324 0.000000 0.328006 0.000000 0.944676 0.297182 0.297182 0.297182
2874.696533 0.000000 2095.350098 0.000000 0.287291 0.000000 0.957843 0.260272 0.260272 0.260272
2872.322266 0.000000 2101.493408 0.000000 0.122271 0.000000 0.992497 0.240118 0.240118 0.240118
2872.626221 0.000000 2090.729492 0.000000 0.065449 0.000000 0.997856 0.226771 0.226771 0.226771
2869.362793 0.000000 2110.182129 0.000000 0.430188 0.000000 0.902740 0.245052 0.245052 0.245052
2873.221924 0.000000 2093.770996 0.000000 0.109751 0.000000 0.993959 0.233367 0.233367 0.233367
2867.863037 0.000000 2109.326660 0.000000 0.550753 0.000000 0.834668 0.167094 0.167094 0.167094
2841.499512 0.000000 2088.409180 0.000000 0.193379 0.000000 0.981124 0.245918 0.245918 0.245918
2839.381348 0.000000 2089.343750 0.000000 0.009959 0.000000 0.999950 0.218536 0.218536 0.218536
2874.796875 0.000000 2091.657471 0.000000 0.028529 0.000000 0.999593 0.221290 0.221290 0.221290
2852.067627 0.000000 2107.896240 0.000000 0.631488 0.000000 0.775386 0.284521 0.284521 0.284521
2868.669434 0.000000 2104.245850 0.000000 0.488609 0.000000 0.872503 0.192702 0.192702 0.192702
2866.944336 0.000000 2110.022949 0.000000 0.612676 0.000000 0.790334 0.249324 0.249324 0.249324
2864.049072 0.000000 2107.575684 0.000000 0.585073 0.000000 0.810981 0.179041 0.179041 0.179041
2860.153076 0.000000 2117.540039 0.000000 0.578327 0.000000 0.815805 0.379254 0.379254 0.379254
2858.445068 0.000000 2122.436768 0.000000 0.479141 0.000000 0.877738 0.327259 0.327259 0.327259
2862.731201 0.000000 2115.243408 0.000000 0.023295 0.000000 0.999729 0.243115 0.243115 0.243115
2847.303223 0.000000 2112.616699 0.000000 0.096587 0.000000 0.995325 0.322486 0.322486 0.322486
2862.529541 0.000000 2112.156250 0.000000 0.150520 0.000000 0.988607 0.209161 0.209161 0.209161
2864.068359 0.000000 2112.111572 0.000000 0.153780 0.000000 0.988105 0.239954 0.239954 0.239954
3189.579590 0.000000 1918.427368 0.000000 0.529777 0.000000 0.848137 0.280521 0.280521 0.280521
3188.500732 0.000000 1914.351929 0.000000 0.375978 0.000000 0.926629 0.290199 0.290199 0.290199
3191.542236 0.000000 1917.145020 0.000000 0.662794 0.000000 0.748801 0.294082 0.294082 0.294082
3191.850342 0.000000 1915.197632 0.000000 0.434632 0.000000 0.900608 0.200605 0.200605 0.200605
3377.047852 0.000000 1889.606201 0.000000 0.306795 0.000000 0.951776 0.387767 0.387767 0.387767
3360.410156 0.000000 1878.429199 0.000000 0.186965 0.000000 0.982367 0.431359 0.431359 0.431359
3360.072998 0.000000 1893.716553 0.000000 0.178901 0.000000 0.983867 0.357805 0.357805 0.357805
3376.638916 0.000000 1887.837280 0.000000 0.086798 0.000000 0.996226 0.319969 0.319969 0.319969
3376.419434 0.000000 1880.227905 0.000000 0.207292 0.000000 0.978279 0.330650 0.330650 0.330650
2879.882812 0.000000 2081.001709 0.000000 0.599398 0.000000 0.800451 0.417679 0.417679 0.417679
3092.650391 0.000000 1936.849731 0.000000 0.393412 0.000000 0.919362 0.284883 0.284883 0.284883
3159.528320 0.000000 1945.770264 0.000000 0.519647 0.000000 0.854381 0.406269 0.406269 0.406269
3162.637695 0.000000 1947.178467 0.000000 0.535155 0.000000 0.844754 0.270281 0.270281 0.270281
3162.655518 0.000000 2005.523438 0.000000 0.326051 0.000000 0.945352 0.391554 0.391554 0.391554
3163.647705 0.000000 1949.410889 0.000000 0.243796 0.000000 0.969827 0.378575 0.378575 0.378575
3167.347900 0.000000 2011.739136 0.000000 0.302269 0.000000 0.953223 0.137660 0.137660 0.137660
3095.686523 0.000000 1944.358398 0.000000 0.023072 0.000000 0.999734 0.263950 0.263950 0.263950
3163.084717 0.000000 1945.530396 0.000000 0.176359 0.000000 0.984326 0.097755 0.097755 0.097755
3112.226807 0.000000 1988.075317 0.000000 0.334784 0.000000 0.942295 0.097797 0.097797 0.097797
3116.491699 0.000000 1985.746582 0.000000 0.214402 0.000000 0.976746 0.271932 0.271932 0.271932
3161.531982 0.000000 1943.563354 0.000000 0.619560 0.000000 0.784949 0.314119 0.314119 0.314119
3120.141602 0.000000 1990.402466 0.000000 0.186705 0.000000 0.982416 0.053803 0.053803 0.053803
3153.141113 0.000000 2004.093872 0.000000 0.106288 0.000000 0.994335 0.066698 0.066698 0.066698
3164.077881 0.000000 1946.456787 0.000000 0.104646 0.000000 0.994510 0.039915 0.039915 0.039915
3150.751709 0.000000 2004.142212 0.000000 0.110363 0.000000 0.993891 0.031681 0.031681 0.031681
3165.757568 0.000000 1937.670044 0.000000 0.090389 0.000000 0.995907 0.025930 0.025930 0.025930
3117.610352 0.000000 1989.272461 0.000000 0.617355 0.000000 0.786684 0.190616 0.190616 0.190616
3148.215332 0.000000 2000.926514 0.000000 0.199396 0.000000 0.979919 0.057508 0.057508 0.057508
3166.032471 0.000000 1935.785889 0.000000 0.016444 0.000000 0.999865 0.004711 0.004711 0.004711
3121.415039 0.000000 1990.008057 0.000000 0.054651 0.000000 0.998506 0.015664 0.015664 0.015664
3167.095215 0.000000 1946.583618 0.000000 0.251727 0.000000 0.967798 0.078814 0.078814 0.078814
3150.912109 0.000000 2005.421021 0.000000 0.278659 0.000000 0.960390 0.080901 0.080901 0.080901
3112.010498 0.000000 1989.215820 0.000000 0.439042 0.000000 0.898466 0.130214 0.130214 0.130214
3097.814453 0.000000 1943.938110 0.000000 0.574720 0.000000 0.818350 0.175400 0.175400 0.175400
3165.712646 0.000000 1945.839600 0.000000 0.180933 0.000000 0.983495 0.052120 0.052120 0.052120
3148.545898 0.000000 2003.978516 0.000000 0.464036 0.000000 0.885816 0.138239 0.138239 0.138239
3164.805664 0.000000 1941.732178 0.000000 0.428560 0.000000 0.903513 0.126881 0.126881 0.126881
3123.501709 0.000000 1989.925537 0.000000 0.228038 0.000000 0.973652 0.065908 0.065908 0.065908
3147.012939 0.000000 2004.372803 0.000000 0.332044 0.000000 0.943264 0.096964 0.096964 0.096964
3118.680908 0.000000 1990.988037 0.000000 0.504363 0.000000 0.863492 0.151445 0.151445 0.151445
3146.846436 0.000000 2000.407104 0.000000 0.624191 0.000000 0.781272 0.193114 0.193114 0.193114
3165.581299 0.000000 1936.640991 0.000000 0.000202 0.000000 1.000000 0.000100 0.000100 0.000100
3114.956787 0.000000 1987.252808 0.000000 0.489827 0.000000 0.871820 0.146646 0.146646 0.146646
3114.073242 0.000000 1987.863770 0.000000 0.120315 0.000000 0.992736 0.034551 0.034551 0.034551
3164.635498 0.000000 1939.953369 0.000000 0.264053 0.000000 0.964508 0.076554 0.076554 0.076554
3151.980957 0.000000 2227.703369 0.000000 0.049149 0.000000 0.998791 0.436324 0.436324 0.436324
3163.035400 0.000000 2231.903320 0.000000 0.486873 0.000000 0.873473 0.407037 0.407037 0.407037
3156.526855 0.000000 2212.392334 0.000000 0.180847 0.000000 0.983511 0.426594 0.426594 0.426594
3162.248779 0.000000 2241.269043 0.000000 0.494994 0.000000 0.868896 0.403865 0.403865 0.403865
3143.058594 0.000000 2230.835938 0.000000 0.551071 0.000000 0.834458 0.405640 0.405640 0.405640
3155.451660 0.000000 2227.063232 0.000000 0.031301 0.000000 0.999510 0.386007 0.386007 0.386007
3166.644775 0.000000 2224.732910 0.000000 0.490925 0.000000 0.871202 0.378707 0.378707 0.378707
3163.298584 0.000000 2212.606201 0.000000 0.476121 0.000000 0.879380 0.379982 0.379982 0.379982
3157.206299 0.000000 2225.721924 0.000000 0.577161 0.000000 0.816630 0.357678 0.357678 0.357678
3141.703369 0.000000 2222.019287 0.000000 0.011565 0.000000 0.999933 0.085644 0.085644 0.085644
3166.886230 0.000000 2240.084961 0.000000 0.266499 0.000000 0.963835 0.330145 0.330145 0.330145
3161.609619 0.000000 2215.961426 0.000000 0.211844 0.000000 0.977304 0.308185 0.308185 0.308185
3161.483887 0.000000 2225.352051 0.000000 0.573933 0.000000 0.818902 0.324959 0.324959 0.324959
3138.960693 0.000000 2228.714600 0.000000 0.519575 0.000000 0.854425 0.172631 0.172631 0.172631
3167.051025 0.000000 2218.015869 0.000000 0.432284 0.000000 0.901738 0.196238 0.196238 0.196238
3167.197266 0.000000 2221.641602 0.000000 0.483914 0.000000 0.875116 0.227315 0.227315 0.227315
3141.179688 0.000000 2223.123291 0.000000 0.144583 0.000000 0.989493 0.116846 0.116846 0.116846
3218.623779 0.000000 1964.412964 0.000000 0.640163 0.000000 0.768239 0.433268 0.433268 0.433268
3204.020264 0.000000 1979.492676 0.000000 0.144041 0.000000 0.989572 0.435579 0.435579 0.435579
3205.408936 0.000000 1985.877686 0.000000 0.480226 0.000000 0.877145 0.397114 0.397114 0.397114
3226.060059 0.000000 1966.885620 0.000000 0.019192 0.000000 0.999816 0.310549 0.310549 0.310549
3201.508789 0.000000 1990.026978 0.000000 0.449090 0.000000 0.893487 0.325853 0.325853 0.325853
3202.962646 0.000000 1985.607178 0.000000 0.014982 0.000000 0.999888 0.179080 0.179080 0.179080
3200.208740 0.000000 1991.718140 0.000000 0.642609 0.000000 0.766195 0.351935 0.351935 0.351935
3216.956543 0.000000 1967.399536 0.000000 0.460122 0.000000 0.887856 0.371437 0.371437 0.371437
3203.150391 0.000000 1989.228027 0.000000 0.087254 0.000000 0.996186 0.085024 0.085024 0.085024
3172.334961 0.000000 2013.514771 0.000000 0.643476 0.000000 0.765467 0.230618 0.230618 0.230618
3174.987549 0.000000 2006.210449 0.000000 0.660996 0.000000 0.750389 0.206880 0.206880 0.206880
3168.120361 0.000000 1947.994141 0.000000 0.081050 0.000000 0.996710 0.041654 0.041654 0.041654
3169.237061 0.000000 1949.018066 0.000000 0.336531 0.000000 0.941672 0.250030 0.250030 0.250030
3178.989990 0.000000 1941.899780 0.000000 0.415967 0.000000 0.909380 0.138294 0.138294 0.138294
3181.267822 0.000000 1996.003540 0.000000 0.409729 0.000000 0.912207 0.120939 0.120939 0.120939
3196.218262 0.000000 1927.151489 0.000000 0.182258 0.000000 0.983251 0.199034 0.199034 0.199034
3196.706543 0.000000 2001.179565 0.000000 0.563583 0.000000 0.826059 0.275267 0.275267 0.275267
3170.941650 0.000000 1947.703003 0.000000 0.316422 0.000000 0.948619 0.125905 0.125905 0.125905
3188.694824 0.000000 1934.350952 0.000000 0.503254 0.000000 0.864138 0.272991 0.272991 0.272991
3179.939209 0.000000 1941.019775 0.000000 0.053624 0.000000 0.998561 0.035823 0.035823 0.035823
3178.188477 0.000000 1997.572144 0.000000 0.054269 0.000000 0.998526 0.189333 0.189333 0.189333
3189.234131 0.000000 2005.175293 0.000000 0.660635 0.000000 0.750708 0.206741 0.206741 0.206741
3170.755615 0.000000 2008.448120 0.000000 0.388233 0.000000 0.921561 0.114223 0.114223 0.114223
3176.125000 0.000000 1939.791748 0.000000 0.375986 0.000000 0.926625 0.110426 0.110426 0.110426
3183.560791 0.000000 1937.471069 0.000000 0.596228 0.000000 0.802815 0.192425 0.192425 0.192425
3170.822754 0.000000 2013.069336 0.000000 0.072624 0.000000 0.997359 0.216057 0.216057 0.216057
3180.125732 0.000000 2000.741821 0.000000 0.226444 0.000000 0.974024 0.065439 0.065439 0.065439
3168.897217 0.000000 2009.487061 0.000000 0.132242 0.000000 0.991218 0.037996 0.037996 0.037996
3202.899170 0.000000 1986.898560 0.000000 0.624225 0.000000 0.781245 0.193127 0.193127 0.193127
3173.765625 0.000000 1938.954956 0.000000 0.364848 0.000000 0.931067 0.106991 0.106991 0.106991
3177.246094 0.000000 1940.194092 0.000000 0.470734 0.000000 0.882275 0.140410 0.140410 0.140410
3186.709229 0.000000 2003.033691 0.000000 0.293825 0.000000 0.955859 0.085435 0.085435 0.085435
3193.212402 0.000000 1995.617188 0.000000 0.331963 0.000000 0.943292 0.195243 0.195243 0.195243
3178.460449 0.000000 2003.400879 0.000000 0.250313 0.000000 0.968165 0.072480 0.072480 0.072480
3179.725342 0.000000 2005.068848 0.000000 0.083222 0.000000 0.996531 0.023869 0.023869 0.023869
3175.895264 0.000000 2012.307617 0.000000 0.297941 0.000000 0.954584 0.150787 0.150787 0.150787
3167.902344 0.000000 2008.623657 0.000000 0.437209 0.000000 0.899360 0.129630 0.129630 0.129630
3205.476807 0.000000 1973.509521 0.000000 0.536046 0.000000 0.844189 0.258050 0.258050 0.258050
3167.881592 0.000000 1942.649414 0.000000 0.422018 0.000000 0.906588 0.124810 0.124810 0.124810
3177.378418 0.000000 2005.273804 0.000000 0.490163 0.000000 0.871631 0.146757 0.146757 0.146757
3173.622070 0.000000 1941.569092 0.000000 0.354753 0.000000 0.934960 0.103892 0.103892 0.103892
3193.735107 0.000000 1925.795654 0.000000 0.253332 0.000000 0.967379 0.073374 0.073374 0.073374
3191.822510 0.000000 1997.454834 0.000000 0.385416 0.000000 0.922743 0.113348 0.113348 0.113348
3195.979736 0.000000 1929.467163 0.000000 0.544347 0.000000 0.838860 0.234218 0.234218 0.234218
3177.349365 0.000000 1929.350464 0.000000 0.128644 0.000000 0.991691 0.140622 0.140622 0.140622
3194.921387 0.000000 2004.823486 0.000000 0.011447 0.000000 0.999934 0.003279 0.003279 0.003279
3172.285645 0.000000 2012.441406 0.000000 0.613353 0.000000 0.789809 0.220872 0.220872 0.220872
3175.939453 0.000000 1935.964600 0.000000 0.295442 0.000000 0.955361 0.085920 0.085920 0.085920
3179.798584 0.000000 2006.156250 0.000000 0.084805 0.000000 0.996398 0.024324 0.024324 0.024324
3190.736328 0.000000 2007.127686 0.000000 0.328979 0.000000 0.944337 0.096034 0.096034 0.096034
3172.114258 0.000000 1944.770386 0.000000 0.334943 0.000000 0.942238 0.108893 0.108893 0.108893
3195.612793 0.000000 1926.330566 0.000000 0.012609 0.000000 0.999920 0.008864 0.008864 0.008864
3168.827637 0.000000 1932.923584 0.000000 0.035156 0.000000 0.999382 0.042852 0.042852 0.042852
3193.794434 0.000000 2003.212036 0.000000 0.607396 0.000000 0.794399 0.187007 0.187007 0.187007
3194.283936 0.000000 1923.703857 0.000000 0.365360 0.000000 0.930866 0.107149 0.107149 0.107149
3195.234863 0.000000 1924.085938 0.000000 0.476268 0.000000 0.879300 0.142210 0.142210 0.142210
3195.903320 0.000000 2000.297241 0.000000 0.445053 0.000000 0.895504 0.132134 0.132134 0.132134
3175.286377 0.000000 1941.302368 0.000000 0.369708 0.000000 0.929148 0.108488 0.108488 0.108488
3177.914795 0.000000 1938.319214 0.000000 0.025533 0.000000 0.999674 0.007315 0.007315 0.007315
3191.921387 0.000000 2003.328369 0.000000 0.434944 0.000000 0.900458 0.128909 0.128909 0.128909
3192.130127 0.000000 1920.663574 0.000000 0.298901 0.000000 0.954284 0.086958 0.086958 0.086958
3171.289795 0.000000 1946.376465 0.000000 0.627670 0.000000 0.778479 0.218449 0.218449 0.218449
3185.835449 0.000000 2002.035889 0.000000 0.187230 0.000000 0.982316 0.053956 0.053956 0.053956
3189.278564 0.000000 1994.706543 0.000000 0.010897 0.000000 0.999941 0.003122 0.003122 0.003122
3186.034668 0.000000 1999.092041 0.000000 0.508266 0.000000 0.861200 0.152742 0.152742 0.152742
3168.633057 0.000000 2007.370239 0.000000 0.207467 0.000000 0.978242 0.059870 0.059870 0.059870
3193.921875 0.000000 1996.298096 0.000000 0.400188 0.000000 0.916433 0.117950 0.117950 0.117950
3174.238770 0.000000 1939.786499 0.000000 0.461625 0.000000 0.887075 0.137460 0.137460 0.137460
3200.490479 0.000000 2103.708984 0.000000 0.661056 0.000000 0.750337 0.428074 0.428074 0.428074
3192.771729 0.000000 2084.993164 0.000000 0.225749 0.000000 0.974185 0.442456 0.442456 0.442456
3190.302002 0.000000 2090.708252 0.000000 0.519544 0.000000 0.854444 0.436189 0.436189 0.436189
3198.365723 0.000000 2088.330811 0.000000 0.569993 0.000000 0.821650 0.442417 0.442417 0.442417
3177.406250 0.000000 2015.822876 0.000000 0.203173 0.000000 0.979143 0.367118 0.367118 0.367118
3301.870605 0.000000 2097.283447 0.000000 0.531863 0.000000 0.846830 0.404613 0.404613 0.404613
3334.295166 0.000000 2015.643921 0.000000 0.529130 0.000000 0.848541 0.430649 0.430649 0.430649
3379.836426 0.000000 1927.590332 0.000000 0.650694 0.000000 0.759340 0.415125 0.415125 0.415125
3372.433838 0.000000 1974.355103 0.000000 0.346381 0.000000 0.938094 0.378899 0.378899 0.378899
3371.672607 0.000000 1982.507812 0.000000 0.379664 0.000000 0.925125 0.223049 0.223049 0.223049
3328.629395 0.000000 2004.599731 0.000000 0.219978 0.000000 0.975505 0.092334 0.092334 0.092334
3367.202881 0.000000 1999.791992 0.000000 0.477452 0.000000 0.878658 0.330655 0.330655 0.330655
3370.511963 0.000000 2007.392212 0.000000 0.601252 0.000000 0.799060 0.265919 0.265919 0.265919
3373.661865 0.000000 1972.071289 0.000000 0.239843 0.000000 0.970812 0.312681 0.312681 0.312681
3371.899170 0.000000 1993.494019 0.000000 0.018080 0.000000 0.999837 0.277305 0.277305 0.277305
3332.251221 0.000000 1998.225342 0.000000 0.516553 0.000000 0.856255 0.155507 0.155507 0.155507
3339.169922 0.000000 1999.489136 0.000000 0.340880 0.000000 0.940107 0.099653 0.099653 0.099653
3333.302979 0.000000 2002.789062 0.000000 0.145555 0.000000 0.989350 0.041847 0.041847 0.041847
3335.965332 0.000000 2001.703247 0.000000 0.090538 0.000000 0.995893 0.025973 0.025973 0.025973
3377.567139 0.000000 1982.815674 0.000000 0.253226 0.000000 0.967407 0.253547 0.253547 0.253547
3335.561768 0.000000 1993.550293 0.000000 0.191969 0.000000 0.981401 0.205465 0.205465 0.205465
3350.613281 0.000000 1985.246338 0.000000 0.626288 0.000000 0.779592 0.193884 0.193884 0.193884
3373.160645 0.000000 2011.227417 0.000000 0.227670 0.000000 0.973738 0.239066 0.239066 0.239066
3326.781250 0.000000 2002.098877 0.000000 0.312844 0.000000 0.949805 0.213583 0.213583 0.213583
3345.172119 0.000000 2011.332520 0.000000 0.400784 0.000000 0.916173 0.246977 0.246977 0.246977
3330.782959 0.000000 2005.583862 0.000000 0.219873 0.000000 0.975529 0.063508 0.063508 0.063508
3331.754883 0.000000 1999.272217 0.000000 0.585288 0.000000 0.810826 0.179117 0.179117 0.179117
3374.416016 0.000000 1984.858765 0.000000 0.613681 0.000000 0.789554 0.200527 0.200527 0.200527
3343.482422 0.000000 2012.395630 0.000000 0.539270 0.000000 0.842133 0.227285 0.227285 0.227285
3333.983643 0.000000 1997.014282 0.000000 0.416165 0.000000 0.909289 0.122964 0.122964 0.122964
3329.535400 0.000000 2003.925293 0.000000 0.386766 0.000000 0.922178 0.113767 0.113767 0.113767
3372.573975 0.000000 1984.593872 0.000000 0.154522 0.000000 0.987989 0.044445 0.044445 0.044445
3329.819824 0.000000 2002.035889 0.000000 0.003685 0.000000 0.999993 0.001056 0.001056 0.001056
3330.019043 0.000000 1999.092041 0.000000 0.139247 0.000000 0.990258 0.040021 0.040021 0.040021
3330.273926 0.000000 1996.497192 0.000000 0.397562 0.000000 0.917575 0.117129 0.117129 0.117129
3340.402588 0.000000 2021.673950 0.000000 0.541222 0.000000 0.840880 0.412967 0.412967 0.412967
3364.862061 0.000000 2033.726807 0.000000 0.099270 0.000000 0.995061 0.407022 0.407022 0.407022
3341.081543 0.000000 2018.787598 0.000000 0.287681 0.000000 0.957726 0.310623 0.310623 0.310623
3335.185547 0.000000 2017.029785 0.000000 0.637077 0.000000 0.770800 0.409462 0.409462 0.409462
3339.076416 0.000000 2019.078735 0.000000 0.031707 0.000000 0.999497 0.278821 0.278821 0.278821
3340.724854 0.000000 2017.052246 0.000000 0.550992 0.000000 0.834511 0.238159 0.238159 0.238159
3345.509521 0.000000 2017.907959 0.000000 0.273890 0.000000 0.961761 0.314869 0.314869 0.314869
3339.324707 0.000000 2017.587280 0.000000 0.403227 0.000000 0.915100 0.295487 0.295487 0.295487
3353.134766 0.000000 2054.563721 0.000000 0.434044 0.000000 0.900892 0.200460 0.200460 0.200460
3357.984131 0.000000 2055.819336 0.000000 0.368130 0.000000 0.929774 0.219319 0.219319 0.219319
3312.673828 0.000000 2092.377686 0.000000 0.225493 0.000000 0.974245 0.131563 0.131563 0.131563
3191.243164 0.000000 2200.233154 0.000000 0.002728 0.000000 0.999996 0.323162 0.323162 0.323162
3186.337402 0.000000 2127.502686 0.000000 0.346431 0.000000 0.938076 0.448633 0.448633 0.448633
3190.310791 0.000000 2207.612793 0.000000 0.473354 0.000000 0.880872 0.351930 0.351930 0.351930
3184.983398 0.000000 2119.786865 0.000000 0.625422 0.000000 0.780287 0.439944 0.439944 0.439944
3203.636719 0.000000 2113.410645 0.000000 0.024931 0.000000 0.999689 0.436106 0.436106 0.436106
3182.975342 0.000000 2192.811768 0.000000 0.177532 0.000000 0.984115 0.287324 0.287324 0.287324
3175.776611 0.000000 2135.757812 0.000000 0.047959 0.000000 0.998849 0.407230 0.407230 0.407230
3171.218018 0.000000 2137.325928 0.000000 0.019977 0.000000 0.999800 0.411670 0.411670 0.411670
3181.543701 0.000000 2132.322021 0.000000 0.142827 0.000000 0.989748 0.355382 0.355382 0.355382
3178.199951 0.000000 2141.814941 0.000000 0.188742 0.000000 0.982027 0.398804 0.398804 0.398804
3185.337646 0.000000 2135.670654 0.000000 0.512410 0.000000 0.858741 0.412870 0.412870 0.412870
3184.755127 0.000000 2133.091553 0.000000 0.068846 0.000000 0.997627 0.372384 0.372384 0.372384
3201.591309 0.000000 2202.067627 0.000000 0.203310 0.000000 0.979114 0.379404 0.379404 0.379404
3180.460205 0.000000 2134.281250 0.000000 0.577992 0.000000 0.816042 0.397454 0.397454 0.397454
3176.670654 0.000000 2192.626221 0.000000 0.423189 0.000000 0.906042 0.388857 0.388857 0.388857
3196.069336 0.000000 2202.357910 0.000000 0.634781 0.000000 0.772692 0.397420 0.397420 0.397420
3173.738770 0.000000 2143.569092 0.000000 0.254184 0.000000 0.967156 0.370297 0.370297 0.370297
3198.481201 0.000000 2204.789551 0.000000 0.328590 0.000000 0.944473 0.334749 0.334749 0.334749
3175.525879 0.000000 2137.637207 0.000000 0.244119 0.000000 0.969745 0.317599 0.317599 0.317599
3199.730469 0.000000 2205.852295 0.000000 0.133885 0.000000 0.990997 0.316051 0.316051 0.316051
3174.987549 0.000000 2198.179443 0.000000 0.413278 0.000000 0.910605 0.336827 0.336827 0.336827
3189.858887 0.000000 2199.731445 0.000000 0.232140 0.000000 0.972682 0.239789 0.239789 0.239789
3181.083740 0.000000 2200.980469 0.000000 0.649198 0.000000 0.760620 0.297560 0.297560 0.297560
3177.735352 0.000000 2198.887939 0.000000 0.031212 0.000000 0.999513 0.145584 0.145584 0.145584
3176.516846 0.000000 2203.224121 0.000000 0.453408 0.000000 0.891303 0.199086 0.199086 0.199086
3183.937256 0.000000 2204.337158 0.000000 0.133677 0.000000 0.991025 0.040025 0.040025 0.040025
3187.421875 0.000000 2200.402588 0.000000 0.046296 0.000000 0.998928 0.047521 0.047521 0.047521
3185.722656 0.000000 2196.904053 0.000000 0.001132 0.000000 0.999999 0.028539 0.028539 0.028539
3168.758301 0.000000 2208.254150 0.000000 0.193772 0.000000 0.981047 0.408268 0.408268 0.408268
3198.167969 0.000000 2207.951172 0.000000 0.136040 0.000000 0.990703 0.243741 0.243741 0.243741
3194.120605 0.000000 2261.852295 0.000000 0.522174 0.000000 0.852839 0.312302 0.312302 0.312302
3203.904053 0.000000 2242.008545 0.000000 0.350594 0.000000 0.936527 0.361452 0.361452 0.361452
3208.984375 0.000000 2208.046631 0.000000 0.100210 0.000000 0.994966 0.418613 0.418613 0.418613
3213.312500 0.000000 2258.830322 0.000000 0.294779 0.000000 0.955565 0.231433 0.231433 0.231433
3201.503418 0.000000 2214.451416 0.000000 0.659351 0.000000 0.751835 0.290369 0.290369 0.290369
3207.910400 0.000000 2224.612793 0.000000 0.194853 0.000000 0.980833 0.417568 0.417568 0.417568
3213.348389 0.000000 2272.787598 0.000000 0.400199 0.000000 0.916428 0.435676 0.435676 0.435676
3196.418213 0.000000 2213.642822 0.000000 0.378520 0.000000 0.925593 0.275955 0.275955 0.275955
3219.992676 0.000000 2265.650635 0.000000 0.608647 0.000000 0.793441 0.187459 0.187459 0.187459
3199.140137 0.000000 2262.615479 0.000000 0.041567 0.000000 0.999136 0.202609 0.202609 0.202609
3216.425781 0.000000 2262.366943 0.000000 0.338095 0.000000 0.941112 0.098804 0.098804 0.098804
3183.027344 0.000000 2219.870605 0.000000 0.117974 0.000000 0.993017 0.409204 0.409204 0.409204
3188.629395 0.000000 2262.437744 0.000000 0.163142 0.000000 0.986603 0.348841 0.348841 0.348841
3217.331055 0.000000 2270.517090 0.000000 0.251515 0.000000 0.967853 0.322800 0.322800 0.322800
3193.923828 0.000000 2209.422363 0.000000 0.116948 0.000000 0.993138 0.340588 0.340588 0.340588
3179.863770 0.000000 2208.142578 0.000000 0.523386 0.000000 0.852096 0.396143 0.396143 0.396143
3223.780518 0.000000 2258.094971 0.000000 0.626183 0.000000 0.779676 0.237040 0.237040 0.237040
3206.769287 0.000000 2249.102783 0.000000 0.183120 0.000000 0.983091 0.168036 0.168036 0.168036
3204.517578 0.000000 2259.041992 0.000000 0.471877 0.000000 0.881664 0.317824 0.317824 0.317824
3202.167725 0.000000 2264.345459 0.000000 0.337873 0.000000 0.941192 0.291587 0.291587 0.291587
3170.283203 0.000000 2243.512451 0.000000 0.577427 0.000000 0.816442 0.358783 0.358783 0.358783
3201.560303 0.000000 2251.564941 0.000000 0.404383 0.000000 0.914590 0.339754 0.339754 0.339754
3206.068848 0.000000 2238.687012 0.000000 0.121744 0.000000 0.992562 0.303517 0.303517 0.303517
3202.029785 0.000000 2261.092773 0.000000 0.113464 0.000000 0.993542 0.273208 0.273208 0.273208
3171.324951 0.000000 2227.664062 0.000000 0.442618 0.000000 0.896710 0.373775 0.373775 0.373775
3220.175293 0.000000 2220.312012 0.000000 0.046587 0.000000 0.998914 0.292464 0.292464 0.292464
3218.326416 0.000000 2259.969482 0.000000 0.338770 0.000000 0.940869 0.099010 0.099010 0.099010
3200.092041 0.000000 2273.251465 0.000000 0.105513 0.000000 0.994418 0.336430 0.336430 0.336430
3218.338379 0.000000 2267.909424 0.000000 0.483464 0.000000 0.875364 0.152944 0.152944 0.152944
3176.650879 0.000000 2220.012939 0.000000 0.575439 0.000000 0.817845 0.368234 0.368234 0.368234
3223.192871 0.000000 2245.156494 0.000000 0.161895 0.000000 0.986808 0.361407 0.361407 0.361407
3196.425049 0.000000 2263.263672 0.000000 0.080207 0.000000 0.996778 0.193801 0.193801 0.193801
3205.620117 0.000000 2207.674561 0.000000 0.257487 0.000000 0.966282 0.302786 0.302786 0.302786
3216.041992 0.000000 2222.834961 0.000000 0.251567 0.000000 0.967840 0.191172 0.191172 0.191172
3215.201660 0.000000 2257.278809 0.000000 0.345541 0.000000 0.938404 0.190016 0.190016 0.190016
3219.835693 0.000000 2271.211426 0.000000 0.311790 0.000000 0.950151 0.331687 0.331687 0.331687
3167.865723 0.000000 2243.779541 0.000000 0.538132 0.000000 0.842861 0.361019 0.361019 0.361019
3210.688721 0.000000 2223.080566 0.000000 0.445047 0.000000 0.895507 0.366482 0.366482 0.366482
3225.521240 0.000000 2259.704346 0.000000 0.166458 0.000000 0.986049 0.235552 0.235552 0.235552
3169.619629 0.000000 2235.529053 0.000000 0.162389 0.000000 0.986727 0.356694 0.356694 0.356694
3180.508057 0.000000 2218.916992 0.000000 0.579815 0.000000 0.814748 0.391158 0.391158 0.391158
3223.443359 0.000000 2225.462891 0.000000 0.313377 0.000000 0.949629 0.330438 0.330438 0.330438
3183.649658 0.000000 2217.633545 0.000000 0.423846 0.000000 0.905734 0.377440 0.377440 0.377440
3196.478760 0.000000 2256.695557 0.000000 0.185252 0.000000 0.982691 0.355122 0.355122 0.355122
3210.074707 0.000000 2219.769043 0.000000 0.476074 0.000000 0.879405 0.365491 0.365491 0.365491
3203.556152 0.000000 2250.659912 0.000000 0.454497 0.000000 0.890748 0.291964 0.291964 0.291964
3188.939697 0.000000 2271.538086 0.000000 0.128003 0.000000 0.991774 0.367354 0.367354 0.367354
3196.200928 0.000000 2261.068604 0.000000 0.640154 0.000000 0.768246 0.326969 0.326969 0.326969
3195.269531 0.000000 2272.213623 0.000000 0.082658 0.000000 0.996578 0.317933 0.317933 0.317933
3214.985596 0.000000 2264.824951 0.000000 0.017776 0.000000 0.999842 0.005093 0.005093 0.005093
3213.068848 0.000000 2256.623291 0.000000 0.207891 0.000000 0.978152 0.235879 0.235879 0.235879
3205.785156 0.000000 2257.071777 0.000000 0.068821 0.000000 0.997629 0.237397 0.237397 0.237397
3203.062256 0.000000 2236.328613 0.000000 0.488053 0.000000 0.872814 0.391596 0.391596 0.391596
3208.756348 0.000000 2250.199707 0.000000 0.105868 0.000000 0.994380 0.143929 0.143929 0.143929
3192.236084 0.000000 2210.988281 0.000000 0.451414 0.000000 0.892315 0.368256 0.368256 0.368256
3205.873047 0.000000 2241.077637 0.000000 0.430415 0.000000 0.902631 0.355138 0.355138 0.355138
3215.776611 0.000000 2269.090088 0.000000 0.210401 0.000000 0.977615 0.240862 0.240862 0.240862
3216.646240 0.000000 2252.941895 0.000000 0.543918 0.000000 0.839139 0.273259 0.273259 0.273259
3202.432129 0.000000 2211.252197 0.000000 0.559333 0.000000 0.828943 0.279833 0.279833 0.279833
3220.561035 0.000000 2267.676514 0.000000 0.584827 0.000000 0.811158 0.227848 0.227848 0.227848
3219.822510 0.000000 2231.520996 0.000000 0.529344 0.000000 0.848407 0.184842 0.184842 0.184842
3210.446045 0.000000 2215.612549 0.000000 0.357163 0.000000 0.934042 0.379572 0.379572 0.379572
3220.445068 0.000000 2218.306885 0.000000 0.262433 0.000000 0.964950 0.350286 0.350286 0.350286
3208.004395 0.000000 2239.298828 0.000000 0.073734 0.000000 0.997278 0.290230 0.290230 0.290230
3171.630127 0.000000 2242.043213 0.000000 0.284543 0.000000 0.958663 0.327552 0.327552 0.327552
3220.951172 0.000000 2249.347900 0.000000 0.190577 0.000000 0.981672 0.349296 0.349296 0.349296
3203.523438 0.000000 2243.956543 0.000000 0.263750 0.000000 0.964591 0.354785 0.354785 0.354785
3201.521484 0.000000 2249.603027 0.000000 0.619884 0.000000 0.784694 0.373982 0.373982 0.373982
3200.066162 0.000000 2264.504639 0.000000 0.564435 0.000000 0.825478 0.295089 0.295089 0.295089
3223.646240 0.000000 2256.115479 0.000000 0.375645 0.000000 0.926764 0.214223 0.214223 0.214223
3204.603027 0.000000 2237.490234 0.000000 0.450298 0.000000 0.892878 0.361964 0.361964 0.361964
3201.920654 0.000000 2247.041260 0.000000 0.150847 0.000000 0.988557 0.352730 0.352730 0.352730
3220.016846 0.000000 2243.444580 0.000000 0.606392 0.000000 0.795166 0.383903 0.383903 0.383903
3210.274658 0.000000 2233.392578 0.000000 0.299219 0.000000 0.954184 0.303398 0.303398 0.303398
3224.358154 0.000000 2262.952148 0.000000 0.289356 0.000000 0.957222 0.237633 0.237633 0.237633
3201.754150 0.000000 2256.118652 0.000000 0.495417 0.000000 0.868655 0.341219 0.341219 0.341219
3193.042236 0.000000 2265.896240 0.000000 0.206362 0.000000 0.978476 0.235633 0.235633 0.235633
3201.074951 0.000000 2212.641113 0.000000 0.541603 0.000000 0.840635 0.235753 0.235753 0.235753
3205.062500 0.000000 2249.682129 0.000000 0.013119 0.000000 0.999914 0.173505 0.173505 0.173505
3212.122070 0.000000 2224.101318 0.000000 0.660780 0.000000 0.750580 0.314569 0.314569 0.314569
3206.837646 0.000000 2247.028076 0.000000 0.250390 0.000000 0.968145 0.219061 0.219061 0.219061
3209.856445 0.000000 2262.174316 0.000000 0.147489 0.000000 0.989064 0.315734 0.315734 0.315734
3172.895020 0.000000 2209.471924 0.000000 0.437145 0.000000 0.899391 0.341947 0.341947 0.341947
3211.860596 0.000000 2262.545166 0.000000 0.158398 0.000000 0.987375 0.264438 0.264438 0.264438
3220.753418 0.000000 2264.102295 0.000000 0.139845 0.000000 0.990173 0.040195 0.040195 0.040195
3219.576172 0.000000 2256.966797 0.000000 0.116714 0.000000 0.993166 0.033512 0.033512 0.033512
3176.907471 0.000000 2218.327637 0.000000 0.348582 0.000000 0.937278 0.329907 0.329907 0.329907
3217.383301 0.000000 2233.396240 0.000000 0.022074 0.000000 0.999756 0.077660 0.077660 0.077660
3211.881836 0.000000 2233.622314 0.000000 0.187303 0.000000 0.982302 0.290038 0.290038 0.290038
3205.011475 0.000000 2243.304199 0.000000 0.219123 0.000000 0.975697 0.307447 0.307447 0.307447
3215.805420 0.000000 2224.444824 0.000000 0.036166 0.000000 0.999346 0.144840 0.144840 0.144840
3210.455322 0.000000 2256.580322 0.000000 0.039300 0.000000 0.999227 0.233212 0.233212 0.233212
3197.486572 0.000000 2261.990967 0.000000 0.317798 0.000000 0.948159 0.274828 0.274828 0.274828
3202.578613 0.000000 2213.281006 0.000000 0.368670 0.000000 0.929560 0.262328 0.262328 0.262328
3216.919434 0.000000 2260.749023 0.000000 0.049513 0.000000 0.998773 0.014190 0.014190 0.014190
3196.247803 0.000000 2212.134033 0.000000 0.563318 0.000000 0.826240 0.306890 0.306890 0.306890
3192.933594 0.000000 2262.823486 0.000000 0.068136 0.000000 0.997676 0.230547 0.230547 0.230547
3220.377197 0.000000 2254.967041 0.000000 0.340139 0.000000 0.940375 0.202536 0.202536 0.202536
3194.787109 0.000000 2267.137451 0.000000 0.279379 0.000000 0.960181 0.212757 0.212757 0.212757
3207.317383 0.000000 2256.448730 0.000000 0.606402 0.000000 0.795158 0.313677 0.313677 0.313677
3175.843750 0.000000 2221.274414 0.000000 0.557633 0.000000 0.830087 0.339985 0.339985 0.339985
3207.552490 0.000000 2259.725586 0.000000 0.343638 0.000000 0.939102 0.300603 0.300603 0.300603
3193.322266 0.000000 2260.449951 0.000000 0.604639 0.000000 0.796500 0.343370 0.343370 0.343370
3216.166016 0.000000 2263.906738 0.000000 0.394195 0.000000 0.919027 0.116079 0.116079 0.116079
3220.853516 0.000000 2232.662842 0.000000 0.614346 0.000000 0.789037 0.280434 0.280434 0.280434
3200.568604 0.000000 2261.416504 0.000000 0.244730 0.000000 0.969591 0.281975 0.281975 0.281975
3217.694580 0.000000 2253.929199 0.000000 0.505906 0.000000 0.862588 0.265331 0.265331 0.265331
3225.298340 0.000000 2258.291504 0.000000 0.466334 0.000000 0.884609 0.284124 0.284124 0.284124
3216.495605 0.000000 2256.679443 0.000000 0.354883 0.000000 0.934911 0.135145 0.135145 0.135145
3224.096680 0.000000 2259.672607 0.000000 0.151786 0.000000 0.988413 0.233281 0.233281 0.233281
3204.263184 0.000000 2208.057861 0.000000 0.662993 0.000000 0.748626 0.327396 0.327396 0.327396
3204.522705 0.000000 2257.634033 0.000000 0.365016 0.000000 0.931001 0.280539 0.280539 0.280539
3225.654297 0.000000 2263.599609 0.000000 0.460961 0.000000 0.887421 0.268480 0.268480 0.268480
3173.450195 0.000000 2212.455078 0.000000 0.620494 0.000000 0.784212 0.283917 0.283917 0.283917
3176.151855 0.000000 2211.886230 0.000000 0.496909 0.000000 0.867803 0.224529 0.224529 0.224529
3217.958984 0.000000 2230.584229 0.000000 0.193748 0.000000 0.981051 0.099136 0.099136 0.099136
3210.164795 0.000000 2255.004395 0.000000 0.442542 0.000000 0.896748 0.283792 0.283792 0.283792
3195.521973 0.000000 2264.444580 0.000000 0.637970 0.000000 0.770062 0.288060 0.288060 0.288060
3214.721680 0.000000 2263.439453 0.000000 0.286919 0.000000 0.957955 0.083368 0.083368 0.083368
3211.190674 0.000000 2252.759766 0.000000 0.572572 0.000000 0.819854 0.292348 0.292348 0.292348
3201.340332 0.000000 2265.299561 0.000000 0.063687 0.000000 0.997970 0.209579 0.209579 0.209579
3175.367188 0.000000 2210.899658 0.000000 0.490982 0.000000 0.871170 0.258710 0.258710 0.258710
3195.653320 0.000000 2262.208496 0.000000 0.571051 0.000000 0.820914 0.286635 0.286635 0.286635
3204.391846 0.000000 2248.616455 0.000000 0.512987 0.000000 0.858396 0.266791 0.266791 0.266791
3212.510986 0.000000 2260.464600 0.000000 0.244897 0.000000 0.969549 0.169004 0.169004 0.169004
3215.674072 0.000000 2267.870361 0.000000 0.352235 0.000000 0.935912 0.167055 0.167055 0.167055
3207.437500 0.000000 2248.042725 0.000000 0.512105 0.000000 0.858923 0.239913 0.239913 0.239913
3214.312012 0.000000 2226.737305 0.000000 0.474263 0.000000 0.880383 0.238323 0.238323 0.238323
3217.749268 0.000000 2258.225098 0.000000 0.421222 0.000000 0.906958 0.124559 0.124559 0.124559
3215.628418 0.000000 2263.017578 0.000000 0.493965 0.000000 0.869482 0.148008 0.148008 0.148008
3217.516113 0.000000 2256.215576 0.000000 0.394294 0.000000 0.918984 0.146225 0.146225 0.146225
3214.790283 0.000000 2265.763184 0.000000 0.423592 0.000000 0.905853 0.125308 0.125308 0.125308
3217.135254 0.000000 2261.687256 0.000000 0.511432 0.000000 0.859324 0.153796 0.153796 0.153796
3217.993652 0.000000 2267.013184 0.000000 0.212389 0.000000 0.977185 0.070458 0.070458 0.070458
3217.083252 0.000000 2264.192383 0.000000 0.617045 0.000000 0.786928 0.190503 0.190503 0.190503
2803.885254 0.000000 2463.127686 0.000000 0.170451 0.000000 0.985366 0.211014 0.211014 0.211014
3151.598633 0.000000 2311.761475 0.000000 0.023703 0.000000 0.999719 0.319644 0.319644 0.319644
3138.696533 0.000000 2319.064941 0.000000 0.385762 0.000000 0.922598 0.212439 0.212439 0.212439
3148.070312 0.000000 2315.308838 0.000000 0.052456 0.000000 0.998623 0.015034 0.015034 0.015034
3427.483887 0.000000 2384.819824 0.000000 0.372576 0.000000 0.928002 0.429963 0.429963 0.429963
3428.221680 0.000000 2394.552002 0.000000 0.452668 0.000000 0.891679 0.425261 0.425261 0.425261
3429.444580 0.000000 2385.720947 0.000000 0.061981 0.000000 0.998077 0.295752 0.295752 0.295752
3429.594727 0.000000 2387.015869 0.000000 0.304782 0.000000 0.952422 0.221901 0.221901 0.221901
3431.562988 0.000000 2388.292236 0.000000 0.600568 0.000000 0.799574 0.236601 0.236601 0.236601
3428.512695 0.000000 2386.468994 0.000000 0.026610 0.000000 0.999646 0.170696 0.170696 0.170696
3409.238281 0.000000 2439.919189 0.000000 0.043920 0.000000 0.999035 0.429416 0.429416 0.429416
3419.859375 0.000000 2415.502930 0.000000 0.182335 0.000000 0.983236 0.370506 0.370506 0.370506
3416.222168 0.000000 2415.135010 0.000000 0.265483 0.000000 0.964116 0.312494 0.312494 0.312494
3398.527832 0.000000 2428.723145 0.000000 0.315717 0.000000 0.948853 0.218366 0.218366 0.218366
3413.893066 0.000000 2433.305176 0.000000 0.438596 0.000000 0.898684 0.377232 0.377232 0.377232
3410.338623 0.000000 2435.465088 0.000000 0.329470 0.000000 0.944166 0.221060 0.221060 0.221060
3409.605469 0.000000 2434.052490 0.000000 0.045889 0.000000 0.998947 0.184464 0.184464 0.184464
3412.090088 0.000000 2415.156250 0.000000 0.366047 0.000000 0.930596 0.239041 0.239041 0.239041
3413.250732 0.000000 2414.476807 0.000000 0.443457 0.000000 0.896296 0.253980 0.253980 0.253980
3419.902100 0.000000 2413.583984 0.000000 0.299225 0.000000 0.954182 0.219423 0.219423 0.219423
3162.021484 0.000000 2770.453857 0.000000 0.313261 0.000000 0.949667 0.427492 0.427492 0.427492
3182.985596 0.000000 2779.544922 0.000000 0.190087 0.000000 0.981767 0.434502 0.434502 0.434502
3175.968750 0.000000 2734.921387 0.000000 0.455246 0.000000 0.890366 0.437663 0.437663 0.437663
3198.832764 0.000000 2748.023682 0.000000 0.186381 0.000000 0.982478 0.431351 0.431351 0.431351
3203.150146 0.000000 2728.423096 0.000000 0.040028 0.000000 0.999199 0.425924 0.425924 0.425924
3203.765625 0.000000 2733.818848 0.000000 0.258154 0.000000 0.966104 0.423515 0.423515 0.423515
3176.460693 0.000000 2738.912354 0.000000 0.603053 0.000000 0.797701 0.432363 0.432363 0.432363
3719.225586 0.000000 1608.341919 0.000000 0.632914 0.000000 0.774222 0.325651 0.325651 0.325651
3716.916748 0.000000 1590.163940 0.000000 0.483732 0.000000 0.875216 0.229667 0.229667 0.229667
3886.224854 0.000000 1579.010864 0.000000 0.445699 0.000000 0.895183 0.300513 0.300513 0.300513
3874.350830 0.000000 1585.811035 0.000000 0.313495 0.000000 0.949590 0.185583 0.185583 0.185583
3877.100830 0.000000 1582.973267 0.000000 0.531028 0.000000 0.847354 0.242151 0.242151 0.242151
3835.227783 0.000000 1653.786987 0.000000 0.361769 0.000000 0.932268 0.348837 0.348837 0.348837
3839.140869 0.000000 1652.681274 0.000000 0.533189 0.000000 0.845996 0.365031 0.365031 0.365031
3834.736572 0.000000 1651.238892 0.000000 0.472033 0.000000 0.881581 0.407565 0.407565 0.407565
3836.610840 0.000000 1635.713745 0.000000 0.258646 0.000000 0.965972 0.391168 0.391168 0.391168
3834.730469 0.000000 1638.383423 0.000000 0.248510 0.000000 0.968629 0.374389 0.374389 0.374389
3838.662598 0.000000 1648.523926 0.000000 0.095331 0.000000 0.995446 0.327349 0.327349 0.327349
3844.483398 0.000000 1654.648560 0.000000 0.217866 0.000000 0.975979 0.355886 0.355886 0.355886
3915.334473 0.000000 1563.323853 0.000000 0.116916 0.000000 0.993142 0.412440 0.412440 0.412440
3952.618164 0.000000 1549.975098 0.000000 0.175756 0.000000 0.984434 0.335666 0.335666 0.335666
3906.661133 0.000000 1569.824829 0.000000 0.006919 0.000000 0.999976 0.351612 0.351612 0.351612
3903.758789 0.000000 1561.112305 0.000000 0.430973 0.000000 0.902365 0.376680 0.376680 0.376680
3913.540283 0.000000 1564.438599 0.000000 0.125349 0.000000 0.992113 0.269790 0.269790 0.269790
3894.428955 0.000000 1574.904663 0.000000 0.654874 0.000000 0.755738 0.377809 0.377809 0.377809
3889.674805 0.000000 1578.765625 0.000000 0.266371 0.000000 0.963870 0.311129 0.311129 0.311129
3911.256348 0.000000 1566.272217 0.000000 0.367451 0.000000 0.930043 0.350693 0.350693 0.350693
3889.811279 0.000000 1569.866211 0.000000 0.137614 0.000000 0.990486 0.226264 0.226264 0.226264
3908.817627 0.000000 1564.137207 0.000000 0.089149 0.000000 0.996018 0.142083 0.142083 0.142083
3920.089355 0.000000 1552.803223 0.000000 0.296247 0.000000 0.955111 0.288770 0.288770 0.288770
3916.190918 0.000000 1553.029663 0.000000 0.490679 0.000000 0.871340 0.295492 0.295492 0.295492
3934.219727 0.000000 1546.912354 0.000000 0.320136 0.000000 0.947371 0.163286 0.163286 0.163286
3903.392090 0.000000 1568.298706 0.000000 0.035690 0.000000 0.999363 0.146470 0.146470 0.146470
3951.374268 0.000000 1549.642334 0.000000 0.178673 0.000000 0.983909 0.123355 0.123355 0.123355
3910.079590 0.000000 1565.712158 0.000000 0.458552 0.000000 0.888667 0.247127 0.247127 0.247127
3932.319336 0.000000 1547.521973 0.000000 0.570702 0.000000 0.821157 0.203220 0.203220 0.203220
3905.361572 0.000000 1567.770996 0.000000 0.417469 0.000000 0.908691 0.123374 0.123374 0.123374
3982.646973 0.000000 1552.539551 0.000000 0.447224 0.000000 0.894422 0.274623 0.274623 0.274623
3969.019531 0.000000 1555.027832 0.000000 0.357386 0.000000 0.933957 0.175113 0.175113 0.175113
3982.066162 0.000000 1555.351807 0.000000 0.072988 0.000000 0.997333 0.281737 0.281737 0.281737
3964.063721 0.000000 1556.994995 0.000000 0.547418 0.000000 0.836860 0.294051 0.294051 0.294051
3982.304443 0.000000 1553.824951 0.000000 0.518899 0.000000 0.854836 0.287597 0.287597 0.287597
3973.944824 0.000000 1552.814453 0.000000 0.367371 0.000000 0.930074 0.141320 0.141320 0.141320
3960.863037 0.000000 1555.737549 0.000000 0.283242 0.000000 0.959049 0.137068 0.137068 0.137068
3594.608643 0.000000 2293.476807 0.000000 0.439847 0.000000 0.898072 0.386094 0.386094 0.386094
3595.420654 0.000000 2274.244873 0.000000 0.537575 0.000000 0.843216 0.392519 0.392519 0.392519
3591.983643 0.000000 2289.334229 0.000000 0.414015 0.000000 0.910270 0.363895 0.363895 0.363895
3596.911377 0.000000 2279.497070 0.000000 0.101382 0.000000 0.994848 0.248625 0.248625 0.248625
3593.586670 0.000000 2288.880615 0.000000 0.038950 0.000000 0.999241 0.264139 0.264139 0.264139
3595.023682 0.000000 2277.117432 0.000000 0.270114 0.000000 0.962828 0.224098 0.224098 0.224098
3590.968750 0.000000 2290.251221 0.000000 0.434060 0.000000 0.900884 0.195422 0.195422 0.195422
3596.048340 0.000000 2291.672363 0.000000 0.596974 0.000000 0.802261 0.247074 0.247074 0.247074
3600.987061 0.000000 2296.168945 0.000000 0.001632 0.000000 0.999999 0.354805 0.354805 0.354805
3914.042480 0.000000 1973.898926 0.000000 0.644046 0.000000 0.764986 0.389330 0.389330 0.389330
3902.913086 0.000000 1962.938354 0.000000 0.442351 0.000000 0.896842 0.447500 0.447500 0.447500
3952.985352 0.000000 1985.590576 0.000000 0.280079 0.000000 0.959977 0.279397 0.279397 0.279397
3917.839600 0.000000 1957.619019 0.000000 0.527759 0.000000 0.849394 0.204875 0.204875 0.204875
3956.671875 0.000000 1988.460205 0.000000 0.129704 0.000000 0.991553 0.309184 0.309184 0.309184
3916.995117 0.000000 1970.952271 0.000000 0.464476 0.000000 0.885586 0.370568 0.370568 0.370568
3949.318359 0.000000 1981.121216 0.000000 0.039088 0.000000 0.999236 0.417305 0.417305 0.417305
3904.393066 0.000000 1959.036499 0.000000 0.010039 0.000000 0.999950 0.413178 0.413178 0.413178
3922.089600 0.000000 1976.392090 0.000000 0.512512 0.000000 0.858680 0.426797 0.426797 0.426797
3938.973877 0.000000 2001.367432 0.000000 0.399190 0.000000 0.916868 0.422629 0.422629 0.422629
3944.708496 0.000000 1992.789062 0.000000 0.328631 0.000000 0.944458 0.397236 0.397236 0.397236
3919.555908 0.000000 1950.693970 0.000000 0.445244 0.000000 0.895409 0.335341 0.335341 0.335341
3926.602539 0.000000 1967.146851 0.000000 0.193364 0.000000 0.981127 0.377334 0.377334 0.377334
3898.303223 0.000000 1968.739990 0.000000 0.130659 0.000000 0.991427 0.175026 0.175026 0.175026
3952.792236 0.000000 1993.114990 0.000000 0.215473 0.000000 0.976510 0.377005 0.377005 0.377005
3914.105713 0.000000 1971.199951 0.000000 0.274385 0.000000 0.961620 0.240848 0.240848 0.240848
3947.192383 0.000000 2001.721558 0.000000 0.043924 0.000000 0.999035 0.166968 0.166968 0.166968
3919.306885 0.000000 1982.756714 0.000000 0.640413 0.000000 0.768030 0.374242 0.374242 0.374242
3938.398926 0.000000 1997.955444 0.000000 0.459153 0.000000 0.888357 0.298861 0.298861 0.298861
3910.234619 0.000000 1988.062134 0.000000 0.359993 0.000000 0.932955 0.395961 0.395961 0.395961
3943.251221 0.000000 1990.842529 0.000000 0.187025 0.000000 0.982355 0.317965 0.317965 0.317965
3954.490723 0.000000 1983.700073 0.000000 0.439604 0.000000 0.898192 0.349731 0.349731 0.349731
3940.110352 0.000000 1970.524536 0.000000 0.210952 0.000000 0.977497 0.298934 0.298934 0.298934
3897.012695 0.000000 1965.093872 0.000000 0.369219 0.000000 0.929343 0.330753 0.330753 0.330753
3922.884521 0.000000 1985.607178 0.000000 0.611703 0.000000 0.791088 0.353627 0.353627 0.353627
3918.980469 0.000000 1987.299927 0.000000 0.175800 0.000000 0.984426 0.216640 0.216640 0.216640
3951.689209 0.000000 1997.422485 0.000000 0.363541 0.000000 0.931578 0.238567 0.238567 0.238567
3947.803223 0.000000 1986.697876 0.000000 0.170397 0.000000 0.985376 0.369811 0.369811 0.369811
3945.461426 0.000000 1968.922607 0.000000 0.180151 0.000000 0.983639 0.187717 0.187717 0.187717
3911.737549 0.000000 1986.609863 0.000000 0.096785 0.000000 0.995305 0.233090 0.233090 0.233090
3898.776611 0.000000 1953.924683 0.000000 0.567957 0.000000 0.823058 0.375058 0.375058 0.375058
3917.997559 0.000000 1955.413208 0.000000 0.658895 0.000000 0.752235 0.266341 0.266341 0.266341
3912.277588 0.000000 1964.441650 0.000000 0.492191 0.000000 0.870487 0.350328 0.350328 0.350328
3951.528809 0.000000 1982.055786 0.000000 0.113155 0.000000 0.993577 0.219139 0.219139 0.219139
3914.335693 0.000000 1961.535522 0.000000 0.283090 0.000000 0.959093 0.347599 0.347599 0.347599
3912.308838 0.000000 1970.447266 0.000000 0.068901 0.000000 0.997623 0.176668 0.176668 0.176668
3924.287842 0.000000 1972.939819 0.000000 0.182506 0.000000 0.983205 0.267654 0.267654 0.267654
3951.139648 0.000000 1985.641846 0.000000 0.566305 0.000000 0.824195 0.344428 0.344428 0.344428
3952.576416 0.000000 1983.821655 0.000000 0.164934 0.000000 0.986305 0.189537 0.189537 0.189537
3910.082520 0.000000 1969.260376 0.000000 0.650597 0.000000 0.759423 0.313386 0.313386 0.313386
3937.302490 0.000000 1996.756470 0.000000 0.069316 0.000000 0.997595 0.171683 0.171683 0.171683
3914.562256 0.000000 1967.157471 0.000000 0.035070 0.000000 0.999385 0.232612 0.232612 0.232612
3920.526855 0.000000 1986.717407 0.000000 0.391207 0.000000 0.920303 0.235957 0.235957 0.235957
3953.104736 0.000000 1997.786499 0.000000 0.117384 0.000000 0.993087 0.180633 0.180633 0.180633
3946.344482 0.000000 1988.554810 0.000000 0.022973 0.000000 0.999736 0.260460 0.260460 0.260460
3913.547363 0.000000 1969.909912 0.000000 0.299157 0.000000 0.954204 0.119773 0.119773 0.119773
3919.389404 0.000000 1984.181030 0.000000 0.142695 0.000000 0.989767 0.185365 0.185365 0.185365
3926.193115 0.000000 1975.355347 0.000000 0.215241 0.000000 0.976561 0.162533 0.162533 0.162533
3915.261475 0.000000 1968.221802 0.000000 0.090679 0.000000 0.995880 0.162354 0.162354 0.162354
3911.173340 0.000000 1984.866089 0.000000 0.621562 0.000000 0.783365 0.220464 0.220464 0.220464
3909.942383 0.000000 1984.198608 0.000000 0.463390 0.000000 0.886155 0.259148 0.259148 0.259148
3915.682129 0.000000 1957.627441 0.000000 0.416450 0.000000 0.909158 0.217932 0.217932 0.217932
3915.072266 0.000000 1956.382568 0.000000 0.075651 0.000000 0.997134 0.145986 0.145986 0.145986
3916.529053 0.000000 1959.957275 0.000000 0.260438 0.000000 0.965491 0.187102 0.187102 0.187102
3901.813477 0.000000 1955.661011 0.000000 0.552144 0.000000 0.833749 0.225164 0.225164 0.225164
3898.156738 0.000000 1967.710449 0.000000 0.481125 0.000000 0.876652 0.176216 0.176216 0.176216
3943.265869 0.000000 1969.129883 0.000000 0.088588 0.000000 0.996068 0.072033 0.072033 0.072033
4280.957520 0.000000 1540.750244 0.000000 0.575549 0.000000 0.817767 0.358563 0.358563 0.358563
4289.327148 0.000000 1605.797974 0.000000 0.553544 0.000000 0.832820 0.237710 0.237710 0.237710
4291.660156 0.000000 1600.590576 0.000000 0.093955 0.000000 0.995576 0.226035 0.226035 0.226035
4291.234863 0.000000 1659.257812 0.000000 0.573394 0.000000 0.819279 0.392830 0.392830 0.392830
4289.447754 0.000000 1659.954590 0.000000 0.101853 0.000000 0.994799 0.294892 0.294892 0.294892
4304.831055 0.000000 1658.103027 0.000000 0.617797 0.000000 0.786338 0.322930 0.322930 0.322930
4618.212402 0.000000 106.023849 0.000000 0.428285 0.000000 0.903644 0.441128 0.441128 0.441128
4677.451172 0.000000 183.249451 0.000000 0.587662 0.000000 0.809107 0.428820 0.428820 0.428820
4678.939941 0.000000 116.528091 0.000000 0.561477 0.000000 0.827492 0.421532 0.421532 0.421532
4613.886230 0.000000 151.713501 0.000000 0.224012 0.000000 0.974586 0.419782 0.419782 0.419782
4654.765625 0.000000 105.425705 0.000000 0.297471 0.000000 0.954731 0.431470 0.431470 0.431470
4645.252441 0.000000 162.174423 0.000000 0.492972 0.000000 0.870045 0.389536 0.389536 0.389536
4677.543457 0.000000 136.102859 0.000000 0.134256 0.000000 0.990947 0.345128 0.345128 0.345128
4642.687988 0.000000 126.815773 0.000000 0.425311 0.000000 0.905047 0.418221 0.418221 0.418221
4674.140137 0.000000 184.760071 0.000000 0.366347 0.000000 0.930478 0.416417 0.416417 0.416417
4669.798340 0.000000 163.453842 0.000000 0.297188 0.000000 0.954819 0.407229 0.407229 0.407229
4644.864746 0.000000 165.737442 0.000000 0.534703 0.000000 0.845040 0.403633 0.403633 0.403633
4616.434570 0.000000 182.405685 0.000000 0.194008 0.000000 0.981000 0.397458 0.397458 0.397458
4677.977539 0.000000 119.646942 0.000000 0.546170 0.000000 0.837674 0.404261 0.404261 0.404261
4674.433594 0.000000 140.348038 0.000000 0.047876 0.000000 0.998853 0.333659 0.333659 0.333659
4667.541016 0.000000 175.402084 0.000000 0.596575 0.000000 0.802558 0.381973 0.381973 0.381973
4667.982910 0.000000 183.338013 0.000000 0.120645 0.000000 0.992696 0.350641 0.350641 0.350641
4644.719727 0.000000 158.814667 0.000000 0.249732 0.000000 0.968315 0.356688 0.356688 0.356688
4638.111328 0.000000 153.576691 0.000000 0.062144 0.000000 0.998067 0.321192 0.321192 0.321192
4634.027344 0.000000 147.496765 0.000000 0.185694 0.000000 0.982608 0.344269 0.344269 0.344269
4641.310059 0.000000 157.038055 0.000000 0.630833 0.000000 0.775919 0.378157 0.378157 0.378157
4637.379395 0.000000 125.275406 0.000000 0.581132 0.000000 0.813809 0.405143 0.405143 0.405143
4639.228516 0.000000 159.053497 0.000000 0.055025 0.000000 0.998485 0.327394 0.327394 0.327394
4676.752441 0.000000 138.605072 0.000000 0.379102 0.000000 0.925355 0.366343 0.366343 0.366343
4664.081055 0.000000 179.199493 0.000000 0.064909 0.000000 0.997891 0.324812 0.324812 0.324812
4640.569336 0.000000 169.933914 0.000000 0.364087 0.000000 0.931365 0.402888 0.402888 0.402888
4636.589844 0.000000 114.667885 0.000000 0.567110 0.000000 0.823642 0.378240 0.378240 0.378240
4640.463867 0.000000 154.668671 0.000000 0.039986 0.000000 0.999200 0.327896 0.327896 0.327896
4663.731445 0.000000 108.656265 0.000000 0.214073 0.000000 0.976818 0.364749 0.364749 0.364749
4670.231445 0.000000 151.872192 0.000000 0.151960 0.000000 0.988387 0.370334 0.370334 0.370334
4655.045410 0.000000 145.622330 0.000000 0.467922 0.000000 0.883770 0.391552 0.391552 0.391552
4607.531250 0.000000 163.783691 0.000000 0.053948 0.000000 0.998544 0.349460 0.349460 0.349460
4637.978516 0.000000 174.504608 0.000000 0.531555 0.000000 0.847024 0.378489 0.378489 0.378489
4631.683105 0.000000 149.196106 0.000000 0.015871 0.000000 0.999874 0.318984 0.318984 0.318984
4647.580078 0.000000 162.171692 0.000000 0.025644 0.000000 0.999671 0.371885 0.371885 0.371885
4631.913574 0.000000 119.125847 0.000000 0.596491 0.000000 0.802619 0.366265 0.366265 0.366265
4663.287109 0.000000 113.806519 0.000000 0.590837 0.000000 0.806791 0.371961 0.371961 0.371961
4641.352539 0.000000 166.323685 0.000000 0.430681 0.000000 0.902504 0.395627 0.395627 0.395627
4668.293457 0.000000 150.651901 0.000000 0.419645 0.000000 0.907688 0.379699 0.379699 0.379699
4670.124512 0.000000 175.295334 0.000000 0.576104 0.000000 0.817377 0.396252 0.396252 0.396252
4638.127930 0.000000 183.592651 0.000000 0.467610 0.000000 0.883935 0.336721 0.336721 0.336721
4638.902344 0.000000 163.596710 0.000000 0.371837 0.000000 0.928298 0.364452 0.364452 0.364452
4623.340820 0.000000 150.871704 0.000000 0.360740 0.000000 0.932666 0.371695 0.371695 0.371695
4659.147949 0.000000 167.883804 0.000000 0.148230 0.000000 0.988953 0.333378 0.333378 0.333378
4629.105469 0.000000 122.742943 0.000000 0.078764 0.000000 0.996893 0.347756 0.347756 0.347756
4648.516113 0.000000 156.454483 0.000000 0.426036 0.000000 0.904706 0.359811 0.359811 0.359811
4628.429688 0.000000 146.032562 0.000000 0.611078 0.000000 0.791571 0.374067 0.374067 0.374067
4650.603027 0.000000 188.691864 0.000000 0.646961 0.000000 0.762523 0.382776 0.382776 0.382776
4620.803223 0.000000 176.080917 0.000000 0.192613 0.000000 0.981275 0.368011 0.368011 0.368011
4639.216797 0.000000 178.886444 0.000000 0.025042 0.000000 0.999686 0.312811 0.312811 0.312811
4629.833984 0.000000 182.556183 0.000000 0.660371 0.000000 0.750939 0.345976 0.345976 0.345976
4628.712402 0.000000 116.411301 0.000000 0.546365 0.000000 0.837547 0.373042 0.373042 0.373042
4631.926758 0.000000 190.588959 0.000000 0.294069 0.000000 0.955784 0.348514 0.348514 0.348514
4628.797363 0.000000 156.375259 0.000000 0.022654 0.000000 0.999743 0.350863 0.350863 0.350863
4669.041992 0.000000 114.065460 0.000000 0.040172 0.000000 0.999193 0.338228 0.338228 0.338228
4632.270508 0.000000 170.904907 0.000000 0.519900 0.000000 0.854227 0.369466 0.369466 0.369466
4624.423828 0.000000 148.021881 0.000000 0.080942 0.000000 0.996719 0.342885 0.342885 0.342885
4665.383301 0.000000 145.219391 0.000000 0.337811 0.000000 0.941214 0.357702 0.357702 0.357702
4655.932129 0.000000 165.997650 0.000000 0.514673 0.000000 0.857386 0.379402 0.379402 0.379402
4635.422852 0.000000 163.447632 0.000000 0.476795 0.000000 0.879015 0.361937 0.361937 0.361937
4634.985840 0.000000 182.199921 0.000000 0.474187 0.000000 0.880424 0.319355 0.319355 0.319355
4659.660645 0.000000 172.502075 0.000000 0.093370 0.000000 0.995631 0.337143 0.337143 0.337143
4661.672852 0.000000 160.138031 0.000000 0.460265 0.000000 0.887782 0.377585 0.377585 0.377585
4667.169922 0.000000 119.680534 0.000000 0.009110 0.000000 0.999959 0.320169 0.320169 0.320169
4636.442383 0.000000 175.845276 0.000000 0.353359 0.000000 0.935488 0.364385 0.364385 0.364385
4614.351074 0.000000 135.138916 0.000000 0.442892 0.000000 0.896575 0.373796 0.373796 0.373796
4645.131348 0.000000 184.411987 0.000000 0.489463 0.000000 0.872024 0.353602 0.353602 0.353602
4667.872559 0.000000 143.608063 0.000000 0.083887 0.000000 0.996475 0.344768 0.344768 0.344768
4611.474121 0.000000 130.386627 0.000000 0.264666 0.000000 0.964340 0.296303 0.296303 0.296303
4653.567383 0.000000 190.952698 0.000000 0.203614 0.000000 0.979051 0.347199 0.347199 0.347199
4669.165039 0.000000 146.887512 0.000000 0.088502 0.000000 0.996076 0.328444 0.328444 0.328444
4646.887695 0.000000 183.298492 0.000000 0.360625 0.000000 0.932711 0.354134 0.354134 0.354134
4614.640625 0.000000 162.522369 0.000000 0.632544 0.000000 0.774524 0.381322 0.381322 0.381322
4670.323730 0.000000 120.494461 0.000000 0.091451 0.000000 0.995810 0.328687 0.328687 0.328687
4672.352051 0.000000 144.817566 0.000000 0.066351 0.000000 0.997796 0.340143 0.340143 0.340143
4622.522949 0.000000 161.701416 0.000000 0.009580 0.000000 0.999954 0.320208 0.320208 0.320208
4629.835938 0.000000 149.417236 0.000000 0.422422 0.000000 0.906399 0.348020 0.348020 0.348020
4648.667480 0.000000 184.130188 0.000000 0.656117 0.000000 0.754659 0.378908 0.378908 0.378908
4625.245117 0.000000 177.390625 0.000000 0.440882 0.000000 0.897565 0.341097 0.341097 0.341097
4626.712402 0.000000 174.883926 0.000000 0.264743 0.000000 0.964319 0.329977 0.329977 0.329977
4634.904297 0.000000 158.249542 0.000000 0.454031 0.000000 0.890986 0.363533 0.363533 0.363533
4657.131348 0.000000 182.842499 0.000000 0.537096 0.000000 0.843521 0.363165 0.363165 0.363165
4637.718750 0.000000 148.807648 0.000000 0.093766 0.000000 0.995594 0.323900 0.323900 0.323900
4661.619629 0.000000 181.574554 0.000000 0.329927 0.000000 0.944006 0.345977 0.345977 0.345977
4630.833984 0.000000 172.970520 0.000000 0.352341 0.000000 0.935872 0.338465 0.338465 0.338465
4623.878906 0.000000 189.856140 0.000000 0.258540 0.000000 0.966001 0.338211 0.338211 0.338211
4633.718750 0.000000 164.005936 0.000000 0.507973 0.000000 0.861373 0.356712 0.356712 0.356712
4639.861816 0.000000 187.001312 0.000000 0.631521 0.000000 0.775359 0.362280 0.362280 0.362280
4633.811035 0.000000 180.583740 0.000000 0.543844 0.000000 0.839186 0.329179 0.329179 0.329179
4611.203125 0.000000 133.333542 0.000000 0.410967 0.000000 0.911650 0.326265 0.326265 0.326265
4633.435547 0.000000 177.552216 0.000000 0.419429 0.000000 0.907788 0.334939 0.334939 0.334939
4632.672852 0.000000 185.090485 0.000000 0.521032 0.000000 0.853537 0.321313 0.321313 0.321313
4635.062012 0.000000 185.282471 0.000000 0.367718 0.000000 0.929937 0.306442 0.306442 0.306442
4608.828125 0.000000 131.269592 0.000000 0.594198 0.000000 0.804319 0.329262 0.329262 0.329262
4679.543945 0.000000 176.165131 0.000000 0.330421 0.000000 0.943834 0.433363 0.433363 0.433363
4683.485840 0.000000 125.128555 0.000000 0.188853 0.000000 0.982005 0.411219 0.411219 0.411219
4680.576660 0.000000 145.527969 0.000000 0.575618 0.000000 0.817719 0.417731 0.417731 0.417731
4680.587402 0.000000 149.344086 0.000000 0.610732 0.000000 0.791837 0.431521 0.431521 0.431521
4682.119141 0.000000 131.855972 0.000000 0.326619 0.000000 0.945156 0.404100 0.404100 0.404100
4682.133301 0.000000 136.225021 0.000000 0.395929 0.000000 0.918281 0.406857 0.406857 0.406857
4624.282715 0.000000 264.413940 0.000000 0.044258 0.000000 0.999020 0.434565 0.434565 0.434565
4618.156738 0.000000 256.557678 0.000000 0.436811 0.000000 0.899553 0.443716 0.443716 0.443716
4616.132324 0.000000 207.190857 0.000000 0.590024 0.000000 0.807386 0.434164 0.434164 0.434164
4641.571777 0.000000 204.633743 0.000000 0.318406 0.000000 0.947954 0.437394 0.437394 0.437394
4670.038574 0.000000 287.721680 0.000000 0.184507 0.000000 0.982831 0.428213 0.428213 0.428213
4676.476562 0.000000 248.488312 0.000000 0.072800 0.000000 0.997347 0.409612 0.409612 0.409612
4625.741211 0.000000 196.514587 0.000000 0.288507 0.000000 0.957478 0.388256 0.388256 0.388256
4661.687988 0.000000 235.441559 0.000000 0.293582 0.000000 0.955934 0.347044 0.347044 0.347044
4649.878906 0.000000 257.487335 0.000000 0.235094 0.000000 0.971973 0.415544 0.415544 0.415544
4670.582520 0.000000 256.013885 0.000000 0.517901 0.000000 0.855441 0.368129 0.368129 0.368129
4674.873047 0.000000 283.560547 0.000000 0.508718 0.000000 0.860933 0.404560 0.404560 0.404560
4607.643066 0.000000 285.843658 0.000000 0.267078 0.000000 0.963675 0.385717 0.385717 0.385717
4618.071289 0.000000 199.263626 0.000000 0.604051 0.000000 0.796946 0.418918 0.418918 0.418918
4651.289062 0.000000 255.300720 0.000000 0.240442 0.000000 0.970663 0.397783 0.397783 0.397783
4622.469727 0.000000 270.631836 0.000000 0.317374 0.000000 0.948300 0.400934 0.400934 0.400934
4655.456055 0.000000 244.214600 0.000000 0.549967 0.000000 0.835186 0.403359 0.403359 0.403359
4645.463867 0.000000 192.002350 0.000000 0.343951 0.000000 0.938987 0.376007 0.376007 0.376007
4660.865723 0.000000 237.767456 0.000000 0.031571 0.000000 0.999502 0.327225 0.327225 0.327225
4670.819336 0.000000 266.976501 0.000000 0.446357 0.000000 0.894855 0.396469 0.396469 0.396469
4675.303223 0.000000 258.572754 0.000000 0.421170 0.000000 0.906982 0.354277 0.354277 0.354277
4665.364746 0.000000 244.032150 0.000000 0.356349 0.000000 0.934353 0.353769 0.353769 0.353769
4665.725586 0.000000 249.333893 0.000000 0.379135 0.000000 0.925341 0.347756 0.347756 0.347756
4678.678223 0.000000 254.622681 0.000000 0.515503 0.000000 0.856888 0.394500 0.394500 0.394500
4660.032227 0.000000 242.805710 0.000000 0.535258 0.000000 0.844689 0.366367 0.366367 0.366367
4621.369629 0.000000 274.906403 0.000000 0.619099 0.000000 0.785313 0.394192 0.394192 0.394192
4668.293457 0.000000 246.636276 0.000000 0.076451 0.000000 0.997073 0.359348 0.359348 0.359348
4670.124512 0.000000 271.279724 0.000000 0.530092 0.000000 0.847940 0.399971 0.399971 0.399971
4669.227539 0.000000 261.680206 0.000000 0.326761 0.000000 0.945107 0.367946 0.367946 0.367946
4660.492188 0.000000 284.284607 0.000000 0.041138 0.000000 0.999153 0.374387 0.374387 0.374387
4614.557129 0.000000 276.949005 0.000000 0.357652 0.000000 0.933855 0.352526 0.352526 0.352526
4662.229492 0.000000 258.746368 0.000000 0.130295 0.000000 0.991475 0.348072 0.348072 0.348072
4656.977051 0.000000 200.788391 0.000000 0.078099 0.000000 0.996946 0.367833 0.367833 0.367833
4667.725098 0.000000 258.979034 0.000000 0.362814 0.000000 0.931862 0.361059 0.361059 0.361059
4624.973145 0.000000 284.550903 0.000000 0.078711 0.000000 0.996897 0.341048 0.341048 0.341048
4667.425293 0.000000 252.262878 0.000000 0.486472 0.000000 0.873696 0.366424 0.366424 0.366424
4663.677734 0.000000 253.218124 0.000000 0.360116 0.000000 0.932908 0.352740 0.352740 0.352740
4667.531738 0.000000 254.788986 0.000000 0.318178 0.000000 0.948031 0.350534 0.350534 0.350534
4661.672852 0.000000 256.122437 0.000000 0.533950 0.000000 0.845516 0.370766 0.370766 0.370766
4621.107910 0.000000 285.145813 0.000000 0.489983 0.000000 0.871732 0.359604 0.359604 0.359604
4650.289551 0.000000 199.940460 0.000000 0.218205 0.000000 0.975903 0.342252 0.342252 0.342252
4678.092285 0.000000 269.458527 0.000000 0.165348 0.000000 0.986235 0.334799 0.334799 0.334799
4653.206543 0.000000 194.304962 0.000000 0.456353 0.000000 0.889799 0.360041 0.360041 0.360041
4669.269531 0.000000 257.526642 0.000000 0.309899 0.000000 0.950770 0.337142 0.337142 0.337142
4648.539062 0.000000 194.280197 0.000000 0.145359 0.000000 0.989379 0.342745 0.342745 0.342745
4663.365723 0.000000 255.183624 0.000000 0.172419 0.000000 0.985024 0.325968 0.325968 0.325968
4678.551270 0.000000 261.581116 0.000000 0.428350 0.000000 0.903613 0.356213 0.356213 0.356213
4671.450684 0.000000 254.336899 0.000000 0.461760 0.000000 0.887005 0.370344 0.370344 0.370344
4661.359375 0.000000 224.986023 0.000000 0.641998 0.000000 0.766706 0.380310 0.380310 0.380310
4609.607910 0.000000 201.200256 0.000000 0.174320 0.000000 0.984689 0.348089 0.348089 0.348089
4671.061523 0.000000 257.922974 0.000000 0.196976 0.000000 0.980408 0.340521 0.340521 0.340521
4607.532227 0.000000 262.882172 0.000000 0.611442 0.000000 0.791289 0.380258 0.380258 0.380258
4672.498535 0.000000 256.102783 0.000000 0.438072 0.000000 0.898940 0.360875 0.360875 0.360875
4691.401855 0.000000 276.191620 0.000000 0.585288 0.000000 0.810825 0.395823 0.395823 0.395823
4699.470215 0.000000 272.642029 0.000000 0.507941 0.000000 0.861392 0.445335 0.445335 0.445335
4697.543945 0.000000 278.355347 0.000000 0.119269 0.000000 0.992862 0.422283 0.422283 0.422283
4688.920898 0.000000 284.875183 0.000000 0.239922 0.000000 0.970792 0.396270 0.396270 0.396270
4685.164062 0.000000 262.373779 0.000000 0.310410 0.000000 0.950603 0.386545 0.386545 0.386545
4685.471191 0.000000 273.714630 0.000000 0.299036 0.000000 0.954242 0.348929 0.348929 0.348929
4683.935059 0.000000 271.346802 0.000000 0.486481 0.000000 0.873691 0.365231 0.365231 0.365231
4681.001953 0.000000 263.940430 0.000000 0.192402 0.000000 0.981316 0.346338 0.346338 0.346338
4682.627441 0.000000 279.260864 0.000000 0.640729 0.000000 0.767767 0.381161 0.381161 0.381161
4689.307617 0.000000 276.359161 0.000000 0.348780 0.000000 0.937205 0.365404 0.365404 0.365404
4638.011719 0.000000 288.263458 0.000000 0.146109 0.000000 0.989268 0.445200 0.445200 0.445200
4626.726074 0.000000 319.480103 0.000000 0.164267 0.000000 0.986416 0.431048 0.431048 0.431048
4657.128906 0.000000 305.443390 0.000000 0.099477 0.000000 0.995040 0.331001 0.331001 0.331001
4667.287598 0.000000 307.375580 0.000000 0.525911 0.000000 0.850539 0.419151 0.419151 0.419151
4626.999023 0.000000 313.997284 0.000000 0.345367 0.000000 0.938468 0.407575 0.407575 0.407575
4642.479004 0.000000 314.025940 0.000000 0.001657 0.000000 0.999999 0.368909 0.368909 0.368909
4659.375977 0.000000 303.407959 0.000000 0.502586 0.000000 0.864527 0.365536 0.365536 0.365536
4651.195801 0.000000 315.476471 0.000000 0.582221 0.000000 0.813031 0.403073 0.403073 0.403073
4663.731445 0.000000 300.625031 0.000000 0.152583 0.000000 0.988291 0.371962 0.371962 0.371962
4658.654297 0.000000 307.487488 0.000000 0.063124 0.000000 0.998006 0.329744 0.329744 0.329744
4649.024414 0.000000 311.392944 0.000000 0.152519 0.000000 0.988301 0.351253 0.351253 0.351253
4624.599121 0.000000 309.388153 0.000000 0.364827 0.000000 0.931075 0.397539 0.397539 0.397539
4650.532227 0.000000 303.392914 0.000000 0.391026 0.000000 0.920380 0.379078 0.379078 0.379078
4627.590820 0.000000 301.771088 0.000000 0.145287 0.000000 0.989390 0.331533 0.331533 0.331533
4663.287109 0.000000 305.775299 0.000000 0.035018 0.000000 0.999387 0.367183 0.367183 0.367183
4638.131348 0.000000 315.073853 0.000000 0.077371 0.000000 0.997002 0.352694 0.352694 0.352694
4655.047852 0.000000 306.295776 0.000000 0.570777 0.000000 0.821105 0.374241 0.374241 0.374241
4652.338379 0.000000 296.648041 0.000000 0.276202 0.000000 0.961100 0.365881 0.365881 0.365881
4629.009277 0.000000 293.919189 0.000000 0.291515 0.000000 0.956566 0.365490 0.365490 0.365490
4626.990234 0.000000 305.571747 0.000000 0.401965 0.000000 0.915655 0.370701 0.370701 0.370701
4656.010254 0.000000 292.725281 0.000000 0.387222 0.000000 0.921986 0.345878 0.345878 0.345878
4624.824707 0.000000 294.227875 0.000000 0.488383 0.000000 0.872629 0.359447 0.359447 0.359447
4646.951660 0.000000 306.399658 0.000000 0.535122 0.000000 0.844775 0.359572 0.359572 0.359572
4695.436035 0.000000 289.410431 0.000000 0.610808 0.000000 0.791778 0.447947 0.447947 0.447947
4878.241699 0.000000 424.011047 0.000000 0.632032 0.000000 0.774942 0.431075 0.431075 0.431075
4876.842285 0.000000 429.736206 0.000000 0.163274 0.000000 0.986581 0.388362 0.388362 0.388362
4885.106934 0.000000 432.948792 0.000000 0.579355 0.000000 0.815075 0.239114 0.239114 0.239114
4878.143066 0.000000 429.956818 0.000000 0.621403 0.000000 0.783491 0.222435 0.222435 0.222435
4880.207520 0.000000 433.353394 0.000000 0.017936 0.000000 0.999839 0.005139 0.005139 0.005139
4881.254395 0.000000 432.094818 0.000000 0.411561 0.000000 0.911382 0.121515 0.121515 0.121515
4883.848145 0.000000 430.455475 0.000000 0.105486 0.000000 0.994421 0.030276 0.030276 0.030276
4884.102539 0.000000 432.579285 0.000000 0.159411 0.000000 0.987212 0.137785 0.137785 0.137785
4881.126953 0.000000 428.608551 0.000000 0.082357 0.000000 0.996603 0.023620 0.023620 0.023620
4882.229980 0.000000 426.980225 0.000000 0.466391 0.000000 0.884579 0.139001 0.139001 0.139001
"}
object={
	name="tree_swamp_02_generator_1_1"
	render_pass=Map
	clamp_to_water_level=no
	generated_content=yes
	layer="tree_high_layer"
	pdxmesh="tree_swamp_02_b_mesh"
	count=924
	transform="4403.433105 0.000000 180.207245 0.000000 0.854101 0.000000 0.520107 0.446927 0.446927 0.446927
4438.650391 0.000000 179.727417 0.000000 0.909162 0.000000 0.416443 0.447587 0.447587 0.447587
4435.703125 0.000000 102.425255 0.000000 0.710985 0.000000 0.703207 0.445619 0.445619 0.445619
4452.709473 0.000000 111.974792 0.000000 0.864908 0.000000 0.501930 0.423417 0.423417 0.423417
4419.474609 0.000000 180.197845 0.000000 0.922728 0.000000 0.385451 0.431774 0.431774 0.431774
4427.887207 0.000000 155.789474 0.000000 0.839976 0.000000 0.542624 0.390074 0.390074 0.390074
4443.154297 0.000000 104.495346 0.000000 0.848115 0.000000 0.529812 0.434317 0.434317 0.434317
4444.697754 0.000000 96.225983 0.000000 0.910746 0.000000 0.412967 0.443783 0.443783 0.443783
4440.206543 0.000000 175.837646 0.000000 0.824238 0.000000 0.566243 0.441209 0.441209 0.441209
4421.690918 0.000000 117.134224 0.000000 0.920396 0.000000 0.390988 0.399906 0.399906 0.399906
4460.645508 0.000000 96.027962 0.000000 0.741495 0.000000 0.670959 0.418601 0.418601 0.418601
4426.711426 0.000000 126.815773 0.000000 0.763001 0.000000 0.646397 0.377355 0.377355 0.377355
4428.384766 0.000000 147.385529 0.000000 0.759258 0.000000 0.650790 0.383127 0.383127 0.383127
4435.723145 0.000000 164.363556 0.000000 0.868752 0.000000 0.495247 0.416821 0.416821 0.416821
4411.022461 0.000000 122.028519 0.000000 0.879028 0.000000 0.476770 0.414825 0.414825 0.414825
4432.631348 0.000000 109.861099 0.000000 0.904380 0.000000 0.426727 0.439103 0.439103 0.439103
4422.390137 0.000000 144.024323 0.000000 0.885018 0.000000 0.465557 0.393419 0.393419 0.393419
4462.000977 0.000000 119.646942 0.000000 0.777260 0.000000 0.629180 0.424771 0.424771 0.424771
4409.038574 0.000000 185.698090 0.000000 0.877335 0.000000 0.479878 0.436505 0.436505 0.436505
4458.250977 0.000000 145.534256 0.000000 0.768782 0.000000 0.639511 0.418819 0.418819 0.418819
4451.564453 0.000000 175.402084 0.000000 0.890535 0.000000 0.454915 0.426124 0.426124 0.426124
4423.133789 0.000000 165.886200 0.000000 0.929150 0.000000 0.369704 0.411711 0.411711 0.411711
4418.384766 0.000000 133.648560 0.000000 0.723905 0.000000 0.689900 0.365322 0.365322 0.365322
4415.301758 0.000000 151.575348 0.000000 0.730702 0.000000 0.682697 0.393438 0.393438 0.393438
4417.292969 0.000000 156.213608 0.000000 0.752474 0.000000 0.658622 0.384573 0.384573 0.384573
4455.867676 0.000000 119.326614 0.000000 0.743915 0.000000 0.668275 0.408888 0.408888 0.408888
4425.333496 0.000000 157.038055 0.000000 0.898138 0.000000 0.439715 0.399363 0.399363 0.399363
4431.826172 0.000000 181.579041 0.000000 0.665381 0.000000 0.746504 0.419701 0.419701 0.419701
4411.238770 0.000000 173.140656 0.000000 0.784332 0.000000 0.620342 0.424439 0.424439 0.424439
4418.098633 0.000000 129.191696 0.000000 0.816908 0.000000 0.576768 0.381625 0.381625 0.381625
4420.613281 0.000000 114.667885 0.000000 0.732496 0.000000 0.680772 0.367557 0.367557 0.367557
4424.028809 0.000000 121.605896 0.000000 0.786205 0.000000 0.617966 0.368426 0.368426 0.368426
4461.261230 0.000000 150.133163 0.000000 0.666776 0.000000 0.745259 0.410321 0.410321 0.410321
4435.793457 0.000000 117.862747 0.000000 0.725257 0.000000 0.688478 0.405637 0.405637 0.405637
4414.145996 0.000000 186.789398 0.000000 0.758817 0.000000 0.651304 0.418125 0.418125 0.418125
4454.644043 0.000000 124.416214 0.000000 0.713157 0.000000 0.701005 0.378439 0.378439 0.378439
4432.990234 0.000000 144.069748 0.000000 0.783913 0.000000 0.620870 0.400332 0.400332 0.400332
4441.921387 0.000000 161.135559 0.000000 0.920625 0.000000 0.390447 0.424764 0.424764 0.424764
4426.902344 0.000000 189.162018 0.000000 0.697228 0.000000 0.716849 0.413184 0.413184 0.413184
4454.823730 0.000000 141.373398 0.000000 0.690475 0.000000 0.723356 0.406393 0.406393 0.406393
4453.250977 0.000000 165.695816 0.000000 0.730569 0.000000 0.682839 0.414534 0.414534 0.414534
4426.829590 0.000000 161.903885 0.000000 0.833653 0.000000 0.552289 0.388868 0.388868 0.388868
4417.452148 0.000000 167.435150 0.000000 0.880478 0.000000 0.474087 0.407828 0.407828 0.407828
4427.423340 0.000000 139.003479 0.000000 0.910267 0.000000 0.414021 0.415951 0.415951 0.415951
4432.539551 0.000000 156.454483 0.000000 0.933672 0.000000 0.358130 0.412967 0.412967 0.412967
4416.171875 0.000000 138.357254 0.000000 0.697775 0.000000 0.716317 0.371057 0.371057 0.371057
4420.420898 0.000000 118.898430 0.000000 0.671635 0.000000 0.740882 0.338451 0.338451 0.338451
4421.783691 0.000000 129.679947 0.000000 0.677132 0.000000 0.735862 0.352453 0.352453 0.352453
4423.625488 0.000000 116.263397 0.000000 0.691190 0.000000 0.722673 0.350190 0.350190 0.350190
4439.644043 0.000000 157.433548 0.000000 0.898095 0.000000 0.439802 0.412654 0.412654 0.412654
4412.820801 0.000000 156.375259 0.000000 0.779432 0.000000 0.626486 0.412730 0.412730 0.412730
4432.513672 0.000000 136.217377 0.000000 0.701654 0.000000 0.712518 0.395650 0.395650 0.395650
4425.771973 0.000000 131.213409 0.000000 0.755657 0.000000 0.654968 0.372979 0.372979 0.372979
4419.446289 0.000000 163.447632 0.000000 0.876369 0.000000 0.481640 0.402577 0.402577 0.402577
4418.261230 0.000000 171.761292 0.000000 0.907872 0.000000 0.419247 0.416465 0.416465 0.416465
4416.006836 0.000000 111.373116 0.000000 0.926499 0.000000 0.376296 0.423561 0.423561 0.423561
4424.076172 0.000000 168.014893 0.000000 0.893497 0.000000 0.449070 0.412328 0.412328 0.412328
4415.201172 0.000000 135.857574 0.000000 0.834902 0.000000 0.550399 0.403510 0.403510 0.403510
4425.787598 0.000000 135.384857 0.000000 0.892179 0.000000 0.451682 0.404721 0.404721 0.404721
4427.992676 0.000000 169.568207 0.000000 0.878181 0.000000 0.478328 0.413579 0.413579 0.413579
4428.233398 0.000000 149.236542 0.000000 0.740194 0.000000 0.672393 0.380408 0.380408 0.380408
4421.444336 0.000000 166.920624 0.000000 0.862629 0.000000 0.505837 0.401738 0.401738 0.401738
4418.229492 0.000000 131.839935 0.000000 0.836302 0.000000 0.548269 0.384807 0.384807 0.384807
4418.383789 0.000000 165.728973 0.000000 0.856101 0.000000 0.516809 0.401797 0.401797 0.401797
4422.093750 0.000000 115.500160 0.000000 0.774631 0.000000 0.632413 0.376927 0.376927 0.376927
4452.662109 0.000000 131.602600 0.000000 0.710712 0.000000 0.703483 0.359709 0.359709 0.359709
4425.682617 0.000000 123.469467 0.000000 0.882197 0.000000 0.470881 0.388860 0.388860 0.388860
4449.979980 0.000000 129.846588 0.000000 0.911824 0.000000 0.410581 0.397715 0.397715 0.397715
4419.662598 0.000000 129.254120 0.000000 0.877348 0.000000 0.479855 0.394335 0.394335 0.394335
4424.734375 0.000000 158.472351 0.000000 0.915794 0.000000 0.401647 0.404031 0.404031 0.404031
4462.879883 0.000000 190.018890 0.000000 0.713044 0.000000 0.701120 0.363585 0.363585 0.363585
4418.654297 0.000000 155.481018 0.000000 0.710862 0.000000 0.703332 0.364992 0.364992 0.364992
4445.747070 0.000000 132.721344 0.000000 0.688968 0.000000 0.724791 0.360740 0.360740 0.360740
4420.799316 0.000000 143.676727 0.000000 0.807189 0.000000 0.590293 0.372679 0.372679 0.372679
4418.815918 0.000000 118.236839 0.000000 0.829125 0.000000 0.559063 0.371354 0.371354 0.371354
4480.298340 0.000000 72.445160 0.000000 0.878175 0.000000 0.478339 0.449440 0.449440 0.449440
4508.973633 0.000000 77.193756 0.000000 0.811076 0.000000 0.584941 0.419115 0.419115 0.419115
4473.043945 0.000000 89.664780 0.000000 0.902856 0.000000 0.429942 0.436519 0.436519 0.436519
4520.936523 0.000000 76.296593 0.000000 0.903597 0.000000 0.428383 0.434582 0.434582 0.434582
4480.590820 0.000000 77.000244 0.000000 0.667456 0.000000 0.744649 0.438676 0.438676 0.438676
4512.266602 0.000000 66.856651 0.000000 0.808794 0.000000 0.588092 0.436580 0.436580 0.436580
4481.533691 0.000000 94.675102 0.000000 0.881784 0.000000 0.471653 0.423514 0.423514 0.423514
4514.911133 0.000000 81.679779 0.000000 0.894112 0.000000 0.447844 0.425481 0.425481 0.425481
4534.250488 0.000000 90.320129 0.000000 0.740227 0.000000 0.672358 0.401952 0.401952 0.401952
4500.182129 0.000000 80.829536 0.000000 0.885126 0.000000 0.465352 0.429880 0.429880 0.429880
4517.663086 0.000000 75.855057 0.000000 0.758511 0.000000 0.651661 0.417307 0.417307 0.417307
4472.944336 0.000000 92.906433 0.000000 0.841226 0.000000 0.540684 0.426896 0.426896 0.426896
4500.064941 0.000000 83.756790 0.000000 0.808725 0.000000 0.588187 0.419623 0.419623 0.419623
4517.866699 0.000000 81.257225 0.000000 0.856735 0.000000 0.515757 0.425040 0.425040 0.425040
4505.220703 0.000000 75.491409 0.000000 0.821813 0.000000 0.569757 0.427526 0.427526 0.427526
4488.688477 0.000000 83.210716 0.000000 0.734826 0.000000 0.678256 0.418179 0.418179 0.418179
4494.143555 0.000000 87.608276 0.000000 0.749607 0.000000 0.661883 0.413432 0.413432 0.413432
4485.849609 0.000000 86.571808 0.000000 0.918370 0.000000 0.395722 0.428974 0.428974 0.428974
4558.162598 0.000000 95.956352 0.000000 0.869780 0.000000 0.493440 0.445362 0.445362 0.445362
4538.643066 0.000000 87.292099 0.000000 0.730424 0.000000 0.682994 0.395097 0.395097 0.395097
4542.985352 0.000000 93.534096 0.000000 0.855342 0.000000 0.518063 0.409620 0.409620 0.409620
4541.466797 0.000000 90.114174 0.000000 0.697813 0.000000 0.716280 0.385414 0.385414 0.385414
4482.196777 0.000000 111.830589 0.000000 0.894458 0.000000 0.447153 0.448958 0.448958 0.448958
4491.637207 0.000000 173.978424 0.000000 0.818394 0.000000 0.574657 0.445873 0.445873 0.445873
4513.100586 0.000000 108.984879 0.000000 0.796641 0.000000 0.604452 0.444896 0.444896 0.444896
4463.585449 0.000000 134.608734 0.000000 0.713986 0.000000 0.700160 0.408174 0.408174 0.408174
4472.511719 0.000000 98.919922 0.000000 0.695696 0.000000 0.718337 0.409485 0.409485 0.409485
4494.999512 0.000000 150.958908 0.000000 0.806895 0.000000 0.590695 0.413794 0.413794 0.413794
4515.146484 0.000000 104.495346 0.000000 0.893315 0.000000 0.449431 0.443716 0.443716 0.443716
4469.167480 0.000000 108.059158 0.000000 0.870459 0.000000 0.492240 0.436123 0.436123 0.436123
4516.736816 0.000000 114.039185 0.000000 0.693838 0.000000 0.720131 0.418387 0.418387 0.418387
4514.053223 0.000000 125.068283 0.000000 0.712006 0.000000 0.702174 0.428136 0.428136 0.428136
4489.705566 0.000000 162.318726 0.000000 0.734379 0.000000 0.678740 0.402226 0.402226 0.402226
4494.126953 0.000000 153.576691 0.000000 0.914553 0.000000 0.404467 0.421464 0.421464 0.421464
4490.042969 0.000000 147.496765 0.000000 0.792368 0.000000 0.610044 0.421253 0.421253 0.421253
4526.210938 0.000000 115.858116 0.000000 0.904425 0.000000 0.426632 0.410881 0.410881 0.410881
4481.485840 0.000000 165.045517 0.000000 0.745095 0.000000 0.666958 0.394223 0.394223 0.394223
4531.039551 0.000000 166.908432 0.000000 0.874819 0.000000 0.484450 0.425001 0.425001 0.425001
4520.260742 0.000000 140.054047 0.000000 0.919986 0.000000 0.391951 0.412897 0.412897 0.412897
4520.566406 0.000000 130.885773 0.000000 0.921054 0.000000 0.389436 0.425732 0.425732 0.425732
4523.181641 0.000000 135.819275 0.000000 0.930516 0.000000 0.366252 0.424724 0.424724 0.424724
4484.778320 0.000000 168.620163 0.000000 0.826763 0.000000 0.562551 0.423151 0.423151 0.423151
4486.172363 0.000000 164.358887 0.000000 0.770342 0.000000 0.637630 0.408831 0.408831 0.408831
4472.006348 0.000000 150.217621 0.000000 0.865769 0.000000 0.500445 0.426448 0.426448 0.426448
4468.740723 0.000000 101.997902 0.000000 0.885675 0.000000 0.464306 0.426132 0.426132 0.426132
4463.725098 0.000000 132.123093 0.000000 0.700527 0.000000 0.713626 0.404469 0.404469 0.404469
4521.380371 0.000000 148.047760 0.000000 0.680023 0.000000 0.733191 0.358465 0.358465 0.358465
4516.047852 0.000000 146.821335 0.000000 0.702070 0.000000 0.712108 0.362748 0.362748 0.362748
4465.719727 0.000000 126.672966 0.000000 0.786702 0.000000 0.617333 0.414868 0.414868 0.414868
4498.821777 0.000000 161.903885 0.000000 0.740692 0.000000 0.671845 0.398686 0.398686 0.398686
4474.816895 0.000000 153.422272 0.000000 0.687289 0.000000 0.726385 0.408896 0.408896 0.408896
4527.772949 0.000000 104.640205 0.000000 0.668060 0.000000 0.744107 0.396261 0.396261 0.396261
4478.949219 0.000000 155.258743 0.000000 0.845845 0.000000 0.533429 0.415234 0.415234 0.415234
4464.276855 0.000000 159.204620 0.000000 0.897092 0.000000 0.441844 0.423264 0.423264 0.423264
4476.818848 0.000000 176.080917 0.000000 0.817110 0.000000 0.576482 0.406513 0.406513 0.406513
4533.716797 0.000000 147.692062 0.000000 0.915312 0.000000 0.402745 0.420196 0.420196 0.420196
4524.206055 0.000000 106.358711 0.000000 0.795918 0.000000 0.605405 0.403975 0.403975 0.403975
4523.740723 0.000000 162.994644 0.000000 0.776088 0.000000 0.630624 0.405538 0.405538 0.405538
4509.433594 0.000000 149.349091 0.000000 0.879006 0.000000 0.476811 0.405330 0.405330 0.405330
4531.957031 0.000000 130.574524 0.000000 0.898636 0.000000 0.438696 0.386734 0.386734 0.386734
4527.783691 0.000000 164.527740 0.000000 0.670883 0.000000 0.741563 0.398381 0.398381 0.398381
4534.038574 0.000000 125.413368 0.000000 0.920975 0.000000 0.389621 0.385254 0.385254 0.385254
4508.821289 0.000000 156.187988 0.000000 0.692432 0.000000 0.721483 0.373038 0.373038 0.373038
4523.888184 0.000000 143.608063 0.000000 0.765730 0.000000 0.643162 0.379362 0.379362 0.379362
4517.995605 0.000000 147.403412 0.000000 0.912758 0.000000 0.408502 0.403670 0.403670 0.403670
4470.656250 0.000000 162.522369 0.000000 0.913251 0.000000 0.407398 0.416530 0.416530 0.416530
4473.589844 0.000000 165.443359 0.000000 0.884648 0.000000 0.466259 0.407495 0.407495 0.407495
4519.381348 0.000000 159.199234 0.000000 0.913256 0.000000 0.407386 0.409932 0.409932 0.409932
4534.566895 0.000000 165.596741 0.000000 0.751638 0.000000 0.659576 0.399022 0.399022 0.399022
4478.538574 0.000000 161.701416 0.000000 0.847363 0.000000 0.531014 0.407235 0.407235 0.407235
4527.227539 0.000000 117.576241 0.000000 0.725254 0.000000 0.688482 0.380043 0.380043 0.380043
4485.851562 0.000000 149.417236 0.000000 0.775301 0.000000 0.631592 0.400848 0.400848 0.400848
4524.941406 0.000000 129.742035 0.000000 0.741023 0.000000 0.671480 0.381352 0.381352 0.381352
4470.879395 0.000000 167.400467 0.000000 0.696578 0.000000 0.717481 0.381679 0.381679 0.381679
4512.494629 0.000000 155.508240 0.000000 0.798810 0.000000 0.601583 0.378934 0.378934 0.378934
4534.601562 0.000000 161.143509 0.000000 0.902051 0.000000 0.431630 0.410390 0.410390 0.410390
4466.234863 0.000000 185.939117 0.000000 0.752933 0.000000 0.658098 0.371725 0.371725 0.371725
4526.611816 0.000000 137.214996 0.000000 0.724132 0.000000 0.689661 0.379893 0.379893 0.379893
4534.737793 0.000000 128.428375 0.000000 0.764325 0.000000 0.644832 0.346074 0.346074 0.346074
4529.412598 0.000000 127.816429 0.000000 0.762661 0.000000 0.646798 0.359126 0.359126 0.359126
4521.057617 0.000000 141.646576 0.000000 0.767273 0.000000 0.641321 0.385862 0.385862 0.385862
4485.386719 0.000000 154.738251 0.000000 0.768517 0.000000 0.639829 0.388381 0.388381 0.388381
4524.815430 0.000000 159.912338 0.000000 0.811714 0.000000 0.584055 0.394644 0.394644 0.394644
4510.670898 0.000000 150.518524 0.000000 0.829154 0.000000 0.559020 0.392020 0.392020 0.392020
4467.926270 0.000000 186.786652 0.000000 0.700484 0.000000 0.713668 0.364289 0.364289 0.364289
4514.298828 0.000000 154.500214 0.000000 0.893476 0.000000 0.449112 0.398196 0.398196 0.398196
4546.164551 0.000000 160.573303 0.000000 0.869789 0.000000 0.493424 0.439565 0.439565 0.439565
4553.559570 0.000000 182.370941 0.000000 0.821226 0.000000 0.570603 0.439767 0.439767 0.439767
4575.894531 0.000000 134.047409 0.000000 0.825814 0.000000 0.563943 0.439230 0.439230 0.439230
4559.099609 0.000000 154.442184 0.000000 0.913297 0.000000 0.407294 0.441988 0.441988 0.441988
4569.355469 0.000000 179.112671 0.000000 0.854882 0.000000 0.518822 0.434680 0.434680 0.434680
4593.804688 0.000000 133.537323 0.000000 0.816524 0.000000 0.577312 0.434098 0.434098 0.434098
4592.750000 0.000000 176.560822 0.000000 0.690711 0.000000 0.723131 0.438195 0.438195 0.438195
4565.675293 0.000000 117.134224 0.000000 0.878708 0.000000 0.477359 0.438818 0.438818 0.438818
4597.315430 0.000000 127.888977 0.000000 0.909461 0.000000 0.415790 0.428803 0.428803 0.428803
4564.152344 0.000000 165.604111 0.000000 0.666702 0.000000 0.745325 0.430158 0.430158 0.430158
4573.920410 0.000000 127.030426 0.000000 0.704373 0.000000 0.709830 0.426059 0.426059 0.426059
4572.750977 0.000000 133.795685 0.000000 0.928271 0.000000 0.371905 0.436729 0.436729 0.436729
4577.847168 0.000000 179.897217 0.000000 0.846183 0.000000 0.532892 0.435478 0.435478 0.435478
4544.117188 0.000000 117.397583 0.000000 0.763518 0.000000 0.645787 0.413719 0.413719 0.413719
4588.873535 0.000000 141.783081 0.000000 0.691083 0.000000 0.722776 0.413699 0.413699 0.413699
4535.533691 0.000000 154.574600 0.000000 0.845192 0.000000 0.534462 0.415792 0.415792 0.415792
4548.359863 0.000000 107.260490 0.000000 0.713820 0.000000 0.700330 0.386371 0.386371 0.386371
4569.838867 0.000000 129.084122 0.000000 0.702760 0.000000 0.711427 0.400203 0.400203 0.400203
4537.608398 0.000000 155.708862 0.000000 0.896287 0.000000 0.443474 0.421609 0.421609 0.421609
4539.902832 0.000000 152.651962 0.000000 0.905036 0.000000 0.425334 0.419893 0.419893 0.419893
4541.441406 0.000000 116.731522 0.000000 0.913316 0.000000 0.407251 0.422669 0.422669 0.422669
4546.327148 0.000000 111.400993 0.000000 0.836126 0.000000 0.548538 0.406297 0.406297 0.406297
4574.067871 0.000000 160.322052 0.000000 0.899012 0.000000 0.437924 0.412316 0.412316 0.412316
4556.852539 0.000000 133.684387 0.000000 0.843087 0.000000 0.537777 0.399607 0.399607 0.399607
4559.185547 0.000000 135.857574 0.000000 0.835205 0.000000 0.549939 0.389816 0.389816 0.389816
4544.746582 0.000000 104.670250 0.000000 0.839882 0.000000 0.542768 0.410682 0.410682 0.410682
4556.598633 0.000000 139.434082 0.000000 0.695008 0.000000 0.719002 0.383295 0.383295 0.383295
4572.200195 0.000000 160.683350 0.000000 0.804694 0.000000 0.593690 0.398585 0.398585 0.398585
4562.213867 0.000000 131.839935 0.000000 0.922959 0.000000 0.384898 0.406945 0.406945 0.406945
4603.873535 0.000000 136.937653 0.000000 0.803583 0.000000 0.595192 0.387690 0.387690 0.387690
4537.740723 0.000000 130.100479 0.000000 0.692029 0.000000 0.721870 0.357582 0.357582 0.357582
4601.404785 0.000000 127.816429 0.000000 0.895216 0.000000 0.445633 0.407450 0.407450 0.407450
4562.722168 0.000000 127.530319 0.000000 0.733618 0.000000 0.679562 0.380330 0.380330 0.380330
4537.866699 0.000000 128.187469 0.000000 0.680661 0.000000 0.732598 0.338242 0.338242 0.338242
4414.178223 0.000000 287.925110 0.000000 0.888102 0.000000 0.459646 0.439805 0.439805 0.439805
4420.285156 0.000000 197.970749 0.000000 0.840793 0.000000 0.541357 0.422365 0.422365 0.422365
4441.773926 0.000000 241.444595 0.000000 0.793222 0.000000 0.608933 0.441909 0.441909 0.441909
4408.598633 0.000000 268.968994 0.000000 0.837915 0.000000 0.545801 0.436379 0.436379 0.436379
4417.485352 0.000000 200.780533 0.000000 0.707896 0.000000 0.706316 0.417399 0.417399 0.417399
4437.178711 0.000000 221.658646 0.000000 0.677232 0.000000 0.735770 0.378477 0.378477 0.378477
4410.556152 0.000000 203.622253 0.000000 0.778399 0.000000 0.627770 0.437038 0.437038 0.437038
4453.331055 0.000000 223.873352 0.000000 0.810245 0.000000 0.586091 0.437336 0.437336 0.437336
4417.892090 0.000000 235.731537 0.000000 0.727001 0.000000 0.686636 0.428743 0.428743 0.428743
4434.518555 0.000000 201.983887 0.000000 0.933298 0.000000 0.359102 0.433907 0.433907 0.433907
4417.257324 0.000000 205.612640 0.000000 0.896481 0.000000 0.443082 0.431950 0.431950 0.431950
4433.967773 0.000000 195.556122 0.000000 0.872731 0.000000 0.488201 0.424789 0.424789 0.424789
4428.766602 0.000000 229.780060 0.000000 0.872721 0.000000 0.488219 0.385250 0.385250 0.385250
4420.095703 0.000000 233.321609 0.000000 0.836684 0.000000 0.547687 0.410280 0.410280 0.410280
4430.721680 0.000000 194.618912 0.000000 0.745464 0.000000 0.666546 0.416395 0.416395 0.416395
4434.581543 0.000000 228.016769 0.000000 0.900072 0.000000 0.435741 0.416570 0.416570 0.416570
4430.547852 0.000000 239.427979 0.000000 0.818249 0.000000 0.574864 0.402525 0.402525 0.402525
4418.114746 0.000000 286.742859 0.000000 0.929683 0.000000 0.368361 0.432624 0.432624 0.432624
4427.862793 0.000000 196.955170 0.000000 0.869451 0.000000 0.494019 0.425039 0.425039 0.425039
4417.846680 0.000000 282.030640 0.000000 0.754054 0.000000 0.656812 0.426654 0.426654 0.426654
4420.412109 0.000000 200.830505 0.000000 0.809478 0.000000 0.587151 0.418275 0.418275 0.418275
4421.402832 0.000000 221.259796 0.000000 0.780808 0.000000 0.624771 0.402995 0.402995 0.402995
4434.752441 0.000000 235.857910 0.000000 0.881821 0.000000 0.471584 0.419656 0.419656 0.419656
4448.104492 0.000000 275.183899 0.000000 0.811010 0.000000 0.585032 0.419811 0.419811 0.419811
4415.133789 0.000000 199.830002 0.000000 0.823441 0.000000 0.567402 0.426954 0.426954 0.426954
4435.436035 0.000000 193.435165 0.000000 0.880176 0.000000 0.474647 0.428331 0.428331 0.428331
4424.028809 0.000000 217.590286 0.000000 0.879728 0.000000 0.475476 0.403796 0.403796 0.403796
4416.967773 0.000000 203.153168 0.000000 0.898259 0.000000 0.439466 0.431598 0.431598 0.431598
4435.793457 0.000000 213.847122 0.000000 0.766659 0.000000 0.642054 0.399089 0.399089 0.399089
4429.191406 0.000000 264.137726 0.000000 0.843417 0.000000 0.537260 0.416865 0.416865 0.416865
4436.802734 0.000000 202.802368 0.000000 0.676800 0.000000 0.736167 0.407242 0.407242 0.407242
4436.686035 0.000000 232.554520 0.000000 0.914220 0.000000 0.405218 0.429845 0.429845 0.429845
4431.392090 0.000000 220.724487 0.000000 0.751542 0.000000 0.659685 0.360164 0.360164 0.360164
4460.116699 0.000000 194.642105 0.000000 0.783923 0.000000 0.620858 0.373995 0.373995 0.373995
4429.519531 0.000000 209.564011 0.000000 0.905166 0.000000 0.425058 0.428791 0.428791 0.428791
4423.122559 0.000000 215.107605 0.000000 0.739758 0.000000 0.672873 0.396102 0.396102 0.396102
4427.299316 0.000000 210.051102 0.000000 0.759326 0.000000 0.650711 0.405425 0.405425 0.405425
4460.261230 0.000000 281.372223 0.000000 0.889186 0.000000 0.457546 0.425441 0.425441 0.425441
4433.195801 0.000000 286.859131 0.000000 0.873330 0.000000 0.487130 0.416847 0.416847 0.416847
4429.039062 0.000000 231.907135 0.000000 0.867178 0.000000 0.497999 0.387336 0.387336 0.387336
4426.929199 0.000000 220.656601 0.000000 0.906232 0.000000 0.422780 0.398508 0.398508 0.398508
4432.623535 0.000000 234.527573 0.000000 0.930808 0.000000 0.365508 0.420574 0.420574 0.420574
4416.293945 0.000000 266.889282 0.000000 0.891124 0.000000 0.453761 0.420898 0.420898 0.420898
4461.977539 0.000000 272.118256 0.000000 0.776591 0.000000 0.630006 0.409418 0.409418 0.409418
4440.208496 0.000000 203.116608 0.000000 0.852949 0.000000 0.521994 0.406194 0.406194 0.406194
4433.974609 0.000000 237.916885 0.000000 0.798794 0.000000 0.601605 0.405038 0.405038 0.405038
4456.910645 0.000000 279.174286 0.000000 0.846746 0.000000 0.531997 0.407146 0.407146 0.407146
4455.683105 0.000000 193.812073 0.000000 0.911385 0.000000 0.411555 0.413308 0.413308 0.413308
4421.942871 0.000000 227.694336 0.000000 0.675390 0.000000 0.737461 0.386646 0.386646 0.386646
4449.336914 0.000000 210.625778 0.000000 0.778943 0.000000 0.627095 0.398218 0.398218 0.398218
4442.236328 0.000000 198.776779 0.000000 0.812115 0.000000 0.583498 0.401704 0.401704 0.401704
4458.384277 0.000000 266.637695 0.000000 0.882281 0.000000 0.470723 0.413660 0.413660 0.413660
4453.651855 0.000000 194.347610 0.000000 0.885690 0.000000 0.464277 0.411488 0.411488 0.411488
4424.582031 0.000000 276.834381 0.000000 0.720458 0.000000 0.693499 0.382847 0.382847 0.382847
4427.038086 0.000000 253.871933 0.000000 0.840965 0.000000 0.541090 0.406323 0.406323 0.406323
4457.067871 0.000000 276.531616 0.000000 0.685099 0.000000 0.728450 0.381240 0.381240 0.381240
4427.017578 0.000000 261.509155 0.000000 0.759124 0.000000 0.650947 0.397442 0.397442 0.397442
4452.607910 0.000000 275.096375 0.000000 0.917935 0.000000 0.396730 0.420210 0.420210 0.420210
4443.031738 0.000000 209.235687 0.000000 0.785293 0.000000 0.619124 0.395247 0.395247 0.395247
4430.705078 0.000000 231.355972 0.000000 0.929521 0.000000 0.368768 0.410115 0.410115 0.410115
4427.453125 0.000000 231.063995 0.000000 0.901807 0.000000 0.432138 0.397287 0.397287 0.397287
4425.682617 0.000000 219.453842 0.000000 0.767990 0.000000 0.640461 0.381280 0.381280 0.381280
4460.973633 0.000000 193.448044 0.000000 0.745676 0.000000 0.666308 0.369712 0.369712 0.369712
4430.559082 0.000000 229.410538 0.000000 0.852561 0.000000 0.522628 0.388836 0.388836 0.388836
4417.791016 0.000000 289.734680 0.000000 0.905336 0.000000 0.424695 0.436202 0.436202 0.436202
4427.862793 0.000000 292.939575 0.000000 0.933352 0.000000 0.358962 0.431438 0.431438 0.431438
4465.205078 0.000000 283.381409 0.000000 0.726677 0.000000 0.686979 0.431282 0.431282 0.431282
4464.437012 0.000000 224.875778 0.000000 0.931975 0.000000 0.362522 0.446249 0.446249 0.446249
4501.056152 0.000000 219.877365 0.000000 0.810915 0.000000 0.585164 0.418399 0.418399 0.418399
4485.900879 0.000000 257.783325 0.000000 0.678775 0.000000 0.734346 0.438882 0.438882 0.438882
4512.266602 0.000000 258.825409 0.000000 0.735874 0.000000 0.677119 0.433287 0.433287 0.433287
4467.264160 0.000000 264.207520 0.000000 0.698269 0.000000 0.715836 0.424903 0.424903 0.424903
4464.539062 0.000000 275.082947 0.000000 0.836455 0.000000 0.548036 0.429148 0.429148 0.429148
4504.633301 0.000000 263.699341 0.000000 0.800613 0.000000 0.599182 0.421128 0.421128 0.421128
4495.951660 0.000000 257.579468 0.000000 0.768848 0.000000 0.639432 0.400118 0.400118 0.400118
4482.382812 0.000000 229.359161 0.000000 0.767945 0.000000 0.640515 0.418761 0.418761 0.418761
4512.072754 0.000000 235.209167 0.000000 0.745275 0.000000 0.666757 0.390964 0.390964 0.390964
4502.318848 0.000000 252.703339 0.000000 0.663503 0.000000 0.748174 0.374028 0.374028 0.374028
4523.181641 0.000000 231.803650 0.000000 0.811055 0.000000 0.584970 0.393842 0.393842 0.393842
4504.531738 0.000000 252.438873 0.000000 0.717454 0.000000 0.696606 0.388529 0.388529 0.388529
4497.764160 0.000000 227.197784 0.000000 0.833124 0.000000 0.553087 0.405886 0.405886 0.405886
4516.810547 0.000000 233.675903 0.000000 0.898604 0.000000 0.438760 0.416321 0.416321 0.416321
4500.122070 0.000000 224.281982 0.000000 0.878026 0.000000 0.478614 0.396735 0.396735 0.396735
4493.728027 0.000000 231.992493 0.000000 0.731673 0.000000 0.681655 0.387647 0.387647 0.387647
4494.006836 0.000000 256.509186 0.000000 0.757024 0.000000 0.653387 0.398803 0.398803 0.398803
4515.876465 0.000000 227.772461 0.000000 0.747512 0.000000 0.664249 0.388787 0.388787 0.388787
4512.538086 0.000000 226.298141 0.000000 0.725845 0.000000 0.687858 0.375861 0.375861 0.375861
4474.089844 0.000000 242.824326 0.000000 0.754361 0.000000 0.656460 0.391270 0.391270 0.391270
4510.048340 0.000000 237.493988 0.000000 0.907387 0.000000 0.420296 0.407603 0.407603 0.407603
4475.278320 0.000000 232.068085 0.000000 0.833930 0.000000 0.551870 0.400742 0.400742 0.400742
4509.279297 0.000000 239.142517 0.000000 0.834035 0.000000 0.551711 0.385001 0.385001 0.385001
4512.427734 0.000000 231.141739 0.000000 0.930526 0.000000 0.366226 0.413774 0.413774 0.413774
4507.720215 0.000000 246.873169 0.000000 0.813319 0.000000 0.581818 0.396283 0.396283 0.396283
4509.277832 0.000000 233.790466 0.000000 0.794475 0.000000 0.607297 0.364946 0.364946 0.364946
4554.375000 0.000000 242.784302 0.000000 0.669902 0.000000 0.742450 0.431200 0.431200 0.431200
4585.400879 0.000000 267.441376 0.000000 0.808123 0.000000 0.589014 0.406129 0.406129 0.406129
4580.101562 0.000000 225.301498 0.000000 0.738177 0.000000 0.674607 0.440018 0.440018 0.440018
4573.260254 0.000000 258.158813 0.000000 0.712108 0.000000 0.702070 0.432512 0.432512 0.432512
4543.640137 0.000000 223.166550 0.000000 0.800840 0.000000 0.598878 0.409604 0.409604 0.409604
4535.718262 0.000000 234.274231 0.000000 0.866337 0.000000 0.499460 0.425324 0.425324 0.425324
4543.096191 0.000000 235.893097 0.000000 0.854230 0.000000 0.519896 0.417446 0.417446 0.417446
4577.952148 0.000000 195.556122 0.000000 0.786861 0.000000 0.617130 0.432815 0.432815 0.432815
4577.886719 0.000000 257.487335 0.000000 0.893207 0.000000 0.449647 0.427471 0.427471 0.427471
4535.510254 0.000000 221.804291 0.000000 0.892136 0.000000 0.451767 0.416824 0.416824 0.416824
4603.996582 0.000000 213.177704 0.000000 0.887929 0.000000 0.459981 0.429058 0.429058 0.429058
4589.655273 0.000000 267.823822 0.000000 0.934642 0.000000 0.355590 0.425495 0.425495 0.425495
4579.203613 0.000000 219.492081 0.000000 0.746895 0.000000 0.664943 0.426301 0.426301 0.426301
4551.096680 0.000000 197.631744 0.000000 0.925820 0.000000 0.377965 0.433453 0.433453 0.433453
4595.364746 0.000000 267.196320 0.000000 0.912348 0.000000 0.409416 0.420619 0.420619 0.420619
4604.833984 0.000000 276.691589 0.000000 0.913935 0.000000 0.405861 0.412439 0.412439 0.412439
4573.471680 0.000000 192.002350 0.000000 0.683373 0.000000 0.730069 0.415061 0.415061 0.415061
4582.337891 0.000000 260.405243 0.000000 0.842867 0.000000 0.538122 0.404039 0.404039 0.404039
4542.142578 0.000000 221.203705 0.000000 0.850769 0.000000 0.525539 0.420160 0.420160 0.420160
4585.905762 0.000000 257.119934 0.000000 0.901900 0.000000 0.431945 0.410359 0.410359 0.410359
4537.711914 0.000000 222.657349 0.000000 0.754018 0.000000 0.656853 0.392838 0.392838 0.392838
4598.132324 0.000000 271.279724 0.000000 0.847872 0.000000 0.530200 0.407308 0.407308 0.407308
4573.503906 0.000000 209.564011 0.000000 0.776408 0.000000 0.630231 0.400975 0.400975 0.400975
4546.036133 0.000000 233.879150 0.000000 0.854989 0.000000 0.518645 0.405894 0.405894 0.405894
4595.732910 0.000000 258.979034 0.000000 0.876056 0.000000 0.482209 0.411560 0.411560 0.411560
4548.825195 0.000000 235.845856 0.000000 0.687775 0.000000 0.725924 0.383376 0.383376 0.383376
4566.274902 0.000000 199.696915 0.000000 0.675016 0.000000 0.737803 0.388472 0.388472 0.388472
4592.914551 0.000000 261.921021 0.000000 0.808497 0.000000 0.588500 0.400519 0.400519 0.400519
4599.775879 0.000000 260.512115 0.000000 0.891081 0.000000 0.453845 0.409779 0.409779 0.409779
4542.358887 0.000000 231.123291 0.000000 0.917446 0.000000 0.397860 0.418741 0.418741 0.418741
4603.972168 0.000000 274.912598 0.000000 0.675583 0.000000 0.737284 0.382009 0.382009 0.382009
4598.977539 0.000000 264.372650 0.000000 0.920294 0.000000 0.391226 0.417486 0.417486 0.417486
4593.321289 0.000000 210.625778 0.000000 0.777277 0.000000 0.629158 0.397251 0.397251 0.397251
4566.630859 0.000000 194.136597 0.000000 0.835139 0.000000 0.550038 0.410087 0.410087 0.410087
4584.615234 0.000000 214.270721 0.000000 0.784922 0.000000 0.619594 0.398951 0.398951 0.398951
4558.109863 0.000000 194.933273 0.000000 0.767965 0.000000 0.640492 0.388305 0.388305 0.388305
4589.298828 0.000000 208.248276 0.000000 0.718799 0.000000 0.695218 0.393865 0.393865 0.393865
4587.016113 0.000000 209.235687 0.000000 0.826987 0.000000 0.562221 0.404387 0.404387 0.404387
4584.486816 0.000000 251.492630 0.000000 0.893600 0.000000 0.448864 0.414439 0.414439 0.414439
4566.108887 0.000000 203.232361 0.000000 0.799074 0.000000 0.601232 0.401447 0.401447 0.401447
4547.270508 0.000000 232.068085 0.000000 0.689725 0.000000 0.724072 0.384506 0.384506 0.384506
4601.377441 0.000000 263.702209 0.000000 0.715486 0.000000 0.698627 0.383090 0.383090 0.383090
4488.472656 0.000000 419.321136 0.000000 0.934047 0.000000 0.357150 0.412252 0.412252 0.412252
4523.434082 0.000000 448.842133 0.000000 0.877007 0.000000 0.480477 0.438176 0.438176 0.438176
4513.408691 0.000000 459.410126 0.000000 0.922852 0.000000 0.385156 0.386926 0.386926 0.386926
4484.124512 0.000000 453.875885 0.000000 0.852204 0.000000 0.523210 0.441958 0.441958 0.441958
4508.109375 0.000000 417.270264 0.000000 0.893386 0.000000 0.449290 0.422778 0.422778 0.422778
4507.289062 0.000000 431.458618 0.000000 0.851211 0.000000 0.524824 0.343237 0.343237 0.343237
4510.910156 0.000000 407.132599 0.000000 0.907560 0.000000 0.419923 0.417381 0.417381 0.417381
4498.703613 0.000000 414.768921 0.000000 0.837423 0.000000 0.546556 0.437007 0.437007 0.437007
4485.240723 0.000000 431.858978 0.000000 0.711722 0.000000 0.702462 0.417625 0.417625 0.417625
4490.461426 0.000000 404.044403 0.000000 0.849039 0.000000 0.528330 0.385589 0.385589 0.385589
4510.442871 0.000000 458.184784 0.000000 0.696898 0.000000 0.717170 0.386210 0.386210 0.386210
4526.598145 0.000000 447.982666 0.000000 0.749144 0.000000 0.662407 0.354018 0.354018 0.354018
4481.485840 0.000000 452.998657 0.000000 0.792347 0.000000 0.610071 0.391028 0.391028 0.391028
4477.581055 0.000000 455.932312 0.000000 0.904696 0.000000 0.426059 0.423793 0.423793 0.423793
4506.744629 0.000000 427.826660 0.000000 0.702058 0.000000 0.712120 0.277273 0.277273 0.277273
4484.778320 0.000000 456.573303 0.000000 0.724429 0.000000 0.689350 0.419239 0.419239 0.419239
4493.994141 0.000000 462.457764 0.000000 0.912168 0.000000 0.409817 0.401139 0.401139 0.401139
4487.698730 0.000000 437.149231 0.000000 0.852184 0.000000 0.523243 0.418450 0.418450 0.418450
4480.703613 0.000000 416.753693 0.000000 0.892089 0.000000 0.451860 0.409969 0.409969 0.409969
4524.309082 0.000000 438.605042 0.000000 0.888151 0.000000 0.459552 0.411377 0.411377 0.411377
4517.668457 0.000000 439.084503 0.000000 0.899695 0.000000 0.436519 0.375906 0.375906 0.375906
4487.541504 0.000000 432.931610 0.000000 0.683823 0.000000 0.729648 0.377418 0.377418 0.377418
4504.531738 0.000000 444.407623 0.000000 0.927852 0.000000 0.372949 0.424238 0.424238 0.424238
4504.615723 0.000000 426.496338 0.000000 0.782710 0.000000 0.622387 0.359434 0.359434 0.359434
4486.470215 0.000000 418.515381 0.000000 0.903288 0.000000 0.429034 0.369298 0.369298 0.369298
4484.109863 0.000000 408.141541 0.000000 0.921652 0.000000 0.388017 0.423587 0.423587 0.423587
4515.676270 0.000000 460.455231 0.000000 0.776191 0.000000 0.630498 0.325075 0.325075 0.325075
4493.547363 0.000000 426.682648 0.000000 0.686344 0.000000 0.727277 0.354853 0.354853 0.354853
4505.984863 0.000000 451.447113 0.000000 0.918743 0.000000 0.394855 0.408046 0.408046 0.408046
4529.990234 0.000000 441.076447 0.000000 0.805133 0.000000 0.593094 0.365121 0.365121 0.365121
4510.423828 0.000000 422.910522 0.000000 0.769157 0.000000 0.639060 0.310584 0.310584 0.310584
4481.917969 0.000000 451.184235 0.000000 0.891230 0.000000 0.453552 0.365911 0.365911 0.365911
4511.139648 0.000000 456.529358 0.000000 0.878419 0.000000 0.477891 0.376112 0.376112 0.376112
4521.714355 0.000000 458.544189 0.000000 0.915176 0.000000 0.403053 0.411317 0.411317 0.411317
4475.951172 0.000000 448.832214 0.000000 0.910433 0.000000 0.413656 0.363760 0.363760 0.363760
4522.932129 0.000000 439.738953 0.000000 0.923932 0.000000 0.382557 0.411631 0.411631 0.411631
4505.424316 0.000000 412.157623 0.000000 0.904222 0.000000 0.427062 0.392002 0.392002 0.392002
4486.849609 0.000000 460.923676 0.000000 0.759240 0.000000 0.650811 0.308288 0.308288 0.308288
4509.279297 0.000000 431.111298 0.000000 0.781007 0.000000 0.624523 0.302231 0.302231 0.302231
4513.242676 0.000000 409.692871 0.000000 0.802255 0.000000 0.596982 0.365911 0.365911 0.365911
4484.901367 0.000000 463.820374 0.000000 0.798087 0.000000 0.602542 0.381708 0.381708 0.381708
4474.098145 0.000000 454.897919 0.000000 0.869795 0.000000 0.493413 0.398986 0.398986 0.398986
4515.513672 0.000000 453.199036 0.000000 0.797352 0.000000 0.603515 0.356831 0.356831 0.356831
4501.968262 0.000000 413.325043 0.000000 0.735821 0.000000 0.677176 0.376454 0.376454 0.376454
4492.733398 0.000000 411.808990 0.000000 0.846394 0.000000 0.532557 0.366715 0.366715 0.366715
4507.070312 0.000000 442.716217 0.000000 0.850696 0.000000 0.525658 0.387197 0.387197 0.387197
4533.131836 0.000000 447.020081 0.000000 0.688035 0.000000 0.725677 0.309512 0.309512 0.309512
4530.680176 0.000000 446.475983 0.000000 0.927671 0.000000 0.373398 0.385514 0.385514 0.385514
4515.709961 0.000000 436.134705 0.000000 0.744155 0.000000 0.668007 0.341518 0.341518 0.341518
4487.840332 0.000000 465.953186 0.000000 0.825576 0.000000 0.564291 0.358392 0.358392 0.358392
4531.697754 0.000000 447.455688 0.000000 0.902329 0.000000 0.431048 0.374900 0.374900 0.374900
4488.429199 0.000000 413.486084 0.000000 0.909058 0.000000 0.416669 0.359228 0.359228 0.359228
4482.032715 0.000000 416.654663 0.000000 0.838055 0.000000 0.545585 0.349509 0.349509 0.349509
4520.481934 0.000000 440.991302 0.000000 0.709031 0.000000 0.705178 0.293486 0.293486 0.293486
4487.735840 0.000000 460.007233 0.000000 0.684145 0.000000 0.729346 0.286549 0.286549 0.286549
4491.381348 0.000000 440.741241 0.000000 0.762599 0.000000 0.646872 0.301420 0.301420 0.301420
4489.712891 0.000000 445.812439 0.000000 0.712535 0.000000 0.701636 0.301472 0.301472 0.301472
4489.602539 0.000000 415.977020 0.000000 0.926546 0.000000 0.376181 0.382841 0.382841 0.382841
4509.858887 0.000000 424.084900 0.000000 0.828689 0.000000 0.559709 0.319864 0.319864 0.319864
4511.522461 0.000000 432.082001 0.000000 0.808462 0.000000 0.588548 0.339717 0.339717 0.339717
4514.477539 0.000000 460.654236 0.000000 0.893225 0.000000 0.449610 0.364605 0.364605 0.364605
4517.869629 0.000000 457.638672 0.000000 0.731100 0.000000 0.682270 0.313344 0.313344 0.313344
4491.825195 0.000000 469.346924 0.000000 0.733847 0.000000 0.679315 0.309883 0.309883 0.309883
4514.703125 0.000000 456.892334 0.000000 0.931704 0.000000 0.363218 0.365226 0.365226 0.365226
4508.751953 0.000000 420.475525 0.000000 0.913551 0.000000 0.406724 0.358238 0.358238 0.358238
4508.331055 0.000000 446.712769 0.000000 0.806689 0.000000 0.590977 0.311487 0.311487 0.311487
4491.333496 0.000000 407.207520 0.000000 0.827728 0.000000 0.561129 0.330197 0.330197 0.330197
4492.600098 0.000000 434.151642 0.000000 0.723784 0.000000 0.690027 0.283171 0.283171 0.283171
4490.975098 0.000000 427.660400 0.000000 0.867240 0.000000 0.497891 0.344610 0.344610 0.344610
4479.014648 0.000000 450.606262 0.000000 0.689704 0.000000 0.724092 0.279891 0.279891 0.279891
4510.951172 0.000000 454.420868 0.000000 0.856181 0.000000 0.516676 0.332882 0.332882 0.332882
4500.160156 0.000000 408.453491 0.000000 0.858499 0.000000 0.512815 0.332038 0.332038 0.332038
4514.370605 0.000000 439.056335 0.000000 0.798664 0.000000 0.601777 0.292580 0.292580 0.292580
4511.998047 0.000000 441.264313 0.000000 0.672797 0.000000 0.739827 0.211417 0.211417 0.211417
4510.649902 0.000000 442.059814 0.000000 0.929606 0.000000 0.368554 0.351197 0.351197 0.351197
3994.312988 0.000000 1229.985107 0.000000 0.699121 0.000000 0.715003 0.441050 0.441050 0.441050
3999.039551 0.000000 1241.088135 0.000000 0.754989 0.000000 0.655737 0.323860 0.323860 0.323860
3997.643066 0.000000 1229.032715 0.000000 0.928332 0.000000 0.371753 0.437590 0.437590 0.437590
4083.932129 0.000000 1291.108398 0.000000 0.802404 0.000000 0.596781 0.389652 0.389652 0.389652
4180.396484 0.000000 1237.075073 0.000000 0.822974 0.000000 0.568080 0.444570 0.444570 0.444570
4189.612305 0.000000 1319.791748 0.000000 0.911035 0.000000 0.412329 0.395090 0.395090 0.395090
4080.164551 0.000000 1364.208984 0.000000 0.747172 0.000000 0.664631 0.422231 0.422231 0.422231
4100.684082 0.000000 1533.911499 0.000000 0.756678 0.000000 0.653788 0.301899 0.301899 0.301899
4116.024414 0.000000 1528.047119 0.000000 0.838772 0.000000 0.544483 0.307693 0.307693 0.307693
4211.041016 0.000000 1480.626099 0.000000 0.817273 0.000000 0.576250 0.383765 0.383765 0.383765
2570.574951 0.000000 1911.980347 0.000000 0.692237 0.000000 0.721670 0.386598 0.386598 0.386598
2590.292969 0.000000 1880.992920 0.000000 0.666429 0.000000 0.745568 0.373434 0.373434 0.373434
2565.833008 0.000000 1908.634521 0.000000 0.730664 0.000000 0.682737 0.330113 0.330113 0.330113
2563.162842 0.000000 1913.839722 0.000000 0.864511 0.000000 0.502614 0.380779 0.380779 0.380779
2565.396973 0.000000 1913.905762 0.000000 0.805854 0.000000 0.592115 0.284838 0.284838 0.284838
2577.422607 0.000000 1917.597412 0.000000 0.841793 0.000000 0.539801 0.361599 0.361599 0.361599
2569.439697 0.000000 1912.477905 0.000000 0.740754 0.000000 0.671776 0.314284 0.314284 0.314284
2575.954834 0.000000 1919.262329 0.000000 0.803893 0.000000 0.594774 0.339795 0.339795 0.339795
2573.830811 0.000000 1913.328369 0.000000 0.814726 0.000000 0.579847 0.311715 0.311715 0.311715
2576.080322 0.000000 1915.606812 0.000000 0.693439 0.000000 0.720515 0.267420 0.267420 0.267420
2570.348877 0.000000 1917.743164 0.000000 0.675180 0.000000 0.737653 0.282240 0.282240 0.282240
2603.628418 0.000000 1893.661865 0.000000 0.893824 0.000000 0.448417 0.431194 0.431194 0.431194
2598.998779 0.000000 1888.346069 0.000000 0.787577 0.000000 0.616216 0.406738 0.406738 0.406738
2606.093262 0.000000 1898.423950 0.000000 0.898363 0.000000 0.439254 0.392778 0.392778 0.392778
2608.621094 0.000000 1887.431274 0.000000 0.838766 0.000000 0.544491 0.424772 0.424772 0.424772
2619.204590 0.000000 1909.918823 0.000000 0.807159 0.000000 0.590335 0.387570 0.387570 0.387570
2605.096680 0.000000 1892.293335 0.000000 0.916018 0.000000 0.401138 0.404092 0.404092 0.404092
2606.758545 0.000000 1900.348755 0.000000 0.881620 0.000000 0.471960 0.404721 0.404721 0.404721
2604.154053 0.000000 1888.597900 0.000000 0.821534 0.000000 0.570160 0.333447 0.333447 0.333447
2605.318848 0.000000 1894.043091 0.000000 0.743590 0.000000 0.668636 0.383355 0.383355 0.383355
2610.056641 0.000000 1896.930176 0.000000 0.908779 0.000000 0.417278 0.397289 0.397289 0.397289
2609.214111 0.000000 1889.017212 0.000000 0.918169 0.000000 0.396188 0.410185 0.410185 0.410185
2594.547852 0.000000 1882.113281 0.000000 0.913580 0.000000 0.406659 0.381779 0.381779 0.381779
2610.063965 0.000000 1901.429932 0.000000 0.868460 0.000000 0.495759 0.360841 0.360841 0.360841
2612.541260 0.000000 1908.152588 0.000000 0.791249 0.000000 0.611494 0.299949 0.299949 0.299949
2609.455078 0.000000 1895.210815 0.000000 0.773528 0.000000 0.633762 0.331244 0.331244 0.331244
2607.976562 0.000000 1889.201782 0.000000 0.758738 0.000000 0.651395 0.328856 0.328856 0.328856
2575.385254 0.000000 1921.432861 0.000000 0.801235 0.000000 0.598349 0.364966 0.364966 0.364966
2570.242676 0.000000 1950.833252 0.000000 0.811393 0.000000 0.584501 0.336385 0.336385 0.336385
2575.792969 0.000000 1943.952026 0.000000 0.711338 0.000000 0.702850 0.297644 0.297644 0.297644
2569.508545 0.000000 1921.556274 0.000000 0.673586 0.000000 0.739109 0.364033 0.364033 0.364033
2568.534424 0.000000 1948.026245 0.000000 0.831079 0.000000 0.556155 0.383744 0.383744 0.383744
2571.955078 0.000000 1940.402832 0.000000 0.719051 0.000000 0.694957 0.229881 0.229881 0.229881
2580.299316 0.000000 1946.523560 0.000000 0.765287 0.000000 0.643689 0.362794 0.362794 0.362794
2574.560791 0.000000 1920.187378 0.000000 0.849120 0.000000 0.528200 0.376229 0.376229 0.376229
2568.375977 0.000000 1943.443237 0.000000 0.892423 0.000000 0.451199 0.356917 0.356917 0.356917
2577.461182 0.000000 1947.708496 0.000000 0.725100 0.000000 0.688644 0.322845 0.322845 0.322845
2568.474121 0.000000 1937.969727 0.000000 0.855278 0.000000 0.518170 0.347192 0.347192 0.347192
2560.394043 0.000000 1963.283081 0.000000 0.773668 0.000000 0.633591 0.253422 0.253422 0.253422
2561.030029 0.000000 1965.480835 0.000000 0.839609 0.000000 0.543192 0.330008 0.330008 0.330008
2571.379639 0.000000 1948.514771 0.000000 0.746035 0.000000 0.665907 0.276443 0.276443 0.276443
2571.897461 0.000000 1944.739502 0.000000 0.801538 0.000000 0.597944 0.282227 0.282227 0.282227
2573.878418 0.000000 1941.563110 0.000000 0.670606 0.000000 0.741814 0.210569 0.210569 0.210569
2658.706055 0.000000 1997.774048 0.000000 0.704746 0.000000 0.709460 0.372909 0.372909 0.372909
2596.754395 0.000000 1945.628296 0.000000 0.915426 0.000000 0.402486 0.385779 0.385779 0.385779
2600.495850 0.000000 1942.487549 0.000000 0.799653 0.000000 0.600463 0.350868 0.350868 0.350868
2599.375977 0.000000 1949.656250 0.000000 0.886337 0.000000 0.463040 0.326686 0.326686 0.326686
2601.255615 0.000000 1937.614502 0.000000 0.851833 0.000000 0.523814 0.355854 0.355854 0.355854
2661.909180 0.000000 1998.325562 0.000000 0.825498 0.000000 0.564405 0.339506 0.339506 0.339506
2598.959717 0.000000 1946.544312 0.000000 0.679940 0.000000 0.733268 0.240087 0.240087 0.240087
2599.348877 0.000000 1941.302368 0.000000 0.770787 0.000000 0.637093 0.262987 0.262987 0.262987
2649.625732 0.000000 2015.710571 0.000000 0.799494 0.000000 0.600674 0.447104 0.447104 0.447104
2645.704102 0.000000 2017.404907 0.000000 0.722724 0.000000 0.691137 0.231399 0.231399 0.231399
2644.405273 0.000000 2017.557373 0.000000 0.705105 0.000000 0.709103 0.224190 0.224190 0.224190
2644.046631 0.000000 2016.556274 0.000000 0.809618 0.000000 0.586957 0.270293 0.270293 0.270293
2866.613525 0.000000 2100.469482 0.000000 0.917995 0.000000 0.396592 0.437172 0.437172 0.437172
2824.770264 0.000000 2092.672363 0.000000 0.845886 0.000000 0.533364 0.386166 0.386166 0.386166
2870.233643 0.000000 2111.424805 0.000000 0.665352 0.000000 0.746530 0.403603 0.403603 0.403603
2876.671875 0.000000 2072.191650 0.000000 0.785848 0.000000 0.618419 0.409552 0.409552 0.409552
2852.284180 0.000000 2106.598877 0.000000 0.846173 0.000000 0.532909 0.345185 0.345185 0.345185
2873.500244 0.000000 2092.060303 0.000000 0.771523 0.000000 0.636202 0.347741 0.347741 0.347741
2874.335205 0.000000 2104.447754 0.000000 0.873558 0.000000 0.486720 0.416306 0.416306 0.416306
2829.769043 0.000000 2094.003418 0.000000 0.820916 0.000000 0.571049 0.366697 0.366697 0.366697
2868.178223 0.000000 2103.025635 0.000000 0.724653 0.000000 0.689113 0.368859 0.368859 0.368859
2825.143066 0.000000 2095.312988 0.000000 0.920989 0.000000 0.389588 0.415831 0.415831 0.415831
2862.738770 0.000000 2074.997070 0.000000 0.721393 0.000000 0.692526 0.376090 0.376090 0.376090
2864.199219 0.000000 2110.002686 0.000000 0.774710 0.000000 0.632317 0.287731 0.287731 0.287731
2853.797363 0.000000 2104.572266 0.000000 0.666956 0.000000 0.745097 0.366888 0.366888 0.366888
2849.057373 0.000000 2096.077637 0.000000 0.797895 0.000000 0.602796 0.402027 0.402027 0.402027
2865.276367 0.000000 2102.338867 0.000000 0.916573 0.000000 0.399868 0.399163 0.399163 0.399163
2849.367920 0.000000 2110.562256 0.000000 0.727892 0.000000 0.685691 0.337955 0.337955 0.337955
2867.492676 0.000000 2104.709229 0.000000 0.698742 0.000000 0.715374 0.221631 0.221631 0.221631
2867.111572 0.000000 2071.473389 0.000000 0.681269 0.000000 0.732033 0.368803 0.368803 0.368803
2866.566650 0.000000 2103.376465 0.000000 0.780910 0.000000 0.624644 0.365866 0.365866 0.365866
2850.528076 0.000000 2109.731934 0.000000 0.912013 0.000000 0.410161 0.390175 0.390175 0.390175
2864.661621 0.000000 2072.725830 0.000000 0.924001 0.000000 0.382390 0.391812 0.391812 0.391812
2870.147461 0.000000 2105.343506 0.000000 0.855353 0.000000 0.518045 0.358232 0.358232 0.358232
2864.419922 0.000000 2105.408203 0.000000 0.783124 0.000000 0.621865 0.274325 0.274325 0.274325
2865.787842 0.000000 2105.970947 0.000000 0.871099 0.000000 0.491108 0.315621 0.315621 0.315621
2865.647949 0.000000 2115.049316 0.000000 0.705542 0.000000 0.708668 0.371250 0.371250 0.371250
2845.659180 0.000000 2111.690186 0.000000 0.679322 0.000000 0.733840 0.408345 0.408345 0.408345
3186.871338 0.000000 1919.173340 0.000000 0.810680 0.000000 0.585489 0.345298 0.345298 0.345298
3197.398193 0.000000 1919.170898 0.000000 0.738321 0.000000 0.674449 0.237943 0.237943 0.237943
3358.792480 0.000000 1883.118652 0.000000 0.737555 0.000000 0.675287 0.393365 0.393365 0.393365
3095.111816 0.000000 1940.231323 0.000000 0.789344 0.000000 0.613951 0.373506 0.373506 0.373506
3093.845947 0.000000 1934.383911 0.000000 0.844539 0.000000 0.535495 0.328743 0.328743 0.328743
3108.983154 0.000000 1986.276978 0.000000 0.909410 0.000000 0.415901 0.437953 0.437953 0.437953
3110.687012 0.000000 1985.404663 0.000000 0.914682 0.000000 0.404175 0.410735 0.410735 0.410735
3147.479736 0.000000 1999.559570 0.000000 0.707369 0.000000 0.706845 0.382091 0.382091 0.382091
3166.503906 0.000000 2005.343140 0.000000 0.723769 0.000000 0.690042 0.340489 0.340489 0.340489
3150.711182 0.000000 2002.570679 0.000000 0.720563 0.000000 0.693389 0.230505 0.230505 0.230505
3160.745850 0.000000 1941.801880 0.000000 0.739760 0.000000 0.672871 0.343034 0.343034 0.343034
3166.945068 0.000000 2006.802368 0.000000 0.873990 0.000000 0.485944 0.304628 0.304628 0.304628
3164.957764 0.000000 1943.932617 0.000000 0.837667 0.000000 0.546181 0.284473 0.284473 0.284473
3163.468262 0.000000 1941.949219 0.000000 0.787650 0.000000 0.616123 0.259832 0.259832 0.259832
3149.696777 0.000000 2006.823975 0.000000 0.843905 0.000000 0.536492 0.348211 0.348211 0.348211
3153.176514 0.000000 2007.567261 0.000000 0.750255 0.000000 0.661149 0.329895 0.329895 0.329895
3153.565430 0.000000 2005.226929 0.000000 0.876526 0.000000 0.481354 0.318543 0.318543 0.318543
3114.103760 0.000000 1985.677490 0.000000 0.909730 0.000000 0.415200 0.327340 0.327340 0.327340
3120.540283 0.000000 1991.639404 0.000000 0.891766 0.000000 0.452497 0.315480 0.315480 0.315480
3097.952881 0.000000 1942.790405 0.000000 0.753545 0.000000 0.657396 0.244492 0.244492 0.244492
3149.707520 0.000000 2002.159790 0.000000 0.829990 0.000000 0.557778 0.280488 0.280488 0.280488
3163.779541 0.000000 1944.715332 0.000000 0.779412 0.000000 0.626512 0.278853 0.278853 0.278853
3096.383301 0.000000 1945.193970 0.000000 0.851304 0.000000 0.524673 0.291769 0.291769 0.291769
3121.155518 0.000000 1993.623047 0.000000 0.895944 0.000000 0.444166 0.318150 0.318150 0.318150
3096.711914 0.000000 1944.245117 0.000000 0.706694 0.000000 0.707519 0.224833 0.224833 0.224833
3157.450195 0.000000 2230.081787 0.000000 0.799575 0.000000 0.600566 0.444934 0.444934 0.444934
3140.021729 0.000000 2220.951172 0.000000 0.700474 0.000000 0.713678 0.341073 0.341073 0.341073
3160.598145 0.000000 2214.104736 0.000000 0.816189 0.000000 0.577785 0.385639 0.385639 0.385639
3162.637695 0.000000 2235.131836 0.000000 0.926046 0.000000 0.377410 0.438696 0.438696 0.438696
3166.768555 0.000000 2245.385254 0.000000 0.929772 0.000000 0.368135 0.423317 0.423317 0.423317
3166.187256 0.000000 2237.069824 0.000000 0.696731 0.000000 0.717332 0.378102 0.378102 0.378102
3145.928711 0.000000 2222.345459 0.000000 0.890709 0.000000 0.454574 0.409709 0.409709 0.409709
3142.748047 0.000000 2222.897705 0.000000 0.906590 0.000000 0.422012 0.365815 0.365815 0.365815
3141.994141 0.000000 2225.446045 0.000000 0.678989 0.000000 0.734148 0.270321 0.270321 0.270321
3140.432129 0.000000 2228.341797 0.000000 0.777554 0.000000 0.628816 0.314776 0.314776 0.314776
3138.273438 0.000000 2231.703369 0.000000 0.852962 0.000000 0.521973 0.355606 0.355606 0.355606
3139.727783 0.000000 2226.417236 0.000000 0.706575 0.000000 0.707638 0.290141 0.290141 0.290141
3172.505615 0.000000 2004.950073 0.000000 0.831622 0.000000 0.555341 0.364672 0.364672 0.364672
3202.141846 0.000000 1983.382935 0.000000 0.887544 0.000000 0.460722 0.408043 0.408043 0.408043
3225.521240 0.000000 1971.750977 0.000000 0.781254 0.000000 0.624213 0.412890 0.412890 0.412890
3179.699219 0.000000 2009.260010 0.000000 0.906252 0.000000 0.422738 0.324962 0.324962 0.324962
3174.713379 0.000000 2004.667847 0.000000 0.918684 0.000000 0.394993 0.344621 0.344621 0.344621
3203.982178 0.000000 1990.765503 0.000000 0.750684 0.000000 0.660661 0.380272 0.380272 0.380272
3169.229492 0.000000 2006.557495 0.000000 0.861855 0.000000 0.507155 0.297627 0.297627 0.297627
3172.066895 0.000000 2010.489868 0.000000 0.703753 0.000000 0.710445 0.223644 0.223644 0.223644
3200.516602 0.000000 1988.615112 0.000000 0.908433 0.000000 0.418029 0.331294 0.331294 0.331294
3186.709717 0.000000 1921.208496 0.000000 0.838217 0.000000 0.545337 0.355393 0.355393 0.355393
3176.890869 0.000000 1926.661499 0.000000 0.776760 0.000000 0.629797 0.332129 0.332129 0.332129
3177.685059 0.000000 1999.648193 0.000000 0.695906 0.000000 0.718133 0.335699 0.335699 0.335699
3181.083740 0.000000 2009.011719 0.000000 0.837996 0.000000 0.545676 0.284646 0.284646 0.284646
3177.656250 0.000000 1941.335815 0.000000 0.823220 0.000000 0.567723 0.277042 0.277042 0.277042
3180.125977 0.000000 2007.968994 0.000000 0.842874 0.000000 0.538111 0.287224 0.287224 0.287224
3179.439697 0.000000 1996.248535 0.000000 0.911939 0.000000 0.410327 0.377324 0.377324 0.377324
3192.849365 0.000000 1999.310547 0.000000 0.899732 0.000000 0.436444 0.320614 0.320614 0.320614
3175.522949 0.000000 2007.219727 0.000000 0.665500 0.000000 0.746397 0.208604 0.208604 0.208604
3187.394531 0.000000 1995.273926 0.000000 0.924513 0.000000 0.381150 0.337975 0.337975 0.337975
3186.798584 0.000000 2005.583862 0.000000 0.928007 0.000000 0.372564 0.340631 0.340631 0.340631
3184.965820 0.000000 1995.590698 0.000000 0.769743 0.000000 0.638354 0.251654 0.251654 0.251654
3192.284668 0.000000 1927.141235 0.000000 0.770049 0.000000 0.637985 0.257232 0.257232 0.257232
3177.419189 0.000000 1934.608398 0.000000 0.830805 0.000000 0.556564 0.280907 0.280907 0.280907
3172.316650 0.000000 1934.270020 0.000000 0.821062 0.000000 0.570839 0.275956 0.275956 0.275956
3195.932861 0.000000 1998.752319 0.000000 0.885967 0.000000 0.463749 0.311854 0.311854 0.311854
3171.493652 0.000000 2009.633667 0.000000 0.677403 0.000000 0.735613 0.213205 0.213205 0.213205
3191.665771 0.000000 1999.518921 0.000000 0.916411 0.000000 0.400238 0.332035 0.332035 0.332035
3170.455322 0.000000 1944.718506 0.000000 0.722300 0.000000 0.691580 0.232082 0.232082 0.232082
3179.229004 0.000000 2008.389038 0.000000 0.663392 0.000000 0.748272 0.207795 0.207795 0.207795
3180.826172 0.000000 2001.825684 0.000000 0.814224 0.000000 0.580550 0.272554 0.272554 0.272554
3171.949707 0.000000 1937.627197 0.000000 0.814779 0.000000 0.579771 0.272828 0.272828 0.272828
3194.458984 0.000000 1922.298706 0.000000 0.909605 0.000000 0.415475 0.327254 0.327254 0.327254
3170.468262 0.000000 1933.984131 0.000000 0.931135 0.000000 0.364674 0.343062 0.343062 0.343062
3195.234375 0.000000 1927.315430 0.000000 0.926706 0.000000 0.375786 0.340934 0.340934 0.340934
3186.289551 0.000000 1996.497192 0.000000 0.874884 0.000000 0.484333 0.305156 0.305156 0.305156
3178.431396 0.000000 2006.259521 0.000000 0.879120 0.000000 0.476601 0.307682 0.307682 0.307682
3182.411133 0.000000 2007.279541 0.000000 0.894793 0.000000 0.446482 0.317409 0.317409 0.317409
3177.250977 0.000000 2010.302246 0.000000 0.883013 0.000000 0.469349 0.310040 0.310040 0.310040
3173.199951 0.000000 1930.847046 0.000000 0.893250 0.000000 0.449561 0.316422 0.316422 0.316422
3178.741943 0.000000 2004.327271 0.000000 0.865029 0.000000 0.501722 0.299430 0.299430 0.299430
3195.778076 0.000000 2093.666016 0.000000 0.841815 0.000000 0.539766 0.442954 0.442954 0.442954
3192.458252 0.000000 2108.069580 0.000000 0.777140 0.000000 0.629327 0.437765 0.437765 0.437765
3277.013184 0.000000 2085.425049 0.000000 0.755923 0.000000 0.654660 0.417926 0.417926 0.417926
3287.035400 0.000000 2096.865479 0.000000 0.827112 0.000000 0.562038 0.389653 0.389653 0.389653
3287.010986 0.000000 2094.488770 0.000000 0.814263 0.000000 0.580497 0.386683 0.386683 0.386683
3302.443848 0.000000 2048.728271 0.000000 0.873219 0.000000 0.487328 0.360789 0.360789 0.360789
3377.619629 0.000000 1981.461304 0.000000 0.791931 0.000000 0.610610 0.421221 0.421221 0.421221
3368.770996 0.000000 1992.789062 0.000000 0.766632 0.000000 0.642087 0.411619 0.411619 0.411619
3375.393555 0.000000 2003.581909 0.000000 0.859906 0.000000 0.510452 0.427732 0.427732 0.427732
3380.233887 0.000000 1922.360962 0.000000 0.889749 0.000000 0.456450 0.411659 0.411659 0.411659
3353.752197 0.000000 1978.087158 0.000000 0.671355 0.000000 0.741136 0.368411 0.368411 0.368411
3371.565674 0.000000 1979.981689 0.000000 0.773055 0.000000 0.634339 0.398277 0.398277 0.398277
3373.410156 0.000000 1985.245483 0.000000 0.766872 0.000000 0.641800 0.250369 0.250369 0.250369
3335.685547 0.000000 2004.303955 0.000000 0.921126 0.000000 0.389264 0.411370 0.411370 0.411370
3334.383301 0.000000 1993.027832 0.000000 0.776372 0.000000 0.630275 0.328958 0.328958 0.328958
3374.350830 0.000000 1990.661987 0.000000 0.711847 0.000000 0.702335 0.319655 0.319655 0.319655
3357.747070 0.000000 2004.618896 0.000000 0.907135 0.000000 0.420840 0.401689 0.401689 0.401689
3348.976807 0.000000 2014.603394 0.000000 0.755380 0.000000 0.655287 0.354470 0.354470 0.354470
3348.249268 0.000000 2009.082275 0.000000 0.796453 0.000000 0.604701 0.360994 0.360994 0.360994
3348.044434 0.000000 2013.708740 0.000000 0.898840 0.000000 0.438277 0.349082 0.349082 0.349082
3328.307617 0.000000 2000.440796 0.000000 0.735175 0.000000 0.677877 0.236610 0.236610 0.236610
3326.341064 0.000000 2003.546265 0.000000 0.856234 0.000000 0.516588 0.347541 0.347541 0.347541
3374.051025 0.000000 1988.391968 0.000000 0.910871 0.000000 0.412690 0.362540 0.362540 0.362540
3327.596680 0.000000 2004.209229 0.000000 0.669101 0.000000 0.743171 0.263638 0.263638 0.263638
3328.438232 0.000000 2003.546509 0.000000 0.714459 0.000000 0.699677 0.227995 0.227995 0.227995
3350.798096 0.000000 1983.109497 0.000000 0.882750 0.000000 0.469843 0.309879 0.309879 0.309879
3345.714600 0.000000 2012.198120 0.000000 0.819409 0.000000 0.573209 0.302559 0.302559 0.302559
3335.905762 0.000000 2003.328369 0.000000 0.806268 0.000000 0.591551 0.268664 0.268664 0.268664
3334.814453 0.000000 1995.709961 0.000000 0.818101 0.000000 0.575075 0.274476 0.274476 0.274476
3332.122803 0.000000 1996.247437 0.000000 0.846998 0.000000 0.531596 0.289433 0.289433 0.289433
3331.383789 0.000000 1997.813232 0.000000 0.735182 0.000000 0.677869 0.236613 0.236613 0.236613
3338.435303 0.000000 2001.609619 0.000000 0.698680 0.000000 0.715434 0.221606 0.221606 0.221606
3328.828613 0.000000 2048.488037 0.000000 0.886387 0.000000 0.462945 0.398630 0.398630 0.398630
3326.535645 0.000000 2044.785522 0.000000 0.727236 0.000000 0.686387 0.371809 0.371809 0.371809
3336.717285 0.000000 2015.775391 0.000000 0.895227 0.000000 0.445611 0.405377 0.405377 0.405377
3356.158447 0.000000 2030.581177 0.000000 0.768706 0.000000 0.639602 0.372815 0.372815 0.372815
3356.726074 0.000000 2054.715576 0.000000 0.916862 0.000000 0.399204 0.370649 0.370649 0.370649
3354.043945 0.000000 2055.599121 0.000000 0.838266 0.000000 0.545262 0.321717 0.321717 0.321717
3353.273438 0.000000 2057.092285 0.000000 0.783655 0.000000 0.621196 0.300904 0.300904 0.300904
3341.593994 0.000000 2017.765625 0.000000 0.883412 0.000000 0.468596 0.345350 0.345350 0.345350
3342.958496 0.000000 2016.704956 0.000000 0.892201 0.000000 0.451638 0.337867 0.337867 0.337867
3200.490479 0.000000 2199.693604 0.000000 0.733705 0.000000 0.679468 0.444964 0.444964 0.444964
3172.713623 0.000000 2134.266113 0.000000 0.910893 0.000000 0.412643 0.440443 0.440443 0.440443
3196.556396 0.000000 2204.481445 0.000000 0.826673 0.000000 0.562683 0.396959 0.396959 0.396959
3179.299072 0.000000 2136.248779 0.000000 0.709043 0.000000 0.705165 0.415708 0.415708 0.415708
3170.666016 0.000000 2206.315674 0.000000 0.793288 0.000000 0.608847 0.436027 0.436027 0.436027
3206.484619 0.000000 2206.458984 0.000000 0.890402 0.000000 0.455175 0.410713 0.410713 0.410713
3194.247559 0.000000 2206.430664 0.000000 0.900130 0.000000 0.435621 0.407465 0.407465 0.407465
3182.625977 0.000000 2190.319580 0.000000 0.924878 0.000000 0.380264 0.431594 0.431594 0.431594
3179.861328 0.000000 2193.950195 0.000000 0.763589 0.000000 0.645703 0.389278 0.389278 0.389278
3176.116943 0.000000 2196.759033 0.000000 0.787355 0.000000 0.616500 0.347011 0.347011 0.347011
3206.677734 0.000000 2231.045410 0.000000 0.672276 0.000000 0.740301 0.436890 0.436890 0.436890
3174.050537 0.000000 2242.015137 0.000000 0.768690 0.000000 0.639621 0.414135 0.414135 0.414135
3205.157959 0.000000 2262.606445 0.000000 0.810050 0.000000 0.586360 0.380313 0.380313 0.380313
3217.240967 0.000000 2220.641357 0.000000 0.916135 0.000000 0.400870 0.379566 0.379566 0.379566
3191.090576 0.000000 2212.778809 0.000000 0.755126 0.000000 0.655579 0.429920 0.429920 0.429920
3198.832764 0.000000 2268.101807 0.000000 0.923018 0.000000 0.384757 0.387882 0.387882 0.387882
3220.274658 0.000000 2273.615234 0.000000 0.819563 0.000000 0.572989 0.434920 0.434920 0.434920
3209.507812 0.000000 2237.714600 0.000000 0.687716 0.000000 0.725980 0.363288 0.363288 0.363288
3203.636719 0.000000 2209.395020 0.000000 0.834244 0.000000 0.551396 0.347643 0.347643 0.347643
3194.011719 0.000000 2256.485596 0.000000 0.843183 0.000000 0.537627 0.415565 0.415565 0.415565
3207.983398 0.000000 2257.806396 0.000000 0.758886 0.000000 0.651223 0.344830 0.344830 0.344830
3204.020264 0.000000 2267.446045 0.000000 0.811835 0.000000 0.583887 0.381353 0.381353 0.381353
3171.649658 0.000000 2236.785156 0.000000 0.876108 0.000000 0.482114 0.400265 0.400265 0.400265
3205.197021 0.000000 2235.549561 0.000000 0.826685 0.000000 0.562665 0.403004 0.403004 0.403004
3217.906494 0.000000 2257.116699 0.000000 0.907467 0.000000 0.420124 0.336991 0.336991 0.336991
3188.265381 0.000000 2277.579102 0.000000 0.687022 0.000000 0.726637 0.439948 0.439948 0.439948
3221.849365 0.000000 2269.578369 0.000000 0.704990 0.000000 0.709218 0.329543 0.329543 0.329543
3211.429688 0.000000 2255.161865 0.000000 0.864858 0.000000 0.502017 0.371416 0.371416 0.371416
3185.897705 0.000000 2212.186768 0.000000 0.784062 0.000000 0.620683 0.375525 0.375525 0.375525
3199.388184 0.000000 2249.067871 0.000000 0.872803 0.000000 0.488072 0.429951 0.429951 0.429951
3213.887939 0.000000 2223.999023 0.000000 0.716020 0.000000 0.698080 0.317180 0.317180 0.317180
3227.443848 0.000000 2227.063232 0.000000 0.898754 0.000000 0.438453 0.438272 0.438272 0.438272
3179.305908 0.000000 2221.029297 0.000000 0.862266 0.000000 0.506456 0.421362 0.421362 0.421362
3221.844238 0.000000 2251.113770 0.000000 0.814410 0.000000 0.580290 0.379058 0.379058 0.379058
3208.763916 0.000000 2221.517578 0.000000 0.674337 0.000000 0.738424 0.403336 0.403336 0.403336
3198.523193 0.000000 2255.680908 0.000000 0.833435 0.000000 0.552617 0.411191 0.411191 0.411191
3193.846191 0.000000 2273.975098 0.000000 0.720357 0.000000 0.693604 0.386279 0.386279 0.386279
3197.097168 0.000000 2210.756592 0.000000 0.716179 0.000000 0.697917 0.330237 0.330237 0.330237
3191.434326 0.000000 2263.231934 0.000000 0.892974 0.000000 0.450108 0.398597 0.398597 0.398597
3170.297119 0.000000 2247.881592 0.000000 0.806292 0.000000 0.591518 0.416579 0.416579 0.416579
3193.425781 0.000000 2267.870117 0.000000 0.854102 0.000000 0.520105 0.363356 0.363356 0.363356
3201.024902 0.000000 2254.438477 0.000000 0.747042 0.000000 0.664777 0.380558 0.380558 0.380558
3195.926758 0.000000 2254.313477 0.000000 0.738403 0.000000 0.674360 0.424225 0.424225 0.424225
3226.060059 0.000000 2254.838867 0.000000 0.877498 0.000000 0.479581 0.423590 0.423590 0.423590
3199.385010 0.000000 2270.709961 0.000000 0.871677 0.000000 0.490081 0.387856 0.387856 0.387856
3224.401123 0.000000 2251.710449 0.000000 0.757117 0.000000 0.653280 0.413210 0.413210 0.413210
3224.707275 0.000000 2242.542236 0.000000 0.779323 0.000000 0.626623 0.418807 0.418807 0.418807
3199.069580 0.000000 2220.556641 0.000000 0.929405 0.000000 0.369060 0.430890 0.430890 0.430890
3206.459473 0.000000 2268.375488 0.000000 0.765681 0.000000 0.643221 0.393484 0.393484 0.393484
3203.726562 0.000000 2256.484863 0.000000 0.677649 0.000000 0.735386 0.349751 0.349751 0.349751
3212.453125 0.000000 2265.552246 0.000000 0.754389 0.000000 0.656428 0.299564 0.299564 0.299564
3217.561035 0.000000 2231.823975 0.000000 0.759939 0.000000 0.649995 0.269552 0.269552 0.269552
3206.567383 0.000000 2243.626465 0.000000 0.800844 0.000000 0.598873 0.367044 0.367044 0.367044
3205.025146 0.000000 2232.945557 0.000000 0.801097 0.000000 0.598534 0.413235 0.413235 0.413235
3218.851807 0.000000 2254.828613 0.000000 0.791600 0.000000 0.611040 0.301557 0.301557 0.301557
3219.849854 0.000000 2241.528809 0.000000 0.852860 0.000000 0.522140 0.413587 0.413587 0.413587
3211.926025 0.000000 2229.519287 0.000000 0.840594 0.000000 0.541667 0.377975 0.377975 0.377975
3200.022705 0.000000 2246.681885 0.000000 0.893512 0.000000 0.449040 0.418086 0.418086 0.418086
3209.123291 0.000000 2255.726318 0.000000 0.929153 0.000000 0.369696 0.387462 0.387462 0.387462
3189.419434 0.000000 2264.586426 0.000000 0.796177 0.000000 0.605064 0.395975 0.395975 0.395975
3174.369385 0.000000 2221.705566 0.000000 0.842519 0.000000 0.538666 0.386092 0.386092 0.386092
3215.204346 0.000000 2225.983398 0.000000 0.806063 0.000000 0.591830 0.324063 0.324063 0.324063
3191.225342 0.000000 2271.600098 0.000000 0.923822 0.000000 0.382823 0.415134 0.415134 0.415134
3209.767822 0.000000 2266.040283 0.000000 0.829264 0.000000 0.558857 0.404031 0.404031 0.404031
3172.526611 0.000000 2243.848389 0.000000 0.832020 0.000000 0.554746 0.405736 0.405736 0.405736
3205.171875 0.000000 2247.579346 0.000000 0.879216 0.000000 0.476423 0.375244 0.375244 0.375244
3212.380371 0.000000 2253.218750 0.000000 0.782604 0.000000 0.622519 0.357901 0.357901 0.357901
3210.107422 0.000000 2253.588867 0.000000 0.902925 0.000000 0.429797 0.377130 0.377130 0.377130
3194.603516 0.000000 2214.531250 0.000000 0.676532 0.000000 0.736413 0.380255 0.380255 0.380255
3206.216309 0.000000 2271.978516 0.000000 0.928817 0.000000 0.370539 0.425266 0.425266 0.425266
3211.448242 0.000000 2227.512939 0.000000 0.884992 0.000000 0.465607 0.386883 0.386883 0.386883
3183.063477 0.000000 2215.248779 0.000000 0.934349 0.000000 0.356360 0.411930 0.411930 0.411930
3204.262695 0.000000 2239.954102 0.000000 0.834327 0.000000 0.551270 0.404083 0.404083 0.404083
3198.779297 0.000000 2209.808594 0.000000 0.821370 0.000000 0.570396 0.342257 0.342257 0.342257
3169.585693 0.000000 2226.811768 0.000000 0.763450 0.000000 0.645867 0.379793 0.379793 0.379793
3202.523682 0.000000 2266.231445 0.000000 0.845173 0.000000 0.534493 0.377145 0.377145 0.377145
3213.214844 0.000000 2231.170898 0.000000 0.774325 0.000000 0.632788 0.353784 0.353784 0.353784
3221.447266 0.000000 2223.920410 0.000000 0.797019 0.000000 0.603955 0.368408 0.368408 0.368408
3197.261963 0.000000 2266.760498 0.000000 0.874703 0.000000 0.484660 0.354503 0.354503 0.354503
3178.366455 0.000000 2219.496338 0.000000 0.868229 0.000000 0.496164 0.400422 0.400422 0.400422
3217.920898 0.000000 2222.345459 0.000000 0.808574 0.000000 0.588395 0.326322 0.326322 0.326322
3203.585938 0.000000 2246.736084 0.000000 0.787832 0.000000 0.615890 0.376203 0.376203 0.376203
3212.152832 0.000000 2269.318848 0.000000 0.669865 0.000000 0.742483 0.364454 0.364454 0.364454
3200.079346 0.000000 2256.265625 0.000000 0.693945 0.000000 0.720028 0.366917 0.366917 0.366917
3218.439453 0.000000 2266.156738 0.000000 0.923237 0.000000 0.384231 0.340121 0.340121 0.340121
3212.174072 0.000000 2222.550049 0.000000 0.736731 0.000000 0.676186 0.322361 0.322361 0.322361
3200.867188 0.000000 2270.128906 0.000000 0.712352 0.000000 0.701823 0.365223 0.365223 0.365223
3196.782227 0.000000 2264.778320 0.000000 0.822049 0.000000 0.569416 0.334982 0.334982 0.334982
3197.951416 0.000000 2263.777100 0.000000 0.822187 0.000000 0.569217 0.345913 0.345913 0.345913
3206.879395 0.000000 2252.687012 0.000000 0.674957 0.000000 0.737857 0.288706 0.288706 0.288706
3219.061279 0.000000 2264.497803 0.000000 0.814870 0.000000 0.579644 0.272872 0.272872 0.272872
3218.731445 0.000000 2258.408447 0.000000 0.806521 0.000000 0.591206 0.268787 0.268787 0.268787
3206.692139 0.000000 2245.082520 0.000000 0.869231 0.000000 0.494406 0.370985 0.370985 0.370985
3199.187988 0.000000 2266.617676 0.000000 0.801399 0.000000 0.598130 0.336190 0.336190 0.336190
3215.381836 0.000000 2252.124512 0.000000 0.691889 0.000000 0.722004 0.319496 0.319496 0.319496
3215.416748 0.000000 2229.375244 0.000000 0.708156 0.000000 0.706056 0.291477 0.291477 0.291477
3217.270508 0.000000 2269.069092 0.000000 0.723152 0.000000 0.690689 0.308667 0.308667 0.308667
3186.709717 0.000000 2209.161621 0.000000 0.827413 0.000000 0.561594 0.355541 0.355541 0.355541
3219.850342 0.000000 2259.838135 0.000000 0.742465 0.000000 0.669885 0.239709 0.239709 0.239709
3194.810059 0.000000 2260.646484 0.000000 0.934840 0.000000 0.355070 0.401064 0.401064 0.401064
3210.192139 0.000000 2250.247314 0.000000 0.812995 0.000000 0.582271 0.334790 0.334790 0.334790
3213.986328 0.000000 2225.446045 0.000000 0.754887 0.000000 0.655855 0.335886 0.335886 0.335886
3219.444092 0.000000 2266.971436 0.000000 0.774158 0.000000 0.632992 0.259034 0.259034 0.259034
3203.699463 0.000000 2211.385254 0.000000 0.901230 0.000000 0.433340 0.371954 0.371954 0.371954
3222.883789 0.000000 2260.057373 0.000000 0.783535 0.000000 0.621347 0.274498 0.274498 0.274498
3200.198242 0.000000 2213.508301 0.000000 0.767555 0.000000 0.640983 0.300701 0.300701 0.300701
3217.327881 0.000000 2266.314941 0.000000 0.779677 0.000000 0.626181 0.260716 0.260716 0.260716
3217.764404 0.000000 2229.582764 0.000000 0.928587 0.000000 0.371115 0.356455 0.356455 0.356455
3217.014893 0.000000 2257.512451 0.000000 0.780730 0.000000 0.624868 0.274078 0.274078 0.274078
2801.682129 0.000000 2461.383301 0.000000 0.907641 0.000000 0.419746 0.428588 0.428588 0.428588
2807.283936 0.000000 2463.548096 0.000000 0.780023 0.000000 0.625751 0.319356 0.319356 0.319356
3147.294922 0.000000 2312.136230 0.000000 0.876629 0.000000 0.481166 0.435901 0.435901 0.435901
3139.456055 0.000000 2323.497314 0.000000 0.889461 0.000000 0.457011 0.409475 0.409475 0.409475
3147.172119 0.000000 2320.892090 0.000000 0.860612 0.000000 0.509261 0.389971 0.389971 0.389971
3435.028564 0.000000 2385.304932 0.000000 0.901506 0.000000 0.432766 0.428379 0.428379 0.428379
3430.533447 0.000000 2389.544434 0.000000 0.773552 0.000000 0.633732 0.291925 0.291925 0.291925
3431.789307 0.000000 2387.031006 0.000000 0.800847 0.000000 0.598869 0.284810 0.284810 0.284810
3408.589600 0.000000 2434.993164 0.000000 0.841028 0.000000 0.540991 0.350462 0.350462 0.350462
3399.979004 0.000000 2427.037842 0.000000 0.873147 0.000000 0.487458 0.407098 0.407098 0.407098
3413.894287 0.000000 2437.541016 0.000000 0.814901 0.000000 0.579601 0.429858 0.429858 0.429858
3409.339111 0.000000 2430.318359 0.000000 0.713007 0.000000 0.701157 0.415082 0.415082 0.415082
3415.327881 0.000000 2413.585693 0.000000 0.821344 0.000000 0.570433 0.309514 0.309514 0.309514
3176.279785 0.000000 2728.234131 0.000000 0.923124 0.000000 0.384502 0.441132 0.441132 0.441132
3186.837402 0.000000 2743.960938 0.000000 0.664917 0.000000 0.746918 0.372302 0.372302 0.372302
3185.833984 0.000000 2745.904053 0.000000 0.697185 0.000000 0.716891 0.382649 0.382649 0.382649
3717.422119 0.000000 1591.263184 0.000000 0.765642 0.000000 0.643267 0.305557 0.305557 0.305557
3719.146973 0.000000 1585.388062 0.000000 0.876338 0.000000 0.481697 0.403700 0.403700 0.403700
3717.014160 0.000000 1584.732666 0.000000 0.825674 0.000000 0.564147 0.396129 0.396129 0.396129
3716.906982 0.000000 1595.953735 0.000000 0.762703 0.000000 0.646748 0.382838 0.382838 0.382838
3871.330322 0.000000 1582.303223 0.000000 0.876598 0.000000 0.481224 0.428567 0.428567 0.428567
3886.138428 0.000000 1569.870361 0.000000 0.767411 0.000000 0.641156 0.417941 0.417941 0.417941
3887.184082 0.000000 1583.737427 0.000000 0.689205 0.000000 0.724566 0.397194 0.397194 0.397194
3874.875000 0.000000 1586.951660 0.000000 0.934880 0.000000 0.354963 0.407602 0.407602 0.407602
3872.026367 0.000000 1587.781982 0.000000 0.931211 0.000000 0.364480 0.396771 0.396771 0.396771
3845.222656 0.000000 1647.885376 0.000000 0.756496 0.000000 0.653999 0.439589 0.439589 0.439589
3841.320068 0.000000 1645.378418 0.000000 0.877173 0.000000 0.480175 0.431431 0.431431 0.431431
3839.392822 0.000000 1650.590088 0.000000 0.909807 0.000000 0.415031 0.425479 0.425479 0.425479
3904.458740 0.000000 1571.183350 0.000000 0.717865 0.000000 0.696183 0.417990 0.417990 0.417990
3896.499756 0.000000 1563.354858 0.000000 0.728311 0.000000 0.685246 0.435582 0.435582 0.435582
3955.407959 0.000000 1549.743408 0.000000 0.876379 0.000000 0.481622 0.381691 0.381691 0.381691
3887.787598 0.000000 1571.888794 0.000000 0.781806 0.000000 0.623522 0.412183 0.412183 0.412183
3908.980713 0.000000 1566.268433 0.000000 0.851184 0.000000 0.524867 0.409650 0.409650 0.409650
3951.572754 0.000000 1548.283447 0.000000 0.779897 0.000000 0.625908 0.291206 0.291206 0.291206
3897.926758 0.000000 1564.266113 0.000000 0.922439 0.000000 0.386144 0.413478 0.413478 0.413478
3897.507812 0.000000 1570.445312 0.000000 0.764612 0.000000 0.644491 0.354795 0.354795 0.354795
3898.633789 0.000000 1567.420654 0.000000 0.789739 0.000000 0.613443 0.317193 0.317193 0.317193
3966.891846 0.000000 1554.923584 0.000000 0.798128 0.000000 0.602488 0.382441 0.382441 0.382441
3965.583008 0.000000 1552.016235 0.000000 0.890499 0.000000 0.454985 0.393749 0.393749 0.393749
3962.343750 0.000000 1557.785889 0.000000 0.912694 0.000000 0.408643 0.396086 0.396086 0.396086
3975.114258 0.000000 1556.381470 0.000000 0.922702 0.000000 0.385514 0.385085 0.385085 0.385085
3970.781494 0.000000 1554.778809 0.000000 0.872416 0.000000 0.488764 0.386892 0.386892 0.386892
3977.209961 0.000000 1555.603394 0.000000 0.720787 0.000000 0.693157 0.230597 0.230597 0.230597
3979.990967 0.000000 1554.955566 0.000000 0.825448 0.000000 0.564478 0.278170 0.278170 0.278170
3959.625244 0.000000 1548.123413 0.000000 0.923103 0.000000 0.384554 0.365744 0.365744 0.365744
3978.577637 0.000000 1554.266235 0.000000 0.717945 0.000000 0.696100 0.229425 0.229425 0.229425
3970.414795 0.000000 1552.334961 0.000000 0.781242 0.000000 0.624229 0.256872 0.256872 0.256872
3593.974609 0.000000 2290.531982 0.000000 0.901043 0.000000 0.433729 0.388007 0.388007 0.388007
3597.568604 0.000000 2294.906006 0.000000 0.864577 0.000000 0.502501 0.421609 0.421609 0.421609
3597.965088 0.000000 2289.909668 0.000000 0.792822 0.000000 0.609453 0.365329 0.365329 0.365329
3592.864502 0.000000 2287.310059 0.000000 0.881969 0.000000 0.471307 0.393210 0.393210 0.393210
3590.627197 0.000000 2292.865723 0.000000 0.810338 0.000000 0.585963 0.381775 0.381775 0.381775
3598.898193 0.000000 2294.755615 0.000000 0.773822 0.000000 0.633403 0.321306 0.321306 0.321306
3599.693359 0.000000 2293.631592 0.000000 0.785129 0.000000 0.619333 0.311187 0.311187 0.311187
3599.800537 0.000000 2292.115723 0.000000 0.900542 0.000000 0.434769 0.356518 0.356518 0.356518
3921.712402 0.000000 1987.641113 0.000000 0.720127 0.000000 0.693843 0.309580 0.309580 0.309580
3895.890625 0.000000 1967.046387 0.000000 0.908581 0.000000 0.417708 0.429183 0.429183 0.429183
3941.006348 0.000000 1972.712524 0.000000 0.856579 0.000000 0.516015 0.432335 0.432335 0.432335
3913.183594 0.000000 1959.997192 0.000000 0.853901 0.000000 0.520436 0.411259 0.411259 0.411259
3916.026611 0.000000 1954.698242 0.000000 0.714872 0.000000 0.699255 0.282970 0.282970 0.282970
3958.660400 0.000000 1991.181274 0.000000 0.698360 0.000000 0.715747 0.411465 0.411465 0.411465
3903.646973 0.000000 1969.763672 0.000000 0.767560 0.000000 0.640977 0.419515 0.419515 0.419515
3920.013916 0.000000 1985.298340 0.000000 0.728797 0.000000 0.684730 0.299173 0.299173 0.299173
3917.457520 0.000000 1948.978638 0.000000 0.677864 0.000000 0.735187 0.363705 0.363705 0.363705
3935.556641 0.000000 1996.986694 0.000000 0.880093 0.000000 0.474802 0.397198 0.397198 0.397198
3933.680176 0.000000 2008.587891 0.000000 0.730984 0.000000 0.682394 0.417938 0.417938 0.417938
3950.202393 0.000000 1998.998535 0.000000 0.751461 0.000000 0.659777 0.290535 0.290535 0.290535
3916.400635 0.000000 1968.742432 0.000000 0.705576 0.000000 0.708634 0.381872 0.381872 0.381872
3915.408691 0.000000 1949.626953 0.000000 0.827557 0.000000 0.561382 0.389733 0.389733 0.389733
3912.285400 0.000000 1952.075317 0.000000 0.825889 0.000000 0.563832 0.391452 0.391452 0.391452
3916.205566 0.000000 1956.552734 0.000000 0.774531 0.000000 0.632536 0.284587 0.284587 0.284587
3898.152344 0.000000 1970.543213 0.000000 0.909575 0.000000 0.415541 0.416299 0.416299 0.416299
3929.778320 0.000000 1974.220947 0.000000 0.925524 0.000000 0.378689 0.382370 0.382370 0.382370
3926.779541 0.000000 1974.230103 0.000000 0.789726 0.000000 0.613460 0.309769 0.309769 0.309769
3913.796631 0.000000 1987.709229 0.000000 0.693484 0.000000 0.720472 0.370466 0.370466 0.370466
3920.001221 0.000000 1968.312378 0.000000 0.890019 0.000000 0.455924 0.382455 0.382455 0.382455
3899.624023 0.000000 1967.764893 0.000000 0.690679 0.000000 0.723162 0.242940 0.242940 0.242940
3921.510498 0.000000 1984.890503 0.000000 0.888057 0.000000 0.459734 0.354473 0.354473 0.354473
3922.786133 0.000000 1967.147217 0.000000 0.865417 0.000000 0.501053 0.354485 0.354485 0.354485
3944.018555 0.000000 1971.719482 0.000000 0.805931 0.000000 0.592009 0.361030 0.361030 0.361030
3914.923584 0.000000 1954.015747 0.000000 0.895856 0.000000 0.444345 0.358958 0.358958 0.358958
3953.504639 0.000000 1982.815674 0.000000 0.801158 0.000000 0.598452 0.331073 0.331073 0.331073
3912.792725 0.000000 1968.955933 0.000000 0.738699 0.000000 0.674036 0.257216 0.257216 0.257216
3916.705811 0.000000 1953.487427 0.000000 0.934038 0.000000 0.357173 0.368755 0.368755 0.368755
3900.386719 0.000000 1957.366943 0.000000 0.674103 0.000000 0.738637 0.242733 0.242733 0.242733
4051.131348 0.000000 1538.778809 0.000000 0.823954 0.000000 0.566657 0.366075 0.366075 0.366075
4288.656738 0.000000 1607.480713 0.000000 0.847634 0.000000 0.530581 0.380256 0.380256 0.380256
4289.334961 0.000000 1604.562378 0.000000 0.869069 0.000000 0.494692 0.338379 0.338379 0.338379
4306.223633 0.000000 1658.838257 0.000000 0.851448 0.000000 0.524439 0.376816 0.376816 0.376816
4609.189453 0.000000 187.397034 0.000000 0.822356 0.000000 0.568973 0.445240 0.445240 0.445240
4674.792480 0.000000 112.955109 0.000000 0.691747 0.000000 0.722140 0.420992 0.420992 0.420992
4672.929688 0.000000 133.864685 0.000000 0.754697 0.000000 0.656074 0.390508 0.390508 0.390508
4665.755859 0.000000 102.793411 0.000000 0.789455 0.000000 0.613809 0.432181 0.432181 0.432181
4674.227539 0.000000 145.534256 0.000000 0.925637 0.000000 0.378412 0.425149 0.425149 0.425149
4611.168945 0.000000 116.007507 0.000000 0.784478 0.000000 0.620157 0.416182 0.416182 0.416182
4623.625977 0.000000 110.910583 0.000000 0.849465 0.000000 0.527646 0.430018 0.430018 0.430018
4616.928711 0.000000 188.890808 0.000000 0.901996 0.000000 0.431745 0.432446 0.432446 0.432446
4676.173340 0.000000 143.446564 0.000000 0.900777 0.000000 0.434282 0.422746 0.422746 0.422746
4646.303223 0.000000 156.718964 0.000000 0.917166 0.000000 0.398505 0.419608 0.419608 0.419608
4639.495605 0.000000 148.455261 0.000000 0.758064 0.000000 0.652181 0.390138 0.390138 0.390138
4641.645996 0.000000 116.736191 0.000000 0.803342 0.000000 0.595518 0.391951 0.391951 0.391951
4640.005371 0.000000 121.605896 0.000000 0.695887 0.000000 0.718152 0.396898 0.396898 0.396898
4660.865723 0.000000 141.783081 0.000000 0.924480 0.000000 0.381230 0.433302 0.433302 0.433302
4663.308594 0.000000 174.362350 0.000000 0.812792 0.000000 0.582553 0.396205 0.396205 0.396205
4658.695801 0.000000 143.172089 0.000000 0.830181 0.000000 0.557495 0.422097 0.422097 0.422097
4622.545410 0.000000 129.674225 0.000000 0.769650 0.000000 0.638465 0.421214 0.421214 0.421214
4612.956055 0.000000 141.055389 0.000000 0.812749 0.000000 0.582615 0.424147 0.424147 0.424147
4650.937012 0.000000 166.678497 0.000000 0.870103 0.000000 0.492870 0.426840 0.426840 0.426840
4641.435059 0.000000 186.395508 0.000000 0.766975 0.000000 0.641676 0.385037 0.385037 0.385037
4628.262207 0.000000 148.349915 0.000000 0.925066 0.000000 0.379807 0.414986 0.414986 0.414986
4665.725586 0.000000 153.349518 0.000000 0.839178 0.000000 0.543856 0.413823 0.413823 0.413823
4670.800293 0.000000 141.373398 0.000000 0.703840 0.000000 0.710359 0.384323 0.384323 0.384323
4666.578125 0.000000 186.963226 0.000000 0.889986 0.000000 0.455988 0.426595 0.426595 0.426595
4633.428711 0.000000 167.435150 0.000000 0.797285 0.000000 0.603603 0.393943 0.393943 0.393943
4624.930176 0.000000 140.200836 0.000000 0.791498 0.000000 0.611172 0.401984 0.401984 0.401984
4631.068848 0.000000 159.943695 0.000000 0.718041 0.000000 0.696001 0.396380 0.396380 0.396380
4628.783691 0.000000 159.881470 0.000000 0.913799 0.000000 0.406168 0.419927 0.419927 0.419927
4610.273438 0.000000 118.020157 0.000000 0.932813 0.000000 0.360361 0.426393 0.426393 0.426393
4633.710938 0.000000 174.958542 0.000000 0.927268 0.000000 0.374397 0.415942 0.415942 0.415942
4675.199707 0.000000 127.816109 0.000000 0.722187 0.000000 0.691698 0.391647 0.391647 0.391647
4628.094238 0.000000 120.188377 0.000000 0.897588 0.000000 0.440834 0.413585 0.413585 0.413585
4646.115723 0.000000 180.237488 0.000000 0.753346 0.000000 0.657624 0.400012 0.400012 0.400012
4634.237793 0.000000 171.761292 0.000000 0.722669 0.000000 0.691194 0.398559 0.398559 0.398559
4617.264648 0.000000 121.384636 0.000000 0.736000 0.000000 0.676982 0.384834 0.384834 0.384834
4652.805664 0.000000 156.187988 0.000000 0.717115 0.000000 0.696955 0.379827 0.379827 0.379827
4672.493164 0.000000 140.350708 0.000000 0.820493 0.000000 0.571657 0.396676 0.396676 0.396676
4640.558594 0.000000 180.850006 0.000000 0.760943 0.000000 0.648819 0.387338 0.387338 0.387338
4674.615723 0.000000 142.275558 0.000000 0.771645 0.000000 0.636054 0.400434 0.400434 0.400434
4622.952637 0.000000 144.170700 0.000000 0.878835 0.000000 0.477125 0.414797 0.414797 0.414797
4671.211914 0.000000 117.576241 0.000000 0.859686 0.000000 0.510823 0.412053 0.412053 0.412053
4623.357422 0.000000 179.372971 0.000000 0.926945 0.000000 0.375196 0.417161 0.417161 0.417161
4661.291016 0.000000 112.263893 0.000000 0.846897 0.000000 0.531757 0.409687 0.409687 0.409687
4667.857910 0.000000 117.178909 0.000000 0.716669 0.000000 0.697414 0.383237 0.383237 0.383237
4659.315430 0.000000 175.856369 0.000000 0.685980 0.000000 0.727621 0.388666 0.388666 0.388666
4632.033203 0.000000 186.417328 0.000000 0.693697 0.000000 0.720267 0.354233 0.354233 0.354233
4668.584473 0.000000 179.112000 0.000000 0.793431 0.000000 0.608660 0.400745 0.400745 0.400745
4669.696777 0.000000 122.804451 0.000000 0.796733 0.000000 0.604332 0.397509 0.397509 0.397509
4675.865723 0.000000 136.937653 0.000000 0.720614 0.000000 0.693336 0.384588 0.384588 0.384588
4622.583008 0.000000 163.737823 0.000000 0.830967 0.000000 0.556322 0.400291 0.400291 0.400291
4607.532227 0.000000 166.897797 0.000000 0.811200 0.000000 0.584769 0.400881 0.400881 0.400881
4621.285156 0.000000 120.196709 0.000000 0.664355 0.000000 0.747417 0.376027 0.376027 0.376027
4626.442383 0.000000 180.529480 0.000000 0.831175 0.000000 0.556011 0.381114 0.381114 0.381114
4657.742676 0.000000 151.928009 0.000000 0.890018 0.000000 0.455925 0.409579 0.409579 0.409579
4646.701660 0.000000 150.526810 0.000000 0.907640 0.000000 0.419749 0.413989 0.413989 0.413989
4640.250488 0.000000 117.838959 0.000000 0.781519 0.000000 0.623881 0.388694 0.388694 0.388694
4630.907227 0.000000 179.021713 0.000000 0.795018 0.000000 0.606586 0.374582 0.374582 0.374582
4624.216797 0.000000 187.142715 0.000000 0.819988 0.000000 0.572380 0.389752 0.389752 0.389752
4609.858887 0.000000 128.187469 0.000000 0.802730 0.000000 0.596343 0.364580 0.364580 0.364580
4626.620605 0.000000 178.017029 0.000000 0.933644 0.000000 0.358203 0.407197 0.407197 0.407197
4680.076660 0.000000 116.717499 0.000000 0.721189 0.000000 0.692738 0.435384 0.435384 0.435384
4627.478027 0.000000 272.642029 0.000000 0.925139 0.000000 0.379627 0.440376 0.440376 0.440376
4624.827148 0.000000 200.099091 0.000000 0.791718 0.000000 0.610886 0.434496 0.434496 0.434496
4643.418457 0.000000 287.445892 0.000000 0.915111 0.000000 0.403202 0.445338 0.445338 0.445338
4664.742188 0.000000 272.545227 0.000000 0.751208 0.000000 0.660066 0.435422 0.435422 0.435422
4668.082520 0.000000 249.108109 0.000000 0.802496 0.000000 0.596658 0.409778 0.409778 0.409778
4668.770508 0.000000 282.017639 0.000000 0.931264 0.000000 0.364346 0.438688 0.438688 0.438688
4678.298340 0.000000 267.436890 0.000000 0.847582 0.000000 0.530664 0.400353 0.400353 0.400353
4628.166016 0.000000 279.991821 0.000000 0.705994 0.000000 0.708218 0.423476 0.423476 0.423476
4657.944336 0.000000 287.105743 0.000000 0.890865 0.000000 0.454268 0.415036 0.415036 0.415036
4655.637207 0.000000 221.804901 0.000000 0.710796 0.000000 0.703399 0.413188 0.413188 0.413188
4618.662598 0.000000 196.086349 0.000000 0.926249 0.000000 0.376913 0.433502 0.433502 0.433502
4659.679688 0.000000 255.539368 0.000000 0.801590 0.000000 0.597874 0.394563 0.394563 0.394563
4675.913574 0.000000 268.254089 0.000000 0.789113 0.000000 0.614249 0.408387 0.408387 0.408387
4635.410156 0.000000 191.983490 0.000000 0.918899 0.000000 0.394494 0.418110 0.418110 0.418110
4618.016602 0.000000 268.604126 0.000000 0.677872 0.000000 0.735180 0.405461 0.405461 0.405461
4613.044434 0.000000 269.447754 0.000000 0.864512 0.000000 0.502612 0.407403 0.407403 0.407403
4650.603027 0.000000 284.676239 0.000000 0.915030 0.000000 0.403386 0.428542 0.428542 0.428542
4610.635254 0.000000 279.260864 0.000000 0.836023 0.000000 0.548695 0.406935 0.406935 0.406935
4617.315430 0.000000 276.359161 0.000000 0.683482 0.000000 0.729967 0.379215 0.379215 0.379215
4671.866699 0.000000 273.662109 0.000000 0.931147 0.000000 0.364643 0.429453 0.429453 0.429453
4665.383301 0.000000 241.203766 0.000000 0.932482 0.000000 0.361216 0.423843 0.423843 0.423843
4656.490234 0.000000 237.269913 0.000000 0.821575 0.000000 0.570100 0.402976 0.402976 0.402976
4677.410645 0.000000 258.510803 0.000000 0.814651 0.000000 0.579951 0.400652 0.400652 0.400652
4618.118164 0.000000 286.772522 0.000000 0.692460 0.000000 0.721456 0.393866 0.393866 0.393866
4671.768066 0.000000 260.512115 0.000000 0.896427 0.000000 0.443192 0.416471 0.416471 0.416471
4612.098633 0.000000 275.229004 0.000000 0.710680 0.000000 0.703515 0.386004 0.386004 0.386004
4609.228516 0.000000 267.846558 0.000000 0.712523 0.000000 0.701649 0.379229 0.379229 0.379229
4659.869629 0.000000 235.280167 0.000000 0.897460 0.000000 0.441096 0.410483 0.410483 0.410483
4658.104004 0.000000 225.001465 0.000000 0.900725 0.000000 0.434390 0.413652 0.413652 0.413652
4610.347168 0.000000 275.091980 0.000000 0.875905 0.000000 0.482484 0.407011 0.407011 0.407011
4686.536133 0.000000 280.381226 0.000000 0.770157 0.000000 0.637855 0.404151 0.404151 0.404151
4679.523438 0.000000 259.768066 0.000000 0.910451 0.000000 0.413617 0.418861 0.418861 0.418861
4688.506348 0.000000 272.938568 0.000000 0.817638 0.000000 0.575733 0.413471 0.413471 0.413471
4627.142090 0.000000 310.005707 0.000000 0.832923 0.000000 0.553389 0.424965 0.424965 0.424965
4622.755371 0.000000 311.055237 0.000000 0.750276 0.000000 0.661124 0.430524 0.430524 0.430524
4669.532227 0.000000 300.178314 0.000000 0.898549 0.000000 0.438874 0.441323 0.441323 0.441323
4618.200684 0.000000 305.504883 0.000000 0.724610 0.000000 0.689160 0.426937 0.426937 0.426937
4657.404785 0.000000 312.136169 0.000000 0.806417 0.000000 0.591347 0.403796 0.403796 0.403796
4655.637207 0.000000 317.789276 0.000000 0.812892 0.000000 0.582414 0.420665 0.420665 0.420665
4641.450195 0.000000 298.151245 0.000000 0.750216 0.000000 0.661193 0.415102 0.415102 0.415102
4658.249512 0.000000 298.733459 0.000000 0.823810 0.000000 0.566867 0.400572 0.400572 0.400572
4663.093750 0.000000 313.904724 0.000000 0.870817 0.000000 0.491608 0.425173 0.425173 0.425173
4656.977051 0.000000 296.772797 0.000000 0.665556 0.000000 0.746348 0.379007 0.379007 0.379007
4648.862793 0.000000 306.801178 0.000000 0.888777 0.000000 0.458339 0.408278 0.408278 0.408278
4618.359863 0.000000 289.999573 0.000000 0.663871 0.000000 0.747848 0.395901 0.395901 0.395901
4622.907227 0.000000 295.561096 0.000000 0.826130 0.000000 0.563479 0.404271 0.404271 0.404271
4655.399414 0.000000 312.937500 0.000000 0.848420 0.000000 0.529324 0.410520 0.410520 0.410520
4659.008301 0.000000 305.220093 0.000000 0.690359 0.000000 0.723467 0.389120 0.389120 0.389120
4655.587891 0.000000 288.251740 0.000000 0.692431 0.000000 0.721484 0.381187 0.381187 0.381187
4884.291992 0.000000 427.204315 0.000000 0.668327 0.000000 0.743868 0.209690 0.209690 0.209690
"}
object={
	name="tree_swamp_02_generator_1_2"
	render_pass=Map
	clamp_to_water_level=no
	generated_content=yes
	layer="tree_high_layer"
	pdxmesh="tree_swamp_01_c_mesh"
	count=1958
	transform="4437.316406 0.000000 115.837479 0.000000 0.860323 0.000000 -0.509749 0.475840 0.475840 0.475840
4424.835938 0.000000 146.237854 0.000000 0.940903 0.000000 -0.338676 0.491533 0.491533 0.491533
4436.981445 0.000000 173.178131 0.000000 0.998245 0.000000 -0.059220 0.450466 0.450466 0.450466
4457.086426 0.000000 106.624306 0.000000 0.957854 0.000000 0.287255 0.436252 0.436252 0.436252
4431.777344 0.000000 112.956223 0.000000 0.990544 0.000000 0.137195 0.443815 0.443815 0.443815
4462.963379 0.000000 116.528091 0.000000 0.965112 0.000000 0.261838 0.440773 0.440773 0.440773
4406.188965 0.000000 157.430130 0.000000 0.977530 0.000000 -0.210796 0.452386 0.452386 0.452386
4421.157715 0.000000 162.240326 0.000000 0.999958 0.000000 0.009116 0.449099 0.449099 0.449099
4429.063965 0.000000 123.892982 0.000000 0.976173 0.000000 -0.216996 0.468922 0.468922 0.468922
4410.749512 0.000000 127.511330 0.000000 0.949593 0.000000 0.313484 0.430656 0.430656 0.430656
4411.777344 0.000000 187.946167 0.000000 0.980953 0.000000 0.194244 0.443851 0.443851 0.443851
4416.171875 0.000000 176.641815 0.000000 0.919915 0.000000 -0.392118 0.470823 0.470823 0.470823
4426.008789 0.000000 159.679718 0.000000 0.897522 0.000000 -0.440970 0.500792 0.500792 0.500792
4456.457520 0.000000 102.448219 0.000000 0.973239 0.000000 0.229796 0.437757 0.437757 0.437757
4457.031250 0.000000 116.653404 0.000000 0.966635 0.000000 0.256159 0.438941 0.438941 0.438941
4424.421387 0.000000 188.651062 0.000000 0.976526 0.000000 0.215399 0.441220 0.441220 0.441220
4404.169434 0.000000 124.577682 0.000000 0.940379 0.000000 -0.340129 0.456238 0.456238 0.456238
4412.720703 0.000000 131.784393 0.000000 0.882248 0.000000 -0.470784 0.483592 0.483592 0.483592
4444.744629 0.000000 114.039185 0.000000 0.845043 0.000000 -0.534698 0.477887 0.477887 0.477887
4432.438477 0.000000 122.496765 0.000000 0.915760 0.000000 -0.401725 0.479724 0.479724 0.479724
4421.595215 0.000000 120.750160 0.000000 0.857937 0.000000 -0.513755 0.522133 0.522133 0.522133
4407.060547 0.000000 127.209961 0.000000 0.999854 0.000000 0.017102 0.449481 0.449481 0.449481
4459.719238 0.000000 103.887123 0.000000 0.921671 0.000000 -0.387971 0.469695 0.469695 0.469695
4456.563477 0.000000 110.209381 0.000000 0.922184 0.000000 -0.386752 0.466953 0.466953 0.466953
4425.645020 0.000000 133.421967 0.000000 0.938100 0.000000 0.346363 0.414635 0.414635 0.414635
4462.503906 0.000000 113.076385 0.000000 0.997797 0.000000 -0.066336 0.451865 0.451865 0.451865
4426.035156 0.000000 152.688858 0.000000 0.872738 0.000000 -0.488188 0.504432 0.504432 0.504432
4428.888184 0.000000 165.737442 0.000000 0.997628 0.000000 -0.068842 0.455341 0.455341 0.455341
4417.229492 0.000000 126.693085 0.000000 0.936909 0.000000 -0.349573 0.485707 0.485707 0.485707
4449.229980 0.000000 112.580780 0.000000 0.999995 0.000000 0.003190 0.449839 0.449839 0.449839
4457.507812 0.000000 151.325958 0.000000 0.965302 0.000000 0.261135 0.441096 0.441096 0.441096
4422.558105 0.000000 181.214508 0.000000 0.993941 0.000000 0.109912 0.445051 0.445051 0.445051
4419.971680 0.000000 130.994980 0.000000 0.937087 0.000000 0.349095 0.409937 0.409937 0.409937
4420.618652 0.000000 158.916931 0.000000 0.945397 0.000000 0.325922 0.413076 0.413076 0.413076
4413.597168 0.000000 174.315765 0.000000 0.991181 0.000000 0.132516 0.443878 0.443878 0.443878
4449.779297 0.000000 102.793411 0.000000 0.998052 0.000000 -0.062380 0.452525 0.452525 0.452525
4416.796875 0.000000 181.863083 0.000000 0.951895 0.000000 0.306425 0.434255 0.434255 0.434255
4433.862793 0.000000 179.897217 0.000000 0.981806 0.000000 -0.189885 0.454936 0.454936 0.454936
4460.012207 0.000000 117.193321 0.000000 0.969040 0.000000 0.246904 0.440470 0.440470 0.440470
4427.202637 0.000000 171.220581 0.000000 0.859702 0.000000 -0.510797 0.484331 0.484331 0.484331
4423.500977 0.000000 126.990685 0.000000 0.952998 0.000000 -0.302975 0.489423 0.489423 0.489423
4462.076172 0.000000 130.104660 0.000000 0.830103 0.000000 -0.557610 0.487878 0.487878 0.487878
4449.979492 0.000000 118.019966 0.000000 0.986141 0.000000 0.165911 0.438390 0.438390 0.438390
4456.737305 0.000000 169.411804 0.000000 0.932032 0.000000 -0.362375 0.462914 0.462914 0.462914
4432.641113 0.000000 167.714966 0.000000 0.923097 0.000000 -0.384566 0.470399 0.470399 0.470399
4435.219238 0.000000 123.507698 0.000000 0.987135 0.000000 -0.159887 0.460643 0.460643 0.460643
4440.125488 0.000000 116.411942 0.000000 0.970743 0.000000 0.240120 0.438013 0.438013 0.438013
4415.873047 0.000000 142.752319 0.000000 0.993544 0.000000 0.113445 0.440037 0.440037 0.440037
4429.480957 0.000000 140.074036 0.000000 0.985539 0.000000 0.169451 0.436610 0.436610 0.436610
4452.006348 0.000000 183.338013 0.000000 1.000000 0.000000 -0.000732 0.450036 0.450036 0.450036
4417.846680 0.000000 186.046265 0.000000 0.994075 0.000000 0.108697 0.444616 0.444616 0.444616
4414.072754 0.000000 137.586182 0.000000 0.951360 0.000000 -0.308082 0.475332 0.475332 0.475332
4420.357422 0.000000 171.259720 0.000000 0.999865 0.000000 0.016455 0.448687 0.448687 0.448687
4454.983887 0.000000 99.712593 0.000000 0.971060 0.000000 0.238838 0.439162 0.439162 0.439162
4422.134766 0.000000 153.576691 0.000000 0.999983 0.000000 0.005786 0.449272 0.449272 0.449272
4454.218750 0.000000 115.858116 0.000000 0.988865 0.000000 0.148815 0.443959 0.443959 0.443959
4445.323242 0.000000 116.949387 0.000000 0.936032 0.000000 0.351914 0.431416 0.431416 0.431416
4424.669922 0.000000 176.453339 0.000000 0.942912 0.000000 0.333043 0.430546 0.430546 0.430546
4459.047363 0.000000 166.908432 0.000000 0.973276 0.000000 0.229640 0.440368 0.440368 0.440368
4453.661133 0.000000 189.091568 0.000000 0.864169 0.000000 -0.503202 0.486136 0.486136 0.486136
4451.380371 0.000000 171.211945 0.000000 0.943517 0.000000 0.331324 0.432548 0.432548 0.432548
4460.775879 0.000000 138.605072 0.000000 0.996770 0.000000 0.080308 0.445394 0.445394 0.445394
4424.592773 0.000000 169.933914 0.000000 0.978283 0.000000 -0.207276 0.466889 0.466889 0.466889
4416.696289 0.000000 179.195099 0.000000 0.936169 0.000000 -0.351550 0.468564 0.468564 0.468564
4441.428223 0.000000 120.167389 0.000000 0.983780 0.000000 -0.179380 0.460536 0.460536 0.460536
4459.284668 0.000000 134.942841 0.000000 0.984781 0.000000 -0.173800 0.463345 0.463345 0.463345
4437.332520 0.000000 121.968994 0.000000 0.987879 0.000000 0.155228 0.441420 0.441420 0.441420
4448.027344 0.000000 190.315125 0.000000 0.995483 0.000000 -0.094945 0.454914 0.454914 0.454914
4414.180176 0.000000 164.358887 0.000000 0.980933 0.000000 -0.194345 0.463404 0.463404 0.463404
4447.754883 0.000000 108.656265 0.000000 0.931301 0.000000 -0.364251 0.467592 0.467592 0.467592
4419.851562 0.000000 156.522507 0.000000 0.997887 0.000000 -0.064968 0.456866 0.456866 0.456866
4455.166016 0.000000 185.259003 0.000000 0.900323 0.000000 -0.435222 0.479340 0.479340 0.479340
4428.754883 0.000000 153.364761 0.000000 0.976311 0.000000 0.216371 0.428193 0.428193 0.428193
4456.982910 0.000000 96.155518 0.000000 0.992233 0.000000 0.124394 0.444536 0.444536 0.444536
4409.064453 0.000000 125.807243 0.000000 0.960006 0.000000 0.279980 0.435335 0.435335 0.435335
4456.074707 0.000000 136.140320 0.000000 0.998484 0.000000 0.055051 0.445854 0.445854 0.445854
4459.507324 0.000000 125.707703 0.000000 0.995990 0.000000 0.089469 0.443458 0.443458 0.443458
4461.946777 0.000000 103.088013 0.000000 0.995145 0.000000 -0.098418 0.455094 0.455094 0.455094
4415.937012 0.000000 119.125847 0.000000 0.991448 0.000000 -0.130501 0.465438 0.465438 0.465438
4438.157715 0.000000 127.937469 0.000000 0.999078 0.000000 -0.042931 0.453522 0.453522 0.453522
4447.117188 0.000000 121.935944 0.000000 0.987452 0.000000 0.157918 0.436638 0.436638 0.436638
4460.116699 0.000000 98.657722 0.000000 0.926774 0.000000 -0.375621 0.469034 0.469034 0.469034
4439.502441 0.000000 160.509552 0.000000 0.997628 0.000000 -0.068831 0.455185 0.455185 0.455185
4447.310547 0.000000 113.806519 0.000000 0.992871 0.000000 -0.119195 0.456174 0.456174 0.456174
4425.375977 0.000000 166.323685 0.000000 0.994150 0.000000 -0.108009 0.459362 0.459362 0.459362
4450.896973 0.000000 168.491394 0.000000 0.984552 0.000000 -0.175095 0.459293 0.459293 0.459293
4429.519531 0.000000 113.579636 0.000000 0.932610 0.000000 -0.360886 0.467836 0.467836 0.467836
4454.022949 0.000000 102.437408 0.000000 0.825416 0.000000 -0.564525 0.478304 0.478304 0.478304
4413.286621 0.000000 152.929977 0.000000 0.913088 0.000000 -0.407762 0.471233 0.471233 0.471233
4450.601562 0.000000 186.963226 0.000000 0.993101 0.000000 0.117263 0.443926 0.443926 0.443926
4412.925781 0.000000 126.502716 0.000000 0.999942 0.000000 -0.010808 0.450826 0.450826 0.450826
4455.780762 0.000000 104.640205 0.000000 0.845777 0.000000 -0.533537 0.477187 0.477187 0.477187
4422.154785 0.000000 123.105072 0.000000 0.946599 0.000000 -0.322414 0.494994 0.494994 0.494994
4423.122559 0.000000 119.123222 0.000000 0.960669 0.000000 -0.277698 0.486672 0.486672 0.486672
4450.565918 0.000000 140.328796 0.000000 0.997872 0.000000 0.065211 0.446408 0.446408 0.446408
4414.600098 0.000000 112.773827 0.000000 0.978110 0.000000 0.208089 0.433044 0.433044 0.433044
4413.128906 0.000000 122.742943 0.000000 0.965977 0.000000 -0.258627 0.473512 0.473512 0.473512
4420.068359 0.000000 149.412048 0.000000 0.890240 0.000000 -0.455492 0.511100 0.511100 0.511100
4430.915527 0.000000 166.429611 0.000000 0.944668 0.000000 -0.328028 0.468774 0.468774 0.468774
4432.623535 0.000000 138.543198 0.000000 0.958443 0.000000 -0.285284 0.469501 0.469501 0.469501
4419.964355 0.000000 135.152557 0.000000 0.825863 0.000000 -0.563871 0.511918 0.511918 0.511918
4419.354004 0.000000 125.923706 0.000000 0.972740 0.000000 0.231900 0.420816 0.420816 0.420816
4413.478516 0.000000 118.448013 0.000000 0.952650 0.000000 -0.304068 0.480545 0.480545 0.480545
4459.223145 0.000000 127.816109 0.000000 0.998662 0.000000 0.051705 0.445932 0.445932 0.445932
4423.581055 0.000000 132.754395 0.000000 0.999747 0.000000 -0.022474 0.452449 0.452449 0.452449
4461.977539 0.000000 176.133865 0.000000 0.996938 0.000000 0.078193 0.444460 0.444460 0.444460
4412.320801 0.000000 112.036636 0.000000 0.834675 0.000000 -0.550742 0.490626 0.490626 0.490626
4427.803223 0.000000 163.787262 0.000000 0.987535 0.000000 0.157403 0.434906 0.434906 0.434906
4415.683105 0.000000 162.906662 0.000000 0.947277 0.000000 -0.320416 0.472352 0.472352 0.472352
4417.485840 0.000000 124.672867 0.000000 0.973599 0.000000 0.228267 0.424904 0.424904 0.424904
4433.974609 0.000000 141.932495 0.000000 0.881397 0.000000 -0.472377 0.483163 0.483163 0.483163
4412.211426 0.000000 128.843689 0.000000 0.908213 0.000000 -0.418508 0.481047 0.481047 0.481047
4415.201660 0.000000 126.506470 0.000000 0.994867 0.000000 0.101194 0.440890 0.440890 0.440890
4429.667969 0.000000 117.606186 0.000000 0.874933 0.000000 -0.484245 0.485210 0.485210 0.485210
4416.230957 0.000000 128.372040 0.000000 0.954059 0.000000 -0.299618 0.480083 0.480083 0.480083
4427.390625 0.000000 132.300140 0.000000 0.983502 0.000000 0.180895 0.434061 0.434061 0.434061
4462.115723 0.000000 173.474152 0.000000 0.999759 0.000000 0.021968 0.448420 0.448420 0.448420
4438.195801 0.000000 123.890076 0.000000 0.956936 0.000000 -0.290300 0.469854 0.469854 0.469854
4433.992676 0.000000 163.493958 0.000000 0.999616 0.000000 -0.027722 0.452243 0.452243 0.452243
4421.735840 0.000000 136.008102 0.000000 0.972582 0.000000 0.232560 0.423632 0.423632 0.423632
4416.222656 0.000000 140.738464 0.000000 0.976588 0.000000 -0.215117 0.472653 0.472653 0.472653
4414.491211 0.000000 166.241211 0.000000 0.972256 0.000000 0.233918 0.433024 0.433024 0.433024
4454.347168 0.000000 120.494461 0.000000 0.962590 0.000000 0.270963 0.431196 0.431196 0.431196
4460.958984 0.000000 191.217346 0.000000 0.824016 0.000000 -0.566566 0.513609 0.513609 0.513609
4426.529297 0.000000 147.233368 0.000000 0.997801 0.000000 0.066279 0.443145 0.443145 0.443145
4420.150879 0.000000 132.849442 0.000000 0.998465 0.000000 0.055377 0.443775 0.443775 0.443775
4427.017578 0.000000 165.524780 0.000000 0.945976 0.000000 -0.324238 0.478565 0.478565 0.478565
4421.128906 0.000000 155.103943 0.000000 0.997836 0.000000 0.065748 0.442165 0.442165 0.442165
4434.175781 0.000000 130.229401 0.000000 0.966752 0.000000 0.255715 0.429374 0.429374 0.429374
4440.545898 0.000000 130.313751 0.000000 0.958547 0.000000 -0.284936 0.476618 0.476618 0.476618
4428.215820 0.000000 160.683350 0.000000 0.889590 0.000000 -0.456761 0.498495 0.498495 0.498495
4416.676270 0.000000 134.171432 0.000000 0.999696 0.000000 0.024647 0.447618 0.447618 0.447618
4442.557617 0.000000 133.268997 0.000000 0.920803 0.000000 -0.390029 0.490961 0.490961 0.490961
4418.927734 0.000000 158.249542 0.000000 0.979853 0.000000 -0.199722 0.471460 0.471460 0.471460
4430.238281 0.000000 147.106155 0.000000 0.873867 0.000000 -0.486165 0.495059 0.495059 0.495059
4429.608398 0.000000 155.006653 0.000000 0.989809 0.000000 -0.142402 0.464929 0.464929 0.464929
4421.742188 0.000000 148.807648 0.000000 0.997830 0.000000 -0.065839 0.458512 0.458512 0.458512
4454.963379 0.000000 126.980171 0.000000 0.996584 0.000000 -0.082591 0.458453 0.458453 0.458453
4416.343262 0.000000 161.187256 0.000000 0.995402 0.000000 -0.095790 0.458515 0.458515 0.458515
4460.963867 0.000000 187.596344 0.000000 0.980642 0.000000 -0.195807 0.469705 0.469705 0.469705
4419.809082 0.000000 117.273788 0.000000 0.967448 0.000000 -0.253070 0.481618 0.481618 0.481618
4432.406250 0.000000 160.576141 0.000000 0.968070 0.000000 -0.250680 0.473627 0.473627 0.473627
4424.273926 0.000000 117.838959 0.000000 0.912923 0.000000 -0.408131 0.495341 0.495341 0.495341
4427.453125 0.000000 135.079605 0.000000 0.976864 0.000000 -0.213863 0.468402 0.468402 0.468402
4416.398926 0.000000 157.658508 0.000000 0.961064 0.000000 0.276327 0.424523 0.424523 0.424523
4440.435547 0.000000 135.157349 0.000000 0.991383 0.000000 0.130995 0.437750 0.437750 0.437750
4420.606445 0.000000 169.562073 0.000000 0.993566 0.000000 0.113251 0.440182 0.440182 0.440182
4427.000000 0.000000 140.655396 0.000000 0.983142 0.000000 0.182846 0.434093 0.434093 0.434093
4418.737793 0.000000 127.530319 0.000000 0.999506 0.000000 -0.031416 0.453601 0.453601 0.453601
4423.946289 0.000000 144.609146 0.000000 0.952214 0.000000 -0.305433 0.486266 0.486266 0.486266
4425.159668 0.000000 127.438599 0.000000 0.997787 0.000000 0.066486 0.442002 0.442002 0.442002
4430.376465 0.000000 152.874283 0.000000 0.957502 0.000000 0.288426 0.421403 0.421403 0.421403
4455.471191 0.000000 130.149429 0.000000 0.999978 0.000000 -0.006562 0.450686 0.450686 0.450686
4421.884766 0.000000 126.838440 0.000000 0.979372 0.000000 -0.202064 0.475601 0.475601 0.475601
4425.060059 0.000000 147.971115 0.000000 0.967452 0.000000 0.253054 0.419246 0.419246 0.419246
4418.739746 0.000000 136.331543 0.000000 0.988737 0.000000 0.149660 0.434304 0.434304 0.434304
4417.460449 0.000000 114.701729 0.000000 0.957100 0.000000 0.289756 0.418955 0.418955 0.418955
4425.445312 0.000000 120.832306 0.000000 0.992611 0.000000 -0.121336 0.464895 0.464895 0.464895
4428.656738 0.000000 157.260239 0.000000 0.844910 0.000000 -0.534908 0.511505 0.511505 0.511505
4424.481445 0.000000 159.977478 0.000000 0.960337 0.000000 0.278843 0.418570 0.418570 0.418570
4454.318848 0.000000 129.040619 0.000000 0.999980 0.000000 0.006345 0.449316 0.449316 0.449316
4415.491699 0.000000 121.531120 0.000000 0.988717 0.000000 -0.149797 0.467568 0.467568 0.467568
4423.055176 0.000000 154.961212 0.000000 0.996954 0.000000 -0.077997 0.459385 0.459385 0.459385
4419.877441 0.000000 120.344925 0.000000 1.000000 0.000000 0.000110 0.449986 0.449986 0.449986
4447.178223 0.000000 131.522903 0.000000 0.937524 0.000000 0.347922 0.406884 0.406884 0.406884
4448.193848 0.000000 128.671539 0.000000 0.826924 0.000000 -0.562314 0.523799 0.523799 0.523799
4424.149902 0.000000 120.147247 0.000000 0.994819 0.000000 0.101662 0.437529 0.437529 0.437529
4421.846191 0.000000 118.488159 0.000000 0.823375 0.000000 -0.567498 0.530677 0.530677 0.530677
4422.937500 0.000000 120.706863 0.000000 0.995078 0.000000 0.099090 0.436173 0.436173 0.436173
4529.873047 0.000000 82.891090 0.000000 0.995126 0.000000 0.098611 0.448336 0.448336 0.448336
4475.425293 0.000000 84.222862 0.000000 0.894228 0.000000 -0.447612 0.464077 0.464077 0.464077
4472.038574 0.000000 95.438484 0.000000 0.855828 0.000000 -0.517260 0.475652 0.475652 0.475652
4468.365234 0.000000 85.262428 0.000000 0.950269 0.000000 -0.311430 0.453914 0.453914 0.453914
4476.133789 0.000000 77.503334 0.000000 0.938387 0.000000 0.345586 0.446432 0.446432 0.446432
4494.225098 0.000000 72.658783 0.000000 0.988923 0.000000 0.148428 0.448661 0.448661 0.448661
4533.438477 0.000000 93.349548 0.000000 0.911164 0.000000 -0.412045 0.471471 0.471471 0.471471
4532.449219 0.000000 78.746788 0.000000 0.961115 0.000000 0.276150 0.446542 0.446542 0.446542
4526.940430 0.000000 86.862053 0.000000 0.983353 0.000000 -0.181707 0.453284 0.453284 0.453284
4483.769531 0.000000 91.961777 0.000000 0.963613 0.000000 -0.267302 0.463376 0.463376 0.463376
4525.737793 0.000000 81.611374 0.000000 0.940903 0.000000 0.338677 0.443013 0.443013 0.443013
4520.757812 0.000000 80.576447 0.000000 0.989101 0.000000 -0.147241 0.454981 0.454981 0.454981
4504.766602 0.000000 78.033150 0.000000 0.925924 0.000000 -0.377710 0.467841 0.467841 0.467841
4477.400879 0.000000 88.028633 0.000000 0.980365 0.000000 0.197193 0.441303 0.441303 0.441303
4507.366699 0.000000 81.194550 0.000000 0.971696 0.000000 0.236233 0.437943 0.437943 0.437943
4469.224609 0.000000 92.344719 0.000000 0.941548 0.000000 -0.336880 0.461967 0.461967 0.461967
4488.317871 0.000000 92.397484 0.000000 0.982004 0.000000 0.188859 0.443596 0.443596 0.443596
4525.112793 0.000000 73.138008 0.000000 0.912271 0.000000 -0.409586 0.457585 0.457585 0.457585
4514.134277 0.000000 85.365761 0.000000 0.998784 0.000000 0.049308 0.447950 0.447950 0.447950
4507.590332 0.000000 94.687828 0.000000 0.829217 0.000000 -0.558926 0.461993 0.461993 0.461993
4507.715332 0.000000 68.379173 0.000000 0.998027 0.000000 -0.062785 0.451412 0.451412 0.451412
4514.188477 0.000000 91.891144 0.000000 0.857608 0.000000 -0.514304 0.463958 0.463958 0.463958
4472.450195 0.000000 86.421303 0.000000 0.941535 0.000000 0.336916 0.440348 0.440348 0.440348
4518.757812 0.000000 86.957542 0.000000 0.999875 0.000000 -0.015782 0.450443 0.450443 0.450443
4475.443359 0.000000 91.893921 0.000000 0.855673 0.000000 -0.517517 0.470777 0.470777 0.470777
4520.645996 0.000000 73.101379 0.000000 0.983633 0.000000 0.180182 0.444505 0.444505 0.444505
4491.033691 0.000000 81.328979 0.000000 0.954195 0.000000 0.299186 0.439077 0.439077 0.439077
4489.838867 0.000000 90.061874 0.000000 0.914459 0.000000 -0.404680 0.466850 0.466850 0.466850
4505.675293 0.000000 89.701614 0.000000 0.840295 0.000000 -0.542130 0.473817 0.473817 0.473817
4503.818359 0.000000 85.594650 0.000000 0.955636 0.000000 -0.294551 0.465115 0.465115 0.465115
4532.841797 0.000000 84.722809 0.000000 0.999323 0.000000 -0.036778 0.451446 0.451446 0.451446
4511.494141 0.000000 77.299072 0.000000 0.909081 0.000000 -0.416619 0.472207 0.472207 0.472207
4512.551270 0.000000 82.204483 0.000000 0.972903 0.000000 0.231216 0.438728 0.438728 0.438728
4515.441895 0.000000 74.268478 0.000000 0.970473 0.000000 -0.241209 0.462042 0.462042 0.462042
4504.877930 0.000000 80.405724 0.000000 0.927519 0.000000 -0.373776 0.468506 0.468506 0.468506
4507.169922 0.000000 78.893997 0.000000 0.978730 0.000000 -0.205153 0.459981 0.459981 0.459981
4539.834473 0.000000 89.070839 0.000000 0.995337 0.000000 -0.096454 0.457923 0.457923 0.457923
4544.442383 0.000000 86.421303 0.000000 0.988204 0.000000 0.153141 0.437909 0.437909 0.437909
4553.238770 0.000000 83.212616 0.000000 0.971247 0.000000 -0.238075 0.455941 0.455941 0.455941
4536.531250 0.000000 83.114197 0.000000 0.836289 0.000000 -0.548290 0.476730 0.476730 0.476730
4544.938965 0.000000 78.706718 0.000000 0.901335 0.000000 -0.433122 0.466607 0.466607 0.466607
4541.493164 0.000000 95.060677 0.000000 0.951180 0.000000 -0.308637 0.476084 0.476084 0.476084
4537.907227 0.000000 85.188553 0.000000 0.941682 0.000000 -0.336503 0.469278 0.469278 0.469278
4543.174316 0.000000 91.053299 0.000000 0.889897 0.000000 -0.456161 0.485122 0.485122 0.485122
4547.550781 0.000000 89.572380 0.000000 0.996540 0.000000 0.083120 0.444484 0.444484 0.444484
4540.186523 0.000000 93.827148 0.000000 0.841837 0.000000 -0.539732 0.498037 0.498037 0.498037
4513.660156 0.000000 99.600800 0.000000 0.969560 0.000000 -0.244854 0.450278 0.450278 0.450278
4478.850586 0.000000 139.235123 0.000000 0.953978 0.000000 0.299876 0.447605 0.447605 0.447605
4511.814941 0.000000 122.807365 0.000000 0.994258 0.000000 -0.107006 0.451084 0.451084 0.451084
4474.626465 0.000000 116.733215 0.000000 0.973241 0.000000 0.229787 0.448437 0.448437 0.448437
4467.025879 0.000000 103.848251 0.000000 0.951038 0.000000 -0.309073 0.464826 0.464826 0.464826
4528.922852 0.000000 161.887390 0.000000 0.998578 0.000000 0.053301 0.445627 0.445627 0.445627
4514.762207 0.000000 118.017944 0.000000 0.838482 0.000000 -0.544930 0.470718 0.470718 0.470718
4523.434082 0.000000 160.888977 0.000000 0.952325 0.000000 -0.305085 0.474033 0.474033 0.474033
4527.866699 0.000000 166.577057 0.000000 0.913812 0.000000 -0.406138 0.470674 0.470674 0.470674
4483.989258 0.000000 97.503807 0.000000 0.965274 0.000000 -0.261241 0.461580 0.461580 0.461580
4478.886719 0.000000 108.214172 0.000000 0.984898 0.000000 -0.173138 0.452150 0.452150 0.452150
4463.554688 0.000000 100.960907 0.000000 0.894619 0.000000 -0.446829 0.472898 0.472898 0.472898
4485.817871 0.000000 180.398071 0.000000 0.978508 0.000000 0.206210 0.446967 0.446967 0.446967
4491.312012 0.000000 154.071228 0.000000 0.945355 0.000000 0.326042 0.420524 0.420524 0.420524
4475.723145 0.000000 96.486168 0.000000 0.983321 0.000000 -0.181877 0.459246 0.459246 0.459246
4470.156738 0.000000 96.116776 0.000000 0.988547 0.000000 0.150912 0.442512 0.442512 0.442512
4522.182129 0.000000 109.347763 0.000000 0.952372 0.000000 0.304937 0.429112 0.429112 0.429112
4463.726074 0.000000 138.289841 0.000000 0.998693 0.000000 -0.051112 0.452355 0.452355 0.452355
4466.142578 0.000000 131.855972 0.000000 0.999986 0.000000 0.005358 0.449801 0.449801 0.449801
4517.703613 0.000000 139.457169 0.000000 0.902227 0.000000 -0.431262 0.482060 0.482060 0.482060
4467.077637 0.000000 121.653885 0.000000 0.999991 0.000000 -0.004348 0.450156 0.450156 0.450156
4463.643555 0.000000 104.999100 0.000000 0.975441 0.000000 0.220261 0.439521 0.439521 0.439521
4520.645996 0.000000 169.085754 0.000000 0.915699 0.000000 -0.401864 0.460221 0.460221 0.460221
4477.403320 0.000000 105.068558 0.000000 0.862734 0.000000 -0.505658 0.464890 0.464890 0.464890
4497.889160 0.000000 149.436325 0.000000 0.992174 0.000000 0.124860 0.444656 0.444656 0.444656
4463.518066 0.000000 125.819901 0.000000 0.988304 0.000000 -0.152497 0.458600 0.458600 0.458600
4492.610840 0.000000 158.916931 0.000000 0.942123 0.000000 0.335267 0.425034 0.425034 0.425034
4486.445801 0.000000 157.788467 0.000000 0.926126 0.000000 -0.377215 0.482156 0.482156 0.482156
4463.942383 0.000000 111.184082 0.000000 0.966524 0.000000 0.256575 0.442712 0.442712 0.442712
4467.467285 0.000000 128.308182 0.000000 0.985014 0.000000 -0.172474 0.457011 0.457011 0.457011
4495.125977 0.000000 165.886200 0.000000 0.996241 0.000000 -0.086620 0.453605 0.453605 0.453605
4516.034668 0.000000 108.655418 0.000000 0.891226 0.000000 -0.453560 0.464808 0.464808 0.464808
4521.971680 0.000000 118.019966 0.000000 0.960003 0.000000 -0.279989 0.470723 0.470723 0.470723
4477.040039 0.000000 99.075279 0.000000 0.999756 0.000000 0.022113 0.448907 0.448907 0.448907
4524.604492 0.000000 121.243813 0.000000 0.961806 0.000000 0.273734 0.420719 0.420719 0.420719
4487.865234 0.000000 142.752319 0.000000 0.882644 0.000000 -0.470043 0.466492 0.466492 0.466492
4489.285156 0.000000 156.213608 0.000000 0.980086 0.000000 0.198575 0.434728 0.434728 0.434728
4469.678223 0.000000 122.909485 0.000000 0.992242 0.000000 -0.124324 0.454621 0.454621 0.454621
4529.825195 0.000000 164.571091 0.000000 0.994794 0.000000 -0.101909 0.456193 0.456193 0.456193
4477.075684 0.000000 151.290405 0.000000 0.974117 0.000000 0.226044 0.437704 0.437704 0.437704
4497.325684 0.000000 157.038055 0.000000 0.958261 0.000000 -0.285894 0.476384 0.476384 0.476384
4467.260742 0.000000 97.006165 0.000000 0.996377 0.000000 0.085044 0.446174 0.446174 0.446174
4495.244141 0.000000 159.053497 0.000000 0.912594 0.000000 -0.408868 0.482652 0.482652 0.482652
4519.052246 0.000000 133.499893 0.000000 0.968620 0.000000 0.248547 0.439559 0.439559 0.439559
4492.284668 0.000000 151.607285 0.000000 0.930887 0.000000 -0.365307 0.473107 0.473107 0.473107
4472.574707 0.000000 153.150986 0.000000 0.997180 0.000000 -0.075050 0.453460 0.453460 0.453460
4466.920898 0.000000 106.549065 0.000000 0.952479 0.000000 -0.304603 0.461475 0.461475 0.461475
4495.511230 0.000000 148.455261 0.000000 0.961971 0.000000 -0.273153 0.463055 0.463055 0.463055
4478.485352 0.000000 174.647446 0.000000 0.889261 0.000000 -0.457400 0.478821 0.478821 0.478821
4531.276855 0.000000 134.942841 0.000000 0.993416 0.000000 0.114564 0.437746 0.437746 0.437746
4524.543457 0.000000 138.182800 0.000000 0.992321 0.000000 -0.123692 0.460309 0.460309 0.460309
4535.360840 0.000000 154.467621 0.000000 0.917295 0.000000 -0.398208 0.474847 0.474847 0.474847
4519.747070 0.000000 108.656265 0.000000 0.895729 0.000000 -0.444600 0.470187 0.470187 0.470187
4491.843750 0.000000 156.522507 0.000000 0.975443 0.000000 0.220251 0.432536 0.432536 0.432536
4522.200195 0.000000 123.088142 0.000000 0.851323 0.000000 -0.524642 0.500258 0.500258 0.500258
4531.318848 0.000000 162.588379 0.000000 0.928392 0.000000 -0.371604 0.477803 0.477803 0.477803
4463.546875 0.000000 163.783691 0.000000 0.996907 0.000000 0.078590 0.445227 0.445227 0.445227
4463.541504 0.000000 154.574600 0.000000 0.976906 0.000000 0.213669 0.438630 0.438630 0.438630
4534.693848 0.000000 158.638306 0.000000 0.992023 0.000000 0.126059 0.439776 0.439776 0.439776
4465.479004 0.000000 123.872452 0.000000 0.971703 0.000000 0.236204 0.439284 0.439284 0.439284
4530.428223 0.000000 159.996826 0.000000 0.982125 0.000000 -0.188231 0.465317 0.465317 0.465317
4528.066895 0.000000 136.140320 0.000000 0.881370 0.000000 -0.472427 0.495881 0.495881 0.495881
4520.651367 0.000000 136.066315 0.000000 0.990808 0.000000 0.135276 0.440701 0.440701 0.440701
4533.938965 0.000000 103.088013 0.000000 0.970605 0.000000 -0.240676 0.463926 0.463926 0.463926
4465.764160 0.000000 175.453018 0.000000 0.853379 0.000000 -0.521291 0.495588 0.495588 0.495588
4525.243164 0.000000 165.695816 0.000000 0.937031 0.000000 0.349245 0.429559 0.429559 0.429559
4514.554199 0.000000 163.609009 0.000000 0.995927 0.000000 0.090160 0.444320 0.444320 0.444320
4479.356445 0.000000 150.871704 0.000000 0.990613 0.000000 0.136693 0.441527 0.441527 0.441527
4487.084473 0.000000 159.943695 0.000000 0.997415 0.000000 0.071863 0.444021 0.444021 0.444021
4505.627441 0.000000 154.383881 0.000000 0.998451 0.000000 0.055644 0.445809 0.445809 0.445809
4484.445312 0.000000 146.032562 0.000000 0.999911 0.000000 -0.013347 0.450810 0.450810 0.450810
4480.665527 0.000000 170.582794 0.000000 0.999235 0.000000 -0.039115 0.452110 0.452110 0.452110
4530.340820 0.000000 115.017174 0.000000 0.911969 0.000000 -0.410259 0.487044 0.487044 0.487044
4484.812988 0.000000 156.375259 0.000000 0.920226 0.000000 -0.391387 0.484787 0.484787 0.484787
4525.057617 0.000000 114.065460 0.000000 0.943616 0.000000 0.331041 0.423845 0.423845 0.423845
4526.958984 0.000000 106.593353 0.000000 0.952356 0.000000 0.304988 0.426672 0.426672 0.426672
4487.675293 0.000000 162.906662 0.000000 0.913281 0.000000 -0.407331 0.479693 0.479693 0.479693
4529.792969 0.000000 108.619331 0.000000 0.878664 0.000000 -0.477441 0.492498 0.492498 0.492498
4529.356445 0.000000 121.624519 0.000000 0.998357 0.000000 0.057295 0.442787 0.442787 0.442787
4502.075684 0.000000 160.322052 0.000000 0.943892 0.000000 -0.330253 0.473065 0.473065 0.473065
4475.289062 0.000000 168.025940 0.000000 0.989692 0.000000 -0.143209 0.463723 0.463723 0.463723
4478.555664 0.000000 172.629837 0.000000 0.978688 0.000000 0.205351 0.436988 0.436988 0.436988
4531.418457 0.000000 150.889664 0.000000 0.854728 0.000000 -0.519076 0.498438 0.498438 0.498438
4525.496582 0.000000 125.994110 0.000000 0.996053 0.000000 -0.088761 0.458587 0.458587 0.458587
4504.936523 0.000000 147.726318 0.000000 0.999291 0.000000 -0.037652 0.452623 0.452623 0.452623
4519.505371 0.000000 144.458969 0.000000 0.998985 0.000000 0.045033 0.445243 0.445243 0.445243
4529.626465 0.000000 149.471161 0.000000 0.998172 0.000000 0.060435 0.445109 0.445109 0.445109
4526.339355 0.000000 120.494461 0.000000 0.991617 0.000000 0.129212 0.435152 0.435152 0.435152
4476.435059 0.000000 169.502289 0.000000 0.976003 0.000000 -0.217755 0.467756 0.467756 0.467756
4523.873535 0.000000 117.178909 0.000000 0.889815 0.000000 -0.456321 0.485135 0.485135 0.485135
4481.917969 0.000000 163.231094 0.000000 0.944098 0.000000 0.329665 0.420184 0.420184 0.420184
4527.077148 0.000000 161.938568 0.000000 0.915930 0.000000 -0.401338 0.484333 0.484333 0.484333
4488.901367 0.000000 154.239655 0.000000 0.947584 0.000000 0.319507 0.422233 0.422233 0.422233
4533.696289 0.000000 117.826942 0.000000 0.986559 0.000000 -0.163404 0.466227 0.466227 0.466227
4515.485352 0.000000 157.659698 0.000000 0.999774 0.000000 0.021254 0.447755 0.447755 0.447755
4487.456543 0.000000 156.241272 0.000000 0.899437 0.000000 -0.437050 0.487603 0.487603 0.487603
4534.395020 0.000000 131.958359 0.000000 0.988007 0.000000 0.154407 0.430145 0.430145 0.430145
4512.550781 0.000000 146.803268 0.000000 0.998992 0.000000 -0.044892 0.454894 0.454894 0.454894
4478.598633 0.000000 163.737823 0.000000 0.885105 0.000000 -0.465392 0.492419 0.492419 0.492419
4528.514160 0.000000 160.118408 0.000000 0.972460 0.000000 0.233070 0.430708 0.430708 0.430708
4532.187012 0.000000 124.096436 0.000000 0.973629 0.000000 0.228137 0.412248 0.412248 0.412248
4532.593750 0.000000 128.921127 0.000000 0.992930 0.000000 -0.118701 0.468847 0.468847 0.468847
4522.932129 0.000000 151.785828 0.000000 0.995927 0.000000 0.090165 0.440668 0.440668 0.440668
4534.513672 0.000000 121.591583 0.000000 0.959276 0.000000 0.282469 0.413646 0.413646 0.413646
4527.894531 0.000000 115.210594 0.000000 0.969222 0.000000 0.246190 0.427923 0.427923 0.427923
4523.056152 0.000000 154.576370 0.000000 0.997210 0.000000 0.074646 0.441690 0.441690 0.441690
4477.115723 0.000000 166.324188 0.000000 0.984306 0.000000 0.176471 0.434455 0.434455 0.434455
4513.971680 0.000000 150.166306 0.000000 0.966931 0.000000 0.255039 0.421317 0.421317 0.421317
4522.895020 0.000000 121.519836 0.000000 0.945546 0.000000 0.325488 0.418714 0.418714 0.418714
4518.708008 0.000000 140.926056 0.000000 0.963206 0.000000 -0.268763 0.474456 0.474456 0.474456
4535.416016 0.000000 124.017792 0.000000 0.968534 0.000000 -0.248883 0.490691 0.490691 0.490691
4532.481445 0.000000 108.645782 0.000000 0.991232 0.000000 0.132131 0.438239 0.438239 0.438239
4472.355957 0.000000 184.135452 0.000000 0.999977 0.000000 0.006762 0.449400 0.449400 0.449400
4516.612793 0.000000 152.445847 0.000000 0.940364 0.000000 -0.340170 0.490164 0.490164 0.490164
4522.957031 0.000000 141.936432 0.000000 0.976097 0.000000 -0.217337 0.470429 0.470429 0.470429
4524.654297 0.000000 131.602600 0.000000 0.974029 0.000000 -0.226423 0.471041 0.471041 0.471041
4463.529297 0.000000 183.648590 0.000000 0.997622 0.000000 -0.068918 0.456509 0.456509 0.456509
4518.249512 0.000000 145.641647 0.000000 0.956547 0.000000 0.291579 0.418754 0.418754 0.418754
4529.971680 0.000000 125.061058 0.000000 0.936246 0.000000 -0.351346 0.497593 0.497593 0.497593
4515.456055 0.000000 149.611725 0.000000 0.831778 0.000000 -0.555108 0.517436 0.517436 0.517436
4530.936523 0.000000 121.827110 0.000000 0.960145 0.000000 0.279503 0.412447 0.412447 0.412447
4512.778809 0.000000 149.092590 0.000000 0.900959 0.000000 -0.433904 0.500423 0.500423 0.500423
4525.536621 0.000000 148.368088 0.000000 0.894019 0.000000 -0.448028 0.499059 0.499059 0.499059
4512.025391 0.000000 152.250198 0.000000 0.988875 0.000000 -0.148749 0.466102 0.466102 0.466102
4526.311035 0.000000 129.040619 0.000000 0.825160 0.000000 -0.564899 0.516767 0.516767 0.516767
4528.198242 0.000000 120.726570 0.000000 0.990158 0.000000 -0.139953 0.467668 0.467668 0.467668
4533.127930 0.000000 131.314346 0.000000 0.979186 0.000000 0.202964 0.422217 0.422217 0.422217
4531.929688 0.000000 122.753540 0.000000 0.824895 0.000000 -0.565286 0.537743 0.537743 0.537743
4574.529297 0.000000 119.389023 0.000000 0.999573 0.000000 0.029210 0.449967 0.449967 0.449967
4563.629395 0.000000 173.978424 0.000000 0.989215 0.000000 -0.146473 0.450991 0.450991 0.450991
4564.289551 0.000000 107.956039 0.000000 0.983391 0.000000 -0.181502 0.450820 0.450820 0.450820
4542.476562 0.000000 169.199524 0.000000 0.999347 0.000000 -0.036144 0.450975 0.450975 0.450975
4602.879395 0.000000 120.246857 0.000000 0.844718 0.000000 -0.535211 0.486800 0.486800 0.486800
4589.195312 0.000000 168.712799 0.000000 0.843532 0.000000 -0.537080 0.460828 0.460828 0.460828
4606.947754 0.000000 116.528091 0.000000 0.973151 0.000000 0.230167 0.440346 0.440346 0.440346
4573.045898 0.000000 182.297119 0.000000 0.999695 0.000000 -0.024701 0.450500 0.450500 0.450500
4593.575195 0.000000 128.277222 0.000000 0.999964 0.000000 -0.008481 0.450124 0.450124 0.450124
4598.046387 0.000000 191.737305 0.000000 0.980212 0.000000 0.197952 0.445970 0.445970 0.445970
4590.272949 0.000000 136.057892 0.000000 0.992855 0.000000 -0.119323 0.454031 0.454031 0.454031
4548.189453 0.000000 190.998932 0.000000 0.957044 0.000000 -0.289943 0.456940 0.456940 0.456940
4538.689453 0.000000 173.373611 0.000000 0.985725 0.000000 0.168364 0.446769 0.446769 0.446769
4601.015625 0.000000 116.653404 0.000000 0.939621 0.000000 -0.342217 0.457063 0.457063 0.457063
4603.996582 0.000000 117.193321 0.000000 0.999861 0.000000 0.016664 0.449513 0.449513 0.449513
4602.556152 0.000000 154.908447 0.000000 0.863751 0.000000 -0.503918 0.468393 0.468393 0.468393
4595.308594 0.000000 130.686066 0.000000 0.955772 0.000000 -0.294108 0.459726 0.459726 0.459726
4602.235352 0.000000 145.534256 0.000000 0.957107 0.000000 -0.289734 0.468493 0.468493 0.468493
4595.548828 0.000000 175.402084 0.000000 0.906797 0.000000 -0.421568 0.463689 0.463689 0.463689
4544.233887 0.000000 158.106979 0.000000 0.941413 0.000000 -0.337257 0.460821 0.460821 0.460821
4549.395020 0.000000 116.649796 0.000000 0.948522 0.000000 0.316711 0.437691 0.437691 0.437691
4537.880859 0.000000 163.060608 0.000000 0.975754 0.000000 0.218871 0.432647 0.432647 0.432647
4546.051270 0.000000 126.142807 0.000000 0.987610 0.000000 -0.156930 0.455842 0.455842 0.455842
4595.173828 0.000000 135.819275 0.000000 0.917777 0.000000 -0.397097 0.470185 0.470185 0.470185
4607.043945 0.000000 163.799240 0.000000 0.992643 0.000000 -0.121078 0.458045 0.458045 0.458045
4553.838379 0.000000 96.116257 0.000000 0.982544 0.000000 -0.186028 0.458198 0.458198 0.458198
4544.388184 0.000000 129.758957 0.000000 0.998772 0.000000 -0.049535 0.452672 0.452672 0.452672
4586.703613 0.000000 143.172089 0.000000 0.995936 0.000000 0.090062 0.446251 0.446251 0.446251
4581.590820 0.000000 175.828476 0.000000 0.958749 0.000000 0.284253 0.438343 0.438343 0.438343
4582.337891 0.000000 164.420868 0.000000 0.973350 0.000000 0.229323 0.439602 0.439602 0.439602
4558.130371 0.000000 186.789398 0.000000 0.987565 0.000000 -0.157214 0.459400 0.459400 0.459400
4576.974609 0.000000 144.069748 0.000000 0.940338 0.000000 0.340241 0.434789 0.434789 0.434789
4549.386230 0.000000 109.930420 0.000000 0.996130 0.000000 -0.087888 0.457118 0.457118 0.457118
4597.235352 0.000000 165.695816 0.000000 0.839289 0.000000 -0.543686 0.480998 0.480998 0.480998
4576.523926 0.000000 156.454483 0.000000 0.997558 0.000000 0.069839 0.444739 0.444739 0.444739
4577.619629 0.000000 154.383881 0.000000 0.958327 0.000000 -0.285675 0.470179 0.470179 0.470179
4536.814453 0.000000 103.098625 0.000000 0.944738 0.000000 -0.327826 0.469137 0.469137 0.469137
4549.851562 0.000000 96.018921 0.000000 0.990906 0.000000 -0.134553 0.458491 0.458491 0.458491
4569.756348 0.000000 131.213409 0.000000 0.973337 0.000000 0.229380 0.433879 0.433879 0.433879
4580.179199 0.000000 171.230774 0.000000 0.934995 0.000000 -0.354662 0.470773 0.470773 0.470773
4595.539551 0.000000 158.804596 0.000000 0.889136 0.000000 -0.457643 0.478837 0.478837 0.478837
4605.418457 0.000000 162.526428 0.000000 0.964162 0.000000 0.265313 0.433709 0.433709 0.433709
4574.219727 0.000000 164.099716 0.000000 0.854593 0.000000 -0.519299 0.494781 0.494781 0.494781
4599.775879 0.000000 164.527740 0.000000 0.992489 0.000000 -0.122331 0.457578 0.457578 0.457578
4561.470215 0.000000 124.672867 0.000000 0.883040 0.000000 -0.469299 0.484026 0.484026 0.484026
4537.390137 0.000000 147.408432 0.000000 0.995385 0.000000 -0.095965 0.456911 0.456911 0.456911
4577.573730 0.000000 158.337067 0.000000 0.937747 0.000000 0.347318 0.422504 0.422504 0.422504
4595.880371 0.000000 143.608063 0.000000 0.997940 0.000000 0.064157 0.444951 0.444951 0.444951
4605.882324 0.000000 169.360046 0.000000 0.958543 0.000000 0.284950 0.427601 0.427601 0.427601
4560.215332 0.000000 128.372040 0.000000 0.854205 0.000000 -0.519936 0.507127 0.507127 0.507127
4566.332520 0.000000 189.117371 0.000000 0.900402 0.000000 -0.435059 0.480340 0.480340 0.480340
4537.437500 0.000000 115.155365 0.000000 0.948622 0.000000 -0.316413 0.473510 0.473510 0.473510
4571.114258 0.000000 150.897400 0.000000 0.965620 0.000000 -0.259958 0.473045 0.473045 0.473045
4576.726562 0.000000 169.675552 0.000000 0.965022 0.000000 0.262169 0.427947 0.427947 0.427947
4572.217773 0.000000 149.236542 0.000000 0.995483 0.000000 -0.094945 0.457264 0.457264 0.457264
4569.605957 0.000000 144.462082 0.000000 0.845130 0.000000 -0.534561 0.493719 0.493719 0.493719
4537.234375 0.000000 121.283752 0.000000 0.999843 0.000000 0.017705 0.447931 0.447931 0.447931
4598.604004 0.000000 137.214996 0.000000 0.998904 0.000000 -0.046812 0.453683 0.453683 0.453683
4600.790039 0.000000 138.563766 0.000000 0.902116 0.000000 -0.431493 0.488093 0.488093 0.488093
4573.592773 0.000000 155.006653 0.000000 0.929799 0.000000 -0.368069 0.481336 0.481336 0.481336
4540.901855 0.000000 106.142761 0.000000 0.986181 0.000000 0.165671 0.436724 0.436724 0.436724
4604.179199 0.000000 124.096436 0.000000 0.944353 0.000000 0.328935 0.411968 0.411968 0.411968
4545.446289 0.000000 109.828659 0.000000 0.966803 0.000000 0.255523 0.428809 0.428809 0.428809
4577.295898 0.000000 166.032242 0.000000 0.930695 0.000000 -0.365796 0.480712 0.480712 0.480712
4539.153809 0.000000 108.257896 0.000000 0.967904 0.000000 0.251319 0.428024 0.428024 0.428024
4604.961914 0.000000 134.313507 0.000000 0.998715 0.000000 -0.050670 0.455980 0.455980 0.455980
4565.549805 0.000000 142.441284 0.000000 0.958654 0.000000 0.284573 0.424714 0.424714 0.424714
4558.352539 0.000000 132.277252 0.000000 0.999829 0.000000 -0.018478 0.451910 0.451910 0.451910
4601.632812 0.000000 135.513931 0.000000 0.903475 0.000000 -0.428641 0.491307 0.491307 0.491307
4535.630859 0.000000 127.484070 0.000000 0.947539 0.000000 0.319640 0.395538 0.395538 0.395538
4563.653809 0.000000 138.859222 0.000000 0.831355 0.000000 -0.555742 0.514876 0.514876 0.514876
4605.120117 0.000000 131.314346 0.000000 0.915565 0.000000 -0.402170 0.504867 0.504867 0.504867
4539.257324 0.000000 126.882599 0.000000 0.988968 0.000000 -0.148132 0.469376 0.469376 0.469376
4430.544922 0.000000 215.373398 0.000000 0.996279 0.000000 0.086192 0.442535 0.442535 0.442535
4451.474121 0.000000 241.560913 0.000000 0.999983 0.000000 0.005833 0.449993 0.449993 0.449993
4431.021484 0.000000 202.948242 0.000000 0.990071 0.000000 -0.140568 0.456813 0.456813 0.456813
4410.390625 0.000000 242.784302 0.000000 0.925004 0.000000 -0.379958 0.454379 0.454379 0.454379
4425.370605 0.000000 198.779373 0.000000 0.997895 0.000000 0.064843 0.446865 0.446865 0.446865
4408.850586 0.000000 200.099091 0.000000 0.936257 0.000000 -0.351315 0.455646 0.455646 0.455646
4425.595215 0.000000 204.633743 0.000000 0.912791 0.000000 -0.408427 0.467961 0.467961 0.467961
4435.368164 0.000000 216.344864 0.000000 0.983202 0.000000 0.182521 0.434122 0.434122 0.434122
4425.456543 0.000000 215.177979 0.000000 0.851875 0.000000 -0.523745 0.497685 0.497685 0.497685
4454.062012 0.000000 287.721680 0.000000 0.961700 0.000000 0.274104 0.441578 0.441578 0.441578
4457.502441 0.000000 253.742493 0.000000 0.985430 0.000000 0.170079 0.437903 0.437903 0.437903
4431.868164 0.000000 225.876312 0.000000 0.997227 0.000000 -0.074425 0.459122 0.459122 0.459122
4428.620605 0.000000 211.854691 0.000000 0.938127 0.000000 -0.346290 0.471850 0.471850 0.471850
4455.387695 0.000000 218.051437 0.000000 0.997486 0.000000 0.070859 0.448486 0.448486 0.448486
4427.750000 0.000000 207.862122 0.000000 0.995988 0.000000 0.089488 0.446477 0.446477 0.446477
4409.764648 0.000000 196.514587 0.000000 0.998349 0.000000 -0.057447 0.451033 0.451033 0.451033
4426.711426 0.000000 222.800156 0.000000 0.936333 0.000000 0.351113 0.405665 0.405665 0.405665
4412.602051 0.000000 199.908844 0.000000 0.944250 0.000000 0.329228 0.439447 0.439447 0.439447
4432.438477 0.000000 218.481140 0.000000 0.998562 0.000000 0.053601 0.444036 0.444036 0.444036
4423.255371 0.000000 233.395660 0.000000 0.949492 0.000000 0.313792 0.422747 0.422747 0.422747
4421.595215 0.000000 216.734543 0.000000 0.964848 0.000000 0.262807 0.433568 0.433568 0.433568
4427.992188 0.000000 201.224442 0.000000 0.968661 0.000000 -0.248387 0.461844 0.461844 0.461844
4429.936035 0.000000 223.014801 0.000000 0.941535 0.000000 -0.336915 0.493625 0.493625 0.493625
4422.558105 0.000000 277.198883 0.000000 0.852381 0.000000 -0.522921 0.495747 0.495747 0.495747
4425.896973 0.000000 245.420715 0.000000 0.998010 0.000000 -0.063059 0.455671 0.455671 0.455671
4462.321777 0.000000 267.436890 0.000000 0.977042 0.000000 -0.213045 0.461095 0.461095 0.461095
4416.796875 0.000000 277.847473 0.000000 0.949199 0.000000 0.314677 0.431659 0.431659 0.431659
4448.916992 0.000000 221.245667 0.000000 0.929141 0.000000 -0.369724 0.463189 0.463189 0.463189
4437.309570 0.000000 278.458466 0.000000 0.998916 0.000000 0.046542 0.448535 0.448535 0.448535
4426.502441 0.000000 218.041565 0.000000 0.972450 0.000000 0.233113 0.424625 0.424625 0.424625
4412.189453 0.000000 279.991821 0.000000 0.945643 0.000000 0.325207 0.439953 0.439953 0.439953
4423.500977 0.000000 222.975067 0.000000 0.998996 0.000000 0.044806 0.445921 0.445921 0.445921
4429.480957 0.000000 236.058411 0.000000 0.996654 0.000000 -0.081731 0.457997 0.457997 0.457997
4432.310547 0.000000 200.181122 0.000000 0.999817 0.000000 -0.019137 0.450903 0.450903 0.450903
4417.292969 0.000000 252.197998 0.000000 0.985801 0.000000 -0.167917 0.457392 0.457392 0.457392
4423.959473 0.000000 257.579468 0.000000 0.883094 0.000000 -0.469197 0.487310 0.487310 0.487310
4451.831055 0.000000 193.657501 0.000000 0.974753 0.000000 -0.223287 0.465179 0.465179 0.465179
4419.793945 0.000000 238.641327 0.000000 0.957487 0.000000 -0.288477 0.461835 0.461835 0.461835
4417.757812 0.000000 196.916824 0.000000 0.998674 0.000000 0.051488 0.447685 0.447685 0.447685
4424.669922 0.000000 272.437714 0.000000 0.958060 0.000000 0.286568 0.429103 0.429103 0.429103
4434.558105 0.000000 242.482559 0.000000 0.937156 0.000000 0.348911 0.432783 0.432783 0.432783
4423.251953 0.000000 255.037888 0.000000 0.998267 0.000000 0.058853 0.445435 0.445435 0.445435
4424.592773 0.000000 265.918304 0.000000 0.921703 0.000000 -0.387896 0.482222 0.482222 0.482222
4423.519043 0.000000 244.439636 0.000000 0.826004 0.000000 -0.563665 0.499110 0.499110 0.499110
4427.854492 0.000000 214.285965 0.000000 0.857975 0.000000 -0.513691 0.497274 0.497274 0.497274
4431.127441 0.000000 212.156540 0.000000 0.996809 0.000000 0.079827 0.444164 0.444164 0.444164
4434.880371 0.000000 230.782654 0.000000 0.989957 0.000000 -0.141371 0.460039 0.460039 0.460039
4419.851562 0.000000 252.506882 0.000000 0.970995 0.000000 -0.239100 0.463562 0.463562 0.463562
4431.788574 0.000000 247.890839 0.000000 0.994875 0.000000 0.101111 0.443628 0.443628 0.443628
4425.458496 0.000000 282.379883 0.000000 0.842860 0.000000 -0.538134 0.494047 0.494047 0.494047
4422.001953 0.000000 270.489014 0.000000 0.956750 0.000000 -0.290912 0.471887 0.471887 0.471887
4430.211914 0.000000 283.522064 0.000000 0.999930 0.000000 -0.011821 0.450850 0.450850 0.450850
4423.890137 0.000000 231.009796 0.000000 0.961447 0.000000 -0.274990 0.474724 0.474724 0.474724
4433.878418 0.000000 224.403198 0.000000 0.967274 0.000000 0.253732 0.423485 0.423485 0.423485
4418.654785 0.000000 207.603256 0.000000 0.965754 0.000000 -0.259460 0.461795 0.461795 0.461795
4431.603516 0.000000 258.156067 0.000000 0.998526 0.000000 -0.054267 0.452989 0.452989 0.452989
4455.503906 0.000000 252.421143 0.000000 0.998722 0.000000 -0.050549 0.452897 0.452897 0.452897
4438.043945 0.000000 199.225861 0.000000 0.970157 0.000000 -0.242476 0.465959 0.465959 0.465959
4449.104492 0.000000 278.635742 0.000000 0.917040 0.000000 -0.398796 0.469816 0.469816 0.469816
4450.896973 0.000000 264.475769 0.000000 0.999916 0.000000 0.012943 0.449273 0.449273 0.449273
4420.345703 0.000000 241.023529 0.000000 0.959295 0.000000 -0.282405 0.466404 0.466404 0.466404
4426.829590 0.000000 257.888275 0.000000 0.947614 0.000000 0.319419 0.423702 0.423702 0.423702
4422.151367 0.000000 279.577026 0.000000 0.978492 0.000000 -0.206283 0.465406 0.465406 0.465406
4436.361816 0.000000 200.663651 0.000000 0.886174 0.000000 -0.463353 0.475980 0.475980 0.475980
4419.964355 0.000000 231.136932 0.000000 0.860354 0.000000 -0.509696 0.478841 0.478841 0.478841
4417.734375 0.000000 270.942932 0.000000 0.938279 0.000000 0.345879 0.424210 0.424210 0.424210
4423.625488 0.000000 212.247787 0.000000 0.946012 0.000000 -0.324131 0.471880 0.471880 0.471880
4435.362793 0.000000 222.805786 0.000000 0.999386 0.000000 -0.035034 0.453543 0.453543 0.453543
4453.065430 0.000000 210.049835 0.000000 0.914514 0.000000 -0.404554 0.475735 0.475735 0.475735
4432.513672 0.000000 232.201767 0.000000 0.990273 0.000000 -0.139138 0.461762 0.461762 0.461762
4425.771973 0.000000 227.197784 0.000000 0.842410 0.000000 -0.538837 0.514570 0.514570 0.514570
4423.581055 0.000000 228.738785 0.000000 0.939062 0.000000 0.343747 0.417280 0.417280 0.417280
4425.243652 0.000000 268.189392 0.000000 0.938628 0.000000 0.344931 0.425470 0.425470 0.425470
4454.966797 0.000000 202.577728 0.000000 0.960573 0.000000 0.278029 0.429426 0.429426 0.429426
4436.612305 0.000000 227.388550 0.000000 0.961305 0.000000 0.275487 0.431814 0.431814 0.431814
4432.886230 0.000000 210.816788 0.000000 0.923821 0.000000 -0.382824 0.474715 0.474715 0.474715
4443.689453 0.000000 215.848999 0.000000 0.997248 0.000000 0.074137 0.444748 0.444748 0.444748
4418.261230 0.000000 267.745667 0.000000 0.985426 0.000000 0.170107 0.437517 0.437517 0.437517
4451.122559 0.000000 209.375275 0.000000 0.966673 0.000000 -0.256015 0.470651 0.470651 0.470651
4429.008789 0.000000 285.236816 0.000000 0.854542 0.000000 -0.519383 0.498470 0.498470 0.498470
4458.845215 0.000000 192.989120 0.000000 0.835360 0.000000 -0.549704 0.510155 0.510155 0.510155
4420.993164 0.000000 274.848114 0.000000 0.999995 0.000000 -0.003110 0.450258 0.450258 0.450258
4455.518066 0.000000 204.502090 0.000000 0.891511 0.000000 -0.452999 0.482746 0.482746 0.482746
4429.667969 0.000000 213.590576 0.000000 0.984326 0.000000 -0.176360 0.463345 0.463345 0.463345
4427.390625 0.000000 228.284515 0.000000 0.938712 0.000000 -0.344704 0.493886 0.493886 0.493886
4456.886719 0.000000 196.424164 0.000000 0.826988 0.000000 -0.562220 0.511040 0.511040 0.511040
4438.195801 0.000000 219.874451 0.000000 0.992930 0.000000 0.118702 0.440376 0.440376 0.440376
4430.911133 0.000000 279.282867 0.000000 0.859382 0.000000 -0.511333 0.486180 0.486180 0.486180
4427.151855 0.000000 216.185303 0.000000 0.999771 0.000000 0.021379 0.447862 0.447862 0.447862
4431.822754 0.000000 213.944183 0.000000 0.998234 0.000000 0.059407 0.445659 0.445659 0.445659
4424.893555 0.000000 247.145844 0.000000 0.999098 0.000000 -0.042454 0.453483 0.453483 0.453483
4422.056152 0.000000 266.487640 0.000000 0.917204 0.000000 -0.398417 0.483147 0.483147 0.483147
4437.082031 0.000000 215.498901 0.000000 0.979861 0.000000 -0.199679 0.465583 0.465583 0.465583
4445.576172 0.000000 198.834534 0.000000 0.984496 0.000000 0.175406 0.435342 0.435342 0.435342
4434.141602 0.000000 217.720352 0.000000 0.987181 0.000000 -0.159603 0.463866 0.463866 0.463866
4428.233398 0.000000 245.220917 0.000000 0.943027 0.000000 0.332716 0.423326 0.423326 0.423326
4433.615234 0.000000 229.617096 0.000000 0.869282 0.000000 -0.494317 0.498213 0.498213 0.498213
4449.115723 0.000000 200.511475 0.000000 0.835508 0.000000 -0.549479 0.508820 0.508820 0.508820
4444.643555 0.000000 206.278244 0.000000 0.998493 0.000000 0.054881 0.445003 0.445003 0.445003
4428.874023 0.000000 239.672379 0.000000 0.948200 0.000000 -0.317675 0.478691 0.478691 0.478691
4455.283203 0.000000 197.369858 0.000000 0.995179 0.000000 -0.098076 0.459160 0.459160 0.459160
4428.878906 0.000000 227.632034 0.000000 0.999747 0.000000 0.022500 0.447118 0.447118 0.447118
4427.169922 0.000000 229.667892 0.000000 0.956544 0.000000 0.291588 0.413102 0.413102 0.413102
4414.958008 0.000000 293.091003 0.000000 0.956170 0.000000 -0.292813 0.453005 0.453005 0.453005
4424.161133 0.000000 291.332764 0.000000 0.995375 0.000000 0.096067 0.444163 0.444163 0.444163
4423.054199 0.000000 297.635254 0.000000 0.927003 0.000000 -0.375053 0.458638 0.458638 0.458638
4427.992188 0.000000 297.208832 0.000000 0.995942 0.000000 -0.089999 0.452329 0.452329 0.452329
4424.860352 0.000000 288.682129 0.000000 0.886876 0.000000 -0.462008 0.484531 0.484531 0.484531
4429.487305 0.000000 287.986725 0.000000 0.999220 0.000000 -0.039476 0.453283 0.453283 0.453283
4426.299316 0.000000 291.564514 0.000000 0.968269 0.000000 0.249910 0.434109 0.434109 0.434109
4531.283691 0.000000 244.307663 0.000000 0.981648 0.000000 0.190703 0.446982 0.446982 0.446982
4516.134277 0.000000 257.943237 0.000000 0.882741 0.000000 -0.469860 0.457144 0.457144 0.457144
4486.161133 0.000000 267.005066 0.000000 0.974917 0.000000 0.222571 0.447731 0.447731 0.447731
4484.183594 0.000000 231.441895 0.000000 0.979472 0.000000 0.201582 0.438142 0.438142 0.438142
4532.439941 0.000000 228.602325 0.000000 0.990028 0.000000 -0.140870 0.460798 0.460798 0.460798
4533.532227 0.000000 237.135925 0.000000 0.980161 0.000000 0.198201 0.440137 0.440137 0.440137
4526.723145 0.000000 245.341187 0.000000 0.999240 0.000000 -0.038969 0.450701 0.450701 0.450701
4524.540039 0.000000 237.611237 0.000000 0.999708 0.000000 0.024170 0.448398 0.448398 0.448398
4476.161621 0.000000 220.562057 0.000000 0.994160 0.000000 0.107914 0.448178 0.448178 0.448178
4467.002930 0.000000 273.528473 0.000000 0.947783 0.000000 -0.318916 0.457658 0.457658 0.457658
4495.033691 0.000000 268.180481 0.000000 0.976018 0.000000 -0.217689 0.456163 0.456163 0.456163
4528.945312 0.000000 229.849075 0.000000 0.981621 0.000000 0.190841 0.433821 0.433821 0.433821
4466.142578 0.000000 227.840363 0.000000 0.960898 0.000000 -0.276902 0.457565 0.457565 0.457565
4492.160156 0.000000 261.588501 0.000000 0.992519 0.000000 -0.122086 0.457425 0.457425 0.457425
4470.795410 0.000000 256.611542 0.000000 0.876562 0.000000 -0.481290 0.469744 0.469744 0.469744
4504.274902 0.000000 245.518677 0.000000 0.984668 0.000000 0.174442 0.434832 0.434832 0.434832
4517.703613 0.000000 235.441559 0.000000 0.928414 0.000000 -0.371547 0.473094 0.473094 0.473094
4489.221680 0.000000 222.677475 0.000000 0.988734 0.000000 0.149682 0.445611 0.445611 0.445611
4505.894531 0.000000 257.487335 0.000000 0.864752 0.000000 -0.502199 0.484283 0.484283 0.484283
4526.858887 0.000000 241.898621 0.000000 0.991445 0.000000 -0.130523 0.455588 0.455588 0.455588
4476.798828 0.000000 227.387115 0.000000 0.986407 0.000000 -0.164318 0.458901 0.458901 0.458901
4491.963867 0.000000 226.979370 0.000000 0.972662 0.000000 -0.232225 0.463165 0.463165 0.463165
4486.888672 0.000000 229.915161 0.000000 0.999550 0.000000 0.029988 0.448349 0.448349 0.448349
4509.613770 0.000000 254.159668 0.000000 0.965103 0.000000 0.261870 0.435117 0.435117 0.435117
4495.493164 0.000000 222.975067 0.000000 0.955223 0.000000 -0.295887 0.462486 0.462486 0.462486
4514.186035 0.000000 244.297272 0.000000 0.978081 0.000000 0.208226 0.440338 0.440338 0.440338
4514.836426 0.000000 233.756256 0.000000 0.870517 0.000000 -0.492139 0.489886 0.489886 0.489886
4472.241699 0.000000 254.091370 0.000000 0.961157 0.000000 -0.276003 0.460367 0.460367 0.460367
4513.039551 0.000000 249.514908 0.000000 0.991123 0.000000 -0.132948 0.457490 0.457490 0.457490
4507.204102 0.000000 245.246353 0.000000 0.968275 0.000000 -0.249887 0.472983 0.472983 0.472983
4516.389160 0.000000 229.566422 0.000000 0.867734 0.000000 -0.497028 0.493244 0.493244 0.493244
4506.550293 0.000000 242.482559 0.000000 0.900025 0.000000 -0.435838 0.495091 0.495091 0.495091
4495.244141 0.000000 255.037888 0.000000 0.999107 0.000000 -0.042254 0.452659 0.452659 0.452659
4520.566406 0.000000 226.870163 0.000000 0.999925 0.000000 0.012287 0.449130 0.449130 0.449130
4506.744629 0.000000 235.857910 0.000000 0.977932 0.000000 -0.208925 0.476720 0.476720 0.476720
4496.584961 0.000000 265.918304 0.000000 0.889865 0.000000 -0.456224 0.475547 0.475547 0.475547
4490.090820 0.000000 225.176086 0.000000 0.996258 0.000000 0.086431 0.446111 0.446111 0.446111
4499.585938 0.000000 240.812744 0.000000 0.895330 0.000000 -0.445404 0.487859 0.487859 0.487859
4508.312500 0.000000 249.880066 0.000000 0.944247 0.000000 -0.329238 0.476761 0.476761 0.476761
4511.971680 0.000000 229.507553 0.000000 0.968682 0.000000 -0.248304 0.479882 0.479882 0.479882
4464.104980 0.000000 269.585541 0.000000 0.998649 0.000000 0.051972 0.448014 0.448014 0.448014
4507.304688 0.000000 255.300720 0.000000 0.950009 0.000000 -0.312223 0.469977 0.469977 0.469977
4531.276855 0.000000 230.927231 0.000000 0.938385 0.000000 -0.345593 0.477750 0.477750 0.477750
4527.780273 0.000000 224.510651 0.000000 0.979385 0.000000 0.202002 0.437889 0.437889 0.437889
4506.872559 0.000000 230.782654 0.000000 0.958157 0.000000 0.286243 0.411842 0.411842 0.411842
4478.745605 0.000000 229.297165 0.000000 0.974743 0.000000 -0.223330 0.463917 0.463917 0.463917
4526.149902 0.000000 239.534088 0.000000 0.985490 0.000000 -0.169734 0.459389 0.459389 0.459389
4501.183594 0.000000 264.137726 0.000000 0.978306 0.000000 -0.207164 0.460081 0.460081 0.460081
4526.636230 0.000000 220.400604 0.000000 0.910415 0.000000 -0.413695 0.470125 0.470125 0.470125
4528.066895 0.000000 232.124710 0.000000 0.855761 0.000000 -0.517372 0.495207 0.495207 0.495207
4531.499512 0.000000 221.692078 0.000000 0.996288 0.000000 0.086083 0.444384 0.444384 0.444384
4520.651367 0.000000 232.050690 0.000000 0.878434 0.000000 -0.477864 0.486942 0.486942 0.486942
4505.870605 0.000000 224.403198 0.000000 0.956945 0.000000 -0.290270 0.485072 0.485072 0.485072
4504.982422 0.000000 240.054138 0.000000 0.941139 0.000000 -0.338020 0.485639 0.485639 0.485639
4503.595703 0.000000 258.156067 0.000000 0.924249 0.000000 -0.381789 0.477286 0.477286 0.477286
4510.149902 0.000000 223.921860 0.000000 0.985692 0.000000 -0.168555 0.464651 0.464651 0.464651
4497.368164 0.000000 262.308075 0.000000 0.962779 0.000000 -0.270290 0.468141 0.468141 0.468141
4492.337891 0.000000 241.023529 0.000000 0.859566 0.000000 -0.511025 0.475911 0.475911 0.475911
4498.821777 0.000000 257.888275 0.000000 0.992243 0.000000 0.124314 0.439498 0.439498 0.439498
4519.460449 0.000000 233.904633 0.000000 0.938657 0.000000 0.344853 0.424685 0.424685 0.424685
4464.822266 0.000000 199.083008 0.000000 0.964052 0.000000 0.265714 0.431871 0.431871 0.431871
4501.031250 0.000000 231.907135 0.000000 0.969601 0.000000 0.244690 0.417785 0.417785 0.417785
4501.644531 0.000000 241.399734 0.000000 0.992009 0.000000 -0.126171 0.461654 0.461654 0.461654
4504.505859 0.000000 232.201767 0.000000 0.983912 0.000000 -0.178655 0.473408 0.473408 0.473408
4463.604980 0.000000 194.651367 0.000000 0.995987 0.000000 0.089497 0.440536 0.440536 0.440536
4531.957031 0.000000 226.558899 0.000000 0.925576 0.000000 -0.378562 0.484021 0.484021 0.484021
4489.775879 0.000000 237.977417 0.000000 0.891009 0.000000 -0.453985 0.487058 0.487058 0.487058
4491.786133 0.000000 236.504120 0.000000 0.976435 0.000000 -0.215812 0.465396 0.465396 0.465396
4534.038574 0.000000 221.397751 0.000000 0.993129 0.000000 -0.117024 0.458302 0.458302 0.458302
4508.821289 0.000000 252.172379 0.000000 0.999513 0.000000 0.031206 0.447931 0.447931 0.447931
4473.554199 0.000000 244.967331 0.000000 0.937566 0.000000 0.347807 0.418871 0.418871 0.418871
4499.382812 0.000000 228.284515 0.000000 0.999994 0.000000 -0.003442 0.450348 0.450348 0.450348
4513.076660 0.000000 232.760956 0.000000 0.988490 0.000000 0.151287 0.436862 0.436862 0.436862
4528.508789 0.000000 236.335083 0.000000 0.851038 0.000000 -0.525103 0.486023 0.486023 0.486023
4510.423828 0.000000 230.941742 0.000000 0.957383 0.000000 -0.288820 0.483245 0.483245 0.483245
4501.430664 0.000000 237.879974 0.000000 0.998847 0.000000 -0.048016 0.455342 0.455342 0.455342
4500.208008 0.000000 256.667725 0.000000 0.997967 0.000000 -0.063728 0.455516 0.455516 0.455516
4514.549805 0.000000 229.253372 0.000000 0.955365 0.000000 -0.295429 0.478639 0.478639 0.478639
4526.611816 0.000000 233.199387 0.000000 0.999405 0.000000 0.034504 0.446898 0.446898 0.446898
4469.562988 0.000000 249.467041 0.000000 0.997812 0.000000 -0.066114 0.455277 0.455277 0.455277
4500.921875 0.000000 234.010101 0.000000 0.979174 0.000000 -0.203024 0.474346 0.474346 0.474346
4482.640137 0.000000 236.767517 0.000000 0.979149 0.000000 -0.203143 0.466317 0.466317 0.466317
4510.505859 0.000000 234.341156 0.000000 0.998270 0.000000 -0.058795 0.456146 0.456146 0.456146
4471.895996 0.000000 193.221054 0.000000 0.999843 0.000000 0.017729 0.448466 0.448466 0.448466
4502.697266 0.000000 231.355972 0.000000 0.958085 0.000000 -0.286485 0.488192 0.488192 0.488192
4503.092773 0.000000 235.385529 0.000000 0.943925 0.000000 0.330159 0.408419 0.408419 0.408419
4480.554688 0.000000 239.172150 0.000000 0.982509 0.000000 -0.186214 0.465993 0.465993 0.465993
4504.071777 0.000000 238.580414 0.000000 0.896017 0.000000 -0.444020 0.502204 0.502204 0.502204
4500.866211 0.000000 239.672379 0.000000 0.908865 0.000000 -0.417089 0.493502 0.493502 0.493502
4498.992188 0.000000 236.639771 0.000000 0.999980 0.000000 -0.006257 0.450647 0.450647 0.450647
4506.314941 0.000000 240.908157 0.000000 0.999390 0.000000 0.034912 0.446273 0.446273 0.446273
4465.909668 0.000000 193.677307 0.000000 0.991581 0.000000 -0.129490 0.464589 0.464589 0.464589
4505.918945 0.000000 231.895813 0.000000 0.973562 0.000000 -0.228424 0.480292 0.480292 0.480292
4507.430176 0.000000 232.031693 0.000000 0.929692 0.000000 -0.368338 0.499159 0.499159 0.499159
4546.287109 0.000000 247.128998 0.000000 0.846316 0.000000 -0.532681 0.454418 0.454418 0.454418
4546.220215 0.000000 202.008240 0.000000 0.993886 0.000000 -0.110408 0.450870 0.450870 0.450870
4594.425781 0.000000 276.766174 0.000000 0.853405 0.000000 -0.521249 0.469096 0.469096 0.469096
4544.503906 0.000000 194.904312 0.000000 0.985042 0.000000 0.172317 0.449027 0.449027 0.449027
4548.654297 0.000000 230.709229 0.000000 0.979524 0.000000 0.201327 0.434286 0.434286 0.434286
4588.682129 0.000000 192.210373 0.000000 0.848326 0.000000 -0.529474 0.458149 0.458149 0.458149
4540.446777 0.000000 230.455505 0.000000 0.993593 0.000000 -0.113019 0.458016 0.458016 0.458016
4596.778320 0.000000 282.017639 0.000000 0.940847 0.000000 -0.338831 0.461262 0.461262 0.461262
4579.707520 0.000000 260.347931 0.000000 0.999999 0.000000 -0.001185 0.450072 0.450072 0.450072
4548.791016 0.000000 227.387115 0.000000 0.992616 0.000000 -0.121303 0.457514 0.457514 0.457514
4539.459473 0.000000 224.292572 0.000000 0.935441 0.000000 -0.353482 0.480848 0.480848 0.480848
4549.032227 0.000000 195.059662 0.000000 0.983497 0.000000 0.180922 0.444686 0.444686 0.444686
4599.852051 0.000000 215.311005 0.000000 0.825108 0.000000 -0.564975 0.479679 0.479679 0.479679
4595.122070 0.000000 274.002747 0.000000 0.986084 0.000000 0.166248 0.442870 0.442870 0.442870
4606.350098 0.000000 193.926666 0.000000 0.962101 0.000000 -0.272692 0.462722 0.462722 0.462722
4546.052246 0.000000 230.772247 0.000000 0.942808 0.000000 0.333336 0.419838 0.419838 0.419838
4579.296875 0.000000 255.300720 0.000000 0.997411 0.000000 0.071907 0.445715 0.445715 0.445715
4585.412598 0.000000 216.151764 0.000000 0.881345 0.000000 -0.472473 0.482618 0.482618 0.482618
4583.463867 0.000000 244.214600 0.000000 0.955213 0.000000 -0.295920 0.461813 0.461813 0.461813
4575.111816 0.000000 212.156540 0.000000 0.994937 0.000000 0.100502 0.444345 0.444345 0.444345
4541.534180 0.000000 232.947296 0.000000 0.985557 0.000000 0.169342 0.439677 0.439677 0.439677
4596.977051 0.000000 276.877686 0.000000 0.902989 0.000000 -0.429663 0.469958 0.469958 0.469958
4569.458008 0.000000 202.166855 0.000000 0.943746 0.000000 0.330671 0.424254 0.424254 0.424254
4581.590820 0.000000 271.812866 0.000000 0.994771 0.000000 0.102127 0.445747 0.445747 0.445747
4550.553223 0.000000 225.658600 0.000000 0.981570 0.000000 -0.191102 0.458641 0.458641 0.458641
4594.192383 0.000000 219.072525 0.000000 0.990000 0.000000 -0.141069 0.458269 0.458269 0.458269
4578.944824 0.000000 262.662872 0.000000 0.988815 0.000000 -0.149145 0.459250 0.459250 0.459250
4603.395996 0.000000 272.976288 0.000000 0.950566 0.000000 0.310521 0.422332 0.422332 0.422332
4535.717285 0.000000 228.107483 0.000000 0.975325 0.000000 -0.220772 0.465005 0.465005 0.465005
4578.540039 0.000000 207.408508 0.000000 0.942128 0.000000 0.335253 0.419658 0.419658 0.419658
4574.333984 0.000000 206.870895 0.000000 0.848134 0.000000 -0.529781 0.495791 0.495791 0.495791
4602.420410 0.000000 255.981201 0.000000 0.998367 0.000000 0.057128 0.447496 0.447496 0.447496
4562.639160 0.000000 207.603256 0.000000 0.981563 0.000000 0.191140 0.440925 0.440925 0.440925
4587.434082 0.000000 266.237244 0.000000 0.996387 0.000000 -0.084930 0.455732 0.455732 0.455732
4577.292480 0.000000 198.011734 0.000000 0.999676 0.000000 0.025440 0.448771 0.448771 0.448771
4591.101562 0.000000 217.920319 0.000000 0.950817 0.000000 0.309753 0.425233 0.425233 0.425233
4591.683594 0.000000 214.385513 0.000000 0.850498 0.000000 -0.525978 0.499157 0.499157 0.499157
4544.942383 0.000000 237.375000 0.000000 0.983990 0.000000 0.178226 0.439532 0.439532 0.439532
4574.044434 0.000000 200.267273 0.000000 0.899575 0.000000 -0.436767 0.477929 0.477929 0.477929
4583.055664 0.000000 210.311386 0.000000 0.842568 0.000000 -0.538590 0.496006 0.496006 0.496006
4587.155762 0.000000 263.868195 0.000000 0.931514 0.000000 -0.363704 0.481365 0.481365 0.481365
4604.245605 0.000000 281.372223 0.000000 0.884433 0.000000 -0.466668 0.486545 0.486545 0.486545
4537.666504 0.000000 230.050735 0.000000 0.985919 0.000000 -0.167224 0.459626 0.459626 0.459626
4599.619141 0.000000 269.703674 0.000000 0.916519 0.000000 -0.399991 0.482824 0.482824 0.482824
4590.237305 0.000000 258.746368 0.000000 0.999863 0.000000 -0.016568 0.451135 0.451135 0.451135
4541.590332 0.000000 223.881348 0.000000 0.997284 0.000000 -0.073652 0.455135 0.455135 0.455135
4589.271973 0.000000 200.704468 0.000000 0.990018 0.000000 0.140941 0.442057 0.442057 0.442057
4553.473633 0.000000 194.390045 0.000000 0.988224 0.000000 -0.153016 0.458284 0.458284 0.458284
4591.685547 0.000000 253.218124 0.000000 0.954032 0.000000 0.299705 0.432902 0.432902 0.432902
4580.179199 0.000000 267.215149 0.000000 0.961871 0.000000 -0.273504 0.467429 0.467429 0.467429
4572.330078 0.000000 199.037979 0.000000 0.959275 0.000000 0.282474 0.432627 0.432627 0.432627
4584.192871 0.000000 203.116608 0.000000 0.884369 0.000000 -0.466788 0.488738 0.488738 0.488738
4547.415039 0.000000 229.013092 0.000000 0.994663 0.000000 0.103179 0.441988 0.441988 0.441988
4605.418457 0.000000 258.510803 0.000000 0.838314 0.000000 -0.545188 0.486276 0.486276 0.486276
4587.673828 0.000000 215.848999 0.000000 0.942253 0.000000 0.334902 0.422760 0.422760 0.422760
4602.495117 0.000000 270.055145 0.000000 0.967680 0.000000 0.252183 0.428520 0.428520 0.428520
4595.177734 0.000000 215.664917 0.000000 0.953289 0.000000 0.302058 0.428627 0.428627 0.428627
4580.813477 0.000000 252.172379 0.000000 0.999541 0.000000 -0.030291 0.452042 0.452042 0.452042
4590.942383 0.000000 266.165192 0.000000 0.902777 0.000000 -0.430109 0.480969 0.480969 0.480969
4592.408203 0.000000 206.571426 0.000000 0.884140 0.000000 -0.467221 0.482223 0.482223 0.482223
4539.481934 0.000000 226.371017 0.000000 0.999741 0.000000 0.022756 0.448082 0.448082 0.448082
4560.470703 0.000000 198.384476 0.000000 0.884487 0.000000 -0.466565 0.487082 0.487082 0.487082
4602.368652 0.000000 266.637695 0.000000 0.989211 0.000000 0.146499 0.439594 0.439594 0.439594
4568.000977 0.000000 203.372620 0.000000 0.957395 0.000000 0.288782 0.427620 0.427620 0.427620
4574.780762 0.000000 204.901443 0.000000 0.883782 0.000000 -0.467900 0.490479 0.490479 0.490479
4603.532227 0.000000 279.346008 0.000000 0.853302 0.000000 -0.521417 0.491903 0.491903 0.491903
4587.477539 0.000000 253.644073 0.000000 0.999359 0.000000 0.035804 0.447184 0.447184 0.447184
4596.538086 0.000000 263.379639 0.000000 0.942564 0.000000 0.334027 0.422069 0.422069 0.422069
4590.188965 0.000000 211.247116 0.000000 0.854335 0.000000 -0.519722 0.496663 0.496663 0.496663
4593.562500 0.000000 263.435699 0.000000 0.880128 0.000000 -0.474736 0.495014 0.495014 0.495014
4502.537109 0.000000 407.342163 0.000000 0.942734 0.000000 -0.333546 0.503486 0.503486 0.503486
4489.979980 0.000000 438.148895 0.000000 0.950221 0.000000 0.311576 0.391622 0.391622 0.391622
4503.640625 0.000000 446.972748 0.000000 0.937348 0.000000 0.348396 0.442404 0.442404 0.442404
4516.943848 0.000000 436.962402 0.000000 0.956345 0.000000 0.292241 0.429010 0.429010 0.429010
4496.169922 0.000000 412.045776 0.000000 0.834914 0.000000 -0.550381 0.493215 0.493215 0.493215
4528.922852 0.000000 449.840546 0.000000 0.868932 0.000000 -0.494931 0.477920 0.477920 0.477920
4527.575684 0.000000 441.990662 0.000000 0.991122 0.000000 -0.132954 0.470075 0.470075 0.470075
4492.415527 0.000000 476.762482 0.000000 0.967399 0.000000 -0.253257 0.456616 0.456616 0.456616
4486.161133 0.000000 458.973816 0.000000 0.961294 0.000000 -0.275524 0.496725 0.496725 0.496725
4480.101074 0.000000 450.678406 0.000000 0.987863 0.000000 -0.155326 0.477858 0.477858 0.477858
4521.802734 0.000000 438.344940 0.000000 0.978239 0.000000 -0.207479 0.473949 0.473949 0.473949
4521.583008 0.000000 416.230377 0.000000 0.954597 0.000000 0.297900 0.443203 0.443203 0.443203
4465.072754 0.000000 453.624207 0.000000 0.978435 0.000000 -0.206553 0.453973 0.453973 0.453973
4532.492188 0.000000 440.457092 0.000000 0.991634 0.000000 0.129081 0.437930 0.437930 0.437930
4493.683105 0.000000 405.087372 0.000000 0.975071 0.000000 0.221894 0.422851 0.422851 0.422851
4486.403809 0.000000 435.108032 0.000000 0.955630 0.000000 -0.294571 0.463101 0.463101 0.463101
4491.954590 0.000000 472.126465 0.000000 0.965538 0.000000 -0.260261 0.479579 0.479579 0.479579
4506.338867 0.000000 425.219391 0.000000 0.900227 0.000000 -0.435420 0.548187 0.548187 0.548187
4506.953613 0.000000 457.408844 0.000000 0.979170 0.000000 -0.203041 0.458269 0.458269 0.458269
4474.412109 0.000000 457.828796 0.000000 0.882598 0.000000 -0.470128 0.462647 0.462647 0.462647
4505.558105 0.000000 404.868286 0.000000 0.915508 0.000000 -0.402299 0.470466 0.470466 0.470466
4502.628418 0.000000 425.399414 0.000000 0.999988 0.000000 -0.004872 0.450208 0.450208 0.450208
4511.062500 0.000000 424.644562 0.000000 0.997284 0.000000 -0.073655 0.460518 0.460518 0.460518
4483.639160 0.000000 442.525543 0.000000 0.959096 0.000000 -0.283082 0.483533 0.483533 0.483533
4505.894531 0.000000 449.456085 0.000000 0.994627 0.000000 0.103520 0.439048 0.439048 0.439048
4529.500000 0.000000 439.279114 0.000000 0.999130 0.000000 -0.041709 0.451781 0.451781 0.451781
4494.299316 0.000000 474.285095 0.000000 0.991474 0.000000 0.130307 0.436493 0.436493 0.436493
4481.021973 0.000000 444.220276 0.000000 0.998012 0.000000 -0.063027 0.458715 0.458715 0.458715
4521.431641 0.000000 446.568878 0.000000 0.986848 0.000000 -0.161654 0.462404 0.462404 0.462404
4472.241699 0.000000 446.060120 0.000000 0.963501 0.000000 -0.267705 0.470704 0.470704 0.470704
4507.204102 0.000000 437.215118 0.000000 0.999499 0.000000 0.031659 0.445767 0.445767 0.445767
4498.343750 0.000000 469.745148 0.000000 0.906844 0.000000 -0.421466 0.464174 0.464174 0.464174
4475.611816 0.000000 446.131012 0.000000 0.979802 0.000000 -0.199970 0.473749 0.473749 0.473749
4493.395020 0.000000 413.228546 0.000000 0.983568 0.000000 0.180537 0.434908 0.434908 0.434908
4517.866699 0.000000 465.194763 0.000000 0.995687 0.000000 -0.092778 0.455010 0.455010 0.455010
4490.090820 0.000000 417.144836 0.000000 0.999367 0.000000 -0.035566 0.451878 0.451878 0.451878
4499.846680 0.000000 406.254730 0.000000 0.998043 0.000000 0.062527 0.438542 0.438542 0.438542
4535.360840 0.000000 442.420776 0.000000 0.945044 0.000000 -0.326943 0.504631 0.504631 0.504631
4526.247070 0.000000 439.825348 0.000000 0.858260 0.000000 -0.513215 0.483300 0.483300 0.483300
4519.324219 0.000000 462.315491 0.000000 0.950578 0.000000 0.310486 0.411695 0.411695 0.411695
4505.040039 0.000000 407.377319 0.000000 0.941224 0.000000 -0.337782 0.498774 0.498774 0.498774
4497.450684 0.000000 474.348633 0.000000 0.993503 0.000000 -0.113804 0.456919 0.456919 0.456919
4521.741211 0.000000 441.302673 0.000000 0.952837 0.000000 0.303484 0.388339 0.388339 0.388339
4530.428223 0.000000 447.949951 0.000000 0.899317 0.000000 -0.437297 0.526269 0.526269 0.526269
4487.929199 0.000000 407.078979 0.000000 0.961239 0.000000 0.275717 0.427091 0.427091 0.427091
4491.928711 0.000000 474.639069 0.000000 0.938763 0.000000 -0.344562 0.468969 0.468969 0.468969
4508.239746 0.000000 429.515320 0.000000 0.892351 0.000000 -0.451341 0.552584 0.552584 0.552584
4489.606445 0.000000 471.824951 0.000000 0.960672 0.000000 -0.277686 0.468019 0.468019 0.468019
4507.354980 0.000000 414.774536 0.000000 0.901969 0.000000 -0.431801 0.476585 0.476585 0.476585
4504.505859 0.000000 424.170532 0.000000 0.886589 0.000000 -0.462558 0.514829 0.514829 0.514829
4491.001465 0.000000 470.153076 0.000000 0.981387 0.000000 0.192039 0.422212 0.422212 0.422212
4505.966797 0.000000 429.885651 0.000000 0.996610 0.000000 -0.082269 0.458975 0.458975 0.458975
4489.329102 0.000000 405.683746 0.000000 0.966958 0.000000 0.254936 0.429148 0.429148 0.429148
4505.581543 0.000000 446.290222 0.000000 0.998905 0.000000 -0.046795 0.454207 0.454207 0.454207
4504.478027 0.000000 420.117065 0.000000 0.966434 0.000000 -0.256913 0.470725 0.470725 0.470725
4512.815918 0.000000 431.649384 0.000000 0.959950 0.000000 0.280172 0.429582 0.429582 0.429582
4497.088867 0.000000 413.697937 0.000000 0.966249 0.000000 -0.257612 0.469319 0.469319 0.469319
4490.273438 0.000000 425.785461 0.000000 0.945936 0.000000 -0.324355 0.501584 0.501584 0.501584
4484.452148 0.000000 459.637787 0.000000 0.973600 0.000000 -0.228261 0.470439 0.470439 0.470439
4517.150391 0.000000 410.398193 0.000000 0.999513 0.000000 -0.031211 0.453893 0.453893 0.453893
4520.217773 0.000000 439.248810 0.000000 0.924401 0.000000 -0.381422 0.494844 0.494844 0.494844
4470.879395 0.000000 455.353607 0.000000 0.974490 0.000000 0.224430 0.418975 0.418975 0.418975
4512.550781 0.000000 434.756409 0.000000 0.999711 0.000000 0.024027 0.446760 0.446760 0.446760
4510.048340 0.000000 429.462769 0.000000 0.955582 0.000000 -0.294727 0.499407 0.499407 0.499407
4492.520508 0.000000 410.304779 0.000000 0.869259 0.000000 -0.494357 0.526683 0.526683 0.526683
4504.398438 0.000000 448.529297 0.000000 0.971414 0.000000 -0.237392 0.475311 0.475311 0.475311
4507.720215 0.000000 438.841949 0.000000 0.998962 0.000000 -0.045552 0.454505 0.454505 0.454505
4524.815430 0.000000 447.865479 0.000000 0.976506 0.000000 0.215491 0.426331 0.426331 0.426331
4506.894531 0.000000 413.141296 0.000000 0.996483 0.000000 0.083794 0.437842 0.437842 0.437842
4493.330566 0.000000 472.995422 0.000000 0.948155 0.000000 -0.317807 0.509951 0.509951 0.509951
4484.755371 0.000000 412.324615 0.000000 0.998571 0.000000 0.053438 0.441111 0.441111 0.441111
4506.314941 0.000000 432.876923 0.000000 0.954816 0.000000 0.297198 0.393725 0.393725 0.393725
4495.092285 0.000000 472.892761 0.000000 0.884513 0.000000 -0.466515 0.542149 0.542149 0.542149
4487.823242 0.000000 441.021606 0.000000 0.995856 0.000000 0.090945 0.435267 0.435267 0.435267
4497.614258 0.000000 472.845184 0.000000 0.930774 0.000000 -0.365595 0.495832 0.495832 0.495832
4493.810547 0.000000 440.073822 0.000000 0.999972 0.000000 -0.007518 0.451267 0.451267 0.451267
4489.181641 0.000000 436.746735 0.000000 0.973693 0.000000 -0.227864 0.480991 0.480991 0.480991
4519.122070 0.000000 456.677246 0.000000 0.998638 0.000000 0.052173 0.443960 0.443960 0.443960
4511.241211 0.000000 428.421143 0.000000 0.961314 0.000000 -0.275453 0.496086 0.496086 0.496086
4489.878906 0.000000 422.968323 0.000000 0.974089 0.000000 0.226163 0.404891 0.404891 0.404891
4513.129883 0.000000 445.365723 0.000000 0.997489 0.000000 0.070826 0.437258 0.437258 0.437258
4485.197266 0.000000 424.424042 0.000000 0.833246 0.000000 -0.552903 0.540169 0.540169 0.540169
4498.453613 0.000000 406.074402 0.000000 0.976047 0.000000 -0.217560 0.490161 0.490161 0.490161
4468.731445 0.000000 453.002838 0.000000 0.997824 0.000000 0.065930 0.438585 0.438585 0.438585
4483.660645 0.000000 420.689087 0.000000 0.860701 0.000000 -0.509110 0.532212 0.532212 0.532212
4518.324219 0.000000 444.638000 0.000000 0.999731 0.000000 0.023206 0.446610 0.446610 0.446610
4483.553223 0.000000 422.057556 0.000000 0.963888 0.000000 -0.266309 0.485129 0.485129 0.485129
4509.277832 0.000000 425.759216 0.000000 0.994367 0.000000 -0.105989 0.473263 0.473263 0.473263
4506.051758 0.000000 426.544067 0.000000 0.985079 0.000000 0.172103 0.412303 0.412303 0.412303
4507.430176 0.000000 424.000458 0.000000 0.944299 0.000000 -0.329089 0.523087 0.523087 0.523087
4489.484863 0.000000 434.159790 0.000000 0.996368 0.000000 -0.085153 0.461589 0.461589 0.461589
4485.881348 0.000000 447.001556 0.000000 0.889428 0.000000 -0.457076 0.553995 0.553995 0.553995
4508.138184 0.000000 412.622223 0.000000 0.967946 0.000000 0.251159 0.406647 0.406647 0.406647
4497.198242 0.000000 410.132141 0.000000 0.982663 0.000000 -0.185403 0.480587 0.480587 0.480587
4517.142090 0.000000 442.872925 0.000000 0.933565 0.000000 -0.358409 0.528656 0.528656 0.528656
4507.049805 0.000000 429.056458 0.000000 0.969520 0.000000 0.245013 0.401612 0.401612 0.401612
4473.485840 0.000000 451.733643 0.000000 0.956452 0.000000 -0.291890 0.514890 0.514890 0.514890
4486.558594 0.000000 441.251129 0.000000 0.910191 0.000000 -0.414189 0.519087 0.519087 0.519087
4486.126465 0.000000 415.153412 0.000000 0.944297 0.000000 -0.329096 0.523465 0.523465 0.523465
4488.730469 0.000000 433.205902 0.000000 0.975581 0.000000 -0.219642 0.488313 0.488313 0.488313
4517.554199 0.000000 415.794373 0.000000 0.993842 0.000000 0.110805 0.428670 0.428670 0.428670
4476.086914 0.000000 451.448364 0.000000 0.999838 0.000000 -0.017979 0.453939 0.453939 0.453939
4507.553223 0.000000 425.248291 0.000000 0.999982 0.000000 0.006028 0.448686 0.448686 0.448686
4518.732422 0.000000 442.016235 0.000000 0.958227 0.000000 -0.286008 0.513544 0.513544 0.513544
4511.533203 0.000000 444.167023 0.000000 0.999968 0.000000 -0.008016 0.451756 0.451756 0.451756
4487.207520 0.000000 415.670837 0.000000 0.842368 0.000000 -0.538903 0.574682 0.574682 0.574682
4492.249512 0.000000 473.504578 0.000000 0.897046 0.000000 -0.441937 0.534854 0.534854 0.534854
4485.746094 0.000000 417.433868 0.000000 0.989986 0.000000 0.141165 0.418971 0.418971 0.418971
4493.726074 0.000000 434.315369 0.000000 0.939194 0.000000 -0.343386 0.526789 0.526789 0.526789
4474.888672 0.000000 449.413940 0.000000 0.999807 0.000000 -0.019639 0.453972 0.453972 0.453972
4480.176270 0.000000 446.529572 0.000000 0.931020 0.000000 -0.364968 0.531845 0.531845 0.531845
4484.106934 0.000000 446.972839 0.000000 0.973749 0.000000 0.227625 0.399693 0.399693 0.399693
4489.068359 0.000000 411.603821 0.000000 0.986817 0.000000 0.161839 0.414389 0.414389 0.414389
4509.050781 0.000000 428.766785 0.000000 0.992387 0.000000 0.123158 0.422951 0.422951 0.422951
4491.297852 0.000000 429.645477 0.000000 0.934433 0.000000 -0.356138 0.529771 0.529771 0.529771
4485.746094 0.000000 444.917725 0.000000 0.999648 0.000000 -0.026518 0.455750 0.455750 0.455750
4516.744141 0.000000 460.328613 0.000000 0.944393 0.000000 -0.328820 0.523777 0.523777 0.523777
4489.656738 0.000000 442.939575 0.000000 0.978867 0.000000 -0.204499 0.495118 0.495118 0.495118
4515.062012 0.000000 415.445862 0.000000 0.894462 0.000000 -0.447144 0.551555 0.551555 0.551555
4509.053223 0.000000 445.170471 0.000000 0.969096 0.000000 -0.246683 0.504605 0.504605 0.504605
4482.255371 0.000000 446.664124 0.000000 0.979302 0.000000 0.202403 0.405351 0.405351 0.405351
4513.286133 0.000000 438.924744 0.000000 0.960328 0.000000 0.278875 0.369035 0.369035 0.369035
4539.352051 0.000000 444.492188 0.000000 0.980476 0.000000 -0.196641 0.477796 0.477796 0.477796
4537.322266 0.000000 446.601013 0.000000 0.986835 0.000000 0.161730 0.416786 0.416786 0.416786
4002.279053 0.000000 1238.927002 0.000000 0.970357 0.000000 -0.241674 0.459598 0.459598 0.459598
4008.253418 0.000000 1231.665894 0.000000 0.957795 0.000000 0.287452 0.436898 0.436898 0.436898
4000.737793 0.000000 1239.958496 0.000000 0.837232 0.000000 -0.546848 0.493551 0.493551 0.493551
3957.893555 0.000000 1275.061646 0.000000 0.995209 0.000000 -0.097771 0.452090 0.452090 0.452090
3960.491699 0.000000 1280.703979 0.000000 0.999890 0.000000 0.014832 0.449367 0.449367 0.449367
4082.156738 0.000000 1286.823486 0.000000 0.941957 0.000000 -0.335732 0.456924 0.456924 0.456924
4172.673828 0.000000 1266.601929 0.000000 0.961279 0.000000 -0.275578 0.472897 0.472897 0.472897
4181.255859 0.000000 1244.157349 0.000000 0.966855 0.000000 -0.255328 0.457832 0.457832 0.457832
4176.570312 0.000000 1234.926758 0.000000 0.999746 0.000000 0.022527 0.448861 0.448861 0.448861
4186.203613 0.000000 1312.385864 0.000000 0.932784 0.000000 -0.360435 0.452485 0.452485 0.452485
4187.456543 0.000000 1317.755615 0.000000 0.856272 0.000000 -0.516526 0.514028 0.514028 0.514028
4179.291992 0.000000 1248.818726 0.000000 0.984436 0.000000 -0.175743 0.459328 0.459328 0.459328
4177.654785 0.000000 1257.028442 0.000000 0.996335 0.000000 -0.085532 0.456157 0.456157 0.456157
4175.693848 0.000000 1261.266479 0.000000 0.998394 0.000000 -0.056647 0.455285 0.455285 0.455285
4082.716797 0.000000 1363.315674 0.000000 0.985151 0.000000 0.171692 0.436043 0.436043 0.436043
4099.506836 0.000000 1533.815674 0.000000 0.959334 0.000000 -0.282274 0.511405 0.511405 0.511405
4102.798340 0.000000 1535.571533 0.000000 0.954157 0.000000 -0.299305 0.475612 0.475612 0.475612
4098.599609 0.000000 1535.679321 0.000000 0.978520 0.000000 -0.206150 0.481258 0.481258 0.481258
4112.077637 0.000000 1535.204224 0.000000 0.861362 0.000000 -0.507991 0.476340 0.476340 0.476340
4117.439941 0.000000 1527.794434 0.000000 0.989823 0.000000 -0.142303 0.463956 0.463956 0.463956
4115.482422 0.000000 1531.659668 0.000000 0.930396 0.000000 -0.366556 0.536857 0.536857 0.536857
4111.032227 0.000000 1533.299805 0.000000 0.946829 0.000000 -0.321738 0.472448 0.472448 0.472448
4113.804688 0.000000 1531.097412 0.000000 0.940019 0.000000 0.341121 0.414412 0.414412 0.414412
4115.362793 0.000000 1530.439453 0.000000 0.998631 0.000000 0.052313 0.437888 0.437888 0.437888
4116.432617 0.000000 1529.927490 0.000000 0.993151 0.000000 0.116835 0.421057 0.421057 0.421057
4201.152344 0.000000 1384.090942 0.000000 0.842814 0.000000 -0.538205 0.467877 0.467877 0.467877
4203.987793 0.000000 1382.949585 0.000000 0.993399 0.000000 -0.114710 0.457620 0.457620 0.457620
4209.668457 0.000000 1477.203369 0.000000 0.977666 0.000000 0.210162 0.412415 0.412415 0.412415
4209.450684 0.000000 1483.689819 0.000000 0.894303 0.000000 -0.447462 0.524010 0.524010 0.524010
4211.446777 0.000000 1482.784790 0.000000 0.947870 0.000000 -0.318656 0.492993 0.492993 0.492993
4209.120117 0.000000 1469.526123 0.000000 0.933761 0.000000 -0.357898 0.485363 0.485363 0.485363
2572.688232 0.000000 1913.055298 0.000000 0.832970 0.000000 -0.553319 0.581086 0.581086 0.581086
2570.399414 0.000000 1915.594360 0.000000 0.836924 0.000000 -0.547320 0.557358 0.557358 0.557358
2561.886230 0.000000 1913.404907 0.000000 0.846889 0.000000 -0.531770 0.484645 0.484645 0.484645
2564.545898 0.000000 1907.743896 0.000000 0.944666 0.000000 -0.328033 0.474406 0.474406 0.474406
2577.307617 0.000000 1910.370239 0.000000 0.992909 0.000000 0.118880 0.431392 0.431392 0.431392
2563.385498 0.000000 1909.200806 0.000000 0.990606 0.000000 -0.136747 0.463099 0.463099 0.463099
2577.935059 0.000000 1918.759888 0.000000 0.999914 0.000000 -0.013118 0.451356 0.451356 0.451356
2563.985107 0.000000 1910.664307 0.000000 0.998990 0.000000 -0.044941 0.456768 0.456768 0.456768
2590.433105 0.000000 1882.942749 0.000000 0.953956 0.000000 0.299946 0.409273 0.409273 0.409273
2564.651611 0.000000 1909.257080 0.000000 0.966582 0.000000 -0.256358 0.491358 0.491358 0.491358
2568.173096 0.000000 1910.753296 0.000000 0.992976 0.000000 -0.118317 0.471184 0.471184 0.471184
2568.391602 0.000000 1913.185059 0.000000 0.965549 0.000000 0.260221 0.401497 0.401497 0.401497
2566.735840 0.000000 1911.998657 0.000000 0.946101 0.000000 0.323871 0.367000 0.367000 0.367000
2566.006348 0.000000 1911.208740 0.000000 0.892953 0.000000 -0.450149 0.567505 0.567505 0.567505
2611.697021 0.000000 1904.376465 0.000000 0.991240 0.000000 -0.132076 0.473959 0.473959 0.473959
2593.685059 0.000000 1880.774292 0.000000 0.987197 0.000000 0.159505 0.431104 0.431104 0.431104
2604.336914 0.000000 1901.206543 0.000000 0.959950 0.000000 -0.280171 0.458295 0.458295 0.458295
2619.669678 0.000000 1907.916748 0.000000 0.917025 0.000000 -0.398829 0.490097 0.490097 0.490097
2608.304199 0.000000 1890.444092 0.000000 0.927882 0.000000 -0.372874 0.503230 0.503230 0.503230
2622.248535 0.000000 1904.809937 0.000000 0.937132 0.000000 0.348974 0.439988 0.439988 0.439988
2622.753418 0.000000 1908.933350 0.000000 0.863430 0.000000 -0.504469 0.468415 0.468415 0.468415
2605.037842 0.000000 1890.292603 0.000000 0.965869 0.000000 -0.259032 0.494449 0.494449 0.494449
2609.449463 0.000000 1906.915894 0.000000 0.870090 0.000000 -0.492893 0.500955 0.500955 0.500955
2606.883545 0.000000 1893.256226 0.000000 0.989013 0.000000 -0.147829 0.476003 0.476003 0.476003
2612.384521 0.000000 1911.726318 0.000000 0.978155 0.000000 -0.207879 0.490464 0.490464 0.490464
2600.724854 0.000000 1890.653809 0.000000 0.916215 0.000000 -0.400687 0.470842 0.470842 0.470842
2603.814697 0.000000 1885.896729 0.000000 0.999981 0.000000 0.006131 0.449490 0.449490 0.449490
2605.739258 0.000000 1887.735474 0.000000 0.878662 0.000000 -0.477444 0.513188 0.513188 0.513188
2611.937500 0.000000 1906.802612 0.000000 0.942521 0.000000 -0.334147 0.514686 0.514686 0.514686
2614.341309 0.000000 1914.508301 0.000000 0.983306 0.000000 -0.181962 0.464184 0.464184 0.464184
2617.809570 0.000000 1911.590698 0.000000 0.968392 0.000000 -0.249435 0.482287 0.482287 0.482287
2598.918213 0.000000 1884.667236 0.000000 0.997236 0.000000 0.074297 0.441478 0.441478 0.441478
2604.638184 0.000000 1897.221191 0.000000 0.844308 0.000000 -0.535858 0.490661 0.490661 0.490661
2597.408691 0.000000 1887.243774 0.000000 0.999928 0.000000 -0.011969 0.450968 0.450968 0.450968
2609.464111 0.000000 1905.109497 0.000000 0.953473 0.000000 0.301478 0.411811 0.411811 0.411811
2606.801758 0.000000 1891.456665 0.000000 0.999641 0.000000 -0.026780 0.455236 0.455236 0.455236
2610.155762 0.000000 1899.593994 0.000000 0.966771 0.000000 -0.255645 0.492112 0.492112 0.492112
2613.350830 0.000000 1913.145874 0.000000 0.912879 0.000000 -0.408231 0.515667 0.515667 0.515667
2606.996338 0.000000 1896.993530 0.000000 0.901546 0.000000 -0.432683 0.519373 0.519373 0.519373
2607.266113 0.000000 1886.538696 0.000000 0.968516 0.000000 -0.248950 0.473460 0.473460 0.473460
2602.176514 0.000000 1889.904297 0.000000 0.848480 0.000000 -0.529227 0.542101 0.542101 0.542101
2613.104248 0.000000 1903.586060 0.000000 0.983935 0.000000 -0.178527 0.470366 0.470366 0.470366
2600.382080 0.000000 1889.134644 0.000000 0.965330 0.000000 -0.261033 0.479966 0.479966 0.479966
2605.274414 0.000000 1886.274658 0.000000 0.998382 0.000000 0.056863 0.442777 0.442777 0.442777
2610.839355 0.000000 1905.735840 0.000000 0.895227 0.000000 -0.445610 0.533538 0.533538 0.533538
2611.547607 0.000000 1896.657227 0.000000 0.998982 0.000000 -0.045119 0.455527 0.455527 0.455527
2607.821045 0.000000 1899.328979 0.000000 0.852077 0.000000 -0.523416 0.519312 0.519312 0.519312
2593.146240 0.000000 1882.073608 0.000000 0.966773 0.000000 -0.255638 0.500823 0.500823 0.500823
2608.232910 0.000000 1905.832153 0.000000 0.992152 0.000000 -0.125040 0.465634 0.465634 0.465634
2592.406006 0.000000 1883.468140 0.000000 0.999587 0.000000 0.028745 0.444348 0.444348 0.444348
2612.650391 0.000000 1905.656006 0.000000 0.977409 0.000000 -0.211355 0.483256 0.483256 0.483256
2615.092285 0.000000 1909.462524 0.000000 0.995524 0.000000 -0.094508 0.470735 0.470735 0.470735
2605.432617 0.000000 1889.007812 0.000000 0.995050 0.000000 0.099371 0.430878 0.430878 0.430878
2613.296631 0.000000 1909.190918 0.000000 0.973271 0.000000 0.229658 0.397153 0.397153 0.397153
2569.311279 0.000000 1932.688110 0.000000 0.984541 0.000000 0.175153 0.446835 0.446835 0.446835
2584.926514 0.000000 1949.785522 0.000000 0.982219 0.000000 -0.187739 0.453395 0.453395 0.453395
2574.047363 0.000000 1943.672119 0.000000 0.942370 0.000000 0.334572 0.383312 0.383312 0.383312
2577.679199 0.000000 1923.080566 0.000000 0.920033 0.000000 -0.391842 0.475331 0.475331 0.475331
2568.283691 0.000000 1962.927979 0.000000 0.981943 0.000000 -0.189177 0.462615 0.462615 0.462615
2569.631348 0.000000 1943.870605 0.000000 0.998983 0.000000 -0.045083 0.458968 0.458968 0.458968
2568.112305 0.000000 1934.881714 0.000000 0.999598 0.000000 0.028341 0.447007 0.447007 0.447007
2575.320557 0.000000 1945.639160 0.000000 0.968573 0.000000 0.248729 0.377988 0.377988 0.377988
2571.892822 0.000000 1943.567871 0.000000 0.977855 0.000000 0.209283 0.389598 0.389598 0.389598
2585.567383 0.000000 1945.327759 0.000000 0.984401 0.000000 -0.175937 0.461723 0.461723 0.461723
2590.249756 0.000000 1949.116577 0.000000 0.972544 0.000000 -0.232719 0.478498 0.478498 0.478498
2567.814453 0.000000 1919.986206 0.000000 0.993546 0.000000 -0.113432 0.459578 0.459578 0.459578
2569.991211 0.000000 1934.392334 0.000000 0.953045 0.000000 0.302828 0.417510 0.417510 0.417510
2570.173340 0.000000 1935.979492 0.000000 0.941414 0.000000 0.337254 0.409421 0.409421 0.409421
2570.901123 0.000000 1944.491455 0.000000 0.899280 0.000000 -0.437374 0.568494 0.568494 0.568494
2564.338867 0.000000 1963.888428 0.000000 0.956623 0.000000 -0.291328 0.495831 0.495831 0.495831
2563.260986 0.000000 1964.806519 0.000000 0.999053 0.000000 -0.043518 0.456993 0.456993 0.456993
2573.764893 0.000000 1951.544434 0.000000 0.858912 0.000000 -0.512124 0.556913 0.556913 0.556913
2569.834717 0.000000 1941.629517 0.000000 0.957572 0.000000 0.288193 0.366251 0.366251 0.366251
2574.782959 0.000000 1944.411621 0.000000 0.888612 0.000000 -0.458659 0.586503 0.586503 0.586503
2570.488037 0.000000 1947.694702 0.000000 0.889510 0.000000 -0.456915 0.585941 0.585941 0.585941
2568.916016 0.000000 1940.962402 0.000000 0.916165 0.000000 -0.400801 0.568141 0.568141 0.568141
2572.481689 0.000000 1945.554932 0.000000 0.998730 0.000000 -0.050380 0.464439 0.464439 0.464439
2608.064941 0.000000 1947.115845 0.000000 0.951570 0.000000 0.307431 0.447894 0.447894 0.447894
2591.833008 0.000000 1946.048096 0.000000 0.945898 0.000000 -0.324464 0.453712 0.453712 0.453712
2656.195068 0.000000 2011.376465 0.000000 0.977295 0.000000 0.211885 0.438487 0.438487 0.438487
2606.974121 0.000000 1942.789673 0.000000 0.955150 0.000000 -0.296121 0.487827 0.487827 0.487827
2657.613037 0.000000 2014.489380 0.000000 0.980828 0.000000 0.194876 0.443610 0.443610 0.443610
2656.966064 0.000000 1999.356934 0.000000 0.945431 0.000000 0.325823 0.428002 0.428002 0.428002
2648.849121 0.000000 1992.789062 0.000000 0.969137 0.000000 0.246523 0.443004 0.443004 0.443004
2595.670410 0.000000 1952.011475 0.000000 0.842660 0.000000 -0.538445 0.518988 0.518988 0.518988
2605.606201 0.000000 1940.353027 0.000000 0.979484 0.000000 0.201522 0.426520 0.426520 0.426520
2651.092285 0.000000 1992.194580 0.000000 0.998429 0.000000 0.056036 0.446284 0.446284 0.446284
2655.829834 0.000000 1997.422485 0.000000 0.931965 0.000000 -0.362549 0.474591 0.474591 0.474591
2593.299561 0.000000 1949.018066 0.000000 0.878804 0.000000 -0.477184 0.529357 0.529357 0.529357
2603.052490 0.000000 1941.899780 0.000000 0.952692 0.000000 0.303937 0.408367 0.408367 0.408367
2596.404053 0.000000 1943.725342 0.000000 0.981219 0.000000 0.192895 0.424703 0.424703 0.424703
2596.399902 0.000000 1936.703857 0.000000 0.990870 0.000000 0.134817 0.429794 0.429794 0.429794
2601.718750 0.000000 1941.335815 0.000000 0.986481 0.000000 0.163873 0.422075 0.422075 0.422075
2661.678223 0.000000 2008.415039 0.000000 0.997791 0.000000 -0.066430 0.467626 0.467626 0.467626
2602.119629 0.000000 1943.991211 0.000000 0.833990 0.000000 -0.551780 0.545871 0.545871 0.545871
2598.905273 0.000000 1944.617310 0.000000 0.963626 0.000000 0.267255 0.405017 0.405017 0.405017
2660.132812 0.000000 1999.535400 0.000000 0.960232 0.000000 0.279203 0.397865 0.397865 0.397865
2598.996582 0.000000 1936.471924 0.000000 0.991413 0.000000 -0.130771 0.479762 0.479762 0.479762
2594.590332 0.000000 1949.264771 0.000000 0.847211 0.000000 -0.531256 0.550046 0.550046 0.550046
2660.708496 0.000000 2007.696289 0.000000 0.995669 0.000000 -0.092969 0.476358 0.476358 0.476358
2660.149902 0.000000 2003.719238 0.000000 0.976893 0.000000 -0.213727 0.501299 0.501299 0.501299
2662.257324 0.000000 2007.668091 0.000000 0.974757 0.000000 0.223268 0.385495 0.385495 0.385495
2665.959473 0.000000 1999.156250 0.000000 0.936928 0.000000 0.349522 0.421118 0.421118 0.421118
2665.858398 0.000000 2007.463013 0.000000 0.994179 0.000000 0.107738 0.424411 0.424411 0.424411
2652.026123 0.000000 2017.360718 0.000000 0.953233 0.000000 0.302235 0.428269 0.428269 0.428269
2641.500732 0.000000 2017.540649 0.000000 0.999357 0.000000 0.035864 0.445204 0.445204 0.445204
2848.620605 0.000000 2108.168701 0.000000 0.999434 0.000000 0.033645 0.446446 0.446446 0.446446
2827.673584 0.000000 2096.345215 0.000000 0.834448 0.000000 -0.551087 0.493277 0.493277 0.493277
2866.512207 0.000000 2108.956543 0.000000 0.981665 0.000000 -0.190613 0.504943 0.504943 0.504943
2860.646729 0.000000 2110.313477 0.000000 0.896825 0.000000 -0.442385 0.476771 0.476771 0.476771
2876.628906 0.000000 2094.418701 0.000000 0.963505 0.000000 -0.267691 0.473747 0.473747 0.473747
2876.789062 0.000000 2084.444580 0.000000 0.984301 0.000000 -0.176498 0.461362 0.461362 0.461362
2851.546387 0.000000 2096.866455 0.000000 0.982966 0.000000 0.183787 0.438787 0.438787 0.438787
2868.965576 0.000000 2105.720947 0.000000 0.995402 0.000000 -0.095784 0.473279 0.473279 0.473279
2851.770020 0.000000 2110.359863 0.000000 0.985300 0.000000 -0.170833 0.472373 0.472373 0.472373
2862.937256 0.000000 2102.629639 0.000000 0.841479 0.000000 -0.540290 0.495528 0.495528 0.495528
2844.361816 0.000000 2096.501465 0.000000 0.992150 0.000000 -0.125056 0.459297 0.459297 0.459297
2850.034668 0.000000 2099.584961 0.000000 0.997215 0.000000 0.074577 0.445471 0.445471 0.445471
2853.481201 0.000000 2102.161621 0.000000 0.997313 0.000000 0.073263 0.447034 0.447034 0.447034
2872.909424 0.000000 2089.099365 0.000000 0.976864 0.000000 -0.213864 0.466949 0.466949 0.466949
2871.448242 0.000000 2099.566162 0.000000 0.961233 0.000000 0.275738 0.433052 0.433052 0.433052
2827.410889 0.000000 2092.828369 0.000000 0.999763 0.000000 0.021765 0.446772 0.446772 0.446772
2832.868408 0.000000 2098.882812 0.000000 0.997936 0.000000 0.064211 0.445236 0.445236 0.445236
2846.708008 0.000000 2095.209717 0.000000 0.987185 0.000000 0.159577 0.438117 0.438117 0.438117
2876.108643 0.000000 2091.957275 0.000000 0.888030 0.000000 -0.459785 0.485961 0.485961 0.485961
2838.173828 0.000000 2094.192139 0.000000 0.950911 0.000000 0.309466 0.426671 0.426671 0.426671
2874.607910 0.000000 2079.684326 0.000000 0.964489 0.000000 -0.264122 0.465915 0.465915 0.465915
2867.917480 0.000000 2110.816895 0.000000 0.939327 0.000000 0.343024 0.372902 0.372902 0.372902
2870.319580 0.000000 2094.982910 0.000000 0.973591 0.000000 -0.228298 0.465008 0.465008 0.465008
2824.844971 0.000000 2090.270508 0.000000 0.955418 0.000000 -0.295256 0.473234 0.473234 0.473234
2871.806396 0.000000 2093.406982 0.000000 0.987405 0.000000 0.158214 0.433757 0.433757 0.433757
2872.061768 0.000000 2097.365234 0.000000 0.961458 0.000000 -0.274950 0.468149 0.468149 0.468149
2846.311035 0.000000 2099.925049 0.000000 0.937551 0.000000 -0.347849 0.476343 0.476343 0.476343
2877.605957 0.000000 2082.214111 0.000000 0.895061 0.000000 -0.445943 0.484273 0.484273 0.484273
2874.682617 0.000000 2093.758301 0.000000 0.951647 0.000000 -0.307194 0.496304 0.496304 0.496304
2864.728271 0.000000 2106.694336 0.000000 0.997385 0.000000 0.072276 0.429276 0.429276 0.429276
2844.443115 0.000000 2094.471924 0.000000 0.997556 0.000000 0.069872 0.444815 0.444815 0.444815
2873.082520 0.000000 2102.877441 0.000000 0.996226 0.000000 0.086795 0.437113 0.437113 0.437113
2862.739990 0.000000 2111.505371 0.000000 0.990566 0.000000 0.137039 0.430077 0.430077 0.430077
2873.805908 0.000000 2069.158691 0.000000 0.999911 0.000000 -0.013353 0.450990 0.450990 0.450990
2838.227783 0.000000 2090.190918 0.000000 0.995452 0.000000 -0.095268 0.464149 0.464149 0.464149
2864.397217 0.000000 2070.983154 0.000000 0.998715 0.000000 -0.050676 0.455126 0.455126 0.455126
2868.209229 0.000000 2107.948975 0.000000 0.992597 0.000000 0.121451 0.419908 0.419908 0.419908
2843.923584 0.000000 2092.724121 0.000000 0.996686 0.000000 0.081345 0.442223 0.442223 0.442223
2848.140381 0.000000 2099.280029 0.000000 0.975828 0.000000 -0.218541 0.466336 0.466336 0.466336
2869.852539 0.000000 2103.838623 0.000000 0.997042 0.000000 -0.076858 0.458211 0.458211 0.458211
2865.903809 0.000000 2110.728516 0.000000 0.967827 0.000000 0.251615 0.389707 0.389707 0.389707
2826.907715 0.000000 2094.571533 0.000000 0.993241 0.000000 0.116071 0.436016 0.436016 0.436016
2864.824951 0.000000 2108.372803 0.000000 0.908316 0.000000 -0.418285 0.572177 0.572177 0.572177
2836.778076 0.000000 2089.249756 0.000000 0.964196 0.000000 -0.265190 0.487390 0.487390 0.487390
2831.102783 0.000000 2098.709229 0.000000 0.999494 0.000000 -0.031820 0.452932 0.452932 0.452932
2829.080811 0.000000 2095.554932 0.000000 0.866392 0.000000 -0.499364 0.521664 0.521664 0.521664
2869.593994 0.000000 2102.128662 0.000000 0.874015 0.000000 -0.485899 0.504153 0.504153 0.504153
2828.984863 0.000000 2092.795410 0.000000 0.999180 0.000000 -0.040498 0.455461 0.455461 0.455461
2864.099854 0.000000 2075.451172 0.000000 0.993056 0.000000 0.117643 0.433706 0.433706 0.433706
2865.897705 0.000000 2107.604492 0.000000 0.847973 0.000000 -0.530040 0.610041 0.610041 0.610041
2839.103271 0.000000 2093.234863 0.000000 0.994294 0.000000 -0.106671 0.465849 0.465849 0.465849
2865.391357 0.000000 2109.566162 0.000000 0.989943 0.000000 -0.141464 0.490184 0.490184 0.490184
2863.454834 0.000000 2106.562500 0.000000 0.994587 0.000000 0.103906 0.433160 0.433160 0.433160
2869.215332 0.000000 2107.211670 0.000000 0.980913 0.000000 0.194449 0.401632 0.401632 0.401632
2867.030029 0.000000 2107.900391 0.000000 0.959360 0.000000 -0.282184 0.531953 0.531953 0.531953
2866.725342 0.000000 2105.447998 0.000000 0.965548 0.000000 -0.260225 0.525417 0.525417 0.525417
2864.895996 0.000000 2110.888916 0.000000 0.907818 0.000000 -0.419365 0.552581 0.552581 0.552581
2866.457764 0.000000 2104.454102 0.000000 0.970275 0.000000 -0.242004 0.520024 0.520024 0.520024
2857.839844 0.000000 2115.272949 0.000000 0.994180 0.000000 -0.107729 0.458003 0.458003 0.458003
2849.023438 0.000000 2112.062256 0.000000 0.945987 0.000000 0.324205 0.416616 0.416616 0.416616
2863.159912 0.000000 2117.132812 0.000000 0.991044 0.000000 0.133539 0.444733 0.444733 0.444733
2852.052979 0.000000 2124.966797 0.000000 0.963472 0.000000 0.267810 0.440558 0.440558 0.440558
2854.001221 0.000000 2112.141602 0.000000 0.938519 0.000000 -0.345226 0.454356 0.454356 0.454356
2854.960938 0.000000 2121.097900 0.000000 0.939206 0.000000 0.343353 0.415350 0.415350 0.415350
2846.893555 0.000000 2114.306641 0.000000 0.990756 0.000000 0.135659 0.442356 0.442356 0.442356
2868.002686 0.000000 2113.345215 0.000000 0.990533 0.000000 0.137278 0.444585 0.444585 0.444585
2851.607910 0.000000 2113.122803 0.000000 0.999743 0.000000 -0.022661 0.451451 0.451451 0.451451
2854.215576 0.000000 2118.913574 0.000000 0.869694 0.000000 -0.493592 0.494655 0.494655 0.494655
2859.123047 0.000000 2113.374023 0.000000 0.940422 0.000000 -0.340008 0.474165 0.474165 0.474165
2848.734375 0.000000 2113.968018 0.000000 0.874157 0.000000 -0.485643 0.501273 0.501273 0.501273
2856.205811 0.000000 2116.428711 0.000000 0.951398 0.000000 0.307964 0.426788 0.426788 0.426788
2852.457031 0.000000 2111.674316 0.000000 0.966158 0.000000 0.257951 0.424500 0.424500 0.424500
2864.779541 0.000000 2113.336426 0.000000 0.961378 0.000000 0.275231 0.408651 0.408651 0.408651
2857.502197 0.000000 2123.393066 0.000000 0.975967 0.000000 -0.217917 0.482577 0.482577 0.482577
3200.018066 0.000000 1914.720215 0.000000 0.981690 0.000000 -0.190487 0.478207 0.478207 0.478207
3199.232910 0.000000 1912.658447 0.000000 0.946463 0.000000 0.322813 0.406056 0.406056 0.406056
3188.608398 0.000000 1917.048950 0.000000 0.910821 0.000000 -0.412802 0.548958 0.548958 0.548958
3191.013672 0.000000 1915.895996 0.000000 0.949916 0.000000 0.312505 0.379301 0.379301 0.379301
3189.445068 0.000000 1915.743286 0.000000 0.995094 0.000000 0.098930 0.436641 0.436641 0.436641
3195.257812 0.000000 1919.018677 0.000000 0.998129 0.000000 0.061144 0.432472 0.432472 0.432472
3358.202637 0.000000 1894.783325 0.000000 0.831416 0.000000 -0.555650 0.461252 0.461252 0.461252
3375.700684 0.000000 1881.756348 0.000000 0.978320 0.000000 -0.207097 0.455859 0.455859 0.455859
3361.164795 0.000000 1881.249390 0.000000 0.991371 0.000000 0.131088 0.441286 0.441286 0.441286
3358.969971 0.000000 1880.887207 0.000000 0.882233 0.000000 -0.470813 0.482493 0.482493 0.482493
3361.254883 0.000000 1885.131470 0.000000 0.883664 0.000000 -0.468122 0.512393 0.512393 0.512393
3092.123535 0.000000 1934.624146 0.000000 0.982021 0.000000 -0.188772 0.490751 0.490751 0.490751
3095.778320 0.000000 1946.048096 0.000000 0.906479 0.000000 -0.422251 0.453918 0.453918 0.453918
3115.897217 0.000000 1987.272705 0.000000 0.838297 0.000000 -0.545214 0.615196 0.615196 0.615196
3166.187256 0.000000 1949.116577 0.000000 0.924535 0.000000 -0.381098 0.509738 0.509738 0.509738
3162.699707 0.000000 1940.374268 0.000000 0.962305 0.000000 -0.271971 0.528908 0.528908 0.528908
3117.447998 0.000000 1986.868408 0.000000 0.899137 0.000000 -0.437668 0.579776 0.579776 0.579776
3114.760742 0.000000 1989.785278 0.000000 0.996212 0.000000 -0.086956 0.474943 0.474943 0.474943
3122.780518 0.000000 1992.092163 0.000000 0.972901 0.000000 0.231220 0.392592 0.392592 0.392592
3163.575439 0.000000 1937.893799 0.000000 0.950010 0.000000 -0.312220 0.501369 0.501369 0.501369
3123.272705 0.000000 1988.393921 0.000000 0.841969 0.000000 -0.539527 0.613257 0.613257 0.613257
3118.071289 0.000000 1991.759888 0.000000 0.842563 0.000000 -0.538598 0.612941 0.612941 0.612941
3115.111084 0.000000 1986.248901 0.000000 0.985350 0.000000 0.170546 0.400902 0.400902 0.400902
3167.111816 0.000000 1944.126099 0.000000 0.997098 0.000000 0.076124 0.428171 0.428171 0.428171
3099.470215 0.000000 1942.488647 0.000000 0.999332 0.000000 0.036532 0.439532 0.439532 0.439532
3124.412598 0.000000 1990.590332 0.000000 0.988596 0.000000 -0.150594 0.477682 0.477682 0.477682
3113.642578 0.000000 1989.908325 0.000000 0.913169 0.000000 -0.407582 0.570265 0.570265 0.570265
3113.014160 0.000000 1987.254761 0.000000 0.906168 0.000000 -0.422918 0.575095 0.575095 0.575095
3110.106689 0.000000 1986.324341 0.000000 0.925097 0.000000 -0.379732 0.534017 0.534017 0.534017
3114.119385 0.000000 1984.555664 0.000000 0.944159 0.000000 -0.329491 0.546189 0.546189 0.546189
3166.521973 0.000000 2011.020874 0.000000 0.991817 0.000000 0.127670 0.418359 0.418359 0.418359
3166.834473 0.000000 1941.225464 0.000000 0.948908 0.000000 -0.315552 0.541971 0.541971 0.541971
3115.873535 0.000000 1988.664062 0.000000 0.828397 0.000000 -0.560141 0.620328 0.620328 0.620328
3148.792480 0.000000 2005.621094 0.000000 0.989913 0.000000 0.141676 0.409276 0.409276 0.409276
3113.310303 0.000000 1986.280151 0.000000 0.824679 0.000000 -0.565601 0.622220 0.622220 0.622220
3148.652344 0.000000 2003.001099 0.000000 0.984758 0.000000 0.173931 0.399918 0.399918 0.399918
3165.104736 0.000000 1940.743774 0.000000 0.945148 0.000000 0.326643 0.354674 0.354674 0.354674
3166.446777 0.000000 2009.049194 0.000000 0.961967 0.000000 -0.273165 0.529263 0.529263 0.529263
3167.252197 0.000000 1939.307129 0.000000 0.976853 0.000000 0.213911 0.388242 0.388242 0.388242
3167.321289 0.000000 2009.532837 0.000000 0.999739 0.000000 -0.022856 0.456548 0.456548 0.456548
3118.783447 0.000000 1988.879639 0.000000 0.839107 0.000000 -0.543966 0.614770 0.614770 0.614770
3167.299805 0.000000 1936.092041 0.000000 0.937887 0.000000 0.346941 0.348498 0.348498 0.348498
3166.202637 0.000000 2007.668091 0.000000 0.997105 0.000000 0.076035 0.428196 0.428196 0.428196
3149.104980 0.000000 2001.182373 0.000000 0.989180 0.000000 -0.146704 0.492180 0.492180 0.492180
3162.783203 0.000000 1941.360107 0.000000 0.994984 0.000000 0.100032 0.421295 0.421295 0.421295
3161.664795 0.000000 2210.223145 0.000000 0.978554 0.000000 -0.205992 0.451632 0.451632 0.451632
3154.293457 0.000000 2217.522949 0.000000 0.969779 0.000000 -0.243983 0.464676 0.464676 0.464676
3167.104004 0.000000 2228.184570 0.000000 0.952101 0.000000 0.305785 0.442319 0.442319 0.442319
3139.508545 0.000000 2232.016846 0.000000 0.935944 0.000000 0.352150 0.428168 0.428168 0.428168
3145.292969 0.000000 2225.131104 0.000000 0.936742 0.000000 0.350022 0.426297 0.426297 0.426297
3161.171875 0.000000 2228.309814 0.000000 0.904549 0.000000 -0.426369 0.471279 0.471279 0.471279
3165.707520 0.000000 2247.759277 0.000000 0.996906 0.000000 -0.078609 0.452829 0.452829 0.452829
3141.895752 0.000000 2223.999023 0.000000 0.953369 0.000000 0.301806 0.378358 0.378358 0.378358
3157.615967 0.000000 2216.328613 0.000000 0.895821 0.000000 -0.444415 0.492942 0.492942 0.492942
3159.767578 0.000000 2225.168457 0.000000 0.998494 0.000000 -0.054858 0.456536 0.456536 0.456536
3138.896240 0.000000 2225.542969 0.000000 0.956184 0.000000 0.292765 0.401933 0.401933 0.401933
3158.359619 0.000000 2227.514648 0.000000 0.956551 0.000000 -0.291564 0.472602 0.472602 0.472602
3142.596436 0.000000 2220.186768 0.000000 0.898402 0.000000 -0.439175 0.504656 0.504656 0.504656
3141.473145 0.000000 2233.625488 0.000000 0.968300 0.000000 -0.249790 0.460211 0.460211 0.460211
3139.933838 0.000000 2229.519287 0.000000 0.972558 0.000000 -0.232662 0.513576 0.513576 0.513576
3137.188477 0.000000 2231.080566 0.000000 0.979521 0.000000 0.201340 0.426769 0.426769 0.426769
3138.696533 0.000000 2223.080566 0.000000 0.942045 0.000000 -0.335487 0.494201 0.494201 0.494201
3155.263184 0.000000 2225.047363 0.000000 0.964831 0.000000 -0.262871 0.466735 0.466735 0.466735
3154.869141 0.000000 2222.940186 0.000000 0.887719 0.000000 -0.460386 0.490312 0.490312 0.490312
3140.719727 0.000000 2225.777344 0.000000 0.999931 0.000000 -0.011769 0.452565 0.452565 0.452565
3166.886230 0.000000 2222.856445 0.000000 0.960778 0.000000 -0.277320 0.477465 0.477465 0.477465
3166.543701 0.000000 2243.614746 0.000000 0.908014 0.000000 -0.418940 0.488366 0.488366 0.488366
3164.798584 0.000000 2213.505615 0.000000 0.987343 0.000000 -0.158601 0.463599 0.463599 0.463599
3160.043213 0.000000 2226.867188 0.000000 0.997580 0.000000 0.069529 0.443746 0.443746 0.443746
3166.560303 0.000000 2226.583740 0.000000 0.844396 0.000000 -0.535720 0.516691 0.516691 0.516691
3143.813232 0.000000 2224.444824 0.000000 0.999244 0.000000 0.038874 0.443753 0.443753 0.443753
3140.181885 0.000000 2222.550049 0.000000 0.956421 0.000000 -0.291990 0.519240 0.519240 0.519240
3158.205078 0.000000 2224.571289 0.000000 0.996514 0.000000 0.083420 0.440054 0.440054 0.440054
3141.182129 0.000000 2220.120117 0.000000 0.989077 0.000000 -0.147397 0.470276 0.470276 0.470276
3138.354736 0.000000 2226.788574 0.000000 0.993832 0.000000 -0.110897 0.472597 0.472597 0.472597
3137.235352 0.000000 2229.781250 0.000000 0.944669 0.000000 0.328025 0.398561 0.398561 0.398561
3163.755371 0.000000 2223.639648 0.000000 0.998901 0.000000 0.046875 0.441360 0.441360 0.441360
3141.128906 0.000000 2224.771729 0.000000 0.890294 0.000000 -0.455386 0.553047 0.553047 0.553047
3138.246094 0.000000 2229.445312 0.000000 0.971560 0.000000 -0.236793 0.514727 0.514727 0.514727
3176.179199 0.000000 2015.126099 0.000000 0.997433 0.000000 -0.071606 0.454348 0.454348 0.454348
3207.983398 0.000000 1969.853027 0.000000 0.985669 0.000000 0.168694 0.445049 0.445049 0.445049
3211.429688 0.000000 1967.208740 0.000000 0.922011 0.000000 -0.387164 0.470992 0.470992 0.470992
3189.084229 0.000000 1937.935303 0.000000 0.999776 0.000000 0.021181 0.449334 0.449334 0.449334
3202.167725 0.000000 1976.392090 0.000000 0.977903 0.000000 -0.209057 0.463487 0.463487 0.463487
3176.591064 0.000000 2006.108887 0.000000 0.999596 0.000000 0.028428 0.441855 0.441855 0.441855
3221.141846 0.000000 1968.352905 0.000000 0.996054 0.000000 0.088751 0.446805 0.446805 0.446805
3215.612305 0.000000 1971.933472 0.000000 0.928732 0.000000 -0.370751 0.467922 0.467922 0.467922
3173.641602 0.000000 2014.748291 0.000000 0.949531 0.000000 -0.313674 0.470073 0.470073 0.470073
3215.201660 0.000000 1969.325562 0.000000 0.941787 0.000000 -0.336211 0.475424 0.475424 0.475424
3208.756348 0.000000 1962.246460 0.000000 0.987159 0.000000 0.159739 0.441349 0.441349 0.441349
3175.134033 0.000000 2013.221680 0.000000 0.997968 0.000000 -0.063712 0.465041 0.465041 0.465041
3214.188965 0.000000 1965.212891 0.000000 0.951441 0.000000 -0.307831 0.475311 0.475311 0.475311
3176.496582 0.000000 2007.838745 0.000000 0.992363 0.000000 0.123348 0.414573 0.414573 0.414573
3197.359375 0.000000 2004.177002 0.000000 0.984725 0.000000 -0.174119 0.469268 0.469268 0.469268
3181.536133 0.000000 2001.131226 0.000000 0.989292 0.000000 0.145952 0.408038 0.408038 0.408038
3180.084717 0.000000 1939.755859 0.000000 0.999231 0.000000 0.039218 0.439291 0.439291 0.439291
3188.945801 0.000000 1996.811035 0.000000 0.922619 0.000000 -0.385712 0.563440 0.563440 0.563440
3226.796143 0.000000 1968.108643 0.000000 0.979979 0.000000 0.199102 0.422302 0.422302 0.422302
3189.318604 0.000000 2002.789062 0.000000 0.964058 0.000000 0.265692 0.372960 0.372960 0.372960
3184.170410 0.000000 2001.816528 0.000000 0.995208 0.000000 -0.097781 0.478057 0.478057 0.478057
3173.690430 0.000000 2005.646118 0.000000 0.999091 0.000000 0.042630 0.443820 0.443820 0.443820
3170.264404 0.000000 1946.343750 0.000000 0.995991 0.000000 0.089459 0.426753 0.426753 0.426753
3181.124023 0.000000 1998.405273 0.000000 0.986715 0.000000 0.162458 0.403252 0.403252 0.403252
3173.697754 0.000000 2013.359375 0.000000 0.980492 0.000000 0.196561 0.400211 0.400211 0.400211
3177.735352 0.000000 2006.919067 0.000000 0.999247 0.000000 0.038798 0.438882 0.438882 0.438882
3193.379639 0.000000 1927.200195 0.000000 0.995827 0.000000 -0.091257 0.475461 0.475461 0.475461
3181.704834 0.000000 1939.024536 0.000000 0.997131 0.000000 -0.075693 0.470684 0.470684 0.470684
3201.820068 0.000000 1986.270630 0.000000 0.999771 0.000000 -0.021423 0.456138 0.456138 0.456138
3191.876221 0.000000 1995.757324 0.000000 0.972743 0.000000 0.231886 0.382959 0.382959 0.382959
3174.186035 0.000000 1930.420532 0.000000 0.999834 0.000000 0.018199 0.444786 0.444786 0.444786
3189.870117 0.000000 1995.948608 0.000000 0.964773 0.000000 0.263083 0.373735 0.373735 0.373735
3197.882568 0.000000 1999.561035 0.000000 0.888031 0.000000 -0.459783 0.535876 0.535876 0.535876
3177.020264 0.000000 2002.894653 0.000000 0.992983 0.000000 0.118256 0.416043 0.416043 0.416043
3174.034180 0.000000 2007.011108 0.000000 0.880245 0.000000 -0.474519 0.591640 0.591640 0.591640
3174.308105 0.000000 1932.520996 0.000000 0.951352 0.000000 0.308106 0.360274 0.360274 0.360274
3182.356689 0.000000 2003.546265 0.000000 0.988804 0.000000 0.149221 0.407091 0.407091 0.407091
3170.249268 0.000000 1931.332886 0.000000 0.859695 0.000000 -0.510808 0.556608 0.556608 0.556608
3179.785645 0.000000 1999.546631 0.000000 0.982917 0.000000 -0.184050 0.503029 0.503029 0.503029
3201.958008 0.000000 1988.821777 0.000000 0.945265 0.000000 0.326305 0.358511 0.358511 0.358511
3170.885986 0.000000 2010.760498 0.000000 0.944791 0.000000 -0.327673 0.545638 0.545638 0.545638
3182.796875 0.000000 2002.098877 0.000000 0.937215 0.000000 -0.348751 0.552055 0.552055 0.552055
3193.653320 0.000000 1994.486694 0.000000 0.825267 0.000000 -0.564743 0.574054 0.574054 0.574054
3202.902832 0.000000 1988.084229 0.000000 0.995606 0.000000 -0.093640 0.473072 0.473072 0.473072
3180.386475 0.000000 2003.061035 0.000000 0.945386 0.000000 0.325954 0.354883 0.354883 0.354883
3177.812500 0.000000 2000.905762 0.000000 0.998938 0.000000 -0.046084 0.462171 0.462171 0.462171
3195.965820 0.000000 2005.097046 0.000000 0.956432 0.000000 0.291955 0.365125 0.365125 0.365125
3173.962891 0.000000 2010.987671 0.000000 0.999702 0.000000 -0.024405 0.456992 0.456992 0.456992
3207.263428 0.000000 1973.080688 0.000000 0.956752 0.000000 -0.290904 0.503721 0.503721 0.503721
3169.945068 0.000000 1942.790405 0.000000 0.977953 0.000000 0.208826 0.389732 0.389732 0.389732
3205.166016 0.000000 1972.033936 0.000000 0.963406 0.000000 0.268045 0.398173 0.398173 0.398173
3185.722656 0.000000 2004.935059 0.000000 0.935057 0.000000 0.354499 0.346186 0.346186 0.346186
3187.770508 0.000000 1999.272217 0.000000 0.959779 0.000000 -0.280758 0.531527 0.531527 0.531527
3181.691895 0.000000 2006.588379 0.000000 0.964212 0.000000 0.265133 0.373126 0.373126 0.373126
3181.846924 0.000000 2005.498047 0.000000 0.833420 0.000000 -0.552640 0.617742 0.617742 0.617742
3185.256104 0.000000 1998.206421 0.000000 0.881580 0.000000 -0.472035 0.590832 0.590832 0.590832
3169.803711 0.000000 2007.463013 0.000000 0.923819 0.000000 -0.382828 0.562545 0.562545 0.562545
3175.771973 0.000000 1930.667480 0.000000 0.977134 0.000000 -0.212625 0.511381 0.511381 0.511381
3194.944824 0.000000 1998.339233 0.000000 0.930504 0.000000 -0.366283 0.557433 0.557433 0.557433
3175.402588 0.000000 1934.287964 0.000000 0.976374 0.000000 -0.216089 0.512397 0.512397 0.512397
3193.208740 0.000000 1923.746216 0.000000 0.978103 0.000000 0.208120 0.389939 0.389939 0.389939
3183.553711 0.000000 2005.292236 0.000000 0.992468 0.000000 -0.122501 0.485182 0.485182 0.485182
3184.581787 0.000000 1937.810059 0.000000 0.969649 0.000000 -0.244501 0.514102 0.514102 0.514102
3189.999268 0.000000 1997.014282 0.000000 0.992237 0.000000 -0.124364 0.485720 0.485720 0.485720
3180.081787 0.000000 1998.296509 0.000000 0.935539 0.000000 -0.353224 0.553423 0.553423 0.553423
3179.310303 0.000000 2002.835327 0.000000 0.886453 0.000000 -0.462819 0.587846 0.587846 0.587846
3172.586670 0.000000 2011.368652 0.000000 0.966352 0.000000 0.257223 0.375473 0.375473 0.375473
3191.414062 0.000000 1994.560059 0.000000 0.945187 0.000000 -0.326529 0.545291 0.545291 0.545291
3173.335449 0.000000 1937.066406 0.000000 0.973915 0.000000 0.226913 0.384423 0.384423 0.384423
3169.034912 0.000000 1935.330444 0.000000 0.995767 0.000000 0.091909 0.423633 0.423633 0.423633
3176.472900 0.000000 2003.858398 0.000000 0.970743 0.000000 0.240121 0.380532 0.380532 0.380532
3197.416992 0.000000 1923.756958 0.000000 0.999049 0.000000 -0.043598 0.461955 0.461955 0.461955
3168.943115 0.000000 1938.037476 0.000000 0.964590 0.000000 0.263752 0.373536 0.373536 0.373536
3181.793213 0.000000 2009.817627 0.000000 0.999644 0.000000 -0.026675 0.457643 0.457643 0.457643
3180.534180 0.000000 2009.849365 0.000000 0.997153 0.000000 -0.075401 0.471621 0.471621 0.471621
3190.915527 0.000000 2003.710327 0.000000 0.876480 0.000000 -0.481437 0.593897 0.593897 0.593897
3190.830078 0.000000 1995.709961 0.000000 0.940717 0.000000 -0.339194 0.549139 0.549139 0.549139
3178.500732 0.000000 1936.272461 0.000000 0.894371 0.000000 -0.447325 0.582861 0.582861 0.582861
3169.979980 0.000000 1935.873535 0.000000 0.951264 0.000000 -0.308377 0.539807 0.539807 0.539807
3192.782471 0.000000 2006.608521 0.000000 0.968463 0.000000 0.249156 0.385217 0.385217 0.385217
3169.757080 0.000000 2008.876587 0.000000 0.991059 0.000000 0.133422 0.411663 0.411663 0.411663
3188.097168 0.000000 1994.549194 0.000000 0.968581 0.000000 0.248699 0.377997 0.377997 0.377997
3189.913086 0.000000 1999.120850 0.000000 0.994568 0.000000 0.104088 0.420127 0.420127 0.420127
3194.024658 0.000000 2005.245605 0.000000 0.996876 0.000000 0.078986 0.427349 0.427349 0.427349
3178.667969 0.000000 1999.475830 0.000000 0.951823 0.000000 0.306649 0.360713 0.360713 0.360713
3168.268799 0.000000 2006.509033 0.000000 0.862908 0.000000 -0.505361 0.601776 0.601776 0.601776
3167.769043 0.000000 1941.438477 0.000000 0.974034 0.000000 -0.226402 0.515427 0.515427 0.515427
3191.999756 0.000000 2005.697266 0.000000 0.994938 0.000000 -0.100488 0.478836 0.478836 0.478836
3192.920166 0.000000 2001.910645 0.000000 0.977102 0.000000 0.212773 0.388575 0.388575 0.388575
3194.706787 0.000000 2003.533081 0.000000 0.981898 0.000000 0.189410 0.395408 0.395408 0.395408
3184.929443 0.000000 2005.500244 0.000000 0.947582 0.000000 0.319511 0.356833 0.356833 0.356833
3193.059570 0.000000 1925.145386 0.000000 0.876913 0.000000 -0.480649 0.593639 0.593639 0.593639
3190.166992 0.000000 2002.367676 0.000000 0.845705 0.000000 -0.533650 0.611262 0.611262 0.611262
3194.450928 0.000000 2001.609619 0.000000 0.992885 0.000000 -0.119081 0.484195 0.484195 0.484195
3180.335938 0.000000 1996.015259 0.000000 0.971813 0.000000 0.235755 0.381819 0.381819 0.381819
3177.273438 0.000000 2008.387939 0.000000 0.946514 0.000000 -0.322663 0.544120 0.544120 0.544120
3194.703125 0.000000 1920.919800 0.000000 0.928398 0.000000 -0.371588 0.559068 0.559068 0.559068
3174.397217 0.000000 1941.072388 0.000000 0.983454 0.000000 -0.181159 0.502186 0.502186 0.502186
3220.617920 0.000000 2105.023926 0.000000 0.849606 0.000000 -0.527419 0.456241 0.456241 0.456241
3214.783203 0.000000 2099.415039 0.000000 0.988945 0.000000 -0.148283 0.453846 0.453846 0.453846
3196.556396 0.000000 2108.497070 0.000000 0.937999 0.000000 -0.346638 0.455170 0.455170 0.455170
3218.274902 0.000000 2101.037842 0.000000 0.848624 0.000000 -0.528996 0.462525 0.462525 0.462525
3219.052002 0.000000 2097.351807 0.000000 0.996018 0.000000 0.089147 0.447092 0.447092 0.447092
3298.566650 0.000000 2100.469482 0.000000 0.994605 0.000000 -0.103732 0.452919 0.452919 0.452919
3301.117676 0.000000 2100.580811 0.000000 0.958069 0.000000 -0.286539 0.469263 0.469263 0.469263
3299.437256 0.000000 2046.452026 0.000000 0.954800 0.000000 -0.297248 0.465597 0.465597 0.465597
3300.732910 0.000000 2098.799561 0.000000 0.993601 0.000000 0.112950 0.437411 0.437411 0.437411
3371.559082 0.000000 1984.592163 0.000000 0.836770 0.000000 -0.547555 0.517701 0.517701 0.517701
3369.438965 0.000000 2008.750610 0.000000 0.980273 0.000000 0.197651 0.447318 0.447318 0.447318
3325.525635 0.000000 2007.716309 0.000000 0.853997 0.000000 -0.520277 0.470286 0.470286 0.470286
3342.170410 0.000000 2000.794312 0.000000 0.996178 0.000000 -0.087346 0.451965 0.451965 0.451965
3372.223145 0.000000 1976.826904 0.000000 0.997536 0.000000 -0.070160 0.455364 0.455364 0.455364
3331.290527 0.000000 2009.550537 0.000000 0.976680 0.000000 0.214700 0.437602 0.437602 0.437602
3371.865723 0.000000 1986.697876 0.000000 0.859861 0.000000 -0.510528 0.500563 0.500563 0.500563
3360.740967 0.000000 2003.819458 0.000000 0.989911 0.000000 -0.141689 0.470284 0.470284 0.470284
3355.299561 0.000000 2005.185181 0.000000 0.893086 0.000000 -0.449887 0.507667 0.507667 0.507667
3377.657715 0.000000 2012.573608 0.000000 0.999780 0.000000 0.020982 0.448326 0.448326 0.448326
3348.333008 0.000000 1984.386597 0.000000 0.958965 0.000000 -0.283526 0.498766 0.498766 0.498766
3373.797852 0.000000 2007.854248 0.000000 0.997606 0.000000 -0.069148 0.465394 0.465394 0.465394
3359.027588 0.000000 2000.881226 0.000000 0.987482 0.000000 -0.157729 0.467616 0.467616 0.467616
3330.583252 0.000000 2004.232666 0.000000 0.953007 0.000000 -0.302948 0.538174 0.538174 0.538174
3334.610107 0.000000 1999.833008 0.000000 0.909429 0.000000 -0.415860 0.572867 0.572867 0.572867
3365.760498 0.000000 2005.277832 0.000000 0.848036 0.000000 -0.529939 0.500826 0.500826 0.500826
3377.510254 0.000000 1991.421143 0.000000 0.999098 0.000000 0.042464 0.445753 0.445753 0.445753
3369.905273 0.000000 2002.823486 0.000000 0.975525 0.000000 0.219890 0.426338 0.426338 0.426338
3364.611084 0.000000 2002.004028 0.000000 0.935919 0.000000 0.352215 0.409967 0.409967 0.409967
3337.951904 0.000000 2004.286987 0.000000 0.999723 0.000000 0.023514 0.446830 0.446830 0.446830
3380.905762 0.000000 1994.473877 0.000000 0.992473 0.000000 -0.122465 0.462965 0.462965 0.462965
3333.026123 0.000000 1999.570435 0.000000 0.967707 0.000000 0.252079 0.376997 0.376997 0.376997
3381.276123 0.000000 1990.003052 0.000000 0.989971 0.000000 -0.141272 0.465765 0.465765 0.465765
3371.785889 0.000000 2005.499023 0.000000 0.996029 0.000000 -0.089027 0.464522 0.464522 0.464522
3370.417236 0.000000 1983.585571 0.000000 0.933418 0.000000 -0.358791 0.520499 0.520499 0.520499
3370.730713 0.000000 1981.298584 0.000000 0.899301 0.000000 -0.437331 0.550684 0.550684 0.550684
3339.275146 0.000000 2013.398560 0.000000 0.991635 0.000000 -0.129076 0.472539 0.472539 0.472539
3329.985840 0.000000 1997.414307 0.000000 0.871113 0.000000 -0.491082 0.507670 0.507670 0.507670
3376.212891 0.000000 1986.798828 0.000000 0.984209 0.000000 0.177012 0.430208 0.430208 0.430208
3366.687744 0.000000 2002.570679 0.000000 0.966298 0.000000 -0.257426 0.478957 0.478957 0.478957
3340.690918 0.000000 2001.179565 0.000000 0.946346 0.000000 0.323156 0.386414 0.386414 0.386414
3331.165771 0.000000 2006.676636 0.000000 0.999983 0.000000 -0.005763 0.451373 0.451373 0.451373
3342.885742 0.000000 2011.489014 0.000000 0.999902 0.000000 -0.013968 0.452385 0.452385 0.452385
3370.512207 0.000000 2005.956909 0.000000 0.866405 0.000000 -0.499342 0.535170 0.535170 0.535170
3348.103516 0.000000 2011.936035 0.000000 0.994948 0.000000 0.100391 0.429778 0.429778 0.429778
3329.140625 0.000000 2007.338745 0.000000 0.876617 0.000000 -0.481189 0.561669 0.561669 0.561669
3353.869629 0.000000 1980.690918 0.000000 0.977051 0.000000 -0.213005 0.511492 0.511492 0.511492
3354.968994 0.000000 1981.784912 0.000000 0.940788 0.000000 -0.338995 0.535479 0.535479 0.535479
3372.017578 0.000000 2010.612061 0.000000 0.999321 0.000000 0.036842 0.444204 0.444204 0.444204
3330.693604 0.000000 2003.033691 0.000000 0.969891 0.000000 -0.243541 0.520478 0.520478 0.520478
3337.637695 0.000000 1994.486694 0.000000 0.957935 0.000000 -0.286985 0.504611 0.504611 0.504611
3336.833740 0.000000 1999.310547 0.000000 0.863040 0.000000 -0.505136 0.601702 0.601702 0.601702
3375.370361 0.000000 2007.716553 0.000000 0.986267 0.000000 -0.165158 0.482247 0.482247 0.482247
3352.867188 0.000000 1985.529175 0.000000 0.898771 0.000000 -0.438417 0.580015 0.580015 0.580015
3370.341309 0.000000 1980.216187 0.000000 0.966814 0.000000 -0.255482 0.507467 0.507467 0.507467
3351.342041 0.000000 1984.224243 0.000000 0.989383 0.000000 0.145329 0.408218 0.408218 0.408218
3335.129395 0.000000 2000.885254 0.000000 0.941628 0.000000 -0.336655 0.548366 0.548366 0.548366
3352.728027 0.000000 1981.365479 0.000000 0.954807 0.000000 0.297228 0.363544 0.363544 0.363544
3372.360596 0.000000 1989.947876 0.000000 0.952376 0.000000 -0.304926 0.515793 0.515793 0.515793
3339.242188 0.000000 2015.003052 0.000000 0.919541 0.000000 -0.392993 0.535757 0.535757 0.535757
3349.193848 0.000000 1983.569580 0.000000 0.997723 0.000000 -0.067443 0.464786 0.464786 0.464786
3329.707031 0.000000 2004.935059 0.000000 0.997550 0.000000 0.069962 0.431436 0.431436 0.431436
3335.806885 0.000000 1997.454834 0.000000 0.939289 0.000000 0.343127 0.349662 0.349662 0.349662
3345.651611 0.000000 2015.501709 0.000000 0.999350 0.000000 -0.036049 0.458021 0.458021 0.458021
3355.967041 0.000000 1980.322754 0.000000 0.998025 0.000000 0.062824 0.434462 0.434462 0.434462
3335.398438 0.000000 1994.560059 0.000000 0.995590 0.000000 0.093811 0.423085 0.423085 0.423085
3337.778809 0.000000 2003.212036 0.000000 0.943754 0.000000 -0.330648 0.546540 0.546540 0.546540
3334.899902 0.000000 2003.710327 0.000000 0.982802 0.000000 -0.184664 0.503208 0.503208 0.503208
3333.833252 0.000000 1993.832764 0.000000 0.843397 0.000000 -0.537291 0.598478 0.598478 0.598478
3332.081543 0.000000 1994.549194 0.000000 0.975949 0.000000 0.217999 0.387042 0.387042 0.387042
3333.897461 0.000000 1999.120850 0.000000 0.958701 0.000000 0.284417 0.367380 0.367380 0.367380
3337.906250 0.000000 1996.298096 0.000000 0.958585 0.000000 -0.284805 0.532736 0.532736 0.532736
3385.361572 0.000000 1995.565430 0.000000 0.995672 0.000000 -0.092934 0.456064 0.456064 0.456064
3327.986816 0.000000 2043.100220 0.000000 0.999761 0.000000 0.021870 0.449951 0.449951 0.449951
3337.908203 0.000000 2017.453491 0.000000 0.996255 0.000000 -0.086465 0.459629 0.459629 0.459629
3354.463623 0.000000 2056.953857 0.000000 0.978909 0.000000 -0.204295 0.495766 0.495766 0.495766
3364.159668 0.000000 2028.343018 0.000000 0.998381 0.000000 0.056889 0.448273 0.448273 0.448273
3354.869629 0.000000 2059.561035 0.000000 0.983414 0.000000 -0.181377 0.473154 0.473154 0.473154
3354.997559 0.000000 2054.485840 0.000000 0.953690 0.000000 -0.300792 0.517961 0.517961 0.517961
3329.181396 0.000000 2045.494873 0.000000 0.995129 0.000000 -0.098579 0.460982 0.460982 0.460982
3354.059082 0.000000 2027.800293 0.000000 0.919485 0.000000 -0.393125 0.470426 0.470426 0.470426
3336.220459 0.000000 2019.019409 0.000000 0.970612 0.000000 -0.240648 0.470478 0.470478 0.470478
3352.630615 0.000000 2055.905029 0.000000 0.887209 0.000000 -0.461368 0.556669 0.556669 0.556669
3329.839600 0.000000 2043.353149 0.000000 0.979777 0.000000 0.200094 0.429178 0.429178 0.429178
3353.732178 0.000000 2053.320312 0.000000 0.995653 0.000000 -0.093141 0.459117 0.459117 0.459117
3352.930664 0.000000 2031.215210 0.000000 0.994563 0.000000 0.104134 0.440624 0.440624 0.440624
3355.554932 0.000000 2055.734863 0.000000 0.965519 0.000000 -0.260332 0.508584 0.508584 0.508584
3340.989014 0.000000 2015.772339 0.000000 0.873538 0.000000 -0.486756 0.572793 0.572793 0.572793
3179.565918 0.000000 2195.879395 0.000000 0.990226 0.000000 -0.139472 0.453301 0.453301 0.453301
3191.090576 0.000000 2116.794434 0.000000 0.846066 0.000000 -0.533079 0.455053 0.455053 0.455053
3172.505615 0.000000 2196.918945 0.000000 0.939221 0.000000 -0.343312 0.457087 0.457087 0.457087
3180.274414 0.000000 2189.159912 0.000000 0.964089 0.000000 -0.265580 0.452718 0.452718 0.452718
3203.574707 0.000000 2207.133545 0.000000 0.991010 0.000000 -0.133791 0.467488 0.467488 0.467488
3193.923828 0.000000 2113.437988 0.000000 0.940943 0.000000 0.338566 0.440687 0.440687 0.440687
3200.554199 0.000000 2204.323242 0.000000 0.998119 0.000000 0.061301 0.444556 0.444556 0.444556
3198.386230 0.000000 2206.751221 0.000000 0.900039 0.000000 -0.435810 0.514845 0.514845 0.514845
3175.322754 0.000000 2202.709717 0.000000 0.990149 0.000000 0.140018 0.434376 0.434376 0.434376
3203.035156 0.000000 2204.834229 0.000000 0.978290 0.000000 0.207243 0.434052 0.434052 0.434052
3173.618164 0.000000 2136.371094 0.000000 0.950861 0.000000 0.309619 0.425244 0.425244 0.425244
3192.083252 0.000000 2206.260986 0.000000 0.988986 0.000000 0.148011 0.439486 0.439486 0.439486
3185.401611 0.000000 2193.062744 0.000000 0.918093 0.000000 -0.396365 0.490292 0.490292 0.490292
3189.445068 0.000000 2203.696533 0.000000 0.999808 0.000000 0.019586 0.446259 0.446259 0.446259
3184.217773 0.000000 2198.079590 0.000000 0.983957 0.000000 0.178408 0.399824 0.399824 0.399824
3188.500732 0.000000 2202.305176 0.000000 0.967099 0.000000 0.254402 0.400873 0.400873 0.400873
3178.409668 0.000000 2201.753662 0.000000 0.960312 0.000000 -0.278929 0.530981 0.530981 0.530981
3181.777588 0.000000 2203.700439 0.000000 0.835964 0.000000 -0.548784 0.616418 0.616418 0.616418
3182.796875 0.000000 2194.067627 0.000000 0.901128 0.000000 -0.433552 0.543705 0.543705 0.543705
3179.464355 0.000000 2202.330078 0.000000 0.921191 0.000000 -0.389111 0.564496 0.564496 0.564496
3180.491699 0.000000 2205.612793 0.000000 0.996457 0.000000 0.084101 0.425878 0.425878 0.425878
3179.229004 0.000000 2200.357910 0.000000 0.971074 0.000000 0.238779 0.380927 0.380927 0.380927
3180.022705 0.000000 2204.528564 0.000000 0.962478 0.000000 0.271360 0.371274 0.371274 0.371274
3180.328857 0.000000 2202.921631 0.000000 0.823318 0.000000 -0.567581 0.622908 0.622908 0.622908
3208.359619 0.000000 2252.459717 0.000000 0.967247 0.000000 0.253835 0.399831 0.399831 0.399831
3201.790527 0.000000 2275.594482 0.000000 0.921897 0.000000 -0.387434 0.466537 0.466537 0.466537
3223.973145 0.000000 2227.703369 0.000000 0.955502 0.000000 -0.294985 0.489359 0.489359 0.489359
3214.808105 0.000000 2267.056152 0.000000 0.938619 0.000000 -0.344956 0.532299 0.532299 0.532299
3221.885986 0.000000 2242.840820 0.000000 0.970621 0.000000 -0.240612 0.467472 0.467472 0.467472
3170.924805 0.000000 2224.391846 0.000000 0.965168 0.000000 -0.261631 0.459814 0.459814 0.459814
3225.492676 0.000000 2267.346191 0.000000 0.989735 0.000000 -0.142918 0.462889 0.462889 0.462889
3197.976807 0.000000 2252.386475 0.000000 0.990512 0.000000 -0.137423 0.452633 0.452633 0.452633
3167.770508 0.000000 2234.001465 0.000000 0.969951 0.000000 -0.243300 0.469327 0.469327 0.469327
3218.623779 0.000000 2252.366211 0.000000 0.989395 0.000000 -0.145247 0.475546 0.475546 0.475546
3228.405518 0.000000 2236.062988 0.000000 0.971820 0.000000 -0.235723 0.455079 0.455079 0.455079
3226.129883 0.000000 2249.719482 0.000000 0.913599 0.000000 -0.406617 0.454704 0.454704 0.454704
3221.084473 0.000000 2260.665771 0.000000 0.999427 0.000000 -0.033859 0.459702 0.459702 0.459702
3213.449219 0.000000 2227.493896 0.000000 0.975105 0.000000 -0.221746 0.483159 0.483159 0.483159
3203.150146 0.000000 2248.501221 0.000000 0.987115 0.000000 -0.160015 0.471124 0.471124 0.471124
3200.968750 0.000000 2257.894287 0.000000 0.999919 0.000000 -0.012720 0.451315 0.451315 0.451315
3172.713623 0.000000 2230.250488 0.000000 0.999705 0.000000 -0.024292 0.451283 0.451283 0.451283
3184.532959 0.000000 2264.507568 0.000000 0.989433 0.000000 -0.144990 0.450981 0.450981 0.450981
3179.715332 0.000000 2240.050781 0.000000 0.961863 0.000000 -0.273532 0.452179 0.452179 0.452179
3168.577637 0.000000 2240.547852 0.000000 0.980440 0.000000 0.196818 0.428856 0.428856 0.428856
3222.547119 0.000000 2222.428467 0.000000 0.986705 0.000000 -0.162523 0.462655 0.462655 0.462655
3210.580322 0.000000 2263.773926 0.000000 0.967967 0.000000 -0.251078 0.483359 0.483359 0.483359
3212.013916 0.000000 2220.951172 0.000000 0.858163 0.000000 -0.513377 0.513595 0.513595 0.513595
3191.247803 0.000000 2266.098633 0.000000 0.981242 0.000000 0.192781 0.426026 0.426026 0.426026
3197.290771 0.000000 2273.896729 0.000000 0.972531 0.000000 0.232772 0.429150 0.429150 0.429150
3219.287109 0.000000 2216.151855 0.000000 0.998626 0.000000 -0.052406 0.453946 0.453946 0.453946
3225.952881 0.000000 2245.193848 0.000000 0.977306 0.000000 0.211832 0.442566 0.442566 0.442566
3190.041504 0.000000 2273.455322 0.000000 0.971140 0.000000 -0.238511 0.466234 0.466234 0.466234
3197.292969 0.000000 2223.791748 0.000000 0.990618 0.000000 0.136661 0.447382 0.447382 0.447382
3202.141846 0.000000 2271.336182 0.000000 0.990110 0.000000 -0.140294 0.463283 0.463283 0.463283
3222.421387 0.000000 2247.714355 0.000000 0.902847 0.000000 -0.429961 0.475964 0.475964 0.475964
3172.595215 0.000000 2246.127686 0.000000 0.960407 0.000000 -0.278601 0.461736 0.461736 0.461736
3195.452881 0.000000 2265.727783 0.000000 0.930323 0.000000 -0.366741 0.519185 0.519185 0.519185
3177.771729 0.000000 2243.678467 0.000000 0.847592 0.000000 -0.530648 0.465082 0.465082 0.465082
3210.943359 0.000000 2267.982178 0.000000 0.996878 0.000000 -0.078953 0.457459 0.457459 0.457459
3205.408936 0.000000 2273.830811 0.000000 0.984981 0.000000 0.172663 0.440642 0.440642 0.440642
3209.698730 0.000000 2228.571533 0.000000 0.890894 0.000000 -0.454210 0.490786 0.490786 0.490786
3215.050781 0.000000 2230.835938 0.000000 0.996661 0.000000 -0.081647 0.466896 0.466896 0.466896
3222.494385 0.000000 2218.279297 0.000000 0.996575 0.000000 -0.082691 0.453255 0.453255 0.453255
3215.176025 0.000000 2254.666992 0.000000 0.991585 0.000000 0.129457 0.425789 0.425789 0.425789
3200.293945 0.000000 2211.020508 0.000000 0.903283 0.000000 -0.429045 0.542661 0.542661 0.542661
3215.202881 0.000000 2248.347900 0.000000 0.979012 0.000000 0.203802 0.427173 0.427173 0.427173
3175.776611 0.000000 2231.742188 0.000000 0.990980 0.000000 -0.134013 0.454228 0.454228 0.454228
3196.300781 0.000000 2277.260498 0.000000 0.976940 0.000000 0.213514 0.443473 0.443473 0.443473
3219.327393 0.000000 2233.682617 0.000000 0.980633 0.000000 -0.195853 0.493407 0.493407 0.493407
3225.362793 0.000000 2224.237305 0.000000 0.950116 0.000000 0.311897 0.435390 0.435390 0.435390
3196.751465 0.000000 2270.573486 0.000000 0.843195 0.000000 -0.537608 0.525882 0.525882 0.525882
3204.899658 0.000000 2245.452148 0.000000 0.997080 0.000000 0.076363 0.440296 0.440296 0.440296
3210.888428 0.000000 2225.542969 0.000000 0.968409 0.000000 0.249365 0.416873 0.416873 0.416873
3221.141846 0.000000 2256.306152 0.000000 0.999565 0.000000 0.029507 0.442242 0.442242 0.442242
3171.607910 0.000000 2239.964600 0.000000 0.987850 0.000000 -0.155409 0.465251 0.465251 0.465251
3210.714600 0.000000 2243.688965 0.000000 0.928579 0.000000 -0.371135 0.495280 0.495280 0.495280
3211.352295 0.000000 2235.164307 0.000000 0.904087 0.000000 -0.427348 0.493158 0.493158 0.493158
3216.258301 0.000000 2228.068359 0.000000 0.999001 0.000000 0.044677 0.439004 0.439004 0.439004
3217.180420 0.000000 2265.187012 0.000000 0.967611 0.000000 0.252446 0.376888 0.376888 0.376888
3205.613770 0.000000 2251.730469 0.000000 0.997546 0.000000 -0.070007 0.463066 0.463066 0.463066
3211.344482 0.000000 2260.918457 0.000000 0.944337 0.000000 -0.328981 0.495569 0.495569 0.495569
3204.875977 0.000000 2270.471191 0.000000 0.881976 0.000000 -0.471294 0.489145 0.489145 0.489145
3193.890869 0.000000 2212.588867 0.000000 0.863472 0.000000 -0.504397 0.483855 0.483855 0.483855
3183.245117 0.000000 2213.303955 0.000000 0.900916 0.000000 -0.433994 0.518086 0.518086 0.518086
3198.267334 0.000000 2265.233154 0.000000 0.886160 0.000000 -0.463379 0.535522 0.535522 0.535522
3216.213379 0.000000 2250.881348 0.000000 0.977987 0.000000 -0.208668 0.480229 0.480229 0.480229
3167.986572 0.000000 2225.703857 0.000000 0.977495 0.000000 -0.210960 0.464328 0.464328 0.464328
3210.885254 0.000000 2251.530029 0.000000 0.945825 0.000000 0.324678 0.388704 0.388704 0.388704
3199.652100 0.000000 2260.111816 0.000000 0.980293 0.000000 -0.197549 0.476585 0.476585 0.476585
3215.612305 0.000000 2259.886719 0.000000 0.998142 0.000000 0.060931 0.435205 0.435205 0.435205
3223.569336 0.000000 2261.065430 0.000000 0.977636 0.000000 0.210303 0.394536 0.394536 0.394536
3211.013184 0.000000 2246.454834 0.000000 0.968591 0.000000 -0.248658 0.493477 0.493477 0.493477
3207.921631 0.000000 2263.562988 0.000000 0.998667 0.000000 -0.051625 0.454816 0.454816 0.454816
3188.418457 0.000000 2260.006348 0.000000 0.882163 0.000000 -0.470943 0.476443 0.476443 0.476443
3225.881836 0.000000 2265.006104 0.000000 0.950501 0.000000 -0.310720 0.494014 0.494014 0.494014
3212.818848 0.000000 2248.226562 0.000000 0.985219 0.000000 -0.171301 0.474949 0.474949 0.474949
3193.664551 0.000000 2264.190430 0.000000 0.995953 0.000000 -0.089875 0.464155 0.464155 0.464155
3169.860352 0.000000 2238.329346 0.000000 0.987598 0.000000 -0.157007 0.466118 0.466118 0.466118
3221.809082 0.000000 2262.787842 0.000000 0.930289 0.000000 -0.366828 0.557601 0.557601 0.557601
3208.672607 0.000000 2268.111084 0.000000 0.982879 0.000000 0.184251 0.438133 0.438133 0.438133
3223.600830 0.000000 2249.576660 0.000000 0.990414 0.000000 -0.138131 0.459029 0.459029 0.459029
3169.814941 0.000000 2245.722900 0.000000 0.969451 0.000000 -0.245286 0.469767 0.469767 0.469767
3173.738770 0.000000 2239.553467 0.000000 0.970101 0.000000 0.242702 0.431547 0.431547 0.431547
3185.622070 0.000000 2210.062256 0.000000 0.824313 0.000000 -0.566135 0.515582 0.515582 0.515582
3188.953613 0.000000 2268.031738 0.000000 0.829343 0.000000 -0.558740 0.491961 0.491961 0.491961
3208.646240 0.000000 2247.873779 0.000000 0.989504 0.000000 -0.144505 0.476555 0.476555 0.476555
3225.539551 0.000000 2256.875977 0.000000 0.978215 0.000000 0.207596 0.423218 0.423218 0.423218
3198.423096 0.000000 2215.368896 0.000000 0.946274 0.000000 0.323365 0.395990 0.395990 0.395990
3173.589600 0.000000 2228.387939 0.000000 0.992830 0.000000 -0.119537 0.459827 0.459827 0.459827
3209.019287 0.000000 2226.488770 0.000000 0.867849 0.000000 -0.496829 0.511917 0.511917 0.511917
3201.026611 0.000000 2262.817871 0.000000 0.995294 0.000000 -0.096906 0.463957 0.463957 0.463957
3215.555420 0.000000 2232.625244 0.000000 0.989958 0.000000 0.141362 0.421477 0.421477 0.421477
3202.662109 0.000000 2258.889893 0.000000 0.976345 0.000000 -0.216218 0.475219 0.475219 0.475219
3221.988770 0.000000 2220.656738 0.000000 0.979921 0.000000 -0.199385 0.470747 0.470747 0.470747
3220.025879 0.000000 2250.952393 0.000000 0.894205 0.000000 -0.447657 0.503187 0.503187 0.503187
3212.711914 0.000000 2225.777344 0.000000 0.995932 0.000000 -0.090112 0.464395 0.464395 0.464395
3204.365967 0.000000 2260.893066 0.000000 0.999525 0.000000 -0.030822 0.453463 0.453463 0.453463
3210.308594 0.000000 2241.885986 0.000000 0.988033 0.000000 -0.154241 0.463048 0.463048 0.463048
3216.635010 0.000000 2267.164795 0.000000 0.912965 0.000000 -0.408037 0.567575 0.567575 0.567575
3198.257568 0.000000 2218.904541 0.000000 0.999994 0.000000 -0.003342 0.450270 0.450270 0.450270
3200.579346 0.000000 2216.068848 0.000000 0.935038 0.000000 -0.354548 0.495603 0.495603 0.495603
3191.596924 0.000000 2267.897705 0.000000 0.905936 0.000000 -0.423414 0.504030 0.504030 0.504030
3207.833008 0.000000 2232.443604 0.000000 0.952463 0.000000 -0.304655 0.480606 0.480606 0.480606
3216.691650 0.000000 2258.459717 0.000000 0.994287 0.000000 -0.106742 0.480638 0.480638 0.480638
3222.337646 0.000000 2226.919189 0.000000 0.977394 0.000000 0.211425 0.421998 0.421998 0.421998
3195.060791 0.000000 2269.906006 0.000000 0.957243 0.000000 -0.289285 0.499456 0.499456 0.499456
3208.730713 0.000000 2217.657715 0.000000 0.966687 0.000000 0.255961 0.429354 0.429354 0.429354
3197.875000 0.000000 2260.464111 0.000000 0.979979 0.000000 -0.199103 0.478148 0.478148 0.478148
3224.287842 0.000000 2265.945312 0.000000 0.987787 0.000000 -0.155812 0.471794 0.471794 0.471794
3214.646729 0.000000 2250.013184 0.000000 0.952078 0.000000 -0.305856 0.492603 0.492603 0.492603
3169.889404 0.000000 2241.757080 0.000000 0.943613 0.000000 0.331052 0.413988 0.413988 0.413988
3196.740479 0.000000 2209.021240 0.000000 0.940431 0.000000 -0.339985 0.503002 0.503002 0.503002
3209.565186 0.000000 2235.861084 0.000000 0.994530 0.000000 -0.104450 0.461168 0.461168 0.461168
3223.722656 0.000000 2231.905273 0.000000 0.983715 0.000000 -0.179736 0.480860 0.480860 0.480860
3177.594727 0.000000 2221.485107 0.000000 0.999985 0.000000 -0.005476 0.450467 0.450467 0.450467
3189.601562 0.000000 2208.214111 0.000000 0.946681 0.000000 0.322173 0.417939 0.417939 0.417939
3167.661621 0.000000 2242.020508 0.000000 0.991686 0.000000 -0.128678 0.461452 0.461452 0.461452
3217.898926 0.000000 2263.584473 0.000000 0.983524 0.000000 0.180778 0.397925 0.397925 0.397925
3189.527344 0.000000 2266.394775 0.000000 0.997952 0.000000 0.063967 0.444678 0.444678 0.444678
3213.419922 0.000000 2254.814697 0.000000 0.995077 0.000000 -0.099108 0.464610 0.464610 0.464610
3207.233398 0.000000 2251.057617 0.000000 0.996299 0.000000 -0.085954 0.467500 0.467500 0.467500
3206.857666 0.000000 2262.183350 0.000000 0.999993 0.000000 0.003868 0.449639 0.449639 0.449639
3218.112061 0.000000 2261.822754 0.000000 0.983236 0.000000 -0.182340 0.502530 0.502530 0.502530
3195.525146 0.000000 2258.142578 0.000000 0.975493 0.000000 -0.220031 0.470686 0.470686 0.470686
3198.559082 0.000000 2211.625488 0.000000 0.999878 0.000000 0.015628 0.447015 0.447015 0.447015
3222.848633 0.000000 2252.582520 0.000000 0.998470 0.000000 -0.055289 0.456401 0.456401 0.456401
3220.776367 0.000000 2221.950439 0.000000 0.978280 0.000000 -0.207286 0.471581 0.471581 0.471581
3205.006836 0.000000 2255.344482 0.000000 0.983414 0.000000 -0.181375 0.479096 0.479096 0.479096
3203.132812 0.000000 2252.311768 0.000000 0.999458 0.000000 -0.032927 0.454588 0.454588 0.454588
3217.877197 0.000000 2250.879883 0.000000 0.998148 0.000000 0.060839 0.441246 0.441246 0.441246
3214.811768 0.000000 2262.175049 0.000000 0.839582 0.000000 -0.543232 0.614520 0.614520 0.614520
3222.389893 0.000000 2257.298096 0.000000 0.937173 0.000000 0.348865 0.379138 0.379138 0.379138
3201.192871 0.000000 2259.627686 0.000000 0.998091 0.000000 -0.061769 0.456735 0.456735 0.456735
3217.778320 0.000000 2228.541260 0.000000 0.855197 0.000000 -0.518303 0.584056 0.584056 0.584056
3205.218994 0.000000 2209.271240 0.000000 0.954172 0.000000 0.299258 0.405955 0.405955 0.405955
3217.222900 0.000000 2226.752441 0.000000 0.951415 0.000000 0.307912 0.377915 0.377915 0.377915
3211.822266 0.000000 2244.772461 0.000000 0.977419 0.000000 -0.211309 0.480856 0.480856 0.480856
3203.721680 0.000000 2264.046143 0.000000 0.870563 0.000000 -0.492057 0.516465 0.516465 0.516465
3212.741699 0.000000 2246.684326 0.000000 0.943889 0.000000 -0.330263 0.495376 0.495376 0.495376
3191.964111 0.000000 2264.724854 0.000000 0.975922 0.000000 -0.218119 0.477173 0.477173 0.477173
3211.884766 0.000000 2259.399658 0.000000 0.905602 0.000000 -0.424128 0.508556 0.508556 0.508556
3200.614014 0.000000 2271.634033 0.000000 0.997804 0.000000 -0.066240 0.457224 0.457224 0.457224
3212.263184 0.000000 2264.055420 0.000000 0.991437 0.000000 0.130586 0.422487 0.422487 0.422487
3202.504639 0.000000 2257.399658 0.000000 0.955103 0.000000 0.296276 0.413504 0.413504 0.413504
3214.381592 0.000000 2268.510986 0.000000 0.983223 0.000000 0.182406 0.421767 0.421767 0.421767
3214.437988 0.000000 2255.952637 0.000000 0.884617 0.000000 -0.466318 0.540472 0.540472 0.540472
3200.232178 0.000000 2267.750488 0.000000 0.991925 0.000000 0.126824 0.429570 0.429570 0.429570
3214.792725 0.000000 2228.058350 0.000000 0.852425 0.000000 -0.522850 0.561260 0.561260 0.561260
3215.872314 0.000000 2265.954834 0.000000 0.824905 0.000000 -0.565271 0.622106 0.622106 0.622106
3202.614258 0.000000 2267.767090 0.000000 0.985367 0.000000 -0.170446 0.472129 0.472129 0.472129
3199.650879 0.000000 2207.835938 0.000000 0.839629 0.000000 -0.543160 0.532570 0.532570 0.532570
3197.432861 0.000000 2268.309814 0.000000 0.941269 0.000000 -0.337657 0.508816 0.508816 0.508816
3214.678711 0.000000 2258.600830 0.000000 0.932628 0.000000 -0.360839 0.539584 0.539584 0.539584
3194.648193 0.000000 2268.516602 0.000000 0.938888 0.000000 -0.344223 0.509219 0.509219 0.509219
3199.751953 0.000000 2269.127686 0.000000 0.999238 0.000000 -0.039039 0.456142 0.456142 0.456142
3209.387695 0.000000 2257.668457 0.000000 0.980103 0.000000 0.198490 0.422164 0.422164 0.422164
3213.418213 0.000000 2249.462646 0.000000 0.851957 0.000000 -0.523611 0.529866 0.529866 0.529866
3209.107666 0.000000 2242.564697 0.000000 0.862724 0.000000 -0.505675 0.521473 0.521473 0.521473
3211.570557 0.000000 2247.703857 0.000000 0.863856 0.000000 -0.503740 0.541336 0.541336 0.541336
3209.449219 0.000000 2251.573242 0.000000 0.930544 0.000000 -0.366180 0.528340 0.528340 0.528340
3175.664307 0.000000 2213.371826 0.000000 0.872880 0.000000 -0.487934 0.556512 0.556512 0.556512
3177.503662 0.000000 2211.645264 0.000000 0.999855 0.000000 0.017054 0.446340 0.446340 0.446340
3218.830811 0.000000 2232.444580 0.000000 0.946483 0.000000 0.322753 0.377636 0.377636 0.377636
3218.307373 0.000000 2225.933105 0.000000 0.943912 0.000000 0.330197 0.386865 0.386865 0.386865
3212.268555 0.000000 2251.841553 0.000000 0.898479 0.000000 -0.439018 0.515869 0.515869 0.515869
3173.839600 0.000000 2214.851807 0.000000 0.957551 0.000000 0.288265 0.387254 0.387254 0.387254
3214.740234 0.000000 2222.897705 0.000000 0.858356 0.000000 -0.513054 0.557734 0.557734 0.557734
3223.121582 0.000000 2262.442627 0.000000 0.966509 0.000000 -0.256631 0.516770 0.516770 0.516770
3222.065918 0.000000 2264.057861 0.000000 0.946657 0.000000 0.322242 0.378123 0.378123 0.378123
3208.051758 0.000000 2249.078857 0.000000 0.997978 0.000000 0.063562 0.436924 0.436924 0.436924
3196.639404 0.000000 2269.300781 0.000000 0.999680 0.000000 -0.025294 0.454320 0.454320 0.454320
3218.532715 0.000000 2256.030762 0.000000 0.950539 0.000000 -0.310605 0.540478 0.540478 0.540478
3215.699463 0.000000 2261.281250 0.000000 0.986270 0.000000 -0.165141 0.497527 0.497527 0.497527
3192.497070 0.000000 2267.015137 0.000000 0.874058 0.000000 -0.485821 0.530360 0.530360 0.530360
3194.208008 0.000000 2265.391602 0.000000 0.834196 0.000000 -0.551468 0.557622 0.557622 0.557622
3221.120117 0.000000 2257.553223 0.000000 0.986486 0.000000 -0.163848 0.493269 0.493269 0.493269
3216.778076 0.000000 2221.849854 0.000000 0.975837 0.000000 -0.218498 0.487615 0.487615 0.487615
3216.326660 0.000000 2254.156738 0.000000 0.951331 0.000000 -0.308170 0.517925 0.517925 0.517925
3196.016113 0.000000 2266.780273 0.000000 0.938579 0.000000 -0.345065 0.516494 0.516494 0.516494
3220.988281 0.000000 2259.458984 0.000000 0.999952 0.000000 0.009758 0.447204 0.447204 0.447204
3217.191406 0.000000 2259.558105 0.000000 0.937407 0.000000 -0.348237 0.551897 0.551897 0.551897
3211.693848 0.000000 2248.951660 0.000000 0.850787 0.000000 -0.525510 0.554432 0.554432 0.554432
3212.971436 0.000000 2262.054688 0.000000 0.997365 0.000000 -0.072543 0.466559 0.466559 0.466559
3222.873291 0.000000 2265.719482 0.000000 0.992819 0.000000 -0.119629 0.476270 0.476270 0.476270
3220.109375 0.000000 2229.568848 0.000000 0.999899 0.000000 0.014192 0.446971 0.446971 0.446971
3215.726074 0.000000 2227.035645 0.000000 0.960656 0.000000 0.277739 0.394668 0.394668 0.394668
3201.305664 0.000000 2211.502441 0.000000 0.853157 0.000000 -0.521655 0.564676 0.564676 0.564676
3214.040527 0.000000 2230.419678 0.000000 0.989851 0.000000 0.142112 0.420524 0.420524 0.420524
3219.021484 0.000000 2230.726318 0.000000 0.943463 0.000000 0.331477 0.361558 0.361558 0.361558
3216.324463 0.000000 2233.410645 0.000000 0.999021 0.000000 0.044233 0.439362 0.439362 0.439362
3221.748535 0.000000 2267.526367 0.000000 0.946183 0.000000 0.323632 0.372618 0.372618 0.372618
3215.640381 0.000000 2258.220947 0.000000 0.955134 0.000000 0.296173 0.377035 0.377035 0.377035
3218.511230 0.000000 2262.759766 0.000000 0.967005 0.000000 0.254758 0.376204 0.376204 0.376204
3216.138916 0.000000 2264.967529 0.000000 0.999997 0.000000 0.002635 0.449245 0.449245 0.449245
3218.176514 0.000000 2265.193604 0.000000 0.984732 0.000000 0.174078 0.399875 0.399875 0.399875
3221.247803 0.000000 2258.514404 0.000000 0.980956 0.000000 -0.194229 0.505998 0.505998 0.505998
3220.904541 0.000000 2263.095703 0.000000 0.991226 0.000000 -0.132182 0.487978 0.487978 0.487978
3218.769043 0.000000 2257.484131 0.000000 0.940384 0.000000 0.340115 0.350581 0.350581 0.350581
3218.978271 0.000000 2259.272461 0.000000 0.924006 0.000000 -0.382379 0.562406 0.562406 0.562406
2802.615723 0.000000 2463.622070 0.000000 0.998825 0.000000 0.048455 0.441722 0.441722 0.441722
2802.867676 0.000000 2462.148193 0.000000 0.996027 0.000000 0.089048 0.434774 0.434774 0.434774
2807.727051 0.000000 2463.779541 0.000000 0.956343 0.000000 0.292245 0.392692 0.392692 0.392692
3148.885498 0.000000 2321.679932 0.000000 0.928370 0.000000 -0.371657 0.473101 0.473101 0.473101
3153.919678 0.000000 2310.434326 0.000000 0.979213 0.000000 0.202837 0.440821 0.440821 0.440821
3148.183105 0.000000 2316.296387 0.000000 0.940541 0.000000 -0.339680 0.471025 0.471025 0.471025
3149.428223 0.000000 2312.360840 0.000000 0.977442 0.000000 -0.211204 0.502358 0.502358 0.502358
3151.585205 0.000000 2313.276367 0.000000 0.995430 0.000000 0.095489 0.430661 0.430661 0.430661
3149.412354 0.000000 2315.340820 0.000000 0.838017 0.000000 -0.545644 0.615343 0.615343 0.615343
3149.406250 0.000000 2313.522217 0.000000 0.999206 0.000000 -0.039840 0.459805 0.459805 0.459805
3430.887207 0.000000 2390.898926 0.000000 0.995733 0.000000 0.092285 0.434322 0.434322 0.434322
3428.951660 0.000000 2391.413818 0.000000 0.986788 0.000000 0.162015 0.419834 0.419834 0.419834
3428.557861 0.000000 2389.178955 0.000000 0.947403 0.000000 0.320043 0.381926 0.381926 0.381926
3430.376709 0.000000 2386.304688 0.000000 0.866009 0.000000 -0.500029 0.584714 0.584714 0.584714
3412.414307 0.000000 2411.581299 0.000000 0.984324 0.000000 0.176370 0.435858 0.435858 0.435858
3402.858887 0.000000 2431.136475 0.000000 0.996192 0.000000 -0.087186 0.461180 0.461180 0.461180
3406.406250 0.000000 2432.093994 0.000000 0.959298 0.000000 -0.282394 0.462865 0.462865 0.462865
3399.169922 0.000000 2430.835205 0.000000 0.954291 0.000000 0.298878 0.401239 0.401239 0.401239
3398.678467 0.000000 2433.299561 0.000000 0.990003 0.000000 0.141049 0.443163 0.443163 0.443163
3401.173584 0.000000 2429.432373 0.000000 0.988495 0.000000 -0.151251 0.478145 0.478145 0.478145
3410.764160 0.000000 2415.244141 0.000000 0.989249 0.000000 0.146241 0.439777 0.439777 0.439777
3419.388672 0.000000 2410.981934 0.000000 0.999852 0.000000 -0.017181 0.453185 0.453185 0.453185
3401.831787 0.000000 2427.290771 0.000000 0.964862 0.000000 -0.262757 0.470610 0.470610 0.470610
3421.205078 0.000000 2410.781250 0.000000 0.998370 0.000000 -0.057077 0.455133 0.455133 0.455133
3411.771973 0.000000 2432.879395 0.000000 0.911287 0.000000 -0.411772 0.518657 0.518657 0.518657
3402.583008 0.000000 2429.731934 0.000000 0.980673 0.000000 0.195656 0.426328 0.426328 0.426328
3400.788818 0.000000 2430.840088 0.000000 0.970757 0.000000 0.240065 0.405061 0.405061 0.405061
3398.306641 0.000000 2429.897705 0.000000 0.904137 0.000000 -0.427243 0.531829 0.531829 0.531829
3416.210693 0.000000 2412.209961 0.000000 0.953996 0.000000 -0.299820 0.520813 0.520813 0.520813
3159.089111 0.000000 2774.424805 0.000000 0.976297 0.000000 0.216433 0.446079 0.446079 0.446079
3194.120605 0.000000 2741.774170 0.000000 0.969440 0.000000 0.245329 0.449722 0.449722 0.449722
3197.976807 0.000000 2732.308350 0.000000 0.981039 0.000000 -0.193810 0.451534 0.451534 0.451534
3190.396240 0.000000 2731.953369 0.000000 0.932735 0.000000 -0.360562 0.454973 0.454973 0.454973
3188.629395 0.000000 2742.359619 0.000000 0.985377 0.000000 0.170391 0.443460 0.443460 0.443460
3168.740723 0.000000 2737.106445 0.000000 0.890802 0.000000 -0.454391 0.459009 0.459009 0.459009
3185.162842 0.000000 2747.845459 0.000000 0.995343 0.000000 -0.096396 0.452603 0.452603 0.452603
3168.758301 0.000000 2784.160400 0.000000 0.987408 0.000000 -0.158196 0.450892 0.450892 0.450892
3714.888672 0.000000 1596.091309 0.000000 0.945224 0.000000 -0.326421 0.466810 0.466810 0.466810
3718.624023 0.000000 1586.710083 0.000000 0.934624 0.000000 -0.355638 0.497384 0.497384 0.497384
3839.172852 0.000000 1624.326782 0.000000 0.972890 0.000000 -0.231267 0.458914 0.458914 0.458914
3835.840088 0.000000 1627.711914 0.000000 0.955777 0.000000 0.294091 0.439939 0.439939 0.439939
3828.267822 0.000000 1630.764648 0.000000 0.904397 0.000000 -0.426693 0.463372 0.463372 0.463372
3887.366943 0.000000 1579.918823 0.000000 0.989639 0.000000 -0.143579 0.469423 0.469423 0.469423
3831.965088 0.000000 1629.621826 0.000000 0.990049 0.000000 0.140725 0.438103 0.438103 0.438103
3837.218018 0.000000 1625.192749 0.000000 0.989574 0.000000 0.144026 0.437822 0.437822 0.437822
3885.336182 0.000000 1579.707153 0.000000 0.996279 0.000000 -0.086184 0.467256 0.467256 0.467256
3842.325195 0.000000 1655.248291 0.000000 0.976582 0.000000 -0.215148 0.456090 0.456090 0.456090
3832.042236 0.000000 1650.815918 0.000000 0.852994 0.000000 -0.521921 0.460487 0.460487 0.460487
3837.915771 0.000000 1646.388672 0.000000 0.961785 0.000000 0.273807 0.438160 0.438160 0.438160
3847.687988 0.000000 1652.013550 0.000000 0.966476 0.000000 -0.256756 0.471879 0.471879 0.471879
3953.141113 0.000000 1546.390015 0.000000 0.861048 0.000000 -0.508524 0.463784 0.463784 0.463784
3910.260498 0.000000 1560.561035 0.000000 0.983148 0.000000 0.182813 0.440912 0.440912 0.440912
3907.077148 0.000000 1561.794312 0.000000 0.993623 0.000000 -0.112756 0.455459 0.455459 0.455459
3913.284424 0.000000 1566.458862 0.000000 0.991919 0.000000 -0.126869 0.456002 0.456002 0.456002
3901.664062 0.000000 1561.688232 0.000000 0.965664 0.000000 -0.259793 0.464172 0.464172 0.464172
3889.782227 0.000000 1566.438721 0.000000 0.974140 0.000000 -0.225947 0.460498 0.460498 0.460498
3904.766113 0.000000 1568.566284 0.000000 0.978516 0.000000 -0.206170 0.486161 0.486161 0.486161
3893.475830 0.000000 1578.823364 0.000000 0.933209 0.000000 -0.359333 0.499964 0.499964 0.499964
3888.278076 0.000000 1579.964600 0.000000 0.998306 0.000000 -0.058174 0.456212 0.456212 0.456212
3912.006836 0.000000 1563.994751 0.000000 0.954929 0.000000 -0.296833 0.482503 0.482503 0.482503
3899.441895 0.000000 1566.641968 0.000000 0.975217 0.000000 0.221253 0.405136 0.405136 0.405136
3905.201904 0.000000 1569.927612 0.000000 0.998784 0.000000 -0.049306 0.458589 0.458589 0.458589
3888.906250 0.000000 1571.035400 0.000000 0.954246 0.000000 -0.299024 0.505609 0.505609 0.505609
3950.529541 0.000000 1548.847534 0.000000 0.925658 0.000000 -0.378362 0.541109 0.541109 0.541109
3959.111328 0.000000 1549.750977 0.000000 0.999989 0.000000 0.004653 0.449007 0.449007 0.449007
3908.410156 0.000000 1565.254517 0.000000 0.929878 0.000000 -0.367869 0.528296 0.528296 0.528296
3905.790527 0.000000 1566.717407 0.000000 0.939748 0.000000 0.341867 0.350047 0.350047 0.350047
3935.158936 0.000000 1547.385010 0.000000 0.995799 0.000000 -0.091561 0.471117 0.471117 0.471117
3901.775635 0.000000 1567.016602 0.000000 0.987501 0.000000 0.157613 0.404658 0.404658 0.404658
3902.517090 0.000000 1567.824463 0.000000 0.995044 0.000000 0.099439 0.421465 0.421465 0.421465
3891.549072 0.000000 1577.111206 0.000000 0.987507 0.000000 0.157577 0.404669 0.404669 0.404669
3893.760742 0.000000 1577.884644 0.000000 0.939846 0.000000 -0.341598 0.538905 0.538905 0.538905
3964.740234 0.000000 1554.112549 0.000000 0.932777 0.000000 -0.360454 0.478585 0.478585 0.478585
3965.503662 0.000000 1556.497314 0.000000 0.969253 0.000000 -0.246067 0.489104 0.489104 0.489104
3961.499756 0.000000 1554.921143 0.000000 0.922484 0.000000 -0.386036 0.546621 0.546621 0.546621
3961.738770 0.000000 1553.633545 0.000000 0.908725 0.000000 -0.417395 0.544811 0.544811 0.544811
3975.200928 0.000000 1557.657715 0.000000 0.868407 0.000000 -0.495852 0.535098 0.535098 0.535098
3974.863770 0.000000 1555.012695 0.000000 0.823358 0.000000 -0.567523 0.557801 0.557801 0.557801
3976.495850 0.000000 1553.872559 0.000000 0.955458 0.000000 0.295128 0.377300 0.377300 0.377300
3598.352295 0.000000 2297.960938 0.000000 0.967420 0.000000 -0.253176 0.463803 0.463803 0.463803
3591.370117 0.000000 2291.535156 0.000000 0.935626 0.000000 -0.352994 0.531871 0.531871 0.531871
3596.943115 0.000000 2292.363770 0.000000 0.936859 0.000000 0.349709 0.394612 0.394612 0.394612
3595.505127 0.000000 2288.648438 0.000000 0.856500 0.000000 -0.516147 0.584655 0.584655 0.584655
3594.994629 0.000000 2291.868164 0.000000 0.959345 0.000000 -0.282235 0.493395 0.493395 0.493395
3594.618408 0.000000 2287.318848 0.000000 0.982819 0.000000 -0.184574 0.491502 0.491502 0.491502
3597.252686 0.000000 2277.956299 0.000000 0.999947 0.000000 0.010248 0.447064 0.447064 0.447064
3596.952148 0.000000 2288.683838 0.000000 0.959490 0.000000 0.281744 0.413100 0.413100 0.413100
3596.088867 0.000000 2277.613281 0.000000 0.998340 0.000000 -0.057603 0.466511 0.466511 0.466511
3604.208252 0.000000 2290.901123 0.000000 0.997872 0.000000 0.065209 0.441643 0.441643 0.441643
3601.182617 0.000000 2294.510742 0.000000 0.936242 0.000000 -0.351357 0.521794 0.521794 0.521794
3934.140137 0.000000 1990.767700 0.000000 0.977370 0.000000 0.211536 0.441379 0.441379 0.441379
3917.898682 0.000000 1964.433105 0.000000 0.984405 0.000000 -0.175917 0.451987 0.451987 0.451987
3933.036133 0.000000 1996.881348 0.000000 0.936220 0.000000 -0.351415 0.458068 0.458068 0.458068
3901.185791 0.000000 1968.318359 0.000000 0.999735 0.000000 0.023010 0.446794 0.446794 0.446794
3947.496582 0.000000 1984.592163 0.000000 0.999248 0.000000 -0.038776 0.450349 0.450349 0.450349
3951.929199 0.000000 1990.280273 0.000000 0.995244 0.000000 -0.097415 0.451096 0.451096 0.451096
3900.724854 0.000000 1958.428101 0.000000 0.965476 0.000000 0.260492 0.413880 0.413880 0.413880
3908.187256 0.000000 1989.625977 0.000000 0.940347 0.000000 -0.340216 0.459750 0.459750 0.459750
3949.800293 0.000000 2001.298950 0.000000 0.955761 0.000000 -0.294144 0.499642 0.499642 0.499642
3922.063721 0.000000 1983.382935 0.000000 0.833017 0.000000 -0.553247 0.473052 0.473052 0.473052
3896.382568 0.000000 1971.037231 0.000000 0.863365 0.000000 -0.504580 0.474362 0.474362 0.474362
3910.351562 0.000000 1952.171875 0.000000 0.863451 0.000000 -0.504433 0.460692 0.460692 0.460692
3909.303467 0.000000 1967.609131 0.000000 0.997528 0.000000 -0.070274 0.452844 0.452844 0.452844
3921.951660 0.000000 1973.139526 0.000000 0.981733 0.000000 0.190262 0.442688 0.442688 0.442688
3899.447998 0.000000 1971.860352 0.000000 0.978748 0.000000 -0.205066 0.466242 0.466242 0.466242
3950.660645 0.000000 1983.732788 0.000000 0.955936 0.000000 -0.293575 0.497199 0.497199 0.497199
3920.946777 0.000000 1966.485229 0.000000 0.920911 0.000000 -0.389773 0.496331 0.496331 0.496331
3915.848633 0.000000 1966.360229 0.000000 0.972487 0.000000 0.232959 0.416718 0.416718 0.416718
3943.491211 0.000000 1973.112183 0.000000 0.935628 0.000000 -0.352987 0.472697 0.472697 0.472697
3902.623779 0.000000 1953.377441 0.000000 0.983330 0.000000 0.181829 0.432334 0.432334 0.432334
3945.443115 0.000000 1971.750977 0.000000 0.940827 0.000000 0.338887 0.401448 0.401448 0.401448
3951.558838 0.000000 1980.140015 0.000000 0.953745 0.000000 0.300617 0.420499 0.420499 0.420499
3908.507812 0.000000 1969.735840 0.000000 0.851951 0.000000 -0.523622 0.477861 0.477861 0.477861
3917.838379 0.000000 1953.383179 0.000000 0.904810 0.000000 -0.425816 0.547844 0.547844 0.547844
3951.944580 0.000000 2001.380981 0.000000 0.935607 0.000000 -0.353042 0.487293 0.487293 0.487293
3919.635986 0.000000 1956.457642 0.000000 0.894137 0.000000 -0.447793 0.511028 0.511028 0.511028
3923.857910 0.000000 1987.490479 0.000000 0.999852 0.000000 0.017175 0.448398 0.448398 0.448398
3913.838379 0.000000 1965.696289 0.000000 0.946616 0.000000 0.322363 0.419026 0.419026 0.419026
3915.848633 0.000000 1964.223022 0.000000 0.987746 0.000000 -0.156070 0.459507 0.459507 0.459507
3957.952637 0.000000 1993.063232 0.000000 0.993182 0.000000 0.116571 0.436612 0.436612 0.436612
3931.237061 0.000000 2005.185181 0.000000 0.975663 0.000000 0.219276 0.426902 0.426902 0.426902
3939.393799 0.000000 1999.559570 0.000000 0.994579 0.000000 -0.103984 0.460533 0.460533 0.460533
3921.676025 0.000000 1968.165283 0.000000 0.932503 0.000000 -0.361162 0.502721 0.502721 0.502721
3899.803955 0.000000 1969.707031 0.000000 0.997129 0.000000 0.075727 0.435523 0.435523 0.435523
3953.447754 0.000000 1991.421143 0.000000 0.993202 0.000000 -0.116404 0.459568 0.459568 0.459568
3944.020508 0.000000 1986.956299 0.000000 0.996791 0.000000 -0.080042 0.457742 0.457742 0.457742
3901.635010 0.000000 1966.750244 0.000000 0.994256 0.000000 0.107024 0.431689 0.431689 0.431689
3902.887939 0.000000 1955.403320 0.000000 0.998572 0.000000 0.053427 0.440752 0.440752 0.440752
3957.213623 0.000000 1990.003052 0.000000 0.973782 0.000000 -0.227482 0.487384 0.487384 0.487384
3948.405518 0.000000 2000.465698 0.000000 0.996677 0.000000 -0.081456 0.463559 0.463559 0.463559
3898.608643 0.000000 1965.242432 0.000000 0.946612 0.000000 -0.322375 0.497938 0.497938 0.497938
3927.474365 0.000000 1971.772339 0.000000 0.989416 0.000000 -0.145108 0.465705 0.465705 0.465705
3929.782715 0.000000 1972.707397 0.000000 0.995816 0.000000 -0.091381 0.465112 0.465112 0.465112
3913.115967 0.000000 1967.320435 0.000000 0.994592 0.000000 -0.103859 0.471625 0.471625 0.471625
3899.360352 0.000000 1955.257202 0.000000 0.824900 0.000000 -0.565279 0.535717 0.535717 0.535717
3910.741455 0.000000 1967.380005 0.000000 0.998633 0.000000 0.052274 0.442597 0.442597 0.442597
3913.740234 0.000000 1984.289062 0.000000 1.000000 0.000000 0.000968 0.449853 0.449853 0.449853
3944.527588 0.000000 1967.059814 0.000000 0.850383 0.000000 -0.526164 0.519096 0.519096 0.519096
3924.444580 0.000000 1969.680664 0.000000 0.998969 0.000000 -0.045388 0.458314 0.458314 0.458314
3899.886719 0.000000 1964.512329 0.000000 0.865796 0.000000 -0.500398 0.526538 0.526538 0.526538
3918.658203 0.000000 1985.719971 0.000000 0.991085 0.000000 0.133228 0.425230 0.425230 0.425230
3909.943848 0.000000 1982.751709 0.000000 0.883943 0.000000 -0.467595 0.517782 0.517782 0.517782
3898.217041 0.000000 1957.125366 0.000000 0.939258 0.000000 0.343211 0.392931 0.392931 0.392931
3916.585449 0.000000 1950.186890 0.000000 0.861657 0.000000 -0.507491 0.555244 0.555244 0.555244
3932.503174 0.000000 2005.241455 0.000000 0.994333 0.000000 0.106312 0.430256 0.430256 0.430256
3928.543457 0.000000 1974.500366 0.000000 0.994558 0.000000 0.104185 0.431825 0.431825 0.431825
3948.970703 0.000000 1999.316650 0.000000 0.989670 0.000000 -0.143366 0.481193 0.481193 0.481193
3942.353516 0.000000 1968.061890 0.000000 0.989527 0.000000 -0.144345 0.486940 0.486940 0.486940
3917.270020 0.000000 1954.460449 0.000000 0.980705 0.000000 0.195492 0.407559 0.407559 0.407559
3901.790771 0.000000 1957.774048 0.000000 0.998867 0.000000 0.047581 0.438129 0.438129 0.438129
3917.451904 0.000000 1952.277954 0.000000 0.999506 0.000000 0.031434 0.443007 0.443007 0.443007
3917.202637 0.000000 1958.656616 0.000000 0.983606 0.000000 -0.180331 0.486464 0.486464 0.486464
3946.731689 0.000000 1998.285889 0.000000 0.841654 0.000000 -0.540017 0.555745 0.555745 0.555745
3927.185303 0.000000 1973.080688 0.000000 0.872044 0.000000 -0.489428 0.560892 0.560892 0.560892
3944.309082 0.000000 1969.103516 0.000000 0.946356 0.000000 -0.323125 0.512101 0.512101 0.512101
3914.795898 0.000000 1969.255981 0.000000 0.924228 0.000000 -0.381840 0.526146 0.526146 0.526146
3900.182373 0.000000 1955.888306 0.000000 0.972716 0.000000 0.231998 0.396604 0.396604 0.396604
4049.528320 0.000000 1538.171387 0.000000 0.948330 0.000000 0.317286 0.410826 0.410826 0.410826
4110.195801 0.000000 1535.882568 0.000000 0.995591 0.000000 -0.093799 0.452216 0.452216 0.452216
4288.270020 0.000000 1604.344116 0.000000 0.939585 0.000000 0.342315 0.374638 0.374638 0.374638
4289.917969 0.000000 1601.268677 0.000000 0.998592 0.000000 0.053054 0.442248 0.442248 0.442248
4293.637207 0.000000 1597.941040 0.000000 0.963941 0.000000 -0.266116 0.489642 0.489642 0.489642
4292.035645 0.000000 1597.428101 0.000000 0.985881 0.000000 -0.167450 0.474760 0.474760 0.474760
4280.050293 0.000000 1552.803223 0.000000 0.938682 0.000000 0.344785 0.399776 0.399776 0.399776
4288.086914 0.000000 1605.812500 0.000000 0.955911 0.000000 -0.293658 0.514290 0.514290 0.514290
4286.163574 0.000000 1608.531372 0.000000 0.999977 0.000000 0.006839 0.448302 0.448302 0.448302
4288.454102 0.000000 1658.246826 0.000000 0.981074 0.000000 -0.193632 0.470578 0.470578 0.470578
4677.646484 0.000000 156.469299 0.000000 0.872653 0.000000 -0.488340 0.453439 0.453439 0.453439
4675.874023 0.000000 169.425110 0.000000 0.981630 0.000000 -0.190797 0.452588 0.452588 0.452588
4641.347168 0.000000 102.794998 0.000000 0.866798 0.000000 -0.498659 0.458797 0.458797 0.458797
4673.062988 0.000000 106.624306 0.000000 0.999770 0.000000 -0.021454 0.450554 0.450554 0.450554
4676.433594 0.000000 174.731171 0.000000 0.978086 0.000000 -0.208200 0.454712 0.454712 0.454712
4607.583984 0.000000 181.975159 0.000000 0.941309 0.000000 -0.337547 0.454642 0.454642 0.454642
4608.084473 0.000000 116.717499 0.000000 0.924441 0.000000 -0.381325 0.468460 0.468460 0.468460
4673.479004 0.000000 157.758118 0.000000 0.898122 0.000000 -0.439746 0.458696 0.458696 0.458696
4669.240234 0.000000 157.418015 0.000000 0.930143 0.000000 -0.367197 0.461405 0.461405 0.461405
4628.697266 0.000000 131.784393 0.000000 0.900890 0.000000 -0.434048 0.464123 0.464123 0.464123
4610.987305 0.000000 177.544083 0.000000 0.991130 0.000000 -0.132894 0.452845 0.452845 0.452845
4666.166504 0.000000 109.347763 0.000000 0.980573 0.000000 0.196153 0.438244 0.438244 0.438244
4621.874512 0.000000 170.705139 0.000000 0.999935 0.000000 0.011361 0.449553 0.449553 0.449553
4642.479004 0.000000 122.057175 0.000000 0.912544 0.000000 -0.408979 0.471774 0.471774 0.471774
4643.179199 0.000000 171.220581 0.000000 0.990580 0.000000 0.136935 0.446142 0.446142 0.446142
4639.477539 0.000000 126.990685 0.000000 0.983592 0.000000 -0.180406 0.455910 0.455910 0.455910
4674.491699 0.000000 181.820251 0.000000 0.999533 0.000000 -0.030555 0.451167 0.451167 0.451167
4613.512695 0.000000 112.250496 0.000000 0.973346 0.000000 -0.229343 0.457799 0.457799 0.457799
4639.936035 0.000000 161.595062 0.000000 0.873407 0.000000 -0.486991 0.489429 0.489429 0.489429
4667.114258 0.000000 178.018372 0.000000 0.970676 0.000000 0.240390 0.428726 0.428726 0.428726
4667.356934 0.000000 171.211945 0.000000 0.841870 0.000000 -0.539681 0.482021 0.482021 0.482021
4661.851074 0.000000 177.241608 0.000000 0.984465 0.000000 0.175581 0.436318 0.436318 0.436318
4668.512695 0.000000 133.222977 0.000000 0.962341 0.000000 0.271846 0.433917 0.433917 0.433917
4651.289062 0.000000 159.316345 0.000000 1.000000 0.000000 0.000448 0.449966 0.449966 0.449966
4638.229980 0.000000 191.079163 0.000000 0.956574 0.000000 0.291490 0.427071 0.427071 0.427071
4675.261230 0.000000 134.942841 0.000000 0.959720 0.000000 -0.280958 0.474956 0.474956 0.474956
4671.764648 0.000000 128.526260 0.000000 0.976382 0.000000 0.216051 0.433119 0.433119 0.433119
4647.104004 0.000000 116.172150 0.000000 0.975014 0.000000 0.222142 0.436913 0.436913 0.436913
4668.969238 0.000000 180.893311 0.000000 0.848090 0.000000 -0.529851 0.490151 0.490151 0.490151
4644.869141 0.000000 121.289001 0.000000 0.959792 0.000000 0.280711 0.433697 0.433697 0.433697
4635.828125 0.000000 156.522507 0.000000 0.964252 0.000000 -0.264986 0.469584 0.469584 0.469584
4641.450195 0.000000 106.182472 0.000000 0.952910 0.000000 0.303253 0.437193 0.437193 0.437193
4653.583008 0.000000 175.828476 0.000000 0.837728 0.000000 -0.546088 0.474013 0.474013 0.474013
4660.271484 0.000000 182.865250 0.000000 0.835541 0.000000 -0.549429 0.497705 0.497705 0.497705
4651.770020 0.000000 117.862747 0.000000 0.940865 0.000000 -0.338781 0.464367 0.464367 0.464367
4666.184570 0.000000 123.088142 0.000000 0.993563 0.000000 0.113282 0.441965 0.441965 0.441965
4649.024414 0.000000 119.424179 0.000000 0.992279 0.000000 0.124024 0.444552 0.444552 0.444552
4644.731445 0.000000 153.364761 0.000000 0.954848 0.000000 -0.297095 0.476094 0.476094 0.476094
4646.326172 0.000000 110.886513 0.000000 0.999880 0.000000 -0.015489 0.450713 0.450713 0.450713
4656.535645 0.000000 178.188873 0.000000 0.999844 0.000000 0.017667 0.448789 0.448789 0.448789
4663.172852 0.000000 167.139267 0.000000 0.999250 0.000000 0.038720 0.447085 0.447085 0.447085
4678.604492 0.000000 133.728760 0.000000 0.999479 0.000000 -0.032264 0.452030 0.452030 0.452030
4672.051270 0.000000 136.140320 0.000000 0.998456 0.000000 0.055549 0.445380 0.445380 0.445380
4659.426270 0.000000 170.252869 0.000000 0.893508 0.000000 -0.449048 0.486623 0.486623 0.486623
4628.238281 0.000000 141.557373 0.000000 0.997450 0.000000 -0.071362 0.454654 0.454654 0.454654
4635.901367 0.000000 168.025116 0.000000 0.999278 0.000000 0.037983 0.447268 0.447268 0.447268
4624.636230 0.000000 137.637878 0.000000 0.996774 0.000000 0.080265 0.446028 0.446028 0.446028
4652.319336 0.000000 180.025024 0.000000 0.995141 0.000000 -0.098462 0.457534 0.457534 0.457534
4665.081055 0.000000 182.651367 0.000000 0.888737 0.000000 -0.458417 0.485845 0.485845 0.485845
4645.496094 0.000000 113.579636 0.000000 0.985895 0.000000 0.167368 0.439421 0.439421 0.439421
4660.492188 0.000000 188.300232 0.000000 0.911105 0.000000 -0.412175 0.470046 0.470046 0.470046
4638.131348 0.000000 123.105072 0.000000 0.999319 0.000000 -0.036901 0.452073 0.452073 0.452073
4643.275879 0.000000 114.066719 0.000000 0.959341 0.000000 0.282248 0.427176 0.427176 0.427176
4661.652832 0.000000 151.131348 0.000000 0.988371 0.000000 0.152065 0.437652 0.437652 0.437652
4649.611816 0.000000 154.383881 0.000000 0.990903 0.000000 -0.134576 0.461829 0.461829 0.461829
4665.523438 0.000000 174.401306 0.000000 0.943975 0.000000 0.330018 0.423173 0.423173 0.423173
4636.397461 0.000000 118.898430 0.000000 0.985184 0.000000 0.171498 0.435865 0.435865 0.435865
4635.913086 0.000000 186.685913 0.000000 0.992566 0.000000 -0.121710 0.463707 0.463707 0.463707
4670.795410 0.000000 133.477951 0.000000 0.999448 0.000000 0.033234 0.447647 0.447647 0.447647
4639.602051 0.000000 116.263397 0.000000 0.956914 0.000000 0.290370 0.424845 0.424845 0.424845
4633.590820 0.000000 183.871796 0.000000 0.986376 0.000000 -0.164509 0.470794 0.470794 0.470794
4634.925293 0.000000 121.486404 0.000000 0.982543 0.000000 -0.186037 0.463244 0.463244 0.463244
4636.145508 0.000000 110.062813 0.000000 0.988582 0.000000 -0.150683 0.458836 0.458836 0.458836
4627.149902 0.000000 185.847290 0.000000 0.996197 0.000000 0.087131 0.440003 0.440003 0.440003
4653.417969 0.000000 149.349091 0.000000 0.945656 0.000000 0.325170 0.425443 0.425443 0.425443
4653.312012 0.000000 178.080200 0.000000 0.932951 0.000000 -0.360003 0.473997 0.473997 0.473997
4643.779785 0.000000 163.787262 0.000000 0.996976 0.000000 0.077707 0.445106 0.445106 0.445106
4657.192871 0.000000 186.028015 0.000000 0.999399 0.000000 0.034658 0.447780 0.447780 0.447780
4622.174805 0.000000 114.100945 0.000000 0.954680 0.000000 0.297633 0.432005 0.432005 0.432005
4641.798340 0.000000 112.593971 0.000000 0.920952 0.000000 -0.389677 0.481029 0.481029 0.481029
4634.699219 0.000000 113.694565 0.000000 0.850884 0.000000 -0.525354 0.483556 0.483556 0.483556
4667.099121 0.000000 113.390900 0.000000 0.999230 0.000000 -0.039237 0.452954 0.452954 0.452954
4651.568359 0.000000 184.806549 0.000000 0.931354 0.000000 -0.364116 0.480146 0.480146 0.480146
4644.985352 0.000000 189.252441 0.000000 0.967611 0.000000 -0.252445 0.470356 0.470356 0.470356
4636.969727 0.000000 178.863739 0.000000 0.983522 0.000000 -0.180786 0.467972 0.467972 0.467972
4662.934570 0.000000 170.180817 0.000000 0.877544 0.000000 -0.479495 0.490451 0.490451 0.490451
4664.400391 0.000000 110.587036 0.000000 0.987849 0.000000 -0.155419 0.461746 0.461746 0.461746
4649.565918 0.000000 158.337067 0.000000 0.990564 0.000000 -0.137051 0.459576 0.459576 0.459576
4612.950195 0.000000 161.611603 0.000000 0.831366 0.000000 -0.555725 0.489718 0.489718 0.489718
4665.313477 0.000000 114.641396 0.000000 0.932201 0.000000 -0.361941 0.482869 0.482869 0.482869
4672.406250 0.000000 123.704567 0.000000 0.976795 0.000000 -0.214177 0.466975 0.466975 0.466975
4617.510742 0.000000 128.054565 0.000000 0.976721 0.000000 0.214514 0.434941 0.434941 0.434941
4622.493164 0.000000 152.591080 0.000000 0.956321 0.000000 0.292318 0.428337 0.428337 0.428337
4627.339844 0.000000 144.318420 0.000000 0.998358 0.000000 0.057284 0.444978 0.444978 0.444978
4659.338867 0.000000 179.766586 0.000000 0.994515 0.000000 -0.104589 0.457534 0.457534 0.457534
4661.979980 0.000000 147.403412 0.000000 0.996595 0.000000 -0.082448 0.456028 0.456028 0.456028
4630.467773 0.000000 166.241211 0.000000 0.988044 0.000000 -0.154169 0.462347 0.462347 0.462347
4643.106445 0.000000 150.897400 0.000000 0.960354 0.000000 0.278782 0.425560 0.425560 0.425560
4615.369629 0.000000 121.965096 0.000000 0.998670 0.000000 -0.051556 0.454462 0.454462 0.454462
4626.231445 0.000000 184.161743 0.000000 0.998446 0.000000 0.055722 0.443611 0.443611 0.443611
4643.014648 0.000000 157.887543 0.000000 0.999855 0.000000 -0.017008 0.451338 0.451338 0.451338
4642.367676 0.000000 154.574951 0.000000 0.987569 0.000000 -0.157184 0.462767 0.462767 0.462767
4640.870117 0.000000 151.161453 0.000000 0.999283 0.000000 -0.037854 0.453318 0.453318 0.453318
4651.159180 0.000000 181.481918 0.000000 0.997985 0.000000 0.063453 0.445292 0.445292 0.445292
4636.218750 0.000000 191.076187 0.000000 0.999732 0.000000 0.023132 0.448181 0.448181 0.448181
4631.690918 0.000000 174.837280 0.000000 0.939487 0.000000 0.342585 0.415038 0.415038 0.415038
4632.812012 0.000000 120.782494 0.000000 0.982988 0.000000 -0.183668 0.463904 0.463904 0.463904
4625.699219 0.000000 123.665535 0.000000 0.932958 0.000000 -0.359985 0.476891 0.476891 0.476891
4628.436523 0.000000 171.684647 0.000000 0.987371 0.000000 -0.158423 0.462333 0.462333 0.462333
4644.209961 0.000000 149.236542 0.000000 0.928277 0.000000 -0.371889 0.478681 0.478681 0.478681
4621.028320 0.000000 186.876923 0.000000 0.999146 0.000000 0.041311 0.446936 0.446936 0.446936
4625.902344 0.000000 163.231094 0.000000 0.981986 0.000000 -0.188954 0.465377 0.465377 0.465377
4654.339844 0.000000 162.588898 0.000000 0.963408 0.000000 -0.268039 0.471035 0.471035 0.471035
4672.782227 0.000000 138.563766 0.000000 0.970550 0.000000 -0.240899 0.471593 0.471593 0.471593
4616.329102 0.000000 125.436638 0.000000 0.946410 0.000000 -0.322967 0.476601 0.476601 0.476601
4632.650391 0.000000 116.079803 0.000000 0.980358 0.000000 0.197224 0.433719 0.433719 0.433719
4670.939941 0.000000 126.980171 0.000000 0.975364 0.000000 -0.220604 0.468242 0.468242 0.468242
4609.732910 0.000000 130.100479 0.000000 0.984462 0.000000 0.175596 0.427195 0.427195 0.427195
4673.396973 0.000000 127.816429 0.000000 0.998851 0.000000 -0.047933 0.454148 0.454148 0.454148
4624.488770 0.000000 180.896484 0.000000 0.900046 0.000000 -0.435794 0.497619 0.497619 0.497619
4631.544922 0.000000 180.600739 0.000000 0.976907 0.000000 0.213663 0.424116 0.424116 0.424116
4627.142578 0.000000 149.663254 0.000000 0.996518 0.000000 -0.083375 0.456752 0.456752 0.456752
4634.360352 0.000000 165.728973 0.000000 0.932024 0.000000 -0.362397 0.480413 0.480413 0.480413
4649.700195 0.000000 150.517731 0.000000 0.895786 0.000000 -0.444486 0.489327 0.489327 0.489327
4657.956055 0.000000 150.166306 0.000000 0.999924 0.000000 0.012368 0.448944 0.448944 0.448944
4629.131836 0.000000 185.427017 0.000000 0.956703 0.000000 -0.291066 0.486166 0.486166 0.486166
4625.920410 0.000000 187.177032 0.000000 0.922058 0.000000 -0.387052 0.489291 0.489291 0.489291
4645.418945 0.000000 186.082397 0.000000 0.975549 0.000000 0.219783 0.430084 0.430084 0.430084
4631.509766 0.000000 182.922760 0.000000 0.936521 0.000000 -0.350612 0.494672 0.494672 0.494672
4637.314941 0.000000 185.042267 0.000000 0.869266 0.000000 -0.494345 0.509253 0.509253 0.509253
4628.885742 0.000000 175.867218 0.000000 0.913563 0.000000 -0.406697 0.493760 0.493760 0.493760
4612.712891 0.000000 129.296524 0.000000 0.983495 0.000000 0.180935 0.430582 0.430582 0.430582
4607.963867 0.000000 124.290848 0.000000 0.970934 0.000000 0.239349 0.420132 0.420132 0.420132
4609.080566 0.000000 125.314857 0.000000 0.999340 0.000000 0.036317 0.445348 0.445348 0.445348
4628.344238 0.000000 186.633011 0.000000 0.963089 0.000000 -0.269185 0.483069 0.483069 0.483069
4679.606445 0.000000 122.344917 0.000000 0.954454 0.000000 -0.298357 0.463615 0.463615 0.463615
4681.458496 0.000000 153.055450 0.000000 0.971387 0.000000 -0.237504 0.451347 0.451347 0.451347
4679.576172 0.000000 181.975159 0.000000 0.997686 0.000000 0.067984 0.449083 0.449083 0.449083
4679.702637 0.000000 138.289841 0.000000 0.865087 0.000000 -0.501622 0.481288 0.481288 0.481288
4668.249512 0.000000 220.390823 0.000000 0.952919 0.000000 -0.303224 0.458307 0.458307 0.458307
4675.268066 0.000000 244.307663 0.000000 0.969909 0.000000 -0.243469 0.455526 0.455526 0.455526
4672.657715 0.000000 238.950027 0.000000 0.994176 0.000000 -0.107765 0.452305 0.452305 0.452305
4647.886719 0.000000 230.031784 0.000000 0.953029 0.000000 0.302879 0.445852 0.445852 0.445852
4647.827148 0.000000 242.134216 0.000000 0.968361 0.000000 -0.249552 0.452550 0.452550 0.452550
4657.393066 0.000000 267.441376 0.000000 0.977908 0.000000 0.209035 0.447161 0.447161 0.447161
4624.575195 0.000000 268.968994 0.000000 0.952857 0.000000 0.303419 0.442727 0.442727 0.442727
4669.710449 0.000000 231.648651 0.000000 0.940818 0.000000 0.338912 0.437958 0.437958 0.437958
4607.649902 0.000000 252.980530 0.000000 0.999477 0.000000 -0.032332 0.450799 0.450799 0.450799
4619.707520 0.000000 192.470551 0.000000 0.999487 0.000000 -0.032019 0.451583 0.451583 0.451583
4662.338379 0.000000 202.607147 0.000000 0.969233 0.000000 0.246144 0.445530 0.445530 0.445530
4628.578613 0.000000 199.908844 0.000000 0.996712 0.000000 0.081028 0.447266 0.447266 0.447266
4653.731934 0.000000 208.327026 0.000000 0.970791 0.000000 -0.239926 0.455444 0.455444 0.455444
4611.087891 0.000000 256.617371 0.000000 0.855184 0.000000 -0.518324 0.468365 0.468365 0.468365
4653.320312 0.000000 247.481888 0.000000 0.983116 0.000000 -0.182984 0.455995 0.455995 0.455995
4667.541016 0.000000 271.386475 0.000000 0.872233 0.000000 -0.489091 0.464353 0.464353 0.464353
4658.820801 0.000000 233.756256 0.000000 0.962515 0.000000 -0.271229 0.472835 0.472835 0.472835
4667.948242 0.000000 244.378464 0.000000 0.947041 0.000000 -0.321113 0.472403 0.472403 0.472403
4613.512695 0.000000 208.234879 0.000000 0.984871 0.000000 -0.173287 0.455283 0.455283 0.455283
4665.903809 0.000000 239.166718 0.000000 0.871857 0.000000 -0.489760 0.482200 0.482200 0.482200
4640.836914 0.000000 192.697739 0.000000 0.992890 0.000000 0.119037 0.442895 0.442895 0.442895
4656.057129 0.000000 235.209167 0.000000 0.998860 0.000000 -0.047727 0.453594 0.453594 0.453594
4660.373535 0.000000 229.566422 0.000000 0.991390 0.000000 0.130940 0.439230 0.439230 0.439230
4667.114258 0.000000 274.002747 0.000000 0.995999 0.000000 0.089365 0.446884 0.446884 0.446884
4663.036621 0.000000 229.484283 0.000000 0.958704 0.000000 0.284405 0.429589 0.429589 0.429589
4664.245117 0.000000 236.038422 0.000000 0.950165 0.000000 0.311748 0.431835 0.431835 0.431835
4664.550781 0.000000 226.870163 0.000000 0.982598 0.000000 -0.185745 0.460914 0.460914 0.460914
4662.543457 0.000000 251.293915 0.000000 0.901444 0.000000 -0.432896 0.486717 0.486717 0.486717
4660.738770 0.000000 262.163544 0.000000 0.999483 0.000000 -0.032138 0.451408 0.451408 0.451408
4629.947266 0.000000 285.328552 0.000000 0.938165 0.000000 0.346187 0.432129 0.432129 0.432129
4667.166016 0.000000 231.803650 0.000000 0.997459 0.000000 0.071246 0.446635 0.446635 0.446635
4663.413086 0.000000 245.393372 0.000000 0.976838 0.000000 -0.213979 0.468170 0.468170 0.468170
4650.856934 0.000000 230.782654 0.000000 0.989617 0.000000 0.143731 0.444491 0.444491 0.444491
4668.969238 0.000000 276.877686 0.000000 0.924522 0.000000 -0.381130 0.468011 0.468011 0.468011
4670.231445 0.000000 247.856583 0.000000 0.980929 0.000000 0.194364 0.440331 0.440331 0.440331
4658.695801 0.000000 239.156464 0.000000 0.998585 0.000000 0.053175 0.445398 0.445398 0.445398
4654.330078 0.000000 260.405243 0.000000 0.880290 0.000000 -0.474435 0.471103 0.471103 0.471103
4655.045410 0.000000 241.606720 0.000000 0.999257 0.000000 0.038538 0.447705 0.447705 0.447705
4675.388184 0.000000 272.976288 0.000000 0.986347 0.000000 -0.164680 0.462266 0.462266 0.462266
4671.142578 0.000000 281.243378 0.000000 0.988490 0.000000 -0.151287 0.456654 0.456654 0.456654
4607.531250 0.000000 259.768066 0.000000 0.823116 0.000000 -0.567873 0.484602 0.484602 0.484602
4663.172852 0.000000 263.123657 0.000000 0.994541 0.000000 -0.104349 0.454815 0.454815 0.454815
4674.412598 0.000000 255.981201 0.000000 0.991436 0.000000 -0.130596 0.458387 0.458387 0.458387
4652.662598 0.000000 232.554520 0.000000 0.842927 0.000000 -0.538028 0.478720 0.478720 0.478720
4614.596191 0.000000 196.419128 0.000000 0.997993 0.000000 0.063321 0.447081 0.447081 0.447081
4676.072266 0.000000 254.111176 0.000000 0.991574 0.000000 -0.129544 0.457589 0.457589 0.457589
4623.688477 0.000000 279.805817 0.000000 0.992321 0.000000 -0.123690 0.457941 0.457941 0.457941
4658.538574 0.000000 259.593384 0.000000 0.900850 0.000000 -0.434131 0.478253 0.478253 0.478253
4661.652832 0.000000 247.115738 0.000000 0.960698 0.000000 0.277596 0.429459 0.429459 0.429459
4611.286133 0.000000 261.022614 0.000000 0.991087 0.000000 0.133213 0.442795 0.442795 0.442795
4663.444824 0.000000 233.904633 0.000000 0.997655 0.000000 0.068441 0.445152 0.445152 0.445152
4620.803223 0.000000 272.065308 0.000000 0.942861 0.000000 0.333187 0.430919 0.430919 0.430919
4616.514160 0.000000 272.938568 0.000000 0.998727 0.000000 -0.050447 0.453856 0.453856 0.453856
4660.105957 0.000000 231.864822 0.000000 0.871797 0.000000 -0.489867 0.490834 0.490834 0.490834
4652.020996 0.000000 195.886566 0.000000 0.999117 0.000000 -0.042004 0.453446 0.453446 0.453446
4660.404785 0.000000 252.004425 0.000000 0.844054 0.000000 -0.536258 0.497054 0.497054 0.497054
4664.906738 0.000000 261.921021 0.000000 0.995918 0.000000 0.090266 0.444719 0.444719 0.444719
4674.487305 0.000000 270.055145 0.000000 0.943814 0.000000 -0.330478 0.471568 0.471568 0.471568
4607.533203 0.000000 282.088043 0.000000 0.981351 0.000000 0.192222 0.438048 0.438048 0.438048
4620.608887 0.000000 277.949097 0.000000 0.892444 0.000000 -0.451158 0.481551 0.481551 0.481551
4677.874512 0.000000 265.344421 0.000000 0.974357 0.000000 -0.225009 0.469633 0.469633 0.469633
4660.794922 0.000000 233.675903 0.000000 0.995990 0.000000 -0.089470 0.457247 0.457247 0.457247
4653.567383 0.000000 286.937073 0.000000 0.977999 0.000000 0.208611 0.435598 0.435598 0.435598
4617.937988 0.000000 274.510193 0.000000 0.959635 0.000000 0.281249 0.426619 0.426619 0.426619
4678.729492 0.000000 276.043304 0.000000 0.993589 0.000000 0.113055 0.440836 0.440836 0.440836
4657.061035 0.000000 232.760956 0.000000 0.954302 0.000000 -0.298844 0.472161 0.472161 0.472161
4674.360840 0.000000 266.637695 0.000000 0.920808 0.000000 -0.390017 0.478357 0.478357 0.478357
4656.800293 0.000000 239.680618 0.000000 0.983220 0.000000 0.182423 0.436398 0.436398 0.436398
4665.492188 0.000000 257.544861 0.000000 0.962665 0.000000 -0.270697 0.472481 0.472481 0.472481
4663.489746 0.000000 240.443344 0.000000 0.966017 0.000000 0.258480 0.429146 0.429146 0.429146
4661.979980 0.000000 243.387787 0.000000 0.894393 0.000000 -0.447281 0.488552 0.488552 0.488552
4663.103027 0.000000 225.673553 0.000000 0.960568 0.000000 0.278045 0.430374 0.430374 0.430374
4673.044434 0.000000 276.531616 0.000000 0.939625 0.000000 -0.342205 0.473935 0.473935 0.473935
4621.028320 0.000000 282.861328 0.000000 0.891485 0.000000 -0.453049 0.490673 0.490673 0.490673
4609.119629 0.000000 273.319580 0.000000 0.999902 0.000000 0.013976 0.448917 0.448917 0.448917
4658.534180 0.000000 229.253372 0.000000 0.970716 0.000000 0.240230 0.429014 0.429014 0.429014
4690.148926 0.000000 256.557678 0.000000 0.853605 0.000000 -0.520921 0.454309 0.454309 0.454309
4692.173828 0.000000 286.983307 0.000000 0.992483 0.000000 0.122384 0.447932 0.447932 0.447932
4687.605957 0.000000 274.974182 0.000000 0.878211 0.000000 -0.478273 0.487537 0.487537 0.487537
4687.806641 0.000000 268.258270 0.000000 0.995717 0.000000 -0.092450 0.454993 0.454993 0.454993
4694.506836 0.000000 277.025452 0.000000 0.988296 0.000000 0.152548 0.445010 0.445010 0.445010
4681.865234 0.000000 259.044983 0.000000 0.952681 0.000000 0.303971 0.429528 0.429528 0.429528
4688.923340 0.000000 270.675476 0.000000 0.997154 0.000000 -0.075394 0.454069 0.454069 0.454069
4680.081543 0.000000 269.585541 0.000000 0.929000 0.000000 -0.370080 0.481516 0.481516 0.481516
4690.923828 0.000000 279.237610 0.000000 0.992121 0.000000 -0.125286 0.456915 0.456915 0.456915
4687.158691 0.000000 283.022064 0.000000 0.968370 0.000000 0.249520 0.436118 0.436118 0.436118
4691.535156 0.000000 281.541138 0.000000 0.984145 0.000000 -0.177368 0.459015 0.459015 0.459015
4685.036621 0.000000 269.447754 0.000000 0.828606 0.000000 -0.559832 0.488049 0.488049 0.488049
4686.549316 0.000000 276.949005 0.000000 0.983122 0.000000 -0.182949 0.465089 0.465089 0.465089
4682.498535 0.000000 266.257874 0.000000 0.960778 0.000000 -0.277319 0.469889 0.469889 0.469889
4684.090820 0.000000 275.229004 0.000000 0.982559 0.000000 -0.185950 0.465339 0.465339 0.465339
4689.930176 0.000000 274.510193 0.000000 0.872854 0.000000 -0.487982 0.483790 0.483790 0.483790
4623.846191 0.000000 315.381439 0.000000 0.961370 0.000000 -0.275258 0.452506 0.452506 0.452506
4666.129395 0.000000 297.835266 0.000000 0.968553 0.000000 -0.248806 0.457910 0.457910 0.457910
4618.610840 0.000000 308.701996 0.000000 0.998751 0.000000 -0.049968 0.450842 0.450842 0.450842
4669.286133 0.000000 310.394104 0.000000 0.841278 0.000000 -0.540603 0.459625 0.459625 0.459625
4668.362793 0.000000 292.704651 0.000000 0.987166 0.000000 -0.159700 0.452523 0.452523 0.452523
4643.480469 0.000000 289.707397 0.000000 0.846082 0.000000 -0.533053 0.456948 0.456948 0.456948
4621.085938 0.000000 304.260071 0.000000 0.988325 0.000000 -0.152360 0.456186 0.456186 0.456186
4659.130859 0.000000 296.464111 0.000000 0.988463 0.000000 0.151462 0.438384 0.438384 0.438384
4639.745117 0.000000 322.406433 0.000000 0.835489 0.000000 -0.549508 0.460458 0.460458 0.460458
4676.622070 0.000000 287.996735 0.000000 0.835077 0.000000 -0.550132 0.463089 0.463089 0.463089
4662.338379 0.000000 298.591522 0.000000 0.983400 0.000000 0.181451 0.439546 0.439546 0.439546
4630.273438 0.000000 320.437439 0.000000 0.999081 0.000000 -0.042851 0.450867 0.450867 0.450867
4633.206055 0.000000 318.661865 0.000000 0.948419 0.000000 -0.317019 0.461959 0.461959 0.461959
4665.206543 0.000000 304.549561 0.000000 0.991831 0.000000 0.127562 0.444539 0.444539 0.444539
4645.912598 0.000000 318.999207 0.000000 0.978414 0.000000 -0.206655 0.455379 0.455379 0.455379
4660.678711 0.000000 291.156891 0.000000 0.997587 0.000000 -0.069429 0.454372 0.454372 0.454372
4656.102051 0.000000 308.380707 0.000000 0.999962 0.000000 -0.008677 0.450770 0.450770 0.450770
4663.158691 0.000000 289.698425 0.000000 0.850297 0.000000 -0.526303 0.476775 0.476775 0.476775
4659.958008 0.000000 293.836670 0.000000 0.993209 0.000000 -0.116348 0.459039 0.459039 0.459039
4653.309082 0.000000 313.937775 0.000000 0.977376 0.000000 -0.211509 0.463647 0.463647 0.463647
4651.770020 0.000000 309.831512 0.000000 0.936287 0.000000 0.351236 0.419760 0.419760 0.419760
4652.779297 0.000000 298.786774 0.000000 0.967992 0.000000 0.250982 0.433469 0.433469 0.433469
4654.020508 0.000000 295.210236 0.000000 0.931267 0.000000 -0.364338 0.478908 0.478908 0.478908
4663.675781 0.000000 310.369904 0.000000 0.998991 0.000000 -0.044915 0.452372 0.452372 0.452372
4639.099121 0.000000 311.092010 0.000000 0.947445 0.000000 0.319918 0.422196 0.422196 0.422196
4630.576660 0.000000 304.742584 0.000000 0.899738 0.000000 -0.436431 0.488561 0.488561 0.488561
4658.927734 0.000000 289.670685 0.000000 0.978702 0.000000 -0.205285 0.464866 0.464866 0.464866
4636.397461 0.000000 310.867218 0.000000 0.995610 0.000000 0.093602 0.441575 0.441575 0.441575
4635.330566 0.000000 317.892487 0.000000 0.905017 0.000000 -0.425375 0.473200 0.473200 0.473200
4625.046387 0.000000 301.179932 0.000000 0.999949 0.000000 -0.010080 0.450736 0.450736 0.450736
4631.306641 0.000000 306.808716 0.000000 0.859761 0.000000 -0.510696 0.490947 0.490947 0.490947
4639.602051 0.000000 308.232178 0.000000 0.998043 0.000000 0.062524 0.444518 0.444518 0.444518
4634.925293 0.000000 313.455170 0.000000 0.996981 0.000000 0.077642 0.444325 0.444325 0.444325
4636.145508 0.000000 302.031586 0.000000 0.998286 0.000000 0.058527 0.446316 0.446316 0.446316
4652.020996 0.000000 291.870941 0.000000 0.996250 0.000000 0.086519 0.443771 0.443771 0.443771
4631.245605 0.000000 300.976196 0.000000 0.937570 0.000000 -0.347798 0.477137 0.477137 0.477137
4628.297363 0.000000 304.005402 0.000000 0.963827 0.000000 0.266528 0.429087 0.429087 0.429087
4624.367676 0.000000 304.863892 0.000000 0.951149 0.000000 0.308731 0.430959 0.430959 0.430959
4623.584473 0.000000 291.575745 0.000000 0.888172 0.000000 -0.459511 0.488620 0.488620 0.488620
4641.798340 0.000000 304.562744 0.000000 0.925451 0.000000 -0.378868 0.483177 0.483177 0.483177
4628.683105 0.000000 297.924469 0.000000 0.933488 0.000000 -0.358608 0.476784 0.476784 0.476784
4645.644531 0.000000 309.574951 0.000000 1.000000 0.000000 0.000874 0.449934 0.449934 0.449934
4642.526367 0.000000 302.319946 0.000000 0.831517 0.000000 -0.555499 0.492347 0.492347 0.492347
4653.206543 0.000000 290.289337 0.000000 0.874628 0.000000 -0.484795 0.486391 0.486391 0.486391
4638.411133 0.000000 302.680603 0.000000 0.980587 0.000000 0.196084 0.436475 0.436475 0.436475
4653.710938 0.000000 309.657990 0.000000 0.970607 0.000000 -0.240669 0.471299 0.471299 0.471299
4652.555664 0.000000 306.089691 0.000000 0.890371 0.000000 -0.455236 0.487700 0.487700 0.487700
4624.626465 0.000000 299.382935 0.000000 0.999634 0.000000 0.027059 0.447841 0.447841 0.447841
4657.764648 0.000000 302.657837 0.000000 0.978177 0.000000 -0.207774 0.468811 0.468811 0.468811
4688.488281 0.000000 290.888702 0.000000 0.900613 0.000000 -0.434622 0.452526 0.452526 0.452526
4880.612305 0.000000 424.019470 0.000000 0.993492 0.000000 -0.113902 0.456669 0.456669 0.456669
4881.359863 0.000000 433.172546 0.000000 0.991145 0.000000 -0.132781 0.488152 0.488152 0.488152
4888.758789 0.000000 426.516907 0.000000 0.974229 0.000000 0.225563 0.412170 0.412170 0.412170
4882.616699 0.000000 432.358612 0.000000 0.947133 0.000000 0.320840 0.356431 0.356431 0.356431
4889.847656 0.000000 427.156860 0.000000 0.987583 0.000000 -0.157095 0.476229 0.476229 0.476229
4879.828125 0.000000 429.335083 0.000000 0.940982 0.000000 -0.338458 0.537278 0.537278 0.537278
4884.991699 0.000000 431.160675 0.000000 0.846660 0.000000 -0.532134 0.586164 0.586164 0.586164
4884.513184 0.000000 433.922150 0.000000 0.937908 0.000000 -0.346883 0.528401 0.528401 0.528401
4880.242188 0.000000 430.286011 0.000000 0.970336 0.000000 0.241761 0.380047 0.380047 0.380047
4882.918457 0.000000 431.066284 0.000000 0.971839 0.000000 -0.235645 0.518148 0.518148 0.518148
4885.909180 0.000000 427.253174 0.000000 0.996441 0.000000 -0.084294 0.474177 0.474177 0.474177
4881.948242 0.000000 430.189240 0.000000 0.953704 0.000000 0.300747 0.362488 0.362488 0.362488
"}
object={
	name="tree_swamp_02_generator_1_3"
	render_pass=Map
	clamp_to_water_level=no
	generated_content=yes
	layer="tree_high_layer"
	pdxmesh="tree_swamp_01_d_mesh"
	count=1833
	transform="4457.417969 0.000000 94.801743 0.000000 0.137694 0.000000 -0.990475 0.501505 0.501505 0.501505
4410.204590 0.000000 111.830589 0.000000 0.681244 0.000000 -0.732057 0.482295 0.482295 0.482295
4425.657715 0.000000 163.937927 0.000000 0.240404 0.000000 -0.970673 0.584276 0.584276 0.584276
4430.544922 0.000000 119.389023 0.000000 0.461250 0.000000 -0.887270 0.524793 0.524793 0.524793
4419.645020 0.000000 173.978424 0.000000 0.366344 0.000000 -0.930480 0.530600 0.530600 0.530600
4458.815918 0.000000 112.955109 0.000000 0.565248 0.000000 -0.824921 0.484874 0.484874 0.484874
4427.770996 0.000000 130.352173 0.000000 0.399066 0.000000 -0.916922 0.559497 0.559497 0.559497
4402.634277 0.000000 116.733215 0.000000 0.563093 0.000000 -0.826394 0.458742 0.458742 0.458742
4463.128418 0.000000 105.233589 0.000000 0.652563 0.000000 -0.757735 0.490571 0.490571 0.490571
4404.141602 0.000000 173.487717 0.000000 0.591785 0.000000 -0.806096 0.456320 0.456320 0.456320
4426.266113 0.000000 174.156830 0.000000 0.088783 0.000000 -0.996051 0.524917 0.524917 0.524917
4408.400391 0.000000 152.850983 0.000000 0.806967 0.000000 -0.590597 0.461357 0.461357 0.461357
4435.881348 0.000000 109.294640 0.000000 0.641193 0.000000 -0.767379 0.473585 0.473585 0.473585
4405.109375 0.000000 112.291313 0.000000 0.516114 0.000000 -0.856520 0.461555 0.461555 0.461555
4423.007324 0.000000 150.958908 0.000000 0.797318 0.000000 -0.603560 0.535898 0.535898 0.535898
4427.632812 0.000000 142.240402 0.000000 0.101236 0.000000 -0.994862 0.585364 0.585364 0.585364
4461.954590 0.000000 109.545563 0.000000 0.806793 0.000000 -0.590835 0.470594 0.470594 0.470594
4426.655762 0.000000 168.238525 0.000000 0.068573 0.000000 -0.997646 0.559694 0.559694 0.559694
4438.789062 0.000000 105.425705 0.000000 0.158793 0.000000 -0.987312 0.472198 0.472198 0.472198
4435.374512 0.000000 177.178925 0.000000 0.777445 0.000000 -0.628951 0.462227 0.462227 0.462227
4431.868164 0.000000 129.891937 0.000000 0.543803 0.000000 -0.839213 0.531670 0.531670 0.531670
4428.620605 0.000000 115.870316 0.000000 0.788646 0.000000 -0.614848 0.490173 0.490173 0.490173
4423.768555 0.000000 130.437653 0.000000 0.597056 0.000000 -0.802199 0.558773 0.558773 0.558773
4419.962402 0.000000 184.173340 0.000000 0.434084 0.000000 -0.900872 0.501670 0.501670 0.501670
4434.961426 0.000000 169.455704 0.000000 0.610738 0.000000 -0.791833 0.483878 0.483878 0.483878
4414.206055 0.000000 120.795341 0.000000 0.762410 0.000000 -0.647094 0.532227 0.532227 0.532227
4422.053223 0.000000 177.091125 0.000000 0.629222 0.000000 -0.777226 0.504008 0.504008 0.504008
4433.565918 0.000000 116.915138 0.000000 0.552669 0.000000 -0.833401 0.509770 0.509770 0.509770
4461.838867 0.000000 123.249062 0.000000 0.630356 0.000000 -0.776306 0.496930 0.496930 0.496930
4461.566895 0.000000 136.102859 0.000000 0.397030 0.000000 -0.917806 0.523138 0.523138 0.523138
4414.296875 0.000000 128.468658 0.000000 0.542580 0.000000 -0.840004 0.536271 0.536271 0.536271
4430.636230 0.000000 137.446259 0.000000 0.814049 0.000000 -0.580796 0.493165 0.493165 0.493165
4408.338379 0.000000 135.333298 0.000000 0.493173 0.000000 -0.869931 0.487930 0.487930 0.487930
4423.041504 0.000000 172.196075 0.000000 0.654271 0.000000 -0.756260 0.511660 0.511660 0.511660
4423.255371 0.000000 137.411285 0.000000 0.043514 0.000000 -0.999053 0.609570 0.609570 0.609570
4417.892090 0.000000 139.747162 0.000000 0.442819 0.000000 -0.896611 0.559941 0.559941 0.559941
4437.755371 0.000000 112.342636 0.000000 0.764755 0.000000 -0.644321 0.479889 0.479889 0.479889
4450.189941 0.000000 109.347763 0.000000 0.352916 0.000000 -0.935655 0.505739 0.505739 0.505739
4451.311035 0.000000 115.406815 0.000000 0.147792 0.000000 -0.989018 0.517118 0.517118 0.517118
4413.248535 0.000000 143.905823 0.000000 0.243610 0.000000 -0.969873 0.543759 0.543759 0.543759
4420.167969 0.000000 165.604111 0.000000 0.819902 0.000000 -0.572505 0.508208 0.508208 0.508208
4454.866699 0.000000 145.914246 0.000000 0.274093 0.000000 -0.961703 0.495036 0.495036 0.495036
4429.596191 0.000000 173.204437 0.000000 0.754095 0.000000 -0.656765 0.480589 0.480589 0.480589
4425.427246 0.000000 139.908447 0.000000 0.006670 0.000000 -0.999978 0.601120 0.601120 0.601120
4455.626953 0.000000 113.512062 0.000000 0.786946 0.000000 -0.617022 0.477640 0.477640 0.477640
4425.896973 0.000000 149.436325 0.000000 0.804232 0.000000 -0.594315 0.527217 0.527217 0.527217
4458.497070 0.000000 123.475266 0.000000 0.271008 0.000000 -0.962577 0.531558 0.531558 0.531558
4409.254395 0.000000 179.196991 0.000000 0.317157 0.000000 -0.948373 0.483651 0.483651 0.483651
4417.713379 0.000000 162.318726 0.000000 0.529768 0.000000 -0.848143 0.536447 0.536447 0.536447
4416.622559 0.000000 173.030060 0.000000 0.579144 0.000000 -0.815225 0.509964 0.509964 0.509964
4415.197754 0.000000 168.044617 0.000000 0.804244 0.000000 -0.594299 0.493612 0.493612 0.493612
4460.238770 0.000000 106.932251 0.000000 0.674248 0.000000 -0.738505 0.482670 0.482670 0.482670
4428.189941 0.000000 176.813919 0.000000 0.820675 0.000000 -0.571396 0.472548 0.472548 0.472548
4420.095703 0.000000 137.337234 0.000000 0.065860 0.000000 -0.997829 0.619066 0.619066 0.619066
4458.457031 0.000000 140.348038 0.000000 0.802675 0.000000 -0.596417 0.483742 0.483742 0.483742
4412.189453 0.000000 184.007431 0.000000 0.763157 0.000000 -0.646213 0.478417 0.478417 0.478417
4414.896484 0.000000 133.930786 0.000000 0.008102 0.000000 -0.999967 0.579915 0.579915 0.579915
4445.670898 0.000000 171.839447 0.000000 0.620152 0.000000 -0.784481 0.478369 0.478369 0.478369
4430.547852 0.000000 143.443604 0.000000 0.499057 0.000000 -0.866569 0.537149 0.537149 0.537149
4416.511719 0.000000 122.701195 0.000000 0.520947 0.000000 -0.853589 0.571805 0.571805 0.571805
4418.114746 0.000000 190.758484 0.000000 0.406622 0.000000 -0.913597 0.505653 0.505653 0.505653
4443.399414 0.000000 111.439194 0.000000 0.785722 0.000000 -0.618580 0.476974 0.476974 0.476974
4451.971680 0.000000 148.394089 0.000000 0.707038 0.000000 -0.707176 0.475591 0.475591 0.475591
4423.959473 0.000000 161.595062 0.000000 0.302205 0.000000 -0.953243 0.586301 0.586301 0.586301
4419.793945 0.000000 142.656952 0.000000 0.189189 0.000000 -0.981941 0.611291 0.611291 0.611291
4457.833008 0.000000 164.571091 0.000000 0.781893 0.000000 -0.623413 0.472686 0.472686 0.472686
4455.276367 0.000000 179.878662 0.000000 0.419372 0.000000 -0.907815 0.506255 0.506255 0.506255
4426.351562 0.000000 181.792007 0.000000 0.233293 0.000000 -0.972407 0.513007 0.513007 0.513007
4411.238281 0.000000 124.802216 0.000000 0.505246 0.000000 -0.862976 0.520179 0.520179 0.520179
4418.050781 0.000000 147.496765 0.000000 0.365078 0.000000 -0.930977 0.588520 0.588520 0.588520
4423.251953 0.000000 159.053497 0.000000 0.144231 0.000000 -0.989544 0.605404 0.605404 0.605404
4460.196777 0.000000 143.446564 0.000000 0.347580 0.000000 -0.937651 0.512831 0.512831 0.512831
4459.353516 0.000000 109.977676 0.000000 0.223259 0.000000 -0.974759 0.502911 0.502911 0.502911
4420.292480 0.000000 151.607285 0.000000 0.710916 0.000000 -0.703277 0.551649 0.551649 0.551649
4427.141113 0.000000 184.340454 0.000000 0.496506 0.000000 -0.868033 0.504326 0.504326 0.504326
4462.365723 0.000000 97.942276 0.000000 0.311984 0.000000 -0.950087 0.503514 0.503514 0.503514
4427.593750 0.000000 144.828369 0.000000 0.600555 0.000000 -0.799584 0.538484 0.538484 0.538484
4435.312500 0.000000 159.316345 0.000000 0.060972 0.000000 -0.998140 0.594174 0.594174 0.594174
4423.519043 0.000000 148.455261 0.000000 0.519216 0.000000 -0.854643 0.585863 0.585863 0.585863
4427.854492 0.000000 118.301575 0.000000 0.315241 0.000000 -0.949012 0.570779 0.570779 0.570779
4431.127441 0.000000 116.172150 0.000000 0.814461 0.000000 -0.580218 0.488943 0.488943 0.488943
4424.487305 0.000000 154.668671 0.000000 0.161387 0.000000 -0.986891 0.609843 0.609843 0.609843
4412.786133 0.000000 168.620163 0.000000 0.761912 0.000000 -0.647680 0.489575 0.489575 0.489575
4425.669434 0.000000 116.736191 0.000000 0.783864 0.000000 -0.620933 0.522253 0.522253 0.522253
4428.892578 0.000000 121.289001 0.000000 0.765243 0.000000 -0.643742 0.507357 0.507357 0.507357
4439.660645 0.000000 125.820511 0.000000 0.207664 0.000000 -0.978200 0.561668 0.561668 0.561668
4442.677734 0.000000 115.518707 0.000000 0.420517 0.000000 -0.907284 0.508747 0.508747 0.508747
4431.788574 0.000000 151.906464 0.000000 0.011287 0.000000 -0.999936 0.595418 0.595418 0.595418
4450.208008 0.000000 123.088142 0.000000 0.574674 0.000000 -0.818383 0.537231 0.537231 0.537231
4433.047852 0.000000 119.424179 0.000000 0.752190 0.000000 -0.658946 0.496069 0.496069 0.496069
4434.960449 0.000000 166.678497 0.000000 0.365689 0.000000 -0.930737 0.510485 0.510485 0.510485
4408.622559 0.000000 117.419388 0.000000 0.741409 0.000000 -0.671053 0.489669 0.489669 0.489669
4429.191406 0.000000 168.153351 0.000000 0.524586 0.000000 -0.851358 0.510648 0.510648 0.510648
4412.285645 0.000000 148.349915 0.000000 0.227495 0.000000 -0.973779 0.528357 0.528357 0.528357
4415.706543 0.000000 149.196106 0.000000 0.810822 0.000000 -0.585293 0.499872 0.499872 0.499872
4430.211914 0.000000 187.537689 0.000000 0.739101 0.000000 -0.673595 0.483212 0.483212 0.483212
4433.878418 0.000000 128.418823 0.000000 0.004721 0.000000 -0.999989 0.571399 0.571399 0.571399
4431.392090 0.000000 124.740112 0.000000 0.761034 0.000000 -0.648712 0.509477 0.509477 0.509477
4431.603516 0.000000 162.171692 0.000000 0.649659 0.000000 -0.760226 0.523741 0.523741 0.523741
4417.531738 0.000000 152.533981 0.000000 0.759082 0.000000 -0.650995 0.514509 0.514509 0.514509
4419.924805 0.000000 168.025116 0.000000 0.611491 0.000000 -0.791251 0.525890 0.525890 0.525890
4425.854492 0.000000 129.084122 0.000000 0.505617 0.000000 -0.862758 0.564579 0.564579 0.564579
4447.699219 0.000000 118.401123 0.000000 0.675562 0.000000 -0.737303 0.510542 0.510542 0.510542
4420.345703 0.000000 145.039154 0.000000 0.405697 0.000000 -0.914008 0.589903 0.589903 0.589903
4427.299316 0.000000 114.066719 0.000000 0.445795 0.000000 -0.895135 0.537192 0.537192 0.537192
4430.079590 0.000000 148.892975 0.000000 0.714286 0.000000 -0.699854 0.517929 0.517929 0.517929
4422.925781 0.000000 163.596710 0.000000 0.729900 0.000000 -0.683554 0.528634 0.528634 0.528634
4422.657715 0.000000 113.899620 0.000000 0.788298 0.000000 -0.615294 0.508821 0.508821 0.508821
4412.453125 0.000000 146.032562 0.000000 0.051784 0.000000 -0.998658 0.550684 0.550684 0.550684
4423.240234 0.000000 178.886444 0.000000 0.222397 0.000000 -0.974956 0.521099 0.521099 0.521099
4429.039062 0.000000 135.922760 0.000000 0.761650 0.000000 -0.647988 0.504645 0.504645 0.504645
4412.735840 0.000000 116.411301 0.000000 0.257018 0.000000 -0.966407 0.572233 0.572233 0.572233
4426.929199 0.000000 124.672211 0.000000 0.786431 0.000000 -0.617678 0.520310 0.520310 0.520310
4454.818848 0.000000 133.477951 0.000000 0.757946 0.000000 -0.652317 0.518659 0.518659 0.518659
4417.734375 0.000000 174.958542 0.000000 0.359670 0.000000 -0.933080 0.516217 0.516217 0.516217
4418.948730 0.000000 121.486404 0.000000 0.691057 0.000000 -0.722800 0.556186 0.556186 0.556186
4429.740234 0.000000 129.421204 0.000000 0.736420 0.000000 -0.676525 0.520954 0.520954 0.520954
4435.362793 0.000000 126.821404 0.000000 0.756008 0.000000 -0.654562 0.502912 0.502912 0.502912
4414.478027 0.000000 130.562225 0.000000 0.428275 0.000000 -0.903649 0.543794 0.543794 0.543794
4412.117676 0.000000 120.188377 0.000000 0.713534 0.000000 -0.700621 0.525872 0.525872 0.525872
4425.243652 0.000000 172.204987 0.000000 0.084522 0.000000 -0.996422 0.546839 0.546839 0.546839
4416.293945 0.000000 170.904907 0.000000 0.162954 0.000000 -0.986634 0.551172 0.551172 0.551172
4436.612305 0.000000 131.404160 0.000000 0.405097 0.000000 -0.914274 0.544618 0.544618 0.544618
4459.964844 0.000000 130.574524 0.000000 0.069105 0.000000 -0.997609 0.578213 0.578213 0.578213
4430.235352 0.000000 164.099716 0.000000 0.296789 0.000000 -0.954943 0.536997 0.536997 0.536997
4455.583008 0.000000 189.825775 0.000000 0.405758 0.000000 -0.913980 0.536786 0.536786 0.536786
4417.783691 0.000000 141.993042 0.000000 0.255598 0.000000 -0.966783 0.587113 0.587113 0.587113
4419.793945 0.000000 140.519745 0.000000 0.741048 0.000000 -0.671452 0.536012 0.536012 0.536012
4425.821777 0.000000 112.593971 0.000000 0.511902 0.000000 -0.859044 0.531268 0.531268 0.531268
4420.465820 0.000000 175.845276 0.000000 0.781628 0.000000 -0.623745 0.494643 0.494643 0.494643
4457.364258 0.000000 121.624519 0.000000 0.300614 0.000000 -0.953746 0.528192 0.528192 0.528192
4444.187012 0.000000 125.214233 0.000000 0.001605 0.000000 -0.999999 0.613950 0.613950 0.613950
4430.083496 0.000000 160.322052 0.000000 0.734260 0.000000 -0.678869 0.524612 0.524612 0.524612
4421.555176 0.000000 138.729492 0.000000 0.636055 0.000000 -0.771644 0.548033 0.548033 0.548033
4417.336914 0.000000 117.730606 0.000000 0.235356 0.000000 -0.971909 0.610264 0.610264 0.610264
4433.589355 0.000000 158.337067 0.000000 0.366011 0.000000 -0.930610 0.570936 0.570936 0.570936
4462.752930 0.000000 180.058929 0.000000 0.564093 0.000000 -0.825712 0.540585 0.540585 0.540585
4458.557129 0.000000 132.152618 0.000000 0.351880 0.000000 -0.936045 0.549334 0.549334 0.549334
4435.664551 0.000000 162.353821 0.000000 0.241331 0.000000 -0.970443 0.552871 0.552871 0.552871
4428.129883 0.000000 128.297607 0.000000 0.342559 0.000000 -0.939496 0.566612 0.566612 0.566612
4432.944336 0.000000 147.726318 0.000000 0.513407 0.000000 -0.858145 0.532289 0.532289 0.532289
4427.151855 0.000000 120.200912 0.000000 0.341385 0.000000 -0.939923 0.576344 0.576344 0.576344
4423.933594 0.000000 152.848175 0.000000 0.796331 0.000000 -0.604861 0.531735 0.531735 0.531735
4422.014648 0.000000 160.524811 0.000000 0.029566 0.000000 -0.999563 0.616223 0.616223 0.616223
4436.035645 0.000000 138.366623 0.000000 0.571622 0.000000 -0.820517 0.518110 0.518110 0.518110
4426.391113 0.000000 154.574951 0.000000 0.679844 0.000000 -0.733357 0.536013 0.536013 0.536013
4447.063477 0.000000 125.729622 0.000000 0.707048 0.000000 -0.707165 0.530303 0.530303 0.530303
4447.954102 0.000000 123.656166 0.000000 0.477948 0.000000 -0.878388 0.550004 0.550004 0.550004
4428.470215 0.000000 125.833702 0.000000 0.177588 0.000000 -0.984105 0.579823 0.579823 0.579823
4443.884277 0.000000 131.788071 0.000000 0.266554 0.000000 -0.963820 0.581542 0.581542 0.581542
4422.056152 0.000000 170.503265 0.000000 0.321298 0.000000 -0.946978 0.550600 0.550600 0.550600
4425.096680 0.000000 125.744797 0.000000 0.434110 0.000000 -0.900860 0.586104 0.586104 0.586104
4418.281250 0.000000 137.832336 0.000000 0.415472 0.000000 -0.909606 0.569352 0.569352 0.569352
4445.382812 0.000000 129.001648 0.000000 0.781995 0.000000 -0.623285 0.524089 0.524089 0.524089
4416.835449 0.000000 120.782494 0.000000 0.405907 0.000000 -0.913914 0.597646 0.597646 0.597646
4451.447754 0.000000 128.632935 0.000000 0.697541 0.000000 -0.716545 0.550514 0.550514 0.550514
4438.431641 0.000000 134.957367 0.000000 0.756774 0.000000 -0.653676 0.512430 0.512430 0.512430
4445.158203 0.000000 122.445053 0.000000 0.533438 0.000000 -0.845839 0.541740 0.541740 0.541740
4453.720215 0.000000 122.804451 0.000000 0.525209 0.000000 -0.850973 0.540335 0.540335 0.540335
4429.438477 0.000000 141.895599 0.000000 0.039573 0.000000 -0.999217 0.570417 0.570417 0.570417
4425.621582 0.000000 144.462082 0.000000 0.249206 0.000000 -0.968450 0.596694 0.596694 0.596694
4423.613281 0.000000 141.301147 0.000000 0.410647 0.000000 -0.911794 0.582798 0.582798 0.582798
4447.589844 0.000000 120.248772 0.000000 0.255867 0.000000 -0.966712 0.560551 0.560551 0.560551
4420.528320 0.000000 122.351639 0.000000 0.311844 0.000000 -0.950133 0.616194 0.616194 0.616194
4433.723633 0.000000 150.517731 0.000000 0.125406 0.000000 -0.992106 0.575005 0.575005 0.575005
4421.221680 0.000000 164.234955 0.000000 0.064747 0.000000 -0.997902 0.593813 0.593813 0.593813
4424.099121 0.000000 128.739517 0.000000 0.715062 0.000000 -0.699061 0.535225 0.535225 0.535225
4450.057129 0.000000 131.790070 0.000000 0.488797 0.000000 -0.872398 0.581005 0.581005 0.581005
4419.392578 0.000000 146.485992 0.000000 0.642844 0.000000 -0.765997 0.550972 0.550972 0.550972
4414.801270 0.000000 122.910271 0.000000 0.729618 0.000000 -0.683855 0.528677 0.528677 0.528677
4423.036133 0.000000 125.361008 0.000000 0.285208 0.000000 -0.958466 0.619894 0.619894 0.619894
4448.331543 0.000000 132.452179 0.000000 0.158278 0.000000 -0.987395 0.602269 0.602269 0.602269
4418.768555 0.000000 151.627304 0.000000 0.384986 0.000000 -0.922922 0.588676 0.588676 0.588676
4427.588867 0.000000 152.389587 0.000000 0.360104 0.000000 -0.932912 0.578331 0.578331 0.578331
4430.221680 0.000000 158.419968 0.000000 0.040003 0.000000 -0.999200 0.623695 0.623695 0.623695
4420.649414 0.000000 153.121902 0.000000 0.793048 0.000000 -0.609159 0.530944 0.530944 0.530944
4421.818359 0.000000 152.120682 0.000000 0.484987 0.000000 -0.874521 0.581544 0.581544 0.581544
4418.507812 0.000000 143.454193 0.000000 0.722223 0.000000 -0.691660 0.539239 0.539239 0.539239
4420.741211 0.000000 123.855835 0.000000 0.607981 0.000000 -0.793951 0.571601 0.571601 0.571601
4423.163086 0.000000 142.773926 0.000000 0.332000 0.000000 -0.943279 0.593989 0.593989 0.593989
4418.034180 0.000000 122.757240 0.000000 0.490575 0.000000 -0.871399 0.584319 0.584319 0.584319
4422.515137 0.000000 147.408783 0.000000 0.461356 0.000000 -0.887215 0.587311 0.587311 0.587311
4516.134277 0.000000 65.974472 0.000000 0.581535 0.000000 -0.813521 0.462810 0.462810 0.462810
4481.567383 0.000000 86.386566 0.000000 0.483002 0.000000 -0.875619 0.499134 0.499134 0.499134
4513.408691 0.000000 75.472603 0.000000 0.255616 0.000000 -0.966778 0.513395 0.513395 0.513395
4485.817871 0.000000 84.413689 0.000000 0.258662 0.000000 -0.965968 0.508831 0.508831 0.508831
4512.198730 0.000000 79.853264 0.000000 0.277499 0.000000 -0.960726 0.507952 0.507952 0.507952
4506.953613 0.000000 73.471321 0.000000 0.642117 0.000000 -0.766607 0.480423 0.480423 0.480423
4530.155762 0.000000 88.775688 0.000000 0.122328 0.000000 -0.992490 0.506943 0.506943 0.506943
4466.525391 0.000000 94.659164 0.000000 0.544691 0.000000 -0.838637 0.487998 0.487998 0.487998
4502.984863 0.000000 89.275551 0.000000 0.445874 0.000000 -0.895096 0.497329 0.497329 0.497329
4529.410156 0.000000 94.801743 0.000000 0.133401 0.000000 -0.991062 0.483902 0.483902 0.483902
4478.530273 0.000000 85.056694 0.000000 0.732804 0.000000 -0.680440 0.479426 0.479426 0.479426
4485.589355 0.000000 78.331375 0.000000 0.254167 0.000000 -0.967160 0.482472 0.482472 0.482472
4481.030762 0.000000 89.713699 0.000000 0.149389 0.000000 -0.988778 0.523427 0.523427 0.523427
4505.854980 0.000000 83.912842 0.000000 0.400916 0.000000 -0.916115 0.508557 0.508557 0.508557
4509.301758 0.000000 86.489700 0.000000 0.613858 0.000000 -0.789416 0.490887 0.490887 0.490887
4484.181641 0.000000 88.023048 0.000000 0.420232 0.000000 -0.907417 0.506208 0.506208 0.506208
4512.991699 0.000000 72.629150 0.000000 0.007926 0.000000 -0.999969 0.516720 0.516720 0.516720
4496.662109 0.000000 80.468948 0.000000 0.643941 0.000000 -0.765075 0.483276 0.483276 0.483276
4514.336426 0.000000 78.267776 0.000000 0.426436 0.000000 -0.904518 0.507140 0.507140 0.507140
4485.962891 0.000000 93.359787 0.000000 0.656816 0.000000 -0.754051 0.488386 0.488386 0.488386
4519.324219 0.000000 78.377968 0.000000 0.459308 0.000000 -0.888277 0.496686 0.496686 0.496686
4502.528320 0.000000 79.537659 0.000000 0.670153 0.000000 -0.742223 0.483827 0.483827 0.483827
4509.598633 0.000000 79.844093 0.000000 0.164630 0.000000 -0.986355 0.519472 0.519472 0.519472
4483.994629 0.000000 94.816116 0.000000 0.513692 0.000000 -0.857975 0.500980 0.500980 0.500980
4478.712402 0.000000 95.083664 0.000000 0.361304 0.000000 -0.932448 0.512073 0.512073 0.512073
4511.615723 0.000000 85.872604 0.000000 0.677717 0.000000 -0.735323 0.489909 0.489909 0.489909
4508.334961 0.000000 84.040649 0.000000 0.486382 0.000000 -0.873746 0.502539 0.502539 0.502539
4542.476562 0.000000 73.215149 0.000000 0.018124 0.000000 -0.999836 0.455233 0.455233 0.455233
4548.125977 0.000000 77.503334 0.000000 0.178164 0.000000 -0.984001 0.473452 0.473452 0.473452
4536.375000 0.000000 74.075058 0.000000 0.067422 0.000000 -0.997725 0.460133 0.460133 0.460133
4555.761719 0.000000 91.961777 0.000000 0.627551 0.000000 -0.778575 0.465038 0.465038 0.465038
4543.822266 0.000000 76.289497 0.000000 0.795952 0.000000 -0.605360 0.466801 0.466801 0.466801
4536.885742 0.000000 88.528069 0.000000 0.753401 0.000000 -0.657562 0.502400 0.502400 0.502400
4542.551758 0.000000 88.412468 0.000000 0.343937 0.000000 -0.938993 0.554139 0.554139 0.554139
4541.486816 0.000000 81.745872 0.000000 0.414590 0.000000 -0.910008 0.505231 0.505231 0.505231
4545.323242 0.000000 84.390388 0.000000 0.731809 0.000000 -0.681510 0.503070 0.503070 0.503070
4540.654297 0.000000 87.225830 0.000000 0.243884 0.000000 -0.969804 0.555643 0.555643 0.555643
4464.617676 0.000000 96.597595 0.000000 0.520451 0.000000 -0.853891 0.495990 0.495990 0.495990
4479.861816 0.000000 123.412659 0.000000 0.793698 0.000000 -0.608312 0.451469 0.451469 0.451469
4521.422363 0.000000 96.022980 0.000000 0.072847 0.000000 -0.997343 0.458414 0.458414 0.458414
4525.494629 0.000000 173.061691 0.000000 0.303617 0.000000 -0.952794 0.464181 0.464181 0.464181
4513.144531 0.000000 113.474609 0.000000 0.713328 0.000000 -0.700830 0.459597 0.459597 0.459597
4468.334961 0.000000 99.550117 0.000000 0.399006 0.000000 -0.916949 0.511270 0.511270 0.511270
4529.494629 0.000000 157.758118 0.000000 0.790209 0.000000 -0.612837 0.495947 0.495947 0.495947
4525.112793 0.000000 169.122391 0.000000 0.793653 0.000000 -0.608371 0.472777 0.472777 0.472777
4517.836426 0.000000 119.968903 0.000000 0.769659 0.000000 -0.638456 0.483453 0.483453 0.483453
4523.303223 0.000000 115.406815 0.000000 0.022216 0.000000 -0.999753 0.550905 0.550905 0.550905
4498.027344 0.000000 152.688858 0.000000 0.385666 0.000000 -0.922638 0.525234 0.525234 0.525234
4492.160156 0.000000 165.604111 0.000000 0.605776 0.000000 -0.795635 0.486177 0.486177 0.486177
4515.187012 0.000000 122.026176 0.000000 0.050305 0.000000 -0.998734 0.501245 0.501245 0.501245
4483.002441 0.000000 170.467285 0.000000 0.153755 0.000000 -0.988109 0.510469 0.510469 0.510469
4521.771484 0.000000 102.793411 0.000000 0.337371 0.000000 -0.941372 0.494099 0.494099 0.494099
4487.189941 0.000000 168.044617 0.000000 0.573631 0.000000 -0.819114 0.488821 0.488821 0.488821
4534.313965 0.000000 171.452515 0.000000 0.733170 0.000000 -0.680045 0.476044 0.476044 0.476044
4530.563965 0.000000 154.908447 0.000000 0.491506 0.000000 -0.870874 0.521248 0.521248 0.521248
4474.240723 0.000000 145.036758 0.000000 0.518093 0.000000 -0.855324 0.479974 0.479974 0.479974
4464.720215 0.000000 119.554543 0.000000 0.397981 0.000000 -0.917394 0.489146 0.489146 0.489146
4528.729492 0.000000 169.411804 0.000000 0.407736 0.000000 -0.913100 0.492665 0.492665 0.492665
4471.267090 0.000000 105.927933 0.000000 0.355655 0.000000 -0.934617 0.492042 0.492042 0.492042
4514.836426 0.000000 137.771881 0.000000 0.280201 0.000000 -0.959941 0.515054 0.515054 0.515054
4531.150391 0.000000 100.949638 0.000000 0.417146 0.000000 -0.908839 0.498689 0.498689 0.498689
4466.156738 0.000000 136.225021 0.000000 0.536931 0.000000 -0.843626 0.480454 0.480454 0.480454
4521.667969 0.000000 163.498596 0.000000 0.684342 0.000000 -0.729161 0.502324 0.502324 0.502324
4495.951660 0.000000 161.595062 0.000000 0.814605 0.000000 -0.580016 0.490318 0.490318 0.490318
4479.104492 0.000000 101.647362 0.000000 0.228718 0.000000 -0.973493 0.504196 0.504196 0.504196
4487.060547 0.000000 97.342133 0.000000 0.642855 0.000000 -0.765988 0.479409 0.479409 0.479409
4518.892090 0.000000 127.770920 0.000000 0.475413 0.000000 -0.879763 0.509198 0.509198 0.509198
4465.629395 0.000000 99.227768 0.000000 0.260519 0.000000 -0.965469 0.517556 0.517556 0.517556
4517.315430 0.000000 116.949387 0.000000 0.721067 0.000000 -0.692865 0.484398 0.484398 0.484398
4527.859863 0.000000 119.326614 0.000000 0.737358 0.000000 -0.675502 0.528321 0.528321 0.528321
4506.744629 0.000000 139.873520 0.000000 0.578880 0.000000 -0.815413 0.485348 0.485348 0.485348
4464.104980 0.000000 173.601166 0.000000 0.480454 0.000000 -0.877020 0.534117 0.534117 0.534117
4535.051758 0.000000 163.799240 0.000000 0.755345 0.000000 -0.655327 0.509410 0.509410 0.509410
4481.846191 0.000000 96.116257 0.000000 0.641707 0.000000 -0.766950 0.491243 0.491243 0.491243
4496.479492 0.000000 154.668671 0.000000 0.477543 0.000000 -0.878609 0.534377 0.534377 0.534377
4473.265625 0.000000 96.135246 0.000000 0.650961 0.000000 -0.759111 0.495513 0.495513 0.495513
4516.881348 0.000000 141.783081 0.000000 0.778216 0.000000 -0.627996 0.508735 0.508735 0.508735
4503.780762 0.000000 151.906464 0.000000 0.029005 0.000000 -0.999579 0.538338 0.538338 0.538338
4472.833496 0.000000 167.954239 0.000000 0.102106 0.000000 -0.994774 0.581984 0.581984 0.581984
4500.747070 0.000000 153.364761 0.000000 0.653615 0.000000 -0.756827 0.504007 0.504007 0.504007
4484.277832 0.000000 148.349915 0.000000 0.292292 0.000000 -0.956329 0.541614 0.541614 0.541614
4487.698730 0.000000 149.196106 0.000000 0.570176 0.000000 -0.821523 0.512819 0.512819 0.512819
4466.380371 0.000000 101.538452 0.000000 0.455974 0.000000 -0.889993 0.507941 0.507941 0.507941
4534.620117 0.000000 133.728760 0.000000 0.789175 0.000000 -0.614169 0.520582 0.520582 0.520582
4483.749023 0.000000 163.569519 0.000000 0.583624 0.000000 -0.812024 0.528780 0.528780 0.528780
4482.696777 0.000000 152.382507 0.000000 0.327363 0.000000 -0.944899 0.557032 0.557032 0.557032
4519.109375 0.000000 121.935944 0.000000 0.718356 0.000000 -0.695676 0.496674 0.496674 0.496674
4470.611816 0.000000 100.434753 0.000000 0.117043 0.000000 -0.993127 0.516949 0.516949 0.516949
4474.752441 0.000000 163.679977 0.000000 0.345443 0.000000 -0.938440 0.547160 0.547160 0.547160
4519.691406 0.000000 118.401123 0.000000 0.632484 0.000000 -0.774573 0.503753 0.503753 0.503753
4523.304688 0.000000 126.764404 0.000000 0.035447 0.000000 -0.999372 0.577641 0.577641 0.577641
4482.540527 0.000000 167.662292 0.000000 0.569597 0.000000 -0.821924 0.509613 0.509613 0.509613
4485.278809 0.000000 152.929977 0.000000 0.323298 0.000000 -0.946297 0.560193 0.560193 0.560193
4465.616211 0.000000 155.708862 0.000000 0.700464 0.000000 -0.713687 0.489286 0.489286 0.489286
4517.668457 0.000000 151.131348 0.000000 0.803897 0.000000 -0.594769 0.524424 0.524424 0.524424
4469.060059 0.000000 173.463364 0.000000 0.688930 0.000000 -0.724828 0.521048 0.521048 0.521048
4492.060547 0.000000 149.412048 0.000000 0.793804 0.000000 -0.608173 0.483051 0.483051 0.483051
4467.958496 0.000000 175.362396 0.000000 0.390286 0.000000 -0.920694 0.551199 0.551199 0.551199
4519.460449 0.000000 137.920242 0.000000 0.443155 0.000000 -0.896445 0.521188 0.521188 0.521188
4526.130859 0.000000 110.345886 0.000000 0.817305 0.000000 -0.576205 0.503811 0.503811 0.503811
4466.521973 0.000000 170.273499 0.000000 0.607175 0.000000 -0.794568 0.524279 0.524279 0.524279
4518.245117 0.000000 162.761993 0.000000 0.769650 0.000000 -0.638467 0.493568 0.493568 0.493568
4532.578613 0.000000 121.545181 0.000000 0.822787 0.000000 -0.568350 0.530816 0.530816 0.530816
4480.439453 0.000000 148.021881 0.000000 0.123852 0.000000 -0.992301 0.545887 0.545887 0.545887
4532.849609 0.000000 154.576019 0.000000 0.118010 0.000000 -0.993012 0.544645 0.544645 0.544645
4468.114258 0.000000 179.244598 0.000000 0.565836 0.000000 -0.824518 0.546922 0.546922 0.546922
4465.244141 0.000000 171.862167 0.000000 0.514193 0.000000 -0.857675 0.528742 0.528742 0.528742
4530.062500 0.000000 118.350922 0.000000 0.645005 0.000000 -0.764178 0.555531 0.555531 0.555531
4527.510254 0.000000 108.517708 0.000000 0.190395 0.000000 -0.981708 0.567762 0.567762 0.567762
4530.717773 0.000000 105.550507 0.000000 0.660453 0.000000 -0.750868 0.506299 0.506299 0.506299
4525.180664 0.000000 146.887512 0.000000 0.594653 0.000000 -0.803982 0.550729 0.550729 0.550729
4528.421875 0.000000 123.704567 0.000000 0.516067 0.000000 -0.856548 0.579418 0.579418 0.579418
4533.177246 0.000000 105.104568 0.000000 0.227756 0.000000 -0.973718 0.543407 0.543407 0.543407
4512.815918 0.000000 143.696243 0.000000 0.202853 0.000000 -0.979209 0.565141 0.565141 0.565141
4481.693359 0.000000 154.325653 0.000000 0.254171 0.000000 -0.967159 0.545939 0.545939 0.545939
4495.925781 0.000000 152.848175 0.000000 0.249703 0.000000 -0.968322 0.540352 0.540352 0.540352
4525.285156 0.000000 161.542252 0.000000 0.153327 0.000000 -0.988175 0.561424 0.561424 0.561424
4499.030273 0.000000 157.887543 0.000000 0.786586 0.000000 -0.617481 0.507572 0.507572 0.507572
4498.383301 0.000000 154.574951 0.000000 0.204705 0.000000 -0.978824 0.552717 0.552717 0.552717
4523.439941 0.000000 128.632935 0.000000 0.333049 0.000000 -0.942909 0.546828 0.546828 0.546828
4493.121094 0.000000 155.103943 0.000000 0.769221 0.000000 -0.638983 0.508406 0.508406 0.508406
4525.267090 0.000000 139.946564 0.000000 0.492010 0.000000 -0.870589 0.537824 0.537824 0.537824
4465.135254 0.000000 177.335205 0.000000 0.555090 0.000000 -0.831790 0.536080 0.536080 0.536080
4534.737793 0.000000 111.199974 0.000000 0.067919 0.000000 -0.997691 0.566496 0.566496 0.566496
4531.881348 0.000000 136.937653 0.000000 0.124582 0.000000 -0.992209 0.576702 0.576702 0.576702
4532.276855 0.000000 119.059090 0.000000 0.794534 0.000000 -0.607220 0.526244 0.526244 0.526244
4526.955566 0.000000 126.980171 0.000000 0.152282 0.000000 -0.988337 0.610889 0.610889 0.610889
4475.720703 0.000000 178.278198 0.000000 0.093685 0.000000 -0.995602 0.574448 0.574448 0.574448
4527.776367 0.000000 150.777161 0.000000 0.705062 0.000000 -0.709146 0.524390 0.524390 0.524390
4465.440918 0.000000 189.227478 0.000000 0.274687 0.000000 -0.961534 0.585044 0.585044 0.585044
4468.996094 0.000000 168.224762 0.000000 0.614840 0.000000 -0.788652 0.526558 0.526558 0.526558
4522.640137 0.000000 125.049133 0.000000 0.778662 0.000000 -0.627444 0.509436 0.509436 0.509436
4532.969727 0.000000 134.313507 0.000000 0.244210 0.000000 -0.969723 0.580904 0.580904 0.580904
4508.012207 0.000000 157.662323 0.000000 0.235865 0.000000 -0.971786 0.577262 0.577262 0.577262
4466.362793 0.000000 179.107605 0.000000 0.064259 0.000000 -0.997933 0.597244 0.597244 0.597244
4469.950684 0.000000 179.357422 0.000000 0.431840 0.000000 -0.901950 0.562412 0.562412 0.562412
4529.640625 0.000000 135.513931 0.000000 0.331793 0.000000 -0.943352 0.589860 0.589860 0.589860
4527.463379 0.000000 130.149429 0.000000 0.180421 0.000000 -0.983590 0.601407 0.601407 0.601407
4522.804688 0.000000 147.185928 0.000000 0.716180 0.000000 -0.697915 0.536784 0.536784 0.536784
4464.936035 0.000000 191.199966 0.000000 0.432533 0.000000 -0.901618 0.571170 0.571170 0.571170
4515.435547 0.000000 145.310196 0.000000 0.248550 0.000000 -0.968619 0.584909 0.584909 0.584909
4465.088867 0.000000 182.854279 0.000000 0.045174 0.000000 -0.998979 0.604254 0.604254 0.604254
4467.914551 0.000000 191.490326 0.000000 0.637098 0.000000 -0.770783 0.547882 0.547882 0.547882
4529.383789 0.000000 119.860092 0.000000 0.227660 0.000000 -0.973741 0.599161 0.599161 0.599161
4522.544434 0.000000 149.058868 0.000000 0.008397 0.000000 -0.999965 0.620261 0.620261 0.620261
4530.256836 0.000000 126.552475 0.000000 0.268169 0.000000 -0.963372 0.642680 0.642680 0.642680
4514.920410 0.000000 152.841248 0.000000 0.495127 0.000000 -0.868820 0.567095 0.567095 0.567095
4530.594727 0.000000 133.637039 0.000000 0.676801 0.000000 -0.736166 0.554107 0.554107 0.554107
4535.559570 0.000000 176.165131 0.000000 0.308100 0.000000 -0.951354 0.452826 0.452826 0.452826
4602.800293 0.000000 112.955109 0.000000 0.040235 0.000000 -0.999190 0.462036 0.462036 0.462036
4576.433105 0.000000 188.481201 0.000000 0.589823 0.000000 -0.807533 0.456336 0.456336 0.456336
4588.806152 0.000000 174.747925 0.000000 0.571390 0.000000 -0.820679 0.455407 0.455407 0.455407
4586.475098 0.000000 140.709717 0.000000 0.804877 0.000000 -0.593442 0.472840 0.472840 0.472840
4596.257324 0.000000 124.406441 0.000000 0.216220 0.000000 -0.976345 0.506235 0.506235 0.506235
4577.359375 0.000000 126.058052 0.000000 0.139220 0.000000 -0.990261 0.458039 0.458039 0.458039
4544.131348 0.000000 136.655823 0.000000 0.573016 0.000000 -0.819544 0.458634 0.458634 0.458634
4561.299316 0.000000 159.105072 0.000000 0.594150 0.000000 -0.804354 0.462600 0.462600 0.462600
4549.115234 0.000000 144.615128 0.000000 0.794166 0.000000 -0.607701 0.461007 0.461007 0.461007
4548.654297 0.000000 134.724838 0.000000 0.237378 0.000000 -0.971417 0.466450 0.466450 0.466450
4607.458984 0.000000 148.978683 0.000000 0.293579 0.000000 -0.955935 0.471449 0.471449 0.471449
4561.241699 0.000000 109.628258 0.000000 0.374499 0.000000 -0.927227 0.480670 0.480670 0.480670
4589.695801 0.000000 139.457169 0.000000 0.703547 0.000000 -0.710649 0.478416 0.478416 0.478416
4555.006836 0.000000 122.028519 0.000000 0.669761 0.000000 -0.742576 0.478207 0.478207 0.478207
4562.453613 0.000000 116.091263 0.000000 0.412743 0.000000 -0.910847 0.478308 0.478308 0.478308
4547.377930 0.000000 148.157120 0.000000 0.523071 0.000000 -0.852289 0.478658 0.478658 0.478658
4546.208496 0.000000 113.536118 0.000000 0.669381 0.000000 -0.742919 0.503625 0.503625 0.503625
4551.633789 0.000000 110.910583 0.000000 0.394029 0.000000 -0.919098 0.531201 0.531201 0.531201
4571.125488 0.000000 184.340454 0.000000 0.090331 0.000000 -0.995912 0.501556 0.501556 0.501556
4566.237793 0.000000 191.079163 0.000000 0.262606 0.000000 -0.964903 0.537971 0.537971 0.537971
4598.628418 0.000000 124.416214 0.000000 0.087498 0.000000 -0.996165 0.543312 0.543312 0.543312
4606.686035 0.000000 158.638306 0.000000 0.606842 0.000000 -0.794823 0.490253 0.490253 0.490253
4602.420410 0.000000 159.996826 0.000000 0.750876 0.000000 -0.660443 0.484039 0.484039 0.484039
4548.229980 0.000000 114.618408 0.000000 0.781795 0.000000 -0.623535 0.484037 0.484037 0.484037
4566.139160 0.000000 123.105072 0.000000 0.790464 0.000000 -0.612509 0.484068 0.484068 0.484068
4540.677734 0.000000 114.346756 0.000000 0.707811 0.000000 -0.706402 0.502874 0.502874 0.502874
4539.293945 0.000000 165.038239 0.000000 0.089574 0.000000 -0.995980 0.541517 0.541517 0.541517
4559.533691 0.000000 144.978470 0.000000 0.733759 0.000000 -0.679410 0.493637 0.493637 0.493637
4571.407715 0.000000 139.003479 0.000000 0.196729 0.000000 -0.980458 0.525570 0.525570 0.525570
4540.378418 0.000000 132.191895 0.000000 0.248860 0.000000 -0.968539 0.538929 0.538929 0.538929
4569.188965 0.000000 190.762634 0.000000 0.032648 0.000000 -0.999467 0.536401 0.536401 0.536401
4536.269043 0.000000 159.204620 0.000000 0.021323 0.000000 -0.999773 0.568371 0.568371 0.568371
4542.403809 0.000000 98.301720 0.000000 0.346814 0.000000 -0.937934 0.548410 0.548410 0.548410
4571.787598 0.000000 163.787262 0.000000 0.809055 0.000000 -0.587733 0.495172 0.495172 0.495172
4543.896484 0.000000 113.327644 0.000000 0.264016 0.000000 -0.964518 0.534943 0.534943 0.534943
4551.592285 0.000000 99.606964 0.000000 0.517294 0.000000 -0.855808 0.513465 0.513465 0.513465
4580.813477 0.000000 156.187988 0.000000 0.321120 0.000000 -0.947038 0.526859 0.526859 0.526859
4598.977539 0.000000 168.388260 0.000000 0.611233 0.000000 -0.791451 0.512580 0.512580 0.512580
4539.481934 0.000000 130.386627 0.000000 0.489922 0.000000 -0.871766 0.557055 0.557055 0.557055
4573.283203 0.000000 171.069519 0.000000 0.176035 0.000000 -0.984384 0.540822 0.540822 0.540822
4579.648926 0.000000 162.353821 0.000000 0.252102 0.000000 -0.967701 0.541660 0.541660 0.541660
4602.368652 0.000000 170.653305 0.000000 0.541589 0.000000 -0.840643 0.528521 0.528521 0.528521
4591.497559 0.000000 144.458969 0.000000 0.549607 0.000000 -0.835423 0.517770 0.517770 0.517770
4571.022461 0.000000 157.887543 0.000000 0.497337 0.000000 -0.867558 0.530235 0.530235 0.530235
4570.375488 0.000000 154.574951 0.000000 0.516831 0.000000 -0.856087 0.528507 0.528507 0.528507
4570.513672 0.000000 147.233368 0.000000 0.778455 0.000000 -0.627701 0.501079 0.501079 0.501079
4567.597656 0.000000 141.301147 0.000000 0.447302 0.000000 -0.894383 0.542035 0.542035 0.542035
4538.729492 0.000000 119.853569 0.000000 0.747202 0.000000 -0.664597 0.512885 0.512885 0.512885
4606.344238 0.000000 137.717133 0.000000 0.728314 0.000000 -0.685244 0.522091 0.522091 0.522091
4606.387207 0.000000 131.958359 0.000000 0.321622 0.000000 -0.946868 0.619018 0.619018 0.619018
4546.218262 0.000000 107.839905 0.000000 0.586547 0.000000 -0.809915 0.526359 0.526359 0.526359
4539.910156 0.000000 123.321747 0.000000 0.316439 0.000000 -0.948613 0.598716 0.598716 0.598716
4606.729980 0.000000 128.428375 0.000000 0.502604 0.000000 -0.864517 0.591944 0.591944 0.591944
4604.585938 0.000000 128.921127 0.000000 0.092823 0.000000 -0.995683 0.642592 0.642592 0.642592
4535.513184 0.000000 130.364136 0.000000 0.551719 0.000000 -0.834030 0.576328 0.576328 0.576328
4549.231934 0.000000 103.354324 0.000000 0.373680 0.000000 -0.927558 0.551419 0.551419 0.551419
4607.408203 0.000000 124.017792 0.000000 0.695092 0.000000 -0.718921 0.549141 0.549141 0.549141
4563.646973 0.000000 129.254120 0.000000 0.058843 0.000000 -0.998267 0.611363 0.611363 0.611363
4540.720703 0.000000 129.296524 0.000000 0.571253 0.000000 -0.820774 0.545182 0.545182 0.545182
4535.971680 0.000000 124.290848 0.000000 0.447064 0.000000 -0.894502 0.629137 0.629137 0.629137
4602.249023 0.000000 126.552475 0.000000 0.475514 0.000000 -0.879708 0.567174 0.567174 0.567174
4537.088379 0.000000 125.314857 0.000000 0.295915 0.000000 -0.955214 0.641246 0.641246 0.641246
4606.737793 0.000000 126.657814 0.000000 0.376326 0.000000 -0.926487 0.608419 0.608419 0.608419
4420.305176 0.000000 203.940430 0.000000 0.761325 0.000000 -0.648371 0.486456 0.486456 0.486456
4452.272949 0.000000 220.390823 0.000000 0.529997 0.000000 -0.847999 0.475017 0.475017 0.475017
4414.263184 0.000000 236.359329 0.000000 0.569234 0.000000 -0.822175 0.464097 0.464097 0.464097
4424.790039 0.000000 210.384796 0.000000 0.429996 0.000000 -0.902831 0.522125 0.522125 0.522125
4414.324707 0.000000 220.704941 0.000000 0.651952 0.000000 -0.758260 0.464503 0.464503 0.464503
4411.165527 0.000000 214.021317 0.000000 0.493987 0.000000 -0.869469 0.459474 0.459474 0.459474
4445.210938 0.000000 264.697174 0.000000 0.626257 0.000000 -0.779617 0.468080 0.468080 0.468080
4431.777344 0.000000 208.940598 0.000000 0.703598 0.000000 -0.710598 0.489068 0.489068 0.489068
4461.446289 0.000000 285.318298 0.000000 0.207675 0.000000 -0.978198 0.494361 0.494361 0.494361
4430.656738 0.000000 197.733978 0.000000 0.157763 0.000000 -0.987477 0.508709 0.508709 0.508709
4411.997070 0.000000 193.488190 0.000000 0.073063 0.000000 -0.997327 0.492064 0.492064 0.492064
4412.132324 0.000000 261.907104 0.000000 0.621285 0.000000 -0.783584 0.470231 0.470231 0.470231
4413.908691 0.000000 257.783325 0.000000 0.204562 0.000000 -0.978854 0.472999 0.472999 0.472999
4417.791016 0.000000 193.750305 0.000000 0.784133 0.000000 -0.620593 0.482342 0.482342 0.482342
4421.690918 0.000000 213.118607 0.000000 0.809061 0.000000 -0.587725 0.483173 0.483173 0.483173
4419.962402 0.000000 280.157715 0.000000 0.553357 0.000000 -0.832944 0.498661 0.498661 0.498661
4433.565918 0.000000 212.899521 0.000000 0.360598 0.000000 -0.932721 0.533716 0.533716 0.533716
4424.161133 0.000000 195.348358 0.000000 0.808588 0.000000 -0.588376 0.478975 0.478975 0.478975
4430.636230 0.000000 233.430649 0.000000 0.785153 0.000000 -0.619302 0.517527 0.517527 0.517527
4413.853027 0.000000 206.622955 0.000000 0.703581 0.000000 -0.710615 0.469535 0.469535 0.469535
4446.780273 0.000000 283.997467 0.000000 0.633431 0.000000 -0.773800 0.472863 0.472863 0.472863
4418.469238 0.000000 212.075653 0.000000 0.060869 0.000000 -0.998146 0.509370 0.509370 0.509370
4425.427246 0.000000 235.892822 0.000000 0.041189 0.000000 -0.999151 0.592629 0.592629 0.592629
4432.631348 0.000000 205.845474 0.000000 0.782959 0.000000 -0.622073 0.481679 0.481679 0.481679
4457.507812 0.000000 247.310333 0.000000 0.174959 0.000000 -0.984576 0.517387 0.517387 0.517387
4419.971680 0.000000 226.979370 0.000000 0.758181 0.000000 -0.652044 0.490696 0.490696 0.490696
4462.258301 0.000000 282.288879 0.000000 0.329875 0.000000 -0.944025 0.491611 0.491611 0.491611
4428.743652 0.000000 204.995453 0.000000 0.263902 0.000000 -0.964549 0.502728 0.502728 0.502728
4454.605957 0.000000 256.013885 0.000000 0.223166 0.000000 -0.974780 0.539200 0.539200 0.539200
4416.511719 0.000000 218.685577 0.000000 0.531552 0.000000 -0.847026 0.481783 0.481783 0.481783
4418.384766 0.000000 229.632935 0.000000 0.647188 0.000000 -0.762331 0.499670 0.499670 0.499670
4432.641113 0.000000 263.699341 0.000000 0.130416 0.000000 -0.991459 0.506622 0.506622 0.506622
4435.219238 0.000000 219.492081 0.000000 0.760556 0.000000 -0.649272 0.519859 0.519859 0.519859
4424.892090 0.000000 238.766403 0.000000 0.244984 0.000000 -0.969527 0.552579 0.552579 0.552579
4447.182129 0.000000 193.714035 0.000000 0.499393 0.000000 -0.866376 0.501799 0.501799 0.501799
4424.860352 0.000000 192.697739 0.000000 0.818986 0.000000 -0.573814 0.475404 0.475404 0.475404
4422.134766 0.000000 249.561081 0.000000 0.817599 0.000000 -0.575788 0.501698 0.501698 0.501698
4446.899902 0.000000 223.755295 0.000000 0.588903 0.000000 -0.808204 0.484890 0.484890 0.484890
4418.050781 0.000000 243.481155 0.000000 0.587408 0.000000 -0.809291 0.502967 0.502967 0.502967
4425.333496 0.000000 253.022430 0.000000 0.637770 0.000000 -0.770227 0.526055 0.526055 0.526055
4453.661133 0.000000 285.075958 0.000000 0.464743 0.000000 -0.885446 0.492759 0.492759 0.492759
4430.326660 0.000000 252.703339 0.000000 0.612301 0.000000 -0.790625 0.499171 0.499171 0.499171
4422.872559 0.000000 197.624390 0.000000 0.821198 0.000000 -0.570643 0.480019 0.480019 0.480019
4418.098633 0.000000 225.176086 0.000000 0.596388 0.000000 -0.802697 0.501295 0.501295 0.501295
4416.696289 0.000000 275.179474 0.000000 0.631657 0.000000 -0.775248 0.506807 0.506807 0.506807
4420.613281 0.000000 210.652267 0.000000 0.361661 0.000000 -0.932310 0.509355 0.509355 0.509355
4427.593750 0.000000 240.812744 0.000000 0.585391 0.000000 -0.810751 0.528599 0.528599 0.528599
4439.979492 0.000000 229.507553 0.000000 0.164406 0.000000 -0.986393 0.506850 0.506850 0.506850
4429.487305 0.000000 192.002350 0.000000 0.531936 0.000000 -0.846785 0.495383 0.495383 0.495383
4437.332520 0.000000 217.953384 0.000000 0.230478 0.000000 -0.973078 0.561254 0.561254 0.561254
4424.487305 0.000000 250.653061 0.000000 0.283523 0.000000 -0.958965 0.556690 0.556690 0.556690
4430.434570 0.000000 227.954269 0.000000 0.689912 0.000000 -0.723893 0.541844 0.541844 0.541844
4428.892578 0.000000 217.273392 0.000000 0.351960 0.000000 -0.936015 0.569736 0.569736 0.569736
4439.660645 0.000000 221.804901 0.000000 0.615097 0.000000 -0.788451 0.522449 0.522449 0.522449
4461.261230 0.000000 246.117554 0.000000 0.801409 0.000000 -0.598117 0.495379 0.495379 0.495379
4439.909180 0.000000 207.162888 0.000000 0.242225 0.000000 -0.970220 0.536411 0.536411 0.536411
4443.717285 0.000000 225.856613 0.000000 0.752611 0.000000 -0.658465 0.485530 0.485530 0.485530
4433.047852 0.000000 215.408554 0.000000 0.288302 0.000000 -0.957540 0.554839 0.554839 0.554839
4428.754883 0.000000 249.349136 0.000000 0.737121 0.000000 -0.675761 0.495848 0.495848 0.495848
4430.349609 0.000000 206.870895 0.000000 0.282629 0.000000 -0.959229 0.506269 0.506269 0.506269
4417.531738 0.000000 248.518356 0.000000 0.453928 0.000000 -0.891038 0.505592 0.505592 0.505592
4438.157715 0.000000 223.921860 0.000000 0.191077 0.000000 -0.981575 0.550666 0.550666 0.550666
4419.433594 0.000000 191.983490 0.000000 0.515936 0.000000 -0.856627 0.499694 0.499694 0.499694
4426.902344 0.000000 285.146393 0.000000 0.696045 0.000000 -0.717998 0.518384 0.518384 0.518384
4447.117188 0.000000 217.920319 0.000000 0.768749 0.000000 -0.639551 0.487420 0.487420 0.487420
4425.375977 0.000000 262.308075 0.000000 0.486892 0.000000 -0.873462 0.539505 0.539505 0.539505
4425.854492 0.000000 225.068497 0.000000 0.758515 0.000000 -0.651655 0.528144 0.528144 0.528144
4454.022949 0.000000 198.421783 0.000000 0.815965 0.000000 -0.578102 0.506092 0.506092 0.506092
4417.452148 0.000000 263.419525 0.000000 0.200617 0.000000 -0.979670 0.517662 0.517662 0.517662
4439.071289 0.000000 210.311386 0.000000 0.547972 0.000000 -0.836497 0.517904 0.517904 0.517904
4422.925781 0.000000 259.581085 0.000000 0.816160 0.000000 -0.577826 0.498448 0.498448 0.498448
4427.423340 0.000000 234.987869 0.000000 0.687918 0.000000 -0.725788 0.536682 0.536682 0.536682
4425.204590 0.000000 286.747009 0.000000 0.234693 0.000000 -0.972070 0.557896 0.557896 0.557896
4434.626465 0.000000 284.676239 0.000000 0.214560 0.000000 -0.976711 0.524567 0.524567 0.524567
4454.138672 0.000000 206.330261 0.000000 0.307765 0.000000 -0.951462 0.533381 0.533381 0.533381
4441.000488 0.000000 200.788391 0.000000 0.671922 0.000000 -0.740622 0.515586 0.515586 0.515586
4461.724609 0.000000 243.676437 0.000000 0.653985 0.000000 -0.756508 0.499157 0.499157 0.499157
4421.783691 0.000000 225.664337 0.000000 0.269539 0.000000 -0.962990 0.544777 0.544777 0.544777
4424.083496 0.000000 270.207794 0.000000 0.724322 0.000000 -0.689462 0.498715 0.498715 0.498715
4442.039551 0.000000 223.114365 0.000000 0.798925 0.000000 -0.601431 0.487697 0.487697 0.487697
4419.009277 0.000000 278.184296 0.000000 0.240554 0.000000 -0.970636 0.527573 0.527573 0.527573
4420.465820 0.000000 271.829651 0.000000 0.056688 0.000000 -0.998392 0.579275 0.579275 0.579275
4421.555176 0.000000 234.713882 0.000000 0.606504 0.000000 -0.795080 0.507826 0.507826 0.507826
4423.499023 0.000000 235.464874 0.000000 0.042063 0.000000 -0.999115 0.570221 0.570221 0.570221
4422.842773 0.000000 241.934174 0.000000 0.333326 0.000000 -0.942812 0.528827 0.528827 0.528827
4429.154785 0.000000 280.396362 0.000000 0.360980 0.000000 -0.932573 0.545836 0.545836 0.545836
4459.987793 0.000000 274.912598 0.000000 0.799667 0.000000 -0.600444 0.496308 0.496308 0.496308
4458.725586 0.000000 201.534882 0.000000 0.626899 0.000000 -0.779100 0.510210 0.510210 0.510210
4424.076172 0.000000 263.999268 0.000000 0.523081 0.000000 -0.852283 0.535972 0.535972 0.535972
4425.388672 0.000000 233.931015 0.000000 0.191292 0.000000 -0.981533 0.587814 0.587814 0.587814
4428.129883 0.000000 224.281982 0.000000 0.109716 0.000000 -0.993963 0.645302 0.645302 0.645302
4421.735840 0.000000 231.992493 0.000000 0.150659 0.000000 -0.988586 0.552067 0.552067 0.552067
4430.480957 0.000000 218.539017 0.000000 0.764654 0.000000 -0.644441 0.528674 0.528674 0.528674
4427.129883 0.000000 246.881775 0.000000 0.059824 0.000000 -0.998209 0.567125 0.567125 0.567125
4420.852539 0.000000 277.945068 0.000000 0.400044 0.000000 -0.916496 0.535954 0.535954 0.535954
4425.096680 0.000000 221.729187 0.000000 0.703737 0.000000 -0.710460 0.531668 0.531668 0.531668
4439.422852 0.000000 216.953094 0.000000 0.597224 0.000000 -0.802074 0.523196 0.523196 0.523196
4426.529297 0.000000 243.217743 0.000000 0.591485 0.000000 -0.806316 0.527972 0.527972 0.527972
4434.175781 0.000000 226.213776 0.000000 0.299808 0.000000 -0.953999 0.552429 0.552429 0.552429
4429.438477 0.000000 237.879974 0.000000 0.057478 0.000000 -0.998347 0.597908 0.597908 0.597908
4425.621582 0.000000 240.446457 0.000000 0.712918 0.000000 -0.701248 0.506750 0.506750 0.506750
4450.400879 0.000000 197.045532 0.000000 0.216589 0.000000 -0.976263 0.557880 0.557880 0.557880
4431.700195 0.000000 216.771576 0.000000 0.415688 0.000000 -0.909507 0.562912 0.562912 0.562912
4446.204590 0.000000 211.247116 0.000000 0.346346 0.000000 -0.938107 0.544349 0.544349 0.544349
4460.658203 0.000000 197.833450 0.000000 0.757900 0.000000 -0.652370 0.517868 0.517868 0.517868
4457.393066 0.000000 263.702209 0.000000 0.292333 0.000000 -0.956317 0.564513 0.564513 0.564513
4433.432129 0.000000 220.188858 0.000000 0.330183 0.000000 -0.943917 0.601147 0.601147 0.601147
4451.526855 0.000000 200.803680 0.000000 0.699203 0.000000 -0.714923 0.534115 0.534115 0.534115
4427.000000 0.000000 236.639771 0.000000 0.741290 0.000000 -0.671185 0.520264 0.520264 0.520264
4428.003418 0.000000 218.666916 0.000000 0.761814 0.000000 -0.647795 0.529168 0.529168 0.529168
4462.869629 0.000000 192.487213 0.000000 0.097694 0.000000 -0.995216 0.617132 0.617132 0.617132
4458.762695 0.000000 195.446335 0.000000 0.744165 0.000000 -0.667996 0.528894 0.528894 0.528894
4431.225586 0.000000 222.256729 0.000000 0.336987 0.000000 -0.941509 0.604399 0.604399 0.604399
4420.305176 0.000000 299.924805 0.000000 0.817977 0.000000 -0.575251 0.454131 0.454131 0.454131
4454.300293 0.000000 288.302643 0.000000 0.560027 0.000000 -0.828475 0.467551 0.467551 0.467551
4420.964355 0.000000 291.068756 0.000000 0.077654 0.000000 -0.996980 0.520450 0.520450 0.520450
4422.872559 0.000000 293.608765 0.000000 0.093990 0.000000 -0.995573 0.516358 0.516358 0.516358
4419.433594 0.000000 287.967896 0.000000 0.583537 0.000000 -0.812087 0.493653 0.493653 0.493653
4466.784180 0.000000 208.719849 0.000000 0.332241 0.000000 -0.943194 0.452768 0.452768 0.452768
4510.077637 0.000000 263.048889 0.000000 0.661725 0.000000 -0.749746 0.464285 0.464285 0.464285
4483.260254 0.000000 254.281693 0.000000 0.158212 0.000000 -0.987405 0.462690 0.462690 0.462690
4470.484375 0.000000 265.183899 0.000000 0.353260 0.000000 -0.935525 0.459514 0.459514 0.459514
4468.365234 0.000000 277.231201 0.000000 0.464108 0.000000 -0.885778 0.462225 0.462225 0.462225
4525.726074 0.000000 231.648651 0.000000 0.614597 0.000000 -0.788841 0.528627 0.528627 0.528627
4469.167480 0.000000 204.043533 0.000000 0.163407 0.000000 -0.986559 0.472124 0.472124 0.472124
4484.712891 0.000000 227.768768 0.000000 0.789310 0.000000 -0.613995 0.475253 0.475253 0.475253
4533.559082 0.000000 232.087250 0.000000 0.607245 0.000000 -0.794515 0.507767 0.507767 0.507767
4486.289062 0.000000 224.453033 0.000000 0.153307 0.000000 -0.988179 0.497754 0.497754 0.497754
4480.330566 0.000000 231.317673 0.000000 0.534068 0.000000 -0.845442 0.511115 0.511115 0.511115
4507.715332 0.000000 260.347931 0.000000 0.703025 0.000000 -0.711165 0.483775 0.483775 0.483775
4500.880371 0.000000 261.721832 0.000000 0.706762 0.000000 -0.707452 0.504740 0.504740 0.504740
4492.610840 0.000000 254.901321 0.000000 0.707130 0.000000 -0.707083 0.493233 0.493233 0.493233
4517.001465 0.000000 240.634094 0.000000 0.003118 0.000000 -0.999995 0.509881 0.509881 0.509881
4530.449219 0.000000 236.332428 0.000000 0.735475 0.000000 -0.677551 0.494325 0.494325 0.494325
4509.335938 0.000000 247.481888 0.000000 0.369310 0.000000 -0.929306 0.545122 0.545122 0.545122
4530.243164 0.000000 241.518646 0.000000 0.681038 0.000000 -0.732248 0.481383 0.481383 0.481383
4495.125977 0.000000 261.870575 0.000000 0.452059 0.000000 -0.891988 0.527977 0.527977 0.527977
4471.267090 0.000000 201.912308 0.000000 0.607575 0.000000 -0.794262 0.479902 0.479902 0.479902
4500.735352 0.000000 254.799042 0.000000 0.700705 0.000000 -0.713451 0.515151 0.515151 0.515151
4492.349609 0.000000 267.244110 0.000000 0.186317 0.000000 -0.982490 0.498179 0.498179 0.498179
4514.197754 0.000000 252.237427 0.000000 0.746870 0.000000 -0.664970 0.477787 0.477787 0.477787
4515.388184 0.000000 247.272980 0.000000 0.822579 0.000000 -0.568651 0.477181 0.477181 0.477181
4494.126953 0.000000 249.561081 0.000000 0.062459 0.000000 -0.998048 0.511002 0.511002 0.511002
4518.892090 0.000000 223.755295 0.000000 0.091842 0.000000 -0.995774 0.519778 0.519778 0.519778
4497.325684 0.000000 253.022430 0.000000 0.403705 0.000000 -0.914889 0.520083 0.520083 0.520083
4532.188965 0.000000 239.430939 0.000000 0.700659 0.000000 -0.713496 0.483024 0.483024 0.483024
4532.768066 0.000000 234.589462 0.000000 0.526762 0.000000 -0.850013 0.509354 0.509354 0.509354
4524.528320 0.000000 229.207367 0.000000 0.220118 0.000000 -0.975473 0.551530 0.551530 0.551530
4466.086914 0.000000 236.905563 0.000000 0.031138 0.000000 -0.999515 0.553783 0.553783 0.553783
4472.395996 0.000000 225.743347 0.000000 0.202097 0.000000 -0.979365 0.502227 0.502227 0.502227
4496.479492 0.000000 250.653061 0.000000 0.268588 0.000000 -0.963255 0.521501 0.521501 0.521501
4516.881348 0.000000 237.767456 0.000000 0.627619 0.000000 -0.778520 0.494108 0.494108 0.494108
4503.780762 0.000000 247.890839 0.000000 0.775546 0.000000 -0.631291 0.498356 0.498356 0.498356
4515.709473 0.000000 225.856613 0.000000 0.392698 0.000000 -0.919668 0.531302 0.531302 0.531302
4528.632812 0.000000 227.524796 0.000000 0.682365 0.000000 -0.731011 0.511707 0.511707 0.511707
4502.071777 0.000000 244.877350 0.000000 0.141817 0.000000 -0.989893 0.563944 0.563944 0.563944
4494.917969 0.000000 259.581085 0.000000 0.082027 0.000000 -0.996630 0.563727 0.563727 0.563727
4499.415527 0.000000 234.987869 0.000000 0.410423 0.000000 -0.911895 0.580248 0.580248 0.580248
4505.627441 0.000000 250.368256 0.000000 0.562110 0.000000 -0.827062 0.537526 0.537526 0.537526
4484.445312 0.000000 242.016937 0.000000 0.297800 0.000000 -0.954628 0.528374 0.528374 0.528374
4508.928223 0.000000 240.951263 0.000000 0.162932 0.000000 -0.986637 0.587533 0.587533 0.587533
4502.907715 0.000000 262.414001 0.000000 0.439244 0.000000 -0.898368 0.508929 0.508929 0.508929
4526.811035 0.000000 229.462341 0.000000 0.709423 0.000000 -0.704783 0.506235 0.506235 0.506235
4504.615723 0.000000 234.527573 0.000000 0.759799 0.000000 -0.650158 0.539059 0.539059 0.539059
4465.464844 0.000000 239.513077 0.000000 0.186703 0.000000 -0.982417 0.544777 0.544777 0.544777
4501.732422 0.000000 225.405594 0.000000 0.782929 0.000000 -0.622111 0.521661 0.521661 0.521661
4511.636230 0.000000 253.417938 0.000000 0.064686 0.000000 -0.997906 0.537983 0.537983 0.537983
4507.354980 0.000000 222.805786 0.000000 0.363886 0.000000 -0.931444 0.572513 0.572513 0.572513
4508.604492 0.000000 227.388550 0.000000 0.817523 0.000000 -0.575897 0.528598 0.528598 0.528598
4512.505859 0.000000 237.269913 0.000000 0.085564 0.000000 -0.996333 0.561787 0.561787 0.561787
4475.422852 0.000000 229.013092 0.000000 0.427240 0.000000 -0.904138 0.522320 0.522320 0.522320
4499.795410 0.000000 259.771637 0.000000 0.127540 0.000000 -0.991833 0.573198 0.573198 0.573198
4495.491211 0.000000 235.464874 0.000000 0.213858 0.000000 -0.976865 0.564193 0.564193 0.564193
4503.863770 0.000000 223.626648 0.000000 0.084843 0.000000 -0.996394 0.596896 0.596896 0.596896
4496.068359 0.000000 263.999268 0.000000 0.540464 0.000000 -0.841367 0.516271 0.516271 0.516271
4497.380859 0.000000 233.931015 0.000000 0.333640 0.000000 -0.942701 0.579960 0.579960 0.579960
4483.355469 0.000000 240.302811 0.000000 0.432351 0.000000 -0.901706 0.537107 0.537107 0.537107
4512.815918 0.000000 239.680618 0.000000 0.728636 0.000000 -0.684901 0.501704 0.501704 0.501704
4488.214844 0.000000 236.722855 0.000000 0.729823 0.000000 -0.683636 0.509196 0.509196 0.509196
4478.968262 0.000000 240.155090 0.000000 0.266920 0.000000 -0.963719 0.568354 0.568354 0.568354
4508.027832 0.000000 234.351013 0.000000 0.586855 0.000000 -0.809692 0.570853 0.570853 0.570853
4497.779785 0.000000 231.369232 0.000000 0.511039 0.000000 -0.859557 0.544130 0.544130 0.544130
4484.606445 0.000000 235.418472 0.000000 0.461700 0.000000 -0.887036 0.534563 0.534563 0.534563
4490.273438 0.000000 233.816711 0.000000 0.379311 0.000000 -0.925269 0.548244 0.548244 0.548244
4499.009766 0.000000 261.509155 0.000000 0.516714 0.000000 -0.856158 0.527363 0.527363 0.527363
4486.030762 0.000000 238.196838 0.000000 0.074287 0.000000 -0.997237 0.562639 0.562639 0.562639
4506.167969 0.000000 226.213776 0.000000 0.798983 0.000000 -0.601353 0.533357 0.533357 0.533357
4534.737793 0.000000 224.412750 0.000000 0.638028 0.000000 -0.770013 0.527014 0.527014 0.527014
4502.230469 0.000000 243.090530 0.000000 0.628472 0.000000 -0.777832 0.530098 0.530098 0.530098
4466.429199 0.000000 244.933380 0.000000 0.728258 0.000000 -0.685303 0.511072 0.511072 0.511072
4505.607422 0.000000 229.617096 0.000000 0.144218 0.000000 -0.989546 0.639050 0.639050 0.639050
4509.690918 0.000000 225.771912 0.000000 0.467038 0.000000 -0.884237 0.575534 0.575534 0.575534
4496.617676 0.000000 232.494247 0.000000 0.404797 0.000000 -0.914407 0.571871 0.571871 0.571871
4511.216309 0.000000 225.463425 0.000000 0.006635 0.000000 -0.999978 0.613424 0.613424 0.613424
4507.681641 0.000000 229.100311 0.000000 0.569120 0.000000 -0.822254 0.576890 0.576890 0.576890
4466.138184 0.000000 191.973312 0.000000 0.670650 0.000000 -0.741774 0.542949 0.542949 0.542949
4502.551270 0.000000 229.410538 0.000000 0.807983 0.000000 -0.589206 0.533527 0.533527 0.533527
4505.009766 0.000000 230.860397 0.000000 0.552735 0.000000 -0.833357 0.579492 0.579492 0.579492
4575.078613 0.000000 273.922729 0.000000 0.727127 0.000000 -0.686503 0.458501 0.458501 0.458501
4573.009766 0.000000 246.934235 0.000000 0.085298 0.000000 -0.996356 0.465019 0.465019 0.465019
4593.414551 0.000000 192.007370 0.000000 0.436847 0.000000 -0.899536 0.456284 0.456284 0.456284
4577.359375 0.000000 222.042435 0.000000 0.798199 0.000000 -0.602394 0.455084 0.455084 0.455084
4594.324707 0.000000 285.253235 0.000000 0.481677 0.000000 -0.876349 0.466801 0.466801 0.466801
4539.682617 0.000000 243.504776 0.000000 0.821830 0.000000 -0.569733 0.454767 0.454767 0.454767
4536.429199 0.000000 224.875778 0.000000 0.702848 0.000000 -0.711340 0.518461 0.518461 0.518461
4598.932617 0.000000 278.830811 0.000000 0.057531 0.000000 -0.998344 0.529902 0.529902 0.529902
4600.707520 0.000000 222.066696 0.000000 0.305637 0.000000 -0.952148 0.468405 0.468405 0.468405
4581.813965 0.000000 192.453812 0.000000 0.191609 0.000000 -0.981471 0.474770 0.474770 0.474770
4593.306152 0.000000 281.031708 0.000000 0.093800 0.000000 -0.995591 0.471569 0.471569 0.471569
4578.945801 0.000000 265.440094 0.000000 0.727617 0.000000 -0.685984 0.495012 0.495012 0.495012
4551.049805 0.000000 238.259598 0.000000 0.800457 0.000000 -0.599390 0.485382 0.485382 0.485382
4602.880859 0.000000 283.560547 0.000000 0.803594 0.000000 -0.595178 0.487958 0.487958 0.487958
4576.625488 0.000000 263.699341 0.000000 0.053440 0.000000 -0.998571 0.525004 0.525004 0.525004
4543.052734 0.000000 229.242950 0.000000 0.680276 0.000000 -0.732956 0.523013 0.523013 0.523013
4584.983887 0.000000 264.597900 0.000000 0.699888 0.000000 -0.714253 0.515245 0.515245 0.515245
4551.576660 0.000000 242.044846 0.000000 0.275015 0.000000 -0.961440 0.490648 0.490648 0.490648
4538.148926 0.000000 232.209396 0.000000 0.209608 0.000000 -0.977785 0.523318 0.523318 0.523318
4541.670410 0.000000 218.893860 0.000000 0.713408 0.000000 -0.700749 0.487509 0.487509 0.487509
4548.148926 0.000000 238.139099 0.000000 0.459379 0.000000 -0.888241 0.512653 0.512653 0.512653
4588.746582 0.000000 262.163544 0.000000 0.069748 0.000000 -0.997565 0.576471 0.576471 0.576471
4586.328613 0.000000 270.236542 0.000000 0.770818 0.000000 -0.637056 0.480261 0.480261 0.480261
4607.043945 0.000000 259.783630 0.000000 0.553984 0.000000 -0.832527 0.506359 0.506359 0.506359
4581.316895 0.000000 217.953384 0.000000 0.524798 0.000000 -0.851227 0.500337 0.500337 0.500337
4553.838379 0.000000 192.100647 0.000000 0.593326 0.000000 -0.804962 0.497300 0.497300 0.497300
4583.486328 0.000000 269.267822 0.000000 0.765158 0.000000 -0.643843 0.489293 0.489293 0.489293
4591.316406 0.000000 270.346741 0.000000 0.536350 0.000000 -0.843996 0.497406 0.497406 0.497406
4579.777832 0.000000 213.847122 0.000000 0.576487 0.000000 -0.817106 0.506945 0.506945 0.506945
4577.032227 0.000000 215.408554 0.000000 0.241169 0.000000 -0.970483 0.512625 0.512625 0.512625
4599.150391 0.000000 281.243378 0.000000 0.623173 0.000000 -0.782084 0.494390 0.494390 0.494390
4591.180664 0.000000 263.123657 0.000000 0.066445 0.000000 -0.997790 0.583510 0.583510 0.583510
4552.644043 0.000000 233.622253 0.000000 0.533916 0.000000 -0.845538 0.516785 0.516785 0.516785
4583.486816 0.000000 256.493927 0.000000 0.471309 0.000000 -0.881968 0.541001 0.541001 0.541001
4599.765137 0.000000 200.624588 0.000000 0.341047 0.000000 -0.940046 0.520059 0.520059 0.520059
4577.926270 0.000000 204.097000 0.000000 0.265507 0.000000 -0.964109 0.555322 0.555322 0.555322
4540.378418 0.000000 228.176270 0.000000 0.539363 0.000000 -0.842073 0.530978 0.530978 0.530978
4604.842773 0.000000 207.545425 0.000000 0.796271 0.000000 -0.604940 0.490874 0.490874 0.490874
4596.198242 0.000000 202.343094 0.000000 0.538258 0.000000 -0.842780 0.511940 0.511940 0.511940
4602.333008 0.000000 211.001556 0.000000 0.233205 0.000000 -0.972427 0.522013 0.522013 0.522013
4599.874512 0.000000 273.662109 0.000000 0.019680 0.000000 -0.999806 0.554556 0.554556 0.554556
4571.263672 0.000000 203.341125 0.000000 0.639304 0.000000 -0.768954 0.517013 0.517013 0.517013
4583.939941 0.000000 261.982025 0.000000 0.523250 0.000000 -0.852179 0.532517 0.532517 0.532517
4605.961914 0.000000 272.118256 0.000000 0.030906 0.000000 -0.999522 0.572829 0.572829 0.572829
4570.283691 0.000000 195.580109 0.000000 0.157806 0.000000 -0.987470 0.532507 0.532507 0.532507
4589.680664 0.000000 256.122437 0.000000 0.601466 0.000000 -0.798898 0.516541 0.516541 0.516541
4595.106934 0.000000 209.375275 0.000000 0.331755 0.000000 -0.943366 0.541397 0.541397 0.541397
4546.706543 0.000000 226.205872 0.000000 0.646811 0.000000 -0.762650 0.509443 0.509443 0.509443
4562.933105 0.000000 202.386032 0.000000 0.445344 0.000000 -0.895359 0.526016 0.526016 0.526016
4594.712891 0.000000 207.268173 0.000000 0.488616 0.000000 -0.872499 0.525045 0.525045 0.525045
4600.895020 0.000000 279.174286 0.000000 0.735260 0.000000 -0.677786 0.498528 0.498528 0.498528
4606.100098 0.000000 269.458527 0.000000 0.458363 0.000000 -0.888765 0.531165 0.531165 0.531165
4570.534180 0.000000 206.335571 0.000000 0.400973 0.000000 -0.916090 0.534578 0.534578 0.534578
4595.169434 0.000000 269.338440 0.000000 0.212377 0.000000 -0.977188 0.538408 0.538408 0.538408
4545.518555 0.000000 224.038940 0.000000 0.732044 0.000000 -0.681257 0.500520 0.500520 0.500520
4573.080078 0.000000 203.140503 0.000000 0.513205 0.000000 -0.858266 0.527671 0.527671 0.527671
4604.801758 0.000000 263.824860 0.000000 0.667484 0.000000 -0.744625 0.518887 0.518887 0.518887
4580.563477 0.000000 210.105301 0.000000 0.236390 0.000000 -0.971658 0.550272 0.550272 0.550272
4582.347656 0.000000 258.573273 0.000000 0.568751 0.000000 -0.822510 0.531378 0.531378 0.531378
4585.772461 0.000000 206.673447 0.000000 0.216194 0.000000 -0.976350 0.571591 0.571591 0.571591
4544.258789 0.000000 230.702469 0.000000 0.176511 0.000000 -0.984299 0.568967 0.568967 0.568967
4584.956543 0.000000 260.452026 0.000000 0.161969 0.000000 -0.986796 0.563899 0.563899 0.563899
4576.797852 0.000000 207.511948 0.000000 0.405506 0.000000 -0.914092 0.552355 0.552355 0.552355
4588.925293 0.000000 214.544952 0.000000 0.148206 0.000000 -0.988957 0.579405 0.579405 0.579405
4464.617676 0.000000 288.566376 0.000000 0.349071 0.000000 -0.937096 0.451364 0.451364 0.451364
4601.508301 0.000000 290.535370 0.000000 0.295958 0.000000 -0.955201 0.462844 0.462844 0.462844
4487.102539 0.000000 472.514160 0.000000 0.328158 0.000000 -0.944623 0.452778 0.452778 0.452778
4483.493652 0.000000 464.610809 0.000000 0.008199 0.000000 -0.999966 0.465799 0.465799 0.465799
4496.782227 0.000000 402.353577 0.000000 0.687002 0.000000 -0.726656 0.472846 0.472846 0.472846
4496.828125 0.000000 434.191010 0.000000 0.487291 0.000000 -0.873240 0.508452 0.508452 0.508452
4493.776855 0.000000 421.868958 0.000000 0.729231 0.000000 -0.684268 0.458466 0.458466 0.458466
4506.439941 0.000000 440.070526 0.000000 0.727854 0.000000 -0.685732 0.523853 0.523853 0.523853
4489.871094 0.000000 432.782288 0.000000 0.649596 0.000000 -0.760280 0.599437 0.599437 0.599437
4503.842773 0.000000 434.102997 0.000000 0.352809 0.000000 -0.935695 0.473114 0.473114 0.473114
4514.109863 0.000000 422.964081 0.000000 0.092141 0.000000 -0.995746 0.631054 0.631054 0.631054
4478.181152 0.000000 445.383270 0.000000 0.574122 0.000000 -0.818770 0.540525 0.540525 0.540525
4501.056152 0.000000 411.846130 0.000000 0.817473 0.000000 -0.575966 0.561018 0.561018 0.561018
4520.936523 0.000000 460.234131 0.000000 0.117982 0.000000 -0.993016 0.591971 0.591971 0.591971
4513.766113 0.000000 433.413361 0.000000 0.177176 0.000000 -0.984179 0.578297 0.578297 0.578297
4512.198730 0.000000 463.790802 0.000000 0.072378 0.000000 -0.997377 0.522383 0.522383 0.522383
4490.068848 0.000000 457.586517 0.000000 0.582348 0.000000 -0.812940 0.522512 0.522512 0.522512
4532.780273 0.000000 448.407562 0.000000 0.800368 0.000000 -0.599509 0.509224 0.509224 0.509224
4506.802734 0.000000 444.278748 0.000000 0.512629 0.000000 -0.858610 0.610083 0.610083 0.610083
4480.330566 0.000000 423.286438 0.000000 0.432555 0.000000 -0.901607 0.497962 0.497962 0.497962
4470.795410 0.000000 448.580292 0.000000 0.155580 0.000000 -0.987823 0.647062 0.647062 0.647062
4491.963867 0.000000 418.948120 0.000000 0.140280 0.000000 -0.990112 0.488558 0.488558 0.488558
4485.589355 0.000000 462.268921 0.000000 0.498007 0.000000 -0.867173 0.560831 0.560831 0.560831
4492.087891 0.000000 425.290375 0.000000 0.116027 0.000000 -0.993246 0.552946 0.552946 0.552946
4530.563965 0.000000 442.861603 0.000000 0.062557 0.000000 -0.998041 0.731267 0.731267 0.731267
4506.573730 0.000000 419.985535 0.000000 0.261221 0.000000 -0.965279 0.577698 0.577698 0.577698
4502.540039 0.000000 431.396759 0.000000 0.290531 0.000000 -0.956866 0.487272 0.487272 0.487272
4514.186035 0.000000 436.266022 0.000000 0.364499 0.000000 -0.931204 0.627613 0.627613 0.627613
4514.836426 0.000000 425.725037 0.000000 0.646753 0.000000 -0.762700 0.480211 0.480211 0.480211
4492.349609 0.000000 459.212860 0.000000 0.322085 0.000000 -0.946711 0.526796 0.526796 0.526796
4483.230469 0.000000 412.755371 0.000000 0.403409 0.000000 -0.915020 0.546067 0.546067 0.546067
4512.072754 0.000000 427.177948 0.000000 0.297770 0.000000 -0.954638 0.536927 0.536927 0.536927
4516.389160 0.000000 421.535187 0.000000 0.377001 0.000000 -0.926213 0.584373 0.584373 0.584373
4506.550293 0.000000 434.451324 0.000000 0.289981 0.000000 -0.957032 0.663693 0.663693 0.663693
4469.187500 0.000000 454.342560 0.000000 0.275534 0.000000 -0.961291 0.589306 0.589306 0.589306
4499.133301 0.000000 472.293610 0.000000 0.752304 0.000000 -0.658816 0.475857 0.475857 0.475857
4506.872559 0.000000 422.751434 0.000000 0.298612 0.000000 -0.954375 0.702054 0.702054 0.702054
4497.661621 0.000000 404.689331 0.000000 0.316441 0.000000 -0.948612 0.580477 0.580477 0.580477
4485.782227 0.000000 465.708252 0.000000 0.368249 0.000000 -0.929727 0.526438 0.526438 0.526438
4511.061035 0.000000 433.575470 0.000000 0.783972 0.000000 -0.620797 0.567380 0.567380 0.567380
4506.952637 0.000000 454.631653 0.000000 0.787897 0.000000 -0.615807 0.518568 0.518568 0.518568
4519.188477 0.000000 455.092407 0.000000 0.303432 0.000000 -0.952853 0.503898 0.503898 0.503898
4534.693848 0.000000 446.591461 0.000000 0.277742 0.000000 -0.960656 0.707837 0.707837 0.707837
4508.678223 0.000000 424.523285 0.000000 0.657473 0.000000 -0.753478 0.636942 0.636942 0.636942
4503.384277 0.000000 412.693268 0.000000 0.269745 0.000000 -0.962932 0.600160 0.600160 0.600160
4494.146973 0.000000 411.058228 0.000000 0.063480 0.000000 -0.997983 0.683681 0.683681 0.683681
4498.921387 0.000000 412.625366 0.000000 0.806238 0.000000 -0.591592 0.508317 0.508317 0.508317
4495.617676 0.000000 404.216553 0.000000 0.347803 0.000000 -0.937568 0.589294 0.589294 0.589294
4512.505859 0.000000 429.238678 0.000000 0.340849 0.000000 -0.940118 0.542055 0.542055 0.542055
4508.924805 0.000000 456.759796 0.000000 0.793321 0.000000 -0.608804 0.511034 0.511034 0.511034
4532.849609 0.000000 442.529175 0.000000 0.545469 0.000000 -0.838131 0.630879 0.630879 0.630879
4492.458008 0.000000 463.798431 0.000000 0.658360 0.000000 -0.752704 0.548608 0.548608 0.548608
4476.893555 0.000000 452.527618 0.000000 0.481510 0.000000 -0.876441 0.610842 0.610842 0.610842
4468.965820 0.000000 449.564758 0.000000 0.483107 0.000000 -0.875562 0.563835 0.563835 0.563835
4504.936523 0.000000 435.679474 0.000000 0.124099 0.000000 -0.992270 0.571870 0.571870 0.571870
4508.027832 0.000000 426.319763 0.000000 0.706425 0.000000 -0.707788 0.622270 0.622270 0.622270
4527.466309 0.000000 446.305664 0.000000 0.762433 0.000000 -0.647067 0.543291 0.543291 0.543291
4506.133789 0.000000 409.689117 0.000000 0.778582 0.000000 -0.627543 0.592520 0.592520 0.592520
4506.167969 0.000000 418.182556 0.000000 0.462538 0.000000 -0.886600 0.556531 0.556531 0.556531
4534.601562 0.000000 449.096649 0.000000 0.168875 0.000000 -0.985638 0.613703 0.613703 0.613703
4488.666016 0.000000 404.032959 0.000000 0.117153 0.000000 -0.993114 0.567561 0.567561 0.567561
4510.505859 0.000000 426.309937 0.000000 0.686443 0.000000 -0.727184 0.578976 0.578976 0.578976
4493.557617 0.000000 430.394440 0.000000 0.190570 0.000000 -0.981674 0.694788 0.694788 0.694788
4504.071777 0.000000 430.549194 0.000000 0.506420 0.000000 -0.862287 0.560972 0.560972 0.560972
4495.877441 0.000000 474.954468 0.000000 0.668883 0.000000 -0.743368 0.536623 0.536623 0.536623
4512.143066 0.000000 458.065491 0.000000 0.760357 0.000000 -0.649506 0.562777 0.562777 0.562777
4525.872070 0.000000 441.526123 0.000000 0.383067 0.000000 -0.923720 0.649782 0.649782 0.649782
4497.674805 0.000000 411.422607 0.000000 0.508872 0.000000 -0.860842 0.620079 0.620079 0.620079
4515.456055 0.000000 437.564880 0.000000 0.354259 0.000000 -0.935147 0.629240 0.629240 0.629240
4490.731934 0.000000 424.284668 0.000000 0.662429 0.000000 -0.749125 0.582226 0.582226 0.582226
4507.681641 0.000000 421.069092 0.000000 0.293269 0.000000 -0.956030 0.654535 0.654535 0.654535
4488.792969 0.000000 439.120117 0.000000 0.023182 0.000000 -0.999731 0.735140 0.735140 0.735140
4507.744141 0.000000 435.696228 0.000000 0.717320 0.000000 -0.696743 0.579035 0.579035 0.579035
4477.071289 0.000000 446.508942 0.000000 0.374101 0.000000 -0.927388 0.607406 0.607406 0.607406
4517.739258 0.000000 420.674500 0.000000 0.596637 0.000000 -0.802511 0.555695 0.555695 0.555695
4517.736328 0.000000 455.250641 0.000000 0.093197 0.000000 -0.995648 0.624284 0.624284 0.624284
4492.791504 0.000000 431.629883 0.000000 0.592736 0.000000 -0.805397 0.616205 0.616205 0.616205
4507.660156 0.000000 433.573883 0.000000 0.282704 0.000000 -0.959207 0.689490 0.689490 0.689490
4516.524902 0.000000 438.397186 0.000000 0.331263 0.000000 -0.943538 0.652266 0.652266 0.652266
4508.664062 0.000000 408.769104 0.000000 0.602549 0.000000 -0.798082 0.620262 0.620262 0.620262
4508.127930 0.000000 428.138336 0.000000 0.601580 0.000000 -0.798813 0.652712 0.652712 0.652712
4477.229492 0.000000 449.242096 0.000000 0.552261 0.000000 -0.833671 0.662622 0.662622 0.662622
4529.442383 0.000000 447.065613 0.000000 0.512558 0.000000 -0.858653 0.600814 0.600814 0.600814
4515.371094 0.000000 416.459625 0.000000 0.431348 0.000000 -0.902185 0.696414 0.696414 0.696414
4515.288086 0.000000 454.455383 0.000000 0.487605 0.000000 -0.873065 0.652722 0.652722 0.652722
4488.356445 0.000000 443.311798 0.000000 0.699710 0.000000 -0.714427 0.624339 0.624339 0.624339
4490.067383 0.000000 441.688232 0.000000 0.092505 0.000000 -0.995712 0.762199 0.762199 0.762199
4471.490234 0.000000 451.574280 0.000000 0.122576 0.000000 -0.992459 0.767197 0.767197 0.767197
4510.623047 0.000000 449.332916 0.000000 0.654232 0.000000 -0.756294 0.597416 0.597416 0.597416
4506.125000 0.000000 408.000061 0.000000 0.448718 0.000000 -0.893673 0.682241 0.682241 0.682241
4488.594238 0.000000 427.517761 0.000000 0.236522 0.000000 -0.971626 0.741807 0.741807 0.741807
4491.875488 0.000000 443.077026 0.000000 0.070342 0.000000 -0.997523 0.728126 0.728126 0.728126
4513.446289 0.000000 420.678833 0.000000 0.034848 0.000000 -0.999393 0.784756 0.784756 0.784756
4487.286621 0.000000 419.452271 0.000000 0.576171 0.000000 -0.817330 0.624129 0.624129 0.624129
4510.840332 0.000000 421.826172 0.000000 0.037896 0.000000 -0.999282 0.785814 0.785814 0.785814
4531.779297 0.000000 443.007111 0.000000 0.066404 0.000000 -0.997793 0.730548 0.730548 0.730548
4487.310547 0.000000 427.942474 0.000000 0.280412 0.000000 -0.959880 0.694272 0.694272 0.694272
4507.167969 0.000000 451.320190 0.000000 0.488613 0.000000 -0.872501 0.652502 0.652502 0.652502
4508.380371 0.000000 431.914459 0.000000 0.519623 0.000000 -0.854396 0.674415 0.674415 0.674415
4488.619629 0.000000 429.714294 0.000000 0.655874 0.000000 -0.754871 0.637407 0.637407 0.637407
4508.838379 0.000000 450.169983 0.000000 0.234269 0.000000 -0.972172 0.742315 0.742315 0.742315
4485.989258 0.000000 421.263245 0.000000 0.638204 0.000000 -0.769868 0.642484 0.642484 0.642484
4517.607910 0.000000 443.823120 0.000000 0.388924 0.000000 -0.921270 0.701343 0.701343 0.701343
4522.413086 0.000000 443.398865 0.000000 0.803832 0.000000 -0.594857 0.589568 0.589568 0.589568
4485.568848 0.000000 419.098083 0.000000 0.633053 0.000000 -0.774109 0.643946 0.643946 0.643946
4511.487793 0.000000 439.314331 0.000000 0.534981 0.000000 -0.844864 0.738287 0.738287 0.738287
4514.035645 0.000000 441.490295 0.000000 0.315713 0.000000 -0.948855 0.789731 0.789731 0.789731
4540.971191 0.000000 445.671204 0.000000 0.383681 0.000000 -0.923466 0.506860 0.506860 0.506860
4539.095703 0.000000 448.586151 0.000000 0.205399 0.000000 -0.978678 0.549599 0.549599 0.549599
4539.823730 0.000000 442.803955 0.000000 0.259638 0.000000 -0.965706 0.576389 0.576389 0.576389
4535.533691 0.000000 442.527740 0.000000 0.250083 0.000000 -0.968224 0.666188 0.666188 0.666188
4537.608398 0.000000 443.662018 0.000000 0.199996 0.000000 -0.979797 0.656158 0.656158 0.656158
4537.353516 0.000000 448.503906 0.000000 0.055862 0.000000 -0.998438 0.630403 0.630403 0.630403
4538.205566 0.000000 447.318237 0.000000 0.625612 0.000000 -0.780134 0.567626 0.567626 0.567626
4536.195312 0.000000 443.702454 0.000000 0.139566 0.000000 -0.990213 0.665391 0.665391 0.665391
4005.028320 0.000000 1229.006348 0.000000 0.215562 0.000000 -0.976490 0.504742 0.504742 0.504742
3996.236816 0.000000 1232.642212 0.000000 0.633633 0.000000 -0.773634 0.490744 0.490744 0.490744
3997.201660 0.000000 1240.240234 0.000000 0.319201 0.000000 -0.947687 0.554978 0.554978 0.554978
4006.957275 0.000000 1233.006226 0.000000 0.636896 0.000000 -0.770950 0.586483 0.586483 0.586483
4082.530029 0.000000 1292.522339 0.000000 0.484414 0.000000 -0.874839 0.497863 0.497863 0.497863
4173.985840 0.000000 1261.358154 0.000000 0.593548 0.000000 -0.804798 0.476270 0.476270 0.476270
4176.924805 0.000000 1240.340698 0.000000 0.534462 0.000000 -0.845192 0.487330 0.487330 0.487330
4179.957520 0.000000 1242.614868 0.000000 0.533227 0.000000 -0.845972 0.555357 0.555357 0.555357
4186.443359 0.000000 1321.688232 0.000000 0.348117 0.000000 -0.937451 0.505975 0.505975 0.505975
4176.853516 0.000000 1254.911255 0.000000 0.338054 0.000000 -0.941127 0.543655 0.543655 0.543655
4187.320312 0.000000 1319.838501 0.000000 0.520684 0.000000 -0.853749 0.567244 0.567244 0.567244
4186.129395 0.000000 1318.757324 0.000000 0.500320 0.000000 -0.865840 0.569958 0.569958 0.569958
4082.808838 0.000000 1365.814941 0.000000 0.311236 0.000000 -0.950333 0.464091 0.464091 0.464091
4098.334961 0.000000 1533.793457 0.000000 0.447409 0.000000 -0.894329 0.687523 0.687523 0.687523
4140.687988 0.000000 1501.041626 0.000000 0.404693 0.000000 -0.914453 0.609485 0.609485 0.609485
4116.981934 0.000000 1529.089844 0.000000 0.706706 0.000000 -0.707507 0.644258 0.644258 0.644258
4117.691406 0.000000 1529.895752 0.000000 0.597653 0.000000 -0.801755 0.679913 0.679913 0.679913
4208.408691 0.000000 1477.550049 0.000000 0.664242 0.000000 -0.747518 0.599870 0.599870 0.599870
4208.185547 0.000000 1482.133545 0.000000 0.120182 0.000000 -0.992752 0.681369 0.681369 0.681369
2560.651855 0.000000 1916.200073 0.000000 0.388420 0.000000 -0.921483 0.469748 0.469748 0.469748
2566.853516 0.000000 1907.446289 0.000000 0.354558 0.000000 -0.935034 0.540954 0.540954 0.540954
2578.644775 0.000000 1908.500732 0.000000 0.072405 0.000000 -0.997375 0.465150 0.465150 0.465150
2578.543457 0.000000 1916.987793 0.000000 0.683703 0.000000 -0.729760 0.458271 0.458271 0.458271
2562.435303 0.000000 1910.817627 0.000000 0.613612 0.000000 -0.789607 0.587018 0.587018 0.587018
2562.065918 0.000000 1907.616089 0.000000 0.348976 0.000000 -0.937132 0.514118 0.514118 0.514118
2572.498291 0.000000 1910.584106 0.000000 0.244252 0.000000 -0.969712 0.616600 0.616600 0.616600
2565.828613 0.000000 1912.603516 0.000000 0.098089 0.000000 -0.995178 0.833805 0.833805 0.833805
2578.804688 0.000000 1914.682129 0.000000 0.461757 0.000000 -0.887006 0.501470 0.501470 0.501470
2569.419678 0.000000 1913.746826 0.000000 0.334420 0.000000 -0.942424 0.676586 0.676586 0.676586
2567.699707 0.000000 1919.224976 0.000000 0.537032 0.000000 -0.843562 0.534585 0.534585 0.534585
2569.365967 0.000000 1917.184082 0.000000 0.519524 0.000000 -0.854456 0.638760 0.638760 0.638760
2569.358154 0.000000 1910.561401 0.000000 0.120206 0.000000 -0.992749 0.709064 0.709064 0.709064
2571.301270 0.000000 1917.162354 0.000000 0.465873 0.000000 -0.884852 0.669647 0.669647 0.669647
2573.701660 0.000000 1914.570312 0.000000 0.107536 0.000000 -0.994201 0.798456 0.798456 0.798456
2571.239014 0.000000 1913.967285 0.000000 0.384177 0.000000 -0.923260 0.588780 0.588780 0.588780
2565.931152 0.000000 1915.155762 0.000000 0.812370 0.000000 -0.583143 0.524142 0.524142 0.524142
2567.026855 0.000000 1915.927002 0.000000 0.655107 0.000000 -0.755536 0.575086 0.575086 0.575086
2565.045410 0.000000 1911.491821 0.000000 0.507555 0.000000 -0.861619 0.717162 0.717162 0.717162
2564.828125 0.000000 1912.454224 0.000000 0.329282 0.000000 -0.944232 0.771956 0.771956 0.771956
2597.182373 0.000000 1885.436890 0.000000 0.185053 0.000000 -0.982729 0.625783 0.625783 0.625783
2625.566162 0.000000 1906.831543 0.000000 0.059290 0.000000 -0.998241 0.470377 0.470377 0.470377
2620.157959 0.000000 1911.892212 0.000000 0.711285 0.000000 -0.702903 0.471892 0.471892 0.471892
2598.877441 0.000000 1882.681885 0.000000 0.630082 0.000000 -0.776529 0.503941 0.503941 0.503941
2596.034912 0.000000 1882.569702 0.000000 0.618634 0.000000 -0.785679 0.544429 0.544429 0.544429
2611.951904 0.000000 1891.288330 0.000000 0.727536 0.000000 -0.686070 0.489922 0.489922 0.489922
2614.052490 0.000000 1910.275024 0.000000 0.543820 0.000000 -0.839202 0.659205 0.659205 0.659205
2621.188477 0.000000 1906.582642 0.000000 0.760613 0.000000 -0.649205 0.510326 0.510326 0.510326
2606.741699 0.000000 1889.420288 0.000000 0.149988 0.000000 -0.988688 0.692526 0.692526 0.692526
2610.931152 0.000000 1902.602783 0.000000 0.243289 0.000000 -0.969954 0.665849 0.665849 0.665849
2610.661377 0.000000 1908.248291 0.000000 0.450156 0.000000 -0.892950 0.623617 0.623617 0.623617
2595.563232 0.000000 1884.257935 0.000000 0.805435 0.000000 -0.592683 0.546214 0.546214 0.546214
2602.135498 0.000000 1886.585449 0.000000 0.100529 0.000000 -0.994934 0.672963 0.672963 0.672963
2615.126221 0.000000 1906.740601 0.000000 0.732862 0.000000 -0.680377 0.580301 0.580301 0.580301
2598.896484 0.000000 1886.447266 0.000000 0.722014 0.000000 -0.691878 0.538416 0.538416 0.538416
2608.281494 0.000000 1892.090942 0.000000 0.052559 0.000000 -0.998618 0.685377 0.685377 0.685377
2592.085693 0.000000 1880.733521 0.000000 0.347932 0.000000 -0.937520 0.593375 0.593375 0.593375
2608.199219 0.000000 1902.176025 0.000000 0.764753 0.000000 -0.644324 0.547534 0.547534 0.547534
2613.921387 0.000000 1911.778076 0.000000 0.773204 0.000000 -0.634158 0.582735 0.582735 0.582735
2613.381104 0.000000 1906.804688 0.000000 0.304267 0.000000 -0.952587 0.726387 0.726387 0.726387
2603.484131 0.000000 1887.352295 0.000000 0.010195 0.000000 -0.999948 0.686689 0.686689 0.686689
2610.354980 0.000000 1904.030029 0.000000 0.007200 0.000000 -0.999974 0.732815 0.732815 0.732815
2610.771729 0.000000 1907.049316 0.000000 0.543541 0.000000 -0.839383 0.639131 0.639131 0.639131
2573.956299 0.000000 1954.887451 0.000000 0.609796 0.000000 -0.792559 0.485978 0.485978 0.485978
2587.097900 0.000000 1943.950073 0.000000 0.604775 0.000000 -0.796396 0.501752 0.501752 0.501752
2581.512695 0.000000 1942.128540 0.000000 0.690152 0.000000 -0.723665 0.492722 0.492722 0.492722
2568.624268 0.000000 1952.181763 0.000000 0.103765 0.000000 -0.994602 0.629623 0.629623 0.629623
2577.499268 0.000000 1944.545288 0.000000 0.169405 0.000000 -0.985547 0.667138 0.667138 0.667138
2567.273193 0.000000 1960.394653 0.000000 0.694527 0.000000 -0.719466 0.561869 0.561869 0.561869
2570.084961 0.000000 1955.292725 0.000000 0.184748 0.000000 -0.982786 0.504458 0.504458 0.504458
2571.397705 0.000000 1945.729370 0.000000 0.153709 0.000000 -0.988116 0.820781 0.820781 0.820781
2572.905273 0.000000 1922.891357 0.000000 0.267256 0.000000 -0.963626 0.587312 0.587312 0.587312
2572.184326 0.000000 1925.571167 0.000000 0.785285 0.000000 -0.619134 0.492003 0.492003 0.492003
2578.411133 0.000000 1946.791382 0.000000 0.246591 0.000000 -0.969120 0.543542 0.543542 0.543542
2575.902100 0.000000 1942.104370 0.000000 0.437656 0.000000 -0.899142 0.668508 0.668508 0.668508
2560.716553 0.000000 1959.920654 0.000000 0.778731 0.000000 -0.627358 0.501045 0.501045 0.501045
2569.287598 0.000000 1960.479858 0.000000 0.817679 0.000000 -0.575674 0.513402 0.513402 0.513402
2581.707520 0.000000 1949.697388 0.000000 0.286652 0.000000 -0.958035 0.542037 0.542037 0.542037
2573.585938 0.000000 1952.704834 0.000000 0.689745 0.000000 -0.724053 0.575526 0.575526 0.575526
2581.923096 0.000000 1946.507690 0.000000 0.038467 0.000000 -0.999260 0.641084 0.641084 0.641084
2570.330566 0.000000 1952.720337 0.000000 0.805952 0.000000 -0.591980 0.544659 0.544659 0.544659
2577.018555 0.000000 1946.056152 0.000000 0.178233 0.000000 -0.983988 0.682946 0.682946 0.682946
2568.788818 0.000000 1950.698120 0.000000 0.598288 0.000000 -0.801281 0.563814 0.563814 0.563814
2572.896240 0.000000 1939.322632 0.000000 0.200730 0.000000 -0.979647 0.842102 0.842102 0.842102
2571.341553 0.000000 1949.883179 0.000000 0.726190 0.000000 -0.687494 0.630541 0.630541 0.630541
2565.488525 0.000000 1961.509277 0.000000 0.566975 0.000000 -0.823735 0.576145 0.576145 0.576145
2574.467529 0.000000 1942.381958 0.000000 0.165267 0.000000 -0.986249 0.724604 0.724604 0.724604
2571.582031 0.000000 1952.209717 0.000000 0.017760 0.000000 -0.999842 0.682052 0.682052 0.682052
2574.104248 0.000000 1945.145874 0.000000 0.559648 0.000000 -0.828731 0.729843 0.729843 0.729843
2572.324707 0.000000 1936.409424 0.000000 0.076109 0.000000 -0.997100 0.787503 0.787503 0.787503
2572.267578 0.000000 1946.472534 0.000000 0.609228 0.000000 -0.792995 0.712331 0.712331 0.712331
2570.383057 0.000000 1946.143066 0.000000 0.496181 0.000000 -0.868219 0.751262 0.751262 0.751262
2569.925049 0.000000 1939.551636 0.000000 0.822355 0.000000 -0.568975 0.613874 0.613874 0.613874
2575.545654 0.000000 1946.589111 0.000000 0.446661 0.000000 -0.894703 0.767352 0.767352 0.767352
2573.838379 0.000000 1938.165039 0.000000 0.140074 0.000000 -0.990141 0.859739 0.859739 0.859739
2572.236816 0.000000 1942.628662 0.000000 0.662067 0.000000 -0.749445 0.692712 0.692712 0.692712
2572.193115 0.000000 1947.963867 0.000000 0.307122 0.000000 -0.951670 0.810571 0.810571 0.810571
2602.829834 0.000000 1940.436401 0.000000 0.573654 0.000000 -0.819098 0.579399 0.579399 0.579399
2653.697754 0.000000 1996.764893 0.000000 0.639261 0.000000 -0.768990 0.488437 0.488437 0.488437
2592.640137 0.000000 1952.594604 0.000000 0.311514 0.000000 -0.950242 0.528894 0.528894 0.528894
2657.523682 0.000000 1996.075928 0.000000 0.351307 0.000000 -0.936260 0.530324 0.530324 0.530324
2658.358643 0.000000 2008.463257 0.000000 0.709764 0.000000 -0.704440 0.527275 0.527275 0.527275
2591.720947 0.000000 1949.523193 0.000000 0.543615 0.000000 -0.839335 0.570854 0.570854 0.570854
2655.038086 0.000000 1994.695312 0.000000 0.504611 0.000000 -0.863347 0.519058 0.519058 0.519058
2604.440674 0.000000 1938.321655 0.000000 0.429048 0.000000 -0.903282 0.565254 0.565254 0.565254
2662.311035 0.000000 1997.177368 0.000000 0.736219 0.000000 -0.676744 0.526828 0.526828 0.526828
2605.504150 0.000000 1943.899902 0.000000 0.399049 0.000000 -0.916930 0.593391 0.593391 0.593391
2661.159180 0.000000 2011.299561 0.000000 0.136505 0.000000 -0.990639 0.770563 0.770563 0.770563
2602.067383 0.000000 1948.203613 0.000000 0.384798 0.000000 -0.923001 0.555677 0.555677 0.555677
2603.699951 0.000000 1936.230957 0.000000 0.075514 0.000000 -0.997145 0.626378 0.626378 0.626378
2658.719971 0.000000 1999.365723 0.000000 0.529919 0.000000 -0.848048 0.591020 0.591020 0.591020
2660.445068 0.000000 2005.749512 0.000000 0.094875 0.000000 -0.995489 0.791539 0.791539 0.791539
2660.177002 0.000000 2010.411743 0.000000 0.463755 0.000000 -0.885963 0.693366 0.693366 0.693366
2601.308594 0.000000 1940.194092 0.000000 0.542074 0.000000 -0.840331 0.619283 0.619283 0.619283
2598.073730 0.000000 1947.862793 0.000000 0.245117 0.000000 -0.969494 0.787434 0.787434 0.787434
2599.496826 0.000000 1948.604370 0.000000 0.555759 0.000000 -0.831343 0.701412 0.701412 0.701412
2660.688965 0.000000 2006.711304 0.000000 0.195936 0.000000 -0.980617 0.838874 0.838874 0.838874
2662.501465 0.000000 2009.049194 0.000000 0.069047 0.000000 -0.997613 0.848149 0.848149 0.848149
2598.301270 0.000000 1939.786499 0.000000 0.420949 0.000000 -0.907084 0.775527 0.775527 0.775527
2664.088867 0.000000 2011.926025 0.000000 0.068221 0.000000 -0.997670 0.654248 0.654248 0.654248
2664.114014 0.000000 2001.695435 0.000000 0.149198 0.000000 -0.988807 0.673505 0.673505 0.673505
2664.951904 0.000000 2009.487061 0.000000 0.736376 0.000000 -0.676572 0.590252 0.590252 0.590252
2663.957031 0.000000 2008.623657 0.000000 0.464555 0.000000 -0.885544 0.738376 0.738376 0.738376
2642.238037 0.000000 2016.659424 0.000000 0.533726 0.000000 -0.845657 0.733051 0.733051 0.733051
2824.478027 0.000000 2088.117188 0.000000 0.589992 0.000000 -0.807409 0.483784 0.483784 0.483784
2847.266113 0.000000 2097.625977 0.000000 0.245005 0.000000 -0.969522 0.548117 0.548117 0.548117
2874.052734 0.000000 2098.562988 0.000000 0.727301 0.000000 -0.686318 0.506086 0.506086 0.506086
2872.171631 0.000000 2107.360840 0.000000 0.822572 0.000000 -0.568660 0.483298 0.483298 0.483298
2876.069580 0.000000 2089.112793 0.000000 0.096439 0.000000 -0.995339 0.478155 0.478155 0.478155
2873.102539 0.000000 2081.574951 0.000000 0.751660 0.000000 -0.659550 0.479938 0.479938 0.479938
2877.646729 0.000000 2102.937012 0.000000 0.689566 0.000000 -0.724223 0.460009 0.460009 0.460009
2856.163330 0.000000 2103.989258 0.000000 0.822499 0.000000 -0.568766 0.494860 0.494860 0.494860
2832.343506 0.000000 2096.329346 0.000000 0.274317 0.000000 -0.961639 0.545867 0.545867 0.545867
2862.952148 0.000000 2107.700684 0.000000 0.495772 0.000000 -0.868453 0.620200 0.620200 0.620200
2872.942627 0.000000 2095.341309 0.000000 0.748393 0.000000 -0.663256 0.557538 0.557538 0.557538
2835.213379 0.000000 2097.000977 0.000000 0.328018 0.000000 -0.944671 0.506959 0.506959 0.506959
2836.529541 0.000000 2090.947266 0.000000 0.329450 0.000000 -0.944173 0.622055 0.622055 0.622055
2874.004883 0.000000 2084.258789 0.000000 0.651865 0.000000 -0.758335 0.505120 0.505120 0.505120
2844.244629 0.000000 2099.428711 0.000000 0.788142 0.000000 -0.615494 0.494692 0.494692 0.494692
2869.833252 0.000000 2108.779297 0.000000 0.137235 0.000000 -0.990538 0.778448 0.778448 0.778448
2855.446289 0.000000 2106.473877 0.000000 0.446633 0.000000 -0.894717 0.610547 0.610547 0.610547
2875.498779 0.000000 2082.275879 0.000000 0.564889 0.000000 -0.825167 0.521960 0.521960 0.521960
2871.337891 0.000000 2104.946533 0.000000 0.681009 0.000000 -0.732275 0.588463 0.588463 0.588463
2863.203857 0.000000 2105.339600 0.000000 0.241233 0.000000 -0.970467 0.660230 0.660230 0.660230
2841.547852 0.000000 2086.011230 0.000000 0.004676 0.000000 -0.999989 0.543251 0.543251 0.543251
2866.773438 0.000000 2106.650879 0.000000 0.426973 0.000000 -0.904264 0.773622 0.773622 0.773622
2867.620361 0.000000 2075.966064 0.000000 0.730659 0.000000 -0.682742 0.553846 0.553846 0.553846
2840.255371 0.000000 2093.911133 0.000000 0.522866 0.000000 -0.852415 0.601348 0.601348 0.601348
2871.754883 0.000000 2109.513428 0.000000 0.498649 0.000000 -0.866804 0.527763 0.527763 0.527763
2857.388428 0.000000 2105.715576 0.000000 0.782229 0.000000 -0.622991 0.515736 0.515736 0.515736
2853.762695 0.000000 2110.640381 0.000000 0.136924 0.000000 -0.990582 0.590104 0.590104 0.590104
2874.556152 0.000000 2090.340820 0.000000 0.022292 0.000000 -0.999752 0.679635 0.679635 0.679635
2831.885986 0.000000 2094.524902 0.000000 0.680141 0.000000 -0.733081 0.514709 0.514709 0.514709
2862.339600 0.000000 2109.416504 0.000000 0.746269 0.000000 -0.665644 0.551465 0.551465 0.551465
2837.522949 0.000000 2092.492676 0.000000 0.677845 0.000000 -0.735205 0.534442 0.534442 0.534442
2864.326904 0.000000 2073.976562 0.000000 0.497264 0.000000 -0.867599 0.605762 0.605762 0.605762
2834.555420 0.000000 2085.416504 0.000000 0.562596 0.000000 -0.826732 0.534193 0.534193 0.534193
2856.312256 0.000000 2107.891113 0.000000 0.711254 0.000000 -0.702935 0.529693 0.529693 0.529693
2870.705322 0.000000 2100.896729 0.000000 0.271591 0.000000 -0.962413 0.634875 0.634875 0.634875
2826.040527 0.000000 2093.398682 0.000000 0.777334 0.000000 -0.629088 0.550897 0.550897 0.550897
2872.645020 0.000000 2104.301025 0.000000 0.344531 0.000000 -0.938775 0.596541 0.596541 0.596541
2828.305908 0.000000 2094.209717 0.000000 0.068096 0.000000 -0.997679 0.655954 0.655954 0.655954
2840.293457 0.000000 2090.931152 0.000000 0.608243 0.000000 -0.793751 0.585979 0.585979 0.585979
2828.626953 0.000000 2097.624756 0.000000 0.768433 0.000000 -0.639930 0.552197 0.552197 0.552197
2854.995605 0.000000 2107.895752 0.000000 0.536972 0.000000 -0.843600 0.595497 0.595497 0.595497
2841.593262 0.000000 2090.612549 0.000000 0.801384 0.000000 -0.598151 0.545085 0.545085 0.545085
2840.307373 0.000000 2092.527344 0.000000 0.534654 0.000000 -0.845071 0.599288 0.599288 0.599288
2868.072266 0.000000 2106.596436 0.000000 0.373782 0.000000 -0.927517 0.743553 0.743553 0.743553
2865.602295 0.000000 2111.695068 0.000000 0.100138 0.000000 -0.994974 0.798576 0.798576 0.798576
2860.869629 0.000000 2111.898193 0.000000 0.376295 0.000000 -0.926500 0.519227 0.519227 0.519227
2856.438477 0.000000 2118.266357 0.000000 0.664474 0.000000 -0.747312 0.558094 0.558094 0.558094
2860.874023 0.000000 2114.860352 0.000000 0.502792 0.000000 -0.864407 0.603643 0.603643 0.603643
2863.354004 0.000000 2113.401855 0.000000 0.200031 0.000000 -0.979790 0.682307 0.682307 0.682307
2854.627686 0.000000 2124.202393 0.000000 0.072107 0.000000 -0.997397 0.583007 0.583007 0.583007
2857.172363 0.000000 2120.476074 0.000000 0.274722 0.000000 -0.961524 0.611177 0.611177 0.611177
2856.380615 0.000000 2122.804443 0.000000 0.733831 0.000000 -0.679332 0.560754 0.560754 0.560754
2858.407959 0.000000 2118.464600 0.000000 0.511067 0.000000 -0.859541 0.582475 0.582475 0.582475
2867.347168 0.000000 2111.806885 0.000000 0.041533 0.000000 -0.999137 0.786734 0.786734 0.786734
2861.680664 0.000000 2113.389404 0.000000 0.305978 0.000000 -0.952039 0.629750 0.629750 0.629750
3198.386230 0.000000 1918.797974 0.000000 0.058516 0.000000 -0.998286 0.523054 0.523054 0.523054
3196.273926 0.000000 1917.755493 0.000000 0.594864 0.000000 -0.803826 0.717485 0.717485 0.717485
3197.593018 0.000000 1916.362305 0.000000 0.053050 0.000000 -0.998592 0.884795 0.884795 0.884795
3379.408691 0.000000 1876.042114 0.000000 0.706846 0.000000 -0.707368 0.454414 0.454414 0.454414
3361.315430 0.000000 1886.579468 0.000000 0.792094 0.000000 -0.610399 0.493519 0.493519 0.493519
3360.391602 0.000000 1890.559937 0.000000 0.720846 0.000000 -0.693095 0.500758 0.500758 0.500758
3362.038574 0.000000 1888.854492 0.000000 0.419036 0.000000 -0.907969 0.506274 0.506274 0.506274
3362.679199 0.000000 1891.327881 0.000000 0.077851 0.000000 -0.996965 0.548952 0.548952 0.548952
3377.283691 0.000000 1883.662354 0.000000 0.154601 0.000000 -0.987977 0.577226 0.577226 0.577226
3094.669922 0.000000 1945.294800 0.000000 0.310637 0.000000 -0.950529 0.600854 0.600854 0.600854
3092.637695 0.000000 1932.348999 0.000000 0.797346 0.000000 -0.603523 0.514055 0.514055 0.514055
3095.550537 0.000000 1942.079102 0.000000 0.352657 0.000000 -0.935753 0.591420 0.591420 0.591420
3160.864014 0.000000 1949.785522 0.000000 0.499638 0.000000 -0.866234 0.470008 0.470008 0.470008
3162.303955 0.000000 2008.463257 0.000000 0.812635 0.000000 -0.582773 0.493334 0.493334 0.493334
3112.566406 0.000000 1983.415649 0.000000 0.110486 0.000000 -0.993878 0.576305 0.576305 0.576305
3122.401855 0.000000 1995.464478 0.000000 0.425874 0.000000 -0.904782 0.535122 0.535122 0.535122
3161.504883 0.000000 1945.327759 0.000000 0.571251 0.000000 -0.820775 0.574386 0.574386 0.574386
3160.570312 0.000000 1947.407837 0.000000 0.399361 0.000000 -0.916794 0.552951 0.552951 0.552951
3114.066650 0.000000 1986.934326 0.000000 0.796442 0.000000 -0.604714 0.636041 0.636041 0.636041
3165.104492 0.000000 2011.299561 0.000000 0.065954 0.000000 -0.997823 0.620746 0.620746 0.620746
3113.159424 0.000000 1985.001587 0.000000 0.609613 0.000000 -0.792699 0.664895 0.664895 0.664895
3151.586426 0.000000 2001.389404 0.000000 0.024084 0.000000 -0.999710 0.834020 0.834020 0.834020
3165.562012 0.000000 1939.862793 0.000000 0.298870 0.000000 -0.954294 0.813051 0.813051 0.813051
3164.390381 0.000000 2005.749512 0.000000 0.338042 0.000000 -0.941131 0.591862 0.591862 0.591862
3160.346680 0.000000 1944.429810 0.000000 0.695388 0.000000 -0.718634 0.553594 0.553594 0.553594
3114.920410 0.000000 1988.257446 0.000000 0.669404 0.000000 -0.742898 0.689894 0.689894 0.689894
3163.794434 0.000000 1939.493774 0.000000 0.718103 0.000000 -0.695937 0.639379 0.639379 0.639379
3116.886963 0.000000 1988.282471 0.000000 0.043154 0.000000 -0.999068 0.887633 0.887633 0.887633
3165.623535 0.000000 2008.415039 0.000000 0.499587 0.000000 -0.866264 0.684224 0.684224 0.684224
3119.585205 0.000000 1993.550293 0.000000 0.163489 0.000000 -0.986545 0.852953 0.852953 0.852953
3123.571533 0.000000 1993.013672 0.000000 0.711430 0.000000 -0.702757 0.641726 0.641726 0.641726
3118.599365 0.000000 1986.562012 0.000000 0.540662 0.000000 -0.841240 0.664486 0.664486 0.664486
3125.234375 0.000000 1991.958008 0.000000 0.398188 0.000000 -0.917304 0.662651 0.662651 0.662651
3120.974365 0.000000 1986.959961 0.000000 0.413140 0.000000 -0.910668 0.703387 0.703387 0.703387
3164.653809 0.000000 2007.696289 0.000000 0.339363 0.000000 -0.940656 0.723769 0.723769 0.723769
3147.566650 0.000000 2002.356445 0.000000 0.776549 0.000000 -0.630057 0.645272 0.645272 0.645272
3165.927490 0.000000 1944.444458 0.000000 0.384245 0.000000 -0.923231 0.787015 0.787015 0.787015
3111.163330 0.000000 1986.356323 0.000000 0.736167 0.000000 -0.676800 0.610354 0.610354 0.610354
3162.378418 0.000000 1944.756958 0.000000 0.614169 0.000000 -0.789174 0.679890 0.679890 0.679890
3162.944092 0.000000 1942.915039 0.000000 0.228049 0.000000 -0.973650 0.834089 0.834089 0.834089
3166.490479 0.000000 1942.360718 0.000000 0.034019 0.000000 -0.999421 0.890252 0.890252 0.890252
3151.769287 0.000000 2003.841187 0.000000 0.418997 0.000000 -0.907988 0.776144 0.776144 0.776144
3164.977295 0.000000 1947.029907 0.000000 0.326686 0.000000 -0.945133 0.796316 0.796316 0.796316
3165.422119 0.000000 1942.554688 0.000000 0.049269 0.000000 -0.998786 0.885880 0.885880 0.885880
3151.950439 0.000000 2000.451050 0.000000 0.391233 0.000000 -0.920292 0.740198 0.740198 0.740198
3117.856689 0.000000 1993.832764 0.000000 0.308495 0.000000 -0.951226 0.794621 0.794621 0.794621
3163.980469 0.000000 1943.672852 0.000000 0.763361 0.000000 -0.645972 0.651193 0.651193 0.651193
3167.033691 0.000000 1937.673584 0.000000 0.209445 0.000000 -0.977821 0.839551 0.839551 0.839551
3167.179199 0.000000 1943.125488 0.000000 0.318422 0.000000 -0.947949 0.807162 0.807162 0.807162
3115.278564 0.000000 1990.573486 0.000000 0.411554 0.000000 -0.911386 0.778488 0.778488 0.778488
3165.648926 0.000000 1938.914917 0.000000 0.782357 0.000000 -0.622830 0.642616 0.642616 0.642616
3166.145508 0.000000 1940.598511 0.000000 0.696049 0.000000 -0.717994 0.679445 0.679445 0.679445
3147.160156 0.000000 2005.541138 0.000000 0.765898 0.000000 -0.642963 0.650065 0.650065 0.650065
3165.436523 0.000000 2238.953125 0.000000 0.722737 0.000000 -0.691123 0.497148 0.497148 0.497148
3145.248779 0.000000 2220.641357 0.000000 0.721049 0.000000 -0.692884 0.487839 0.487839 0.487839
3150.554932 0.000000 2222.428467 0.000000 0.788889 0.000000 -0.614536 0.467100 0.467100 0.467100
3164.588623 0.000000 2244.274414 0.000000 0.762986 0.000000 -0.646415 0.487903 0.487903 0.487903
3165.979492 0.000000 2234.905518 0.000000 0.316015 0.000000 -0.948754 0.528595 0.528595 0.528595
3150.502197 0.000000 2218.279297 0.000000 0.251153 0.000000 -0.967947 0.478110 0.478110 0.478110
3153.370605 0.000000 2224.237305 0.000000 0.714277 0.000000 -0.699863 0.481352 0.481352 0.481352
3166.216553 0.000000 2241.761230 0.000000 0.340171 0.000000 -0.940364 0.562730 0.562730 0.562730
3158.163330 0.000000 2214.093994 0.000000 0.035094 0.000000 -0.999384 0.574220 0.574220 0.574220
3159.921387 0.000000 2216.296631 0.000000 0.807201 0.000000 -0.590277 0.528028 0.528028 0.528028
3137.027100 0.000000 2226.488770 0.000000 0.094272 0.000000 -0.995547 0.617523 0.617523 0.617523
3164.105713 0.000000 2242.230957 0.000000 0.114245 0.000000 -0.993453 0.546529 0.546529 0.546529
3139.456055 0.000000 2227.512939 0.000000 0.454642 0.000000 -0.890674 0.673440 0.673440 0.673440
3141.875244 0.000000 2229.345703 0.000000 0.293188 0.000000 -0.956055 0.703183 0.703183 0.703183
3140.129883 0.000000 2224.101318 0.000000 0.216504 0.000000 -0.976282 0.744790 0.744790 0.744790
3138.672852 0.000000 2230.486084 0.000000 0.799488 0.000000 -0.600682 0.560756 0.560756 0.560756
3165.562012 0.000000 2227.816162 0.000000 0.651879 0.000000 -0.758323 0.548633 0.548633 0.548633
3143.662598 0.000000 2221.330078 0.000000 0.459677 0.000000 -0.888086 0.581408 0.581408 0.581408
3163.575439 0.000000 2225.847168 0.000000 0.783352 0.000000 -0.621579 0.547963 0.547963 0.547963
3163.244385 0.000000 2220.383789 0.000000 0.747106 0.000000 -0.664705 0.606837 0.606837 0.606837
3167.043457 0.000000 2220.305176 0.000000 0.706677 0.000000 -0.707536 0.614245 0.614245 0.614245
3139.933105 0.000000 2230.829102 0.000000 0.410712 0.000000 -0.911765 0.647251 0.647251 0.647251
3210.479248 0.000000 1960.969482 0.000000 0.425229 0.000000 -0.905086 0.471612 0.471612 0.471612
3179.583740 0.000000 2011.581543 0.000000 0.653251 0.000000 -0.757142 0.568690 0.568690 0.568690
3228.104492 0.000000 1972.097290 0.000000 0.162503 0.000000 -0.986708 0.499021 0.499021 0.499021
3178.227295 0.000000 1926.982422 0.000000 0.774023 0.000000 -0.633158 0.507770 0.507770 0.507770
3204.887695 0.000000 1977.067993 0.000000 0.433882 0.000000 -0.900970 0.521849 0.521849 0.521849
3209.123291 0.000000 1967.772949 0.000000 0.738638 0.000000 -0.674102 0.488229 0.488229 0.488229
3199.058594 0.000000 1987.299927 0.000000 0.010795 0.000000 -0.999942 0.676083 0.676083 0.676083
3194.394043 0.000000 1995.464478 0.000000 0.079957 0.000000 -0.996798 0.560536 0.560536 0.560536
3195.081543 0.000000 1930.104858 0.000000 0.776815 0.000000 -0.629729 0.492091 0.492091 0.492091
3223.646240 0.000000 1968.162231 0.000000 0.527179 0.000000 -0.849754 0.532143 0.532143 0.532143
3198.147461 0.000000 1984.228027 0.000000 0.704103 0.000000 -0.710098 0.507662 0.507662 0.507662
3170.375488 0.000000 2009.642334 0.000000 0.590407 0.000000 -0.807105 0.719070 0.719070 0.719070
3180.166504 0.000000 1934.701294 0.000000 0.499041 0.000000 -0.866579 0.680832 0.680832 0.680832
3201.588623 0.000000 1984.890503 0.000000 0.451386 0.000000 -0.892329 0.661796 0.661796 0.661796
3175.065430 0.000000 1947.604858 0.000000 0.675606 0.000000 -0.737263 0.546860 0.546860 0.546860
3167.847412 0.000000 2004.162598 0.000000 0.749099 0.000000 -0.662459 0.554126 0.554126 0.554126
3187.558105 0.000000 1919.794189 0.000000 0.811237 0.000000 -0.584717 0.554543 0.554543 0.554543
3168.034180 0.000000 2011.926025 0.000000 0.664804 0.000000 -0.747018 0.691664 0.691664 0.691664
3178.261475 0.000000 2008.243042 0.000000 0.068513 0.000000 -0.997650 0.880357 0.880357 0.880357
3207.552490 0.000000 1971.772339 0.000000 0.134845 0.000000 -0.990867 0.608050 0.608050 0.608050
3184.136719 0.000000 1998.160400 0.000000 0.720967 0.000000 -0.692969 0.669328 0.669328 0.669328
3200.604980 0.000000 1986.717407 0.000000 0.438337 0.000000 -0.898811 0.770011 0.770011 0.770011
3186.001465 0.000000 1997.414307 0.000000 0.205236 0.000000 -0.978712 0.840783 0.840783 0.840783
3183.758545 0.000000 1995.313354 0.000000 0.810335 0.000000 -0.585968 0.561131 0.561131 0.561131
3183.530518 0.000000 1999.459717 0.000000 0.586330 0.000000 -0.810072 0.720515 0.720515 0.720515
3181.768066 0.000000 1941.771362 0.000000 0.446046 0.000000 -0.895010 0.692831 0.692831 0.692831
3197.858643 0.000000 1926.096191 0.000000 0.755341 0.000000 -0.655332 0.579257 0.579257 0.579257
3167.678955 0.000000 1936.214478 0.000000 0.170725 0.000000 -0.985319 0.850850 0.850850 0.850850
3191.029785 0.000000 2005.446899 0.000000 0.337017 0.000000 -0.941499 0.801524 0.801524 0.801524
3178.409668 0.000000 2009.784912 0.000000 0.761827 0.000000 -0.647780 0.651872 0.651872 0.651872
3182.267822 0.000000 1999.580688 0.000000 0.316061 0.000000 -0.948739 0.807876 0.807876 0.807876
3181.700928 0.000000 1997.199585 0.000000 0.675398 0.000000 -0.737454 0.687575 0.687575 0.687575
3184.323242 0.000000 2000.440796 0.000000 0.716551 0.000000 -0.697535 0.671148 0.671148 0.671148
3168.962158 0.000000 1946.402832 0.000000 0.113455 0.000000 -0.993543 0.849421 0.849421 0.849421
3177.193115 0.000000 1937.614502 0.000000 0.060393 0.000000 -0.998175 0.882688 0.882688 0.882688
3185.747070 0.000000 1936.671875 0.000000 0.380593 0.000000 -0.924743 0.756322 0.756322 0.756322
3188.796143 0.000000 2006.527832 0.000000 0.636533 0.000000 -0.771250 0.702331 0.702331 0.702331
3174.934082 0.000000 1936.471924 0.000000 0.176371 0.000000 -0.984324 0.849208 0.849208 0.849208
3196.911865 0.000000 1998.151978 0.000000 0.708413 0.000000 -0.705798 0.590844 0.590844 0.590844
3203.078857 0.000000 1984.226685 0.000000 0.811545 0.000000 -0.584290 0.558661 0.558661 0.558661
3183.283936 0.000000 1994.167725 0.000000 0.712028 0.000000 -0.702151 0.588172 0.588172 0.588172
3180.641113 0.000000 2006.881714 0.000000 0.712758 0.000000 -0.701410 0.672701 0.672701 0.672701
3182.949707 0.000000 1938.950195 0.000000 0.485089 0.000000 -0.874465 0.692731 0.692731 0.692731
3176.110596 0.000000 1938.218262 0.000000 0.570524 0.000000 -0.821281 0.726066 0.726066 0.726066
3183.595947 0.000000 1997.152222 0.000000 0.086463 0.000000 -0.996255 0.875199 0.875199 0.875199
3179.536621 0.000000 1937.523193 0.000000 0.028667 0.000000 -0.999589 0.891786 0.891786 0.891786
3174.141357 0.000000 1945.538574 0.000000 0.787323 0.000000 -0.616541 0.617183 0.617183 0.617183
3176.620117 0.000000 1945.966431 0.000000 0.193106 0.000000 -0.981178 0.709794 0.709794 0.709794
3176.666504 0.000000 2001.815918 0.000000 0.322555 0.000000 -0.946551 0.777998 0.777998 0.777998
3187.345703 0.000000 1936.038940 0.000000 0.789423 0.000000 -0.613849 0.576228 0.576228 0.576228
3168.267334 0.000000 2010.838013 0.000000 0.344093 0.000000 -0.938936 0.799368 0.799368 0.799368
3170.135742 0.000000 2011.909912 0.000000 0.184173 0.000000 -0.982894 0.846935 0.846935 0.846935
3192.879395 0.000000 2004.132812 0.000000 0.251532 0.000000 -0.967849 0.827159 0.827159 0.827159
3169.806641 0.000000 1943.938110 0.000000 0.106913 0.000000 -0.994268 0.869313 0.869313 0.869313
3186.046387 0.000000 1994.028931 0.000000 0.039690 0.000000 -0.999212 0.888627 0.888627 0.888627
3170.845947 0.000000 1940.704956 0.000000 0.628028 0.000000 -0.778191 0.705476 0.705476 0.705476
3183.612305 0.000000 2004.209229 0.000000 0.031535 0.000000 -0.999503 0.890964 0.890964 0.890964
3178.107910 0.000000 1939.531860 0.000000 0.426505 0.000000 -0.904485 0.772501 0.772501 0.772501
3177.671875 0.000000 1932.442383 0.000000 0.179393 0.000000 -0.983777 0.842080 0.842080 0.842080
3182.030762 0.000000 1936.751953 0.000000 0.763586 0.000000 -0.645707 0.643996 0.643996 0.643996
3196.025635 0.000000 1922.449219 0.000000 0.193686 0.000000 -0.981064 0.827157 0.827157 0.827157
3172.302490 0.000000 1932.323608 0.000000 0.078778 0.000000 -0.996892 0.877408 0.877408 0.877408
3172.252441 0.000000 2006.010864 0.000000 0.631292 0.000000 -0.775545 0.704272 0.704272 0.704272
3184.453857 0.000000 2003.546509 0.000000 0.205181 0.000000 -0.978724 0.840799 0.840799 0.840799
3189.404785 0.000000 2000.545654 0.000000 0.548690 0.000000 -0.836026 0.733614 0.733614 0.733614
3178.880371 0.000000 2001.498413 0.000000 0.234021 0.000000 -0.972232 0.832330 0.832330 0.832330
3171.024170 0.000000 1935.404785 0.000000 0.088542 0.000000 -0.996072 0.874601 0.874601 0.874601
3200.042480 0.000000 1987.634155 0.000000 0.743633 0.000000 -0.668588 0.659791 0.659791 0.659791
3175.646729 0.000000 1932.292725 0.000000 0.213368 0.000000 -0.976972 0.838401 0.838401 0.838401
3185.551025 0.000000 2003.925293 0.000000 0.674894 0.000000 -0.737915 0.687770 0.687770 0.687770
3172.568604 0.000000 2009.594727 0.000000 0.496259 0.000000 -0.868175 0.751236 0.751236 0.751236
3177.352295 0.000000 1931.303589 0.000000 0.300795 0.000000 -0.953689 0.757036 0.757036 0.757036
3168.375488 0.000000 1945.193970 0.000000 0.666030 0.000000 -0.745925 0.691193 0.691193 0.691193
3194.308838 0.000000 1927.624023 0.000000 0.379092 0.000000 -0.925359 0.784629 0.784629 0.784629
3178.074707 0.000000 1998.724243 0.000000 0.056681 0.000000 -0.998392 0.883753 0.883753 0.883753
3170.325195 0.000000 1939.571533 0.000000 0.710620 0.000000 -0.703576 0.673573 0.673573 0.673573
3195.741699 0.000000 1920.692139 0.000000 0.575377 0.000000 -0.817888 0.724370 0.724370 0.724370
3181.342773 0.000000 1938.035400 0.000000 0.775128 0.000000 -0.631804 0.636697 0.636697 0.636697
3187.499512 0.000000 2003.733521 0.000000 0.637548 0.000000 -0.770410 0.701954 0.701954 0.701954
3193.190430 0.000000 1920.761597 0.000000 0.028915 0.000000 -0.999582 0.891715 0.891715 0.891715
3175.234375 0.000000 1937.684204 0.000000 0.445614 0.000000 -0.895225 0.767687 0.767687 0.767687
3168.704102 0.000000 1944.245117 0.000000 0.630313 0.000000 -0.776341 0.704634 0.704634 0.704634
3176.643555 0.000000 1933.899780 0.000000 0.074244 0.000000 -0.997240 0.871986 0.871986 0.871986
3171.764160 0.000000 1938.760986 0.000000 0.266088 0.000000 -0.963949 0.822842 0.822842 0.822842
3167.996582 0.000000 1947.003540 0.000000 0.807274 0.000000 -0.590177 0.628011 0.628011 0.628011
3188.138428 0.000000 1996.247437 0.000000 0.044026 0.000000 -0.999030 0.887383 0.887383 0.887383
3171.366455 0.000000 1941.514038 0.000000 0.756576 0.000000 -0.653905 0.654183 0.654183 0.654183
3169.611328 0.000000 2010.190063 0.000000 0.407674 0.000000 -0.913127 0.779706 0.779706 0.779706
3186.202148 0.000000 2006.935669 0.000000 0.265533 0.000000 -0.964102 0.823007 0.823007 0.823007
3187.399414 0.000000 1997.813232 0.000000 0.455957 0.000000 -0.890002 0.764367 0.764367 0.764367
3179.405273 0.000000 1935.276245 0.000000 0.391635 0.000000 -0.920120 0.779468 0.779468 0.779468
3176.841064 0.000000 1932.994873 0.000000 0.800687 0.000000 -0.599083 0.631135 0.631135 0.631135
3187.683350 0.000000 2001.397461 0.000000 0.608559 0.000000 -0.793509 0.712573 0.712573 0.712573
3190.216797 0.000000 2004.995850 0.000000 0.551468 0.000000 -0.834196 0.732661 0.732661 0.732661
3213.114258 0.000000 2092.865723 0.000000 0.735313 0.000000 -0.677728 0.455856 0.455856 0.455856
3201.503662 0.000000 2098.800293 0.000000 0.374592 0.000000 -0.927190 0.472667 0.472667 0.472667
3216.339355 0.000000 2095.525146 0.000000 0.798570 0.000000 -0.601902 0.461610 0.461610 0.461610
3194.209473 0.000000 2089.321045 0.000000 0.223356 0.000000 -0.974737 0.480233 0.480233 0.480233
3198.186035 0.000000 2096.778809 0.000000 0.340470 0.000000 -0.940255 0.471990 0.471990 0.471990
3200.554199 0.000000 2108.338623 0.000000 0.804681 0.000000 -0.593707 0.460712 0.460712 0.460712
3194.247559 0.000000 2110.446045 0.000000 0.171257 0.000000 -0.985226 0.493998 0.493998 0.493998
3279.190186 0.000000 2087.963623 0.000000 0.312245 0.000000 -0.950002 0.633033 0.633033 0.633033
3300.743652 0.000000 2048.376465 0.000000 0.176972 0.000000 -0.984216 0.759837 0.759837 0.759837
3377.203613 0.000000 1930.327515 0.000000 0.441237 0.000000 -0.897390 0.487539 0.487539 0.487539
3369.061279 0.000000 1995.984253 0.000000 0.592568 0.000000 -0.805520 0.462626 0.462626 0.462626
3374.848145 0.000000 1973.060059 0.000000 0.467247 0.000000 -0.884127 0.491430 0.491430 0.491430
3326.959717 0.000000 2000.842896 0.000000 0.612013 0.000000 -0.790848 0.498166 0.498166 0.498166
3376.574707 0.000000 1926.151489 0.000000 0.786086 0.000000 -0.618117 0.470212 0.470212 0.470212
3336.442627 0.000000 2012.085083 0.000000 0.784223 0.000000 -0.620479 0.462784 0.462784 0.462784
3356.229492 0.000000 2010.614380 0.000000 0.655384 0.000000 -0.755296 0.470198 0.470198 0.470198
3380.355957 0.000000 1930.635498 0.000000 0.566539 0.000000 -0.824035 0.489170 0.489170 0.489170
3379.275146 0.000000 1924.652832 0.000000 0.640499 0.000000 -0.767959 0.510008 0.510008 0.510008
3372.088867 0.000000 1972.097290 0.000000 0.537669 0.000000 -0.843156 0.553680 0.553680 0.553680
3325.510254 0.000000 2002.625244 0.000000 0.816712 0.000000 -0.577046 0.480406 0.480406 0.480406
3367.898682 0.000000 2004.886597 0.000000 0.198131 0.000000 -0.980176 0.539357 0.539357 0.539357
3375.110107 0.000000 1992.091553 0.000000 0.427586 0.000000 -0.903975 0.575566 0.575566 0.575566
3351.028320 0.000000 2007.001709 0.000000 0.385392 0.000000 -0.922753 0.570141 0.570141 0.570141
3363.479492 0.000000 2003.469849 0.000000 0.822954 0.000000 -0.568108 0.576255 0.576255 0.576255
3330.372070 0.000000 2007.864990 0.000000 0.395465 0.000000 -0.918481 0.727284 0.727284 0.727284
3327.497803 0.000000 2003.076172 0.000000 0.813142 0.000000 -0.582066 0.567257 0.567257 0.567257
3352.085693 0.000000 2003.295654 0.000000 0.437440 0.000000 -0.899247 0.536668 0.536668 0.536668
3380.775146 0.000000 1925.552246 0.000000 0.597107 0.000000 -0.802161 0.524253 0.524253 0.524253
3335.048096 0.000000 2002.724976 0.000000 0.424900 0.000000 -0.905240 0.774278 0.774278 0.774278
3338.522217 0.000000 2002.552002 0.000000 0.523094 0.000000 -0.852275 0.678108 0.678108 0.678108
3361.881592 0.000000 2000.133667 0.000000 0.176907 0.000000 -0.984228 0.656568 0.656568 0.656568
3355.360596 0.000000 2002.534424 0.000000 0.564515 0.000000 -0.825423 0.557990 0.557990 0.557990
3367.562988 0.000000 2001.389404 0.000000 0.810547 0.000000 -0.585674 0.519592 0.519592 0.519592
3362.017334 0.000000 2002.848511 0.000000 0.229487 0.000000 -0.973312 0.729850 0.729850 0.729850
3326.747070 0.000000 2006.371094 0.000000 0.717118 0.000000 -0.696952 0.560891 0.560891 0.560891
3373.539307 0.000000 2006.144287 0.000000 0.683897 0.000000 -0.729578 0.631892 0.631892 0.631892
3355.899170 0.000000 2006.648682 0.000000 0.672061 0.000000 -0.740496 0.565219 0.565219 0.565219
3338.278564 0.000000 1997.153931 0.000000 0.536053 0.000000 -0.844184 0.560653 0.560653 0.560653
3355.761475 0.000000 1984.528076 0.000000 0.020340 0.000000 -0.999793 0.754824 0.754824 0.754824
3348.773682 0.000000 1980.963501 0.000000 0.648828 0.000000 -0.760935 0.639443 0.639443 0.639443
3332.815674 0.000000 1993.837891 0.000000 0.151559 0.000000 -0.988448 0.821351 0.821351 0.821351
3331.469482 0.000000 1992.641602 0.000000 0.141448 0.000000 -0.989946 0.642631 0.642631 0.642631
3341.349121 0.000000 2013.714722 0.000000 0.210567 0.000000 -0.977579 0.770536 0.770536 0.770536
3328.202148 0.000000 2006.110718 0.000000 0.792583 0.000000 -0.609764 0.595869 0.595869 0.595869
3339.830322 0.000000 2002.213623 0.000000 0.623392 0.000000 -0.781909 0.650700 0.650700 0.650700
3345.728516 0.000000 2013.207031 0.000000 0.544714 0.000000 -0.838622 0.690273 0.690273 0.690273
3346.693115 0.000000 2014.164185 0.000000 0.606231 0.000000 -0.795288 0.603916 0.603916 0.603916
3375.750977 0.000000 2010.175293 0.000000 0.286180 0.000000 -0.958176 0.651409 0.651409 0.651409
3349.116211 0.000000 2011.112305 0.000000 0.718306 0.000000 -0.695728 0.604730 0.604730 0.604730
3337.196777 0.000000 1995.617188 0.000000 0.095283 0.000000 -0.995450 0.726802 0.726802 0.726802
3336.937012 0.000000 1997.887573 0.000000 0.811759 0.000000 -0.583992 0.628659 0.628659 0.628659
3372.164551 0.000000 1985.566162 0.000000 0.315615 0.000000 -0.948887 0.808010 0.808010 0.808010
3334.706787 0.000000 1998.590576 0.000000 0.417840 0.000000 -0.908521 0.776509 0.776509 0.776509
3375.662354 0.000000 1983.178711 0.000000 0.411903 0.000000 -0.911228 0.773227 0.773227 0.773227
3363.543213 0.000000 2002.356445 0.000000 0.567709 0.000000 -0.823229 0.652081 0.652081 0.652081
3338.929199 0.000000 1998.339233 0.000000 0.640833 0.000000 -0.767680 0.700730 0.700730 0.700730
3327.538086 0.000000 2005.292236 0.000000 0.083370 0.000000 -0.996519 0.780845 0.780845 0.780845
3340.258301 0.000000 2013.739868 0.000000 0.072214 0.000000 -0.997389 0.803536 0.803536 0.803536
3333.389160 0.000000 2000.545654 0.000000 0.001764 0.000000 -0.999998 0.899495 0.899495 0.899495
3344.722900 0.000000 2013.518799 0.000000 0.810880 0.000000 -0.585213 0.600998 0.600998 0.600998
3339.917236 0.000000 1998.752319 0.000000 0.248577 0.000000 -0.968612 0.828033 0.828033 0.828033
3341.382568 0.000000 2015.155273 0.000000 0.749846 0.000000 -0.661612 0.624626 0.624626 0.624626
3354.448975 0.000000 1982.762695 0.000000 0.284058 0.000000 -0.958807 0.767048 0.767048 0.767048
3339.887695 0.000000 2000.297241 0.000000 0.272571 0.000000 -0.962136 0.820913 0.820913 0.820913
3335.650146 0.000000 1999.518921 0.000000 0.220349 0.000000 -0.975421 0.836352 0.836352 0.836352
3331.483887 0.000000 2003.733521 0.000000 0.326491 0.000000 -0.945200 0.804720 0.804720 0.804720
3373.753906 0.000000 1984.134644 0.000000 0.397141 0.000000 -0.917758 0.783002 0.783002 0.783002
3333.262939 0.000000 1994.706543 0.000000 0.118058 0.000000 -0.993007 0.866100 0.866100 0.866100
3336.904541 0.000000 2001.910645 0.000000 0.140445 0.000000 -0.990088 0.859632 0.859632 0.859632
3334.151367 0.000000 2002.367676 0.000000 0.241093 0.000000 -0.970502 0.830245 0.830245 0.830245
3331.667725 0.000000 2001.397461 0.000000 0.452161 0.000000 -0.891936 0.765588 0.765588 0.765588
3357.529541 0.000000 2059.445557 0.000000 0.772896 0.000000 -0.634533 0.525682 0.525682 0.525682
3327.177734 0.000000 2046.897583 0.000000 0.625043 0.000000 -0.780590 0.545586 0.545586 0.545586
3352.740723 0.000000 2058.230713 0.000000 0.774081 0.000000 -0.633087 0.537028 0.537028 0.537028
3356.153076 0.000000 2058.054199 0.000000 0.715463 0.000000 -0.698650 0.535162 0.535162 0.535162
3367.730713 0.000000 2031.805420 0.000000 0.020417 0.000000 -0.999792 0.622435 0.622435 0.622435
3354.419189 0.000000 2029.467041 0.000000 0.262804 0.000000 -0.964849 0.581936 0.581936 0.581936
3331.823486 0.000000 2043.016357 0.000000 0.220253 0.000000 -0.975443 0.600007 0.600007 0.600007
3338.194580 0.000000 2016.078247 0.000000 0.680580 0.000000 -0.732674 0.559926 0.559926 0.559926
3352.036133 0.000000 2057.109863 0.000000 0.070000 0.000000 -0.997547 0.783828 0.783828 0.783828
3355.678223 0.000000 2056.982666 0.000000 0.770656 0.000000 -0.637252 0.603691 0.603691 0.603691
3313.779053 0.000000 2092.636963 0.000000 0.209819 0.000000 -0.977740 0.772244 0.772244 0.772244
3178.767334 0.000000 2132.405273 0.000000 0.611705 0.000000 -0.791086 0.496136 0.496136 0.496136
3203.988281 0.000000 2202.593506 0.000000 0.471875 0.000000 -0.881666 0.491229 0.491229 0.491229
3173.365234 0.000000 2204.001221 0.000000 0.423720 0.000000 -0.905793 0.484375 0.484375 0.484375
3192.458252 0.000000 2204.053955 0.000000 0.109747 0.000000 -0.993960 0.545187 0.545187 0.545187
3178.876221 0.000000 2192.424805 0.000000 0.424206 0.000000 -0.905566 0.547986 0.547986 0.547986
3198.439941 0.000000 2202.004150 0.000000 0.186914 0.000000 -0.982376 0.532334 0.532334 0.532334
3185.104004 0.000000 2191.297607 0.000000 0.703819 0.000000 -0.710379 0.478402 0.478402 0.478402
3190.103516 0.000000 2205.016357 0.000000 0.102491 0.000000 -0.994734 0.601741 0.601741 0.601741
3173.641602 0.000000 2206.717285 0.000000 0.263200 0.000000 -0.964741 0.524740 0.524740 0.524740
3190.278809 0.000000 2202.461426 0.000000 0.123945 0.000000 -0.992289 0.589759 0.589759 0.589759
3180.378174 0.000000 2130.290527 0.000000 0.046710 0.000000 -0.998908 0.556157 0.556157 0.556157
3201.337158 0.000000 2206.434814 0.000000 0.468994 0.000000 -0.883201 0.604469 0.604469 0.604469
3175.134033 0.000000 2205.190674 0.000000 0.241538 0.000000 -0.970391 0.599064 0.599064 0.599064
3196.375244 0.000000 2206.748291 0.000000 0.305271 0.000000 -0.952266 0.611445 0.611445 0.611445
3183.513428 0.000000 2195.045166 0.000000 0.804383 0.000000 -0.594110 0.582933 0.582933 0.582933
3172.058594 0.000000 2138.993896 0.000000 0.668017 0.000000 -0.744146 0.532972 0.532972 0.532972
3176.485107 0.000000 2141.108643 0.000000 0.782489 0.000000 -0.622664 0.512675 0.512675 0.512675
3186.598877 0.000000 2196.201660 0.000000 0.699706 0.000000 -0.714431 0.607353 0.607353 0.607353
3177.906006 0.000000 2202.988281 0.000000 0.344442 0.000000 -0.938808 0.728039 0.728039 0.728039
3175.065430 0.000000 2139.573730 0.000000 0.599652 0.000000 -0.800261 0.551099 0.551099 0.551099
3199.690186 0.000000 2207.547119 0.000000 0.670930 0.000000 -0.741521 0.570122 0.570122 0.570122
3204.992432 0.000000 2206.572266 0.000000 0.353880 0.000000 -0.935291 0.585834 0.585834 0.585834
3189.579590 0.000000 2206.380615 0.000000 0.065302 0.000000 -0.997866 0.668176 0.668176 0.668176
3187.181396 0.000000 2198.645508 0.000000 0.187595 0.000000 -0.982246 0.805568 0.805568 0.805568
3178.435547 0.000000 2204.327148 0.000000 0.687829 0.000000 -0.725873 0.682707 0.682707 0.682707
3176.945557 0.000000 2205.988037 0.000000 0.080550 0.000000 -0.996751 0.784823 0.784823 0.784823
3185.156250 0.000000 2199.307617 0.000000 0.131991 0.000000 -0.991251 0.852381 0.852381 0.852381
3182.356689 0.000000 2195.515137 0.000000 0.144990 0.000000 -0.989433 0.747831 0.747831 0.747831
3186.270264 0.000000 2200.971191 0.000000 0.051601 0.000000 -0.998668 0.851077 0.851077 0.851077
3186.798584 0.000000 2197.552734 0.000000 0.482381 0.000000 -0.875961 0.661058 0.661058 0.661058
3176.332520 0.000000 2202.040527 0.000000 0.661427 0.000000 -0.750009 0.643412 0.643412 0.643412
3177.946533 0.000000 2205.409668 0.000000 0.310438 0.000000 -0.950593 0.732017 0.732017 0.732017
3180.646484 0.000000 2203.822510 0.000000 0.782952 0.000000 -0.622082 0.642341 0.642341 0.642341
3217.800781 0.000000 2211.257324 0.000000 0.540737 0.000000 -0.841192 0.456737 0.456737 0.456737
3196.437744 0.000000 2219.612549 0.000000 0.141243 0.000000 -0.989975 0.535091 0.535091 0.535091
3187.400879 0.000000 2269.953857 0.000000 0.569656 0.000000 -0.821883 0.483598 0.483598 0.483598
3178.368652 0.000000 2217.680420 0.000000 0.533117 0.000000 -0.846042 0.540641 0.540641 0.540641
3192.771729 0.000000 2276.961914 0.000000 0.046153 0.000000 -0.998934 0.501385 0.501385 0.501385
3213.309570 0.000000 2245.259766 0.000000 0.426868 0.000000 -0.904314 0.564231 0.564231 0.564231
3186.523438 0.000000 2258.456299 0.000000 0.736012 0.000000 -0.676968 0.463367 0.463367 0.463367
3207.781006 0.000000 2270.676025 0.000000 0.628024 0.000000 -0.778194 0.508109 0.508109 0.508109
3200.310791 0.000000 2235.749023 0.000000 0.789541 0.000000 -0.613698 0.469300 0.469300 0.469300
3184.983398 0.000000 2215.771240 0.000000 0.706645 0.000000 -0.707568 0.502102 0.502102 0.502102
3211.835938 0.000000 2214.081787 0.000000 0.722186 0.000000 -0.691699 0.494623 0.494623 0.494623
3193.447998 0.000000 2270.761475 0.000000 0.605846 0.000000 -0.795582 0.557488 0.557488 0.557488
3208.042969 0.000000 2245.703857 0.000000 0.611720 0.000000 -0.791074 0.594555 0.594555 0.594555
3223.400635 0.000000 2254.193848 0.000000 0.809092 0.000000 -0.587683 0.547392 0.547392 0.547392
3213.545166 0.000000 2251.414551 0.000000 0.056122 0.000000 -0.998424 0.669509 0.669509 0.669509
3225.943359 0.000000 2262.048340 0.000000 0.741739 0.000000 -0.670689 0.572231 0.572231 0.572231
3203.765625 0.000000 2253.896973 0.000000 0.175367 0.000000 -0.984503 0.644267 0.644267 0.644267
3173.308350 0.000000 2219.715576 0.000000 0.730342 0.000000 -0.683082 0.491395 0.491395 0.491395
3214.921875 0.000000 2217.082275 0.000000 0.608374 0.000000 -0.793650 0.489138 0.489138 0.489138
3174.977783 0.000000 2226.814209 0.000000 0.416838 0.000000 -0.908981 0.482042 0.482042 0.482042
3190.544434 0.000000 2258.811279 0.000000 0.480330 0.000000 -0.877088 0.518504 0.518504 0.518504
3208.000977 0.000000 2241.548340 0.000000 0.603288 0.000000 -0.797523 0.554751 0.554751 0.554751
3210.479248 0.000000 2248.922852 0.000000 0.383828 0.000000 -0.923405 0.672119 0.672119 0.672119
3193.618408 0.000000 2216.452637 0.000000 0.646734 0.000000 -0.762716 0.475339 0.475339 0.475339
3197.073242 0.000000 2258.905518 0.000000 0.711653 0.000000 -0.702532 0.528760 0.528760 0.528760
3207.516113 0.000000 2265.997314 0.000000 0.014579 0.000000 -0.999894 0.581124 0.581124 0.581124
3220.877686 0.000000 2225.695557 0.000000 0.810496 0.000000 -0.585744 0.540693 0.540693 0.540693
3175.788818 0.000000 2238.838623 0.000000 0.685823 0.000000 -0.727768 0.488459 0.488459 0.488459
3202.844238 0.000000 2238.472168 0.000000 0.598043 0.000000 -0.801464 0.500137 0.500137 0.500137
3199.187256 0.000000 2217.322998 0.000000 0.026065 0.000000 -0.999660 0.642632 0.642632 0.642632
3201.777832 0.000000 2245.078369 0.000000 0.397564 0.000000 -0.917574 0.512658 0.512658 0.512658
3210.651367 0.000000 2217.656006 0.000000 0.683251 0.000000 -0.730184 0.509777 0.509777 0.509777
3223.313721 0.000000 2264.451904 0.000000 0.035368 0.000000 -0.999374 0.786368 0.786368 0.786368
3167.866699 0.000000 2249.946289 0.000000 0.691024 0.000000 -0.722832 0.470875 0.470875 0.470875
3187.780029 0.000000 2266.229004 0.000000 0.742450 0.000000 -0.669902 0.479689 0.479689 0.479689
3208.415527 0.000000 2261.190674 0.000000 0.462589 0.000000 -0.886573 0.561423 0.561423 0.561423
3181.544189 0.000000 2216.725098 0.000000 0.693027 0.000000 -0.720912 0.533215 0.533215 0.533215
3167.658447 0.000000 2237.476318 0.000000 0.137990 0.000000 -0.990434 0.578735 0.578735 0.578735
3190.586182 0.000000 2269.445068 0.000000 0.678053 0.000000 -0.735013 0.540906 0.540906 0.540906
3216.399414 0.000000 2214.250732 0.000000 0.802048 0.000000 -0.597259 0.485955 0.485955 0.485955
3202.635254 0.000000 2233.713623 0.000000 0.384913 0.000000 -0.922953 0.481700 0.481700 0.481700
3213.476807 0.000000 2263.154053 0.000000 0.198306 0.000000 -0.980140 0.762708 0.762708 0.762708
3213.754639 0.000000 2269.831787 0.000000 0.688463 0.000000 -0.725271 0.532955 0.532955 0.532955
3206.680664 0.000000 2255.100098 0.000000 0.623042 0.000000 -0.782188 0.604384 0.604384 0.604384
3203.995605 0.000000 2212.627197 0.000000 0.552473 0.000000 -0.833531 0.604997 0.604997 0.604997
3175.201172 0.000000 2244.915039 0.000000 0.052039 0.000000 -0.998645 0.513130 0.513130 0.513130
3192.005859 0.000000 2254.408691 0.000000 0.301096 0.000000 -0.953594 0.488370 0.488370 0.488370
3173.668945 0.000000 2223.906982 0.000000 0.489397 0.000000 -0.872061 0.490466 0.490466 0.490466
3219.528809 0.000000 2262.945068 0.000000 0.800761 0.000000 -0.598984 0.633986 0.633986 0.633986
3191.201172 0.000000 2208.998535 0.000000 0.706569 0.000000 -0.707644 0.502109 0.502109 0.502109
3200.992920 0.000000 2208.369873 0.000000 0.715794 0.000000 -0.698311 0.592428 0.592428 0.592428
3194.183838 0.000000 2259.153320 0.000000 0.079395 0.000000 -0.996843 0.589060 0.589060 0.589060
3196.544922 0.000000 2216.502686 0.000000 0.011878 0.000000 -0.999929 0.590109 0.590109 0.590109
3210.690918 0.000000 2258.154785 0.000000 0.680911 0.000000 -0.732366 0.559865 0.559865 0.559865
3201.466309 0.000000 2268.694580 0.000000 0.444459 0.000000 -0.895799 0.599674 0.599674 0.599674
3171.401611 0.000000 2208.662598 0.000000 0.749602 0.000000 -0.661889 0.493069 0.493069 0.493069
3222.699707 0.000000 2266.966064 0.000000 0.790613 0.000000 -0.612317 0.559570 0.559570 0.559570
3199.005371 0.000000 2213.296387 0.000000 0.082539 0.000000 -0.996588 0.729203 0.729203 0.729203
3211.445557 0.000000 2270.972900 0.000000 0.521891 0.000000 -0.853012 0.489027 0.489027 0.489027
3213.465332 0.000000 2233.625488 0.000000 0.333251 0.000000 -0.942838 0.618728 0.618728 0.618728
3188.681152 0.000000 2211.620117 0.000000 0.046188 0.000000 -0.998933 0.532214 0.532214 0.532214
3200.620361 0.000000 2266.325195 0.000000 0.747805 0.000000 -0.663918 0.566641 0.566641 0.566641
3223.887695 0.000000 2220.312744 0.000000 0.759105 0.000000 -0.650968 0.493004 0.493004 0.493004
3195.984131 0.000000 2268.178955 0.000000 0.569427 0.000000 -0.822042 0.612617 0.612617 0.612617
3201.606689 0.000000 2217.838867 0.000000 0.563507 0.000000 -0.826111 0.572324 0.572324 0.572324
3221.021973 0.000000 2253.439453 0.000000 0.382239 0.000000 -0.924064 0.627425 0.627425 0.627425
3209.180664 0.000000 2231.080566 0.000000 0.314684 0.000000 -0.949197 0.555380 0.555380 0.555380
3218.406006 0.000000 2218.421143 0.000000 0.200982 0.000000 -0.979595 0.602199 0.602199 0.602199
3204.887695 0.000000 2265.021240 0.000000 0.727396 0.000000 -0.686218 0.529866 0.529866 0.529866
3191.839355 0.000000 2260.852539 0.000000 0.795243 0.000000 -0.606291 0.506349 0.506349 0.506349
3212.935547 0.000000 2218.474365 0.000000 0.806024 0.000000 -0.591882 0.495541 0.495541 0.495541
3210.011230 0.000000 2240.075195 0.000000 0.240062 0.000000 -0.970758 0.561926 0.561926 0.561926
3207.524902 0.000000 2236.396484 0.000000 0.526705 0.000000 -0.850048 0.553877 0.553877 0.553877
3220.188477 0.000000 2258.477783 0.000000 0.323856 0.000000 -0.946106 0.805519 0.805519 0.805519
3195.566406 0.000000 2207.655518 0.000000 0.765838 0.000000 -0.643034 0.515913 0.515913 0.515913
3223.831787 0.000000 2230.057617 0.000000 0.388998 0.000000 -0.921238 0.650008 0.650008 0.650008
3202.962646 0.000000 2273.560303 0.000000 0.232393 0.000000 -0.972622 0.535569 0.535569 0.535569
3172.826172 0.000000 2226.003174 0.000000 0.769715 0.000000 -0.638387 0.492783 0.492783 0.492783
3206.212158 0.000000 2260.549561 0.000000 0.738023 0.000000 -0.674775 0.525720 0.525720 0.525720
3199.058594 0.000000 2275.253174 0.000000 0.165151 0.000000 -0.986268 0.519446 0.519446 0.519446
3212.494629 0.000000 2216.335693 0.000000 0.186775 0.000000 -0.982403 0.521467 0.521467 0.521467
3170.429688 0.000000 2229.676758 0.000000 0.503438 0.000000 -0.864031 0.549620 0.549620 0.549620
3217.133301 0.000000 2216.460449 0.000000 0.820520 0.000000 -0.571618 0.510156 0.510156 0.510156
3213.573975 0.000000 2261.005615 0.000000 0.814811 0.000000 -0.579727 0.581304 0.581304 0.581304
3223.833984 0.000000 2268.890137 0.000000 0.440539 0.000000 -0.897734 0.562697 0.562697 0.562697
3195.579102 0.000000 2275.104004 0.000000 0.565972 0.000000 -0.824424 0.507708 0.507708 0.507708
3216.341553 0.000000 2218.788818 0.000000 0.266712 0.000000 -0.963776 0.629752 0.629752 0.629752
3221.829102 0.000000 2271.794434 0.000000 0.342565 0.000000 -0.939494 0.540545 0.540545 0.540545
3212.961670 0.000000 2267.844482 0.000000 0.562385 0.000000 -0.826876 0.608588 0.608588 0.608588
3209.722412 0.000000 2269.993652 0.000000 0.427695 0.000000 -0.903923 0.522288 0.522288 0.522288
3198.975342 0.000000 2257.606201 0.000000 0.211063 0.000000 -0.977472 0.561383 0.561383 0.561383
3192.732910 0.000000 2207.744385 0.000000 0.721147 0.000000 -0.692782 0.504169 0.504169 0.504169
3225.469971 0.000000 2226.297852 0.000000 0.098581 0.000000 -0.995129 0.559149 0.559149 0.559149
3206.613770 0.000000 2234.211182 0.000000 0.814582 0.000000 -0.580048 0.512566 0.512566 0.512566
3208.618408 0.000000 2243.820312 0.000000 0.137113 0.000000 -0.990555 0.643222 0.643222 0.643222
3209.076904 0.000000 2259.382812 0.000000 0.514420 0.000000 -0.857538 0.571556 0.571556 0.571556
3195.092041 0.000000 2211.047607 0.000000 0.666209 0.000000 -0.745765 0.546450 0.546450 0.546450
3216.956543 0.000000 2255.352783 0.000000 0.434110 0.000000 -0.900860 0.693223 0.693223 0.693223
3222.136475 0.000000 2259.059814 0.000000 0.647772 0.000000 -0.761834 0.656289 0.656289 0.656289
3203.262695 0.000000 2262.553955 0.000000 0.093742 0.000000 -0.995597 0.637494 0.637494 0.637494
3198.147461 0.000000 2272.181396 0.000000 0.570059 0.000000 -0.821604 0.533410 0.533410 0.533410
3212.168701 0.000000 2250.023193 0.000000 0.291360 0.000000 -0.956613 0.634800 0.634800 0.634800
3203.170898 0.000000 2269.543945 0.000000 0.785052 0.000000 -0.619429 0.529551 0.529551 0.529551
3216.763672 0.000000 2229.942871 0.000000 0.730842 0.000000 -0.682547 0.634832 0.634832 0.634832
3213.695557 0.000000 2222.019287 0.000000 0.370293 0.000000 -0.928915 0.654799 0.654799 0.654799
3179.606445 0.000000 2216.271484 0.000000 0.077611 0.000000 -0.996984 0.584194 0.584194 0.584194
3213.867432 0.000000 2229.345703 0.000000 0.271923 0.000000 -0.962319 0.631915 0.631915 0.631915
3192.386963 0.000000 2258.400635 0.000000 0.303423 0.000000 -0.952856 0.552122 0.552122 0.552122
3205.571289 0.000000 2253.552002 0.000000 0.285758 0.000000 -0.958302 0.674505 0.674505 0.674505
3219.625977 0.000000 2269.316162 0.000000 0.590330 0.000000 -0.807162 0.624122 0.624122 0.624122
3202.888672 0.000000 2207.721680 0.000000 0.115547 0.000000 -0.993302 0.639614 0.639614 0.639614
3214.188965 0.000000 2253.166016 0.000000 0.281981 0.000000 -0.959420 0.657873 0.657873 0.657873
3206.371094 0.000000 2258.762695 0.000000 0.540697 0.000000 -0.841217 0.572398 0.572398 0.572398
3205.741455 0.000000 2266.663086 0.000000 0.526666 0.000000 -0.850072 0.561873 0.561873 0.561873
3184.981201 0.000000 2213.915527 0.000000 0.266510 0.000000 -0.963832 0.594702 0.594702 0.594702
3221.750977 0.000000 2265.371094 0.000000 0.529225 0.000000 -0.848482 0.740234 0.740234 0.740234
3192.476318 0.000000 2272.843750 0.000000 0.591622 0.000000 -0.806215 0.527958 0.527958 0.527958
3209.747803 0.000000 2245.289307 0.000000 0.161063 0.000000 -0.986944 0.673199 0.673199 0.673199
3175.017334 0.000000 2219.370117 0.000000 0.098907 0.000000 -0.995097 0.633528 0.633528 0.633528
3192.531494 0.000000 2269.314941 0.000000 0.011207 0.000000 -0.999937 0.677775 0.677775 0.677775
3208.212158 0.000000 2254.252441 0.000000 0.014598 0.000000 -0.999893 0.707001 0.707001 0.707001
3198.105469 0.000000 2269.627441 0.000000 0.061033 0.000000 -0.998136 0.687453 0.687453 0.687453
3221.897705 0.000000 2254.818848 0.000000 0.200200 0.000000 -0.979755 0.726887 0.726887 0.726887
3201.525146 0.000000 2209.876709 0.000000 0.258624 0.000000 -0.965978 0.691214 0.691214 0.691214
3219.596680 0.000000 2261.268311 0.000000 0.702225 0.000000 -0.711955 0.676971 0.676971 0.676971
3219.884766 0.000000 2228.356201 0.000000 0.098563 0.000000 -0.995131 0.813835 0.813835 0.813835
3210.665039 0.000000 2230.486084 0.000000 0.007171 0.000000 -0.999974 0.637961 0.637961 0.637961
3206.108887 0.000000 2237.028320 0.000000 0.704003 0.000000 -0.710197 0.530742 0.530742 0.530742
3199.812988 0.000000 2214.645264 0.000000 0.284552 0.000000 -0.958661 0.660320 0.660320 0.660320
3194.901611 0.000000 2263.283691 0.000000 0.352497 0.000000 -0.935813 0.655360 0.655360 0.655360
3171.185547 0.000000 2210.329102 0.000000 0.129407 0.000000 -0.991592 0.611891 0.611891 0.611891
3202.864258 0.000000 2255.100586 0.000000 0.588335 0.000000 -0.808617 0.571677 0.571677 0.571677
3213.828613 0.000000 2266.008789 0.000000 0.345148 0.000000 -0.938548 0.648477 0.648477 0.648477
3196.218262 0.000000 2215.104736 0.000000 0.709096 0.000000 -0.705112 0.545832 0.545832 0.545832
3197.584961 0.000000 2212.712646 0.000000 0.248597 0.000000 -0.968607 0.644202 0.644202 0.644202
3220.825928 0.000000 2227.275879 0.000000 0.047996 0.000000 -0.998848 0.723722 0.723722 0.723722
3214.125732 0.000000 2232.343506 0.000000 0.684420 0.000000 -0.729088 0.614294 0.614294 0.614294
3220.042480 0.000000 2252.408691 0.000000 0.549937 0.000000 -0.835206 0.598812 0.598812 0.598812
3211.800781 0.000000 2257.277344 0.000000 0.492074 0.000000 -0.870553 0.599527 0.599527 0.599527
3210.059570 0.000000 2247.567871 0.000000 0.559639 0.000000 -0.828737 0.619005 0.619005 0.619005
3204.480225 0.000000 2252.671143 0.000000 0.628222 0.000000 -0.778034 0.606248 0.606248 0.606248
3209.150391 0.000000 2246.532471 0.000000 0.771487 0.000000 -0.636245 0.576285 0.576285 0.576285
3213.628174 0.000000 2264.595215 0.000000 0.449554 0.000000 -0.893253 0.682045 0.682045 0.682045
3224.971680 0.000000 2261.046387 0.000000 0.058626 0.000000 -0.998280 0.703122 0.703122 0.703122
3200.146484 0.000000 2209.552734 0.000000 0.612732 0.000000 -0.790291 0.617900 0.617900 0.617900
3219.705322 0.000000 2253.755127 0.000000 0.173192 0.000000 -0.984888 0.694787 0.694787 0.694787
3222.237549 0.000000 2261.504150 0.000000 0.638262 0.000000 -0.769819 0.679974 0.679974 0.679974
3220.665527 0.000000 2262.100586 0.000000 0.294955 0.000000 -0.955511 0.814226 0.814226 0.814226
3214.785645 0.000000 2233.856445 0.000000 0.403462 0.000000 -0.914997 0.682367 0.682367 0.682367
3216.305664 0.000000 2231.396484 0.000000 0.180807 0.000000 -0.983519 0.804223 0.804223 0.804223
3212.804932 0.000000 2232.472412 0.000000 0.739768 0.000000 -0.672862 0.551160 0.551160 0.551160
3216.003906 0.000000 2220.038330 0.000000 0.390159 0.000000 -0.920748 0.649792 0.649792 0.649792
3222.397217 0.000000 2230.335205 0.000000 0.720322 0.000000 -0.693640 0.580896 0.580896 0.580896
3221.282471 0.000000 2266.576172 0.000000 0.617987 0.000000 -0.786189 0.662404 0.662404 0.662404
3202.408203 0.000000 2208.922852 0.000000 0.278018 0.000000 -0.960576 0.675919 0.675919 0.675919
3199.794678 0.000000 2212.225586 0.000000 0.285656 0.000000 -0.958332 0.690355 0.690355 0.690355
3173.865479 0.000000 2211.110596 0.000000 0.728883 0.000000 -0.684639 0.559289 0.559289 0.559289
3177.276123 0.000000 2209.387207 0.000000 0.025022 0.000000 -0.999687 0.773006 0.773006 0.773006
3206.220947 0.000000 2250.246338 0.000000 0.210569 0.000000 -0.977579 0.726271 0.726271 0.726271
3214.120605 0.000000 2259.852295 0.000000 0.805930 0.000000 -0.592011 0.603741 0.603741 0.603741
3213.947754 0.000000 2257.535156 0.000000 0.537068 0.000000 -0.843539 0.607886 0.607886 0.607886
3222.431641 0.000000 2256.015137 0.000000 0.257141 0.000000 -0.966374 0.710640 0.710640 0.710640
3216.889893 0.000000 2223.743652 0.000000 0.016361 0.000000 -0.999866 0.755607 0.755607 0.755607
3215.663330 0.000000 2255.785400 0.000000 0.599797 0.000000 -0.800152 0.622981 0.622981 0.622981
3209.289062 0.000000 2249.061279 0.000000 0.692016 0.000000 -0.721882 0.615813 0.615813 0.615813
3207.051514 0.000000 2253.889404 0.000000 0.164429 0.000000 -0.986389 0.723191 0.723191 0.723191
3204.697021 0.000000 2250.959473 0.000000 0.081193 0.000000 -0.996698 0.727783 0.727783 0.727783
3214.698730 0.000000 2260.789795 0.000000 0.258263 0.000000 -0.966075 0.825165 0.825165 0.825165
3219.696777 0.000000 2255.859863 0.000000 0.672380 0.000000 -0.740207 0.638187 0.638187 0.638187
3208.323730 0.000000 2251.236328 0.000000 0.784568 0.000000 -0.620043 0.589753 0.589753 0.589753
3167.711182 0.000000 2220.014160 0.000000 0.527827 0.000000 -0.849352 0.662045 0.662045 0.662045
3223.239746 0.000000 2259.068848 0.000000 0.453749 0.000000 -0.891130 0.711947 0.711947 0.711947
3216.656006 0.000000 2232.380127 0.000000 0.638935 0.000000 -0.769260 0.661010 0.661010 0.661010
3218.787842 0.000000 2228.375488 0.000000 0.006060 0.000000 -0.999982 0.836737 0.836737 0.836737
3217.426514 0.000000 2262.628174 0.000000 0.101451 0.000000 -0.994841 0.870886 0.870886 0.870886
3218.618408 0.000000 2260.939209 0.000000 0.814184 0.000000 -0.580606 0.627466 0.627466 0.627466
3223.379395 0.000000 2263.410156 0.000000 0.512570 0.000000 -0.858646 0.715662 0.715662 0.715662
3221.889648 0.000000 2260.016602 0.000000 0.200391 0.000000 -0.979716 0.842201 0.842201 0.842201
3220.835938 0.000000 2265.060791 0.000000 0.090715 0.000000 -0.995877 0.873976 0.873976 0.873976
3219.974365 0.000000 2264.654785 0.000000 0.550277 0.000000 -0.834982 0.733070 0.733070 0.733070
2806.789062 0.000000 2464.768799 0.000000 0.026083 0.000000 -0.999660 0.642629 0.642629 0.642629
2806.081055 0.000000 2463.701172 0.000000 0.787118 0.000000 -0.616803 0.578437 0.578437 0.578437
2808.456543 0.000000 2462.829834 0.000000 0.700006 0.000000 -0.714137 0.516125 0.516125 0.516125
3141.457031 0.000000 2323.478271 0.000000 0.795899 0.000000 -0.605429 0.463150 0.463150 0.463150
3151.128662 0.000000 2309.101562 0.000000 0.311887 0.000000 -0.950119 0.483801 0.483801 0.483801
3150.502197 0.000000 2314.263672 0.000000 0.360932 0.000000 -0.932592 0.514793 0.514793 0.514793
3148.452881 0.000000 2314.291260 0.000000 0.766057 0.000000 -0.642772 0.649994 0.649994 0.649994
3148.239502 0.000000 2313.042480 0.000000 0.054304 0.000000 -0.998524 0.823103 0.823103 0.823103
3150.613037 0.000000 2312.625000 0.000000 0.228773 0.000000 -0.973480 0.720971 0.720971 0.720971
3426.341553 0.000000 2390.739746 0.000000 0.812079 0.000000 -0.583548 0.509501 0.509501 0.509501
3432.100830 0.000000 2391.942383 0.000000 0.493245 0.000000 -0.869891 0.504520 0.504520 0.504520
3432.315918 0.000000 2383.478516 0.000000 0.661896 0.000000 -0.749595 0.503316 0.503316 0.503316
3412.526855 0.000000 2431.491455 0.000000 0.176242 0.000000 -0.984347 0.462525 0.462525 0.462525
3396.278809 0.000000 2428.202881 0.000000 0.341402 0.000000 -0.939918 0.552997 0.552997 0.552997
3403.347412 0.000000 2428.427490 0.000000 0.256987 0.000000 -0.966415 0.607581 0.607581 0.607581
3410.208252 0.000000 2432.816895 0.000000 0.802430 0.000000 -0.596746 0.553446 0.553446 0.553446
3402.715820 0.000000 2433.684326 0.000000 0.507142 0.000000 -0.861863 0.492019 0.492019 0.492019
3417.583252 0.000000 2409.807617 0.000000 0.277216 0.000000 -0.960808 0.534050 0.534050 0.534050
3400.820801 0.000000 2432.425781 0.000000 0.535397 0.000000 -0.844601 0.520059 0.520059 0.520059
3397.007080 0.000000 2430.145264 0.000000 0.150129 0.000000 -0.988666 0.548915 0.548915 0.548915
3414.234131 0.000000 2410.873291 0.000000 0.306960 0.000000 -0.951722 0.616875 0.616875 0.616875
3408.785889 0.000000 2437.796631 0.000000 0.471510 0.000000 -0.881861 0.533703 0.533703 0.533703
3414.809082 0.000000 2415.980469 0.000000 0.216065 0.000000 -0.976379 0.671926 0.671926 0.671926
3399.728271 0.000000 2429.506592 0.000000 0.328298 0.000000 -0.944574 0.679170 0.679170 0.679170
3400.376709 0.000000 2428.298096 0.000000 0.336975 0.000000 -0.941513 0.677465 0.677465 0.677465
3410.978271 0.000000 2433.937744 0.000000 0.373651 0.000000 -0.927569 0.642167 0.642167 0.642167
3418.042480 0.000000 2411.002197 0.000000 0.526473 0.000000 -0.850192 0.638399 0.638399 0.638399
3417.656250 0.000000 2413.410156 0.000000 0.737575 0.000000 -0.675265 0.622397 0.622397 0.622397
3160.140381 0.000000 2779.251465 0.000000 0.714350 0.000000 -0.699788 0.460449 0.460449 0.460449
3203.904053 0.000000 2721.930420 0.000000 0.202145 0.000000 -0.979356 0.480721 0.480721 0.480721
3190.457764 0.000000 2716.298828 0.000000 0.660943 0.000000 -0.750436 0.455721 0.455721 0.455721
3200.968750 0.000000 2737.816162 0.000000 0.705288 0.000000 -0.708921 0.464164 0.464164 0.464164
3177.982666 0.000000 2747.334961 0.000000 0.561339 0.000000 -0.827586 0.465332 0.465332 0.465332
3186.882324 0.000000 2719.089600 0.000000 0.375518 0.000000 -0.926815 0.471316 0.471316 0.471316
3178.851807 0.000000 2731.573730 0.000000 0.590831 0.000000 -0.806795 0.464764 0.464764 0.464764
3187.780029 0.000000 2746.150879 0.000000 0.129010 0.000000 -0.991643 0.495342 0.495342 0.495342
3185.541748 0.000000 2741.491211 0.000000 0.051116 0.000000 -0.998693 0.501218 0.501218 0.501218
3718.528809 0.000000 1609.997314 0.000000 0.475361 0.000000 -0.879791 0.601022 0.601022 0.601022
3719.557617 0.000000 1587.995972 0.000000 0.737208 0.000000 -0.675666 0.546680 0.546680 0.546680
3830.915283 0.000000 1627.732300 0.000000 0.250445 0.000000 -0.968131 0.510693 0.510693 0.510693
3833.604004 0.000000 1630.425171 0.000000 0.128805 0.000000 -0.991670 0.482392 0.482392 0.482392
3882.313477 0.000000 1585.300049 0.000000 0.537126 0.000000 -0.843502 0.503001 0.503001 0.503001
3829.193848 0.000000 1628.927246 0.000000 0.576358 0.000000 -0.817198 0.513402 0.513402 0.513402
3871.575928 0.000000 1584.224731 0.000000 0.777983 0.000000 -0.628285 0.511820 0.511820 0.511820
3886.422119 0.000000 1577.482910 0.000000 0.594657 0.000000 -0.803980 0.534989 0.534989 0.534989
3873.228027 0.000000 1586.400879 0.000000 0.552146 0.000000 -0.833747 0.590660 0.590660 0.590660
3872.535400 0.000000 1583.122314 0.000000 0.783761 0.000000 -0.621062 0.545608 0.545608 0.545608
3885.486328 0.000000 1583.932617 0.000000 0.566904 0.000000 -0.823784 0.603345 0.603345 0.603345
3872.316895 0.000000 1585.166016 0.000000 0.716588 0.000000 -0.697497 0.597422 0.597422 0.597422
3879.885986 0.000000 1583.574707 0.000000 0.722315 0.000000 -0.691564 0.613005 0.613005 0.613005
3875.957520 0.000000 1582.268066 0.000000 0.322756 0.000000 -0.946482 0.726308 0.726308 0.726308
3836.059814 0.000000 1633.253906 0.000000 0.554064 0.000000 -0.832474 0.507459 0.507459 0.507459
3834.618896 0.000000 1643.387939 0.000000 0.612848 0.000000 -0.790201 0.485826 0.485826 0.485826
3847.185059 0.000000 1654.873291 0.000000 0.813795 0.000000 -0.581152 0.494589 0.494589 0.494589
3846.720215 0.000000 1649.649780 0.000000 0.665170 0.000000 -0.746692 0.508723 0.508723 0.508723
3836.648926 0.000000 1643.823242 0.000000 0.080570 0.000000 -0.996749 0.575557 0.575557 0.575557
3895.166260 0.000000 1579.674438 0.000000 0.578403 0.000000 -0.815751 0.540031 0.540031 0.540031
3956.293457 0.000000 1546.697998 0.000000 0.652793 0.000000 -0.757536 0.529182 0.529182 0.529182
3958.437988 0.000000 1547.144775 0.000000 0.164444 0.000000 -0.986386 0.551064 0.551064 0.551064
3953.855225 0.000000 1548.385132 0.000000 0.814124 0.000000 -0.580691 0.500813 0.500813 0.500813
3948.224854 0.000000 1549.602661 0.000000 0.281211 0.000000 -0.959646 0.684003 0.684003 0.684003
3958.800293 0.000000 1550.965698 0.000000 0.486688 0.000000 -0.873576 0.679183 0.679183 0.679183
3887.803467 0.000000 1576.165527 0.000000 0.026087 0.000000 -0.999660 0.590567 0.590567 0.590567
3896.406982 0.000000 1565.202393 0.000000 0.592182 0.000000 -0.805805 0.536322 0.536322 0.536322
3910.855957 0.000000 1562.676025 0.000000 0.098495 0.000000 -0.995138 0.691465 0.691465 0.691465
3894.809570 0.000000 1577.812622 0.000000 0.051483 0.000000 -0.998674 0.663355 0.663355 0.663355
3918.754395 0.000000 1552.120972 0.000000 0.008313 0.000000 -0.999965 0.841447 0.841447 0.841447
3956.756104 0.000000 1549.841675 0.000000 0.209516 0.000000 -0.977805 0.694411 0.694411 0.694411
3903.886719 0.000000 1569.816284 0.000000 0.138437 0.000000 -0.990371 0.733127 0.733127 0.733127
3892.503174 0.000000 1577.505859 0.000000 0.815434 0.000000 -0.578851 0.607430 0.607430 0.607430
3894.816650 0.000000 1576.177246 0.000000 0.728110 0.000000 -0.685461 0.556058 0.556058 0.556058
3917.449463 0.000000 1553.325684 0.000000 0.269478 0.000000 -0.963007 0.639562 0.639562 0.639562
3895.262939 0.000000 1570.021729 0.000000 0.618705 0.000000 -0.785623 0.580969 0.580969 0.580969
3900.295166 0.000000 1562.941040 0.000000 0.029242 0.000000 -0.999572 0.818884 0.818884 0.818884
3890.825928 0.000000 1569.109863 0.000000 0.172592 0.000000 -0.984993 0.691754 0.691754 0.691754
3958.957520 0.000000 1548.414429 0.000000 0.604238 0.000000 -0.796804 0.646803 0.646803 0.646803
3949.395264 0.000000 1549.192871 0.000000 0.156757 0.000000 -0.987637 0.707235 0.707235 0.707235
3935.234863 0.000000 1546.333740 0.000000 0.099030 0.000000 -0.995084 0.788920 0.788920 0.788920
3891.414062 0.000000 1571.311646 0.000000 0.462699 0.000000 -0.886516 0.664250 0.664250 0.664250
3919.794434 0.000000 1553.743896 0.000000 0.748522 0.000000 -0.663110 0.631625 0.631625 0.631625
3904.179932 0.000000 1567.755859 0.000000 0.539882 0.000000 -0.841741 0.736622 0.736622 0.736622
3903.388184 0.000000 1564.512329 0.000000 0.238256 0.000000 -0.971202 0.831082 0.831082 0.831082
3970.681396 0.000000 1556.498901 0.000000 0.285496 0.000000 -0.958380 0.537806 0.537806 0.537806
3963.239014 0.000000 1555.773193 0.000000 0.499740 0.000000 -0.866175 0.548852 0.548852 0.548852
3973.457764 0.000000 1556.415527 0.000000 0.804957 0.000000 -0.593333 0.514938 0.514938 0.514938
3968.179443 0.000000 1557.163330 0.000000 0.409602 0.000000 -0.912264 0.536470 0.536470 0.536470
3976.669189 0.000000 1557.185181 0.000000 0.377524 0.000000 -0.926000 0.617554 0.617554 0.617554
3971.998779 0.000000 1555.818359 0.000000 0.628102 0.000000 -0.778131 0.560194 0.560194 0.560194
3968.039062 0.000000 1555.854248 0.000000 0.534182 0.000000 -0.845369 0.679715 0.679715 0.679715
3975.474854 0.000000 1553.533569 0.000000 0.820399 0.000000 -0.571791 0.624376 0.624376 0.624376
3968.024658 0.000000 1554.280762 0.000000 0.687816 0.000000 -0.725885 0.635257 0.635257 0.635257
3980.989258 0.000000 1555.170776 0.000000 0.345804 0.000000 -0.938307 0.798846 0.798846 0.798846
3960.857178 0.000000 1554.099976 0.000000 0.008421 0.000000 -0.999965 0.830888 0.830888 0.830888
3596.550781 0.000000 2286.387695 0.000000 0.741257 0.000000 -0.671221 0.499602 0.499602 0.499602
3596.710938 0.000000 2276.413330 0.000000 0.212890 0.000000 -0.977076 0.838541 0.838541 0.838541
3593.422119 0.000000 2284.029297 0.000000 0.820374 0.000000 -0.571827 0.466413 0.466413 0.466413
3594.604492 0.000000 2285.727295 0.000000 0.201743 0.000000 -0.979438 0.542189 0.542189 0.542189
3596.081543 0.000000 2290.584717 0.000000 0.492775 0.000000 -0.870157 0.680049 0.680049 0.680049
3598.457031 0.000000 2293.296387 0.000000 0.276434 0.000000 -0.961033 0.718259 0.718259 0.718259
3596.343506 0.000000 2293.702637 0.000000 0.614751 0.000000 -0.788721 0.590885 0.590885 0.590885
3592.542480 0.000000 2290.678467 0.000000 0.680255 0.000000 -0.732976 0.563682 0.563682 0.563682
3590.023193 0.000000 2291.231934 0.000000 0.291099 0.000000 -0.956693 0.739439 0.739439 0.739439
3597.620850 0.000000 2291.190918 0.000000 0.802957 0.000000 -0.596037 0.589173 0.589173 0.589173
3594.983398 0.000000 2289.782471 0.000000 0.760349 0.000000 -0.649515 0.625522 0.625522 0.625522
3595.456055 0.000000 2286.457520 0.000000 0.074165 0.000000 -0.997246 0.784581 0.784581 0.784581
3597.658203 0.000000 2276.937256 0.000000 0.263552 0.000000 -0.964645 0.823595 0.823595 0.823595
3603.096436 0.000000 2289.200684 0.000000 0.358348 0.000000 -0.933588 0.496001 0.496001 0.496001
3605.588379 0.000000 2289.386719 0.000000 0.702566 0.000000 -0.711619 0.527390 0.527390 0.527390
3599.623291 0.000000 2295.305176 0.000000 0.676053 0.000000 -0.736853 0.605421 0.605421 0.605421
3927.702881 0.000000 1982.722778 0.000000 0.675756 0.000000 -0.737126 0.455587 0.455587 0.455587
3910.379639 0.000000 1948.423828 0.000000 0.294469 0.000000 -0.955661 0.460002 0.460002 0.460002
3916.472168 0.000000 1951.569458 0.000000 0.507483 0.000000 -0.861662 0.655346 0.655346 0.655346
3919.062012 0.000000 1974.662109 0.000000 0.747622 0.000000 -0.664125 0.462240 0.462240 0.462240
3923.942139 0.000000 1979.492676 0.000000 0.544072 0.000000 -0.839038 0.466776 0.466776 0.466776
3923.687500 0.000000 1965.943604 0.000000 0.412495 0.000000 -0.910960 0.533657 0.533657 0.533657
3898.773682 0.000000 1963.698486 0.000000 0.628908 0.000000 -0.777480 0.489023 0.489023 0.489023
3953.557129 0.000000 1981.461304 0.000000 0.707114 0.000000 -0.707100 0.540881 0.540881 0.540881
3915.334473 0.000000 1947.261353 0.000000 0.610151 0.000000 -0.792286 0.471576 0.471576 0.471576
3919.823242 0.000000 1954.140869 0.000000 0.562947 0.000000 -0.826493 0.564759 0.564759 0.564759
3925.330811 0.000000 1985.877686 0.000000 0.772878 0.000000 -0.634555 0.466990 0.466990 0.466990
3919.310059 0.000000 1961.114502 0.000000 0.135107 0.000000 -0.990831 0.530623 0.530623 0.530623
3903.115234 0.000000 1950.913208 0.000000 0.197295 0.000000 -0.980344 0.480832 0.480832 0.480832
3924.439453 0.000000 1971.088745 0.000000 0.689390 0.000000 -0.724390 0.520992 0.520992 0.520992
3913.946533 0.000000 1963.450439 0.000000 0.236200 0.000000 -0.971705 0.478440 0.478440 0.478440
3921.699707 0.000000 1957.125244 0.000000 0.182107 0.000000 -0.983279 0.496769 0.496769 0.496769
3910.508057 0.000000 1981.491699 0.000000 0.106653 0.000000 -0.994296 0.558547 0.558547 0.558547
3907.020996 0.000000 1985.002441 0.000000 0.344120 0.000000 -0.938926 0.529462 0.529462 0.529462
3903.120117 0.000000 1965.978516 0.000000 0.819808 0.000000 -0.572638 0.468495 0.468495 0.468495
3919.188721 0.000000 1989.589478 0.000000 0.423488 0.000000 -0.905902 0.513672 0.513672 0.513672
3900.278076 0.000000 1961.275757 0.000000 0.697512 0.000000 -0.716573 0.482310 0.482310 0.482310
3931.266357 0.000000 1972.965210 0.000000 0.753376 0.000000 -0.657591 0.483054 0.483054 0.483054
3953.887695 0.000000 1988.274292 0.000000 0.128540 0.000000 -0.991704 0.509936 0.509936 0.509936
3900.219482 0.000000 1965.857910 0.000000 0.000762 0.000000 -1.000000 0.621094 0.621094 0.621094
3923.648438 0.000000 1968.531616 0.000000 0.811733 0.000000 -0.584029 0.603448 0.603448 0.603448
3927.843506 0.000000 1975.609741 0.000000 0.194933 0.000000 -0.980817 0.741872 0.741872 0.741872
3935.678223 0.000000 2005.560181 0.000000 0.779495 0.000000 -0.626408 0.545063 0.545063 0.545063
3932.397461 0.000000 2003.728271 0.000000 0.380018 0.000000 -0.924979 0.562775 0.562775 0.562775
3926.134033 0.000000 1972.596191 0.000000 0.244702 0.000000 -0.969598 0.736986 0.736986 0.736986
3911.604248 0.000000 1968.681763 0.000000 0.477979 0.000000 -0.878371 0.619881 0.619881 0.619881
3939.226074 0.000000 1991.587036 0.000000 0.317185 0.000000 -0.948364 0.513095 0.513095 0.513095
3925.707031 0.000000 1969.118652 0.000000 0.055196 0.000000 -0.998476 0.727534 0.727534 0.727534
3942.307617 0.000000 1986.465210 0.000000 0.209479 0.000000 -0.977813 0.526381 0.526381 0.526381
3939.738525 0.000000 1996.205322 0.000000 0.774053 0.000000 -0.633121 0.544736 0.544736 0.544736
3954.565430 0.000000 1997.774048 0.000000 0.624469 0.000000 -0.781050 0.512434 0.512434 0.512434
3896.374512 0.000000 1969.006592 0.000000 0.039668 0.000000 -0.999213 0.644375 0.644375 0.644375
3918.069336 0.000000 1984.228027 0.000000 0.560566 0.000000 -0.828110 0.630869 0.630869 0.630869
3956.872314 0.000000 1991.543701 0.000000 0.742053 0.000000 -0.670341 0.569677 0.569677 0.569677
3912.731201 0.000000 1957.874634 0.000000 0.509302 0.000000 -0.860588 0.539656 0.539656 0.539656
3914.283936 0.000000 1955.543213 0.000000 0.232018 0.000000 -0.972711 0.714290 0.714290 0.714290
3926.292969 0.000000 1970.809448 0.000000 0.073470 0.000000 -0.997297 0.611481 0.611481 0.611481
3915.447021 0.000000 1970.189209 0.000000 0.297465 0.000000 -0.954733 0.655255 0.655255 0.655255
3941.819580 0.000000 1966.865601 0.000000 0.578974 0.000000 -0.815346 0.544249 0.544249 0.544249
3902.317139 0.000000 1958.986328 0.000000 0.595373 0.000000 -0.803449 0.538053 0.538053 0.538053
3917.939453 0.000000 1950.541626 0.000000 0.686627 0.000000 -0.727009 0.610941 0.610941 0.610941
3900.940186 0.000000 1953.473633 0.000000 0.151201 0.000000 -0.988503 0.622172 0.622172 0.622172
3954.404541 0.000000 1992.691650 0.000000 0.732190 0.000000 -0.681100 0.548486 0.548486 0.548486
3934.832520 0.000000 2006.961182 0.000000 0.639403 0.000000 -0.768872 0.547549 0.547549 0.547549
3908.405762 0.000000 1985.746582 0.000000 0.526771 0.000000 -0.850007 0.628062 0.628062 0.628062
3918.666748 0.000000 1951.968140 0.000000 0.196228 0.000000 -0.980558 0.591939 0.591939 0.591939
3946.584473 0.000000 2000.292480 0.000000 0.194075 0.000000 -0.980987 0.704971 0.704971 0.704971
3900.982910 0.000000 1959.927368 0.000000 0.706217 0.000000 -0.707995 0.557819 0.557819 0.557819
3948.744629 0.000000 1998.054077 0.000000 0.283142 0.000000 -0.959078 0.728345 0.728345 0.728345
3915.661865 0.000000 1971.669922 0.000000 0.806817 0.000000 -0.590801 0.552251 0.552251 0.552251
3909.362061 0.000000 1986.868408 0.000000 0.798028 0.000000 -0.602620 0.523389 0.523389 0.523389
3936.569580 0.000000 1998.051758 0.000000 0.038824 0.000000 -0.999246 0.665135 0.665135 0.665135
3922.426514 0.000000 1969.446289 0.000000 0.532212 0.000000 -0.846611 0.698393 0.698393 0.698393
3945.220215 0.000000 1970.338379 0.000000 0.777735 0.000000 -0.628592 0.545457 0.545457 0.545457
3951.475098 0.000000 1999.840088 0.000000 0.226817 0.000000 -0.973937 0.747007 0.747007 0.747007
3897.124756 0.000000 1967.755371 0.000000 0.404244 0.000000 -0.914651 0.627714 0.627714 0.627714
3951.248779 0.000000 1996.071045 0.000000 0.534492 0.000000 -0.845174 0.627596 0.627596 0.627596
3921.741943 0.000000 1986.270630 0.000000 0.797895 0.000000 -0.602797 0.568480 0.568480 0.568480
3932.896973 0.000000 2007.476196 0.000000 0.720173 0.000000 -0.693795 0.564566 0.564566 0.564566
3951.362305 0.000000 1998.626953 0.000000 0.713831 0.000000 -0.700318 0.621709 0.621709 0.621709
3950.482666 0.000000 1997.698975 0.000000 0.608140 0.000000 -0.793830 0.611756 0.611756 0.611756
3917.312500 0.000000 1956.301147 0.000000 0.615466 0.000000 -0.788163 0.669275 0.669275 0.669275
3899.368408 0.000000 1966.600220 0.000000 0.101770 0.000000 -0.994808 0.826240 0.826240 0.826240
3916.769043 0.000000 1957.608276 0.000000 0.586368 0.000000 -0.810045 0.678070 0.678070 0.678070
4113.304688 0.000000 1535.901001 0.000000 0.566393 0.000000 -0.824135 0.497883 0.497883 0.497883
4283.765625 0.000000 1551.643433 0.000000 0.702280 0.000000 -0.711901 0.478480 0.478480 0.478480
4286.931152 0.000000 1606.195312 0.000000 0.559946 0.000000 -0.828529 0.600291 0.600291 0.600291
4288.421875 0.000000 1600.341919 0.000000 0.705906 0.000000 -0.708305 0.564954 0.564954 0.564954
4290.347656 0.000000 1598.825195 0.000000 0.022190 0.000000 -0.999754 0.820572 0.820572 0.820572
4288.952637 0.000000 1660.731323 0.000000 0.744138 0.000000 -0.668026 0.659574 0.659574 0.659574
4609.466309 0.000000 153.055450 0.000000 0.305247 0.000000 -0.952273 0.464162 0.464162 0.464162
4672.907227 0.000000 161.887390 0.000000 0.592948 0.000000 -0.805241 0.457361 0.457361 0.457361
4611.674805 0.000000 147.520401 0.000000 0.296263 0.000000 -0.955106 0.462841 0.462841 0.462841
4662.964355 0.000000 101.460594 0.000000 0.821923 0.000000 -0.569599 0.458851 0.458851 0.458851
4653.388672 0.000000 139.758026 0.000000 0.383917 0.000000 -0.923368 0.468508 0.468508 0.468508
4670.038574 0.000000 191.737305 0.000000 0.551104 0.000000 -0.834436 0.465525 0.465525 0.465525
4620.181641 0.000000 190.998932 0.000000 0.187495 0.000000 -0.982266 0.535405 0.535405 0.535405
4669.097168 0.000000 169.122391 0.000000 0.346933 0.000000 -0.937890 0.501933 0.501933 0.501933
4677.847656 0.000000 178.253265 0.000000 0.685078 0.000000 -0.728470 0.472004 0.472004 0.472004
4630.273438 0.000000 128.468658 0.000000 0.685045 0.000000 -0.728501 0.475673 0.475673 0.475673
4662.742188 0.000000 182.941925 0.000000 0.378363 0.000000 -0.925657 0.543014 0.543014 0.543014
4619.427734 0.000000 187.878296 0.000000 0.768513 0.000000 -0.639834 0.488219 0.488219 0.488219
4645.912598 0.000000 127.030426 0.000000 0.031088 0.000000 -0.999517 0.488055 0.488055 0.488055
4639.110352 0.000000 165.886200 0.000000 0.281023 0.000000 -0.959701 0.532347 0.532347 0.532347
4678.052734 0.000000 130.104660 0.000000 0.420473 0.000000 -0.907305 0.518967 0.518967 0.518967
4608.704590 0.000000 119.554543 0.000000 0.218775 0.000000 -0.975775 0.533431 0.533431 0.533431
4630.049316 0.000000 137.586182 0.000000 0.760465 0.000000 -0.649379 0.477791 0.477791 0.477791
4635.770508 0.000000 142.656952 0.000000 0.139184 0.000000 -0.990267 0.519137 0.519137 0.519137
4671.252930 0.000000 179.878662 0.000000 0.539697 0.000000 -0.841860 0.514082 0.514082 0.514082
4636.269043 0.000000 151.607285 0.000000 0.332900 0.000000 -0.942962 0.559291 0.559291 0.559291
4616.559082 0.000000 153.150986 0.000000 0.286720 0.000000 -0.958015 0.511834 0.511834 0.511834
4618.931641 0.000000 183.253220 0.000000 0.130758 0.000000 -0.991414 0.532487 0.532487 0.532487
4610.071289 0.000000 140.921173 0.000000 0.393377 0.000000 -0.919377 0.499799 0.499799 0.499799
4643.831055 0.000000 118.301575 0.000000 0.122460 0.000000 -0.992473 0.557368 0.557368 0.557368
4672.750000 0.000000 147.792831 0.000000 0.753833 0.000000 -0.657066 0.496714 0.496714 0.496714
4670.134277 0.000000 143.549698 0.000000 0.102038 0.000000 -0.994780 0.580340 0.580340 0.580340
4671.142578 0.000000 185.259003 0.000000 0.551492 0.000000 -0.834180 0.495446 0.495446 0.495446
4658.348633 0.000000 184.261475 0.000000 0.012140 0.000000 -0.999926 0.565570 0.565570 0.565570
4663.008301 0.000000 185.651978 0.000000 0.406370 0.000000 -0.913709 0.527674 0.527674 0.527674
4648.966797 0.000000 144.069748 0.000000 0.187825 0.000000 -0.982202 0.518307 0.518307 0.518307
4634.631348 0.000000 111.618866 0.000000 0.078900 0.000000 -0.996882 0.522067 0.522067 0.522067
4633.508301 0.000000 152.533981 0.000000 0.744872 0.000000 -0.667208 0.509085 0.509085 0.509085
4626.681152 0.000000 152.382507 0.000000 0.790510 0.000000 -0.612450 0.503318 0.503318 0.503318
4648.862305 0.000000 176.390106 0.000000 0.034083 0.000000 -0.999419 0.525962 0.525962 0.525962
4642.878906 0.000000 189.162018 0.000000 0.751355 0.000000 -0.659898 0.509104 0.509104 0.509104
4619.542969 0.000000 185.556763 0.000000 0.164898 0.000000 -0.986311 0.532087 0.532087 0.532087
4655.600098 0.000000 181.856995 0.000000 0.104028 0.000000 -0.994574 0.563686 0.563686 0.563686
4672.617188 0.000000 131.540421 0.000000 0.804461 0.000000 -0.594006 0.504305 0.504305 0.504305
4666.873535 0.000000 168.491394 0.000000 0.727574 0.000000 -0.686030 0.490769 0.490769 0.490769
4667.289062 0.000000 126.764404 0.000000 0.442631 0.000000 -0.896704 0.516227 0.516227 0.516227
4626.524902 0.000000 167.662292 0.000000 0.017109 0.000000 -0.999854 0.542511 0.542511 0.542511
4629.263184 0.000000 152.929977 0.000000 0.806030 0.000000 -0.591875 0.501945 0.501945 0.501945
4636.322266 0.000000 145.039154 0.000000 0.384202 0.000000 -0.923249 0.525336 0.525336 0.525336
4642.806152 0.000000 161.903885 0.000000 0.782913 0.000000 -0.622131 0.496770 0.496770 0.496770
4625.451172 0.000000 144.631866 0.000000 0.466385 0.000000 -0.884582 0.540251 0.540251 0.540251
4639.099121 0.000000 119.123222 0.000000 0.276994 0.000000 -0.960872 0.551458 0.551458 0.551458
4646.056152 0.000000 148.892975 0.000000 0.695006 0.000000 -0.719004 0.508592 0.508592 0.508592
4631.525879 0.000000 144.978470 0.000000 0.723459 0.000000 -0.690368 0.500508 0.500508 0.500508
4630.576660 0.000000 112.773827 0.000000 0.645828 0.000000 -0.763483 0.498796 0.498796 0.498796
4638.634277 0.000000 113.899620 0.000000 0.397491 0.000000 -0.917606 0.536161 0.536161 0.536161
4636.044922 0.000000 149.412048 0.000000 0.344886 0.000000 -0.938645 0.554053 0.554053 0.554053
4635.113281 0.000000 160.557129 0.000000 0.137054 0.000000 -0.990564 0.565938 0.565938 0.565938
4641.181152 0.000000 190.762634 0.000000 0.030727 0.000000 -0.999528 0.564192 0.564192 0.564192
4649.172363 0.000000 190.874756 0.000000 0.119895 0.000000 -0.992787 0.572226 0.572226 0.572226
4622.395020 0.000000 125.097900 0.000000 0.693315 0.000000 -0.720635 0.499723 0.499723 0.499723
4662.229492 0.000000 162.761993 0.000000 0.589329 0.000000 -0.807893 0.512344 0.512344 0.512344
4629.455078 0.000000 118.448013 0.000000 0.733707 0.000000 -0.679466 0.516301 0.516301 0.516301
4631.306641 0.000000 114.839951 0.000000 0.331236 0.000000 -0.943548 0.534510 0.534510 0.534510
4655.620605 0.000000 157.433548 0.000000 0.607672 0.000000 -0.794188 0.524229 0.524229 0.524229
4620.314453 0.000000 156.020905 0.000000 0.051323 0.000000 -0.998682 0.572906 0.572906 0.572906
4671.866699 0.000000 177.677704 0.000000 0.327028 0.000000 -0.945015 0.525083 0.525083 0.525083
4675.941406 0.000000 130.574524 0.000000 0.699972 0.000000 -0.714171 0.516129 0.516129 0.516129
4664.906738 0.000000 165.936630 0.000000 0.203936 0.000000 -0.978984 0.532835 0.532835 0.532835
4631.659668 0.000000 162.906662 0.000000 0.790183 0.000000 -0.612871 0.504843 0.504843 0.504843
4623.680664 0.000000 121.346527 0.000000 0.360738 0.000000 -0.932667 0.547206 0.547206 0.547206
4634.331055 0.000000 188.187912 0.000000 0.417489 0.000000 -0.908682 0.560154 0.560154 0.560154
4673.340820 0.000000 121.624519 0.000000 0.810656 0.000000 -0.585522 0.495678 0.495678 0.495678
4660.524414 0.000000 164.046249 0.000000 0.218772 0.000000 -0.975776 0.560735 0.560735 0.560735
4633.313477 0.000000 117.730606 0.000000 0.573157 0.000000 -0.819445 0.528767 0.528767 0.528767
4638.819336 0.000000 145.949799 0.000000 0.705694 0.000000 -0.708517 0.498653 0.498653 0.498653
4620.877930 0.000000 164.574478 0.000000 0.786691 0.000000 -0.617347 0.500083 0.500083 0.500083
4666.705078 0.000000 111.283798 0.000000 0.628549 0.000000 -0.777770 0.511068 0.511068 0.511068
4663.757812 0.000000 181.183350 0.000000 0.267377 0.000000 -0.963592 0.562468 0.562468 0.562468
4609.228516 0.000000 171.862167 0.000000 0.119298 0.000000 -0.992859 0.542931 0.542931 0.542931
4645.644531 0.000000 117.606186 0.000000 0.726639 0.000000 -0.687020 0.502754 0.502754 0.502754
4638.324707 0.000000 189.117371 0.000000 0.804424 0.000000 -0.594055 0.506454 0.506454 0.506454
4674.533691 0.000000 132.152618 0.000000 0.144215 0.000000 -0.989546 0.574965 0.574965 0.574965
4669.480957 0.000000 125.994110 0.000000 0.737884 0.000000 -0.674927 0.505766 0.505766 0.505766
4625.677734 0.000000 154.325653 0.000000 0.252567 0.000000 -0.967579 0.560839 0.560839 0.560839
4639.910156 0.000000 152.848175 0.000000 0.744007 0.000000 -0.668172 0.512478 0.512478 0.512478
4663.489746 0.000000 144.458969 0.000000 0.285047 0.000000 -0.958514 0.537838 0.537838 0.537838
4637.991211 0.000000 160.524811 0.000000 0.701346 0.000000 -0.712821 0.514186 0.514186 0.514186
4656.600098 0.000000 180.116165 0.000000 0.266517 0.000000 -0.963830 0.553775 0.553775 0.553775
4617.574219 0.000000 165.443359 0.000000 0.816537 0.000000 -0.577293 0.495631 0.495631 0.495631
4615.676758 0.000000 131.506866 0.000000 0.369401 0.000000 -0.929270 0.549133 0.549133 0.549133
4636.829102 0.000000 181.960693 0.000000 0.454254 0.000000 -0.890872 0.569791 0.569791 0.569791
4614.471191 0.000000 118.356262 0.000000 0.796109 0.000000 -0.605153 0.496732 0.496732 0.496732
4632.230469 0.000000 146.744049 0.000000 0.369598 0.000000 -0.929192 0.539739 0.539739 0.539739
4637.105469 0.000000 155.103943 0.000000 0.522906 0.000000 -0.852390 0.527963 0.527963 0.527963
4664.202148 0.000000 151.295654 0.000000 0.487399 0.000000 -0.873179 0.528721 0.528721 0.528721
4609.226562 0.000000 121.283752 0.000000 0.821608 0.000000 -0.570053 0.501790 0.501790 0.501790
4607.725586 0.000000 136.399841 0.000000 0.436058 0.000000 -0.899919 0.556912 0.556912 0.556912
4662.181152 0.000000 115.262726 0.000000 0.709108 0.000000 -0.705100 0.511542 0.511542 0.511542
4611.902344 0.000000 123.321747 0.000000 0.424577 0.000000 -0.905392 0.570848 0.570848 0.570848
4645.584961 0.000000 155.006653 0.000000 0.258934 0.000000 -0.965895 0.552932 0.552932 0.552932
4619.935547 0.000000 160.879059 0.000000 0.808687 0.000000 -0.588239 0.505814 0.505814 0.505814
4669.130371 0.000000 144.995636 0.000000 0.240467 0.000000 -0.970657 0.567859 0.567859 0.567859
4632.319824 0.000000 161.187256 0.000000 0.388960 0.000000 -0.921255 0.543428 0.543428 0.543428
4630.469238 0.000000 176.129761 0.000000 0.709989 0.000000 -0.704212 0.534265 0.534265 0.534265
4626.843750 0.000000 189.510040 0.000000 0.707588 0.000000 -0.706625 0.532869 0.532869 0.532869
4607.505371 0.000000 130.364136 0.000000 0.427032 0.000000 -0.904237 0.603553 0.603553 0.603553
4651.996582 0.000000 157.662323 0.000000 0.198834 0.000000 -0.980033 0.568567 0.568567 0.568567
4612.586914 0.000000 126.513908 0.000000 0.543531 0.000000 -0.839389 0.556317 0.556317 0.556317
4634.381348 0.000000 178.848816 0.000000 0.703439 0.000000 -0.710756 0.535264 0.535264 0.535264
4639.641602 0.000000 182.493774 0.000000 0.666893 0.000000 -0.745153 0.537844 0.537844 0.537844
4607.623047 0.000000 127.484070 0.000000 0.650008 0.000000 -0.759928 0.565401 0.565401 0.565401
4639.076660 0.000000 184.939606 0.000000 0.592551 0.000000 -0.805533 0.548906 0.548906 0.548906
4637.370117 0.000000 187.634613 0.000000 0.029758 0.000000 -0.999557 0.612739 0.612739 0.612739
4637.203125 0.000000 180.473755 0.000000 0.497232 0.000000 -0.867618 0.564466 0.564466 0.564466
4628.452148 0.000000 189.330048 0.000000 0.313346 0.000000 -0.949639 0.586445 0.586445 0.586445
4629.702637 0.000000 184.059265 0.000000 0.059858 0.000000 -0.998207 0.635019 0.635019 0.635019
4608.940918 0.000000 132.811584 0.000000 0.592518 0.000000 -0.805558 0.562589 0.562589 0.562589
4628.322266 0.000000 180.433731 0.000000 0.285056 0.000000 -0.958511 0.605515 0.605515 0.605515
4687.804688 0.000000 143.343140 0.000000 0.778830 0.000000 -0.627235 0.454570 0.454570 0.454570
4679.701660 0.000000 132.123093 0.000000 0.238906 0.000000 -0.971043 0.533646 0.533646 0.533646
4654.626953 0.000000 275.711792 0.000000 0.482170 0.000000 -0.876078 0.454798 0.454798 0.454798
4647.753906 0.000000 208.940598 0.000000 0.716628 0.000000 -0.697455 0.462140 0.462140 0.462140
4650.208496 0.000000 279.083191 0.000000 0.296777 0.000000 -0.954947 0.477098 0.477098 0.477098
4648.230957 0.000000 260.562714 0.000000 0.073144 0.000000 -0.997321 0.473554 0.473554 0.473554
4651.344727 0.000000 216.344864 0.000000 0.351650 0.000000 -0.936131 0.466332 0.466332 0.466332
4664.920898 0.000000 268.265350 0.000000 0.395578 0.000000 -0.918432 0.465694 0.465694 0.465694
4668.524414 0.000000 237.611237 0.000000 0.488202 0.000000 -0.872730 0.489327 0.489327 0.489327
4669.798340 0.000000 259.438232 0.000000 0.505304 0.000000 -0.862941 0.530701 0.530701 0.530701
4670.843262 0.000000 241.898621 0.000000 0.732202 0.000000 -0.681088 0.477777 0.477777 0.477777
4660.985840 0.000000 240.634094 0.000000 0.081378 0.000000 -0.996683 0.580508 0.580508 0.580508
4667.300781 0.000000 226.670441 0.000000 0.109038 0.000000 -0.994038 0.518963 0.518963 0.518963
4644.720215 0.000000 204.995453 0.000000 0.740942 0.000000 -0.671569 0.471508 0.471508 0.471508
4611.168945 0.000000 211.991882 0.000000 0.291031 0.000000 -0.956714 0.485824 0.485824 0.485824
4665.416016 0.000000 254.600113 0.000000 0.406991 0.000000 -0.913432 0.552211 0.552211 0.552211
4615.251465 0.000000 201.912308 0.000000 0.058498 0.000000 -0.998288 0.507764 0.507764 0.507764
4621.024414 0.000000 195.059662 0.000000 0.562620 0.000000 -0.826716 0.498109 0.498109 0.498109
4665.652344 0.000000 259.482971 0.000000 0.748997 0.000000 -0.662574 0.501260 0.501260 0.501260
4673.809570 0.000000 260.555481 0.000000 0.241482 0.000000 -0.970405 0.554349 0.554349 0.554349
4671.252930 0.000000 275.863037 0.000000 0.423652 0.000000 -0.905825 0.516208 0.516208 0.516208
4633.734375 0.000000 196.916824 0.000000 0.452795 0.000000 -0.891614 0.488341 0.488341 0.488341
4623.088867 0.000000 197.631744 0.000000 0.358327 0.000000 -0.933596 0.505473 0.505473 0.505473
4662.876465 0.000000 223.755295 0.000000 0.249927 0.000000 -0.968265 0.532931 0.532931 0.532931
4609.873047 0.000000 259.044983 0.000000 0.016448 0.000000 -0.999865 0.528580 0.528580 0.528580
4611.245117 0.000000 192.990555 0.000000 0.234494 0.000000 -0.972118 0.502458 0.502458 0.502458
4675.023926 0.000000 262.892822 0.000000 0.150550 0.000000 -0.988602 0.553670 0.553670 0.553670
4676.826172 0.000000 276.691589 0.000000 0.064902 0.000000 -0.997892 0.570114 0.570114 0.570114
4679.036133 0.000000 259.783630 0.000000 0.208567 0.000000 -0.978008 0.549363 0.549363 0.549363
4613.485352 0.000000 287.029449 0.000000 0.707209 0.000000 -0.707005 0.481759 0.481759 0.481759
4617.250000 0.000000 192.119629 0.000000 0.808981 0.000000 -0.587835 0.479650 0.479650 0.479650
4659.693848 0.000000 225.856613 0.000000 0.722343 0.000000 -0.691535 0.511767 0.511767 0.511767
4664.635742 0.000000 232.050690 0.000000 0.653745 0.000000 -0.756715 0.500140 0.500140 0.500140
4671.480469 0.000000 252.421143 0.000000 0.068676 0.000000 -0.997639 0.546187 0.546187 0.546187
4669.402832 0.000000 251.179810 0.000000 0.762413 0.000000 -0.647090 0.495066 0.495066 0.495066
4676.237793 0.000000 281.372223 0.000000 0.662125 0.000000 -0.749393 0.497586 0.497586 0.497586
4610.506348 0.000000 266.257874 0.000000 0.137614 0.000000 -0.990486 0.564282 0.564282 0.564282
4652.224121 0.000000 237.546555 0.000000 0.543628 0.000000 -0.839326 0.502593 0.502593 0.502593
4609.009766 0.000000 263.940430 0.000000 0.057979 0.000000 -0.998318 0.557071 0.557071 0.557071
4621.843750 0.000000 192.003296 0.000000 0.516337 0.000000 -0.856385 0.508913 0.508913 0.508913
4653.038086 0.000000 285.024078 0.000000 0.207932 0.000000 -0.978143 0.531058 0.531058 0.531058
4622.575195 0.000000 281.827271 0.000000 0.435577 0.000000 -0.900151 0.528020 0.528020 0.528020
4655.620605 0.000000 253.417938 0.000000 0.405525 0.000000 -0.914084 0.522554 0.522554 0.522554
4607.589355 0.000000 194.651367 0.000000 0.800162 0.000000 -0.599784 0.486854 0.486854 0.486854
4677.954102 0.000000 272.118256 0.000000 0.381324 0.000000 -0.924441 0.544088 0.544088 0.544088
4658.016113 0.000000 223.114365 0.000000 0.206861 0.000000 -0.978370 0.546429 0.546429 0.546429
4675.964355 0.000000 274.912598 0.000000 0.528824 0.000000 -0.848732 0.534264 0.534264 0.534264
4612.646484 0.000000 279.194580 0.000000 0.654420 0.000000 -0.756132 0.513573 0.513573 0.513573
4632.576660 0.000000 192.072174 0.000000 0.714260 0.000000 -0.699880 0.498772 0.498772 0.498772
4659.860840 0.000000 227.772461 0.000000 0.055017 0.000000 -0.998485 0.576012 0.576012 0.576012
4655.473145 0.000000 287.490509 0.000000 0.315794 0.000000 -0.948828 0.544051 0.544051 0.544051
4676.793945 0.000000 263.824860 0.000000 0.110272 0.000000 -0.993901 0.571402 0.571402 0.571402
4664.202148 0.000000 247.280029 0.000000 0.371410 0.000000 -0.928469 0.544941 0.544941 0.544941
4656.522461 0.000000 226.298141 0.000000 0.156911 0.000000 -0.987613 0.553200 0.553200 0.553200
4659.469727 0.000000 253.644073 0.000000 0.628925 0.000000 -0.777466 0.524042 0.524042 0.524042
4664.131348 0.000000 250.273224 0.000000 0.172193 0.000000 -0.985063 0.572482 0.572482 0.572482
4653.250488 0.000000 197.672302 0.000000 0.430685 0.000000 -0.902502 0.544837 0.544837 0.544837
4684.341797 0.000000 277.231201 0.000000 0.284143 0.000000 -0.958782 0.563841 0.563841 0.563841
4692.110352 0.000000 269.472107 0.000000 0.227889 0.000000 -0.973687 0.486154 0.486154 0.486154
4691.401855 0.000000 261.927429 0.000000 0.435096 0.000000 -0.900384 0.465108 0.465108 0.465108
4693.377441 0.000000 279.997406 0.000000 0.649583 0.000000 -0.760291 0.487845 0.487845 0.487845
4682.979492 0.000000 273.528473 0.000000 0.369318 0.000000 -0.929303 0.547801 0.547801 0.547801
4690.711914 0.000000 272.737122 0.000000 0.477622 0.000000 -0.878565 0.503033 0.503033 0.503033
4688.426758 0.000000 278.390076 0.000000 0.021273 0.000000 -0.999774 0.552707 0.552707 0.552707
4691.419922 0.000000 283.862671 0.000000 0.622827 0.000000 -0.782360 0.488356 0.488356 0.488356
4680.515625 0.000000 275.082947 0.000000 0.314128 0.000000 -0.949381 0.549806 0.549806 0.549806
4680.870117 0.000000 280.496826 0.000000 0.353090 0.000000 -0.935589 0.530198 0.530198 0.530198
4679.635254 0.000000 285.843658 0.000000 0.713833 0.000000 -0.700316 0.480507 0.480507 0.480507
4684.510742 0.000000 267.252594 0.000000 0.129806 0.000000 -0.991539 0.534160 0.534160 0.534160
4681.891602 0.000000 277.157318 0.000000 0.239055 0.000000 -0.971006 0.562014 0.562014 0.562014
4681.740723 0.000000 271.437408 0.000000 0.315106 0.000000 -0.949056 0.553938 0.553938 0.553938
4683.278320 0.000000 261.022614 0.000000 0.554798 0.000000 -0.831985 0.509615 0.509615 0.509615
4681.220703 0.000000 267.846558 0.000000 0.396878 0.000000 -0.917871 0.544047 0.544047 0.544047
4684.638672 0.000000 279.194580 0.000000 0.633197 0.000000 -0.773991 0.522590 0.522590 0.522590
4681.111816 0.000000 273.319580 0.000000 0.694435 0.000000 -0.719556 0.516771 0.516771 0.516771
4679.524414 0.000000 262.882172 0.000000 0.363511 0.000000 -0.931590 0.555046 0.555046 0.555046
4661.729492 0.000000 323.153015 0.000000 0.793109 0.000000 -0.609080 0.455150 0.455150 0.455150
4643.747559 0.000000 322.320953 0.000000 0.822222 0.000000 -0.569167 0.456802 0.456802 0.456802
4668.249512 0.000000 316.375214 0.000000 0.400928 0.000000 -0.916110 0.456506 0.456506 0.456506
4668.686035 0.000000 303.943573 0.000000 0.482045 0.000000 -0.876146 0.471593 0.471593 0.471593
4623.956055 0.000000 307.034546 0.000000 0.546467 0.000000 -0.837480 0.493493 0.493493 0.493493
4658.037598 0.000000 317.037048 0.000000 0.164007 0.000000 -0.986459 0.514764 0.514764 0.514764
4656.243164 0.000000 294.563110 0.000000 0.413221 0.000000 -0.910631 0.550318 0.550318 0.550318
4660.019043 0.000000 300.624207 0.000000 0.171609 0.000000 -0.985165 0.542686 0.542686 0.542686
4665.956055 0.000000 309.988739 0.000000 0.756163 0.000000 -0.654383 0.479653 0.479653 0.479653
4661.299805 0.000000 308.918152 0.000000 0.794367 0.000000 -0.607438 0.493272 0.493272 0.493272
4663.434570 0.000000 296.089294 0.000000 0.115257 0.000000 -0.993336 0.530112 0.530112 0.530112
4654.432129 0.000000 300.499054 0.000000 0.597640 0.000000 -0.801765 0.517930 0.517930 0.517930
4636.589844 0.000000 306.636658 0.000000 0.626135 0.000000 -0.779715 0.517308 0.517308 0.517308
4643.831055 0.000000 310.270355 0.000000 0.280651 0.000000 -0.959810 0.535262 0.535262 0.535262
4644.869141 0.000000 313.257782 0.000000 0.612493 0.000000 -0.790476 0.499158 0.499158 0.499158
4655.656250 0.000000 290.097382 0.000000 0.632218 0.000000 -0.774791 0.524685 0.524685 0.524685
4640.005371 0.000000 313.574677 0.000000 0.393230 0.000000 -0.919440 0.529951 0.529951 0.529951
4655.885742 0.000000 303.147278 0.000000 0.559618 0.000000 -0.828751 0.525725 0.525725 0.525725
4634.631348 0.000000 303.587646 0.000000 0.022821 0.000000 -0.999740 0.557822 0.557822 0.557822
4626.644531 0.000000 294.602051 0.000000 0.573280 0.000000 -0.819360 0.527676 0.527676 0.527676
4626.777832 0.000000 297.265320 0.000000 0.746855 0.000000 -0.664987 0.509662 0.509662 0.509662
4649.918457 0.000000 300.081390 0.000000 0.490275 0.000000 -0.871568 0.504696 0.504696 0.504696
4638.634277 0.000000 305.868408 0.000000 0.302255 0.000000 -0.953227 0.549382 0.549382 0.549382
4628.712402 0.000000 308.380066 0.000000 0.270587 0.000000 -0.962695 0.528671 0.528671 0.528671
4661.264160 0.000000 296.688843 0.000000 0.434098 0.000000 -0.900866 0.523094 0.523094 0.523094
4656.185059 0.000000 299.101013 0.000000 0.272514 0.000000 -0.962152 0.566370 0.566370 0.566370
4659.666016 0.000000 311.833374 0.000000 0.199113 0.000000 -0.979977 0.553147 0.553147 0.553147
4634.699219 0.000000 305.663330 0.000000 0.275313 0.000000 -0.961355 0.545790 0.545790 0.545790
4660.288574 0.000000 298.619141 0.000000 0.131314 0.000000 -0.991341 0.550239 0.550239 0.550239
4633.313477 0.000000 309.699371 0.000000 0.427658 0.000000 -0.903941 0.537510 0.537510 0.537510
4631.983398 0.000000 303.341888 0.000000 0.719501 0.000000 -0.694491 0.516411 0.516411 0.516411
4651.291992 0.000000 307.825256 0.000000 0.050005 0.000000 -0.998749 0.574721 0.574721 0.574721
4628.562988 0.000000 300.041962 0.000000 0.547007 0.000000 -0.837128 0.535814 0.535814 0.535814
4658.212891 0.000000 294.761169 0.000000 0.626914 0.000000 -0.779088 0.519240 0.519240 0.519240
4647.799316 0.000000 309.928589 0.000000 0.409589 0.000000 -0.912270 0.541633 0.541633 0.541633
4656.607422 0.000000 310.255096 0.000000 0.325880 0.000000 -0.945411 0.554384 0.554384 0.554384
4653.058594 0.000000 311.483307 0.000000 0.719561 0.000000 -0.694429 0.508642 0.508642 0.508642
4635.785645 0.000000 309.242554 0.000000 0.495755 0.000000 -0.868462 0.537466 0.537466 0.537466
4680.594238 0.000000 288.566376 0.000000 0.227162 0.000000 -0.973857 0.475623 0.475623 0.475623
4886.572754 0.000000 425.168152 0.000000 0.635920 0.000000 -0.771755 0.596583 0.596583 0.596583
4882.765625 0.000000 435.139069 0.000000 0.393830 0.000000 -0.919183 0.680549 0.680549 0.680549
4884.480469 0.000000 424.470154 0.000000 0.311777 0.000000 -0.950155 0.734518 0.734518 0.734518
4883.964844 0.000000 435.047455 0.000000 0.345482 0.000000 -0.938426 0.690840 0.690840 0.690840
4882.241211 0.000000 433.998505 0.000000 0.473330 0.000000 -0.880885 0.758747 0.758747 0.758747
4885.383789 0.000000 425.198700 0.000000 0.384832 0.000000 -0.922987 0.716825 0.716825 0.716825
4887.268066 0.000000 426.029846 0.000000 0.428400 0.000000 -0.903589 0.747823 0.747823 0.747823
4883.352539 0.000000 429.015076 0.000000 0.556495 0.000000 -0.830851 0.730931 0.730931 0.730931
4881.111816 0.000000 430.595032 0.000000 0.563918 0.000000 -0.825831 0.728364 0.728364 0.728364
"}
