object={
	name="tree_leaf_01_cluster_generator_1_0"
	render_pass=Map
	clamp_to_water_level=no
	generated_content=yes
	layer="tree_high_layer"
	pdxmesh="tree_leaf_01_cluster_a_mesh"
	count=1406
	transform="4487.102539 0.000000 280.545380 0.000000 0.999363 0.000000 -0.035699 1.000000 1.000000 1.000000
4516.477051 0.000000 281.320801 0.000000 0.983075 0.000000 0.183202 1.000000 1.000000 1.000000
4510.667480 0.000000 251.384125 0.000000 0.509719 0.000000 -0.860341 1.000000 1.000000 1.000000
4503.086426 0.000000 273.922729 0.000000 0.515549 0.000000 0.856860 1.000000 1.000000 1.000000
4491.637207 0.000000 269.962799 0.000000 0.925117 0.000000 -0.379682 1.000000 1.000000 1.000000
4504.440918 0.000000 284.465576 0.000000 0.990278 0.000000 -0.139100 1.000000 1.000000 1.000000
4521.352051 0.000000 251.674179 0.000000 0.657308 0.000000 0.753622 1.000000 1.000000 1.000000
4527.992188 0.000000 283.657593 0.000000 0.640228 0.000000 0.768185 1.000000 1.000000 1.000000
4496.349609 0.000000 280.005798 0.000000 0.993209 0.000000 -0.116340 1.000000 1.000000 1.000000
4483.493652 0.000000 272.642029 0.000000 0.905865 0.000000 -0.423566 1.000000 1.000000 1.000000
4478.845215 0.000000 283.950958 0.000000 0.479560 0.000000 -0.877509 1.000000 1.000000 1.000000
4502.890625 0.000000 265.944855 0.000000 0.976114 0.000000 0.217260 1.000000 1.000000 1.000000
4510.642578 0.000000 275.711792 0.000000 0.113206 0.000000 -0.993572 1.000000 1.000000 1.000000
4468.365234 0.000000 277.231201 0.000000 0.464108 0.000000 -0.885778 1.000000 1.000000 1.000000
4511.130371 0.000000 285.481171 0.000000 0.400912 0.000000 0.916117 1.000000 1.000000 1.000000
4476.133789 0.000000 269.472107 0.000000 0.777609 0.000000 0.628749 1.000000 1.000000 1.000000
4527.575684 0.000000 250.021881 0.000000 0.648714 0.000000 -0.761032 1.000000 1.000000 1.000000
4498.258301 0.000000 270.141205 0.000000 0.377437 0.000000 -0.926035 1.000000 1.000000 1.000000
4486.161133 0.000000 267.005066 0.000000 0.974917 0.000000 0.222571 1.000000 1.000000 1.000000
4481.567383 0.000000 278.355347 0.000000 0.999569 0.000000 -0.029341 1.000000 1.000000 1.000000
4522.332520 0.000000 285.253235 0.000000 0.460311 0.000000 -0.887757 1.000000 1.000000 1.000000
4528.673340 0.000000 238.950027 0.000000 0.660225 0.000000 -0.751068 1.000000 1.000000 1.000000
4504.246582 0.000000 260.562714 0.000000 0.087260 0.000000 -0.996186 1.000000 1.000000 1.000000
4497.363281 0.000000 275.097046 0.000000 0.011355 0.000000 -0.999936 1.000000 1.000000 1.000000
4493.149902 0.000000 258.224731 0.000000 0.344587 0.000000 -0.938754 1.000000 1.000000 1.000000
4478.834473 0.000000 273.124054 0.000000 0.826385 0.000000 -0.563106 1.000000 1.000000 1.000000
4480.590820 0.000000 268.968994 0.000000 0.059923 0.000000 -0.998203 1.000000 1.000000 1.000000
4488.164062 0.000000 272.626221 0.000000 0.002022 0.000000 0.999998 1.000000 1.000000 1.000000
4498.647949 0.000000 264.222900 0.000000 0.375417 0.000000 0.926856 1.000000 1.000000 1.000000
4485.817871 0.000000 276.382446 0.000000 0.811431 0.000000 0.584448 1.000000 1.000000 1.000000
4498.000977 0.000000 255.664093 0.000000 0.651825 0.000000 0.758369 1.000000 1.000000 1.000000
4490.068848 0.000000 265.617737 0.000000 0.885908 0.000000 -0.463861 1.000000 1.000000 1.000000
4524.540039 0.000000 237.611237 0.000000 0.999708 0.000000 0.024170 1.000000 1.000000 1.000000
4471.629395 0.000000 274.974182 0.000000 0.961167 0.000000 -0.275966 1.000000 1.000000 1.000000
4503.375488 0.000000 250.325333 0.000000 0.431726 0.000000 0.902005 1.000000 1.000000 1.000000
4519.639648 0.000000 242.422928 0.000000 0.499857 0.000000 -0.866108 1.000000 1.000000 1.000000
4474.735352 0.000000 272.737122 0.000000 0.998665 0.000000 -0.051658 1.000000 1.000000 1.000000
4507.715332 0.000000 260.347931 0.000000 0.703025 0.000000 -0.711165 1.000000 1.000000 1.000000
4492.160156 0.000000 261.588501 0.000000 0.992519 0.000000 -0.122086 1.000000 1.000000 1.000000
4505.894531 0.000000 257.487335 0.000000 0.864752 0.000000 -0.502199 1.000000 1.000000 1.000000
4526.858887 0.000000 241.898621 0.000000 0.991445 0.000000 -0.130523 1.000000 1.000000 1.000000
4501.588379 0.000000 269.188812 0.000000 0.377396 0.000000 0.926052 1.000000 1.000000 1.000000
4472.450195 0.000000 278.390076 0.000000 0.943225 0.000000 0.332156 1.000000 1.000000 1.000000
4475.443359 0.000000 283.862671 0.000000 0.703033 0.000000 -0.711157 1.000000 1.000000 1.000000
4478.530273 0.000000 277.025452 0.000000 0.190603 0.000000 -0.981667 1.000000 1.000000 1.000000
4485.589355 0.000000 270.300140 0.000000 0.677399 0.000000 -0.735616 1.000000 1.000000 1.000000
4481.246582 0.000000 275.181396 0.000000 0.740277 0.000000 0.672302 1.000000 1.000000 1.000000
4488.614746 0.000000 269.014435 0.000000 0.908059 0.000000 -0.418843 1.000000 1.000000 1.000000
4530.243164 0.000000 241.518646 0.000000 0.681038 0.000000 -0.732248 1.000000 1.000000 1.000000
4495.125977 0.000000 261.870575 0.000000 0.452059 0.000000 -0.891988 1.000000 1.000000 1.000000
4491.033691 0.000000 273.297729 0.000000 0.749937 0.000000 0.661509 1.000000 1.000000 1.000000
4523.963867 0.000000 244.378464 0.000000 0.647813 0.000000 -0.761800 1.000000 1.000000 1.000000
4492.349609 0.000000 267.244110 0.000000 0.186317 0.000000 -0.982490 1.000000 1.000000 1.000000
4528.765625 0.000000 243.777222 0.000000 0.778514 0.000000 -0.627628 1.000000 1.000000 1.000000
4526.247070 0.000000 247.856583 0.000000 0.999367 0.000000 -0.035584 1.000000 1.000000 1.000000
4526.149902 0.000000 239.534088 0.000000 0.985490 0.000000 -0.169734 1.000000 1.000000 1.000000
4501.183594 0.000000 264.137726 0.000000 0.978306 0.000000 -0.207164 1.000000 1.000000 1.000000
4521.380371 0.000000 244.032150 0.000000 0.891340 0.000000 0.453335 1.000000 1.000000 1.000000
4497.368164 0.000000 262.308075 0.000000 0.962779 0.000000 -0.270290 1.000000 1.000000 1.000000
4524.309082 0.000000 246.636276 0.000000 0.750876 0.000000 -0.660443 1.000000 1.000000 1.000000
4502.227539 0.000000 260.084106 0.000000 0.098829 0.000000 0.995104 1.000000 1.000000 1.000000
4525.180664 0.000000 242.871902 0.000000 0.509491 0.000000 0.860476 1.000000 1.000000 1.000000
4529.626465 0.000000 245.455536 0.000000 0.953294 0.000000 -0.302044 1.000000 1.000000 1.000000
4494.048340 0.000000 266.487640 0.000000 0.965048 0.000000 0.262074 1.000000 1.000000 1.000000
4528.367676 0.000000 240.801941 0.000000 0.914129 0.000000 0.405424 1.000000 1.000000 1.000000
4605.654297 0.000000 252.453690 0.000000 0.815434 0.000000 -0.578850 1.000000 1.000000 1.000000
4596.257324 0.000000 220.390823 0.000000 0.416218 0.000000 0.909265 1.000000 1.000000 1.000000
4603.275879 0.000000 244.307663 0.000000 0.183828 0.000000 -0.982958 1.000000 1.000000 1.000000
4537.474121 0.000000 249.039825 0.000000 0.027412 0.000000 0.999624 1.000000 1.000000 1.000000
4558.247559 0.000000 236.359329 0.000000 0.997250 0.000000 0.074111 1.000000 1.000000 1.000000
4577.359375 0.000000 222.042435 0.000000 0.798199 0.000000 -0.602394 1.000000 1.000000 1.000000
4568.820312 0.000000 242.222244 0.000000 0.877655 0.000000 0.479293 1.000000 1.000000 1.000000
4589.911133 0.000000 220.087601 0.000000 0.813639 0.000000 0.581371 1.000000 1.000000 1.000000
4552.384766 0.000000 248.835358 0.000000 0.369812 0.000000 -0.929106 1.000000 1.000000 1.000000
4540.971191 0.000000 253.702423 0.000000 0.992584 0.000000 -0.121558 1.000000 1.000000 1.000000
4597.293945 0.000000 214.409714 0.000000 0.946411 0.000000 -0.322965 1.000000 1.000000 1.000000
4584.405273 0.000000 224.462875 0.000000 0.685999 0.000000 0.727602 1.000000 1.000000 1.000000
4549.115234 0.000000 240.599518 0.000000 0.680707 0.000000 -0.732556 1.000000 1.000000 1.000000
4606.947754 0.000000 212.512482 0.000000 0.933786 0.000000 0.357833 1.000000 1.000000 1.000000
4559.099609 0.000000 250.426575 0.000000 0.242077 0.000000 0.970257 1.000000 1.000000 1.000000
4571.617188 0.000000 238.224777 0.000000 0.982383 0.000000 -0.186881 1.000000 1.000000 1.000000
4593.280762 0.000000 216.826447 0.000000 0.855704 0.000000 -0.517466 1.000000 1.000000 1.000000
4545.834473 0.000000 251.740906 0.000000 0.035855 0.000000 0.999357 1.000000 1.000000 1.000000
4585.136719 0.000000 209.458984 0.000000 0.257819 0.000000 -0.966193 1.000000 1.000000 1.000000
4550.451660 0.000000 244.801422 0.000000 0.626847 0.000000 0.779142 1.000000 1.000000 1.000000
4580.101562 0.000000 225.301498 0.000000 0.738177 0.000000 0.674607 1.000000 1.000000 1.000000
4554.110352 0.000000 238.460968 0.000000 0.685186 0.000000 0.728368 1.000000 1.000000 1.000000
4577.550293 0.000000 212.899521 0.000000 0.471718 0.000000 -0.881749 1.000000 1.000000 1.000000
4576.422852 0.000000 218.481140 0.000000 0.177397 0.000000 0.984139 1.000000 1.000000 1.000000
4567.239746 0.000000 233.395660 0.000000 0.176513 0.000000 -0.984298 1.000000 1.000000 1.000000
4600.547852 0.000000 206.193756 0.000000 0.668751 0.000000 0.743486 1.000000 1.000000 1.000000
4595.295410 0.000000 211.391205 0.000000 0.915290 0.000000 0.402795 1.000000 1.000000 1.000000
4606.488281 0.000000 209.060776 0.000000 0.854212 0.000000 -0.519924 1.000000 1.000000 1.000000
4557.232910 0.000000 239.890213 0.000000 0.954255 0.000000 0.298994 1.000000 1.000000 1.000000
4569.411621 0.000000 235.892822 0.000000 0.297485 0.000000 0.954726 1.000000 1.000000 1.000000
4566.374512 0.000000 240.008713 0.000000 0.691580 0.000000 0.722300 1.000000 1.000000 1.000000
4542.666504 0.000000 250.947388 0.000000 0.944315 0.000000 0.329044 1.000000 1.000000 1.000000
4586.045410 0.000000 221.052673 0.000000 0.103317 0.000000 -0.994648 1.000000 1.000000 1.000000
4553.393066 0.000000 245.897125 0.000000 0.916635 0.000000 0.399726 1.000000 1.000000 1.000000
4584.109863 0.000000 212.396332 0.000000 0.390581 0.000000 -0.920569 1.000000 1.000000 1.000000
4559.857422 0.000000 238.736694 0.000000 0.258842 0.000000 0.965920 1.000000 1.000000 1.000000
4541.666016 0.000000 241.447128 0.000000 0.191238 0.000000 0.981544 1.000000 1.000000 1.000000
4563.778320 0.000000 238.641327 0.000000 0.940010 0.000000 0.341148 1.000000 1.000000 1.000000
4549.067871 0.000000 247.274780 0.000000 0.895100 0.000000 -0.445866 1.000000 1.000000 1.000000
4562.035156 0.000000 243.481155 0.000000 0.047517 0.000000 -0.998870 1.000000 1.000000 1.000000
4544.566895 0.000000 249.135376 0.000000 0.998983 0.000000 -0.045096 1.000000 1.000000 1.000000
4543.998535 0.000000 246.202011 0.000000 0.876667 0.000000 -0.481098 1.000000 1.000000 1.000000
4579.777832 0.000000 213.847122 0.000000 0.576487 0.000000 -0.817106 1.000000 1.000000 1.000000
4577.032227 0.000000 215.408554 0.000000 0.241169 0.000000 -0.970483 1.000000 1.000000 1.000000
4546.809082 0.000000 249.406662 0.000000 0.117431 0.000000 -0.993081 1.000000 1.000000 1.000000
4559.533691 0.000000 240.962845 0.000000 0.551939 0.000000 -0.833885 1.000000 1.000000 1.000000
4582.180176 0.000000 219.874451 0.000000 0.696683 0.000000 -0.717379 1.000000 1.000000 1.000000
4583.407227 0.000000 216.953094 0.000000 0.927876 0.000000 -0.372889 1.000000 1.000000 1.000000
4578.125977 0.000000 217.720352 0.000000 0.077804 0.000000 -0.996969 1.000000 1.000000 1.000000
4529.516113 0.000000 290.535370 0.000000 0.951466 0.000000 0.307755 1.000000 1.000000 1.000000
4521.422363 0.000000 287.991760 0.000000 0.987223 0.000000 0.159347 1.000000 1.000000 1.000000
4554.188965 0.000000 303.799377 0.000000 0.820719 0.000000 0.571332 1.000000 1.000000 1.000000
4595.458496 0.000000 337.545288 0.000000 0.643948 0.000000 0.765070 1.000000 1.000000 1.000000
4546.220215 0.000000 297.992615 0.000000 0.453303 0.000000 -0.891356 1.000000 1.000000 1.000000
4585.092773 0.000000 300.953644 0.000000 0.199607 0.000000 0.979876 1.000000 1.000000 1.000000
4596.257324 0.000000 316.375214 0.000000 0.226476 0.000000 0.974017 1.000000 1.000000 1.000000
4568.774414 0.000000 306.369202 0.000000 0.579303 0.000000 0.815112 1.000000 1.000000 1.000000
4581.300781 0.000000 307.806244 0.000000 0.999438 0.000000 -0.033508 1.000000 1.000000 1.000000
4539.018066 0.000000 295.817017 0.000000 0.162069 0.000000 -0.986779 1.000000 1.000000 1.000000
4602.879395 0.000000 312.215637 0.000000 0.997995 0.000000 -0.063295 1.000000 1.000000 1.000000
4544.503906 0.000000 290.888702 0.000000 0.025078 0.000000 -0.999686 1.000000 1.000000 1.000000
4552.834961 0.000000 296.083466 0.000000 0.538463 0.000000 -0.842649 1.000000 1.000000 1.000000
4579.687500 0.000000 294.394043 0.000000 0.715248 0.000000 0.698871 1.000000 1.000000 1.000000
4560.732422 0.000000 305.230225 0.000000 0.943492 0.000000 0.331395 1.000000 1.000000 1.000000
4558.303711 0.000000 299.085876 0.000000 0.976626 0.000000 0.214946 1.000000 1.000000 1.000000
4597.293945 0.000000 310.394104 0.000000 0.171130 0.000000 0.985249 1.000000 1.000000 1.000000
4600.665527 0.000000 334.934418 0.000000 0.285320 0.000000 0.958432 1.000000 1.000000 1.000000
4579.865723 0.000000 301.263428 0.000000 0.613052 0.000000 -0.790043 1.000000 1.000000 1.000000
4574.641113 0.000000 293.718353 0.000000 0.712508 0.000000 0.701663 1.000000 1.000000 1.000000
4548.375000 0.000000 293.845856 0.000000 0.983620 0.000000 0.180253 1.000000 1.000000 1.000000
4565.144531 0.000000 304.104065 0.000000 0.999998 0.000000 -0.001923 1.000000 1.000000 1.000000
4571.734375 0.000000 303.846497 0.000000 0.893729 0.000000 0.448607 1.000000 1.000000 1.000000
4567.038574 0.000000 297.635254 0.000000 0.794623 0.000000 -0.607104 1.000000 1.000000 1.000000
4572.728027 0.000000 300.979828 0.000000 0.844573 0.000000 0.535441 1.000000 1.000000 1.000000
4631.086914 0.000000 184.561005 0.000000 0.469091 0.000000 0.883150 1.000000 1.000000 1.000000
4647.070801 0.000000 177.938354 0.000000 0.947114 0.000000 0.320897 1.000000 1.000000 1.000000
4654.062012 0.000000 167.064514 0.000000 0.397168 0.000000 0.917746 1.000000 1.000000 1.000000
4645.001953 0.000000 150.949844 0.000000 0.559192 0.000000 -0.829038 1.000000 1.000000 1.000000
4647.625000 0.000000 159.019592 0.000000 0.498656 0.000000 0.866800 1.000000 1.000000 1.000000
4646.875000 0.000000 169.960480 0.000000 0.275186 0.000000 0.961391 1.000000 1.000000 1.000000
4616.022949 0.000000 191.422867 0.000000 0.687543 0.000000 0.726144 1.000000 1.000000 1.000000
4636.399902 0.000000 188.809326 0.000000 0.900708 0.000000 0.434426 1.000000 1.000000 1.000000
4653.192383 0.000000 161.131027 0.000000 0.810869 0.000000 0.585228 1.000000 1.000000 1.000000
4638.209473 0.000000 168.643158 0.000000 0.380305 0.000000 -0.924861 1.000000 1.000000 1.000000
4648.230957 0.000000 164.578323 0.000000 0.667705 0.000000 0.744426 1.000000 1.000000 1.000000
4650.424316 0.000000 152.117386 0.000000 0.506132 0.000000 -0.862456 1.000000 1.000000 1.000000
4642.632324 0.000000 168.238525 0.000000 0.683013 0.000000 0.730406 1.000000 1.000000 1.000000
4648.750977 0.000000 174.017532 0.000000 0.013752 0.000000 0.999905 1.000000 1.000000 1.000000
4620.181641 0.000000 190.998932 0.000000 0.187495 0.000000 -0.982266 1.000000 1.000000 1.000000
4635.938965 0.000000 184.173340 0.000000 0.585348 0.000000 -0.810782 1.000000 1.000000 1.000000
4650.937988 0.000000 169.455704 0.000000 0.372864 0.000000 -0.927886 1.000000 1.000000 1.000000
4650.787109 0.000000 156.325607 0.000000 0.661136 0.000000 -0.750266 1.000000 1.000000 1.000000
4647.359863 0.000000 154.340942 0.000000 0.016264 0.000000 -0.999868 1.000000 1.000000 1.000000
4645.252441 0.000000 162.174423 0.000000 0.492972 0.000000 0.870045 1.000000 1.000000 1.000000
4639.018066 0.000000 172.196075 0.000000 0.994080 0.000000 -0.108648 1.000000 1.000000 1.000000
4651.699707 0.000000 164.363556 0.000000 0.368357 0.000000 0.929685 1.000000 1.000000 1.000000
4625.518066 0.000000 190.659485 0.000000 0.509185 0.000000 -0.860657 1.000000 1.000000 1.000000
4644.864746 0.000000 165.737442 0.000000 0.534703 0.000000 0.845040 1.000000 1.000000 1.000000
4649.878906 0.000000 161.502945 0.000000 0.963853 0.000000 0.266435 1.000000 1.000000 1.000000
4645.572754 0.000000 173.204437 0.000000 0.923050 0.000000 0.384679 1.000000 1.000000 1.000000
4653.598145 0.000000 158.175278 0.000000 0.708556 0.000000 -0.705654 1.000000 1.000000 1.000000
4651.289062 0.000000 159.316345 0.000000 1.000000 0.000000 0.000448 1.000000 1.000000 1.000000
4627.979004 0.000000 190.800507 0.000000 0.842470 0.000000 -0.538743 1.000000 1.000000 1.000000
4626.181152 0.000000 207.814972 0.000000 0.435668 0.000000 0.900108 1.000000 1.000000 1.000000
4618.279297 0.000000 247.128998 0.000000 0.877194 0.000000 -0.480136 1.000000 1.000000 1.000000
4657.644531 0.000000 195.585190 0.000000 0.467915 0.000000 0.883774 1.000000 1.000000 1.000000
4648.203613 0.000000 236.787720 0.000000 0.720875 0.000000 -0.693066 1.000000 1.000000 1.000000
4646.521484 0.000000 215.373398 0.000000 0.884941 0.000000 0.465702 1.000000 1.000000 1.000000
4613.894531 0.000000 226.343140 0.000000 0.012477 0.000000 -0.999922 1.000000 1.000000 1.000000
4667.450684 0.000000 241.560913 0.000000 0.962667 0.000000 -0.270689 1.000000 1.000000 1.000000
4638.011719 0.000000 192.279068 0.000000 0.932925 0.000000 0.360072 1.000000 1.000000 1.000000
4632.457031 0.000000 227.352386 0.000000 0.993649 0.000000 -0.112525 1.000000 1.000000 1.000000
4663.816895 0.000000 212.031250 0.000000 0.395077 0.000000 -0.918648 1.000000 1.000000 1.000000
4654.651855 0.000000 251.384125 0.000000 0.461885 0.000000 -0.886940 1.000000 1.000000 1.000000
4633.964355 0.000000 246.180130 0.000000 0.753224 0.000000 -0.657764 1.000000 1.000000 1.000000
4661.729492 0.000000 227.168610 0.000000 0.957199 0.000000 0.289431 1.000000 1.000000 1.000000
4610.768555 0.000000 208.719849 0.000000 0.378104 0.000000 -0.925763 1.000000 1.000000 1.000000
4677.646484 0.000000 252.453690 0.000000 0.849030 0.000000 -0.528345 1.000000 1.000000 1.000000
4607.695312 0.000000 257.298553 0.000000 0.560463 0.000000 -0.828179 1.000000 1.000000 1.000000
4607.761230 0.000000 238.027985 0.000000 0.971792 0.000000 0.235841 1.000000 1.000000 1.000000
4646.998047 0.000000 202.948242 0.000000 0.678477 0.000000 0.734622 1.000000 1.000000 1.000000
4622.834961 0.000000 235.219513 0.000000 0.777529 0.000000 -0.628847 1.000000 1.000000 1.000000
4634.239258 0.000000 215.482559 0.000000 0.422484 0.000000 -0.906370 1.000000 1.000000 1.000000
4643.747559 0.000000 226.336548 0.000000 0.850805 0.000000 -0.525482 1.000000 1.000000 1.000000
4645.001953 0.000000 246.934235 0.000000 0.582251 0.000000 0.813009 1.000000 1.000000 1.000000
4636.281738 0.000000 203.940430 0.000000 0.972756 0.000000 -0.231831 1.000000 1.000000 1.000000
4627.244629 0.000000 254.281693 0.000000 0.342507 0.000000 -0.939515 1.000000 1.000000 1.000000
4665.336426 0.000000 251.674179 0.000000 0.587212 0.000000 0.809433 1.000000 1.000000 1.000000
4637.820312 0.000000 236.714310 0.000000 0.739230 0.000000 -0.673453 1.000000 1.000000 1.000000
4658.467285 0.000000 236.694092 0.000000 0.711919 0.000000 -0.702261 1.000000 1.000000 1.000000
4655.799316 0.000000 218.791748 0.000000 0.583178 0.000000 -0.812344 1.000000 1.000000 1.000000
4618.212402 0.000000 202.008240 0.000000 0.721050 0.000000 -0.692883 1.000000 1.000000 1.000000
4657.084961 0.000000 204.969269 0.000000 0.013365 0.000000 0.999911 1.000000 1.000000 1.000000
4618.156738 0.000000 256.557678 0.000000 0.436811 0.000000 0.899553 1.000000 1.000000 1.000000
4653.153320 0.000000 229.587738 0.000000 0.888172 0.000000 -0.459512 1.000000 1.000000 1.000000
4626.367188 0.000000 242.784302 0.000000 0.427010 0.000000 0.904247 1.000000 1.000000 1.000000
4630.934570 0.000000 197.106628 0.000000 0.847709 0.000000 -0.530461 1.000000 1.000000 1.000000
4615.812500 0.000000 239.327515 0.000000 0.998732 0.000000 0.050347 1.000000 1.000000 1.000000
4653.156250 0.000000 243.158142 0.000000 0.947518 0.000000 -0.319702 1.000000 1.000000 1.000000
4660.118652 0.000000 257.943237 0.000000 0.449146 0.000000 0.893458 1.000000 1.000000 1.000000
4630.239746 0.000000 236.359329 0.000000 0.974521 0.000000 0.224296 1.000000 1.000000 1.000000
4640.766602 0.000000 210.384796 0.000000 0.810451 0.000000 0.585806 1.000000 1.000000 1.000000
4660.928223 0.000000 244.993652 0.000000 0.277000 0.000000 -0.960870 1.000000 1.000000 1.000000
4653.292969 0.000000 211.821854 0.000000 0.204871 0.000000 0.978789 1.000000 1.000000 1.000000
4640.154297 0.000000 220.077026 0.000000 0.977438 0.000000 -0.211222 1.000000 1.000000 1.000000
4672.907227 0.000000 257.871765 0.000000 0.999326 0.000000 0.036721 1.000000 1.000000 1.000000
4649.351562 0.000000 222.042435 0.000000 0.797794 0.000000 0.602930 1.000000 1.000000 1.000000
4616.123535 0.000000 232.640213 0.000000 0.681854 0.000000 -0.731488 1.000000 1.000000 1.000000
4640.812500 0.000000 242.222244 0.000000 0.465440 0.000000 -0.885079 1.000000 1.000000 1.000000
4624.376953 0.000000 248.835358 0.000000 0.993057 0.000000 0.117637 1.000000 1.000000 1.000000
4647.753906 0.000000 208.940598 0.000000 0.716628 0.000000 -0.697455 1.000000 1.000000 1.000000
4637.761230 0.000000 229.900208 0.000000 0.981445 0.000000 0.191743 1.000000 1.000000 1.000000
4612.963379 0.000000 253.702423 0.000000 0.748750 0.000000 -0.662853 1.000000 1.000000 1.000000
4611.674805 0.000000 243.504776 0.000000 0.749272 0.000000 -0.662263 1.000000 1.000000 1.000000
4621.107422 0.000000 240.599518 0.000000 0.937498 0.000000 -0.347991 1.000000 1.000000 1.000000
4658.746582 0.000000 214.002319 0.000000 0.284540 0.000000 0.958664 1.000000 1.000000 1.000000
4628.167969 0.000000 231.441895 0.000000 0.710417 0.000000 0.703781 1.000000 1.000000 1.000000
4650.424316 0.000000 248.101776 0.000000 0.180327 0.000000 -0.983607 1.000000 1.000000 1.000000
4633.855469 0.000000 240.813538 0.000000 0.916008 0.000000 0.401160 1.000000 1.000000 1.000000
4647.886719 0.000000 230.031784 0.000000 0.953029 0.000000 0.302879 1.000000 1.000000 1.000000
4647.827148 0.000000 242.134216 0.000000 0.968361 0.000000 -0.249552 1.000000 1.000000 1.000000
4653.388672 0.000000 235.742416 0.000000 0.751140 0.000000 0.660143 1.000000 1.000000 1.000000
4638.983887 0.000000 246.943298 0.000000 0.435294 0.000000 0.900288 1.000000 1.000000 1.000000
4651.344727 0.000000 216.344864 0.000000 0.351650 0.000000 -0.936131 1.000000 1.000000 1.000000
4633.105469 0.000000 232.278305 0.000000 0.992822 0.000000 -0.119602 1.000000 1.000000 1.000000
4643.609375 0.000000 238.224777 0.000000 0.749527 0.000000 -0.661974 1.000000 1.000000 1.000000
4608.883301 0.000000 204.152649 0.000000 0.954283 0.000000 -0.298903 1.000000 1.000000 1.000000
4645.040527 0.000000 219.877365 0.000000 0.196764 0.000000 0.980451 1.000000 1.000000 1.000000
4608.084473 0.000000 212.701874 0.000000 0.955915 0.000000 -0.293645 1.000000 1.000000 1.000000
4613.886230 0.000000 247.697876 0.000000 0.322293 0.000000 -0.946640 1.000000 1.000000 1.000000
4628.473145 0.000000 246.765549 0.000000 0.885618 0.000000 0.464415 1.000000 1.000000 1.000000
4622.443848 0.000000 244.801422 0.000000 0.968493 0.000000 0.249040 1.000000 1.000000 1.000000
4633.767578 0.000000 193.750305 0.000000 0.964123 0.000000 0.265457 1.000000 1.000000 1.000000
4626.102539 0.000000 238.460968 0.000000 0.989941 0.000000 0.141484 1.000000 1.000000 1.000000
4612.319336 0.000000 195.534500 0.000000 0.708007 0.000000 -0.706205 1.000000 1.000000 1.000000
4651.273438 0.000000 239.489853 0.000000 0.924107 0.000000 0.382133 1.000000 1.000000 1.000000
4630.388184 0.000000 243.139267 0.000000 0.504794 0.000000 0.863240 1.000000 1.000000 1.000000
4616.304688 0.000000 243.318405 0.000000 0.756522 0.000000 -0.653968 1.000000 1.000000 1.000000
4676.764648 0.000000 256.438782 0.000000 0.995650 0.000000 0.093175 1.000000 1.000000 1.000000
4636.916992 0.000000 243.233429 0.000000 0.073520 0.000000 0.997294 1.000000 1.000000 1.000000
4619.707520 0.000000 192.470551 0.000000 0.999487 0.000000 -0.032019 1.000000 1.000000 1.000000
4625.741211 0.000000 196.514587 0.000000 0.288507 0.000000 0.957478 1.000000 1.000000 1.000000
4639.231934 0.000000 233.395660 0.000000 0.867145 0.000000 -0.498055 1.000000 1.000000 1.000000
4644.361328 0.000000 243.369919 0.000000 0.997809 0.000000 -0.066162 1.000000 1.000000 1.000000
4614.141113 0.000000 192.101151 0.000000 0.441657 0.000000 0.897184 1.000000 1.000000 1.000000
4633.868652 0.000000 235.731537 0.000000 0.756596 0.000000 -0.653883 1.000000 1.000000 1.000000
4641.403809 0.000000 235.892822 0.000000 0.534698 0.000000 -0.845043 1.000000 1.000000 1.000000
4638.366699 0.000000 240.008713 0.000000 0.980221 0.000000 0.197906 1.000000 1.000000 1.000000
4621.387695 0.000000 201.052933 0.000000 0.677177 0.000000 -0.735820 1.000000 1.000000 1.000000
4623.088867 0.000000 197.631744 0.000000 0.358327 0.000000 -0.933596 1.000000 1.000000 1.000000
4631.044922 0.000000 193.326508 0.000000 0.795973 0.000000 0.605333 1.000000 1.000000 1.000000
4618.662598 0.000000 196.086349 0.000000 0.926249 0.000000 0.376913 1.000000 1.000000 1.000000
4612.725098 0.000000 197.982285 0.000000 0.837043 0.000000 -0.547137 1.000000 1.000000 1.000000
4614.596191 0.000000 196.419128 0.000000 0.997993 0.000000 0.063321 1.000000 1.000000 1.000000
4616.813965 0.000000 197.335388 0.000000 0.275645 0.000000 -0.961260 1.000000 1.000000 1.000000
4618.359863 0.000000 194.015198 0.000000 0.814629 0.000000 0.579982 1.000000 1.000000 1.000000
4703.079102 0.000000 280.545380 0.000000 0.448933 0.000000 -0.893566 1.000000 1.000000 1.000000
4749.264648 0.000000 223.280930 0.000000 0.343419 0.000000 -0.939182 1.000000 1.000000 1.000000
4729.636719 0.000000 195.585190 0.000000 0.854373 0.000000 -0.519660 1.000000 1.000000 1.000000
4713.626465 0.000000 259.922302 0.000000 0.128635 0.000000 -0.991692 1.000000 1.000000 1.000000
4739.442871 0.000000 241.560913 0.000000 0.981589 0.000000 0.191005 1.000000 1.000000 1.000000
4696.274902 0.000000 264.413940 0.000000 0.754510 0.000000 0.656289 1.000000 1.000000 1.000000
4733.721680 0.000000 227.168610 0.000000 0.133159 0.000000 -0.991095 1.000000 1.000000 1.000000
4719.062988 0.000000 273.922729 0.000000 0.749488 0.000000 -0.662018 1.000000 1.000000 1.000000
4726.054199 0.000000 263.048889 0.000000 0.368680 0.000000 0.929556 1.000000 1.000000 1.000000
4707.613770 0.000000 269.962799 0.000000 0.961710 0.000000 -0.274068 1.000000 1.000000 1.000000
4681.181641 0.000000 283.381409 0.000000 0.627275 0.000000 -0.778798 1.000000 1.000000 1.000000
4746.090820 0.000000 233.330246 0.000000 0.823170 0.000000 -0.567795 1.000000 1.000000 1.000000
4730.459473 0.000000 236.694092 0.000000 0.174627 0.000000 -0.984635 1.000000 1.000000 1.000000
4727.791504 0.000000 218.791748 0.000000 0.991187 0.000000 0.132474 1.000000 1.000000 1.000000
4712.326172 0.000000 280.005798 0.000000 0.010144 0.000000 -0.999949 1.000000 1.000000 1.000000
4725.145508 0.000000 229.587738 0.000000 0.999999 0.000000 -0.001338 1.000000 1.000000 1.000000
4694.821777 0.000000 283.950958 0.000000 0.894836 0.000000 -0.446395 1.000000 1.000000 1.000000
4747.260254 0.000000 244.307663 0.000000 0.780296 0.000000 -0.625410 1.000000 1.000000 1.000000
4681.458496 0.000000 249.039825 0.000000 0.473887 0.000000 0.880586 1.000000 1.000000 1.000000
4732.110840 0.000000 257.943237 0.000000 0.427490 0.000000 -0.904020 1.000000 1.000000 1.000000
4718.867188 0.000000 265.944855 0.000000 0.303323 0.000000 0.952888 1.000000 1.000000 1.000000
4737.965820 0.000000 234.047272 0.000000 0.998573 0.000000 -0.053409 1.000000 1.000000 1.000000
4688.015137 0.000000 287.407257 0.000000 0.954823 0.000000 -0.297175 1.000000 1.000000 1.000000
4702.146973 0.000000 287.925110 0.000000 0.845827 0.000000 0.533457 1.000000 1.000000 1.000000
4724.950195 0.000000 269.162537 0.000000 0.969523 0.000000 0.244999 1.000000 1.000000 1.000000
4707.443359 0.000000 276.182220 0.000000 0.062999 0.000000 -0.998014 1.000000 1.000000 1.000000
4708.392090 0.000000 284.793701 0.000000 0.879869 0.000000 0.475217 1.000000 1.000000 1.000000
4702.137695 0.000000 267.005066 0.000000 0.819528 0.000000 -0.573040 1.000000 1.000000 1.000000
4697.543945 0.000000 278.355347 0.000000 0.119269 0.000000 0.992862 1.000000 1.000000 1.000000
4725.184570 0.000000 257.115417 0.000000 0.845053 0.000000 -0.534682 1.000000 1.000000 1.000000
4744.649902 0.000000 238.950027 0.000000 0.863590 0.000000 -0.504195 1.000000 1.000000 1.000000
4684.999023 0.000000 259.596985 0.000000 0.543360 0.000000 0.839500 1.000000 1.000000 1.000000
4710.201660 0.000000 264.627563 0.000000 0.571565 0.000000 -0.820557 1.000000 1.000000 1.000000
4689.020508 0.000000 281.633545 0.000000 0.993784 0.000000 -0.111330 1.000000 1.000000 1.000000
4713.339844 0.000000 275.097046 0.000000 0.052613 0.000000 -0.998615 1.000000 1.000000 1.000000
4710.976074 0.000000 246.943298 0.000000 0.099950 0.000000 0.994992 1.000000 1.000000 1.000000
4699.746094 0.000000 283.930542 0.000000 0.159666 0.000000 -0.987171 1.000000 1.000000 1.000000
4704.140625 0.000000 272.626221 0.000000 0.978239 0.000000 -0.207479 1.000000 1.000000 1.000000
4714.624512 0.000000 264.222900 0.000000 0.403675 0.000000 -0.914902 1.000000 1.000000 1.000000
4701.794434 0.000000 276.382446 0.000000 0.958369 0.000000 0.285532 1.000000 1.000000 1.000000
4720.743164 0.000000 270.001923 0.000000 0.657892 0.000000 0.753112 1.000000 1.000000 1.000000
4729.166992 0.000000 254.844971 0.000000 0.860997 0.000000 0.508610 1.000000 1.000000 1.000000
4698.094727 0.000000 238.460968 0.000000 0.658083 0.000000 -0.752945 1.000000 1.000000 1.000000
4693.377441 0.000000 279.997406 0.000000 0.649583 0.000000 -0.760291 1.000000 1.000000 1.000000
4692.173828 0.000000 286.983307 0.000000 0.992483 0.000000 0.122384 1.000000 1.000000 1.000000
4704.294434 0.000000 284.366241 0.000000 0.909757 0.000000 -0.415141 1.000000 1.000000 1.000000
4746.077148 0.000000 225.596863 0.000000 0.205202 0.000000 -0.978720 1.000000 1.000000 1.000000
4710.526855 0.000000 277.198883 0.000000 0.725361 0.000000 0.688369 1.000000 1.000000 1.000000
4697.007324 0.000000 281.682465 0.000000 0.586927 0.000000 -0.809640 1.000000 1.000000 1.000000
4631.086914 0.000000 376.529785 0.000000 0.995405 0.000000 0.095758 1.000000 1.000000 1.000000
4677.272461 0.000000 319.265320 0.000000 0.902572 0.000000 0.430539 1.000000 1.000000 1.000000
4618.279297 0.000000 343.113373 0.000000 0.176046 0.000000 0.984382 1.000000 1.000000 1.000000
4641.634277 0.000000 355.906708 0.000000 0.660735 0.000000 0.750620 1.000000 1.000000 1.000000
4660.461426 0.000000 377.305176 0.000000 0.736388 0.000000 0.676559 1.000000 1.000000 1.000000
4624.282715 0.000000 360.398315 0.000000 0.684749 0.000000 -0.728779 1.000000 1.000000 1.000000
4673.500488 0.000000 290.535370 0.000000 0.768270 0.000000 -0.640126 1.000000 1.000000 1.000000
4607.761230 0.000000 334.012390 0.000000 0.675060 0.000000 -0.737763 1.000000 1.000000 1.000000
4654.062012 0.000000 359.033264 0.000000 0.854745 0.000000 0.519048 1.000000 1.000000 1.000000
4635.621582 0.000000 365.947205 0.000000 0.801126 0.000000 -0.598496 1.000000 1.000000 1.000000
4674.792480 0.000000 304.923889 0.000000 0.910451 0.000000 -0.413617 1.000000 1.000000 1.000000
4627.244629 0.000000 350.266083 0.000000 0.793707 0.000000 -0.608301 1.000000 1.000000 1.000000
4618.156738 0.000000 352.542084 0.000000 0.944998 0.000000 0.327075 1.000000 1.000000 1.000000
4640.333984 0.000000 375.990204 0.000000 0.784154 0.000000 0.620567 1.000000 1.000000 1.000000
4632.615234 0.000000 357.274292 0.000000 0.782595 0.000000 -0.622531 1.000000 1.000000 1.000000
4627.478027 0.000000 368.626434 0.000000 0.621913 0.000000 0.783087 1.000000 1.000000 1.000000
4609.466309 0.000000 345.024231 0.000000 0.802836 0.000000 0.596200 1.000000 1.000000 1.000000
4679.104980 0.000000 297.202362 0.000000 0.002768 0.000000 -0.999996 1.000000 1.000000 1.000000
4654.626953 0.000000 371.696198 0.000000 0.063097 0.000000 0.998007 1.000000 1.000000 1.000000
4652.958008 0.000000 365.146912 0.000000 0.999676 0.000000 0.025458 1.000000 1.000000 1.000000
4642.242676 0.000000 366.125610 0.000000 0.959116 0.000000 -0.283012 1.000000 1.000000 1.000000
4635.451172 0.000000 372.166626 0.000000 0.055133 0.000000 -0.998479 1.000000 1.000000 1.000000
4636.399902 0.000000 380.778107 0.000000 0.576096 0.000000 0.817382 1.000000 1.000000 1.000000
4630.145508 0.000000 362.989441 0.000000 0.845725 0.000000 0.533619 1.000000 1.000000 1.000000
4612.963379 0.000000 349.686829 0.000000 0.643179 0.000000 0.765716 1.000000 1.000000 1.000000
4611.674805 0.000000 339.489166 0.000000 0.208281 0.000000 -0.978069 1.000000 1.000000 1.000000
4650.208496 0.000000 375.067596 0.000000 0.914253 0.000000 -0.405144 1.000000 1.000000 1.000000
4643.418457 0.000000 383.430298 0.000000 0.937095 0.000000 0.349076 1.000000 1.000000 1.000000
4648.230957 0.000000 356.547089 0.000000 0.168223 0.000000 0.985749 1.000000 1.000000 1.000000
4624.085449 0.000000 354.694031 0.000000 0.984635 0.000000 -0.174627 1.000000 1.000000 1.000000
4622.165527 0.000000 349.398895 0.000000 0.306113 0.000000 -0.951995 1.000000 1.000000 1.000000
4641.347656 0.000000 371.081421 0.000000 0.926405 0.000000 0.376528 1.000000 1.000000 1.000000
4617.826660 0.000000 347.725311 0.000000 0.785516 0.000000 0.618841 1.000000 1.000000 1.000000
4628.108887 0.000000 357.891510 0.000000 0.392177 0.000000 0.919890 1.000000 1.000000 1.000000
4613.886230 0.000000 343.682281 0.000000 0.354227 0.000000 0.935159 1.000000 1.000000 1.000000
4624.575195 0.000000 364.953400 0.000000 0.196886 0.000000 -0.980426 1.000000 1.000000 1.000000
4632.148438 0.000000 368.610596 0.000000 0.824270 0.000000 -0.566197 1.000000 1.000000 1.000000
4629.885254 0.000000 353.767700 0.000000 0.292409 0.000000 -0.956293 1.000000 1.000000 1.000000
4629.802246 0.000000 372.366852 0.000000 0.977678 0.000000 -0.210107 1.000000 1.000000 1.000000
4648.750977 0.000000 365.986298 0.000000 0.988182 0.000000 -0.153286 1.000000 1.000000 1.000000
4635.938965 0.000000 376.142090 0.000000 0.722209 0.000000 0.691675 1.000000 1.000000 1.000000
4650.937988 0.000000 361.424469 0.000000 0.408663 0.000000 0.912685 1.000000 1.000000 1.000000
4638.029785 0.000000 369.059875 0.000000 0.475334 0.000000 0.879806 1.000000 1.000000 1.000000
4638.534668 0.000000 373.183289 0.000000 0.718000 0.000000 -0.696043 1.000000 1.000000 1.000000
4632.773438 0.000000 373.831848 0.000000 0.353348 0.000000 0.935492 1.000000 1.000000 1.000000
4698.173340 0.000000 303.799377 0.000000 0.131678 0.000000 0.991293 1.000000 1.000000 1.000000
4680.594238 0.000000 288.566376 0.000000 0.227162 0.000000 -0.973857 1.000000 1.000000 1.000000
4685.886719 0.000000 322.327515 0.000000 0.950958 0.000000 -0.309321 1.000000 1.000000 1.000000
4710.003906 0.000000 288.263458 0.000000 0.532567 0.000000 -0.846388 1.000000 1.000000 1.000000
4695.436035 0.000000 289.410431 0.000000 0.610808 0.000000 0.791778 1.000000 1.000000 1.000000
4695.838379 0.000000 315.381439 0.000000 0.368038 0.000000 -0.929811 1.000000 1.000000 1.000000
4679.606445 0.000000 314.313690 0.000000 0.690214 0.000000 -0.723605 1.000000 1.000000 1.000000
4690.204590 0.000000 297.992615 0.000000 0.897788 0.000000 0.440429 1.000000 1.000000 1.000000
4690.603027 0.000000 308.701996 0.000000 0.763957 0.000000 -0.645267 1.000000 1.000000 1.000000
4702.926758 0.000000 293.091003 0.000000 0.682878 0.000000 -0.730532 1.000000 1.000000 1.000000
4696.372559 0.000000 323.386414 0.000000 0.619729 0.000000 0.784816 1.000000 1.000000 1.000000
4688.414062 0.000000 315.557892 0.000000 0.397462 0.000000 -0.917619 1.000000 1.000000 1.000000
4688.488281 0.000000 290.888702 0.000000 0.900613 0.000000 -0.434622 1.000000 1.000000 1.000000
4696.819336 0.000000 296.083466 0.000000 0.672626 0.000000 0.739982 1.000000 1.000000 1.000000
4699.134277 0.000000 310.005707 0.000000 0.976584 0.000000 -0.215137 1.000000 1.000000 1.000000
4688.124512 0.000000 303.175232 0.000000 0.824112 0.000000 0.566426 1.000000 1.000000 1.000000
4693.078125 0.000000 304.260071 0.000000 0.999955 0.000000 -0.009439 1.000000 1.000000 1.000000
4692.359375 0.000000 293.845856 0.000000 0.511601 0.000000 0.859223 1.000000 1.000000 1.000000
4699.965820 0.000000 289.472595 0.000000 0.232841 0.000000 -0.972515 1.000000 1.000000 1.000000
4694.863281 0.000000 300.182953 0.000000 0.931108 0.000000 0.364743 1.000000 1.000000 1.000000
4685.144043 0.000000 300.027924 0.000000 0.320006 0.000000 0.947415 1.000000 1.000000 1.000000
4684.311523 0.000000 291.518890 0.000000 0.649656 0.000000 0.760228 1.000000 1.000000 1.000000
4687.203125 0.000000 294.975494 0.000000 0.412700 0.000000 0.910867 1.000000 1.000000 1.000000
4691.699707 0.000000 288.454956 0.000000 0.650781 0.000000 -0.759265 1.000000 1.000000 1.000000
4821.256836 0.000000 223.280930 0.000000 0.619065 0.000000 -0.785340 1.000000 1.000000 1.000000
4792.187988 0.000000 236.787720 0.000000 0.998899 0.000000 0.046904 1.000000 1.000000 1.000000
4811.435059 0.000000 241.560913 0.000000 0.212676 0.000000 0.977123 1.000000 1.000000 1.000000
4807.801270 0.000000 212.031250 0.000000 0.838161 0.000000 -0.545423 1.000000 1.000000 1.000000
4805.713867 0.000000 227.168610 0.000000 0.044655 0.000000 0.999003 1.000000 1.000000 1.000000
4754.752930 0.000000 208.719849 0.000000 0.891960 0.000000 0.452114 1.000000 1.000000 1.000000
4751.745605 0.000000 238.027985 0.000000 0.015428 0.000000 -0.999881 1.000000 1.000000 1.000000
4818.776855 0.000000 208.939499 0.000000 0.935679 0.000000 -0.352852 1.000000 1.000000 1.000000
4780.266113 0.000000 203.940430 0.000000 0.103711 0.000000 0.994607 1.000000 1.000000 1.000000
4818.083008 0.000000 233.330246 0.000000 0.188776 0.000000 -0.982020 1.000000 1.000000 1.000000
4751.598633 0.000000 218.329300 0.000000 0.712570 0.000000 0.701601 1.000000 1.000000 1.000000
4799.783691 0.000000 218.791748 0.000000 0.914489 0.000000 -0.404611 1.000000 1.000000 1.000000
4762.196777 0.000000 202.008240 0.000000 0.158977 0.000000 -0.987282 1.000000 1.000000 1.000000
4801.069336 0.000000 204.969269 0.000000 0.949302 0.000000 -0.314365 1.000000 1.000000 1.000000
4812.233887 0.000000 220.390823 0.000000 0.843925 0.000000 0.536462 1.000000 1.000000 1.000000
4797.137695 0.000000 229.587738 0.000000 0.437689 0.000000 0.899127 1.000000 1.000000 1.000000
4809.958008 0.000000 234.047272 0.000000 0.416129 0.000000 0.909305 1.000000 1.000000 1.000000
4804.912598 0.000000 244.993652 0.000000 0.481854 0.000000 -0.876252 1.000000 1.000000 1.000000
4797.277344 0.000000 211.821854 0.000000 0.081470 0.000000 0.996676 1.000000 1.000000 1.000000
4818.855957 0.000000 216.231232 0.000000 0.952153 0.000000 -0.305622 1.000000 1.000000 1.000000
4785.331543 0.000000 198.779373 0.000000 0.939755 0.000000 0.341849 1.000000 1.000000 1.000000
4805.887695 0.000000 220.087601 0.000000 0.581886 0.000000 0.813270 1.000000 1.000000 1.000000
4774.280273 0.000000 203.101471 0.000000 0.846670 0.000000 -0.532118 1.000000 1.000000 1.000000
4813.270508 0.000000 214.409714 0.000000 0.813304 0.000000 0.581839 1.000000 1.000000 1.000000
4800.381836 0.000000 224.462875 0.000000 0.436192 0.000000 -0.899853 1.000000 1.000000 1.000000
4760.116699 0.000000 207.190857 0.000000 0.982610 0.000000 -0.185683 1.000000 1.000000 1.000000
4752.405762 0.000000 224.875778 0.000000 0.115310 0.000000 0.993330 1.000000 1.000000 1.000000
4802.730957 0.000000 214.002319 0.000000 0.762780 0.000000 -0.646658 1.000000 1.000000 1.000000
4795.842285 0.000000 205.279022 0.000000 0.462389 0.000000 0.886677 1.000000 1.000000 1.000000
4807.229004 0.000000 238.521835 0.000000 0.921429 0.000000 -0.388546 1.000000 1.000000 1.000000
4802.078613 0.000000 230.995300 0.000000 0.630114 0.000000 0.776503 1.000000 1.000000 1.000000
4820.408691 0.000000 228.602325 0.000000 0.549852 0.000000 -0.835262 1.000000 1.000000 1.000000
4803.820801 0.000000 249.978455 0.000000 0.972765 0.000000 -0.231792 1.000000 1.000000 1.000000
4755.573242 0.000000 234.756470 0.000000 0.191512 0.000000 0.981490 1.000000 1.000000 1.000000
4809.551758 0.000000 224.261612 0.000000 0.167058 0.000000 0.985947 1.000000 1.000000 1.000000
4816.684082 0.000000 222.066696 0.000000 0.778059 0.000000 0.628191 1.000000 1.000000 1.000000
4809.781250 0.000000 229.521713 0.000000 0.678172 0.000000 -0.734903 1.000000 1.000000 1.000000
4813.694824 0.000000 231.648651 0.000000 0.702944 0.000000 0.711245 1.000000 1.000000 1.000000
4757.136230 0.000000 204.043533 0.000000 0.960210 0.000000 -0.279278 1.000000 1.000000 1.000000
4806.249512 0.000000 232.042267 0.000000 0.172768 0.000000 -0.984963 1.000000 1.000000 1.000000
4818.069336 0.000000 225.596863 0.000000 0.818953 0.000000 -0.573861 1.000000 1.000000 1.000000
4807.608398 0.000000 242.422928 0.000000 0.810637 0.000000 0.585549 1.000000 1.000000 1.000000
4821.527832 0.000000 232.087250 0.000000 0.961780 0.000000 0.273823 1.000000 1.000000 1.000000
4813.291992 0.000000 223.873352 0.000000 0.769483 0.000000 -0.638667 1.000000 1.000000 1.000000
4816.914062 0.000000 229.849075 0.000000 0.963414 0.000000 -0.268018 1.000000 1.000000 1.000000
4814.979492 0.000000 235.021255 0.000000 0.992428 0.000000 0.122827 1.000000 1.000000 1.000000
4763.134277 0.000000 205.357269 0.000000 0.581663 0.000000 0.813430 1.000000 1.000000 1.000000
4792.592285 0.000000 205.845474 0.000000 0.999138 0.000000 0.041507 1.000000 1.000000 1.000000
4788.704590 0.000000 204.995453 0.000000 0.120532 0.000000 0.992709 1.000000 1.000000 1.000000
4822.037109 0.000000 226.089050 0.000000 0.394392 0.000000 0.918942 1.000000 1.000000 1.000000
4847.063477 0.000000 280.545380 0.000000 0.961807 0.000000 -0.273729 1.000000 1.000000 1.000000
4823.528320 0.000000 272.149536 0.000000 0.385055 0.000000 -0.922893 1.000000 1.000000 1.000000
4829.871094 0.000000 226.343140 0.000000 0.962699 0.000000 0.270573 1.000000 1.000000 1.000000
4876.437988 0.000000 281.320801 0.000000 0.974875 0.000000 -0.222753 1.000000 1.000000 1.000000
4863.047363 0.000000 273.922729 0.000000 0.552269 0.000000 -0.833666 1.000000 1.000000 1.000000
4835.386230 0.000000 276.191620 0.000000 0.967235 0.000000 0.253884 1.000000 1.000000 1.000000
4870.038574 0.000000 263.048889 0.000000 0.560817 0.000000 0.827940 1.000000 1.000000 1.000000
4851.598145 0.000000 269.962799 0.000000 0.231368 0.000000 0.972866 1.000000 1.000000 1.000000
4825.166016 0.000000 283.381409 0.000000 0.911972 0.000000 -0.410253 1.000000 1.000000 1.000000
4864.401855 0.000000 284.465576 0.000000 0.849560 0.000000 0.527491 1.000000 1.000000 1.000000
4823.590820 0.000000 218.329300 0.000000 0.766483 0.000000 0.642264 1.000000 1.000000 1.000000
4876.774902 0.000000 270.732300 0.000000 0.289790 0.000000 -0.957090 1.000000 1.000000 1.000000
4856.310547 0.000000 280.005798 0.000000 0.038545 0.000000 -0.999257 1.000000 1.000000 1.000000
4843.454590 0.000000 272.642029 0.000000 0.839699 0.000000 0.543052 1.000000 1.000000 1.000000
4838.806152 0.000000 283.950958 0.000000 0.977197 0.000000 -0.212333 1.000000 1.000000 1.000000
4862.851562 0.000000 265.944855 0.000000 0.983581 0.000000 0.180468 1.000000 1.000000 1.000000
4870.603516 0.000000 275.711792 0.000000 0.143133 0.000000 0.989703 1.000000 1.000000 1.000000
4831.999512 0.000000 287.407257 0.000000 0.081170 0.000000 -0.996700 1.000000 1.000000 1.000000
4823.546387 0.000000 230.593124 0.000000 0.450741 0.000000 0.892655 1.000000 1.000000 1.000000
4832.398438 0.000000 219.573502 0.000000 0.355333 0.000000 -0.934740 1.000000 1.000000 1.000000
4846.131348 0.000000 287.925110 0.000000 0.988607 0.000000 0.150518 1.000000 1.000000 1.000000
4871.091309 0.000000 285.481171 0.000000 0.586871 0.000000 0.809681 1.000000 1.000000 1.000000
4836.094727 0.000000 269.472107 0.000000 0.871480 0.000000 -0.490432 1.000000 1.000000 1.000000
4868.934570 0.000000 269.162537 0.000000 0.998371 0.000000 -0.057064 1.000000 1.000000 1.000000
4858.219238 0.000000 270.141205 0.000000 0.737119 0.000000 -0.675763 1.000000 1.000000 1.000000
4851.427734 0.000000 276.182220 0.000000 0.884355 0.000000 0.466815 1.000000 1.000000 1.000000
4852.376465 0.000000 284.793701 0.000000 0.587337 0.000000 -0.809342 1.000000 1.000000 1.000000
4841.528320 0.000000 278.355347 0.000000 0.043340 0.000000 0.999060 1.000000 1.000000 1.000000
4824.397949 0.000000 224.875778 0.000000 0.347256 0.000000 0.937770 1.000000 1.000000 1.000000
4866.185059 0.000000 279.083191 0.000000 0.803844 0.000000 -0.594840 1.000000 1.000000 1.000000
4859.395020 0.000000 287.445892 0.000000 0.577755 0.000000 -0.816210 1.000000 1.000000 1.000000
4857.324219 0.000000 275.097046 0.000000 0.166474 0.000000 -0.986046 1.000000 1.000000 1.000000
4861.014648 0.000000 278.281494 0.000000 0.930990 0.000000 -0.365044 1.000000 1.000000 1.000000
4827.470215 0.000000 221.112946 0.000000 0.443694 0.000000 -0.896178 1.000000 1.000000 1.000000
4859.808594 0.000000 282.905853 0.000000 0.303862 0.000000 -0.952716 1.000000 1.000000 1.000000
4843.730469 0.000000 283.930542 0.000000 0.605789 0.000000 0.795625 1.000000 1.000000 1.000000
4848.278809 0.000000 284.366241 0.000000 0.442326 0.000000 -0.896854 1.000000 1.000000 1.000000
4851.915527 0.000000 280.157715 0.000000 0.964636 0.000000 -0.263587 1.000000 1.000000 1.000000
4856.374512 0.000000 284.635437 0.000000 0.347268 0.000000 -0.937766 1.000000 1.000000 1.000000
4801.628906 0.000000 291.569580 0.000000 0.629758 0.000000 0.776791 1.000000 1.000000 1.000000
4817.484863 0.000000 290.535370 0.000000 0.208049 0.000000 -0.978118 1.000000 1.000000 1.000000
4873.621094 0.000000 291.569580 0.000000 0.242750 0.000000 0.970089 1.000000 1.000000 1.000000
4824.578613 0.000000 288.566376 0.000000 0.428806 0.000000 -0.903397 1.000000 1.000000 1.000000
4862.498047 0.000000 311.357788 0.000000 0.972045 0.000000 0.234794 1.000000 1.000000 1.000000
4853.988281 0.000000 288.263458 0.000000 0.940763 0.000000 -0.339066 1.000000 1.000000 1.000000
4839.420410 0.000000 289.410431 0.000000 0.898756 0.000000 -0.438449 1.000000 1.000000 1.000000
4889.477051 0.000000 290.535370 0.000000 0.929600 0.000000 0.368571 1.000000 1.000000 1.000000
4862.974609 0.000000 298.932648 0.000000 0.637743 0.000000 0.770249 1.000000 1.000000 1.000000
4835.386230 0.000000 372.176025 0.000000 0.997622 0.000000 0.068928 1.000000 1.000000 1.000000
4851.598145 0.000000 365.947205 0.000000 0.996809 0.000000 -0.079826 1.000000 1.000000 1.000000
4890.769043 0.000000 304.923889 0.000000 0.605594 0.000000 0.795774 1.000000 1.000000 1.000000
4850.215820 0.000000 311.466949 0.000000 0.973199 0.000000 0.229964 1.000000 1.000000 1.000000
4852.258301 0.000000 299.924805 0.000000 0.523644 0.000000 -0.851937 1.000000 1.000000 1.000000
4834.188965 0.000000 297.992615 0.000000 0.750495 0.000000 0.660876 1.000000 1.000000 1.000000
4873.061523 0.000000 300.953644 0.000000 0.798631 0.000000 0.601822 1.000000 1.000000 1.000000
4884.226074 0.000000 316.375214 0.000000 0.969180 0.000000 -0.246354 1.000000 1.000000 1.000000
4864.804688 0.000000 288.358856 0.000000 0.834168 0.000000 0.551511 1.000000 1.000000 1.000000
4856.310547 0.000000 375.990204 0.000000 0.981147 0.000000 0.193262 1.000000 1.000000 1.000000
4843.454590 0.000000 368.626434 0.000000 0.489538 0.000000 -0.871982 1.000000 1.000000 1.000000
4834.587402 0.000000 308.701996 0.000000 0.803954 0.000000 0.594692 1.000000 1.000000 1.000000
4838.806152 0.000000 379.935364 0.000000 0.986569 0.000000 -0.163345 1.000000 1.000000 1.000000
4895.081543 0.000000 297.202362 0.000000 0.634048 0.000000 0.773293 1.000000 1.000000 1.000000
4846.911133 0.000000 293.091003 0.000000 0.866648 0.000000 0.498920 1.000000 1.000000 1.000000
4856.743164 0.000000 306.369202 0.000000 0.523265 0.000000 -0.852170 1.000000 1.000000 1.000000
4869.269531 0.000000 307.806244 0.000000 0.975083 0.000000 -0.221840 1.000000 1.000000 1.000000
4826.986816 0.000000 295.817017 0.000000 0.697841 0.000000 -0.716253 1.000000 1.000000 1.000000
4890.848145 0.000000 312.215637 0.000000 0.990005 0.000000 0.141035 1.000000 1.000000 1.000000
4832.472656 0.000000 290.888702 0.000000 0.107615 0.000000 -0.994193 1.000000 1.000000 1.000000
4857.323730 0.000000 294.763763 0.000000 0.287607 0.000000 -0.957748 1.000000 1.000000 1.000000
4846.131348 0.000000 383.909515 0.000000 0.063515 0.000000 -0.997981 1.000000 1.000000 1.000000
4840.803711 0.000000 296.083466 0.000000 0.629757 0.000000 -0.776792 1.000000 1.000000 1.000000
4867.656250 0.000000 294.394043 0.000000 0.921933 0.000000 -0.387350 1.000000 1.000000 1.000000
4848.701172 0.000000 305.230225 0.000000 0.999558 0.000000 0.029715 1.000000 1.000000 1.000000
4843.118652 0.000000 310.005707 0.000000 0.034821 0.000000 0.999394 1.000000 1.000000 1.000000
4884.662598 0.000000 303.943573 0.000000 0.484784 0.000000 0.874634 1.000000 1.000000 1.000000
4889.039551 0.000000 298.593079 0.000000 0.922842 0.000000 -0.385178 1.000000 1.000000 1.000000
4852.376465 0.000000 380.778107 0.000000 0.595826 0.000000 -0.803113 1.000000 1.000000 1.000000
4863.730469 0.000000 304.924988 0.000000 0.655572 0.000000 -0.755133 1.000000 1.000000 1.000000
4841.528320 0.000000 374.339722 0.000000 0.611942 0.000000 0.790903 1.000000 1.000000 1.000000
4885.262695 0.000000 310.394104 0.000000 0.287841 0.000000 -0.957678 1.000000 1.000000 1.000000
4878.367676 0.000000 302.740723 0.000000 0.999635 0.000000 -0.027012 1.000000 1.000000 1.000000
4859.395020 0.000000 383.430298 0.000000 0.824225 0.000000 0.566262 1.000000 1.000000 1.000000
4859.457031 0.000000 289.707397 0.000000 0.981555 0.000000 0.191179 1.000000 1.000000 1.000000
4857.548340 0.000000 300.618134 0.000000 0.565536 0.000000 0.824723 1.000000 1.000000 1.000000
4867.834473 0.000000 301.263428 0.000000 0.152334 0.000000 0.988329 1.000000 1.000000 1.000000
4862.609863 0.000000 293.718353 0.000000 0.164042 0.000000 -0.986453 1.000000 1.000000 1.000000
4836.343750 0.000000 293.845856 0.000000 0.235973 0.000000 -0.971760 1.000000 1.000000 1.000000
4869.782715 0.000000 288.438202 0.000000 0.347904 0.000000 0.937530 1.000000 1.000000 1.000000
4893.992676 0.000000 292.597351 0.000000 0.728086 0.000000 -0.685486 1.000000 1.000000 1.000000
4859.808594 0.000000 378.890259 0.000000 0.993642 0.000000 0.112585 1.000000 1.000000 1.000000
4843.950195 0.000000 289.472595 0.000000 0.949486 0.000000 0.313808 1.000000 1.000000 1.000000
4838.847656 0.000000 300.182953 0.000000 0.874811 0.000000 -0.484464 1.000000 1.000000 1.000000
4845.778809 0.000000 372.366852 0.000000 0.593405 0.000000 -0.804904 1.000000 1.000000 1.000000
4853.113281 0.000000 304.104065 0.000000 0.907383 0.000000 -0.420306 1.000000 1.000000 1.000000
4849.744141 0.000000 289.734680 0.000000 0.994596 0.000000 0.103819 1.000000 1.000000 1.000000
4848.278809 0.000000 380.350647 0.000000 0.706714 0.000000 0.707499 1.000000 1.000000 1.000000
4851.915527 0.000000 376.142090 0.000000 0.822497 0.000000 0.568770 1.000000 1.000000 1.000000
4849.438477 0.000000 296.764923 0.000000 0.981918 0.000000 -0.189305 1.000000 1.000000 1.000000
4856.114258 0.000000 291.332764 0.000000 0.466493 0.000000 -0.884525 1.000000 1.000000 1.000000
4928.302734 0.000000 280.005798 0.000000 0.857346 0.000000 0.514740 1.000000 1.000000 1.000000
4910.798340 0.000000 283.950958 0.000000 0.891092 0.000000 0.453823 1.000000 1.000000 1.000000
4903.991699 0.000000 287.407257 0.000000 0.685921 0.000000 0.727676 1.000000 1.000000 1.000000
4918.123535 0.000000 287.925110 0.000000 0.871638 0.000000 0.490151 1.000000 1.000000 1.000000
4923.419922 0.000000 276.182220 0.000000 0.394971 0.000000 0.918693 1.000000 1.000000 1.000000
4924.368652 0.000000 284.793701 0.000000 0.991380 0.000000 0.131019 1.000000 1.000000 1.000000
4913.520508 0.000000 278.355347 0.000000 0.826141 0.000000 -0.563463 1.000000 1.000000 1.000000
4904.997070 0.000000 281.633545 0.000000 0.994818 0.000000 -0.101674 1.000000 1.000000 1.000000
4915.722656 0.000000 283.930542 0.000000 0.260924 0.000000 -0.965359 1.000000 1.000000 1.000000
4901.177734 0.000000 284.313477 0.000000 0.710345 0.000000 0.703854 1.000000 1.000000 1.000000
4919.055664 0.000000 376.529785 0.000000 0.436849 0.000000 0.899535 1.000000 1.000000 1.000000
4936.172363 0.000000 332.772095 0.000000 0.623136 0.000000 0.782114 1.000000 1.000000 1.000000
4895.520508 0.000000 368.133911 0.000000 0.998368 0.000000 0.057108 1.000000 1.000000 1.000000
4896.570801 0.000000 288.566376 0.000000 0.446882 0.000000 0.894593 1.000000 1.000000 1.000000
4948.430176 0.000000 377.305176 0.000000 0.878829 0.000000 -0.477137 1.000000 1.000000 1.000000
4925.980469 0.000000 288.263458 0.000000 0.437352 0.000000 0.899291 1.000000 1.000000 1.000000
4912.251465 0.000000 360.398315 0.000000 0.183591 0.000000 -0.983003 1.000000 1.000000 1.000000
4921.933105 0.000000 342.164520 0.000000 0.347335 0.000000 0.937741 1.000000 1.000000 1.000000
4942.030762 0.000000 359.033264 0.000000 0.671874 0.000000 0.740665 1.000000 1.000000 1.000000
4932.970703 0.000000 342.918610 0.000000 0.899995 0.000000 0.435900 1.000000 1.000000 1.000000
4936.394043 0.000000 380.449951 0.000000 0.870360 0.000000 0.492415 1.000000 1.000000 1.000000
4895.583008 0.000000 314.313690 0.000000 0.900723 0.000000 0.434394 1.000000 1.000000 1.000000
4948.767090 0.000000 366.716705 0.000000 0.924990 0.000000 0.379992 1.000000 1.000000 1.000000
4959.945312 0.000000 379.641998 0.000000 0.852276 0.000000 -0.523092 1.000000 1.000000 1.000000
4920.583984 0.000000 357.274292 0.000000 0.365825 0.000000 -0.930683 1.000000 1.000000 1.000000
4910.798340 0.000000 379.935364 0.000000 0.372939 0.000000 0.927856 1.000000 1.000000 1.000000
4918.903320 0.000000 293.091003 0.000000 0.915502 0.000000 -0.402313 1.000000 1.000000 1.000000
4926.645508 0.000000 348.414185 0.000000 0.401930 0.000000 0.915670 1.000000 1.000000 1.000000
4935.593750 0.000000 350.988373 0.000000 0.999874 0.000000 0.015888 1.000000 1.000000 1.000000
4934.843750 0.000000 361.929260 0.000000 0.459195 0.000000 0.888336 1.000000 1.000000 1.000000
4954.386719 0.000000 372.750580 0.000000 0.998411 0.000000 -0.056353 1.000000 1.000000 1.000000
4903.991699 0.000000 383.391632 0.000000 0.422642 0.000000 0.906297 1.000000 1.000000 1.000000
4898.979004 0.000000 295.817017 0.000000 0.483012 0.000000 0.875614 1.000000 1.000000 1.000000
4957.447754 0.000000 365.030457 0.000000 0.966097 0.000000 -0.258181 1.000000 1.000000 1.000000
4900.318359 0.000000 373.215576 0.000000 0.377752 0.000000 0.925907 1.000000 1.000000 1.000000
4918.123535 0.000000 383.909515 0.000000 0.939690 0.000000 0.342029 1.000000 1.000000 1.000000
4912.795898 0.000000 296.083466 0.000000 0.921959 0.000000 -0.387288 1.000000 1.000000 1.000000
4943.083496 0.000000 381.465576 0.000000 0.944961 0.000000 -0.327183 1.000000 1.000000 1.000000
4940.926758 0.000000 365.146912 0.000000 0.998712 0.000000 0.050745 1.000000 1.000000 1.000000
4896.335938 0.000000 362.028198 0.000000 0.924165 0.000000 -0.381993 1.000000 1.000000 1.000000
4924.368652 0.000000 380.778107 0.000000 0.263383 0.000000 -0.964691 1.000000 1.000000 1.000000
4902.131836 0.000000 367.364471 0.000000 0.555305 0.000000 -0.831647 1.000000 1.000000 1.000000
4921.260254 0.000000 351.073853 0.000000 0.895638 0.000000 -0.444783 1.000000 1.000000 1.000000
4913.520508 0.000000 374.339722 0.000000 0.984707 0.000000 -0.174219 1.000000 1.000000 1.000000
4904.997070 0.000000 377.617920 0.000000 0.886057 0.000000 -0.463576 1.000000 1.000000 1.000000
4931.387207 0.000000 383.430298 0.000000 0.429964 0.000000 -0.902846 1.000000 1.000000 1.000000
4936.199707 0.000000 356.547089 0.000000 0.947174 0.000000 0.320720 1.000000 1.000000 1.000000
4948.419922 0.000000 382.594635 0.000000 0.937498 0.000000 0.347990 1.000000 1.000000 1.000000
4949.334473 0.000000 371.795746 0.000000 0.481040 0.000000 0.876699 1.000000 1.000000 1.000000
4931.832520 0.000000 347.758240 0.000000 0.843336 0.000000 -0.537386 1.000000 1.000000 1.000000
4958.893555 0.000000 374.815216 0.000000 0.504852 0.000000 -0.863206 1.000000 1.000000 1.000000
4896.852051 0.000000 300.137054 0.000000 0.998204 0.000000 0.059909 1.000000 1.000000 1.000000
4908.335938 0.000000 293.845856 0.000000 0.998755 0.000000 -0.049883 1.000000 1.000000 1.000000
4931.800781 0.000000 378.890259 0.000000 0.811843 0.000000 0.583875 1.000000 1.000000 1.000000
4915.942383 0.000000 289.472595 0.000000 0.648821 0.000000 -0.760941 1.000000 1.000000 1.000000
4915.722656 0.000000 379.914917 0.000000 0.751130 0.000000 0.660155 1.000000 1.000000 1.000000
4910.787598 0.000000 369.108459 0.000000 0.035298 0.000000 0.999377 1.000000 1.000000 1.000000
4895.507812 0.000000 292.929688 0.000000 0.426423 0.000000 -0.904524 1.000000 1.000000 1.000000
4953.267090 0.000000 377.016113 0.000000 0.992513 0.000000 0.122142 1.000000 1.000000 1.000000
4957.690918 0.000000 369.564514 0.000000 0.578806 0.000000 0.815465 1.000000 1.000000 1.000000
4901.120605 0.000000 300.027924 0.000000 0.641728 0.000000 -0.766933 1.000000 1.000000 1.000000
4929.954102 0.000000 351.648499 0.000000 0.052533 0.000000 -0.998619 1.000000 1.000000 1.000000
4903.179688 0.000000 294.975494 0.000000 0.926869 0.000000 0.375385 1.000000 1.000000 1.000000
4909.354004 0.000000 375.981781 0.000000 0.250446 0.000000 -0.968130 1.000000 1.000000 1.000000
4923.265137 0.000000 346.040009 0.000000 0.910599 0.000000 0.413291 1.000000 1.000000 1.000000
4908.150391 0.000000 382.967712 0.000000 0.992126 0.000000 -0.125241 1.000000 1.000000 1.000000
4898.650391 0.000000 365.342377 0.000000 0.278487 0.000000 0.960440 1.000000 1.000000 1.000000
4928.366699 0.000000 380.619812 0.000000 0.765138 0.000000 0.643866 1.000000 1.000000 1.000000
4956.739258 0.000000 378.002045 0.000000 0.004795 0.000000 0.999988 1.000000 1.000000 1.000000
4902.109863 0.000000 288.085541 0.000000 0.999816 0.000000 0.019172 1.000000 1.000000 1.000000
4950.725586 0.000000 379.981873 0.000000 0.728981 0.000000 -0.684534 1.000000 1.000000 1.000000
4909.843262 0.000000 362.673889 0.000000 0.517222 0.000000 0.855851 1.000000 1.000000 1.000000
4950.710938 0.000000 374.910706 0.000000 0.769572 0.000000 -0.638560 1.000000 1.000000 1.000000
4955.951660 0.000000 375.306793 0.000000 0.091459 0.000000 0.995809 1.000000 1.000000 1.000000
4967.512695 0.000000 368.133911 0.000000 0.978645 0.000000 0.205558 1.000000 1.000000 1.000000
4979.370605 0.000000 372.176025 0.000000 0.028219 0.000000 0.999602 1.000000 1.000000 1.000000
4995.582520 0.000000 365.947205 0.000000 0.625656 0.000000 0.780099 1.000000 1.000000 1.000000
4992.576172 0.000000 357.274292 0.000000 0.999985 0.000000 0.005471 1.000000 1.000000 1.000000
4987.438965 0.000000 368.626434 0.000000 0.988968 0.000000 -0.148128 1.000000 1.000000 1.000000
4982.790527 0.000000 379.935364 0.000000 0.697999 0.000000 -0.716099 1.000000 1.000000 1.000000
4975.983887 0.000000 383.391632 0.000000 0.380213 0.000000 0.924899 1.000000 1.000000 1.000000
4974.124023 0.000000 367.364471 0.000000 0.975063 0.000000 0.221927 1.000000 1.000000 1.000000
4990.106445 0.000000 362.989441 0.000000 0.088706 0.000000 -0.996058 1.000000 1.000000 1.000000
4993.252441 0.000000 351.073853 0.000000 0.616561 0.000000 0.787307 1.000000 1.000000 1.000000
4976.989258 0.000000 377.617920 0.000000 0.520861 0.000000 0.853642 1.000000 1.000000 1.000000
4997.095215 0.000000 354.209106 0.000000 0.923959 0.000000 -0.382491 1.000000 1.000000 1.000000
4982.779785 0.000000 369.108459 0.000000 0.659135 0.000000 0.752025 1.000000 1.000000 1.000000
4981.346191 0.000000 375.981781 0.000000 0.942259 0.000000 0.334885 1.000000 1.000000 1.000000
4979.388672 0.000000 379.847076 0.000000 0.211632 0.000000 -0.977349 1.000000 1.000000 1.000000
4666.955566 0.000000 454.060699 0.000000 0.558630 0.000000 -0.829417 1.000000 1.000000 1.000000
4646.521484 0.000000 407.342163 0.000000 0.649706 0.000000 0.760186 1.000000 1.000000 1.000000
4638.011719 0.000000 384.247833 0.000000 0.882034 0.000000 0.471187 1.000000 1.000000 1.000000
4654.651855 0.000000 443.352905 0.000000 0.754689 0.000000 0.656083 1.000000 1.000000 1.000000
4673.857422 0.000000 466.828613 0.000000 0.722921 0.000000 -0.690931 1.000000 1.000000 1.000000
4646.998047 0.000000 394.917023 0.000000 0.959456 0.000000 0.281859 1.000000 1.000000 1.000000
4654.062012 0.000000 455.017639 0.000000 0.314785 0.000000 0.949163 1.000000 1.000000 1.000000
4643.747559 0.000000 418.305328 0.000000 0.457307 0.000000 -0.889309 1.000000 1.000000 1.000000
4660.798340 0.000000 462.701080 0.000000 0.528392 0.000000 0.849000 1.000000 1.000000 1.000000
4658.467285 0.000000 428.662842 0.000000 0.601206 0.000000 0.799094 1.000000 1.000000 1.000000
4655.799316 0.000000 410.760529 0.000000 0.920373 0.000000 -0.391041 1.000000 1.000000 1.000000
4648.828125 0.000000 384.343231 0.000000 0.991195 0.000000 -0.132410 1.000000 1.000000 1.000000
4653.153320 0.000000 421.556519 0.000000 0.731639 0.000000 0.681692 1.000000 1.000000 1.000000
4653.156250 0.000000 435.126892 0.000000 0.389774 0.000000 0.920910 1.000000 1.000000 1.000000
4660.118652 0.000000 449.911987 0.000000 0.771332 0.000000 -0.636433 1.000000 1.000000 1.000000
4666.417969 0.000000 468.734955 0.000000 0.775994 0.000000 0.630741 1.000000 1.000000 1.000000
4660.928223 0.000000 436.962402 0.000000 0.361061 0.000000 0.932542 1.000000 1.000000 1.000000
4653.292969 0.000000 403.790619 0.000000 0.253675 0.000000 -0.967290 1.000000 1.000000 1.000000
4669.479004 0.000000 461.014832 0.000000 0.120257 0.000000 0.992743 1.000000 1.000000 1.000000
4672.907227 0.000000 449.840546 0.000000 0.891024 0.000000 0.453957 1.000000 1.000000 1.000000
4649.351562 0.000000 414.011200 0.000000 0.870988 0.000000 0.491305 1.000000 1.000000 1.000000
4641.347168 0.000000 390.748138 0.000000 0.999563 0.000000 0.029569 1.000000 1.000000 1.000000
4651.679688 0.000000 390.378418 0.000000 0.581501 0.000000 0.813546 1.000000 1.000000 1.000000
4642.994141 0.000000 424.797913 0.000000 0.722777 0.000000 -0.691081 1.000000 1.000000 1.000000
4661.187500 0.000000 456.665955 0.000000 0.950140 0.000000 0.311822 1.000000 1.000000 1.000000
4653.192383 0.000000 449.084167 0.000000 0.341086 0.000000 -0.940032 1.000000 1.000000 1.000000
4643.480469 0.000000 385.691772 0.000000 0.809983 0.000000 0.586454 1.000000 1.000000 1.000000
4641.571777 0.000000 396.602509 0.000000 0.086845 0.000000 -0.996222 1.000000 1.000000 1.000000
4651.857910 0.000000 397.247803 0.000000 0.442127 0.000000 0.896953 1.000000 1.000000 1.000000
4647.886719 0.000000 422.000549 0.000000 0.976473 0.000000 -0.215640 1.000000 1.000000 1.000000
4661.365723 0.000000 467.780121 0.000000 0.537419 0.000000 -0.843315 1.000000 1.000000 1.000000
4653.388672 0.000000 427.711182 0.000000 0.859194 0.000000 -0.511651 1.000000 1.000000 1.000000
4651.344727 0.000000 408.313629 0.000000 0.815735 0.000000 0.578426 1.000000 1.000000 1.000000
4646.633301 0.000000 389.702728 0.000000 0.890524 0.000000 0.454936 1.000000 1.000000 1.000000
4656.269531 0.000000 438.663513 0.000000 0.986542 0.000000 0.163510 1.000000 1.000000 1.000000
4664.920898 0.000000 460.234131 0.000000 0.327544 0.000000 -0.944836 1.000000 1.000000 1.000000
4657.750488 0.000000 433.413361 0.000000 0.244754 0.000000 0.969585 1.000000 1.000000 1.000000
4657.393066 0.000000 459.410126 0.000000 0.263420 0.000000 0.964681 1.000000 1.000000 1.000000
4669.722168 0.000000 465.548889 0.000000 0.956579 0.000000 0.291472 1.000000 1.000000 1.000000
4664.742188 0.000000 464.513977 0.000000 0.289703 0.000000 0.957116 1.000000 1.000000 1.000000
4652.093750 0.000000 417.270264 0.000000 0.997934 0.000000 -0.064251 1.000000 1.000000 1.000000
4658.026367 0.000000 453.831787 0.000000 0.999997 0.000000 -0.002517 1.000000 1.000000 1.000000
4663.064941 0.000000 452.718231 0.000000 0.589548 0.000000 0.807733 1.000000 1.000000 1.000000
4650.323242 0.000000 425.219391 0.000000 0.750130 0.000000 -0.661290 1.000000 1.000000 1.000000
4655.020020 0.000000 430.963684 0.000000 0.457212 0.000000 0.889358 1.000000 1.000000 1.000000
4655.046875 0.000000 424.644562 0.000000 0.907285 0.000000 -0.420516 1.000000 1.000000 1.000000
4664.630371 0.000000 457.038910 0.000000 0.552828 0.000000 -0.833295 1.000000 1.000000 1.000000
4749.415039 0.000000 477.287079 0.000000 0.715378 0.000000 -0.698737 1.000000 1.000000 1.000000
4673.500488 0.000000 482.504120 0.000000 0.767608 0.000000 -0.640920 1.000000 1.000000 1.000000
4674.792480 0.000000 496.892639 0.000000 0.887775 0.000000 -0.460277 1.000000 1.000000 1.000000
4666.129395 0.000000 489.804016 0.000000 0.147175 0.000000 0.989110 1.000000 1.000000 1.000000
4679.104980 0.000000 489.171112 0.000000 0.119931 0.000000 -0.992782 1.000000 1.000000 1.000000
4674.871582 0.000000 504.184387 0.000000 0.804796 0.000000 0.593551 1.000000 1.000000 1.000000
4673.062988 0.000000 490.561829 0.000000 0.197514 0.000000 0.980300 1.000000 1.000000 1.000000
4678.939941 0.000000 500.465607 0.000000 0.955699 0.000000 -0.294346 1.000000 1.000000 1.000000
4677.931152 0.000000 493.483093 0.000000 0.573237 0.000000 -0.819390 1.000000 1.000000 1.000000
4749.264648 0.000000 511.234070 0.000000 0.329344 0.000000 0.944210 1.000000 1.000000 1.000000
4718.513672 0.000000 503.326538 0.000000 0.784752 0.000000 -0.619809 1.000000 1.000000 1.000000
4682.760742 0.000000 496.672974 0.000000 0.999722 0.000000 0.023558 1.000000 1.000000 1.000000
4749.638672 0.000000 540.406799 0.000000 0.061538 0.000000 -0.998105 1.000000 1.000000 1.000000
4746.784668 0.000000 496.892639 0.000000 0.385995 0.000000 0.922501 1.000000 1.000000 1.000000
4706.231445 0.000000 503.435699 0.000000 0.366286 0.000000 0.930502 1.000000 1.000000 1.000000
4679.606445 0.000000 506.282440 0.000000 0.940639 0.000000 0.339408 1.000000 1.000000 1.000000
4727.791504 0.000000 506.744904 0.000000 0.980022 0.000000 0.198891 1.000000 1.000000 1.000000
4690.204590 0.000000 489.961365 0.000000 0.184292 0.000000 0.982872 1.000000 1.000000 1.000000
4740.241699 0.000000 508.343964 0.000000 0.838063 0.000000 -0.545573 1.000000 1.000000 1.000000
4690.603027 0.000000 500.670746 0.000000 0.955277 0.000000 -0.295713 1.000000 1.000000 1.000000
4712.758789 0.000000 498.337952 0.000000 0.816892 0.000000 0.576791 1.000000 1.000000 1.000000
4725.285156 0.000000 499.774994 0.000000 0.887627 0.000000 -0.460563 1.000000 1.000000 1.000000
4688.414062 0.000000 507.526642 0.000000 0.832334 0.000000 0.554274 1.000000 1.000000 1.000000
4696.819336 0.000000 488.052216 0.000000 0.792919 0.000000 -0.609327 1.000000 1.000000 1.000000
4704.716797 0.000000 497.198975 0.000000 0.678389 0.000000 -0.734703 1.000000 1.000000 1.000000
4733.895508 0.000000 508.040741 0.000000 0.189339 0.000000 -0.981912 1.000000 1.000000 1.000000
4684.549316 0.000000 502.531494 0.000000 0.797790 0.000000 0.602935 1.000000 1.000000 1.000000
4719.746094 0.000000 496.893738 0.000000 0.676245 0.000000 0.736677 1.000000 1.000000 1.000000
4741.278320 0.000000 502.362854 0.000000 0.987764 0.000000 -0.155954 1.000000 1.000000 1.000000
4688.124512 0.000000 495.143982 0.000000 0.322321 0.000000 -0.946630 1.000000 1.000000 1.000000
4730.738770 0.000000 501.955475 0.000000 0.978844 0.000000 0.204610 1.000000 1.000000 1.000000
4750.932129 0.000000 500.465607 0.000000 0.944906 0.000000 -0.327342 1.000000 1.000000 1.000000
4693.078125 0.000000 496.228821 0.000000 0.942569 0.000000 -0.334011 1.000000 1.000000 1.000000
4723.336914 0.000000 504.298004 0.000000 0.874845 0.000000 -0.484403 1.000000 1.000000 1.000000
4713.425293 0.000000 503.131104 0.000000 0.011450 0.000000 0.999934 1.000000 1.000000 1.000000
4680.875488 0.000000 492.105804 0.000000 0.566344 0.000000 0.824169 1.000000 1.000000 1.000000
4744.691895 0.000000 510.019836 0.000000 0.917072 0.000000 -0.398721 1.000000 1.000000 1.000000
4680.076660 0.000000 500.655029 0.000000 0.982801 0.000000 -0.184670 1.000000 1.000000 1.000000
4737.265137 0.000000 504.779572 0.000000 0.837680 0.000000 -0.546161 1.000000 1.000000 1.000000
4694.747559 0.000000 503.023987 0.000000 0.930092 0.000000 0.367326 1.000000 1.000000 1.000000
4694.863281 0.000000 492.151703 0.000000 0.808237 0.000000 0.588857 1.000000 1.000000 1.000000
4709.128906 0.000000 496.072815 0.000000 0.423925 0.000000 0.905697 1.000000 1.000000 1.000000
4709.659668 0.000000 501.071747 0.000000 0.943943 0.000000 -0.330108 1.000000 1.000000 1.000000
4686.813965 0.000000 499.095337 0.000000 0.683524 0.000000 -0.729928 1.000000 1.000000 1.000000
4716.589355 0.000000 499.807831 0.000000 0.999841 0.000000 -0.017857 1.000000 1.000000 1.000000
4695.948242 0.000000 499.003296 0.000000 0.032264 0.000000 0.999479 1.000000 1.000000 1.000000
4745.000000 0.000000 500.590942 0.000000 0.999995 0.000000 -0.003059 1.000000 1.000000 1.000000
4743.356445 0.000000 506.004578 0.000000 0.399791 0.000000 0.916606 1.000000 1.000000 1.000000
4749.807617 0.000000 507.186584 0.000000 0.048034 0.000000 0.998846 1.000000 1.000000 1.000000
4726.886719 0.000000 503.116974 0.000000 0.999099 0.000000 0.042447 1.000000 1.000000 1.000000
4701.821777 0.000000 494.576111 0.000000 0.701391 0.000000 0.712776 1.000000 1.000000 1.000000
4700.920410 0.000000 498.169586 0.000000 0.317293 0.000000 -0.948328 1.000000 1.000000 1.000000
4749.969727 0.000000 503.584473 0.000000 0.889434 0.000000 -0.457064 1.000000 1.000000 1.000000
4690.192871 0.000000 497.473633 0.000000 0.925175 0.000000 -0.379541 1.000000 1.000000 1.000000
4693.379395 0.000000 500.587311 0.000000 0.653005 0.000000 -0.757354 1.000000 1.000000 1.000000
4775.071289 0.000000 472.514160 0.000000 0.792373 0.000000 0.610037 1.000000 1.000000 1.000000
4792.187988 0.000000 428.756470 0.000000 0.999997 0.000000 -0.002268 1.000000 1.000000 1.000000
4805.713867 0.000000 419.137390 0.000000 0.964658 0.000000 0.263505 1.000000 1.000000 1.000000
4791.055176 0.000000 465.891510 0.000000 0.825723 0.000000 -0.564076 1.000000 1.000000 1.000000
4763.394043 0.000000 468.160400 0.000000 0.074943 0.000000 -0.997188 1.000000 1.000000 1.000000
4753.173828 0.000000 475.350189 0.000000 0.064811 0.000000 -0.997898 1.000000 1.000000 1.000000
4788.986328 0.000000 438.902985 0.000000 0.575296 0.000000 0.817946 1.000000 1.000000 1.000000
4818.083008 0.000000 425.299011 0.000000 0.933609 0.000000 -0.358293 1.000000 1.000000 1.000000
4802.451660 0.000000 428.662842 0.000000 0.094689 0.000000 0.995507 1.000000 1.000000 1.000000
4799.783691 0.000000 410.760529 0.000000 0.318017 0.000000 -0.948085 1.000000 1.000000 1.000000
4812.233887 0.000000 412.359589 0.000000 0.975538 0.000000 -0.219833 1.000000 1.000000 1.000000
4776.599609 0.000000 453.258667 0.000000 1.000000 0.000000 0.000367 1.000000 1.000000 1.000000
4797.137695 0.000000 421.556519 0.000000 0.455519 0.000000 0.890226 1.000000 1.000000 1.000000
4771.462402 0.000000 464.610809 0.000000 0.606247 0.000000 0.795277 1.000000 1.000000 1.000000
4766.813965 0.000000 475.919739 0.000000 0.124797 0.000000 -0.992182 1.000000 1.000000 1.000000
4797.140625 0.000000 435.126892 0.000000 0.241340 0.000000 -0.970441 1.000000 1.000000 1.000000
4782.661133 0.000000 444.398560 0.000000 0.236805 0.000000 -0.971557 1.000000 1.000000 1.000000
4790.859375 0.000000 457.913635 0.000000 0.964595 0.000000 0.263735 1.000000 1.000000 1.000000
4760.007324 0.000000 479.376007 0.000000 0.674921 0.000000 0.737890 1.000000 1.000000 1.000000
4756.333984 0.000000 469.199951 0.000000 0.865047 0.000000 -0.501691 1.000000 1.000000 1.000000
4774.139160 0.000000 479.893890 0.000000 0.222673 0.000000 0.974893 1.000000 1.000000 1.000000
4815.544434 0.000000 441.990662 0.000000 0.992709 0.000000 -0.120533 1.000000 1.000000 1.000000
4786.227051 0.000000 462.109985 0.000000 0.985854 0.000000 0.167604 1.000000 1.000000 1.000000
4779.435547 0.000000 468.151001 0.000000 0.314031 0.000000 0.949413 1.000000 1.000000 1.000000
4780.384277 0.000000 476.762482 0.000000 0.396350 0.000000 0.918100 1.000000 1.000000 1.000000
4774.129883 0.000000 458.973816 0.000000 0.999035 0.000000 0.043910 1.000000 1.000000 1.000000
4777.275879 0.000000 447.058228 0.000000 0.997786 0.000000 0.066514 1.000000 1.000000 1.000000
4769.536133 0.000000 470.324097 0.000000 0.778130 0.000000 0.628104 1.000000 1.000000 1.000000
4797.176758 0.000000 449.084167 0.000000 0.790232 0.000000 -0.612808 1.000000 1.000000 1.000000
4782.193848 0.000000 456.596313 0.000000 0.888703 0.000000 -0.458484 1.000000 1.000000 1.000000
4761.012695 0.000000 473.602295 0.000000 0.740801 0.000000 0.671725 1.000000 1.000000 1.000000
4791.811523 0.000000 434.102997 0.000000 0.100860 0.000000 0.994901 1.000000 1.000000 1.000000
4802.078613 0.000000 422.964081 0.000000 0.467008 0.000000 0.884253 1.000000 1.000000 1.000000
4797.373047 0.000000 427.711182 0.000000 0.656173 0.000000 0.754611 1.000000 1.000000 1.000000
4785.332031 0.000000 467.065796 0.000000 0.161513 0.000000 0.986871 1.000000 1.000000 1.000000
4787.848145 0.000000 443.742615 0.000000 0.447825 0.000000 -0.894121 1.000000 1.000000 1.000000
4809.771484 0.000000 438.344940 0.000000 0.547528 0.000000 -0.836788 1.000000 1.000000 1.000000
4781.118652 0.000000 450.193481 0.000000 0.951950 0.000000 -0.306255 1.000000 1.000000 1.000000
4789.022461 0.000000 470.250275 0.000000 0.804245 0.000000 -0.594298 1.000000 1.000000 1.000000
4809.551758 0.000000 416.230377 0.000000 0.657077 0.000000 0.753823 1.000000 1.000000 1.000000
4801.734863 0.000000 433.413361 0.000000 0.638423 0.000000 0.769686 1.000000 1.000000 1.000000
4787.816406 0.000000 474.874634 0.000000 0.591655 0.000000 0.806191 1.000000 1.000000 1.000000
4809.781250 0.000000 421.490479 0.000000 0.914583 0.000000 -0.404398 1.000000 1.000000 1.000000
4776.132812 0.000000 464.594971 0.000000 0.865566 0.000000 -0.500795 1.000000 1.000000 1.000000
4786.616699 0.000000 456.191681 0.000000 0.321230 0.000000 -0.947001 1.000000 1.000000 1.000000
4773.786621 0.000000 468.351227 0.000000 0.637693 0.000000 0.770291 1.000000 1.000000 1.000000
4805.677246 0.000000 445.875000 0.000000 0.866394 0.000000 0.499360 1.000000 1.000000 1.000000
4801.159180 0.000000 446.813751 0.000000 0.698035 0.000000 -0.716064 1.000000 1.000000 1.000000
4785.969727 0.000000 447.632874 0.000000 0.929848 0.000000 -0.367945 1.000000 1.000000 1.000000
4806.249512 0.000000 424.011047 0.000000 0.795420 0.000000 0.606058 1.000000 1.000000 1.000000
4765.369629 0.000000 471.966156 0.000000 0.968375 0.000000 -0.249499 1.000000 1.000000 1.000000
4795.257812 0.000000 431.458618 0.000000 0.706527 0.000000 0.707687 1.000000 1.000000 1.000000
4764.166016 0.000000 478.952087 0.000000 0.997679 0.000000 -0.068098 1.000000 1.000000 1.000000
4779.923340 0.000000 472.126465 0.000000 0.345846 0.000000 -0.938291 1.000000 1.000000 1.000000
4794.771484 0.000000 444.278748 0.000000 0.869577 0.000000 -0.493798 1.000000 1.000000 1.000000
4789.236816 0.000000 450.127563 0.000000 0.918294 0.000000 0.395900 1.000000 1.000000 1.000000
4818.069336 0.000000 417.565613 0.000000 0.939567 0.000000 -0.342366 1.000000 1.000000 1.000000
4799.004395 0.000000 430.963684 0.000000 0.867869 0.000000 0.496793 1.000000 1.000000 1.000000
4812.066895 0.000000 441.076874 0.000000 0.587929 0.000000 0.808913 1.000000 1.000000 1.000000
4807.142090 0.000000 440.748688 0.000000 0.898978 0.000000 0.437994 1.000000 1.000000 1.000000
4795.684082 0.000000 452.316711 0.000000 0.597454 0.000000 -0.801903 1.000000 1.000000 1.000000
4814.979492 0.000000 426.990021 0.000000 0.868690 0.000000 0.495356 1.000000 1.000000 1.000000
4788.849121 0.000000 453.690582 0.000000 0.420021 0.000000 -0.907514 1.000000 1.000000 1.000000
4792.243652 0.000000 437.487427 0.000000 0.193977 0.000000 -0.981006 1.000000 1.000000 1.000000
4805.672363 0.000000 427.410309 0.000000 0.964068 0.000000 0.265655 1.000000 1.000000 1.000000
4793.863281 0.000000 449.456085 0.000000 0.216637 0.000000 -0.976252 1.000000 1.000000 1.000000
4814.827637 0.000000 433.867401 0.000000 0.998004 0.000000 -0.063144 1.000000 1.000000 1.000000
4782.519043 0.000000 469.167664 0.000000 0.576656 0.000000 0.816987 1.000000 1.000000 1.000000
4776.583496 0.000000 460.983215 0.000000 0.998793 0.000000 -0.049123 1.000000 1.000000 1.000000
4776.757812 0.000000 469.816223 0.000000 0.131456 0.000000 -0.991322 1.000000 1.000000 1.000000
4797.582520 0.000000 446.128418 0.000000 0.625581 0.000000 0.780159 1.000000 1.000000 1.000000
4779.002441 0.000000 465.266510 0.000000 0.324911 0.000000 0.945745 1.000000 1.000000 1.000000
4802.154785 0.000000 436.266022 0.000000 0.975848 0.000000 0.218449 1.000000 1.000000 1.000000
4795.172852 0.000000 437.215118 0.000000 0.977628 0.000000 0.210341 1.000000 1.000000 1.000000
4803.356934 0.000000 439.241760 0.000000 0.992433 0.000000 -0.122791 1.000000 1.000000 1.000000
4862.498047 0.000000 407.342163 0.000000 0.741562 0.000000 -0.670884 1.000000 1.000000 1.000000
4829.871094 0.000000 418.311890 0.000000 0.526690 0.000000 -0.850057 1.000000 1.000000 1.000000
4876.437988 0.000000 473.289551 0.000000 0.237021 0.000000 0.971505 1.000000 1.000000 1.000000
4853.988281 0.000000 384.247833 0.000000 0.165762 0.000000 0.986166 1.000000 1.000000 1.000000
4848.433594 0.000000 419.321136 0.000000 0.233879 0.000000 -0.972266 1.000000 1.000000 1.000000
4863.047363 0.000000 465.891510 0.000000 0.952096 0.000000 0.305800 1.000000 1.000000 1.000000
4839.420410 0.000000 385.394806 0.000000 0.903416 0.000000 0.428765 1.000000 1.000000 1.000000
4893.623047 0.000000 444.422455 0.000000 0.226469 0.000000 -0.974018 1.000000 1.000000 1.000000
4862.974609 0.000000 394.917023 0.000000 0.967494 0.000000 -0.252893 1.000000 1.000000 1.000000
4839.822754 0.000000 411.365814 0.000000 0.998938 0.000000 0.046070 1.000000 1.000000 1.000000
4852.258301 0.000000 395.909180 0.000000 0.180924 0.000000 0.983497 1.000000 1.000000 1.000000
4823.590820 0.000000 410.298065 0.000000 0.446951 0.000000 0.894558 1.000000 1.000000 1.000000
4856.310547 0.000000 471.974579 0.000000 0.207667 0.000000 0.978199 1.000000 1.000000 1.000000
4834.587402 0.000000 404.686371 0.000000 0.323177 0.000000 0.946338 1.000000 1.000000 1.000000
4865.328125 0.000000 414.011200 0.000000 0.029870 0.000000 -0.999554 1.000000 1.000000 1.000000
4832.398438 0.000000 411.542267 0.000000 0.794212 0.000000 0.607641 1.000000 1.000000 1.000000
4832.100098 0.000000 424.608978 0.000000 0.502774 0.000000 0.864418 1.000000 1.000000 1.000000
4871.091309 0.000000 477.449951 0.000000 0.647162 0.000000 0.762353 1.000000 1.000000 1.000000
4846.277832 0.000000 412.673706 0.000000 0.194663 0.000000 0.980870 1.000000 1.000000 1.000000
4848.701172 0.000000 401.214600 0.000000 0.540632 0.000000 -0.841259 1.000000 1.000000 1.000000
4843.118652 0.000000 405.990082 0.000000 0.666699 0.000000 0.745327 1.000000 1.000000 1.000000
4868.934570 0.000000 461.131287 0.000000 0.950152 0.000000 0.311787 1.000000 1.000000 1.000000
4828.533691 0.000000 406.547119 0.000000 0.068866 0.000000 -0.997626 1.000000 1.000000 1.000000
4851.427734 0.000000 468.151001 0.000000 0.363358 0.000000 0.931650 1.000000 1.000000 1.000000
4863.730469 0.000000 400.909363 0.000000 0.999012 0.000000 0.044439 1.000000 1.000000 1.000000
4846.272461 0.000000 395.070251 0.000000 0.110926 0.000000 0.993829 1.000000 1.000000 1.000000
4824.397949 0.000000 416.844543 0.000000 0.885072 0.000000 0.465454 1.000000 1.000000 1.000000
4859.457031 0.000000 385.691772 0.000000 0.390028 0.000000 -0.920803 1.000000 1.000000 1.000000
4857.548340 0.000000 396.602509 0.000000 0.868866 0.000000 0.495047 1.000000 1.000000 1.000000
4852.370605 0.000000 415.819397 0.000000 0.734450 0.000000 0.678663 1.000000 1.000000 1.000000
4827.565430 0.000000 426.725250 0.000000 0.589314 0.000000 0.807904 1.000000 1.000000 1.000000
4867.321289 0.000000 408.313629 0.000000 0.431864 0.000000 0.901939 1.000000 1.000000 1.000000
4857.409668 0.000000 407.146729 0.000000 0.890405 0.000000 0.455170 1.000000 1.000000 1.000000
4861.014648 0.000000 470.250275 0.000000 0.038352 0.000000 0.999264 1.000000 1.000000 1.000000
4836.623047 0.000000 422.677979 0.000000 0.926997 0.000000 0.375069 1.000000 1.000000 1.000000
4861.017090 0.000000 411.846130 0.000000 0.993026 0.000000 -0.117896 1.000000 1.000000 1.000000
4892.570312 0.000000 452.710052 0.000000 0.125489 0.000000 -0.992095 1.000000 1.000000 1.000000
4843.950195 0.000000 385.456970 0.000000 0.804695 0.000000 -0.593689 1.000000 1.000000 1.000000
4842.702637 0.000000 415.464478 0.000000 0.837247 0.000000 0.546826 1.000000 1.000000 1.000000
4838.731934 0.000000 407.039612 0.000000 0.483331 0.000000 0.875438 1.000000 1.000000 1.000000
4849.744141 0.000000 385.719055 0.000000 0.291644 0.000000 0.956527 1.000000 1.000000 1.000000
4867.327637 0.000000 465.132080 0.000000 0.998509 0.000000 0.054588 1.000000 1.000000 1.000000
4851.232910 0.000000 411.511261 0.000000 0.501932 0.000000 -0.864907 1.000000 1.000000 1.000000
4860.573730 0.000000 403.823456 0.000000 0.982966 0.000000 0.183788 1.000000 1.000000 1.000000
4851.915527 0.000000 472.126465 0.000000 0.394839 0.000000 -0.918750 1.000000 1.000000 1.000000
4847.031250 0.000000 404.884369 0.000000 0.185711 0.000000 -0.982604 1.000000 1.000000 1.000000
4833.591797 0.000000 419.975006 0.000000 0.678703 0.000000 0.734413 1.000000 1.000000 1.000000
4859.703125 0.000000 399.830872 0.000000 0.968552 0.000000 -0.248813 1.000000 1.000000 1.000000
4835.119629 0.000000 408.529877 0.000000 0.947870 0.000000 0.318658 1.000000 1.000000 1.000000
4836.122559 0.000000 412.530823 0.000000 0.656335 0.000000 0.754470 1.000000 1.000000 1.000000
4831.608887 0.000000 415.135315 0.000000 0.601590 0.000000 -0.798805 1.000000 1.000000 1.000000
4853.548340 0.000000 408.703308 0.000000 0.451584 0.000000 -0.892229 1.000000 1.000000 1.000000
4823.687012 0.000000 426.242981 0.000000 0.306996 0.000000 0.951711 1.000000 1.000000 1.000000
4826.103516 0.000000 419.809113 0.000000 0.418367 0.000000 -0.908278 1.000000 1.000000 1.000000
4850.422363 0.000000 404.044403 0.000000 0.207148 0.000000 0.978310 1.000000 1.000000 1.000000
4836.759766 0.000000 419.355896 0.000000 0.962321 0.000000 0.271917 1.000000 1.000000 1.000000
4821.256836 0.000000 511.234070 0.000000 0.477667 0.000000 0.878541 1.000000 1.000000 1.000000
4762.263672 0.000000 535.082153 0.000000 0.066817 0.000000 -0.997765 1.000000 1.000000 1.000000
4752.586426 0.000000 480.535126 0.000000 0.804125 0.000000 0.594460 1.000000 1.000000 1.000000
4757.878906 0.000000 514.296265 0.000000 0.617399 0.000000 0.786650 1.000000 1.000000 1.000000
4754.752930 0.000000 496.672974 0.000000 0.506378 0.000000 0.862312 1.000000 1.000000 1.000000
4751.745605 0.000000 525.981140 0.000000 0.370999 0.000000 0.928633 1.000000 1.000000 1.000000
4766.819336 0.000000 523.172668 0.000000 0.611313 0.000000 0.791389 1.000000 1.000000 1.000000
4818.776855 0.000000 496.892639 0.000000 0.934778 0.000000 -0.355232 1.000000 1.000000 1.000000
4751.598633 0.000000 506.282440 0.000000 0.999878 0.000000 -0.015624 1.000000 1.000000 1.000000
4762.196777 0.000000 489.961365 0.000000 0.945281 0.000000 -0.326258 1.000000 1.000000 1.000000
4812.233887 0.000000 508.343964 0.000000 0.600457 0.000000 0.799657 1.000000 1.000000 1.000000
4762.595215 0.000000 500.670746 0.000000 0.983922 0.000000 0.178599 1.000000 1.000000 1.000000
4770.351562 0.000000 530.737427 0.000000 0.371572 0.000000 0.928404 1.000000 1.000000 1.000000
4753.450684 0.000000 536.992981 0.000000 0.695769 0.000000 0.718266 1.000000 1.000000 1.000000
4823.089355 0.000000 489.171112 0.000000 0.565223 0.000000 -0.824939 1.000000 1.000000 1.000000
4759.796875 0.000000 527.280640 0.000000 0.290724 0.000000 -0.956807 1.000000 1.000000 1.000000
4768.364746 0.000000 515.355164 0.000000 0.679444 0.000000 0.733728 1.000000 1.000000 1.000000
4751.554199 0.000000 518.546265 0.000000 0.043688 0.000000 -0.999045 1.000000 1.000000 1.000000
4754.994629 0.000000 487.785767 0.000000 0.411886 0.000000 0.911236 1.000000 1.000000 1.000000
4760.107910 0.000000 520.593323 0.000000 0.880135 0.000000 -0.474724 1.000000 1.000000 1.000000
4768.811523 0.000000 488.052216 0.000000 0.107012 0.000000 -0.994258 1.000000 1.000000 1.000000
4756.541504 0.000000 502.531494 0.000000 0.490840 0.000000 0.871250 1.000000 1.000000 1.000000
4768.361328 0.000000 536.788513 0.000000 0.790412 0.000000 0.612575 1.000000 1.000000 1.000000
4756.947754 0.000000 541.655579 0.000000 0.503977 0.000000 -0.863717 1.000000 1.000000 1.000000
4813.270508 0.000000 502.362854 0.000000 0.994061 0.000000 0.108823 1.000000 1.000000 1.000000
4755.659180 0.000000 531.457947 0.000000 0.373580 0.000000 -0.927598 1.000000 1.000000 1.000000
4763.543457 0.000000 512.331848 0.000000 0.776415 0.000000 -0.630222 1.000000 1.000000 1.000000
4760.116699 0.000000 495.143982 0.000000 0.261987 0.000000 0.965071 1.000000 1.000000 1.000000
4752.405762 0.000000 512.828918 0.000000 0.023636 0.000000 -0.999721 1.000000 1.000000 1.000000
4765.091797 0.000000 528.552673 0.000000 0.506612 0.000000 0.862174 1.000000 1.000000 1.000000
4765.070312 0.000000 496.228821 0.000000 0.997827 0.000000 -0.065894 1.000000 1.000000 1.000000
4755.573242 0.000000 522.709595 0.000000 0.054156 0.000000 0.998532 1.000000 1.000000 1.000000
4755.478027 0.000000 509.066071 0.000000 0.806676 0.000000 0.590995 1.000000 1.000000 1.000000
4764.630859 0.000000 518.662354 0.000000 0.443838 0.000000 0.896107 1.000000 1.000000 1.000000
4752.068848 0.000000 500.655029 0.000000 0.343205 0.000000 0.939261 1.000000 1.000000 1.000000
4771.958008 0.000000 481.441345 0.000000 0.455534 0.000000 -0.890218 1.000000 1.000000 1.000000
4761.811035 0.000000 539.694031 0.000000 0.675320 0.000000 -0.737525 1.000000 1.000000 1.000000
4757.870605 0.000000 535.651001 0.000000 0.994899 0.000000 0.100875 1.000000 1.000000 1.000000
4772.457520 0.000000 534.718689 0.000000 0.999792 0.000000 -0.020378 1.000000 1.000000 1.000000
4766.428223 0.000000 532.754578 0.000000 0.971507 0.000000 -0.237011 1.000000 1.000000 1.000000
4757.136230 0.000000 491.996674 0.000000 0.047155 0.000000 -0.998888 1.000000 1.000000 1.000000
4770.086914 0.000000 526.414124 0.000000 0.485196 0.000000 0.874405 1.000000 1.000000 1.000000
4756.423340 0.000000 518.408630 0.000000 0.994154 0.000000 -0.107973 1.000000 1.000000 1.000000
4758.806152 0.000000 499.095337 0.000000 0.751975 0.000000 0.659191 1.000000 1.000000 1.000000
4760.289062 0.000000 531.271545 0.000000 0.979487 0.000000 -0.201506 1.000000 1.000000 1.000000
4761.599609 0.000000 515.959412 0.000000 0.237682 0.000000 -0.971343 1.000000 1.000000 1.000000
4759.616699 0.000000 511.119690 0.000000 0.287006 0.000000 -0.957929 1.000000 1.000000 1.000000
4842.157715 0.000000 495.768127 0.000000 0.987942 0.000000 -0.154823 1.000000 1.000000 1.000000
4882.932129 0.000000 550.045044 0.000000 0.777801 0.000000 -0.628510 1.000000 1.000000 1.000000
4864.180176 0.000000 524.740845 0.000000 0.191116 0.000000 0.981567 1.000000 1.000000 1.000000
4857.610840 0.000000 547.875427 0.000000 0.449457 0.000000 0.893302 1.000000 1.000000 1.000000
4862.498047 0.000000 503.326538 0.000000 0.013586 0.000000 -0.999908 1.000000 1.000000 1.000000
4883.427246 0.000000 529.514038 0.000000 0.176958 0.000000 0.984218 1.000000 1.000000 1.000000
4848.433594 0.000000 515.305542 0.000000 0.598988 0.000000 0.800758 1.000000 1.000000 1.000000
4840.259277 0.000000 552.367065 0.000000 0.521790 0.000000 -0.853074 1.000000 1.000000 1.000000
4879.793457 0.000000 499.984406 0.000000 0.526051 0.000000 0.850453 1.000000 1.000000 1.000000
4870.628418 0.000000 539.337280 0.000000 0.686582 0.000000 0.727053 1.000000 1.000000 1.000000
4849.940918 0.000000 534.133240 0.000000 0.628928 0.000000 -0.777464 1.000000 1.000000 1.000000
4877.706055 0.000000 515.121765 0.000000 0.124904 0.000000 0.992169 1.000000 1.000000 1.000000
4826.745117 0.000000 496.672974 0.000000 0.484623 0.000000 0.874723 1.000000 1.000000 1.000000
4863.047363 0.000000 561.875854 0.000000 0.034844 0.000000 0.999393 1.000000 1.000000 1.000000
4893.623047 0.000000 540.406799 0.000000 0.964985 0.000000 0.262307 1.000000 1.000000 1.000000
4839.822754 0.000000 507.350189 0.000000 0.416572 0.000000 -0.909103 1.000000 1.000000 1.000000
4881.312988 0.000000 539.627319 0.000000 0.841311 0.000000 -0.540552 1.000000 1.000000 1.000000
4823.590820 0.000000 506.282440 0.000000 0.408257 0.000000 0.912867 1.000000 1.000000 1.000000
4874.443848 0.000000 524.647217 0.000000 0.422428 0.000000 0.906396 1.000000 1.000000 1.000000
4871.775879 0.000000 506.744904 0.000000 0.995857 0.000000 0.090937 1.000000 1.000000 1.000000
4884.226074 0.000000 508.343964 0.000000 0.167674 0.000000 -0.985842 1.000000 1.000000 1.000000
4856.310547 0.000000 567.958923 0.000000 0.262120 0.000000 -0.965035 1.000000 1.000000 1.000000
4838.806152 0.000000 571.904114 0.000000 0.297357 0.000000 -0.954766 1.000000 1.000000 1.000000
4842.343750 0.000000 530.737427 0.000000 0.531399 0.000000 0.847122 1.000000 1.000000 1.000000
4846.911133 0.000000 485.059753 0.000000 0.614572 0.000000 0.788861 1.000000 1.000000 1.000000
4831.789062 0.000000 527.280640 0.000000 0.950953 0.000000 0.309337 1.000000 1.000000 1.000000
4869.132812 0.000000 531.111267 0.000000 0.865409 0.000000 -0.501066 1.000000 1.000000 1.000000
4854.653320 0.000000 540.382935 0.000000 0.392956 0.000000 -0.919557 1.000000 1.000000 1.000000
4863.601562 0.000000 542.957092 0.000000 0.110187 0.000000 -0.993911 1.000000 1.000000 1.000000
4870.603516 0.000000 563.664917 0.000000 0.730673 0.000000 -0.682728 1.000000 1.000000 1.000000
4881.950195 0.000000 522.000427 0.000000 0.713864 0.000000 -0.700285 1.000000 1.000000 1.000000
4846.216309 0.000000 524.312439 0.000000 0.051390 0.000000 -0.998679 1.000000 1.000000 1.000000
4876.904785 0.000000 532.946777 0.000000 0.614962 0.000000 0.788557 1.000000 1.000000 1.000000
4869.269531 0.000000 499.774994 0.000000 0.707754 0.000000 0.706459 1.000000 1.000000 1.000000
4865.328125 0.000000 509.995575 0.000000 0.978646 0.000000 -0.205554 1.000000 1.000000 1.000000
4886.229004 0.000000 515.267944 0.000000 0.898954 0.000000 0.438043 1.000000 1.000000 1.000000
4846.131348 0.000000 575.878235 0.000000 0.957722 0.000000 0.287696 1.000000 1.000000 1.000000
4871.091309 0.000000 573.434326 0.000000 0.999624 0.000000 -0.027438 1.000000 1.000000 1.000000
4846.277832 0.000000 508.658081 0.000000 0.073707 0.000000 -0.997280 1.000000 1.000000 1.000000
4836.094727 0.000000 557.425232 0.000000 0.479097 0.000000 0.877762 1.000000 1.000000 1.000000
4887.536621 0.000000 537.975037 0.000000 0.031949 0.000000 -0.999489 1.000000 1.000000 1.000000
4858.219238 0.000000 558.094360 0.000000 0.665014 0.000000 0.746831 1.000000 1.000000 1.000000
4851.427734 0.000000 564.135376 0.000000 0.007781 0.000000 -0.999970 1.000000 1.000000 1.000000
4852.376465 0.000000 572.746826 0.000000 0.543118 0.000000 -0.839656 1.000000 1.000000 1.000000
4863.730469 0.000000 496.893738 0.000000 0.994808 0.000000 -0.101769 1.000000 1.000000 1.000000
4853.737793 0.000000 517.853333 0.000000 0.161435 0.000000 -0.986883 1.000000 1.000000 1.000000
4885.262695 0.000000 502.362854 0.000000 0.083381 0.000000 -0.996518 1.000000 1.000000 1.000000
4854.186035 0.000000 552.580688 0.000000 0.878102 0.000000 0.478473 1.000000 1.000000 1.000000
4872.374023 0.000000 512.416016 0.000000 0.931957 0.000000 -0.362570 1.000000 1.000000 1.000000
4837.083984 0.000000 528.552673 0.000000 0.005861 0.000000 0.999983 1.000000 1.000000 1.000000
4859.395020 0.000000 575.399048 0.000000 0.717652 0.000000 0.696402 1.000000 1.000000 1.000000
4849.832031 0.000000 528.766663 0.000000 0.989665 0.000000 0.143402 1.000000 1.000000 1.000000
4879.221191 0.000000 526.474976 0.000000 0.197508 0.000000 0.980301 1.000000 1.000000 1.000000
4877.342285 0.000000 563.764526 0.000000 0.659031 0.000000 0.752115 1.000000 1.000000 1.000000
4847.068359 0.000000 538.379700 0.000000 0.805308 0.000000 -0.592856 1.000000 1.000000 1.000000
4869.365234 0.000000 523.695557 0.000000 0.989869 0.000000 0.141987 1.000000 1.000000 1.000000
4857.324219 0.000000 563.050171 0.000000 0.983205 0.000000 0.182503 1.000000 1.000000 1.000000
4881.543945 0.000000 512.214722 0.000000 0.909886 0.000000 0.414859 1.000000 1.000000 1.000000
4872.246094 0.000000 534.647888 0.000000 0.994221 0.000000 -0.107351 1.000000 1.000000 1.000000
4873.727051 0.000000 529.397705 0.000000 0.496764 0.000000 0.867886 1.000000 1.000000 1.000000
4881.249512 0.000000 504.779572 0.000000 0.671957 0.000000 0.740591 1.000000 1.000000 1.000000
4843.730469 0.000000 571.883667 0.000000 0.371936 0.000000 0.928258 1.000000 1.000000 1.000000
4844.449707 0.000000 534.718689 0.000000 0.492948 0.000000 -0.870059 1.000000 1.000000 1.000000
4845.778809 0.000000 564.335571 0.000000 0.576514 0.000000 -0.817087 1.000000 1.000000 1.000000
4857.961914 0.000000 543.617249 0.000000 0.297504 0.000000 0.954721 1.000000 1.000000 1.000000
4828.295898 0.000000 483.487640 0.000000 0.181038 0.000000 0.983476 1.000000 1.000000 1.000000
4831.187500 0.000000 486.944244 0.000000 0.245536 0.000000 -0.969387 1.000000 1.000000 1.000000
4867.250000 0.000000 527.442993 0.000000 0.882969 0.000000 -0.469430 1.000000 1.000000 1.000000
4851.272949 0.000000 538.008728 0.000000 0.525193 0.000000 -0.850983 1.000000 1.000000 1.000000
4846.364746 0.000000 531.092407 0.000000 0.652214 0.000000 0.758035 1.000000 1.000000 1.000000
4832.281250 0.000000 531.271545 0.000000 0.417728 0.000000 0.908572 1.000000 1.000000 1.000000
4855.721680 0.000000 514.375183 0.000000 0.495215 0.000000 0.868771 1.000000 1.000000 1.000000
4888.984375 0.000000 500.590942 0.000000 0.992698 0.000000 -0.120629 1.000000 1.000000 1.000000
4854.006348 0.000000 561.028625 0.000000 0.449643 0.000000 -0.893208 1.000000 1.000000 1.000000
4870.996582 0.000000 526.948059 0.000000 0.882843 0.000000 0.469668 1.000000 1.000000 1.000000
4846.250000 0.000000 512.406189 0.000000 0.989695 0.000000 0.143194 1.000000 1.000000 1.000000
4854.994629 0.000000 556.133606 0.000000 0.056852 0.000000 0.998383 1.000000 1.000000 1.000000
4849.182617 0.000000 510.630615 0.000000 0.291126 0.000000 0.956685 1.000000 1.000000 1.000000
4851.924805 0.000000 514.932495 0.000000 0.951256 0.000000 0.308404 1.000000 1.000000 1.000000
4840.991699 0.000000 569.635620 0.000000 0.412720 0.000000 -0.910858 1.000000 1.000000 1.000000
4847.254883 0.000000 535.512878 0.000000 0.656349 0.000000 -0.754457 1.000000 1.000000 1.000000
4873.621094 0.000000 579.522705 0.000000 0.012533 0.000000 0.999921 1.000000 1.000000 1.000000
4862.498047 0.000000 599.310974 0.000000 0.921913 0.000000 -0.387396 1.000000 1.000000 1.000000
4848.433594 0.000000 611.289917 0.000000 0.496785 0.000000 -0.867873 1.000000 1.000000 1.000000
4889.477051 0.000000 578.488525 0.000000 0.819892 0.000000 -0.572519 1.000000 1.000000 1.000000
4862.974609 0.000000 586.885803 0.000000 0.999631 0.000000 -0.027149 1.000000 1.000000 1.000000
4850.215820 0.000000 599.420105 0.000000 0.562335 0.000000 0.826909 1.000000 1.000000 1.000000
4852.258301 0.000000 587.877991 0.000000 0.545992 0.000000 0.837790 1.000000 1.000000 1.000000
4864.804688 0.000000 576.312012 0.000000 0.403112 0.000000 -0.915150 1.000000 1.000000 1.000000
4881.383301 0.000000 575.944885 0.000000 0.034529 0.000000 -0.999404 1.000000 1.000000 1.000000
4846.911133 0.000000 581.044189 0.000000 0.981633 0.000000 0.190782 1.000000 1.000000 1.000000
4856.743164 0.000000 594.322327 0.000000 0.254039 0.000000 -0.967194 1.000000 1.000000 1.000000
4856.130859 0.000000 604.014587 0.000000 0.182829 0.000000 -0.983145 1.000000 1.000000 1.000000
4857.323730 0.000000 582.716919 0.000000 0.998656 0.000000 0.051828 1.000000 1.000000 1.000000
4867.656250 0.000000 582.347168 0.000000 0.201819 0.000000 -0.979423 1.000000 1.000000 1.000000
4846.272461 0.000000 587.039001 0.000000 0.339306 0.000000 -0.940676 1.000000 1.000000 1.000000
4884.339355 0.000000 580.657837 0.000000 0.544896 0.000000 0.838504 1.000000 1.000000 1.000000
4859.457031 0.000000 577.660522 0.000000 0.933002 0.000000 0.359872 1.000000 1.000000 1.000000
4852.370605 0.000000 607.788208 0.000000 0.522923 0.000000 -0.852380 1.000000 1.000000 1.000000
4852.238281 0.000000 581.908325 0.000000 0.997698 0.000000 0.067818 1.000000 1.000000 1.000000
4857.409668 0.000000 599.115540 0.000000 0.983242 0.000000 -0.182303 1.000000 1.000000 1.000000
4862.609863 0.000000 581.671509 0.000000 0.912825 0.000000 0.408352 1.000000 1.000000 1.000000
4843.950195 0.000000 577.425720 0.000000 0.999171 0.000000 -0.040722 1.000000 1.000000 1.000000
4849.744141 0.000000 577.687866 0.000000 0.547915 0.000000 -0.836534 1.000000 1.000000 1.000000
4851.232910 0.000000 603.480042 0.000000 0.184027 0.000000 -0.982921 1.000000 1.000000 1.000000
4853.644043 0.000000 597.056152 0.000000 0.983672 0.000000 -0.179969 1.000000 1.000000 1.000000
4853.548340 0.000000 600.672119 0.000000 0.153842 0.000000 0.988096 1.000000 1.000000 1.000000
4865.920898 0.000000 579.493652 0.000000 0.637605 0.000000 0.770364 1.000000 1.000000 1.000000
4919.055664 0.000000 472.514160 0.000000 0.960174 0.000000 -0.279403 1.000000 1.000000 1.000000
4925.980469 0.000000 384.247833 0.000000 0.424474 0.000000 0.905440 1.000000 1.000000 1.000000
4920.425781 0.000000 419.321136 0.000000 0.888157 0.000000 -0.459541 1.000000 1.000000 1.000000
4912.251465 0.000000 456.382690 0.000000 0.898051 0.000000 -0.439892 1.000000 1.000000 1.000000
4949.698242 0.000000 419.137390 0.000000 0.188860 0.000000 -0.982004 1.000000 1.000000 1.000000
4935.039551 0.000000 465.891510 0.000000 0.362388 0.000000 0.932027 1.000000 1.000000 1.000000
4911.412598 0.000000 385.394806 0.000000 0.075553 0.000000 -0.997142 1.000000 1.000000 1.000000
4961.469238 0.000000 386.519745 0.000000 0.402076 0.000000 -0.915606 1.000000 1.000000 1.000000
4895.664062 0.000000 449.267303 0.000000 0.617320 0.000000 0.786712 1.000000 1.000000 1.000000
4910.803711 0.000000 427.188263 0.000000 0.637550 0.000000 0.770409 1.000000 1.000000 1.000000
4907.378418 0.000000 468.160400 0.000000 0.702532 0.000000 -0.711653 1.000000 1.000000 1.000000
4911.814941 0.000000 411.365814 0.000000 0.870020 0.000000 -0.493016 1.000000 1.000000 1.000000
4923.590332 0.000000 461.931580 0.000000 0.810891 0.000000 -0.585197 1.000000 1.000000 1.000000
4931.716309 0.000000 418.305328 0.000000 0.962999 0.000000 0.269505 1.000000 1.000000 1.000000
4924.250488 0.000000 395.909180 0.000000 0.452094 0.000000 -0.891970 1.000000 1.000000 1.000000
4936.394043 0.000000 476.434326 0.000000 0.896745 0.000000 -0.442547 1.000000 1.000000 1.000000
4954.098145 0.000000 393.819641 0.000000 0.940238 0.000000 0.340518 1.000000 1.000000 1.000000
4925.789062 0.000000 428.683075 0.000000 0.998943 0.000000 0.045971 1.000000 1.000000 1.000000
4943.768066 0.000000 410.760529 0.000000 0.911622 0.000000 -0.411029 1.000000 1.000000 1.000000
4906.181152 0.000000 393.976990 0.000000 0.206592 0.000000 0.978427 1.000000 1.000000 1.000000
4902.437500 0.000000 457.152679 0.000000 0.951394 0.000000 -0.307975 1.000000 1.000000 1.000000
4956.218262 0.000000 412.359589 0.000000 0.616778 0.000000 -0.787138 1.000000 1.000000 1.000000
4936.796875 0.000000 384.343231 0.000000 0.972744 0.000000 -0.231880 1.000000 1.000000 1.000000
4906.579590 0.000000 404.686371 0.000000 0.415675 0.000000 -0.909513 1.000000 1.000000 1.000000
4953.375488 0.000000 383.976135 0.000000 0.459776 0.000000 -0.888035 1.000000 1.000000 1.000000
4963.842773 0.000000 457.378235 0.000000 0.312050 0.000000 -0.950066 1.000000 1.000000 1.000000
4912.349121 0.000000 419.370789 0.000000 0.927960 0.000000 -0.372679 1.000000 1.000000 1.000000
4942.595703 0.000000 467.680573 0.000000 0.085537 0.000000 -0.996335 1.000000 1.000000 1.000000
4918.208496 0.000000 428.328094 0.000000 0.406086 0.000000 -0.913835 1.000000 1.000000 1.000000
4954.386719 0.000000 468.734955 0.000000 0.021559 0.000000 -0.999768 1.000000 1.000000 1.000000
4937.320312 0.000000 414.011200 0.000000 0.103810 0.000000 0.994597 1.000000 1.000000 1.000000
4904.464844 0.000000 386.873077 0.000000 0.008542 0.000000 0.999964 1.000000 1.000000 1.000000
4900.318359 0.000000 469.199951 0.000000 0.970857 0.000000 0.239659 1.000000 1.000000 1.000000
4929.315918 0.000000 390.748138 0.000000 0.866401 0.000000 0.499348 1.000000 1.000000 1.000000
4918.123535 0.000000 479.893890 0.000000 0.988254 0.000000 -0.152818 1.000000 1.000000 1.000000
4904.092285 0.000000 424.608978 0.000000 0.948525 0.000000 -0.316703 1.000000 1.000000 1.000000
4912.795898 0.000000 392.067841 0.000000 0.037983 0.000000 0.999278 1.000000 1.000000 1.000000
4908.086914 0.000000 461.440857 0.000000 0.575761 0.000000 0.817618 1.000000 1.000000 1.000000
4920.693359 0.000000 401.214600 0.000000 0.762453 0.000000 0.647043 1.000000 1.000000 1.000000
4949.872070 0.000000 412.056366 0.000000 0.812579 0.000000 0.582851 1.000000 1.000000 1.000000
4961.031738 0.000000 394.577454 0.000000 0.489009 0.000000 0.872279 1.000000 1.000000 1.000000
4930.211426 0.000000 462.109985 0.000000 0.550412 0.000000 0.834893 1.000000 1.000000 1.000000
4896.335938 0.000000 458.012573 0.000000 0.239806 0.000000 -0.970821 1.000000 1.000000 1.000000
4923.419922 0.000000 468.151001 0.000000 0.811078 0.000000 0.584938 1.000000 1.000000 1.000000
4924.368652 0.000000 476.762482 0.000000 0.470858 0.000000 0.882209 1.000000 1.000000 1.000000
4902.131836 0.000000 463.348846 0.000000 0.368594 0.000000 0.929590 1.000000 1.000000 1.000000
4925.729980 0.000000 421.868958 0.000000 0.036590 0.000000 -0.999330 1.000000 1.000000 1.000000
4957.254883 0.000000 406.378479 0.000000 0.652483 0.000000 0.757803 1.000000 1.000000 1.000000
4904.997070 0.000000 473.602295 0.000000 0.789980 0.000000 0.613132 1.000000 1.000000 1.000000
4944.366211 0.000000 416.431641 0.000000 0.013879 0.000000 0.999904 1.000000 1.000000 1.000000
4965.391602 0.000000 477.287079 0.000000 0.047135 0.000000 0.998889 1.000000 1.000000 1.000000
4938.177246 0.000000 471.051971 0.000000 0.806099 0.000000 -0.591781 1.000000 1.000000 1.000000
4956.331543 0.000000 388.689026 0.000000 0.587405 0.000000 -0.809293 1.000000 1.000000 1.000000
4950.359863 0.000000 398.725098 0.000000 0.911331 0.000000 -0.411674 1.000000 1.000000 1.000000
4931.387207 0.000000 479.414673 0.000000 0.454476 0.000000 0.890759 1.000000 1.000000 1.000000
4931.449219 0.000000 385.691772 0.000000 0.910349 0.000000 0.413842 1.000000 1.000000 1.000000
4929.540527 0.000000 396.602509 0.000000 0.889507 0.000000 -0.456922 1.000000 1.000000 1.000000
4916.136719 0.000000 423.410675 0.000000 0.380774 0.000000 0.924668 1.000000 1.000000 1.000000
4921.824219 0.000000 432.782288 0.000000 0.724047 0.000000 0.689751 1.000000 1.000000 1.000000
4924.230469 0.000000 389.939514 0.000000 0.138035 0.000000 -0.990427 1.000000 1.000000 1.000000
4949.334473 0.000000 467.780121 0.000000 0.359295 0.000000 -0.933224 1.000000 1.000000 1.000000
4909.054688 0.000000 400.244446 0.000000 0.588685 0.000000 0.808362 1.000000 1.000000 1.000000
4921.074219 0.000000 424.247070 0.000000 0.983678 0.000000 0.179938 1.000000 1.000000 1.000000
4933.006836 0.000000 470.250275 0.000000 0.316720 0.000000 -0.948519 1.000000 1.000000 1.000000
4908.615234 0.000000 422.677979 0.000000 0.996330 0.000000 0.085597 1.000000 1.000000 1.000000
4908.335938 0.000000 389.830231 0.000000 0.839610 0.000000 0.543190 1.000000 1.000000 1.000000
4953.241699 0.000000 408.795197 0.000000 0.922751 0.000000 -0.385397 1.000000 1.000000 1.000000
4931.800781 0.000000 474.874634 0.000000 0.977108 0.000000 0.212743 1.000000 1.000000 1.000000
4897.025879 0.000000 453.624207 0.000000 0.783013 0.000000 0.622006 1.000000 1.000000 1.000000
4940.062500 0.000000 417.270264 0.000000 0.865321 0.000000 -0.501219 1.000000 1.000000 1.000000
4921.736328 0.000000 385.719055 0.000000 0.725114 0.000000 0.688628 1.000000 1.000000 1.000000
4920.270996 0.000000 476.335022 0.000000 0.976619 0.000000 0.214976 1.000000 1.000000 1.000000
4923.907715 0.000000 472.126465 0.000000 0.977653 0.000000 -0.210224 1.000000 1.000000 1.000000
4925.998535 0.000000 465.044250 0.000000 0.737323 0.000000 -0.675540 1.000000 1.000000 1.000000
4924.885742 0.000000 435.202209 0.000000 0.866683 0.000000 -0.498859 1.000000 1.000000 1.000000
4928.366699 0.000000 476.604187 0.000000 0.705564 0.000000 -0.708646 1.000000 1.000000 1.000000
4907.676270 0.000000 384.439331 0.000000 0.941828 0.000000 0.336096 1.000000 1.000000 1.000000
4928.106445 0.000000 387.317139 0.000000 0.123855 0.000000 -0.992300 1.000000 1.000000 1.000000
4926.999512 0.000000 393.619629 0.000000 0.891084 0.000000 0.453839 1.000000 1.000000 1.000000
4931.937500 0.000000 393.193207 0.000000 0.167607 0.000000 -0.985854 1.000000 1.000000 1.000000
4934.937988 0.000000 473.213074 0.000000 0.933942 0.000000 0.357425 1.000000 1.000000 1.000000
4946.006348 0.000000 413.021423 0.000000 0.850061 0.000000 0.526684 1.000000 1.000000 1.000000
4926.252441 0.000000 474.285095 0.000000 0.036978 0.000000 0.999316 1.000000 1.000000 1.000000
4952.862305 0.000000 413.214417 0.000000 0.386747 0.000000 0.922186 1.000000 1.000000 1.000000
4950.845215 0.000000 415.724060 0.000000 0.344085 0.000000 0.938938 1.000000 1.000000 1.000000
4984.243652 0.000000 456.382690 0.000000 0.966660 0.000000 -0.256063 1.000000 1.000000 1.000000
5007.031738 0.000000 465.891510 0.000000 0.690056 0.000000 -0.723756 1.000000 1.000000 1.000000
4983.404785 0.000000 385.394806 0.000000 0.650356 0.000000 0.759630 1.000000 1.000000 1.000000
4995.582520 0.000000 461.931580 0.000000 0.657473 0.000000 -0.753478 1.000000 1.000000 1.000000
4969.150391 0.000000 475.350189 0.000000 0.939291 0.000000 0.343121 1.000000 1.000000 1.000000
5008.386230 0.000000 476.434326 0.000000 0.520666 0.000000 0.853761 1.000000 1.000000 1.000000
4974.429688 0.000000 457.152679 0.000000 0.133731 0.000000 0.991018 1.000000 1.000000 1.000000
4978.117676 0.000000 448.526459 0.000000 0.797393 0.000000 0.603460 1.000000 1.000000 1.000000
5000.294922 0.000000 471.974579 0.000000 0.209357 0.000000 0.977839 1.000000 1.000000 1.000000
4987.438965 0.000000 464.610809 0.000000 0.362746 0.000000 0.931888 1.000000 1.000000 1.000000
4982.790527 0.000000 475.919739 0.000000 0.780662 0.000000 0.624954 1.000000 1.000000 1.000000
4969.427246 0.000000 441.008606 0.000000 0.301297 0.000000 -0.953530 1.000000 1.000000 1.000000
5014.587891 0.000000 467.680573 0.000000 0.762890 0.000000 0.646528 1.000000 1.000000 1.000000
4975.983887 0.000000 479.376007 0.000000 0.911526 0.000000 -0.411243 1.000000 1.000000 1.000000
4970.971191 0.000000 391.801392 0.000000 0.976471 0.000000 0.215647 1.000000 1.000000 1.000000
4976.457031 0.000000 386.873077 0.000000 0.287129 0.000000 0.957892 1.000000 1.000000 1.000000
4990.115723 0.000000 479.893890 0.000000 0.746431 0.000000 0.665463 1.000000 1.000000 1.000000
5015.075684 0.000000 477.449951 0.000000 0.935714 0.000000 0.352761 1.000000 1.000000 1.000000
4980.079102 0.000000 461.440857 0.000000 0.760915 0.000000 0.648851 1.000000 1.000000 1.000000
5002.203613 0.000000 462.109985 0.000000 0.872735 0.000000 -0.488195 1.000000 1.000000 1.000000
4968.328125 0.000000 458.012573 0.000000 0.555085 0.000000 0.831794 1.000000 1.000000 1.000000
4974.124023 0.000000 463.348846 0.000000 0.542008 0.000000 -0.840373 1.000000 1.000000 1.000000
4990.106445 0.000000 458.973816 0.000000 0.507200 0.000000 -0.861829 1.000000 1.000000 1.000000
4972.924316 0.000000 445.671204 0.000000 0.001276 0.000000 0.999999 1.000000 1.000000 1.000000
4972.967773 0.000000 451.565735 0.000000 0.320867 0.000000 -0.947124 1.000000 1.000000 1.000000
5010.169434 0.000000 471.051971 0.000000 0.595093 0.000000 -0.803657 1.000000 1.000000 1.000000
4982.779785 0.000000 465.092834 0.000000 0.669514 0.000000 -0.742799 1.000000 1.000000 1.000000
4973.112793 0.000000 396.012299 0.000000 0.945715 0.000000 -0.324996 1.000000 1.000000 1.000000
4972.280273 0.000000 387.503265 0.000000 0.943498 0.000000 0.331379 1.000000 1.000000 1.000000
4975.171875 0.000000 390.959869 0.000000 0.987433 0.000000 0.158037 1.000000 1.000000 1.000000
5011.312012 0.000000 465.132080 0.000000 0.301850 0.000000 -0.953355 1.000000 1.000000 1.000000
5012.049805 0.000000 474.864319 0.000000 0.271970 0.000000 0.962306 1.000000 1.000000 1.000000
4997.990723 0.000000 465.044250 0.000000 0.045544 0.000000 -0.998962 1.000000 1.000000 1.000000
4992.560059 0.000000 460.983215 0.000000 0.097779 0.000000 -0.995208 1.000000 1.000000 1.000000
4906.248047 0.000000 535.082153 0.000000 0.624306 0.000000 0.781180 1.000000 1.000000 1.000000
4895.520508 0.000000 560.102661 0.000000 0.018487 0.000000 -0.999829 1.000000 1.000000 1.000000
4925.980469 0.000000 480.232208 0.000000 0.897166 0.000000 0.441693 1.000000 1.000000 1.000000
4912.251465 0.000000 552.367065 0.000000 0.825766 0.000000 0.564013 1.000000 1.000000 1.000000
4910.803711 0.000000 523.172668 0.000000 0.897987 0.000000 0.440022 1.000000 1.000000 1.000000
4923.590332 0.000000 557.915955 0.000000 0.630397 0.000000 0.776273 1.000000 1.000000 1.000000
4897.158203 0.000000 571.334595 0.000000 0.006308 0.000000 0.999980 1.000000 1.000000 1.000000
4895.583008 0.000000 506.282440 0.000000 0.144413 0.000000 0.989518 1.000000 1.000000 1.000000
4902.437500 0.000000 553.137085 0.000000 0.753461 0.000000 -0.657492 1.000000 1.000000 1.000000
4915.446777 0.000000 560.595154 0.000000 0.530337 0.000000 0.847787 1.000000 1.000000 1.000000
4963.236816 0.000000 532.260803 0.000000 0.561601 0.000000 -0.827408 1.000000 1.000000 1.000000
4903.781250 0.000000 527.280640 0.000000 0.673517 0.000000 0.739172 1.000000 1.000000 1.000000
4941.125000 0.000000 531.111267 0.000000 0.759430 0.000000 0.650590 1.000000 1.000000 1.000000
4948.087402 0.000000 545.896362 0.000000 0.837945 0.000000 0.545755 1.000000 1.000000 1.000000
4948.896973 0.000000 532.946777 0.000000 0.144095 0.000000 -0.989564 1.000000 1.000000 1.000000
4960.875977 0.000000 545.824951 0.000000 0.418866 0.000000 -0.908048 1.000000 1.000000 1.000000
4900.318359 0.000000 565.184326 0.000000 0.685445 0.000000 -0.728124 1.000000 1.000000 1.000000
4908.086914 0.000000 557.425232 0.000000 0.672473 0.000000 -0.740122 1.000000 1.000000 1.000000
4959.528809 0.000000 537.975037 0.000000 0.034390 0.000000 -0.999408 1.000000 1.000000 1.000000
4902.131836 0.000000 559.333252 0.000000 0.996270 0.000000 -0.086290 1.000000 1.000000 1.000000
4926.178223 0.000000 552.580688 0.000000 0.788831 0.000000 0.614610 1.000000 1.000000 1.000000
4904.997070 0.000000 569.586670 0.000000 0.869542 0.000000 0.493859 1.000000 1.000000 1.000000
4907.527832 0.000000 512.331848 0.000000 0.457783 0.000000 0.889064 1.000000 1.000000 1.000000
4955.387207 0.000000 544.826477 0.000000 0.038067 0.000000 0.999275 1.000000 1.000000 1.000000
4908.615234 0.000000 518.662354 0.000000 0.841318 0.000000 -0.540540 1.000000 1.000000 1.000000
4964.562500 0.000000 548.694458 0.000000 0.542542 0.000000 -0.840028 1.000000 1.000000 1.000000
4906.664062 0.000000 523.932800 0.000000 0.423071 0.000000 -0.906096 1.000000 1.000000 1.000000
4967.419922 0.000000 532.916199 0.000000 0.620060 0.000000 -0.784555 1.000000 1.000000 1.000000
4964.445312 0.000000 536.441467 0.000000 0.883880 0.000000 0.467714 1.000000 1.000000 1.000000
4901.177734 0.000000 572.266602 0.000000 0.681467 0.000000 -0.731849 1.000000 1.000000 1.000000
4898.650391 0.000000 557.311157 0.000000 0.206562 0.000000 0.978434 1.000000 1.000000 1.000000
4964.733398 0.000000 544.391907 0.000000 0.770756 0.000000 -0.637131 1.000000 1.000000 1.000000
4906.365234 0.000000 553.813171 0.000000 0.976120 0.000000 -0.217233 1.000000 1.000000 1.000000
4898.956055 0.000000 561.481628 0.000000 0.989211 0.000000 0.146498 1.000000 1.000000 1.000000
4898.478516 0.000000 574.581055 0.000000 0.750911 0.000000 0.660404 1.000000 1.000000 1.000000
4903.057129 0.000000 523.846252 0.000000 0.936169 0.000000 -0.351550 1.000000 1.000000 1.000000
4962.517090 0.000000 538.845947 0.000000 0.143605 0.000000 -0.989635 1.000000 1.000000 1.000000
5037.233398 0.000000 511.234070 0.000000 0.778208 0.000000 0.628007 1.000000 1.000000 1.000000
4986.142090 0.000000 495.768127 0.000000 0.083533 0.000000 0.996505 1.000000 1.000000 1.000000
4978.240234 0.000000 535.082153 0.000000 0.551460 0.000000 0.834201 1.000000 1.000000 1.000000
4968.562988 0.000000 480.535126 0.000000 0.700671 0.000000 -0.713485 1.000000 1.000000 1.000000
4973.855469 0.000000 514.296265 0.000000 0.093384 0.000000 0.995630 1.000000 1.000000 1.000000
4997.972656 0.000000 480.232208 0.000000 0.938010 0.000000 -0.346610 1.000000 1.000000 1.000000
5023.777832 0.000000 499.984406 0.000000 0.166409 0.000000 -0.986057 1.000000 1.000000 1.000000
5021.690430 0.000000 515.121765 0.000000 0.339055 0.000000 -0.940767 1.000000 1.000000 1.000000
4983.404785 0.000000 481.379181 0.000000 0.862443 0.000000 0.506154 1.000000 1.000000 1.000000
5006.958984 0.000000 490.901398 0.000000 0.980461 0.000000 0.196716 1.000000 1.000000 1.000000
4983.807129 0.000000 507.350189 0.000000 0.154029 0.000000 0.988066 1.000000 1.000000 1.000000
4996.242676 0.000000 491.893555 0.000000 0.177522 0.000000 -0.984117 1.000000 1.000000 1.000000
5026.090332 0.000000 489.804016 0.000000 0.976094 0.000000 0.217347 1.000000 1.000000 1.000000
5034.059570 0.000000 521.283386 0.000000 0.211591 0.000000 0.977358 1.000000 1.000000 1.000000
5017.045898 0.000000 492.922394 0.000000 0.998448 0.000000 0.055685 1.000000 1.000000 1.000000
4978.117676 0.000000 544.510803 0.000000 0.306469 0.000000 -0.951881 1.000000 1.000000 1.000000
5028.210449 0.000000 508.343964 0.000000 0.999983 0.000000 -0.005804 1.000000 1.000000 1.000000
5008.789062 0.000000 480.327606 0.000000 0.752561 0.000000 -0.658523 1.000000 1.000000 1.000000
4978.571777 0.000000 500.670746 0.000000 0.421438 0.000000 0.906857 1.000000 1.000000 1.000000
4969.427246 0.000000 536.992981 0.000000 0.993192 0.000000 0.116493 1.000000 1.000000 1.000000
4990.895508 0.000000 485.059753 0.000000 0.797631 0.000000 -0.603146 1.000000 1.000000 1.000000
4975.773438 0.000000 527.280640 0.000000 0.994407 0.000000 -0.105613 1.000000 1.000000 1.000000
5034.832520 0.000000 504.184387 0.000000 0.817447 0.000000 0.576003 1.000000 1.000000 1.000000
5000.115234 0.000000 508.030151 0.000000 0.517073 0.000000 0.855941 1.000000 1.000000 1.000000
5009.312500 0.000000 509.995575 0.000000 0.089816 0.000000 -0.995958 1.000000 1.000000 1.000000
4976.382812 0.000000 507.526642 0.000000 0.736914 0.000000 -0.675987 1.000000 1.000000 1.000000
5030.213379 0.000000 515.267944 0.000000 0.662010 0.000000 0.749495 1.000000 1.000000 1.000000
5001.308105 0.000000 486.732513 0.000000 0.804181 0.000000 0.594384 1.000000 1.000000 1.000000
4976.084473 0.000000 520.593323 0.000000 0.995946 0.000000 -0.089951 1.000000 1.000000 1.000000
4984.788086 0.000000 488.052216 0.000000 0.450569 0.000000 0.892742 1.000000 1.000000 1.000000
5021.864258 0.000000 508.040741 0.000000 0.997934 0.000000 -0.064240 1.000000 1.000000 1.000000
5028.646973 0.000000 495.912323 0.000000 0.573660 0.000000 0.819093 1.000000 1.000000 1.000000
5033.023926 0.000000 490.561829 0.000000 0.747018 0.000000 0.664804 1.000000 1.000000 1.000000
5007.714844 0.000000 496.893738 0.000000 0.839879 0.000000 0.542774 1.000000 1.000000 1.000000
4990.256836 0.000000 491.054626 0.000000 0.419621 0.000000 -0.907699 1.000000 1.000000 1.000000
4972.924316 0.000000 541.655579 0.000000 0.752663 0.000000 0.658406 1.000000 1.000000 1.000000
5029.247070 0.000000 502.362854 0.000000 0.879771 0.000000 -0.475397 1.000000 1.000000 1.000000
4972.967773 0.000000 547.550110 0.000000 0.238643 0.000000 0.971107 1.000000 1.000000 1.000000
4979.520020 0.000000 512.331848 0.000000 0.820648 0.000000 0.571434 1.000000 1.000000 1.000000
5022.925293 0.000000 485.398102 0.000000 0.894087 0.000000 0.447894 1.000000 1.000000 1.000000
5022.352051 0.000000 494.709473 0.000000 0.588509 0.000000 -0.808490 1.000000 1.000000 1.000000
5036.385254 0.000000 516.555481 0.000000 0.864762 0.000000 0.502183 1.000000 1.000000 1.000000
5001.394043 0.000000 503.131104 0.000000 0.561315 0.000000 0.827603 1.000000 1.000000 1.000000
5005.001465 0.000000 507.830505 0.000000 0.027033 0.000000 -0.999635 1.000000 1.000000 1.000000
4987.934570 0.000000 481.441345 0.000000 0.493789 0.000000 0.869581 1.000000 1.000000 1.000000
4969.018066 0.000000 549.608582 0.000000 0.461578 0.000000 -0.887100 1.000000 1.000000 1.000000
4993.728516 0.000000 481.703430 0.000000 0.737545 0.000000 -0.675298 1.000000 1.000000 1.000000
4967.610840 0.000000 540.933655 0.000000 0.457939 0.000000 -0.888984 1.000000 1.000000 1.000000
4974.740723 0.000000 544.564697 0.000000 0.592079 0.000000 -0.805880 1.000000 1.000000 1.000000
5025.167480 0.000000 496.518311 0.000000 0.672743 0.000000 -0.739876 1.000000 1.000000 1.000000
5152.370605 0.000000 476.434326 0.000000 0.812330 0.000000 -0.583198 1.000000 1.000000 1.000000
5147.363770 0.000000 479.414673 0.000000 0.785281 0.000000 0.619140 1.000000 1.000000 1.000000
5147.777344 0.000000 474.874634 0.000000 0.790063 0.000000 -0.613025 1.000000 1.000000 1.000000
5144.343262 0.000000 476.604187 0.000000 0.558379 0.000000 0.829586 1.000000 1.000000 1.000000
5105.453613 0.000000 482.504120 0.000000 0.973503 0.000000 -0.228673 1.000000 1.000000 1.000000
5039.714355 0.000000 525.981140 0.000000 0.769015 0.000000 0.639230 1.000000 1.000000 1.000000
5106.745605 0.000000 496.892639 0.000000 0.770384 0.000000 0.637581 1.000000 1.000000 1.000000
5111.058105 0.000000 489.171112 0.000000 0.364472 0.000000 -0.931214 1.000000 1.000000 1.000000
5039.522949 0.000000 518.546265 0.000000 0.568995 0.000000 0.822341 1.000000 1.000000 1.000000
5110.893066 0.000000 500.465607 0.000000 0.990427 0.000000 -0.138035 1.000000 1.000000 1.000000
5109.969238 0.000000 484.566101 0.000000 0.538482 0.000000 -0.842637 1.000000 1.000000 1.000000
5181.217773 0.000000 511.234070 0.000000 0.710894 0.000000 -0.703300 1.000000 1.000000 1.000000
5130.126465 0.000000 495.768127 0.000000 0.920156 0.000000 -0.391553 1.000000 1.000000 1.000000
5112.547363 0.000000 480.535126 0.000000 0.517012 0.000000 -0.855978 1.000000 1.000000 1.000000
5141.957031 0.000000 480.232208 0.000000 0.331756 0.000000 -0.943365 1.000000 1.000000 1.000000
5167.762207 0.000000 499.984406 0.000000 0.692808 0.000000 -0.721122 1.000000 1.000000 1.000000
5165.674805 0.000000 515.121765 0.000000 0.995373 0.000000 0.096082 1.000000 1.000000 1.000000
5114.713867 0.000000 496.672974 0.000000 0.906372 0.000000 -0.422481 1.000000 1.000000 1.000000
5126.780273 0.000000 523.172668 0.000000 0.787022 0.000000 0.616924 1.000000 1.000000 1.000000
5127.791504 0.000000 507.350189 0.000000 0.968784 0.000000 -0.247906 1.000000 1.000000 1.000000
5178.043945 0.000000 521.283386 0.000000 0.799806 0.000000 -0.600259 1.000000 1.000000 1.000000
5111.559570 0.000000 506.282440 0.000000 0.547033 0.000000 -0.837111 1.000000 1.000000 1.000000
5159.744629 0.000000 506.744904 0.000000 0.979592 0.000000 0.200995 1.000000 1.000000 1.000000
5122.157715 0.000000 489.961365 0.000000 0.655163 0.000000 0.755487 1.000000 1.000000 1.000000
5172.194824 0.000000 508.343964 0.000000 0.642944 0.000000 -0.765913 1.000000 1.000000 1.000000
5152.773438 0.000000 480.327606 0.000000 0.386138 0.000000 0.922441 1.000000 1.000000 1.000000
5134.879883 0.000000 485.059753 0.000000 0.863990 0.000000 -0.503508 1.000000 1.000000 1.000000
5128.325684 0.000000 515.355164 0.000000 0.516131 0.000000 -0.856510 1.000000 1.000000 1.000000
5114.955566 0.000000 487.785767 0.000000 0.281789 0.000000 -0.959476 1.000000 1.000000 1.000000
5153.296875 0.000000 509.995575 0.000000 0.691530 0.000000 -0.722348 1.000000 1.000000 1.000000
5120.441406 0.000000 482.857452 0.000000 0.929170 0.000000 -0.369652 1.000000 1.000000 1.000000
5174.197754 0.000000 515.267944 0.000000 0.811276 0.000000 0.584664 1.000000 1.000000 1.000000
5128.772461 0.000000 488.052216 0.000000 0.926237 0.000000 0.376942 1.000000 1.000000 1.000000
5155.625000 0.000000 486.362793 0.000000 0.870014 0.000000 0.493027 1.000000 1.000000 1.000000
5134.246582 0.000000 508.658081 0.000000 0.477857 0.000000 0.878438 1.000000 1.000000 1.000000
5131.087402 0.000000 501.974457 0.000000 0.007002 0.000000 0.999976 1.000000 1.000000 1.000000
5165.848633 0.000000 508.040741 0.000000 0.440422 0.000000 0.897791 1.000000 1.000000 1.000000
5134.241211 0.000000 491.054626 0.000000 0.893332 0.000000 -0.449397 1.000000 1.000000 1.000000
5173.231445 0.000000 502.362854 0.000000 0.598593 0.000000 0.801053 1.000000 1.000000 1.000000
5160.342773 0.000000 512.416016 0.000000 0.589446 0.000000 0.807808 1.000000 1.000000 1.000000
5123.504395 0.000000 512.331848 0.000000 0.605476 0.000000 0.795864 1.000000 1.000000 1.000000
5147.425781 0.000000 481.676147 0.000000 0.957431 0.000000 0.288661 1.000000 1.000000 1.000000
5180.369629 0.000000 516.555481 0.000000 0.080706 0.000000 0.996738 1.000000 1.000000 1.000000
5169.512695 0.000000 512.214722 0.000000 0.477597 0.000000 0.878579 1.000000 1.000000 1.000000
5112.029785 0.000000 500.655029 0.000000 0.991408 0.000000 0.130807 1.000000 1.000000 1.000000
5130.671387 0.000000 511.448853 0.000000 0.839798 0.000000 0.542899 1.000000 1.000000 1.000000
5116.264648 0.000000 483.487640 0.000000 0.159019 0.000000 0.987276 1.000000 1.000000 1.000000
5119.156250 0.000000 486.944244 0.000000 0.495070 0.000000 0.868853 1.000000 1.000000 1.000000
5121.560547 0.000000 515.959412 0.000000 0.980381 0.000000 0.197114 1.000000 1.000000 1.000000
5137.407227 0.000000 488.733673 0.000000 0.724939 0.000000 -0.688814 1.000000 1.000000 1.000000
5175.309570 0.000000 506.004578 0.000000 0.811126 0.000000 -0.584871 1.000000 1.000000 1.000000
5128.260254 0.000000 519.270813 0.000000 0.486028 0.000000 -0.873943 1.000000 1.000000 1.000000
5223.008301 0.000000 465.891510 0.000000 0.557195 0.000000 -0.830382 1.000000 1.000000 1.000000
5224.362793 0.000000 476.434326 0.000000 0.887412 0.000000 -0.460978 1.000000 1.000000 1.000000
5216.271484 0.000000 471.974579 0.000000 0.169566 0.000000 -0.985519 1.000000 1.000000 1.000000
5203.415527 0.000000 464.610809 0.000000 0.864403 0.000000 -0.502800 1.000000 1.000000 1.000000
5206.092285 0.000000 479.893890 0.000000 0.998504 0.000000 0.054677 1.000000 1.000000 1.000000
5231.052246 0.000000 477.449951 0.000000 0.013464 0.000000 0.999909 1.000000 1.000000 1.000000
5211.388672 0.000000 468.151001 0.000000 0.024323 0.000000 -0.999704 1.000000 1.000000 1.000000
5212.337402 0.000000 476.762482 0.000000 0.194581 0.000000 -0.980886 1.000000 1.000000 1.000000
5219.355957 0.000000 479.414673 0.000000 0.955103 0.000000 0.296273 1.000000 1.000000 1.000000
5236.388672 0.000000 478.579010 0.000000 0.327008 0.000000 0.945022 1.000000 1.000000 1.000000
5219.769531 0.000000 474.874634 0.000000 0.902706 0.000000 0.430257 1.000000 1.000000 1.000000
5228.026367 0.000000 474.864319 0.000000 0.988662 0.000000 0.150156 1.000000 1.000000 1.000000
5216.335449 0.000000 476.604187 0.000000 0.991288 0.000000 0.131709 1.000000 1.000000 1.000000
5227.512207 0.000000 478.625366 0.000000 0.380335 0.000000 -0.924849 1.000000 1.000000 1.000000
5266.208984 0.000000 439.097748 0.000000 0.347721 0.000000 0.937598 1.000000 1.000000 1.000000
5281.894043 0.000000 438.148895 0.000000 0.025063 0.000000 0.999686 1.000000 1.000000 1.000000
5283.551270 0.000000 461.931580 0.000000 0.173183 0.000000 0.984890 1.000000 1.000000 1.000000
5257.119141 0.000000 475.350189 0.000000 0.949429 0.000000 -0.313982 1.000000 1.000000 1.000000
5275.407715 0.000000 464.610809 0.000000 0.737264 0.000000 0.675605 1.000000 1.000000 1.000000
5274.296875 0.000000 434.753052 0.000000 0.900179 0.000000 -0.435519 1.000000 1.000000 1.000000
5263.742188 0.000000 431.296265 0.000000 0.825241 0.000000 0.564781 1.000000 1.000000 1.000000
5263.952637 0.000000 479.376007 0.000000 0.069139 0.000000 0.997607 1.000000 1.000000 1.000000
5260.279297 0.000000 469.199951 0.000000 0.285177 0.000000 0.958475 1.000000 1.000000 1.000000
5268.047852 0.000000 461.440857 0.000000 0.261891 0.000000 0.965097 1.000000 1.000000 1.000000
5283.380859 0.000000 468.151001 0.000000 0.210560 0.000000 0.977581 1.000000 1.000000 1.000000
5281.221191 0.000000 447.058228 0.000000 0.879646 0.000000 -0.475629 1.000000 1.000000 1.000000
5269.037109 0.000000 432.568268 0.000000 0.612872 0.000000 0.790182 1.000000 1.000000 1.000000
5253.209961 0.000000 511.234070 0.000000 0.844415 0.000000 0.535690 1.000000 1.000000 1.000000
5194.216797 0.000000 535.082153 0.000000 0.372568 0.000000 -0.928005 1.000000 1.000000 1.000000
5233.582031 0.000000 483.538330 0.000000 0.003732 0.000000 -0.999993 1.000000 1.000000 1.000000
5224.141113 0.000000 524.740845 0.000000 0.702117 0.000000 0.712062 1.000000 1.000000 1.000000
5189.832031 0.000000 514.296265 0.000000 0.998176 0.000000 0.060367 1.000000 1.000000 1.000000
5243.388184 0.000000 529.514038 0.000000 0.860871 0.000000 -0.508823 1.000000 1.000000 1.000000
5213.949219 0.000000 480.232208 0.000000 0.327266 0.000000 -0.944932 1.000000 1.000000 1.000000
5239.754395 0.000000 499.984406 0.000000 0.876653 0.000000 0.481124 1.000000 1.000000 1.000000
5209.901855 0.000000 534.133240 0.000000 0.744161 0.000000 0.668000 1.000000 1.000000 1.000000
5237.666992 0.000000 515.121765 0.000000 0.194462 0.000000 0.980910 1.000000 1.000000 1.000000
5249.437988 0.000000 482.504120 0.000000 0.905358 0.000000 -0.424649 1.000000 1.000000 1.000000
5183.632812 0.000000 545.251709 0.000000 0.197997 0.000000 -0.980203 1.000000 1.000000 1.000000
5198.772461 0.000000 523.172668 0.000000 0.242387 0.000000 0.970180 1.000000 1.000000 1.000000
5199.783691 0.000000 507.350189 0.000000 0.354539 0.000000 0.935041 1.000000 1.000000 1.000000
5250.729980 0.000000 496.892639 0.000000 0.172829 0.000000 0.984952 1.000000 1.000000 1.000000
5219.685059 0.000000 514.289673 0.000000 0.990256 0.000000 0.139259 1.000000 1.000000 1.000000
5242.066895 0.000000 489.804016 0.000000 0.853505 0.000000 -0.521085 1.000000 1.000000 1.000000
5250.036133 0.000000 521.283386 0.000000 0.561338 0.000000 -0.827587 1.000000 1.000000 1.000000
5234.404785 0.000000 524.647217 0.000000 0.519110 0.000000 0.854707 1.000000 1.000000 1.000000
5224.765625 0.000000 480.327606 0.000000 0.972600 0.000000 -0.232486 1.000000 1.000000 1.000000
5241.344238 0.000000 479.960510 0.000000 0.830516 0.000000 0.556995 1.000000 1.000000 1.000000
5202.304688 0.000000 530.737427 0.000000 0.082460 0.000000 -0.996594 1.000000 1.000000 1.000000
5200.317871 0.000000 515.355164 0.000000 0.278669 0.000000 0.960387 1.000000 1.000000 1.000000
5206.177246 0.000000 524.312439 0.000000 0.742503 0.000000 0.669842 1.000000 1.000000 1.000000
5236.865723 0.000000 532.946777 0.000000 0.390302 0.000000 -0.920687 1.000000 1.000000 1.000000
5250.809082 0.000000 504.184387 0.000000 0.318166 0.000000 0.948035 1.000000 1.000000 1.000000
5216.091797 0.000000 508.030151 0.000000 0.295055 0.000000 0.955480 1.000000 1.000000 1.000000
5225.289062 0.000000 509.995575 0.000000 0.207174 0.000000 -0.978304 1.000000 1.000000 1.000000
5192.359375 0.000000 507.526642 0.000000 0.914033 0.000000 -0.405640 1.000000 1.000000 1.000000
5246.189941 0.000000 515.267944 0.000000 0.907169 0.000000 -0.420767 1.000000 1.000000 1.000000
5206.238770 0.000000 508.658081 0.000000 0.517909 0.000000 -0.855436 1.000000 1.000000 1.000000
5218.931641 0.000000 520.782288 0.000000 0.998129 0.000000 0.061137 1.000000 1.000000 1.000000
5216.750000 0.000000 530.175354 0.000000 0.954364 0.000000 -0.298645 1.000000 1.000000 1.000000
5237.840820 0.000000 508.040741 0.000000 0.342010 0.000000 -0.939696 1.000000 1.000000 1.000000
5244.623535 0.000000 495.912323 0.000000 0.946405 0.000000 0.322983 1.000000 1.000000 1.000000
5200.314453 0.000000 536.788513 0.000000 0.613770 0.000000 0.789485 1.000000 1.000000 1.000000
5213.698730 0.000000 517.853333 0.000000 0.363105 0.000000 -0.931748 1.000000 1.000000 1.000000
5188.900879 0.000000 541.655579 0.000000 0.673493 0.000000 -0.739194 1.000000 1.000000 1.000000
5232.334961 0.000000 512.416016 0.000000 0.698533 0.000000 -0.715577 1.000000 1.000000 1.000000
5197.044922 0.000000 528.552673 0.000000 0.510881 0.000000 -0.859651 1.000000 1.000000 1.000000
5244.300293 0.000000 484.673401 0.000000 0.286191 0.000000 0.958173 1.000000 1.000000 1.000000
5238.901855 0.000000 485.398102 0.000000 0.897509 0.000000 0.440997 1.000000 1.000000 1.000000
5238.328613 0.000000 494.709473 0.000000 0.931563 0.000000 -0.363579 1.000000 1.000000 1.000000
5254.877441 0.000000 500.465607 0.000000 0.653245 0.000000 -0.757147 1.000000 1.000000 1.000000
5204.105469 0.000000 519.395020 0.000000 0.713764 0.000000 0.700386 1.000000 1.000000 1.000000
5209.792969 0.000000 528.766663 0.000000 0.845968 0.000000 -0.533234 1.000000 1.000000 1.000000
5212.331543 0.000000 511.803772 0.000000 0.677708 0.000000 -0.735331 1.000000 1.000000 1.000000
5239.182129 0.000000 526.474976 0.000000 0.256141 0.000000 -0.966639 1.000000 1.000000 1.000000
5229.326172 0.000000 523.695557 0.000000 0.797796 0.000000 0.602927 1.000000 1.000000 1.000000
5252.361816 0.000000 516.555481 0.000000 0.236667 0.000000 0.971591 1.000000 1.000000 1.000000
5198.103027 0.000000 541.367676 0.000000 0.842919 0.000000 0.538040 1.000000 1.000000 1.000000
5209.042969 0.000000 520.231445 0.000000 0.886857 0.000000 -0.462044 1.000000 1.000000 1.000000
5229.743652 0.000000 480.406952 0.000000 0.496175 0.000000 -0.868222 1.000000 1.000000 1.000000
5246.645020 0.000000 533.294312 0.000000 0.572858 0.000000 0.819655 1.000000 1.000000 1.000000
5233.687988 0.000000 529.397705 0.000000 0.728549 0.000000 0.684994 1.000000 1.000000 1.000000
5193.764160 0.000000 539.694031 0.000000 0.540925 0.000000 -0.841071 1.000000 1.000000 1.000000
5236.611816 0.000000 480.163513 0.000000 0.999770 0.000000 -0.021460 1.000000 1.000000 1.000000
5202.663574 0.000000 511.448853 0.000000 0.086038 0.000000 -0.996292 1.000000 1.000000 1.000000
5204.410645 0.000000 534.718689 0.000000 0.512301 0.000000 0.858806 1.000000 1.000000 1.000000
5228.031250 0.000000 513.254639 0.000000 0.639718 0.000000 -0.768609 1.000000 1.000000 1.000000
5227.210938 0.000000 527.442993 0.000000 0.567588 0.000000 -0.823313 1.000000 1.000000 1.000000
5206.325684 0.000000 531.092407 0.000000 0.697490 0.000000 -0.716595 1.000000 1.000000 1.000000
5215.682617 0.000000 514.375183 0.000000 0.852512 0.000000 -0.522708 1.000000 1.000000 1.000000
5226.260742 0.000000 521.203735 0.000000 0.390257 0.000000 -0.920706 1.000000 1.000000 1.000000
5248.945312 0.000000 500.590942 0.000000 0.278956 0.000000 -0.960304 1.000000 1.000000 1.000000
5239.561523 0.000000 530.376099 0.000000 0.064162 0.000000 -0.997939 1.000000 1.000000 1.000000
5230.957520 0.000000 526.948059 0.000000 0.999204 0.000000 -0.039893 1.000000 1.000000 1.000000
5206.210938 0.000000 512.406189 0.000000 0.904904 0.000000 -0.425616 1.000000 1.000000 1.000000
5196.937012 0.000000 537.955872 0.000000 0.997579 0.000000 0.069545 1.000000 1.000000 1.000000
5233.306641 0.000000 480.018097 0.000000 0.649870 0.000000 -0.760045 1.000000 1.000000 1.000000
5274.110840 0.000000 495.768127 0.000000 0.699805 0.000000 0.714334 1.000000 1.000000 1.000000
5266.208984 0.000000 535.082153 0.000000 0.242994 0.000000 -0.970028 1.000000 1.000000 1.000000
5256.531738 0.000000 480.535126 0.000000 0.253415 0.000000 0.967358 1.000000 1.000000 1.000000
5261.824219 0.000000 514.296265 0.000000 0.636498 0.000000 -0.771279 1.000000 1.000000 1.000000
5280.386719 0.000000 515.305542 0.000000 0.517930 0.000000 0.855423 1.000000 1.000000 1.000000
5281.894043 0.000000 534.133240 0.000000 0.267239 0.000000 -0.963630 1.000000 1.000000 1.000000
5258.698242 0.000000 496.672974 0.000000 0.976074 0.000000 -0.217437 1.000000 1.000000 1.000000
5270.764648 0.000000 523.172668 0.000000 0.857882 0.000000 0.513847 1.000000 1.000000 1.000000
5271.775879 0.000000 507.350189 0.000000 0.997262 0.000000 0.073948 1.000000 1.000000 1.000000
5292.931641 0.000000 534.887390 0.000000 0.977765 0.000000 0.209704 1.000000 1.000000 1.000000
5255.543945 0.000000 506.282440 0.000000 0.789196 0.000000 0.614141 1.000000 1.000000 1.000000
5306.396973 0.000000 524.647217 0.000000 0.758319 0.000000 -0.651884 1.000000 1.000000 1.000000
5266.142090 0.000000 489.961365 0.000000 0.901061 0.000000 -0.433693 1.000000 1.000000 1.000000
5274.296875 0.000000 530.737427 0.000000 0.543972 0.000000 0.839103 1.000000 1.000000 1.000000
5263.742188 0.000000 527.280640 0.000000 0.991541 0.000000 -0.129794 1.000000 1.000000 1.000000
5272.310059 0.000000 515.355164 0.000000 0.688836 0.000000 -0.724918 1.000000 1.000000 1.000000
5286.606445 0.000000 540.382935 0.000000 0.981948 0.000000 -0.189151 1.000000 1.000000 1.000000
5278.169434 0.000000 524.312439 0.000000 0.129436 0.000000 0.991588 1.000000 1.000000 1.000000
5255.499512 0.000000 518.546265 0.000000 0.781939 0.000000 -0.623355 1.000000 1.000000 1.000000
5258.939941 0.000000 487.785767 0.000000 0.990267 0.000000 -0.139180 1.000000 1.000000 1.000000
5264.351562 0.000000 507.526642 0.000000 0.618401 0.000000 0.785863 1.000000 1.000000 1.000000
5272.756836 0.000000 488.052216 0.000000 0.106926 0.000000 0.994267 1.000000 1.000000 1.000000
5278.230957 0.000000 508.658081 0.000000 0.554280 0.000000 0.832330 1.000000 1.000000 1.000000
5288.742188 0.000000 530.175354 0.000000 0.999838 0.000000 -0.017997 1.000000 1.000000 1.000000
5260.486816 0.000000 502.531494 0.000000 0.795447 0.000000 0.606023 1.000000 1.000000 1.000000
5259.604492 0.000000 531.457947 0.000000 0.433251 0.000000 -0.901273 1.000000 1.000000 1.000000
5267.488770 0.000000 512.331848 0.000000 0.857635 0.000000 -0.514259 1.000000 1.000000 1.000000
5256.351074 0.000000 512.828918 0.000000 0.606207 0.000000 0.795307 1.000000 1.000000 1.000000
5269.037109 0.000000 528.552673 0.000000 0.815419 0.000000 0.578872 1.000000 1.000000 1.000000
5281.785156 0.000000 528.766663 0.000000 0.815861 0.000000 0.578248 1.000000 1.000000 1.000000
5295.756836 0.000000 530.087341 0.000000 0.318154 0.000000 -0.948039 1.000000 1.000000 1.000000
5286.913574 0.000000 534.896423 0.000000 0.995871 0.000000 -0.090775 1.000000 1.000000 1.000000
5291.793457 0.000000 539.726990 0.000000 0.786770 0.000000 0.617246 1.000000 1.000000 1.000000
5291.539062 0.000000 526.177917 0.000000 0.821070 0.000000 0.570827 1.000000 1.000000 1.000000
5256.014160 0.000000 500.655029 0.000000 0.673544 0.000000 -0.739147 1.000000 1.000000 1.000000
5274.655762 0.000000 511.448853 0.000000 0.822603 0.000000 -0.568617 1.000000 1.000000 1.000000
5261.081543 0.000000 491.996674 0.000000 0.521428 0.000000 0.853295 1.000000 1.000000 1.000000
5274.032227 0.000000 526.414124 0.000000 0.117902 0.000000 0.993025 1.000000 1.000000 1.000000
5260.368652 0.000000 518.408630 0.000000 0.569329 0.000000 0.822110 1.000000 1.000000 1.000000
5263.140625 0.000000 486.944244 0.000000 0.997113 0.000000 -0.075936 1.000000 1.000000 1.000000
5264.234375 0.000000 531.271545 0.000000 0.931022 0.000000 0.364963 1.000000 1.000000 1.000000
5284.846680 0.000000 531.186584 0.000000 0.077263 0.000000 -0.997011 1.000000 1.000000 1.000000
5292.291016 0.000000 531.323059 0.000000 0.582079 0.000000 0.813132 1.000000 1.000000 1.000000
5263.549805 0.000000 504.023132 0.000000 0.632654 0.000000 -0.774434 1.000000 1.000000 1.000000
5258.056641 0.000000 515.793518 0.000000 0.972223 0.000000 0.234058 1.000000 1.000000 1.000000
5289.803223 0.000000 533.373840 0.000000 0.981401 0.000000 0.191969 1.000000 1.000000 1.000000
"}
