object={
	name="tree_palm_generator_1_0"
	render_pass=Map
	clamp_to_water_level=no
	generated_content=yes
	layer="tree_high_layer"
	pdxmesh="tree_palm_01_a_mesh"
	count=2303
	transform="1077.216553 0.000000 1908.426025 0.000000 0.481871 0.000000 -0.876242 0.740315 0.740315 0.740315
1076.355103 0.000000 1906.647095 0.000000 0.191888 0.000000 -0.981417 0.819420 0.819420 0.819420
1079.120117 0.000000 1907.777832 0.000000 0.383056 0.000000 -0.923725 0.800436 0.800436 0.800436
1086.851807 0.000000 1896.918457 0.000000 0.602364 0.000000 -0.798222 0.745230 0.745230 0.745230
1138.800903 0.000000 1908.500732 0.000000 0.884142 0.000000 -0.467218 0.729905 0.729905 0.729905
1128.633789 0.000000 1890.559937 0.000000 0.493988 0.000000 0.869469 0.657262 0.657262 0.657262
1124.082764 0.000000 1892.082397 0.000000 0.415109 0.000000 -0.909772 0.730355 0.730355 0.730355
1135.124756 0.000000 1910.660767 0.000000 0.780856 0.000000 0.624711 0.651889 0.651889 0.651889
1141.352051 0.000000 1908.612183 0.000000 0.896063 0.000000 -0.443927 0.735369 0.735369 0.735369
1132.654541 0.000000 1910.584106 0.000000 0.642556 0.000000 0.766239 0.597481 0.597481 0.597481
1124.702148 0.000000 1907.743896 0.000000 0.246667 0.000000 -0.969100 0.786838 0.786838 0.786838
1130.921509 0.000000 1891.327881 0.000000 0.917196 0.000000 -0.398437 0.745263 0.745263 0.745263
1134.612305 0.000000 1890.480835 0.000000 0.110237 0.000000 0.993905 0.522377 0.522377 0.522377
1125.694702 0.000000 1905.799072 0.000000 0.445142 0.000000 -0.895460 0.867519 0.867519 0.867519
1132.907104 0.000000 1891.765137 0.000000 0.941056 0.000000 0.338250 0.661407 0.661407 0.661407
1151.480835 0.000000 1871.690552 0.000000 0.887568 0.000000 -0.460676 0.752877 0.752877 0.752877
1148.347290 0.000000 1906.647095 0.000000 0.980650 0.000000 -0.195771 0.713223 0.713223 0.713223
1092.802246 0.000000 1897.221191 0.000000 0.318777 0.000000 -0.947830 0.867279 0.867279 0.867279
1127.269775 0.000000 1904.896851 0.000000 0.401790 0.000000 0.915732 0.536580 0.536580 0.536580
1150.127075 0.000000 1870.555664 0.000000 0.014247 0.000000 0.999898 0.528083 0.528083 0.528083
1088.152100 0.000000 1896.538330 0.000000 0.984513 0.000000 0.175311 0.677088 0.677088 0.677088
1211.330811 0.000000 1893.826416 0.000000 0.318967 0.000000 0.947766 0.639023 0.639023 0.639023
1192.800293 0.000000 1916.200073 0.000000 0.621269 0.000000 -0.783598 0.710071 0.710071 0.710071
1184.709229 0.000000 1911.740234 0.000000 0.559419 0.000000 -0.828885 0.715027 0.715027 0.715027
1220.249146 0.000000 1897.143921 0.000000 0.890788 0.000000 0.454418 0.661749 0.661749 0.661749
1169.926758 0.000000 1910.089844 0.000000 0.433005 0.000000 0.901392 0.561841 0.561841 0.561841
1161.403442 0.000000 1913.368042 0.000000 0.291374 0.000000 0.956609 0.600168 0.600168 0.600168
1189.413208 0.000000 1910.015991 0.000000 0.776196 0.000000 -0.630491 0.707630 0.707630 0.707630
1151.958862 0.000000 1909.694092 0.000000 0.999772 0.000000 0.021353 0.699672 0.699672 0.699672
1188.207031 0.000000 1914.640381 0.000000 0.998404 0.000000 -0.056483 0.703002 0.703002 0.703002
1172.129150 0.000000 1915.665039 0.000000 0.999997 0.000000 0.002369 0.699815 0.699815 0.699815
1178.428223 0.000000 1897.352173 0.000000 0.905464 0.000000 -0.424424 0.711643 0.711643 0.711643
1207.439819 0.000000 1892.483887 0.000000 0.994723 0.000000 -0.102599 0.702730 0.702730 0.702730
1180.314209 0.000000 1911.892212 0.000000 0.320369 0.000000 0.947293 0.595591 0.595591 0.595591
1196.463745 0.000000 1914.630005 0.000000 0.215307 0.000000 0.976546 0.667824 0.667824 0.667824
1155.362061 0.000000 1905.262939 0.000000 0.151735 0.000000 0.988421 0.545317 0.545317 0.545317
1160.809692 0.000000 1910.124512 0.000000 0.935693 0.000000 0.352815 0.684877 0.684877 0.684877
1222.673096 0.000000 1899.171387 0.000000 0.999913 0.000000 -0.013213 0.700351 0.700351 0.700351
1190.703247 0.000000 1918.505737 0.000000 0.989005 0.000000 0.147882 0.689002 0.689002 0.689002
1178.198242 0.000000 1913.765137 0.000000 0.999818 0.000000 -0.019071 0.701067 0.701067 0.701067
1165.940308 0.000000 1895.697998 0.000000 0.914235 0.000000 0.405184 0.665005 0.665005 0.665005
1187.492554 0.000000 1912.059326 0.000000 0.703415 0.000000 0.710779 0.656893 0.656893 0.656893
1163.306519 0.000000 1910.972046 0.000000 0.998424 0.000000 -0.056129 0.705888 0.705888 0.705888
1220.288452 0.000000 1899.988525 0.000000 0.312778 0.000000 0.949826 0.633449 0.633449 0.633449
1197.977051 0.000000 1912.603516 0.000000 0.112168 0.000000 0.993689 0.536886 0.536886 0.536886
1174.497437 0.000000 1914.508301 0.000000 0.443108 0.000000 -0.896468 0.785485 0.785485 0.785485
1213.602783 0.000000 1893.414673 0.000000 0.101408 0.000000 -0.994845 0.784216 0.784216 0.784216
1168.063232 0.000000 1911.540283 0.000000 0.671715 0.000000 0.740809 0.597359 0.597359 0.597359
1155.226929 0.000000 1873.197998 0.000000 0.186798 0.000000 0.982398 0.541463 0.541463 0.541463
1174.208862 0.000000 1910.275024 0.000000 0.604722 0.000000 0.796437 0.634304 0.634304 0.634304
1180.287964 0.000000 1914.404785 0.000000 0.148641 0.000000 -0.988891 0.860987 0.860987 0.860987
1206.604492 0.000000 1890.480835 0.000000 0.946179 0.000000 0.323643 0.667746 0.667746 0.667746
1153.824463 0.000000 1871.247559 0.000000 0.601741 0.000000 0.798691 0.624984 0.624984 0.624984
1197.413208 0.000000 1916.758545 0.000000 0.995642 0.000000 -0.093260 0.711360 0.711360 0.711360
1176.645508 0.000000 1898.623779 0.000000 0.503025 0.000000 0.864272 0.629960 0.629960 0.629960
1191.262817 0.000000 1911.017334 0.000000 0.992214 0.000000 -0.124544 0.715886 0.715886 0.715886
1212.905151 0.000000 1895.114136 0.000000 0.128422 0.000000 -0.991720 0.804834 0.804834 0.804834
1151.886108 0.000000 1871.816528 0.000000 0.982324 0.000000 0.187188 0.679203 0.679203 0.679203
1165.475220 0.000000 1894.043091 0.000000 0.813908 0.000000 -0.580994 0.752004 0.752004 0.752004
1153.448242 0.000000 1910.573120 0.000000 0.797055 0.000000 -0.603907 0.776146 0.776146 0.776146
1167.308838 0.000000 1894.962769 0.000000 0.373019 0.000000 -0.927824 0.851210 0.851210 0.851210
1181.744995 0.000000 1915.353516 0.000000 0.434744 0.000000 -0.900554 0.826951 0.826951 0.826951
1168.436523 0.000000 1910.126343 0.000000 0.150438 0.000000 0.988619 0.525324 0.525324 0.525324
1179.117798 0.000000 1914.770996 0.000000 0.520594 0.000000 -0.853804 0.891697 0.891697 0.891697
1227.049072 0.000000 1901.092529 0.000000 0.036967 0.000000 -0.999316 0.727877 0.727877 0.727877
1247.645264 0.000000 1879.294189 0.000000 0.773552 0.000000 -0.633732 0.741262 0.741262 0.741262
1252.636108 0.000000 1879.326172 0.000000 0.917346 0.000000 0.398091 0.656496 0.656496 0.656496
1249.875366 0.000000 1880.252808 0.000000 0.703144 0.000000 -0.711048 0.754187 0.754187 0.754187
1253.697388 0.000000 1878.053223 0.000000 0.920677 0.000000 0.390324 0.657394 0.657394 0.657394
1249.144531 0.000000 1878.885864 0.000000 0.040236 0.000000 0.999190 0.276317 0.276317 0.276317
1251.857300 0.000000 1887.131714 0.000000 0.098727 0.000000 -0.995115 0.940766 0.940766 0.940766
1302.828369 0.000000 1896.918457 0.000000 0.741298 0.000000 -0.671176 0.731889 0.731889 0.731889
1364.233521 0.000000 1897.143921 0.000000 0.993779 0.000000 -0.111369 0.705929 0.705929 0.705929
1342.986450 0.000000 1907.446289 0.000000 0.453034 0.000000 0.891493 0.672302 0.672302 0.672302
1365.810791 0.000000 1910.968262 0.000000 0.237801 0.000000 -0.971314 0.793020 0.793020 0.793020
1338.568115 0.000000 1910.817627 0.000000 0.106911 0.000000 0.994269 0.554711 0.554711 0.554711
1358.081421 0.000000 1905.314575 0.000000 0.994286 0.000000 -0.106753 0.706430 0.706430 0.706430
1299.041260 0.000000 1901.092529 0.000000 0.656238 0.000000 0.754554 0.680875 0.680875 0.680875
1366.941528 0.000000 1895.196899 0.000000 0.904908 0.000000 0.425608 0.665580 0.665580 0.665580
1300.877930 0.000000 1898.987061 0.000000 0.133207 0.000000 0.991088 0.551312 0.551312 0.551312
1351.293945 0.000000 1897.899658 0.000000 0.994951 0.000000 0.100362 0.689318 0.689318 0.689318
1352.117310 0.000000 1908.902222 0.000000 0.954000 0.000000 -0.299808 0.733205 0.733205 0.733205
1344.959717 0.000000 1907.835083 0.000000 0.196471 0.000000 -0.980510 0.811337 0.811337 0.811337
1365.153564 0.000000 1895.559326 0.000000 0.604548 0.000000 -0.796569 0.767000 0.767000 0.767000
1363.883911 0.000000 1911.080444 0.000000 0.314584 0.000000 -0.949230 0.789182 0.789182 0.789182
1356.686768 0.000000 1904.481323 0.000000 0.859371 0.000000 0.511352 0.648221 0.648221 0.648221
1407.226562 0.000000 1897.679321 0.000000 0.666239 0.000000 -0.745738 0.732947 0.732947 0.732947
1379.761353 0.000000 1893.661865 0.000000 0.486431 0.000000 0.873719 0.637594 0.637594 0.637594
1411.289673 0.000000 1897.174561 0.000000 0.660498 0.000000 -0.750828 0.755808 0.755808 0.755808
1371.599976 0.000000 1895.942017 0.000000 0.290797 0.000000 0.956785 0.644709 0.644709 0.644709
1417.327759 0.000000 1896.332397 0.000000 0.694240 0.000000 0.719744 0.622495 0.622495 0.622495
1373.523560 0.000000 1894.108276 0.000000 0.702227 0.000000 -0.711953 0.800797 0.800797 0.800797
1411.288696 0.000000 1894.397339 0.000000 0.999954 0.000000 0.009572 0.699331 0.699331 0.699331
1407.243652 0.000000 1894.148438 0.000000 0.936431 0.000000 0.350853 0.666922 0.666922 0.666922
1367.883789 0.000000 1894.616699 0.000000 0.673870 0.000000 -0.738850 0.765089 0.765089 0.765089
1373.331909 0.000000 1895.943604 0.000000 0.686103 0.000000 0.727505 0.596353 0.596353 0.596353
1416.479004 0.000000 1897.831177 0.000000 0.994820 0.000000 0.101650 0.690177 0.690177 0.690177
1407.393311 0.000000 1895.994995 0.000000 0.965481 0.000000 0.260473 0.675685 0.675685 0.675685
1439.927612 0.000000 1909.694092 0.000000 0.083772 0.000000 0.996485 0.573192 0.573192 0.573192
1442.562988 0.000000 1913.657959 0.000000 0.072451 0.000000 -0.997372 0.905280 0.905280 0.905280
1581.758545 0.000000 1917.052734 0.000000 0.643121 0.000000 -0.765764 0.752436 0.752436 0.752436
1575.260864 0.000000 1910.565308 0.000000 0.914162 0.000000 0.405348 0.656238 0.656238 0.656238
1581.271729 0.000000 1918.936279 0.000000 0.350597 0.000000 0.936527 0.593197 0.593197 0.593197
1708.771606 0.000000 1918.344727 0.000000 0.949264 0.000000 0.314481 0.676295 0.676295 0.676295
1706.264771 0.000000 1918.840210 0.000000 0.709064 0.000000 -0.705144 0.767838 0.767838 0.767838
1199.026733 0.000000 1979.103027 0.000000 0.810991 0.000000 -0.585059 0.713980 0.713980 0.713980
1200.644409 0.000000 1974.413574 0.000000 0.998333 0.000000 0.057725 0.699193 0.699193 0.699193
1195.648560 0.000000 1967.208740 0.000000 0.600266 0.000000 -0.799801 0.742767 0.742767 0.742767
1213.145264 0.000000 2009.736572 0.000000 0.958332 0.000000 -0.285658 0.729971 0.729971 0.729971
1199.421753 0.000000 1960.394653 0.000000 0.947757 0.000000 -0.318992 0.708624 0.708624 0.708624
1197.695435 0.000000 1975.200684 0.000000 0.472222 0.000000 0.881480 0.662288 0.662288 0.662288
1195.563232 0.000000 1972.965210 0.000000 0.755238 0.000000 0.655451 0.679015 0.679015 0.679015
1200.432129 0.000000 1962.927979 0.000000 0.909392 0.000000 -0.415941 0.738983 0.738983 0.738983
1194.909546 0.000000 1970.201416 0.000000 0.966213 0.000000 -0.257745 0.716036 0.716036 0.716036
1211.489136 0.000000 2001.721558 0.000000 0.722335 0.000000 0.691543 0.659431 0.659431 0.659431
1200.865112 0.000000 1964.988770 0.000000 0.946106 0.000000 -0.323857 0.725821 0.725821 0.725821
1201.436035 0.000000 1960.479858 0.000000 0.679668 0.000000 0.733520 0.647041 0.647041 0.647041
1201.175415 0.000000 1967.399536 0.000000 0.737071 0.000000 0.675815 0.612853 0.612853 0.612853
1194.674194 0.000000 1968.626953 0.000000 0.827348 0.000000 0.561690 0.614114 0.614114 0.614114
1212.702393 0.000000 2000.465698 0.000000 0.569589 0.000000 -0.821930 0.863210 0.863210 0.863210
1232.863037 0.000000 1922.623169 0.000000 0.904272 0.000000 0.426957 0.693216 0.693216 0.693216
1239.238159 0.000000 1931.917358 0.000000 0.191207 0.000000 -0.981550 0.819480 0.819480 0.819480
1242.900024 0.000000 1931.341064 0.000000 0.959735 0.000000 -0.280908 0.729458 0.729458 0.729458
1279.109131 0.000000 2006.645142 0.000000 0.853908 0.000000 -0.520423 0.719131 0.719131 0.719131
1234.438232 0.000000 1926.982422 0.000000 0.853683 0.000000 0.520794 0.674727 0.674727 0.674727
1235.030029 0.000000 1923.805176 0.000000 0.662986 0.000000 0.748632 0.665700 0.665700 0.665700
1233.181030 0.000000 1925.054199 0.000000 0.986060 0.000000 -0.166391 0.708414 0.708414 0.708414
1239.951538 0.000000 1923.310181 0.000000 0.991669 0.000000 0.128815 0.690790 0.690790 0.690790
1278.511475 0.000000 2013.432129 0.000000 0.969539 0.000000 -0.244938 0.733212 0.733212 0.733212
1280.996826 0.000000 2012.388550 0.000000 0.221920 0.000000 -0.975065 0.884555 0.884555 0.884555
1265.195312 0.000000 2016.077637 0.000000 0.207509 0.000000 0.978233 0.585769 0.585769 0.585769
1260.093750 0.000000 2031.565308 0.000000 0.924284 0.000000 -0.381705 0.721354 0.721354 0.721354
1265.651733 0.000000 2021.714966 0.000000 0.993217 0.000000 0.116273 0.690713 0.690713 0.690713
1261.863281 0.000000 2033.267212 0.000000 0.367372 0.000000 -0.930074 0.766806 0.766806 0.766806
1264.906128 0.000000 2017.983398 0.000000 0.103921 0.000000 -0.994586 0.823032 0.823032 0.823032
1306.571777 0.000000 1929.727051 0.000000 0.421074 0.000000 0.907026 0.618990 0.618990 0.618990
1335.984131 0.000000 1982.722778 0.000000 0.936390 0.000000 0.350961 0.691979 0.691979 0.691979
1336.590454 0.000000 1988.281616 0.000000 0.700510 0.000000 -0.713643 0.737775 0.737775 0.737775
1316.333252 0.000000 1921.207031 0.000000 0.891208 0.000000 0.453595 0.667748 0.667748 0.667748
1348.463623 0.000000 1951.178833 0.000000 0.972715 0.000000 -0.232001 0.709165 0.709165 0.709165
1335.328491 0.000000 2008.963135 0.000000 0.934014 0.000000 0.357236 0.687743 0.687743 0.687743
1306.430420 0.000000 1926.982422 0.000000 0.631520 0.000000 0.775360 0.640457 0.640457 0.640457
1336.162231 0.000000 2005.282227 0.000000 0.993091 0.000000 0.117348 0.691942 0.691942 0.691942
1334.662720 0.000000 1980.422241 0.000000 0.945818 0.000000 0.324699 0.687055 0.687055 0.687055
1334.547729 0.000000 2011.240967 0.000000 0.601270 0.000000 0.799046 0.622348 0.622348 0.622348
1342.493530 0.000000 1951.640747 0.000000 0.495808 0.000000 0.868432 0.601456 0.601456 0.601456
1336.875732 0.000000 1980.157715 0.000000 0.636908 0.000000 0.770940 0.655693 0.655693 0.655693
1348.523193 0.000000 1948.917480 0.000000 0.331803 0.000000 0.943349 0.610392 0.610392 0.610392
1307.809692 0.000000 1928.318237 0.000000 0.174887 0.000000 0.984589 0.600534 0.600534 0.600534
1342.767822 0.000000 1958.660645 0.000000 0.751600 0.000000 0.659619 0.648641 0.648641 0.648641
1330.612549 0.000000 2011.422485 0.000000 0.450904 0.000000 0.892572 0.565838 0.565838 0.565838
1338.189209 0.000000 1983.709961 0.000000 0.137725 0.000000 0.990471 0.455644 0.455644 0.455644
1418.819092 0.000000 1964.412964 0.000000 0.976513 0.000000 0.215458 0.699089 0.699089 0.699089
1420.802856 0.000000 2014.329102 0.000000 0.664345 0.000000 -0.747426 0.708262 0.708262 0.708262
1418.377808 0.000000 1989.581909 0.000000 0.995414 0.000000 0.095661 0.698527 0.698527 0.698527
1423.108398 0.000000 2011.716309 0.000000 0.760627 0.000000 0.649189 0.680245 0.680245 0.680245
1424.432739 0.000000 2002.902710 0.000000 0.714904 0.000000 0.699222 0.662111 0.662111 0.662111
1426.668457 0.000000 2108.956543 0.000000 0.842783 0.000000 0.538254 0.664243 0.664243 0.664243
1431.276489 0.000000 2102.533936 0.000000 0.858747 0.000000 -0.512400 0.727829 0.727829 0.727829
1384.307861 0.000000 2034.753418 0.000000 0.993052 0.000000 -0.117675 0.704782 0.704782 0.704782
1434.491577 0.000000 2104.447754 0.000000 0.619218 0.000000 0.785219 0.631824 0.631824 0.631824
1433.745850 0.000000 2110.473633 0.000000 0.924124 0.000000 0.382094 0.681912 0.681912 0.681912
1383.977539 0.000000 2030.598145 0.000000 0.572716 0.000000 -0.819754 0.733588 0.733588 0.733588
1426.929688 0.000000 2106.650879 0.000000 0.964877 0.000000 -0.262704 0.718582 0.718582 0.718582
1387.129639 0.000000 2024.984131 0.000000 0.346341 0.000000 -0.938109 0.798694 0.798694 0.798694
1384.719238 0.000000 2032.582764 0.000000 0.944519 0.000000 0.328458 0.674266 0.674266 0.674266
1433.238770 0.000000 2102.877441 0.000000 0.154813 0.000000 -0.987944 0.832577 0.832577 0.832577
1434.888916 0.000000 2111.585693 0.000000 0.820203 0.000000 0.572073 0.614853 0.614853 0.614853
1433.852295 0.000000 2114.238770 0.000000 0.999356 0.000000 0.035884 0.696688 0.696688 0.696688
1428.714355 0.000000 2116.407959 0.000000 0.994818 0.000000 0.101675 0.695301 0.695301 0.695301
1433.310791 0.000000 2111.827637 0.000000 0.943565 0.000000 -0.331187 0.715574 0.715574 0.715574
1429.979736 0.000000 2114.035400 0.000000 0.873617 0.000000 0.486614 0.655238 0.655238 0.655238
1580.958008 0.000000 1919.731201 0.000000 0.401011 0.000000 0.916073 0.597990 0.597990 0.597990
1582.678101 0.000000 1921.645508 0.000000 0.071248 0.000000 -0.997459 0.836265 0.836265 0.836265
1450.623047 0.000000 2070.832275 0.000000 0.867819 0.000000 0.496881 0.664377 0.664377 0.664377
1480.769043 0.000000 2108.168701 0.000000 0.238986 0.000000 0.971023 0.694424 0.694424 0.694424
1458.710815 0.000000 2066.487549 0.000000 0.499321 0.000000 0.866417 0.620882 0.620882 0.620882
1481.695435 0.000000 2045.745605 0.000000 0.381499 0.000000 0.924369 0.584580 0.584580 0.584580
1494.734741 0.000000 2030.459595 0.000000 0.460666 0.000000 -0.887573 0.774811 0.774811 0.774811
1454.787842 0.000000 2068.504639 0.000000 0.914530 0.000000 0.404519 0.693013 0.693013 0.693013
1458.446289 0.000000 2062.164307 0.000000 0.936940 0.000000 0.349491 0.673046 0.673046 0.673046
1493.065186 0.000000 2033.726807 0.000000 0.494387 0.000000 0.869242 0.666119 0.666119 0.666119
1483.918335 0.000000 2110.359863 0.000000 0.523826 0.000000 -0.851826 0.757011 0.757011 0.757011
1457.729126 0.000000 2069.600342 0.000000 0.922227 0.000000 0.386648 0.672804 0.672804 0.672804
1478.671997 0.000000 2110.474365 0.000000 0.998024 0.000000 0.062838 0.697978 0.697978 0.697978
1488.445923 0.000000 2036.099609 0.000000 0.992739 0.000000 0.120288 0.688537 0.688537 0.688537
1453.403564 0.000000 2070.978027 0.000000 0.011279 0.000000 -0.999936 0.900589 0.900589 0.900589
1495.630981 0.000000 2033.494141 0.000000 0.082567 0.000000 0.996585 0.456580 0.456580 0.456580
1455.684570 0.000000 2070.559326 0.000000 0.396735 0.000000 -0.917933 0.844690 0.844690 0.844690
1481.516235 0.000000 2110.562256 0.000000 0.572385 0.000000 -0.819985 0.874731 0.874731 0.874731
1441.726318 0.000000 2067.095947 0.000000 0.586075 0.000000 0.810257 0.633970 0.633970 0.633970
1488.951050 0.000000 2037.973999 0.000000 0.972035 0.000000 -0.234837 0.722536 0.722536 0.722536
1487.742920 0.000000 2040.656372 0.000000 0.986369 0.000000 -0.164551 0.715946 0.715946 0.715946
1459.486084 0.000000 2069.350830 0.000000 0.957708 0.000000 0.287741 0.659195 0.659195 0.659195
1456.882812 0.000000 2062.875488 0.000000 0.195409 0.000000 -0.980722 0.863295 0.863295 0.863295
1458.339844 0.000000 2068.086426 0.000000 0.182383 0.000000 0.983228 0.506034 0.506034 0.506034
1489.965942 0.000000 2036.572266 0.000000 0.673583 0.000000 0.739111 0.620927 0.620927 0.620927
1480.104370 0.000000 2110.183105 0.000000 0.835665 0.000000 0.549240 0.594321 0.594321 0.594321
1494.334351 0.000000 2033.084106 0.000000 0.448640 0.000000 -0.893712 0.880839 0.880839 0.880839
1653.600586 0.000000 1950.999756 0.000000 0.926820 0.000000 0.375505 0.662866 0.662866 0.662866
1632.127197 0.000000 1946.510620 0.000000 0.985997 0.000000 0.166764 0.690162 0.690162 0.690162
1603.469971 0.000000 1941.740112 0.000000 0.949364 0.000000 -0.314178 0.712064 0.712064 0.712064
1635.499268 0.000000 1945.729370 0.000000 0.931873 0.000000 0.362785 0.684948 0.684948 0.684948
1602.978882 0.000000 1939.192017 0.000000 0.968314 0.000000 0.249737 0.689061 0.689061 0.689061
1629.637085 0.000000 1945.672241 0.000000 0.681369 0.000000 -0.731940 0.740182 0.740182 0.740182
1608.241699 0.000000 1942.829102 0.000000 0.561939 0.000000 0.827179 0.652337 0.652337 0.652337
1605.040649 0.000000 1940.114502 0.000000 0.080593 0.000000 -0.996747 0.789581 0.789581 0.789581
1651.527710 0.000000 1951.519287 0.000000 0.116182 0.000000 -0.993228 0.826063 0.826063 0.826063
1631.727295 0.000000 1944.671997 0.000000 0.716948 0.000000 -0.697127 0.780883 0.780883 0.780883
1635.548950 0.000000 1947.391846 0.000000 0.996966 0.000000 0.077833 0.692920 0.692920 0.692920
1708.994751 0.000000 1919.929199 0.000000 0.979859 0.000000 0.199690 0.685103 0.685103 0.685103
1696.607544 0.000000 1927.900024 0.000000 0.222303 0.000000 0.974978 0.555035 0.555035 0.555035
1697.604858 0.000000 1925.730591 0.000000 0.547795 0.000000 -0.836613 0.742953 0.742953 0.742953
1694.357056 0.000000 1927.986084 0.000000 0.837830 0.000000 -0.545932 0.731488 0.731488 0.731488
1672.000854 0.000000 1945.049805 0.000000 0.971708 0.000000 0.236183 0.684333 0.684333 0.684333
1642.083740 0.000000 2022.481079 0.000000 0.950206 0.000000 0.311623 0.692025 0.692025 0.692025
1691.800781 0.000000 2017.426270 0.000000 0.930971 0.000000 -0.365094 0.706270 0.706270 0.706270
1507.136475 0.000000 2128.627197 0.000000 0.011644 0.000000 -0.999932 0.771933 0.771933 0.771933
1501.875854 0.000000 2123.881592 0.000000 0.126907 0.000000 0.991915 0.520383 0.520383 0.520383
1503.947266 0.000000 2129.184082 0.000000 0.359387 0.000000 -0.933189 0.762239 0.762239 0.762239
1508.559204 0.000000 2122.604248 0.000000 0.737432 0.000000 0.675421 0.622246 0.622246 0.622246
1480.630981 0.000000 2119.868896 0.000000 0.205390 0.000000 0.978680 0.457827 0.457827 0.457827
1502.539307 0.000000 2131.530273 0.000000 0.078143 0.000000 0.996942 0.626965 0.626965 0.626965
1500.534424 0.000000 2122.030762 0.000000 0.342545 0.000000 0.939502 0.548052 0.548052 0.548052
1506.668945 0.000000 2130.689209 0.000000 0.952682 0.000000 -0.303969 0.723749 0.723749 0.723749
1482.633545 0.000000 2119.628174 0.000000 0.473412 0.000000 0.880841 0.587004 0.587004 0.587004
1509.505371 0.000000 2120.776611 0.000000 0.035401 0.000000 -0.999373 0.843821 0.843821 0.843821
1500.040039 0.000000 2123.775391 0.000000 0.008513 0.000000 0.999964 0.505608 0.505608 0.505608
1483.019531 0.000000 2116.785156 0.000000 0.920495 0.000000 0.390754 0.653977 0.653977 0.653977
1481.561523 0.000000 2118.947510 0.000000 0.436976 0.000000 0.899473 0.501394 0.501394 0.501394
1549.321289 0.000000 2204.924561 0.000000 0.303781 0.000000 -0.952742 0.786463 0.786463 0.786463
1542.347778 0.000000 2207.951172 0.000000 0.893752 0.000000 -0.448562 0.716258 0.716258 0.716258
1577.836670 0.000000 2210.223145 0.000000 0.589761 0.000000 -0.807578 0.738113 0.738113 0.738113
1580.958008 0.000000 2207.684570 0.000000 0.880789 0.000000 0.473508 0.675174 0.675174 0.675174
1537.798096 0.000000 2216.452637 0.000000 0.960002 0.000000 -0.279994 0.731344 0.731344 0.731344
1567.494507 0.000000 2209.386230 0.000000 0.819117 0.000000 0.573627 0.679501 0.679501 0.679501
1545.172607 0.000000 2208.369873 0.000000 0.020897 0.000000 0.999782 0.647995 0.647995 0.647995
1549.799927 0.000000 2207.674561 0.000000 0.700053 0.000000 -0.714091 0.746700 0.746700 0.746700
1579.075317 0.000000 2211.118408 0.000000 0.936221 0.000000 -0.351412 0.737651 0.737651 0.737651
1630.955200 0.000000 2195.399414 0.000000 0.071052 0.000000 -0.997473 0.829993 0.829993 0.829993
1592.351196 0.000000 2207.094971 0.000000 0.504668 0.000000 -0.863313 0.778651 0.778651 0.778651
1621.900879 0.000000 2188.876465 0.000000 0.739746 0.000000 0.672886 0.671106 0.671106 0.671106
1639.070068 0.000000 2198.614014 0.000000 0.984876 0.000000 -0.173258 0.705843 0.705843 0.705843
1641.409180 0.000000 2198.323486 0.000000 0.621907 0.000000 -0.783091 0.755340 0.755340 0.755340
1591.305908 0.000000 2205.190674 0.000000 0.055594 0.000000 -0.998453 0.793206 0.793206 0.793206
1632.928467 0.000000 2195.788330 0.000000 0.925078 0.000000 -0.379777 0.745204 0.745204 0.745204
1602.248535 0.000000 2202.849121 0.000000 0.457006 0.000000 -0.889464 0.813406 0.813406 0.813406
1592.067139 0.000000 2204.276611 0.000000 0.398601 0.000000 0.917124 0.428978 0.428978 0.428978
1667.729858 0.000000 2195.879395 0.000000 0.532290 0.000000 0.846562 0.678830 0.678830 0.678830
1717.799194 0.000000 2188.733887 0.000000 0.855967 0.000000 0.517030 0.625551 0.625551 0.625551
1660.669678 0.000000 2196.918945 0.000000 0.650786 0.000000 0.759261 0.637320 0.637320 0.637320
1720.171387 0.000000 2182.249268 0.000000 0.349709 0.000000 0.936858 0.414970 0.414970 0.414970
1713.062256 0.000000 2192.232910 0.000000 0.885871 0.000000 0.463931 0.660206 0.660206 0.660206
1723.344116 0.000000 2182.580566 0.000000 0.314690 0.000000 -0.949195 0.846875 0.846875 0.846875
1711.628662 0.000000 2190.034424 0.000000 0.356058 0.000000 0.934464 0.644325 0.644325 0.644325
1658.219604 0.000000 2196.844971 0.000000 0.955107 0.000000 0.296261 0.680657 0.680657 0.680657
1669.689819 0.000000 2194.594238 0.000000 0.734771 0.000000 0.678316 0.640594 0.640594 0.640594
1721.689819 0.000000 2183.389893 0.000000 0.027422 0.000000 -0.999624 1.062500 1.062500 1.062500
1711.742798 0.000000 2193.358398 0.000000 0.965645 0.000000 -0.259866 0.756232 0.756232 0.756232
1692.105347 0.000000 2197.011230 0.000000 0.233121 0.000000 -0.972448 0.890447 0.890447 0.890447
1720.513184 0.000000 2183.916504 0.000000 0.674621 0.000000 -0.738165 0.895028 0.895028 0.895028
1692.827637 0.000000 2199.019287 0.000000 0.970191 0.000000 -0.242340 0.750648 0.750648 0.750648
1646.580322 0.000000 2242.986816 0.000000 0.784547 0.000000 0.620069 0.686909 0.686909 0.686909
1649.028076 0.000000 2237.738770 0.000000 0.876398 0.000000 -0.481587 0.716860 0.716860 0.716860
1644.840698 0.000000 2244.879395 0.000000 0.786519 0.000000 -0.617566 0.724196 0.724196 0.724196
1593.578125 0.000000 2207.791748 0.000000 0.261834 0.000000 0.965113 0.601412 0.601412 0.601412
1647.776123 0.000000 2241.805908 0.000000 0.980293 0.000000 0.197548 0.678871 0.678871 0.678871
1646.623657 0.000000 2240.697021 0.000000 0.147789 0.000000 0.989019 0.548859 0.548859 0.548859
1655.889893 0.000000 2246.265137 0.000000 0.861160 0.000000 -0.508334 0.705964 0.705964 0.705964
1656.741821 0.000000 2240.547852 0.000000 0.420194 0.000000 0.907434 0.669794 0.669794 0.669794
1675.046387 0.000000 2239.167725 0.000000 0.947200 0.000000 0.320644 0.685397 0.685397 0.685397
1656.029785 0.000000 2243.779541 0.000000 0.988717 0.000000 -0.149796 0.706306 0.706306 0.706306
1657.979126 0.000000 2245.722900 0.000000 0.649358 0.000000 -0.760482 0.797849 0.797849 0.797849
1667.684082 0.000000 2238.532715 0.000000 0.785129 0.000000 0.619332 0.584214 0.584214 0.584214
1667.602417 0.000000 2243.210449 0.000000 0.957274 0.000000 -0.289181 0.743886 0.743886 0.743886
1868.178833 0.000000 1897.143921 0.000000 0.933871 0.000000 -0.357610 0.730677 0.730677 0.730677
1859.723145 0.000000 1888.607788 0.000000 0.441573 0.000000 -0.897225 0.712453 0.712453 0.712453
1862.102783 0.000000 1891.172729 0.000000 0.997793 0.000000 -0.066394 0.702322 0.702322 0.702322
1860.029785 0.000000 1890.713501 0.000000 0.521047 0.000000 -0.853528 0.771491 0.771491 0.771491
1863.061523 0.000000 1893.304321 0.000000 0.816398 0.000000 -0.577489 0.811894 0.811894 0.811894
1862.215088 0.000000 1892.407593 0.000000 0.007827 0.000000 0.999969 0.415932 0.415932 0.415932
1898.261353 0.000000 1877.914551 0.000000 0.769731 0.000000 -0.638368 0.707744 0.707744 0.707744
1938.154419 0.000000 1906.594360 0.000000 0.800875 0.000000 -0.598831 0.717055 0.717055 0.717055
1899.918701 0.000000 1901.697266 0.000000 0.609086 0.000000 -0.793104 0.712805 0.712805 0.712805
1889.848633 0.000000 1910.089844 0.000000 0.936717 0.000000 0.350087 0.673998 0.673998 0.673998
1941.748291 0.000000 1910.968262 0.000000 0.993214 0.000000 0.116300 0.698533 0.698533 0.698533
1897.402222 0.000000 1864.012817 0.000000 0.908528 0.000000 0.417823 0.666252 0.666252 0.666252
1915.083984 0.000000 1884.044434 0.000000 0.653058 0.000000 -0.757308 0.778077 0.778077 0.778077
1889.311890 0.000000 1913.416992 0.000000 0.947990 0.000000 -0.318300 0.743024 0.743024 0.743024
1938.788452 0.000000 1909.539062 0.000000 0.985364 0.000000 -0.170462 0.718919 0.718919 0.718919
1900.565796 0.000000 1879.326172 0.000000 0.975624 0.000000 -0.219450 0.708970 0.708970 0.708970
1907.867188 0.000000 1872.547241 0.000000 0.849024 0.000000 -0.528355 0.720235 0.720235 0.720235
1941.122803 0.000000 1908.426025 0.000000 0.127769 0.000000 -0.991804 0.859340 0.859340 0.859340
1894.063721 0.000000 1905.473999 0.000000 0.746303 0.000000 -0.665606 0.741747 0.741747 0.741747
1910.809570 0.000000 1903.240967 0.000000 0.020172 0.000000 0.999797 0.574263 0.574263 0.574263
1912.813232 0.000000 1884.173340 0.000000 0.272772 0.000000 0.962079 0.609509 0.609509 0.609509
1913.908569 0.000000 1882.102783 0.000000 0.313864 0.000000 0.949468 0.614263 0.614263 0.614263
1909.925781 0.000000 1873.134277 0.000000 0.855119 0.000000 -0.518431 0.754862 0.754862 0.754862
1908.544800 0.000000 1902.503052 0.000000 0.248731 0.000000 -0.968573 0.860484 0.860484 0.860484
1890.528320 0.000000 1911.880615 0.000000 0.943803 0.000000 0.330509 0.677866 0.677866 0.677866
1919.183838 0.000000 1904.896851 0.000000 0.999739 0.000000 0.022865 0.698146 0.698146 0.698146
1901.624512 0.000000 1900.524048 0.000000 0.984299 0.000000 0.176510 0.685364 0.685364 0.685364
1891.140381 0.000000 1917.228882 0.000000 0.485433 0.000000 0.874274 0.594391 0.594391 0.594391
1909.147461 0.000000 1871.406860 0.000000 0.065584 0.000000 0.997847 0.540071 0.540071 0.540071
1888.513916 0.000000 1914.861572 0.000000 0.876131 0.000000 0.482073 0.652179 0.652179 0.652179
1940.523071 0.000000 1909.765137 0.000000 0.565624 0.000000 0.824664 0.592910 0.592910 0.592910
1888.055420 0.000000 1912.896484 0.000000 0.879290 0.000000 -0.476287 0.765934 0.765934 0.765934
1984.714355 0.000000 1916.200073 0.000000 0.859992 0.000000 -0.510307 0.706738 0.706738 0.706738
1963.767334 0.000000 1904.376465 0.000000 0.439022 0.000000 0.898476 0.598558 0.598558 0.598558
1986.497803 0.000000 1910.817627 0.000000 0.981477 0.000000 0.191579 0.695688 0.695688 0.695688
1977.636597 0.000000 1906.831543 0.000000 0.044731 0.000000 0.998999 0.646662 0.646662 0.646662
1943.872925 0.000000 1909.694092 0.000000 0.987468 0.000000 0.157822 0.689586 0.689586 0.689586
1988.377808 0.000000 1914.630005 0.000000 0.682966 0.000000 -0.730450 0.722900 0.722900 0.722900
1974.318848 0.000000 1904.809937 0.000000 0.616729 0.000000 -0.787175 0.720271 0.720271 0.720271
1965.862793 0.000000 1902.034668 0.000000 0.845023 0.000000 -0.534729 0.766257 0.766257 0.766257
1961.519775 0.000000 1906.915894 0.000000 0.478017 0.000000 0.878351 0.566563 0.566563 0.566563
1980.455566 0.000000 1904.532837 0.000000 0.476495 0.000000 0.879177 0.665461 0.665461 0.665461
1976.935547 0.000000 1904.172241 0.000000 0.551768 0.000000 -0.833997 0.755157 0.755157 0.755157
1980.338379 0.000000 1907.460083 0.000000 0.897461 0.000000 0.441094 0.681479 0.681479 0.681479
1984.091919 0.000000 1909.297852 0.000000 0.926665 0.000000 0.375889 0.684376 0.684376 0.684376
1950.846313 0.000000 1908.683472 0.000000 0.165970 0.000000 0.986131 0.627370 0.627370 0.627370
1953.604736 0.000000 1908.093628 0.000000 0.363579 0.000000 0.931563 0.614532 0.614532 0.614532
1965.174683 0.000000 1903.586060 0.000000 0.387592 0.000000 0.921831 0.562272 0.562272 0.562272
1964.399780 0.000000 1902.240967 0.000000 0.175381 0.000000 -0.984501 0.863767 0.863767 0.863767
1732.631836 0.000000 1923.253296 0.000000 0.649632 0.000000 -0.760249 0.742263 0.742263 0.742263
1733.037476 0.000000 1925.701172 0.000000 0.960663 0.000000 -0.277716 0.718885 0.718885 0.718885
1731.341675 0.000000 1922.375732 0.000000 0.314586 0.000000 0.949229 0.549615 0.549615 0.549615
2000.105957 0.000000 1939.750122 0.000000 0.203601 0.000000 -0.979054 0.722913 0.722913 0.722913
1983.359863 0.000000 2001.641602 0.000000 0.315730 0.000000 -0.948849 0.785602 0.785602 0.785602
1959.118530 0.000000 2011.669800 0.000000 0.561112 0.000000 0.827740 0.648198 0.648198 0.648198
1989.582153 0.000000 1939.540771 0.000000 0.871184 0.000000 -0.490956 0.711479 0.711479 0.711479
2011.160400 0.000000 1943.950073 0.000000 0.027281 0.000000 0.999628 0.624472 0.624472 0.624472
1995.035400 0.000000 1941.721191 0.000000 0.317976 0.000000 0.948099 0.656408 0.656408 0.656408
1988.146851 0.000000 1932.997925 0.000000 0.985084 0.000000 -0.172074 0.707012 0.707012 0.707012
1977.636597 0.000000 2002.815918 0.000000 0.955117 0.000000 0.296229 0.693273 0.693273 0.693273
1987.640137 0.000000 2000.882202 0.000000 0.872237 0.000000 -0.489084 0.747869 0.747869 0.747869
1956.470947 0.000000 2014.702148 0.000000 0.512516 0.000000 0.858678 0.661018 0.661018 0.661018
1968.591187 0.000000 2012.085083 0.000000 0.893979 0.000000 0.448108 0.668169 0.668169 0.668169
1972.228271 0.000000 2007.876587 0.000000 0.981776 0.000000 0.190039 0.677278 0.677278 0.677278
2013.053467 0.000000 1984.157593 0.000000 0.998168 0.000000 -0.060502 0.703893 0.703893 0.703893
2009.296753 0.000000 1940.356689 0.000000 0.231166 0.000000 0.972914 0.643902 0.643902 0.643902
1980.015625 0.000000 1935.580933 0.000000 0.840956 0.000000 0.541103 0.676819 0.676819 0.676819
1990.020752 0.000000 1936.045898 0.000000 0.882467 0.000000 -0.470374 0.715062 0.715062 0.715062
2006.087158 0.000000 1987.157104 0.000000 0.973766 0.000000 0.227551 0.678176 0.678176 0.678176
1961.304077 0.000000 2009.401367 0.000000 0.993479 0.000000 0.114018 0.691853 0.691853 0.691853
2014.587158 0.000000 1995.155762 0.000000 0.823241 0.000000 0.567692 0.635011 0.635011 0.635011
2001.941528 0.000000 1987.201782 0.000000 0.959398 0.000000 -0.282057 0.714391 0.714391 0.714391
2006.484619 0.000000 1939.561401 0.000000 0.502121 0.000000 -0.864797 0.780334 0.780334 0.780334
1997.588623 0.000000 1940.652588 0.000000 0.997004 0.000000 -0.077354 0.703139 0.703139 0.703139
1980.338379 0.000000 2003.444458 0.000000 0.897935 0.000000 0.440127 0.612072 0.612072 0.612072
1966.236206 0.000000 2013.047363 0.000000 0.991074 0.000000 0.133313 0.692710 0.692710 0.692710
1994.943359 0.000000 1939.221924 0.000000 0.985652 0.000000 -0.168789 0.706876 0.706876 0.706876
2012.202515 0.000000 1995.972900 0.000000 0.805941 0.000000 -0.591995 0.748715 0.748715 0.748715
1986.821533 0.000000 1935.127319 0.000000 0.058191 0.000000 0.998305 0.632330 0.632330 0.632330
1985.151123 0.000000 2000.093384 0.000000 0.677472 0.000000 0.735548 0.591386 0.591386 0.591386
1998.518555 0.000000 1986.465210 0.000000 0.280135 0.000000 0.959961 0.460717 0.460717 0.460717
1982.404907 0.000000 2003.940674 0.000000 0.106326 0.000000 0.994331 0.566935 0.566935 0.566935
1957.396973 0.000000 2012.864746 0.000000 0.838745 0.000000 -0.544525 0.733007 0.733007 0.733007
1954.407104 0.000000 2014.491455 0.000000 0.563258 0.000000 0.826281 0.644257 0.644257 0.644257
1996.813354 0.000000 1987.749512 0.000000 0.980083 0.000000 0.198589 0.677361 0.677361 0.677361
1989.828369 0.000000 1934.066162 0.000000 0.441302 0.000000 -0.897359 0.779412 0.779412 0.779412
2007.501099 0.000000 1941.279541 0.000000 0.192371 0.000000 -0.981322 0.803974 0.803974 0.803974
1985.959106 0.000000 2001.755005 0.000000 0.795312 0.000000 -0.606200 0.785589 0.785589 0.785589
1981.509644 0.000000 2002.017212 0.000000 0.544773 0.000000 -0.838583 0.891906 0.891906 0.891906
1978.800659 0.000000 2003.884033 0.000000 0.630591 0.000000 0.776116 0.542246 0.542246 0.542246
1998.093750 0.000000 1987.561890 0.000000 0.966784 0.000000 0.255596 0.651940 0.651940 0.651940
1942.313110 0.000000 2020.316162 0.000000 0.170302 0.000000 -0.985392 0.838934 0.838934 0.838934
1940.931396 0.000000 2021.536621 0.000000 0.775619 0.000000 -0.631202 0.773537 0.773537 0.773537
1947.299072 0.000000 2023.535889 0.000000 0.412609 0.000000 0.910908 0.656761 0.656761 0.656761
1952.784912 0.000000 2018.607544 0.000000 0.564721 0.000000 -0.825282 0.778712 0.778712 0.778712
1961.116089 0.000000 2023.802368 0.000000 0.976339 0.000000 -0.216244 0.707923 0.707923 0.707923
1943.828003 0.000000 2020.648560 0.000000 0.683465 0.000000 0.729983 0.618774 0.618774 0.618774
1947.551758 0.000000 2029.657471 0.000000 0.940741 0.000000 -0.339127 0.731441 0.731441 0.731441
1950.885376 0.000000 2020.122314 0.000000 0.166623 0.000000 0.986021 0.556771 0.556771 0.556771
1961.113892 0.000000 2021.946777 0.000000 0.932925 0.000000 -0.360070 0.732443 0.732443 0.732443
1786.099609 0.000000 2166.063965 0.000000 0.239194 0.000000 0.970972 0.681416 0.681416 0.681416
1751.590576 0.000000 2167.247559 0.000000 0.931119 0.000000 -0.364715 0.717746 0.717746 0.717746
1754.339966 0.000000 2163.168945 0.000000 0.983038 0.000000 0.183402 0.668540 0.668540 0.668540
1739.049561 0.000000 2179.352051 0.000000 0.927198 0.000000 0.374570 0.674772 0.674772 0.674772
1765.941406 0.000000 2161.087402 0.000000 0.630084 0.000000 0.776527 0.630388 0.630388 0.630388
1749.109863 0.000000 2172.047363 0.000000 0.867742 0.000000 -0.497015 0.744360 0.744360 0.744360
1737.886597 0.000000 2181.115479 0.000000 0.994994 0.000000 -0.099935 0.713575 0.713575 0.713575
1742.835327 0.000000 2177.373535 0.000000 0.379936 0.000000 -0.925013 0.883285 0.883285 0.883285
1755.681396 0.000000 2162.158203 0.000000 0.088012 0.000000 -0.996119 0.952890 0.952890 0.952890
1743.359863 0.000000 2174.491943 0.000000 0.521635 0.000000 0.853169 0.531394 0.531394 0.531394
1755.896240 0.000000 2163.638916 0.000000 0.499091 0.000000 0.866550 0.521207 0.521207 0.521207
1763.020508 0.000000 2159.116211 0.000000 0.993430 0.000000 -0.114445 0.722770 0.722770 0.722770
1743.396484 0.000000 2176.010986 0.000000 0.701137 0.000000 0.713026 0.576813 0.576813 0.576813
1736.736816 0.000000 2180.123779 0.000000 0.913858 0.000000 0.406034 0.643299 0.643299 0.643299
1762.660889 0.000000 2161.415283 0.000000 0.970533 0.000000 -0.240970 0.731983 0.731983 0.731983
1767.592896 0.000000 2171.400146 0.000000 0.323057 0.000000 0.946380 0.345820 0.345820 0.345820
1822.606201 0.000000 2140.392578 0.000000 0.110319 0.000000 0.993896 0.673460 0.673460 0.673460
1819.030762 0.000000 2143.183350 0.000000 0.337778 0.000000 0.941226 0.674285 0.674285 0.674285
1851.475830 0.000000 2137.698242 0.000000 0.255413 0.000000 0.966832 0.648620 0.648620 0.648620
1824.793091 0.000000 2138.373291 0.000000 0.155959 0.000000 -0.987763 0.777109 0.777109 0.777109
1860.893433 0.000000 2136.916016 0.000000 0.844398 0.000000 0.535717 0.539547 0.539547 0.539547
1844.074463 0.000000 2133.534912 0.000000 0.624756 0.000000 -0.780820 0.793948 0.793948 0.793948
1851.970947 0.000000 2135.536621 0.000000 0.646485 0.000000 -0.762927 0.754598 0.754598 0.754598
1845.363159 0.000000 2135.186523 0.000000 0.779310 0.000000 0.626639 0.583542 0.583542 0.583542
1832.380615 0.000000 2144.411621 0.000000 0.434912 0.000000 0.900473 0.433605 0.433605 0.433605
1853.222290 0.000000 2134.232666 0.000000 0.984923 0.000000 0.172994 0.671560 0.671560 0.671560
1853.001831 0.000000 2136.678467 0.000000 0.029261 0.000000 0.999572 0.499570 0.499570 0.499570
1824.718262 0.000000 2141.205078 0.000000 0.990246 0.000000 0.139330 0.660914 0.660914 0.660914
1833.312256 0.000000 2145.733398 0.000000 0.614950 0.000000 0.788566 0.484082 0.484082 0.484082
1844.073608 0.000000 2134.844727 0.000000 0.263437 0.000000 -0.964677 0.924275 0.924275 0.924275
1918.358765 0.000000 2182.736572 0.000000 0.686469 0.000000 -0.727159 0.710244 0.710244 0.710244
1925.484131 0.000000 2184.385010 0.000000 0.566737 0.000000 0.823899 0.636377 0.636377 0.636377
1917.489014 0.000000 2176.803223 0.000000 0.232275 0.000000 0.972650 0.657028 0.657028 0.657028
1922.047119 0.000000 2161.132324 0.000000 0.992759 0.000000 -0.120120 0.709596 0.709596 0.709596
1915.996826 0.000000 2180.035645 0.000000 0.623120 0.000000 0.782126 0.648522 0.648522 0.648522
1925.282593 0.000000 2160.321777 0.000000 0.982234 0.000000 -0.187659 0.722170 0.722170 0.722170
1921.273071 0.000000 2184.285645 0.000000 0.925498 0.000000 -0.378753 0.721180 0.721180 0.721180
1906.624878 0.000000 2197.464111 0.000000 0.395752 0.000000 -0.918358 0.830178 0.830178 0.830178
1891.511475 0.000000 2140.474365 0.000000 0.999286 0.000000 0.037778 0.697728 0.697728 0.697728
1898.372314 0.000000 2144.863770 0.000000 0.384102 0.000000 0.923291 0.412141 0.412141 0.412141
1922.992432 0.000000 2158.844238 0.000000 0.201888 0.000000 0.979409 0.627349 0.627349 0.627349
1919.342407 0.000000 2161.294434 0.000000 0.948801 0.000000 -0.315873 0.725610 0.725610 0.725610
1927.469971 0.000000 2182.811279 0.000000 0.522312 0.000000 0.852754 0.601485 0.601485 0.601485
1902.057129 0.000000 2145.352051 0.000000 0.954480 0.000000 -0.298275 0.717362 0.717362 0.717362
1881.561279 0.000000 2137.056641 0.000000 0.935769 0.000000 -0.352612 0.767007 0.767007 0.767007
1896.504150 0.000000 2144.044189 0.000000 0.926037 0.000000 -0.377433 0.727595 0.727595 0.727595
1916.985107 0.000000 2181.627197 0.000000 0.435031 0.000000 0.900415 0.607556 0.607556 0.607556
1917.280029 0.000000 2179.102295 0.000000 0.388095 0.000000 -0.921620 0.836025 0.836025 0.836025
1899.935913 0.000000 2144.926270 0.000000 0.808600 0.000000 0.588358 0.546101 0.546101 0.546101
1919.282959 0.000000 2174.567627 0.000000 0.924720 0.000000 -0.380648 0.748043 0.748043 0.748043
1924.517944 0.000000 2158.982666 0.000000 0.361103 0.000000 -0.932526 0.893150 0.893150 0.893150
1916.385620 0.000000 2183.247314 0.000000 0.723143 0.000000 -0.690698 0.785277 0.785277 0.785277
1920.636353 0.000000 2160.695068 0.000000 0.939263 0.000000 0.343198 0.652002 0.652002 0.652002
1899.142212 0.000000 2145.984619 0.000000 0.570297 0.000000 0.821438 0.464164 0.464164 0.464164
1903.512207 0.000000 2147.222656 0.000000 0.223765 0.000000 -0.974643 0.936952 0.936952 0.936952
1944.050537 0.000000 2157.715820 0.000000 0.974657 0.000000 0.223706 0.697477 0.697477 0.697477
1947.905151 0.000000 2158.797363 0.000000 0.025348 0.000000 0.999679 0.596289 0.596289 0.596289
1946.360474 0.000000 2156.593262 0.000000 0.963901 0.000000 -0.266261 0.734288 0.734288 0.734288
1947.922852 0.000000 2157.365967 0.000000 0.821546 0.000000 0.570143 0.622816 0.622816 0.622816
2066.748779 0.000000 1964.412964 0.000000 0.420816 0.000000 0.907146 0.666634 0.666634 0.666634
2064.080322 0.000000 1946.510620 0.000000 0.997306 0.000000 -0.073349 0.726173 0.726173 0.726173
2022.750244 0.000000 1992.902832 0.000000 0.964631 0.000000 0.263605 0.695898 0.695898 0.695898
2081.188477 0.000000 1985.590576 0.000000 0.964581 0.000000 -0.263786 0.709330 0.709330 0.709330
2016.648438 0.000000 1993.762695 0.000000 0.416501 0.000000 -0.909135 0.778178 0.778178 0.778178
2084.875000 0.000000 1988.460205 0.000000 0.857193 0.000000 0.514995 0.623608 0.623608 0.623608
2074.077881 0.000000 1957.240601 0.000000 0.598670 0.000000 -0.800996 0.753248 0.753248 0.753248
2084.757812 0.000000 1976.207153 0.000000 0.961962 0.000000 0.273183 0.672147 0.672147 0.672147
2069.969238 0.000000 1963.160400 0.000000 0.315579 0.000000 0.948899 0.464127 0.464127 0.464127
2082.829834 0.000000 1978.611694 0.000000 0.699381 0.000000 -0.714749 0.735623 0.735623 0.735623
2024.507446 0.000000 1981.810181 0.000000 0.534563 0.000000 -0.845129 0.777417 0.777417 0.777417
2025.099243 0.000000 1991.657471 0.000000 0.928627 0.000000 0.371014 0.684589 0.684589 0.684589
2072.917236 0.000000 1959.769531 0.000000 0.756805 0.000000 -0.653640 0.738842 0.738842 0.738842
2016.542480 0.000000 1982.907837 0.000000 0.730797 0.000000 0.682595 0.605466 0.605466 0.605466
2071.725830 0.000000 1961.623535 0.000000 0.039441 0.000000 0.999222 0.443089 0.443089 0.443089
2018.787476 0.000000 1993.976807 0.000000 0.081366 0.000000 0.996684 0.523013 0.523013 0.523013
2085.691895 0.000000 1986.229614 0.000000 0.579754 0.000000 0.814791 0.622774 0.622774 0.622774
2085.115234 0.000000 1978.279297 0.000000 0.815603 0.000000 -0.578612 0.741407 0.741407 0.741407
2069.076172 0.000000 1961.394775 0.000000 0.840678 0.000000 0.541536 0.631995 0.631995 0.631995
2082.255859 0.000000 1976.826538 0.000000 0.034315 0.000000 0.999411 0.590447 0.590447 0.590447
2068.150879 0.000000 1962.999023 0.000000 0.686472 0.000000 -0.727157 0.853666 0.853666 0.853666
2065.808594 0.000000 1947.019775 0.000000 0.015728 0.000000 0.999876 0.145607 0.145607 0.145607
2086.347656 0.000000 1976.977295 0.000000 0.515538 0.000000 -0.856866 0.789208 0.789208 0.789208
2015.819458 0.000000 1995.784790 0.000000 0.986608 0.000000 0.163110 0.682362 0.682362 0.682362
2065.508301 0.000000 1945.442993 0.000000 0.774665 0.000000 0.632372 0.623429 0.623429 0.623429
2064.589111 0.000000 1948.026245 0.000000 0.767125 0.000000 0.641498 0.585105 0.585105 0.585105
2070.383789 0.000000 1961.578491 0.000000 0.198270 0.000000 -0.980147 0.930044 0.930044 0.930044
2071.762695 0.000000 1960.326660 0.000000 0.586935 0.000000 0.809634 0.541706 0.541706 0.541706
2065.252686 0.000000 1949.462524 0.000000 0.413204 0.000000 -0.910638 0.888864 0.888864 0.888864
2111.360352 0.000000 2008.264282 0.000000 0.294101 0.000000 0.955774 0.678655 0.678655 0.678655
2103.102783 0.000000 2011.669800 0.000000 0.525111 0.000000 -0.851034 0.725617 0.725617 0.725617
2089.739746 0.000000 1976.758667 0.000000 0.487930 0.000000 0.872883 0.618410 0.618410 0.618410
2122.516113 0.000000 1997.860107 0.000000 0.999885 0.000000 -0.015195 0.700722 0.700722 0.700722
2105.825195 0.000000 2006.074219 0.000000 0.212341 0.000000 0.977196 0.646886 0.646886 0.646886
2093.280518 0.000000 1987.315796 0.000000 0.814778 0.000000 0.579774 0.694812 0.694812 0.694812
2121.620850 0.000000 2002.815918 0.000000 0.648858 0.000000 -0.760909 0.748357 0.748357 0.748357
2108.027588 0.000000 2011.649414 0.000000 0.502204 0.000000 0.864749 0.656185 0.656185 0.656185
2089.330322 0.000000 1989.374268 0.000000 0.441895 0.000000 -0.897067 0.718674 0.718674 0.718674
2112.575439 0.000000 2012.085083 0.000000 0.998282 0.000000 0.058600 0.697623 0.697623 0.697623
2091.521973 0.000000 1991.926392 0.000000 0.540914 0.000000 0.841078 0.670662 0.670662 0.670662
2125.846191 0.000000 1996.907715 0.000000 0.378006 0.000000 -0.925803 0.726466 0.726466 0.726466
2105.288330 0.000000 2009.401367 0.000000 0.945459 0.000000 0.325741 0.686548 0.686548 0.686548
2124.439941 0.000000 2000.517212 0.000000 0.868022 0.000000 0.496526 0.514762 0.514762 0.514762
2114.364746 0.000000 2014.461670 0.000000 0.799709 0.000000 0.600387 0.679292 0.679292 0.679292
2122.601562 0.000000 2005.495239 0.000000 0.374671 0.000000 -0.927158 0.967125 0.967125 0.967125
2110.220703 0.000000 2013.047363 0.000000 0.931507 0.000000 -0.363723 0.721338 0.721338 0.721338
2126.786133 0.000000 1999.225342 0.000000 0.152244 0.000000 0.988343 0.644493 0.644493 0.644493
2110.395996 0.000000 2010.492676 0.000000 0.938606 0.000000 -0.344992 0.725114 0.725114 0.725114
2092.168701 0.000000 1976.355225 0.000000 0.973401 0.000000 -0.229108 0.714543 0.714543 0.714543
2128.873535 0.000000 1962.246460 0.000000 0.546565 0.000000 -0.837417 0.759668 0.759668 0.759668
2124.521240 0.000000 1998.487427 0.000000 0.133568 0.000000 0.991040 0.187761 0.187761 0.187761
2122.621094 0.000000 2001.074219 0.000000 0.190591 0.000000 -0.981670 0.892798 0.892798 0.892798
2126.954834 0.000000 1959.074829 0.000000 0.736512 0.000000 0.676424 0.541091 0.541091 0.541091
2123.112549 0.000000 1999.475586 0.000000 0.126406 0.000000 -0.991979 1.214815 1.214815 1.214815
2122.785156 0.000000 2003.884033 0.000000 0.554103 0.000000 0.832448 0.599624 0.599624 0.599624
2123.820068 0.000000 2001.979858 0.000000 0.845983 0.000000 -0.533209 0.778626 0.778626 0.778626
2125.464844 0.000000 1999.498779 0.000000 0.817011 0.000000 0.576622 0.480895 0.480895 0.480895
2125.889160 0.000000 1998.237793 0.000000 0.892770 0.000000 0.450513 0.533390 0.533390 0.533390
2126.048340 0.000000 1958.201172 0.000000 0.438316 0.000000 0.898821 0.461053 0.461053 0.461053
2118.285156 0.000000 2015.982300 0.000000 0.520347 0.000000 0.853955 0.675673 0.675673 0.675673
2127.271484 0.000000 2026.651489 0.000000 0.657921 0.000000 0.753087 0.684502 0.684502 0.684502
2155.144775 0.000000 2039.934448 0.000000 0.956487 0.000000 -0.291775 0.705381 0.705381 0.705381
2121.620605 0.000000 2022.482666 0.000000 0.915734 0.000000 0.401785 0.687283 0.687283 0.687283
2128.027588 0.000000 2032.643799 0.000000 0.507091 0.000000 -0.861892 0.715978 0.715978 0.715978
2114.041016 0.000000 2017.453491 0.000000 0.828332 0.000000 0.560237 0.683372 0.683372 0.683372
2151.637695 0.000000 2041.754639 0.000000 0.817041 0.000000 0.576580 0.682817 0.682817 0.682817
2124.000000 0.000000 2031.565308 0.000000 0.277421 0.000000 0.960748 0.647711 0.647711 0.647711
2120.411133 0.000000 2019.051636 0.000000 0.996803 0.000000 -0.079895 0.704696 0.704696 0.704696
2124.242188 0.000000 2024.927734 0.000000 0.929108 0.000000 0.369809 0.684642 0.684642 0.684642
2131.005615 0.000000 2033.573975 0.000000 0.772686 0.000000 0.634789 0.675001 0.675001 0.675001
2130.805908 0.000000 2031.111694 0.000000 0.685922 0.000000 0.727675 0.666960 0.666960 0.666960
2126.599609 0.000000 2030.574097 0.000000 0.629469 0.000000 0.777025 0.663919 0.663919 0.663919
2159.849609 0.000000 2005.678467 0.000000 0.259917 0.000000 0.965631 0.646974 0.646974 0.646974
2159.779541 0.000000 2007.351807 0.000000 0.935214 0.000000 0.354082 0.653953 0.653953 0.653953
2197.267334 0.000000 2070.637451 0.000000 0.052604 0.000000 -0.998615 0.719103 0.719103 0.719103
2159.879883 0.000000 2042.032471 0.000000 0.998247 0.000000 0.059181 0.699752 0.699752 0.699752
2193.078125 0.000000 2065.925537 0.000000 0.837137 0.000000 -0.546993 0.708092 0.708092 0.708092
2163.759033 0.000000 2044.816162 0.000000 0.038699 0.000000 0.999251 0.672154 0.672154 0.672154
2167.898193 0.000000 2046.869751 0.000000 0.921520 0.000000 -0.388331 0.707806 0.707806 0.707806
2186.134033 0.000000 2059.434814 0.000000 0.772181 0.000000 0.635402 0.686523 0.686523 0.686523
2190.632568 0.000000 2063.711914 0.000000 0.341224 0.000000 0.939982 0.669234 0.669234 0.669234
2194.139160 0.000000 2069.124023 0.000000 0.682264 0.000000 0.731106 0.671342 0.671342 0.671342
2188.036133 0.000000 2062.344482 0.000000 0.933936 0.000000 -0.357441 0.717375 0.717375 0.717375
2196.997070 0.000000 2073.052490 0.000000 0.196450 0.000000 0.980514 0.638572 0.638572 0.638572
2184.414062 0.000000 2058.044922 0.000000 0.950368 0.000000 0.311129 0.683192 0.683192 0.683192
2271.132812 0.000000 2089.648193 0.000000 0.145571 0.000000 -0.989348 0.723902 0.723902 0.723902
2279.372559 0.000000 2109.184326 0.000000 0.705183 0.000000 -0.709025 0.727546 0.727546 0.727546
2273.008789 0.000000 2093.705078 0.000000 0.635576 0.000000 -0.772038 0.730829 0.730829 0.730829
2276.346680 0.000000 2106.598877 0.000000 0.931206 0.000000 0.364494 0.670268 0.670268 0.670268
2269.425537 0.000000 2087.841064 0.000000 0.905768 0.000000 -0.423775 0.745885 0.745885 0.745885
2273.119873 0.000000 2096.077637 0.000000 0.451203 0.000000 0.892421 0.650668 0.650668 0.650668
2277.295898 0.000000 2108.727295 0.000000 0.999431 0.000000 0.033723 0.697642 0.697642 0.697642
2269.533203 0.000000 2090.757080 0.000000 0.728124 0.000000 0.685446 0.651431 0.651431 0.651431
2268.227051 0.000000 2089.255859 0.000000 0.546635 0.000000 -0.837371 0.794351 0.794351 0.794351
2272.202881 0.000000 2099.280029 0.000000 0.291417 0.000000 0.956596 0.566301 0.566301 0.566301
2268.083740 0.000000 2086.750000 0.000000 0.491779 0.000000 0.870720 0.589203 0.589203 0.589203
2271.391113 0.000000 2093.618896 0.000000 0.612686 0.000000 0.790327 0.615908 0.615908 0.615908
2196.013428 0.000000 2146.024170 0.000000 0.999662 0.000000 0.026003 0.699636 0.699636 0.699636
2220.514893 0.000000 2140.078613 0.000000 0.867151 0.000000 0.498045 0.683965 0.683965 0.683965
2195.259521 0.000000 2152.516846 0.000000 0.013533 0.000000 -0.999908 0.754429 0.754429 0.754429
2190.027100 0.000000 2149.587891 0.000000 0.158099 0.000000 0.987423 0.668414 0.668414 0.668414
2221.551758 0.000000 2134.097412 0.000000 0.966497 0.000000 0.256679 0.696008 0.696008 0.696008
2200.152344 0.000000 2149.719482 0.000000 0.960789 0.000000 -0.277279 0.703142 0.703142 0.703142
2228.690186 0.000000 2148.290039 0.000000 0.573480 0.000000 0.819220 0.685236 0.685236 0.685236
2195.875000 0.000000 2157.912598 0.000000 0.990024 0.000000 -0.140901 0.703558 0.703558 0.703558
2224.965576 0.000000 2141.754395 0.000000 0.998024 0.000000 -0.062840 0.701582 0.701582 0.701582
2202.588623 0.000000 2152.938477 0.000000 0.183429 0.000000 0.983033 0.665113 0.665113 0.665113
2223.629883 0.000000 2137.739258 0.000000 0.641474 0.000000 -0.767145 0.731783 0.731783 0.731783
2226.350342 0.000000 2145.284668 0.000000 0.965967 0.000000 -0.258665 0.705487 0.705487 0.705487
2193.887207 0.000000 2149.093994 0.000000 0.470724 0.000000 -0.882280 0.725685 0.725685 0.725685
2198.178223 0.000000 2142.702637 0.000000 0.939229 0.000000 -0.343291 0.708818 0.708818 0.708818
2220.854492 0.000000 2136.916016 0.000000 0.999334 0.000000 0.036502 0.698724 0.698724 0.698724
2231.827393 0.000000 2150.280762 0.000000 0.556865 0.000000 -0.830603 0.715074 0.715074 0.715074
2287.222412 0.000000 2117.132812 0.000000 0.267381 0.000000 0.963591 0.654559 0.654559 0.654559
2278.063721 0.000000 2112.141602 0.000000 0.275054 0.000000 0.961429 0.649418 0.649418 0.649418
2291.545410 0.000000 2131.078857 0.000000 0.630615 0.000000 -0.776096 0.755895 0.755895 0.755895
2281.626953 0.000000 2111.752686 0.000000 0.736839 0.000000 0.676069 0.682355 0.682355 0.682355
2289.464355 0.000000 2128.252930 0.000000 0.106915 0.000000 -0.994268 0.792084 0.792084 0.792084
2284.215576 0.000000 2117.540039 0.000000 0.630005 0.000000 0.776591 0.639083 0.639083 0.639083
2287.692383 0.000000 2119.792725 0.000000 0.698252 0.000000 0.715852 0.650921 0.650921 0.650921
2279.914062 0.000000 2113.800781 0.000000 0.889516 0.000000 0.456904 0.681425 0.681425 0.681425
2291.356934 0.000000 2129.062988 0.000000 0.617970 0.000000 -0.786201 0.756913 0.756913 0.756913
2289.349854 0.000000 2120.199219 0.000000 0.123754 0.000000 0.992313 0.562462 0.562462 0.562462
2584.202881 0.000000 1915.392090 0.000000 0.332163 0.000000 -0.943222 0.817143 0.817143 0.817143
2562.065918 0.000000 1907.616089 0.000000 0.348976 0.000000 -0.937132 0.786583 0.786583 0.786583
2560.171631 0.000000 1907.311279 0.000000 0.963914 0.000000 -0.266212 0.742570 0.742570 0.742570
2582.482910 0.000000 1914.909424 0.000000 0.830274 0.000000 0.557355 0.620653 0.620653 0.620653
2560.544922 0.000000 1906.041138 0.000000 0.920524 0.000000 -0.390686 0.763410 0.763410 0.763410
2615.305664 0.000000 1912.279907 0.000000 0.193588 0.000000 0.981083 0.615357 0.615357 0.615357
2607.048096 0.000000 1915.685425 0.000000 0.992421 0.000000 0.122886 0.696900 0.696900 0.696900
2622.248535 0.000000 1904.809937 0.000000 0.937132 0.000000 0.348974 0.676576 0.676576 0.676576
2616.145752 0.000000 1918.307861 0.000000 0.471987 0.000000 0.881605 0.550622 0.550622 0.550622
2606.717773 0.000000 1917.210327 0.000000 0.426949 0.000000 0.904276 0.496262 0.496262 0.496262
2617.159424 0.000000 1919.179688 0.000000 0.646621 0.000000 0.762811 0.579910 0.579910 0.579910
2607.999756 0.000000 1916.384033 0.000000 1.000000 0.000000 0.000993 0.699821 0.699821 0.699821
2351.364746 0.000000 2109.184326 0.000000 0.973494 0.000000 -0.228713 0.704194 0.704194 0.704194
2351.500977 0.000000 2106.473877 0.000000 0.869892 0.000000 -0.493242 0.740384 0.740384 0.740384
2353.389404 0.000000 2109.152832 0.000000 0.575750 0.000000 -0.817625 0.786992 0.786992 0.786992
2352.366943 0.000000 2107.891113 0.000000 0.996902 0.000000 -0.078651 0.712108 0.712108 0.712108
2353.197754 0.000000 2106.948730 0.000000 0.727277 0.000000 0.686344 0.583668 0.583668 0.583668
2576.043457 0.000000 1939.750122 0.000000 0.936731 0.000000 0.350051 0.693000 0.693000 0.693000
2565.382812 0.000000 1970.876953 0.000000 0.482535 0.000000 -0.875877 0.710445 0.710445 0.710445
2565.615479 0.000000 1963.461304 0.000000 0.871758 0.000000 -0.489936 0.706442 0.706442 0.706442
2555.835938 0.000000 1965.943604 0.000000 0.903099 0.000000 -0.429433 0.739715 0.739715 0.739715
2557.267334 0.000000 1947.596191 0.000000 0.029464 0.000000 -0.999566 0.816363 0.816363 0.816363
2581.758789 0.000000 1931.912842 0.000000 0.771784 0.000000 0.635885 0.675913 0.675913 0.675913
2572.947998 0.000000 1937.742432 0.000000 0.020788 0.000000 0.999784 0.483299 0.483299 0.483299
2584.766602 0.000000 1933.912598 0.000000 0.992000 0.000000 0.126239 0.694160 0.694160 0.694160
2567.273193 0.000000 1960.394653 0.000000 0.694527 0.000000 -0.719466 0.868404 0.868404 0.868404
2583.830078 0.000000 1937.215332 0.000000 0.328460 0.000000 0.944518 0.660252 0.660252 0.660252
2556.969971 0.000000 1957.498901 0.000000 0.996706 0.000000 0.081097 0.682747 0.682747 0.682747
2572.245605 0.000000 1932.358643 0.000000 0.929396 0.000000 0.369084 0.664062 0.664062 0.664062
2562.761230 0.000000 1970.201416 0.000000 0.860377 0.000000 0.509658 0.682056 0.682056 0.682056
2587.487793 0.000000 1958.646118 0.000000 0.210780 0.000000 0.977533 0.639227 0.639227 0.639227
2567.271973 0.000000 1969.325562 0.000000 0.695298 0.000000 0.718721 0.639455 0.639455 0.639455
2570.476318 0.000000 1930.467896 0.000000 0.141534 0.000000 0.989933 0.618101 0.618101 0.618101
2584.277832 0.000000 1959.843506 0.000000 0.125572 0.000000 0.992085 0.592937 0.592937 0.592937
2557.242188 0.000000 1959.625977 0.000000 0.952395 0.000000 -0.304866 0.717325 0.717325 0.717325
2557.943359 0.000000 1953.124390 0.000000 0.512352 0.000000 0.858775 0.629243 0.629243 0.629243
2572.515381 0.000000 1930.353638 0.000000 0.802248 0.000000 -0.596990 0.744720 0.744720 0.744720
2587.048340 0.000000 1920.708008 0.000000 0.995361 0.000000 0.096215 0.691782 0.691782 0.691782
2583.721191 0.000000 1932.220947 0.000000 0.361750 0.000000 0.932275 0.614392 0.614392 0.614392
2560.205322 0.000000 1923.790894 0.000000 0.994261 0.000000 -0.106982 0.725026 0.725026 0.725026
2556.333008 0.000000 1952.000854 0.000000 0.420539 0.000000 0.907275 0.622126 0.622126 0.622126
2558.684082 0.000000 1946.257812 0.000000 0.132565 0.000000 0.991174 0.601500 0.601500 0.601500
2573.517578 0.000000 1935.967163 0.000000 0.980445 0.000000 -0.196793 0.720770 0.720770 0.720770
2580.756836 0.000000 1991.098511 0.000000 0.432976 0.000000 0.901405 0.593238 0.593238 0.593238
2574.407959 0.000000 1938.965942 0.000000 0.092851 0.000000 0.995680 0.491326 0.491326 0.491326
2588.861084 0.000000 1925.552246 0.000000 0.180401 0.000000 0.983593 0.381434 0.381434 0.381434
2566.717041 0.000000 1962.060059 0.000000 0.622386 0.000000 0.782711 0.532836 0.532836 0.532836
2572.846680 0.000000 1933.997070 0.000000 0.172858 0.000000 -0.984947 0.832817 0.832817 0.832817
2555.203125 0.000000 1964.358643 0.000000 0.379565 0.000000 0.925165 0.594286 0.594286 0.594286
2585.546387 0.000000 1937.398804 0.000000 0.727327 0.000000 -0.686291 0.774023 0.774023 0.774023
2579.455078 0.000000 1962.642578 0.000000 0.193482 0.000000 0.981104 0.457593 0.457593 0.457593
2576.901367 0.000000 1940.972778 0.000000 0.906576 0.000000 0.422043 0.622031 0.622031 0.622031
2589.155029 0.000000 1927.521240 0.000000 0.440585 0.000000 0.897711 0.302656 0.302656 0.302656
2557.733887 0.000000 1956.497681 0.000000 0.464424 0.000000 0.885613 0.468833 0.468833 0.468833
2353.894531 0.000000 2115.272949 0.000000 0.355101 0.000000 -0.934828 0.706754 0.706754 0.706754
2371.042725 0.000000 2128.627197 0.000000 0.867384 0.000000 0.497640 0.681066 0.681066 0.681066
2364.936279 0.000000 2127.646973 0.000000 0.490939 0.000000 -0.871194 0.787240 0.787240 0.787240
2375.189941 0.000000 2132.200195 0.000000 0.753669 0.000000 0.657254 0.683958 0.683958 0.683958
2349.638916 0.000000 2155.430176 0.000000 0.883637 0.000000 0.468172 0.649594 0.649594 0.649594
2362.037109 0.000000 2166.063965 0.000000 0.978377 0.000000 0.206828 0.691262 0.691262 0.691262
2355.380859 0.000000 2120.167480 0.000000 0.968315 0.000000 0.249733 0.679886 0.679886 0.679886
2366.957520 0.000000 2165.028809 0.000000 0.686191 0.000000 -0.727422 0.751246 0.751246 0.751246
2354.000244 0.000000 2161.132324 0.000000 0.046973 0.000000 -0.998896 0.731956 0.731956 0.731956
2372.726562 0.000000 2168.176025 0.000000 0.966190 0.000000 0.257832 0.678125 0.678125 0.678125
2351.144531 0.000000 2134.851562 0.000000 0.426869 0.000000 0.904313 0.660513 0.660513 0.660513
2353.619141 0.000000 2111.752686 0.000000 0.499867 0.000000 0.866102 0.656072 0.656072 0.656072
2367.853516 0.000000 2129.184082 0.000000 0.090866 0.000000 -0.995863 0.819994 0.819994 0.819994
2357.235596 0.000000 2160.321777 0.000000 0.390433 0.000000 -0.920631 0.765412 0.765412 0.765412
2364.198242 0.000000 2164.066162 0.000000 0.806469 0.000000 0.591277 0.638971 0.638971 0.638971
2357.549561 0.000000 2132.621582 0.000000 0.497446 0.000000 -0.867495 0.760195 0.760195 0.760195
2375.594971 0.000000 2170.139648 0.000000 0.915637 0.000000 -0.402005 0.715617 0.715617 0.715617
2354.945557 0.000000 2158.844238 0.000000 0.900432 0.000000 0.434997 0.664766 0.664766 0.664766
2370.575195 0.000000 2130.689209 0.000000 0.806305 0.000000 -0.591500 0.744243 0.744243 0.744243
2356.538818 0.000000 2122.322510 0.000000 0.779645 0.000000 0.626222 0.642290 0.642290 0.642290
2362.955078 0.000000 2126.955811 0.000000 0.941983 0.000000 0.335661 0.662672 0.662672 0.662672
2354.462646 0.000000 2118.464600 0.000000 0.829089 0.000000 0.559116 0.631981 0.631981 0.631981
2353.050293 0.000000 2159.368408 0.000000 0.993703 0.000000 0.112042 0.689954 0.689954 0.689954
2348.262451 0.000000 2154.038818 0.000000 0.354216 0.000000 -0.935163 0.825050 0.825050 0.825050
2369.860596 0.000000 2165.143311 0.000000 0.999829 0.000000 -0.018484 0.701370 0.701370 0.701370
2358.431396 0.000000 2130.934814 0.000000 0.651524 0.000000 -0.758628 0.774649 0.774649 0.774649
2350.282715 0.000000 2157.181641 0.000000 0.958539 0.000000 -0.284962 0.732319 0.732319 0.732319
2374.316406 0.000000 2168.946045 0.000000 0.407756 0.000000 0.913091 0.564853 0.564853 0.564853
2369.569824 0.000000 2129.367676 0.000000 0.535494 0.000000 0.844539 0.594547 0.594547 0.594547
2351.475586 0.000000 2156.140137 0.000000 0.459450 0.000000 -0.888203 0.822294 0.822294 0.822294
2359.084229 0.000000 2132.847900 0.000000 0.929157 0.000000 0.369686 0.649706 0.649706 0.649706
2355.096436 0.000000 2117.177490 0.000000 0.978151 0.000000 -0.207896 0.737770 0.737770 0.737770
2382.136475 0.000000 2146.030762 0.000000 0.983574 0.000000 -0.180506 0.702538 0.702538 0.702538
2377.708496 0.000000 2168.727539 0.000000 0.999751 0.000000 -0.022311 0.702402 0.702402 0.702402
2376.663574 0.000000 2144.563477 0.000000 0.166865 0.000000 0.985980 0.660766 0.660766 0.660766
2379.735596 0.000000 2140.800781 0.000000 0.103054 0.000000 -0.994676 0.786173 0.786173 0.786173
2376.326660 0.000000 2132.389648 0.000000 0.988653 0.000000 0.150216 0.690303 0.690303 0.690303
2380.681152 0.000000 2150.143311 0.000000 0.129773 0.000000 0.991544 0.679859 0.679859 0.679859
2378.369141 0.000000 2147.528076 0.000000 0.883333 0.000000 0.468745 0.682266 0.682266 0.682266
2379.693848 0.000000 2143.980225 0.000000 0.996061 0.000000 0.088671 0.693545 0.693545 0.693545
2378.451172 0.000000 2173.548340 0.000000 0.875378 0.000000 -0.483439 0.730334 0.730334 0.730334
2377.946289 0.000000 2142.344971 0.000000 0.990286 0.000000 -0.139049 0.706046 0.706046 0.706046
2377.842773 0.000000 2171.380859 0.000000 0.707823 0.000000 0.706390 0.618850 0.618850 0.618850
2376.109131 0.000000 2168.686768 0.000000 0.324536 0.000000 0.945873 0.566483 0.566483 0.566483
2610.399902 0.000000 1935.533813 0.000000 0.942143 0.000000 0.335212 0.664635 0.664635 0.664635
2645.146973 0.000000 1972.712524 0.000000 0.933609 0.000000 -0.358294 0.709221 0.709221 0.709221
2657.125977 0.000000 1985.590576 0.000000 0.401338 0.000000 -0.915930 0.761511 0.761511 0.761511
2655.778809 0.000000 1977.740723 0.000000 0.997211 0.000000 -0.074630 0.705848 0.705848 0.705848
2616.943604 0.000000 1936.964722 0.000000 0.812900 0.000000 0.582404 0.575711 0.575711 0.575711
2640.616455 0.000000 1952.181763 0.000000 0.766519 0.000000 0.642222 0.644425 0.644425 0.644425
2592.640137 0.000000 1952.594604 0.000000 0.311514 0.000000 -0.950242 0.750843 0.750843 0.750843
2612.386475 0.000000 1959.160767 0.000000 0.109490 0.000000 0.993988 0.653018 0.653018 0.653018
2634.642822 0.000000 1975.820679 0.000000 0.999268 0.000000 -0.038262 0.701766 0.701766 0.701766
2625.651855 0.000000 1942.896851 0.000000 0.217632 0.000000 -0.976031 0.768017 0.768017 0.768017
2629.259521 0.000000 1947.596191 0.000000 0.371745 0.000000 0.928335 0.658411 0.658411 0.658411
2660.812500 0.000000 1988.460205 0.000000 0.693217 0.000000 -0.720729 0.732632 0.732632 0.732632
2641.393555 0.000000 1982.563843 0.000000 0.662954 0.000000 -0.748660 0.818282 0.818282 0.818282
2617.986328 0.000000 1921.469116 0.000000 0.432589 0.000000 0.901591 0.571208 0.571208 0.571208
2646.483887 0.000000 1959.761108 0.000000 0.090405 0.000000 0.995905 0.588246 0.588246 0.588246
2637.374023 0.000000 1949.377441 0.000000 0.733317 0.000000 0.679887 0.664463 0.664463 0.664463
2652.301270 0.000000 1976.826904 0.000000 0.463393 0.000000 0.886153 0.631489 0.631489 0.631489
2625.840332 0.000000 1957.125244 0.000000 0.606261 0.000000 -0.795265 0.852968 0.852968 0.852968
2635.793457 0.000000 2014.375488 0.000000 0.619694 0.000000 -0.784843 0.736589 0.736589 0.736589
2605.001709 0.000000 1955.105957 0.000000 0.154467 0.000000 -0.987998 0.844486 0.844486 0.844486
2657.703125 0.000000 1975.029175 0.000000 0.887799 0.000000 0.460231 0.649852 0.649852 0.649852
2595.670410 0.000000 1952.011475 0.000000 0.842660 0.000000 -0.538445 0.716693 0.716693 0.716693
2658.767334 0.000000 1978.611694 0.000000 0.684993 0.000000 0.728550 0.595018 0.595018 0.595018
2637.539307 0.000000 1975.200684 0.000000 0.977784 0.000000 -0.209613 0.743696 0.743696 0.743696
2630.743164 0.000000 1967.146851 0.000000 0.918646 0.000000 0.395083 0.675015 0.675015 0.675015
2658.028320 0.000000 1988.274292 0.000000 0.993509 0.000000 0.113758 0.689002 0.689002 0.689002
2605.606201 0.000000 1940.353027 0.000000 0.979484 0.000000 0.201522 0.673617 0.673617 0.673617
2647.255371 0.000000 1957.203125 0.000000 0.186889 0.000000 0.982381 0.616870 0.616870 0.616870
2646.069824 0.000000 2000.944824 0.000000 0.708450 0.000000 0.705761 0.627705 0.627705 0.627705
2627.789062 0.000000 1968.531616 0.000000 0.121631 0.000000 -0.992575 0.926868 0.926868 0.926868
2656.968750 0.000000 1971.496094 0.000000 0.491322 0.000000 0.870978 0.633489 0.633489 0.633489
2629.087646 0.000000 1944.992188 0.000000 0.333374 0.000000 -0.942795 0.932322 0.932322 0.932322
2606.948730 0.000000 1957.015991 0.000000 0.576977 0.000000 0.816760 0.638533 0.638533 0.638533
2643.912354 0.000000 1953.575439 0.000000 0.034159 0.000000 -0.999416 1.116773 1.116773 1.116773
2624.085205 0.000000 1958.728638 0.000000 0.269276 0.000000 0.963063 0.567512 0.567512 0.567512
2633.185791 0.000000 1967.772949 0.000000 0.608036 0.000000 -0.793909 0.924407 0.924407 0.924407
2645.871582 0.000000 1974.834595 0.000000 0.868090 0.000000 0.496406 0.530062 0.530062 0.530062
2595.504883 0.000000 1988.741455 0.000000 0.901223 0.000000 0.433357 0.662402 0.662402 0.662402
2614.795410 0.000000 1936.477051 0.000000 0.861330 0.000000 0.508046 0.667218 0.667218 0.667218
2629.847656 0.000000 1969.118652 0.000000 0.193350 0.000000 0.981130 0.511443 0.511443 0.511443
2635.557861 0.000000 1950.524658 0.000000 0.035744 0.000000 -0.999361 0.828766 0.828766 0.828766
2623.776611 0.000000 1956.457642 0.000000 0.223450 0.000000 -0.974715 0.773360 0.773360 0.773360
2642.234863 0.000000 1950.833252 0.000000 0.952306 0.000000 -0.305143 0.739017 0.739017 0.739017
2662.954346 0.000000 2015.493408 0.000000 0.239937 0.000000 -0.970788 0.815154 0.815154 0.815154
2603.492432 0.000000 1991.729126 0.000000 0.950931 0.000000 -0.309403 0.726387 0.726387 0.726387
2616.795410 0.000000 1919.791016 0.000000 0.130790 0.000000 0.991410 0.500743 0.500743 0.500743
2630.676270 0.000000 1946.257812 0.000000 0.589380 0.000000 -0.807856 0.832804 0.832804 0.832804
2611.208740 0.000000 1937.306274 0.000000 0.977513 0.000000 0.210873 0.647720 0.647720 0.647720
2627.347412 0.000000 1943.904175 0.000000 0.157947 0.000000 -0.987448 0.792794 0.792794 0.792794
2625.983154 0.000000 1959.088135 0.000000 0.115108 0.000000 0.993353 0.551460 0.551460 0.551460
2642.322754 0.000000 1952.720337 0.000000 0.926596 0.000000 -0.376059 0.804568 0.804568 0.804568
2659.999268 0.000000 1979.954956 0.000000 0.220368 0.000000 0.975417 0.526540 0.526540 0.526540
2632.274658 0.000000 1966.299316 0.000000 0.520069 0.000000 0.854124 0.449500 0.449500 0.449500
2658.344482 0.000000 1967.538696 0.000000 0.825572 0.000000 -0.564296 0.752810 0.752810 0.752810
2638.874268 0.000000 1974.221802 0.000000 0.198553 0.000000 0.980090 0.508337 0.508337 0.508337
2623.231445 0.000000 1949.064209 0.000000 0.100400 0.000000 -0.994947 1.146038 1.146038 1.146038
2647.641113 0.000000 2001.389404 0.000000 0.912621 0.000000 0.408806 0.661140 0.661140 0.661140
2633.195068 0.000000 1976.631226 0.000000 0.418670 0.000000 -0.908138 0.803489 0.803489 0.803489
2640.526611 0.000000 1948.026245 0.000000 0.778678 0.000000 -0.627423 0.762583 0.762583 0.762583
2595.203613 0.000000 1995.530273 0.000000 0.975005 0.000000 -0.222181 0.721613 0.721613 0.721613
2639.204834 0.000000 1982.598877 0.000000 0.996098 0.000000 0.088253 0.684681 0.684681 0.684681
2636.745117 0.000000 1951.471558 0.000000 0.785239 0.000000 -0.619192 0.784016 0.784016 0.784016
2640.781006 0.000000 1950.698120 0.000000 0.642538 0.000000 0.766254 0.388773 0.388773 0.388773
2626.567139 0.000000 1969.446289 0.000000 0.982042 0.000000 -0.188661 0.729719 0.729719 0.729719
2605.830566 0.000000 1941.771362 0.000000 0.925150 0.000000 0.379601 0.649375 0.649375 0.649375
2628.585205 0.000000 1969.680664 0.000000 0.999363 0.000000 -0.035696 0.704892 0.704892 0.704892
2641.067139 0.000000 1983.881348 0.000000 0.999752 0.000000 0.022254 0.696888 0.696888 0.696888
2635.225586 0.000000 1977.049316 0.000000 0.784950 0.000000 0.619559 0.568283 0.568283 0.568283
2644.728027 0.000000 1974.147217 0.000000 0.850864 0.000000 0.525387 0.519032 0.519032 0.519032
2638.433594 0.000000 1983.911499 0.000000 0.978838 0.000000 0.204636 0.664272 0.664272 0.664272
2624.580811 0.000000 1957.471924 0.000000 0.322603 0.000000 -0.946534 0.906684 0.906684 0.906684
2643.574219 0.000000 1952.209717 0.000000 0.853304 0.000000 0.521414 0.551231 0.551231 0.551231
2622.569824 0.000000 1948.006470 0.000000 0.655465 0.000000 0.755225 0.440307 0.440307 0.440307
2632.024902 0.000000 1967.450562 0.000000 0.564565 0.000000 0.825389 0.462460 0.462460 0.462460
2637.033936 0.000000 1974.101440 0.000000 0.998370 0.000000 0.057076 0.688184 0.688184 0.688184
2633.046875 0.000000 2016.077637 0.000000 0.535728 0.000000 0.844391 0.670481 0.670481 0.670481
2638.024658 0.000000 2016.157104 0.000000 0.631755 0.000000 0.775168 0.665278 0.665278 0.665278
2660.840820 0.000000 2015.715576 0.000000 0.688334 0.000000 0.725394 0.661421 0.661421 0.661421
2644.237793 0.000000 2028.343018 0.000000 0.964354 0.000000 -0.264616 0.708237 0.708237 0.708237
2632.505859 0.000000 2023.884399 0.000000 0.976613 0.000000 -0.215004 0.713027 0.713027 0.713027
2662.560791 0.000000 2017.629883 0.000000 0.883951 0.000000 -0.467579 0.744215 0.744215 0.744215
2635.631348 0.000000 2017.138428 0.000000 0.891316 0.000000 0.453382 0.682238 0.682238 0.682238
2639.875000 0.000000 2017.816284 0.000000 0.196618 0.000000 0.980480 0.646257 0.646257 0.646257
2630.255615 0.000000 2023.970459 0.000000 0.842569 0.000000 -0.538588 0.754071 0.754071 0.754071
2644.507568 0.000000 2026.338013 0.000000 0.212859 0.000000 -0.977083 0.817564 0.817564 0.817564
2636.981445 0.000000 2016.866943 0.000000 0.565571 0.000000 -0.824700 0.857257 0.857257 0.857257
2734.793213 0.000000 2087.165527 0.000000 0.996064 0.000000 0.088635 0.690694 0.690694 0.690694
2735.246826 0.000000 2083.486816 0.000000 0.305035 0.000000 -0.952341 0.766983 0.766983 0.766983
2721.117920 0.000000 2085.624268 0.000000 0.876536 0.000000 0.481337 0.662790 0.662790 0.662790
2734.762207 0.000000 2085.284424 0.000000 0.087441 0.000000 0.996170 0.579727 0.579727 0.579727
2724.181885 0.000000 2084.307861 0.000000 0.385253 0.000000 -0.922811 0.857744 0.857744 0.857744
2730.712158 0.000000 2095.350098 0.000000 0.820337 0.000000 0.571881 0.643825 0.643825 0.643825
2730.537354 0.000000 2088.676025 0.000000 0.237033 0.000000 -0.971502 0.874982 0.874982 0.874982
2726.421143 0.000000 2086.646484 0.000000 0.948575 0.000000 -0.316551 0.766195 0.766195 0.766195
2718.142822 0.000000 2093.249512 0.000000 0.996242 0.000000 -0.086610 0.716004 0.716004 0.716004
2722.717285 0.000000 2096.276855 0.000000 0.719375 0.000000 0.694622 0.614115 0.614115 0.614115
2724.538330 0.000000 2096.449951 0.000000 0.931075 0.000000 -0.364829 0.741768 0.741768 0.741768
2723.969482 0.000000 2089.478271 0.000000 0.907911 0.000000 -0.419163 0.808241 0.808241 0.808241
2719.317139 0.000000 2088.411621 0.000000 0.453592 0.000000 -0.891209 0.903000 0.903000 0.903000
2726.967773 0.000000 2085.273193 0.000000 0.777411 0.000000 0.628993 0.612504 0.612504 0.612504
2720.072266 0.000000 2090.991211 0.000000 0.632294 0.000000 0.774729 0.536440 0.536440 0.536440
2724.523193 0.000000 2091.947754 0.000000 0.217608 0.000000 0.976036 0.325900 0.325900 0.325900
2722.548584 0.000000 2091.882568 0.000000 0.981031 0.000000 0.193852 0.651179 0.651179 0.651179
2726.538330 0.000000 2089.398438 0.000000 0.349417 0.000000 -0.936967 1.036014 1.036014 1.036014
2730.812500 0.000000 2091.657471 0.000000 0.675492 0.000000 0.737368 0.591033 0.591033 0.591033
2718.375732 0.000000 2094.712891 0.000000 0.569287 0.000000 -0.822139 0.834935 0.834935 0.834935
2720.584473 0.000000 2093.186279 0.000000 0.971757 0.000000 -0.235983 0.743964 0.743964 0.743964
2720.572998 0.000000 2094.845459 0.000000 0.954174 0.000000 0.299252 0.643915 0.643915 0.643915
2733.477051 0.000000 2091.905762 0.000000 0.969126 0.000000 -0.246565 0.745976 0.745976 0.745976
2725.103516 0.000000 2095.301025 0.000000 0.989447 0.000000 0.144895 0.663205 0.663205 0.663205
2727.773193 0.000000 2089.576416 0.000000 0.452777 0.000000 -0.891624 1.004753 1.004753 1.004753
2722.105469 0.000000 2088.961426 0.000000 0.760569 0.000000 0.649257 0.523169 0.523169 0.523169
2727.495117 0.000000 2094.611328 0.000000 0.553230 0.000000 0.833029 0.453610 0.453610 0.453610
2726.172119 0.000000 2091.590576 0.000000 0.995140 0.000000 -0.098470 0.727302 0.727302 0.727302
2726.615479 0.000000 2093.683350 0.000000 0.286769 0.000000 -0.958000 1.054310 1.054310 1.054310
2721.802490 0.000000 2095.367676 0.000000 0.719987 0.000000 0.693987 0.558452 0.558452 0.558452
2722.975342 0.000000 2086.983398 0.000000 0.036809 0.000000 0.999322 0.324694 0.324694 0.324694
2725.977295 0.000000 2087.823486 0.000000 0.789275 0.000000 0.614040 0.518826 0.518826 0.518826
2720.773438 0.000000 2089.956299 0.000000 0.405310 0.000000 -0.914179 0.912868 0.912868 0.912868
2718.064941 0.000000 2089.373047 0.000000 0.637024 0.000000 0.770844 0.537570 0.537570 0.537570
2721.888672 0.000000 2092.923584 0.000000 0.090727 0.000000 -0.995876 0.973116 0.973116 0.973116
2722.864502 0.000000 2094.270264 0.000000 0.931743 0.000000 0.363118 0.628823 0.628823 0.628823
2761.494873 0.000000 2078.792725 0.000000 0.759022 0.000000 -0.651065 0.714868 0.714868 0.714868
2785.377930 0.000000 2078.548096 0.000000 0.731698 0.000000 -0.681629 0.732504 0.732504 0.732504
2738.885010 0.000000 2093.061279 0.000000 0.497971 0.000000 0.867194 0.603157 0.603157 0.603157
2764.031006 0.000000 2076.210205 0.000000 0.735292 0.000000 0.677750 0.631285 0.631285 0.631285
2789.068848 0.000000 2061.470703 0.000000 0.770943 0.000000 0.636904 0.667179 0.667179 0.667179
2735.734375 0.000000 2083.471191 0.000000 0.075448 0.000000 0.997150 0.620561 0.620561 0.620561
2771.009521 0.000000 2081.591553 0.000000 0.282334 0.000000 0.959316 0.581470 0.581470 0.581470
2767.105469 0.000000 2083.284424 0.000000 0.484032 0.000000 0.875050 0.601680 0.601680 0.601680
2763.316406 0.000000 2080.244629 0.000000 0.215201 0.000000 -0.976570 0.824928 0.824928 0.824928
2781.620850 0.000000 2069.036621 0.000000 0.999940 0.000000 0.010948 0.699036 0.699036 0.699036
2795.735107 0.000000 2078.492188 0.000000 0.804793 0.000000 0.593555 0.652913 0.652913 0.652913
2763.625977 0.000000 2083.135254 0.000000 0.216119 0.000000 0.976367 0.597858 0.597858 0.597858
2771.982910 0.000000 2083.474854 0.000000 0.861601 0.000000 0.507587 0.650876 0.650876 0.650876
2737.431885 0.000000 2091.549805 0.000000 0.951039 0.000000 0.309072 0.676278 0.676278 0.676278
2766.194336 0.000000 2080.212402 0.000000 0.436562 0.000000 -0.899674 0.803255 0.803255 0.803255
2771.217773 0.000000 2077.575195 0.000000 0.999968 0.000000 0.007987 0.699263 0.699263 0.699263
2792.405029 0.000000 2070.983154 0.000000 0.333850 0.000000 0.942626 0.472934 0.472934 0.472934
2784.681885 0.000000 2075.195801 0.000000 0.979565 0.000000 -0.201127 0.718686 0.718686 0.718686
2772.395508 0.000000 2080.370850 0.000000 0.760941 0.000000 -0.648821 0.765147 0.765147 0.765147
2735.735352 0.000000 2086.585449 0.000000 0.563190 0.000000 0.826327 0.598023 0.598023 0.598023
2763.107666 0.000000 2077.937256 0.000000 0.354483 0.000000 -0.935062 0.811505 0.811505 0.811505
2800.701416 0.000000 2079.805908 0.000000 0.992569 0.000000 -0.121683 0.711256 0.711256 0.711256
2789.797852 0.000000 2073.402344 0.000000 0.946037 0.000000 -0.324058 0.730451 0.730451 0.730451
2792.334717 0.000000 2073.976562 0.000000 0.773821 0.000000 0.633405 0.573412 0.573412 0.573412
2765.401123 0.000000 2083.922607 0.000000 0.998294 0.000000 -0.058385 0.705390 0.705390 0.705390
2795.243652 0.000000 2074.263916 0.000000 0.208674 0.000000 0.977985 0.448912 0.448912 0.448912
2797.003174 0.000000 2079.599854 0.000000 0.225121 0.000000 0.974331 0.576011 0.576011 0.576011
2766.152344 0.000000 2077.658691 0.000000 0.058481 0.000000 0.998289 0.560458 0.560458 0.560458
2789.944580 0.000000 2062.849854 0.000000 0.989779 0.000000 0.142609 0.686796 0.686796 0.686796
2794.992188 0.000000 2066.873535 0.000000 0.958693 0.000000 -0.284444 0.753228 0.753228 0.753228
2788.800293 0.000000 2072.133545 0.000000 0.489224 0.000000 0.872158 0.602228 0.602228 0.602228
2735.704590 0.000000 2088.241455 0.000000 0.646355 0.000000 -0.763037 0.793441 0.793441 0.793441
2777.179443 0.000000 2072.615479 0.000000 0.354962 0.000000 0.934881 0.588542 0.588542 0.588542
2790.436768 0.000000 2065.329346 0.000000 0.848405 0.000000 0.529348 0.648528 0.648528 0.648528
2787.643555 0.000000 2069.299316 0.000000 0.006021 0.000000 -0.999982 0.844386 0.844386 0.844386
2786.486328 0.000000 2074.187744 0.000000 0.373502 0.000000 -0.927629 0.809621 0.809621 0.809621
2794.731934 0.000000 2068.746582 0.000000 0.967885 0.000000 0.251395 0.653103 0.653103 0.653103
2797.724365 0.000000 2068.055664 0.000000 0.639378 0.000000 -0.768892 0.861866 0.861866 0.861866
2794.793213 0.000000 2077.282959 0.000000 0.821441 0.000000 -0.570293 0.784843 0.784843 0.784843
2793.345215 0.000000 2066.322754 0.000000 0.993176 0.000000 -0.116625 0.716179 0.716179 0.716179
2792.107666 0.000000 2075.451172 0.000000 0.808472 0.000000 0.588535 0.583876 0.583876 0.583876
2794.843018 0.000000 2064.093018 0.000000 0.907208 0.000000 -0.420683 0.760097 0.760097 0.760097
2792.143555 0.000000 2067.703857 0.000000 0.999246 0.000000 -0.038836 0.705377 0.705377 0.705377
2797.940186 0.000000 2070.175781 0.000000 0.912429 0.000000 -0.409235 0.777807 0.777807 0.777807
2793.701172 0.000000 2071.630615 0.000000 0.978618 0.000000 0.205684 0.661769 0.661769 0.661769
2793.018555 0.000000 2069.077393 0.000000 0.616611 0.000000 0.787268 0.532735 0.532735 0.532735
2797.045166 0.000000 2071.630859 0.000000 0.700765 0.000000 0.713392 0.553411 0.553411 0.553411
2793.435791 0.000000 2076.959473 0.000000 0.208505 0.000000 0.978021 0.475514 0.475514 0.475514
2797.094238 0.000000 2069.186279 0.000000 0.592094 0.000000 0.805869 0.527055 0.527055 0.527055
2796.569336 0.000000 2074.083740 0.000000 0.525787 0.000000 -0.850616 0.842205 0.842205 0.842205
2792.669434 0.000000 2072.725830 0.000000 0.495129 0.000000 0.868820 0.505709 0.505709 0.505709
2795.268799 0.000000 2069.869385 0.000000 0.873829 0.000000 0.486233 0.606293 0.606293 0.606293
2793.937988 0.000000 2074.242676 0.000000 0.553423 0.000000 -0.832900 0.881653 0.881653 0.881653
2796.191406 0.000000 2066.781982 0.000000 0.894151 0.000000 0.447766 0.614322 0.614322 0.614322
2824.572021 0.000000 2072.538574 0.000000 0.924205 0.000000 0.381898 0.691235 0.691235 0.691235
2838.404785 0.000000 2088.330811 0.000000 0.861157 0.000000 -0.508339 0.711183 0.711183 0.711183
2839.179199 0.000000 2070.646484 0.000000 0.916653 0.000000 0.399683 0.692527 0.692527 0.692527
2863.819580 0.000000 2066.126221 0.000000 0.990933 0.000000 0.134360 0.696609 0.696609 0.696609
2859.016357 0.000000 2057.459473 0.000000 0.143979 0.000000 0.989581 0.650148 0.650148 0.650148
2856.252441 0.000000 2058.912354 0.000000 0.902885 0.000000 0.429882 0.684469 0.684469 0.684469
2828.958008 0.000000 2088.307861 0.000000 0.778988 0.000000 0.627039 0.669679 0.669679 0.669679
2827.928467 0.000000 2083.257080 0.000000 0.776010 0.000000 0.630720 0.637026 0.637026 0.637026
2836.096436 0.000000 2087.712646 0.000000 0.949163 0.000000 0.314784 0.670452 0.670452 0.670452
2826.719971 0.000000 2087.349854 0.000000 0.903769 0.000000 0.428020 0.672174 0.672174 0.672174
2863.639893 0.000000 2057.607910 0.000000 0.931542 0.000000 0.363635 0.677626 0.677626 0.677626
2856.685303 0.000000 2060.973145 0.000000 0.870345 0.000000 0.492442 0.630174 0.630174 0.630174
2831.854736 0.000000 2082.594238 0.000000 0.998914 0.000000 0.046599 0.695699 0.695699 0.695699
2830.662842 0.000000 2085.928711 0.000000 0.916296 0.000000 0.400501 0.661978 0.661978 0.661978
2837.616455 0.000000 2086.608154 0.000000 0.108797 0.000000 -0.994064 0.834882 0.834882 0.834882
2825.510986 0.000000 2077.822021 0.000000 0.987017 0.000000 -0.160614 0.714885 0.714885 0.714885
2826.097900 0.000000 2082.918701 0.000000 0.991388 0.000000 0.130954 0.687882 0.687882 0.687882
2827.046631 0.000000 2075.972168 0.000000 0.886047 0.000000 -0.463595 0.744480 0.744480 0.744480
2832.515381 0.000000 2080.874756 0.000000 0.015123 0.000000 -0.999886 0.843546 0.843546 0.843546
2829.566406 0.000000 2074.425781 0.000000 0.533205 0.000000 0.845986 0.606951 0.606951 0.606951
2837.393311 0.000000 2083.922607 0.000000 0.947396 0.000000 0.320064 0.669938 0.669938 0.669938
2833.913818 0.000000 2083.693604 0.000000 0.353586 0.000000 -0.935402 0.811594 0.811594 0.811594
2832.570557 0.000000 2077.346191 0.000000 0.238975 0.000000 -0.971026 0.822675 0.822675 0.822675
2826.312988 0.000000 2079.512207 0.000000 0.275600 0.000000 0.961272 0.580823 0.580823 0.580823
2825.190674 0.000000 2080.985840 0.000000 0.539396 0.000000 0.842053 0.607628 0.607628 0.607628
2809.967529 0.000000 2071.101562 0.000000 0.498229 0.000000 -0.867045 0.796816 0.796816 0.796816
2862.428955 0.000000 2065.329346 0.000000 0.021653 0.000000 0.999766 0.511575 0.511575 0.511575
2879.628418 0.000000 2022.269409 0.000000 0.702678 0.000000 0.711508 0.569401 0.569401 0.569401
2860.416260 0.000000 2062.998047 0.000000 0.421154 0.000000 0.906989 0.490342 0.490342 0.490342
2857.733643 0.000000 2061.960449 0.000000 0.979838 0.000000 0.199796 0.672722 0.672722 0.672722
2860.081543 0.000000 2060.439697 0.000000 0.861299 0.000000 -0.508098 0.798358 0.798358 0.798358
2859.889404 0.000000 2067.869141 0.000000 0.260802 0.000000 0.965392 0.482564 0.482564 0.482564
2863.291016 0.000000 2058.959961 0.000000 0.992920 0.000000 -0.118783 0.717312 0.717312 0.717312
2859.744385 0.000000 2061.786377 0.000000 0.686698 0.000000 0.726942 0.549807 0.549807 0.549807
2879.187500 0.000000 2023.512451 0.000000 0.216127 0.000000 -0.976365 0.923199 0.923199 0.923199
2858.571777 0.000000 2064.061768 0.000000 0.690184 0.000000 -0.723634 0.849307 0.849307 0.849307
2879.157715 0.000000 2019.375732 0.000000 0.992505 0.000000 0.122202 0.672596 0.672596 0.672596
2861.159180 0.000000 2065.584229 0.000000 0.184117 0.000000 -0.982904 0.949898 0.949898 0.949898
2878.564941 0.000000 2021.561890 0.000000 0.970738 0.000000 -0.240140 0.745432 0.745432 0.745432
2861.588623 0.000000 2060.365479 0.000000 0.805877 0.000000 0.592083 0.583065 0.583065 0.583065
3298.465332 0.000000 1916.987793 0.000000 0.441837 0.000000 0.897095 0.608181 0.608181 0.608181
3309.996338 0.000000 1905.972168 0.000000 0.306077 0.000000 0.952007 0.640120 0.640120 0.640120
3300.918701 0.000000 1913.752197 0.000000 0.173483 0.000000 0.984837 0.651192 0.651192 0.651192
3299.445801 0.000000 1912.740479 0.000000 0.474708 0.000000 -0.880144 0.787264 0.787264 0.787264
3381.413086 0.000000 1855.015381 0.000000 0.725863 0.000000 0.687840 0.693637 0.693637 0.693637
3380.014893 0.000000 1897.143921 0.000000 0.891072 0.000000 0.453861 0.698024 0.698024 0.698024
3373.619629 0.000000 1900.780518 0.000000 0.702451 0.000000 0.711732 0.677856 0.677856 0.677856
3316.489990 0.000000 1908.965698 0.000000 0.800899 0.000000 0.598799 0.690127 0.690127 0.690127
3381.592041 0.000000 1910.968262 0.000000 0.203021 0.000000 0.979174 0.654154 0.654154 0.654154
3375.065674 0.000000 1910.565308 0.000000 0.994911 0.000000 -0.100754 0.723423 0.723423 0.723423
3373.862793 0.000000 1905.314575 0.000000 0.892007 0.000000 -0.452021 0.715738 0.715738 0.715738
3383.591553 0.000000 1876.697510 0.000000 0.919363 0.000000 -0.393411 0.735613 0.735613 0.735613
3377.619629 0.000000 1885.476929 0.000000 0.352323 0.000000 0.935878 0.613672 0.613672 0.613672
3380.617188 0.000000 1880.222778 0.000000 0.574650 0.000000 -0.818399 0.895671 0.895671 0.895671
3381.939453 0.000000 1873.235840 0.000000 0.326221 0.000000 0.945293 0.670565 0.670565 0.670565
3377.445557 0.000000 1900.091553 0.000000 0.152314 0.000000 0.988332 0.590973 0.590973 0.590973
3315.127686 0.000000 1905.262939 0.000000 0.951911 0.000000 0.306376 0.676057 0.676057 0.676057
3376.887939 0.000000 1903.372559 0.000000 0.812364 0.000000 -0.583150 0.786173 0.786173 0.786173
3377.625000 0.000000 1879.044800 0.000000 0.914082 0.000000 -0.405529 0.718097 0.718097 0.718097
3378.689209 0.000000 1882.627319 0.000000 0.560203 0.000000 -0.828355 0.840569 0.840569 0.840569
3379.013672 0.000000 1915.295044 0.000000 0.825241 0.000000 -0.564780 0.736919 0.736919 0.736919
3383.391113 0.000000 1879.663696 0.000000 0.727008 0.000000 -0.686629 0.778301 0.778301 0.778301
3371.254883 0.000000 1905.737183 0.000000 0.216991 0.000000 -0.976174 0.764269 0.764269 0.764269
3368.144531 0.000000 1918.033936 0.000000 0.692216 0.000000 -0.721690 0.756359 0.756359 0.756359
3383.485596 0.000000 1882.186523 0.000000 0.936128 0.000000 -0.351659 0.765310 0.765310 0.765310
3373.109863 0.000000 1908.612183 0.000000 0.987789 0.000000 -0.155800 0.707655 0.707655 0.707655
3374.275146 0.000000 1871.268555 0.000000 0.334497 0.000000 -0.942397 0.808312 0.808312 0.808312
3371.862793 0.000000 1918.848145 0.000000 0.858865 0.000000 0.512202 0.657899 0.657899 0.657899
3374.264893 0.000000 1903.014160 0.000000 0.941506 0.000000 0.336995 0.662037 0.662037 0.662037
3375.751709 0.000000 1901.438110 0.000000 0.169431 0.000000 -0.985542 0.784196 0.784196 0.784196
3376.007080 0.000000 1905.396606 0.000000 0.533539 0.000000 -0.845776 0.790194 0.790194 0.790194
3378.627930 0.000000 1901.789673 0.000000 0.615623 0.000000 -0.788041 0.765983 0.765983 0.765983
3380.974609 0.000000 1882.294922 0.000000 0.572752 0.000000 0.819728 0.503856 0.503856 0.503856
3311.673828 0.000000 1913.822510 0.000000 0.997544 0.000000 0.070043 0.695394 0.695394 0.695394
3382.163818 0.000000 1853.132202 0.000000 0.800164 0.000000 0.599782 0.655036 0.655036 0.655036
3320.247559 0.000000 1898.032593 0.000000 0.908919 0.000000 0.416972 0.671136 0.671136 0.671136
3377.027832 0.000000 1910.908813 0.000000 0.988561 0.000000 0.150825 0.688570 0.688570 0.688570
3316.787109 0.000000 1910.929077 0.000000 0.808255 0.000000 0.588832 0.640144 0.640144 0.640144
3378.115234 0.000000 1880.842163 0.000000 0.989725 0.000000 0.142983 0.677534 0.677534 0.677534
3371.564941 0.000000 1856.351807 0.000000 0.558488 0.000000 0.829513 0.612471 0.612471 0.612471
3379.921143 0.000000 1883.970581 0.000000 0.672591 0.000000 0.740014 0.580034 0.580034 0.580034
3377.610107 0.000000 1904.942993 0.000000 0.993941 0.000000 0.109919 0.690145 0.690145 0.690145
3378.641846 0.000000 1903.381348 0.000000 0.895357 0.000000 -0.445348 0.760013 0.760013 0.760013
3370.511963 0.000000 1911.407837 0.000000 0.879851 0.000000 0.475249 0.627991 0.627991 0.627991
3333.274414 0.000000 1894.766602 0.000000 0.248244 0.000000 0.968698 0.528382 0.528382 0.528382
3382.940674 0.000000 1878.211426 0.000000 0.298588 0.000000 0.954382 0.568860 0.568860 0.568860
3379.735840 0.000000 1881.432861 0.000000 0.369310 0.000000 0.929306 0.513269 0.513269 0.513269
3382.923828 0.000000 1884.980713 0.000000 0.036329 0.000000 0.999340 0.509070 0.509070 0.509070
3382.347168 0.000000 1882.942749 0.000000 0.770561 0.000000 -0.637366 0.825602 0.825602 0.825602
3374.092773 0.000000 1913.374756 0.000000 0.603694 0.000000 0.797216 0.500057 0.500057 0.500057
3372.614746 0.000000 1912.277100 0.000000 0.888173 0.000000 -0.459510 0.800792 0.800792 0.800792
3375.370361 0.000000 1911.732178 0.000000 0.238754 0.000000 -0.971080 1.008599 1.008599 1.008599
3394.529541 0.000000 1897.594482 0.000000 0.558662 0.000000 -0.829396 0.728714 0.728714 0.728714
3397.132080 0.000000 1881.737183 0.000000 0.366410 0.000000 0.930454 0.608062 0.608062 0.608062
3396.951904 0.000000 1890.292603 0.000000 0.489039 0.000000 -0.872262 0.726670 0.726670 0.726670
3383.635010 0.000000 1853.538818 0.000000 0.455088 0.000000 -0.890446 0.776777 0.776777 0.776777
3383.658691 0.000000 1882.293457 0.000000 0.785951 0.000000 0.618288 0.578853 0.578853 0.578853
3396.447266 0.000000 1883.739746 0.000000 0.994552 0.000000 -0.104246 0.712265 0.712265 0.712265
3385.880371 0.000000 1877.781250 0.000000 0.152002 0.000000 -0.988380 0.894309 0.894309 0.894309
2932.649170 0.000000 2009.039673 0.000000 0.963597 0.000000 0.267358 0.698486 0.698486 0.698486
2892.305664 0.000000 1997.190918 0.000000 0.397440 0.000000 -0.917628 0.708123 0.708123 0.708123
2879.771484 0.000000 2005.678467 0.000000 0.959735 0.000000 0.280906 0.690048 0.690048 0.690048
2930.360352 0.000000 2011.578735 0.000000 0.990100 0.000000 0.140366 0.687596 0.687596 0.687596
2910.722168 0.000000 2004.917725 0.000000 0.977423 0.000000 -0.211290 0.705357 0.705357 0.705357
2880.710938 0.000000 2002.801758 0.000000 0.799828 0.000000 -0.600229 0.722501 0.722501 0.722501
2940.170410 0.000000 2007.041260 0.000000 0.123413 0.000000 -0.992355 0.744508 0.744508 0.744508
2930.131836 0.000000 2014.824585 0.000000 0.922590 0.000000 0.385782 0.663455 0.663455 0.663455
2891.730469 0.000000 2009.260010 0.000000 0.690281 0.000000 0.723541 0.573337 0.573337 0.573337
2932.679688 0.000000 2012.003418 0.000000 0.428904 0.000000 -0.903350 0.804039 0.804039 0.804039
2892.990723 0.000000 1999.784180 0.000000 0.229766 0.000000 -0.973246 0.816061 0.816061 0.816061
2911.404297 0.000000 2002.589722 0.000000 0.931787 0.000000 0.363006 0.672473 0.672473 0.672473
2904.458008 0.000000 1994.608154 0.000000 0.927093 0.000000 -0.374830 0.724172 0.724172 0.724172
2906.425293 0.000000 1995.464478 0.000000 0.942588 0.000000 -0.333959 0.721422 0.721422 0.721422
2894.727295 0.000000 1996.333130 0.000000 0.995072 0.000000 0.099155 0.691391 0.691391 0.691391
2909.016602 0.000000 2005.663940 0.000000 0.360002 0.000000 -0.932951 0.795829 0.795829 0.795829
2929.326904 0.000000 2013.168457 0.000000 0.609944 0.000000 -0.792445 0.780575 0.780575 0.780575
2893.215820 0.000000 2010.580200 0.000000 0.525171 0.000000 0.850997 0.606078 0.606078 0.606078
2939.484863 0.000000 2008.724854 0.000000 0.014391 0.000000 -0.999896 0.826206 0.826206 0.826206
2909.515137 0.000000 1996.508423 0.000000 0.200640 0.000000 -0.979665 0.818646 0.818646 0.818646
2931.262207 0.000000 2013.146729 0.000000 0.664046 0.000000 0.747692 0.622069 0.622069 0.622069
2933.662598 0.000000 2010.554688 0.000000 0.368574 0.000000 0.929598 0.589889 0.589889 0.589889
2894.793945 0.000000 2006.371094 0.000000 0.649120 0.000000 0.760686 0.540485 0.540485 0.540485
2901.072998 0.000000 1999.570435 0.000000 0.819178 0.000000 0.573540 0.587276 0.587276 0.587276
2893.154785 0.000000 2004.144043 0.000000 0.593632 0.000000 -0.804737 0.872592 0.872592 0.872592
2890.292725 0.000000 2008.243042 0.000000 0.990078 0.000000 -0.140521 0.722076 0.722076 0.722076
2898.808105 0.000000 2001.720215 0.000000 0.556459 0.000000 0.830875 0.587574 0.587574 0.587574
2893.567383 0.000000 2001.131226 0.000000 0.953434 0.000000 -0.301603 0.756540 0.756540 0.756540
2900.977051 0.000000 1996.811035 0.000000 0.955591 0.000000 0.294697 0.652323 0.652323 0.652323
2896.249023 0.000000 2006.110718 0.000000 0.938428 0.000000 0.345476 0.635889 0.635889 0.635889
2900.298096 0.000000 1998.225342 0.000000 0.715800 0.000000 0.698306 0.557342 0.557342 0.557342
2900.510010 0.000000 2004.136963 0.000000 0.349079 0.000000 -0.937093 0.866359 0.866359 0.866359
2901.349854 0.000000 2002.789062 0.000000 0.861780 0.000000 0.507282 0.601817 0.601817 0.601817
2888.148193 0.000000 2004.790039 0.000000 0.986046 0.000000 0.166475 0.675448 0.675448 0.675448
2900.619141 0.000000 2001.640381 0.000000 0.999496 0.000000 -0.031757 0.705862 0.705862 0.705862
2903.061035 0.000000 2005.446899 0.000000 0.156789 0.000000 0.987632 0.439172 0.439172 0.439172
2897.187500 0.000000 2007.338745 0.000000 0.831336 0.000000 0.555770 0.592897 0.592897 0.592897
2890.440918 0.000000 2009.784912 0.000000 0.870901 0.000000 -0.491459 0.780447 0.780447 0.780447
2892.156982 0.000000 2000.741821 0.000000 0.945609 0.000000 -0.325305 0.761146 0.761146 0.761146
2894.387939 0.000000 2003.546265 0.000000 0.771268 0.000000 -0.636511 0.827330 0.827330 0.827330
2894.828125 0.000000 2002.098877 0.000000 0.432293 0.000000 -0.901733 0.907385 0.907385 0.907385
2892.417725 0.000000 2003.061035 0.000000 0.705662 0.000000 0.708549 0.554682 0.554682 0.554682
2903.176270 0.000000 2000.885254 0.000000 0.478134 0.000000 -0.878287 0.897882 0.897882 0.897882
2988.011719 0.000000 2010.624756 0.000000 0.630428 0.000000 0.776248 0.680121 0.680121 0.680121
2989.165039 0.000000 2012.955688 0.000000 0.005203 0.000000 -0.999986 0.802874 0.802874 0.802874
2976.212891 0.000000 2010.120605 0.000000 0.205270 0.000000 -0.978705 0.801073 0.801073 0.801073
2973.311768 0.000000 2009.130249 0.000000 0.858249 0.000000 -0.513234 0.744456 0.744456 0.744456
2968.419678 0.000000 2015.466064 0.000000 0.966230 0.000000 -0.257683 0.730971 0.730971 0.730971
2956.090332 0.000000 2010.489868 0.000000 0.982307 0.000000 0.187280 0.682617 0.682617 0.682617
2968.396729 0.000000 2010.845947 0.000000 0.692196 0.000000 0.721710 0.589533 0.589533 0.589533
2956.078369 0.000000 2015.193604 0.000000 0.748667 0.000000 0.662947 0.633126 0.633126 0.633126
2966.786133 0.000000 2006.371094 0.000000 0.317642 0.000000 -0.948211 0.832556 0.832556 0.832556
2962.284912 0.000000 2008.243042 0.000000 0.998056 0.000000 -0.062319 0.711508 0.711508 0.711508
2966.678711 0.000000 2013.194702 0.000000 0.735250 0.000000 -0.677796 0.837442 0.837442 0.837442
2965.107178 0.000000 2009.011719 0.000000 0.301657 0.000000 0.953417 0.466668 0.466668 0.466668
2962.458984 0.000000 2012.358154 0.000000 0.047464 0.000000 -0.998873 0.981120 0.981120 0.981120
2964.149414 0.000000 2007.968994 0.000000 0.903904 0.000000 0.427736 0.640061 0.640061 0.640061
2965.628906 0.000000 2014.195312 0.000000 0.969393 0.000000 0.245514 0.654224 0.654224 0.654224
2960.968994 0.000000 2014.019165 0.000000 0.568318 0.000000 -0.822809 0.878332 0.878332 0.878332
2962.433105 0.000000 2009.784912 0.000000 0.102744 0.000000 -0.994708 0.970888 0.970888 0.970888
2960.540283 0.000000 2011.255249 0.000000 0.735378 0.000000 -0.677657 0.837407 0.837407 0.837407
2965.801025 0.000000 2011.731689 0.000000 0.701171 0.000000 0.712993 0.553516 0.553516 0.553516
2967.960693 0.000000 2012.368408 0.000000 0.849369 0.000000 -0.527799 0.802608 0.802608 0.802608
2963.285645 0.000000 2015.183716 0.000000 0.976387 0.000000 0.216027 0.659817 0.659817 0.659817
2940.550293 0.000000 2020.423462 0.000000 0.380159 0.000000 0.924921 0.640568 0.640568 0.640568
2886.328613 0.000000 2015.804443 0.000000 0.971551 0.000000 -0.236832 0.730754 0.730754 0.730754
2929.556641 0.000000 2015.768188 0.000000 0.745709 0.000000 -0.666272 0.767285 0.767285 0.767285
2948.280762 0.000000 2018.345337 0.000000 0.030966 0.000000 0.999520 0.622500 0.622500 0.622500
2886.583496 0.000000 2017.989380 0.000000 0.761556 0.000000 -0.648099 0.878422 0.878422 0.878422
2888.067871 0.000000 2016.924316 0.000000 0.357963 0.000000 -0.933736 0.917270 0.917270 0.917270
2889.625977 0.000000 2029.516235 0.000000 0.436581 0.000000 0.899665 0.570152 0.570152 0.570152
2887.048584 0.000000 2027.401123 0.000000 0.999012 0.000000 0.044439 0.688067 0.688067 0.688067
2939.409424 0.000000 2019.036743 0.000000 0.929141 0.000000 -0.369726 0.734945 0.734945 0.734945
2936.817627 0.000000 2020.706543 0.000000 0.343480 0.000000 0.939160 0.589117 0.589117 0.589117
2933.484619 0.000000 2020.516113 0.000000 0.980123 0.000000 0.198389 0.681572 0.681572 0.681572
2929.469482 0.000000 2017.540649 0.000000 0.774238 0.000000 0.632894 0.636767 0.636767 0.636767
2933.672852 0.000000 2017.404907 0.000000 0.999447 0.000000 -0.033265 0.703070 0.703070 0.703070
2888.938721 0.000000 2026.358887 0.000000 0.408426 0.000000 -0.912791 0.915455 0.915455 0.915455
2881.218018 0.000000 2020.385620 0.000000 0.858459 0.000000 0.512882 0.563723 0.563723 0.563723
2887.875000 0.000000 2029.305542 0.000000 0.983545 0.000000 0.180661 0.676381 0.676381 0.676381
2884.099365 0.000000 2024.699951 0.000000 0.189182 0.000000 -0.981942 0.977918 0.977918 0.977918
2886.960938 0.000000 2024.117310 0.000000 0.226740 0.000000 0.973955 0.429813 0.429813 0.429813
2883.890869 0.000000 2020.610107 0.000000 0.424748 0.000000 0.905312 0.386611 0.386611 0.386611
2886.349609 0.000000 2021.647827 0.000000 0.966650 0.000000 0.256100 0.628308 0.628308 0.628308
2888.922119 0.000000 2022.645874 0.000000 0.270812 0.000000 -0.962632 0.962838 0.962838 0.962838
2884.478760 0.000000 2023.005249 0.000000 0.161088 0.000000 -0.986940 1.015181 1.015181 1.015181
2887.695557 0.000000 2021.403076 0.000000 0.447168 0.000000 0.894450 0.393508 0.393508 0.393508
2889.534912 0.000000 2019.676392 0.000000 0.754970 0.000000 -0.655760 0.897976 0.897976 0.897976
2885.481445 0.000000 2020.486084 0.000000 0.911928 0.000000 -0.410350 0.817049 0.817049 0.817049
2888.183105 0.000000 2019.917358 0.000000 0.119182 0.000000 -0.992872 1.101753 1.101753 1.101753
2883.573486 0.000000 2022.038086 0.000000 0.023063 0.000000 0.999734 0.353787 0.353787 0.353787
2884.259766 0.000000 2026.997681 0.000000 0.999984 0.000000 -0.005714 0.701462 0.701462 0.701462
2885.870850 0.000000 2022.882935 0.000000 0.679959 0.000000 0.733250 0.515882 0.515882 0.515882
2882.325684 0.000000 2022.560059 0.000000 0.897703 0.000000 -0.440600 0.802063 0.802063 0.802063
2885.896729 0.000000 2019.141846 0.000000 0.532547 0.000000 -0.846400 0.905994 0.905994 0.905994
2889.307373 0.000000 2017.418335 0.000000 0.220713 0.000000 -0.975339 0.943158 0.943158 0.943158
2886.217285 0.000000 2026.404907 0.000000 0.926126 0.000000 -0.377214 0.803825 0.803825 0.803825
2880.789307 0.000000 2021.551270 0.000000 0.838501 0.000000 0.544900 0.554175 0.554175 0.554175
2887.398438 0.000000 2018.930786 0.000000 0.991623 0.000000 -0.129168 0.735856 0.735856 0.735856
2880.833252 0.000000 2024.000854 0.000000 0.740200 0.000000 -0.672387 0.834027 0.834027 0.834027
2880.635498 0.000000 2019.274170 0.000000 0.221984 0.000000 -0.975050 0.993767 0.993767 0.993767
2882.280518 0.000000 2027.317261 0.000000 0.140814 0.000000 -0.990036 0.939827 0.939827 0.939827
2886.268066 0.000000 2025.213745 0.000000 0.943121 0.000000 -0.332449 0.768228 0.768228 0.768228
2889.814453 0.000000 2021.869873 0.000000 0.481156 0.000000 -0.876635 0.964489 0.964489 0.964489
2983.028809 0.000000 2021.327637 0.000000 0.955922 0.000000 -0.293622 0.717916 0.717916 0.717916
2962.842529 0.000000 2019.789551 0.000000 0.913379 0.000000 -0.407111 0.720517 0.720517 0.720517
2969.645508 0.000000 2018.093262 0.000000 0.751293 0.000000 0.659968 0.652638 0.652638 0.652638
2967.764160 0.000000 2019.294556 0.000000 0.524342 0.000000 -0.851508 0.766948 0.766948 0.766948
2979.115479 0.000000 2019.078735 0.000000 0.062484 0.000000 0.998046 0.560828 0.560828 0.560828
2960.060059 0.000000 2016.924316 0.000000 0.903822 0.000000 -0.427909 0.763056 0.763056 0.763056
2973.625000 0.000000 2016.245361 0.000000 0.755129 0.000000 0.655576 0.637029 0.637029 0.637029
2982.582520 0.000000 2019.656494 0.000000 0.910130 0.000000 0.414324 0.660581 0.660581 0.660581
2956.918457 0.000000 2017.503052 0.000000 0.919680 0.000000 0.392669 0.662765 0.662765 0.662765
2985.548584 0.000000 2017.907959 0.000000 0.593893 0.000000 0.804544 0.613734 0.613734 0.613734
2964.084229 0.000000 2017.759155 0.000000 0.608333 0.000000 -0.793682 0.835871 0.835871 0.835871
2968.237305 0.000000 2015.708984 0.000000 0.250957 0.000000 0.967998 0.543478 0.543478 0.543478
2961.299561 0.000000 2017.418335 0.000000 0.181576 0.000000 -0.983377 0.897962 0.897962 0.897962
2962.566162 0.000000 2016.382690 0.000000 0.099237 0.000000 -0.995064 0.940682 0.940682 0.940682
3094.652588 0.000000 1936.779663 0.000000 0.884943 0.000000 -0.465700 0.779239 0.779239 0.779239
3087.015381 0.000000 1969.617432 0.000000 0.843697 0.000000 -0.536820 0.716637 0.716637 0.716637
3089.656250 0.000000 1975.029175 0.000000 0.681499 0.000000 0.731819 0.673601 0.673601 0.673601
3094.149414 0.000000 1943.350220 0.000000 0.007381 0.000000 -0.999973 0.776502 0.776502 0.776502
3092.160645 0.000000 1940.896606 0.000000 0.958513 0.000000 0.285050 0.685856 0.685856 0.685856
3088.921875 0.000000 1971.496094 0.000000 0.938062 0.000000 0.346468 0.645095 0.645095 0.645095
3093.409668 0.000000 1973.836426 0.000000 0.270959 0.000000 0.962591 0.536878 0.536878 0.536878
3092.791016 0.000000 1938.492554 0.000000 0.754235 0.000000 -0.656605 0.751074 0.751074 0.751074
3093.007080 0.000000 1935.264282 0.000000 0.547864 0.000000 0.836567 0.582235 0.582235 0.582235
3093.873291 0.000000 1971.395264 0.000000 0.972681 0.000000 -0.232146 0.729479 0.729479 0.729479
3092.236816 0.000000 1970.165039 0.000000 0.499141 0.000000 0.866521 0.568110 0.568110 0.568110
3088.523926 0.000000 1968.520752 0.000000 0.088919 0.000000 -0.996039 0.892659 0.892659 0.892659
3094.894043 0.000000 1934.903198 0.000000 0.158619 0.000000 -0.987340 0.873657 0.873657 0.873657
3094.568115 0.000000 1938.630371 0.000000 0.996851 0.000000 -0.079300 0.707325 0.707325 0.707325
3091.904785 0.000000 1968.632935 0.000000 0.887979 0.000000 -0.459884 0.766809 0.766809 0.766809
3090.293457 0.000000 1970.821899 0.000000 0.754923 0.000000 -0.655814 0.817998 0.817998 0.817998
3092.836670 0.000000 1972.466064 0.000000 0.998582 0.000000 -0.053227 0.706701 0.706701 0.706701
3088.995361 0.000000 1969.999634 0.000000 0.974773 0.000000 -0.223200 0.729267 0.729267 0.729267
3088.318359 0.000000 1972.847412 0.000000 0.489085 0.000000 0.872236 0.537023 0.537023 0.537023
3091.739014 0.000000 1973.307861 0.000000 0.666490 0.000000 0.745514 0.561208 0.561208 0.561208
3093.765381 0.000000 1937.670044 0.000000 0.198259 0.000000 0.980150 0.489125 0.489125 0.489125
3142.791016 0.000000 2003.430664 0.000000 0.770808 0.000000 -0.637067 0.708691 0.708691 0.708691
3100.721436 0.000000 1942.297241 0.000000 0.049255 0.000000 -0.998786 0.755307 0.755307 0.755307
3165.615479 0.000000 2006.952637 0.000000 0.214885 0.000000 -0.976639 0.804131 0.804131 0.804131
3112.249512 0.000000 1986.428467 0.000000 0.175794 0.000000 -0.984427 0.744828 0.744828 0.744828
3116.273193 0.000000 1989.625977 0.000000 0.499047 0.000000 -0.866575 0.741036 0.741036 0.741036
3112.739014 0.000000 1996.687866 0.000000 0.325963 0.000000 0.945383 0.680949 0.680949 0.680949
3102.944092 0.000000 1984.330444 0.000000 0.996254 0.000000 0.086480 0.692858 0.692858 0.692858
3099.225830 0.000000 1945.357178 0.000000 0.686724 0.000000 0.726918 0.644249 0.644249 0.644249
3096.090576 0.000000 1934.887329 0.000000 0.978246 0.000000 -0.207450 0.708765 0.708765 0.708765
3166.399170 0.000000 2010.007812 0.000000 0.835602 0.000000 0.549336 0.682925 0.682925 0.682925
3110.828857 0.000000 1989.240601 0.000000 0.047521 0.000000 0.998870 0.619075 0.619075 0.619075
3104.670166 0.000000 1986.638184 0.000000 0.856411 0.000000 0.516294 0.672695 0.672695 0.672695
3104.390137 0.000000 1981.810181 0.000000 0.487538 0.000000 -0.873102 0.806854 0.806854 0.806854
3107.760010 0.000000 1981.881104 0.000000 0.523645 0.000000 -0.851936 0.774130 0.774130 0.774130
3095.994385 0.000000 1937.750610 0.000000 0.382594 0.000000 -0.923917 0.892722 0.892722 0.892722
3113.634521 0.000000 1988.748779 0.000000 0.999830 0.000000 -0.018426 0.701520 0.701520 0.701520
3109.684570 0.000000 1983.719849 0.000000 0.281086 0.000000 -0.959683 0.806066 0.806066 0.806066
3164.989990 0.000000 2004.410400 0.000000 0.993271 0.000000 -0.115815 0.706167 0.706167 0.706167
3116.926758 0.000000 1992.323364 0.000000 0.211361 0.000000 0.977408 0.439928 0.439928 0.439928
3144.699707 0.000000 2001.892090 0.000000 0.826536 0.000000 0.562884 0.641490 0.641490 0.641490
3106.901123 0.000000 1987.383179 0.000000 0.040955 0.000000 -0.999161 0.781275 0.781275 0.781275
3114.688721 0.000000 1991.365479 0.000000 0.211415 0.000000 -0.977396 0.933486 0.933486 0.933486
3164.401855 0.000000 2009.091064 0.000000 0.130055 0.000000 0.991507 0.589244 0.589244 0.589244
3120.434570 0.000000 1994.608154 0.000000 0.858713 0.000000 -0.512456 0.739115 0.739115 0.739115
3102.863525 0.000000 1980.651611 0.000000 0.443316 0.000000 0.896365 0.623856 0.623856 0.623856
3116.600830 0.000000 1995.387939 0.000000 0.008341 0.000000 0.999965 0.442239 0.442239 0.442239
3112.531738 0.000000 1990.226562 0.000000 0.639767 0.000000 0.768569 0.582347 0.582347 0.582347
3098.885742 0.000000 1943.556763 0.000000 0.730304 0.000000 0.683123 0.637968 0.637968 0.637968
3166.968750 0.000000 2008.243652 0.000000 0.145703 0.000000 -0.989328 0.817507 0.817507 0.817507
3108.099365 0.000000 1984.582275 0.000000 0.918180 0.000000 0.396163 0.666401 0.666401 0.666401
3097.129150 0.000000 1936.380737 0.000000 0.999405 0.000000 -0.034485 0.702845 0.702845 0.702845
3106.080811 0.000000 1982.569824 0.000000 0.944537 0.000000 0.328406 0.655558 0.655558 0.655558
3114.001953 0.000000 1992.914551 0.000000 0.922041 0.000000 -0.387091 0.766128 0.766128 0.766128
3148.634521 0.000000 2002.004028 0.000000 0.873714 0.000000 -0.486440 0.756108 0.756108 0.756108
3145.905029 0.000000 2000.133667 0.000000 0.532289 0.000000 -0.846563 0.798794 0.798794 0.798794
3106.121826 0.000000 1985.888672 0.000000 0.356890 0.000000 -0.934146 0.860158 0.860158 0.860158
3146.040771 0.000000 2002.848511 0.000000 0.477971 0.000000 -0.878376 0.830444 0.830444 0.830444
3118.406738 0.000000 1993.027832 0.000000 0.370040 0.000000 -0.929016 0.833291 0.833291 0.833291
3104.327393 0.000000 1985.119019 0.000000 0.942455 0.000000 -0.334334 0.756239 0.756239 0.756239
3116.839111 0.000000 1993.837891 0.000000 0.994753 0.000000 0.102308 0.680370 0.680370 0.680370
3096.757812 0.000000 1941.798950 0.000000 0.798779 0.000000 0.601624 0.599823 0.599823 0.599823
3115.492920 0.000000 1992.641602 0.000000 0.879239 0.000000 0.476381 0.617392 0.617392 0.617392
3097.729980 0.000000 1940.400269 0.000000 0.797924 0.000000 -0.602758 0.800398 0.800398 0.800398
3148.899414 0.000000 2000.002197 0.000000 0.298658 0.000000 -0.954360 0.878978 0.878978 0.878978
3107.429443 0.000000 1983.336670 0.000000 0.989639 0.000000 -0.143580 0.719136 0.719136 0.719136
3095.686768 0.000000 1936.214478 0.000000 0.970785 0.000000 -0.239952 0.739637 0.739637 0.739637
3117.877930 0.000000 1995.948608 0.000000 0.740060 0.000000 0.672541 0.578311 0.578311 0.578311
3034.384277 0.000000 2025.711426 0.000000 0.319812 0.000000 -0.947481 0.794012 0.794012 0.794012
3037.257812 0.000000 2031.978882 0.000000 0.930694 0.000000 0.365798 0.686911 0.686911 0.686911
3039.042969 0.000000 2027.901733 0.000000 0.488820 0.000000 -0.872385 0.782994 0.782994 0.782994
3060.140625 0.000000 2024.927734 0.000000 0.645383 0.000000 0.763859 0.678125 0.678125 0.678125
3035.321533 0.000000 2029.060547 0.000000 0.974140 0.000000 -0.225944 0.710196 0.710196 0.710196
3039.797852 0.000000 2030.598145 0.000000 0.990041 0.000000 -0.140779 0.704937 0.704937 0.704937
3055.020996 0.000000 2021.327637 0.000000 0.843191 0.000000 0.537615 0.660322 0.660322 0.660322
3047.282471 0.000000 2023.533203 0.000000 0.821172 0.000000 -0.570681 0.739907 0.739907 0.739907
3069.480957 0.000000 2041.656616 0.000000 0.799255 0.000000 -0.600992 0.726140 0.726140 0.726140
3060.002686 0.000000 2037.989136 0.000000 0.491994 0.000000 -0.870598 0.797478 0.797478 0.797478
3065.196289 0.000000 2039.111816 0.000000 0.180115 0.000000 0.983646 0.571770 0.571770 0.571770
3043.762939 0.000000 2029.489990 0.000000 0.499218 0.000000 0.866476 0.515370 0.515370 0.515370
3086.792480 0.000000 2044.103882 0.000000 0.182776 0.000000 0.983155 0.641827 0.641827 0.641827
3091.655518 0.000000 2045.395264 0.000000 0.869353 0.000000 0.494191 0.678320 0.678320 0.678320
3036.523682 0.000000 2026.948120 0.000000 0.999999 0.000000 0.001015 0.699908 0.699908 0.699908
3037.550293 0.000000 2029.618042 0.000000 0.950470 0.000000 0.310816 0.670837 0.670837 0.670837
3041.218262 0.000000 2028.898804 0.000000 0.851250 0.000000 0.524760 0.607319 0.607319 0.607319
3044.469238 0.000000 2031.724243 0.000000 0.072488 0.000000 0.997369 0.591078 0.591078 0.591078
3061.816162 0.000000 2037.293823 0.000000 0.760279 0.000000 0.649597 0.634758 0.634758 0.634758
3063.971191 0.000000 2037.647461 0.000000 0.774163 0.000000 -0.632987 0.763244 0.763244 0.763244
3035.622070 0.000000 2024.302612 0.000000 0.274860 0.000000 0.961484 0.602433 0.602433 0.602433
3034.382080 0.000000 2027.527466 0.000000 0.981737 0.000000 0.190245 0.682338 0.682338 0.682338
3064.961914 0.000000 2031.215210 0.000000 0.278509 0.000000 -0.960434 0.818898 0.818898 0.818898
3063.123291 0.000000 2034.118530 0.000000 0.080888 0.000000 0.996723 0.562531 0.562531 0.562531
3061.145020 0.000000 2039.394287 0.000000 0.170246 0.000000 -0.985402 0.829155 0.829155 0.829155
3052.887695 0.000000 2026.123291 0.000000 0.809792 0.000000 -0.586717 0.815709 0.815709 0.815709
3091.092529 0.000000 2041.514771 0.000000 0.737118 0.000000 -0.675764 0.818260 0.818260 0.818260
3055.828613 0.000000 2022.676270 0.000000 0.388328 0.000000 0.921521 0.483717 0.483717 0.483717
3089.539795 0.000000 2039.547729 0.000000 0.967667 0.000000 0.252231 0.667560 0.667560 0.667560
3060.985840 0.000000 2030.253540 0.000000 0.227659 0.000000 0.973741 0.553752 0.553752 0.553752
3053.644531 0.000000 2028.986206 0.000000 0.027185 0.000000 -0.999630 0.984865 0.984865 0.984865
3059.317383 0.000000 2028.581055 0.000000 0.112379 0.000000 0.993665 0.512446 0.512446 0.512446
3090.707520 0.000000 2036.358643 0.000000 0.160215 0.000000 -0.987082 0.960187 0.960187 0.960187
3042.348877 0.000000 2029.912476 0.000000 0.658975 0.000000 -0.752165 0.849969 0.849969 0.849969
3061.351807 0.000000 2031.721191 0.000000 0.656600 0.000000 0.754239 0.606818 0.606818 0.606818
3051.130859 0.000000 2024.247070 0.000000 0.821777 0.000000 -0.569809 0.861894 0.861894 0.861894
3045.722900 0.000000 2028.875610 0.000000 0.933221 0.000000 -0.359304 0.744702 0.744702 0.744702
3050.780273 0.000000 2029.842773 0.000000 0.949308 0.000000 -0.314348 0.779577 0.779577 0.779577
3052.284668 0.000000 2032.951538 0.000000 0.268781 0.000000 0.963201 0.551119 0.551119 0.551119
3052.233887 0.000000 2023.135864 0.000000 0.963758 0.000000 -0.266779 0.749836 0.749836 0.749836
3088.753662 0.000000 2037.786255 0.000000 0.095423 0.000000 -0.995437 0.887684 0.887684 0.887684
3053.911621 0.000000 2024.839722 0.000000 0.436950 0.000000 0.899486 0.493570 0.493570 0.493570
3057.630615 0.000000 2030.916138 0.000000 0.764376 0.000000 -0.644771 0.813640 0.813640 0.813640
3043.768799 0.000000 2026.481079 0.000000 0.986047 0.000000 0.166466 0.672643 0.672643 0.672643
3053.874268 0.000000 2022.080566 0.000000 0.584682 0.000000 0.811262 0.525364 0.525364 0.525364
3049.484375 0.000000 2030.759399 0.000000 0.799548 0.000000 0.600603 0.579305 0.579305 0.579305
3092.085693 0.000000 2042.441162 0.000000 0.966188 0.000000 0.257837 0.663176 0.663176 0.663176
3047.789551 0.000000 2027.236084 0.000000 0.941013 0.000000 0.338370 0.647880 0.647880 0.647880
3049.395264 0.000000 2023.184570 0.000000 0.836006 0.000000 -0.548720 0.808002 0.808002 0.808002
3042.495850 0.000000 2028.625122 0.000000 0.060120 0.000000 -0.998191 0.966109 0.966109 0.966109
3052.129150 0.000000 2031.218628 0.000000 0.570929 0.000000 0.820999 0.522254 0.522254 0.522254
3048.709961 0.000000 2028.173584 0.000000 0.517520 0.000000 -0.855671 0.955537 0.955537 0.955537
3048.312988 0.000000 2024.280640 0.000000 0.075009 0.000000 -0.997183 1.076400 1.076400 1.076400
3092.965576 0.000000 2039.916992 0.000000 0.946585 0.000000 -0.322456 0.760590 0.760590 0.760590
3049.859619 0.000000 2025.725708 0.000000 0.587467 0.000000 0.809248 0.462724 0.462724 0.462724
3091.476074 0.000000 2037.933594 0.000000 0.919663 0.000000 -0.392709 0.774478 0.774478 0.774478
3053.289795 0.000000 2030.539185 0.000000 0.996435 0.000000 -0.084368 0.715588 0.715588 0.715588
3095.119629 0.000000 2040.110474 0.000000 0.994929 0.000000 -0.100584 0.717608 0.717608 0.717608
3051.527832 0.000000 2028.789917 0.000000 0.898750 0.000000 0.438462 0.587048 0.587048 0.587048
3056.399658 0.000000 2025.809082 0.000000 0.715842 0.000000 -0.698262 0.842647 0.842647 0.842647
3042.412109 0.000000 2026.145142 0.000000 0.908180 0.000000 0.418580 0.629355 0.629355 0.629355
3056.249756 0.000000 2028.272217 0.000000 0.577915 0.000000 0.816097 0.523829 0.523829 0.523829
3058.718262 0.000000 2031.359985 0.000000 0.792974 0.000000 0.609255 0.583680 0.583680 0.583680
3043.637451 0.000000 2028.290649 0.000000 0.365891 0.000000 0.930658 0.489280 0.489280 0.489280
3055.369385 0.000000 2024.183838 0.000000 0.908563 0.000000 0.417747 0.620468 0.620468 0.620468
3096.090576 0.000000 2030.871704 0.000000 0.236383 0.000000 -0.971660 0.754011 0.754011 0.754011
3112.762939 0.000000 2037.107056 0.000000 0.144017 0.000000 0.989575 0.592322 0.592322 0.592322
3113.863037 0.000000 2043.353149 0.000000 0.374276 0.000000 0.927317 0.610373 0.610373 0.610373
3104.492920 0.000000 2045.124268 0.000000 0.852689 0.000000 0.522419 0.602401 0.602401 0.602401
3106.012695 0.000000 2044.187988 0.000000 0.973154 0.000000 0.230155 0.658765 0.658765 0.658765
3099.031738 0.000000 2034.088867 0.000000 0.993898 0.000000 0.110302 0.689647 0.689647 0.689647
3103.073242 0.000000 2043.589233 0.000000 0.954647 0.000000 -0.297739 0.755792 0.755792 0.755792
3100.699707 0.000000 2041.612671 0.000000 0.981656 0.000000 -0.190660 0.734597 0.734597 0.734597
3100.157471 0.000000 2036.916870 0.000000 0.930816 0.000000 0.365488 0.624674 0.624674 0.624674
3108.092529 0.000000 2035.740234 0.000000 0.166481 0.000000 0.986045 0.454720 0.454720 0.454720
3109.775879 0.000000 2037.755737 0.000000 0.563318 0.000000 -0.826240 0.879451 0.879451 0.879451
3104.441162 0.000000 2038.471924 0.000000 0.916870 0.000000 0.399186 0.624220 0.624220 0.624220
3103.001465 0.000000 2036.322510 0.000000 0.997986 0.000000 0.063436 0.686688 0.686688 0.686688
3105.664062 0.000000 2037.320190 0.000000 0.368797 0.000000 -0.929510 0.920177 0.920177 0.920177
3109.712646 0.000000 2035.008911 0.000000 0.380694 0.000000 0.924701 0.493741 0.493741 0.493741
3111.985840 0.000000 2039.722534 0.000000 0.170594 0.000000 0.985341 0.457406 0.457406 0.457406
3110.602783 0.000000 2040.533203 0.000000 0.940231 0.000000 -0.340537 0.760240 0.760240 0.760240
3102.459717 0.000000 2039.398071 0.000000 0.708245 0.000000 0.705966 0.535632 0.535632 0.535632
3107.157959 0.000000 2044.857910 0.000000 0.717336 0.000000 -0.696728 0.836864 0.836864 0.836864
3108.381104 0.000000 2042.862915 0.000000 0.118757 0.000000 0.992923 0.434115 0.434115 0.434115
3107.947021 0.000000 2037.004150 0.000000 0.280032 0.000000 -0.959991 0.937503 0.937503 0.937503
3106.064941 0.000000 2039.975586 0.000000 0.915730 0.000000 -0.401795 0.776305 0.776305 0.776305
3111.294678 0.000000 2037.579590 0.000000 0.104126 0.000000 -0.994564 0.954230 0.954230 0.954230
3104.132812 0.000000 2035.776123 0.000000 0.427318 0.000000 0.904101 0.491599 0.491599 0.491599
3105.253906 0.000000 2036.178467 0.000000 0.833566 0.000000 -0.552420 0.808008 0.808008 0.808008
3105.619385 0.000000 2042.508301 0.000000 0.730375 0.000000 -0.683046 0.838764 0.838764 0.838764
3109.355957 0.000000 2045.005981 0.000000 0.846555 0.000000 -0.532300 0.794171 0.794171 0.794171
3110.962158 0.000000 2043.640381 0.000000 0.923025 0.000000 -0.384741 0.766256 0.766256 0.766256
3107.326660 0.000000 2039.028809 0.000000 0.910619 0.000000 0.413247 0.621381 0.621381 0.621381
3095.889404 0.000000 2038.633789 0.000000 0.420791 0.000000 0.907157 0.501391 0.501391 0.501391
3104.118408 0.000000 2034.202637 0.000000 0.388321 0.000000 0.921524 0.483716 0.483716 0.483716
3104.915771 0.000000 2039.945068 0.000000 0.703730 0.000000 -0.710467 0.845820 0.845820 0.845820
3214.808105 0.000000 1979.103027 0.000000 0.953906 0.000000 0.300107 0.695739 0.695739 0.695739
3169.345459 0.000000 2011.100342 0.000000 0.998753 0.000000 0.049926 0.698534 0.698534 0.698534
3177.184814 0.000000 2009.352417 0.000000 0.560068 0.000000 0.828446 0.672701 0.672701 0.672701
3167.740234 0.000000 2005.678467 0.000000 0.409567 0.000000 0.912280 0.634149 0.634149 0.634149
3217.549316 0.000000 1995.160278 0.000000 0.496155 0.000000 0.868234 0.629428 0.629428 0.629428
3182.975342 0.000000 2000.842896 0.000000 0.030655 0.000000 -0.999530 0.721532 0.721532 0.721532
3173.365234 0.000000 2012.032349 0.000000 0.230790 0.000000 -0.973004 0.769208 0.769208 0.769208
3178.876221 0.000000 2000.455933 0.000000 0.987603 0.000000 0.156972 0.694050 0.694050 0.694050
3171.982910 0.000000 2008.758423 0.000000 0.566986 0.000000 -0.823728 0.759544 0.759544 0.759544
3225.572266 0.000000 1982.318970 0.000000 0.287731 0.000000 -0.957711 0.753641 0.753641 0.753641
3217.132568 0.000000 1992.316772 0.000000 0.965818 0.000000 -0.259221 0.711731 0.711731 0.711731
3169.033936 0.000000 2008.215698 0.000000 0.922205 0.000000 -0.386701 0.732751 0.732751 0.732751
3218.338379 0.000000 1979.956299 0.000000 0.830877 0.000000 -0.556457 0.724751 0.724751 0.724751
3174.699951 0.000000 2008.100098 0.000000 0.845221 0.000000 -0.534417 0.746507 0.746507 0.746507
3177.087402 0.000000 1998.394287 0.000000 0.240228 0.000000 -0.970717 0.772419 0.772419 0.772419
3175.322754 0.000000 2010.740967 0.000000 0.860623 0.000000 -0.509243 0.744073 0.744073 0.744073
3215.776611 0.000000 1981.136841 0.000000 0.977436 0.000000 0.211233 0.684527 0.684527 0.684527
3171.271729 0.000000 2011.901855 0.000000 0.622717 0.000000 -0.782447 0.755276 0.755276 0.755276
3167.689453 0.000000 2009.806885 0.000000 0.799532 0.000000 -0.600623 0.753144 0.753144 0.753144
3173.614990 0.000000 2009.801758 0.000000 0.153532 0.000000 0.988144 0.583146 0.583146 0.583146
3179.063965 0.000000 1998.564697 0.000000 0.980144 0.000000 0.198288 0.683535 0.683535 0.683535
3228.127197 0.000000 1988.323364 0.000000 0.044550 0.000000 -0.999007 0.866434 0.866434 0.866434
3286.800293 0.000000 1979.103027 0.000000 0.542904 0.000000 0.839795 0.633100 0.633100 0.633100
3306.005859 0.000000 2002.578735 0.000000 0.787780 0.000000 -0.615956 0.735255 0.735255 0.735255
3272.482666 0.000000 2007.724609 0.000000 0.876352 0.000000 -0.481672 0.702810 0.702810 0.702810
3308.022705 0.000000 1993.128296 0.000000 0.118755 0.000000 0.992924 0.596487 0.596487 0.596487
3283.828125 0.000000 1926.128540 0.000000 0.411436 0.000000 0.911439 0.650299 0.650299 0.650299
3287.263184 0.000000 2013.200073 0.000000 0.094916 0.000000 0.995485 0.671115 0.671115 0.671115
3268.548584 0.000000 2012.512573 0.000000 0.724221 0.000000 0.689568 0.693617 0.693617 0.693617
3265.440186 0.000000 1982.808350 0.000000 0.483642 0.000000 0.875266 0.662742 0.662742 0.662742
3249.177002 0.000000 2009.352417 0.000000 0.660865 0.000000 0.750505 0.671519 0.671519 0.671519
3309.571045 0.000000 2013.037109 0.000000 0.298279 0.000000 -0.954479 0.731907 0.731907 0.731907
3308.572998 0.000000 1956.321167 0.000000 0.944503 0.000000 -0.328503 0.708423 0.708423 0.708423
3288.116455 0.000000 2008.004883 0.000000 0.424500 0.000000 0.905428 0.673086 0.673086 0.673086
3275.980469 0.000000 2010.624756 0.000000 0.192325 0.000000 -0.981331 0.790499 0.790499 0.790499
3302.186768 0.000000 2015.440552 0.000000 0.446876 0.000000 -0.894596 0.744903 0.744903 0.744903
3296.890381 0.000000 2000.264038 0.000000 0.077656 0.000000 -0.996980 0.731311 0.731311 0.731311
3289.323242 0.000000 1982.563843 0.000000 0.998565 0.000000 -0.053547 0.700974 0.700974 0.700974
3294.413574 0.000000 1959.761108 0.000000 0.012078 0.000000 -0.999927 0.750121 0.750121 0.750121
3272.546387 0.000000 2012.354248 0.000000 0.546766 0.000000 0.837286 0.681965 0.681965 0.681965
3309.996338 0.000000 2001.956543 0.000000 0.150199 0.000000 -0.988656 0.771470 0.771470 0.771470
3301.456055 0.000000 1951.592163 0.000000 0.463291 0.000000 -0.886206 0.721317 0.721317 0.721317
3255.185547 0.000000 1950.913208 0.000000 0.977614 0.000000 0.210406 0.687849 0.687849 0.687849
3290.267090 0.000000 2005.053345 0.000000 0.099171 0.000000 -0.995070 0.759659 0.759659 0.759659
3283.723145 0.000000 2014.375488 0.000000 0.632604 0.000000 0.774475 0.671514 0.671514 0.671514
3242.658203 0.000000 2014.346802 0.000000 0.086419 0.000000 -0.996259 0.770554 0.770554 0.770554
3305.542725 0.000000 2014.489380 0.000000 0.586630 0.000000 -0.809855 0.723754 0.723754 0.723754
3290.321289 0.000000 2011.578735 0.000000 0.178917 0.000000 0.983864 0.655275 0.655275 0.655275
3257.163330 0.000000 2009.401367 0.000000 0.942397 0.000000 0.334497 0.688556 0.688556 0.688556
3310.383545 0.000000 2010.007812 0.000000 0.999284 0.000000 0.037829 0.698307 0.698307 0.698307
3310.730713 0.000000 1991.181274 0.000000 0.277541 0.000000 -0.960714 0.782933 0.782933 0.782933
3278.476807 0.000000 2014.490112 0.000000 0.325467 0.000000 -0.945553 0.769304 0.769304 0.769304
3266.239746 0.000000 2014.461670 0.000000 0.997785 0.000000 0.066517 0.697487 0.697487 0.697487
3253.668945 0.000000 1983.719849 0.000000 0.712419 0.000000 -0.701755 0.746762 0.746762 0.746762
3268.417236 0.000000 1975.310547 0.000000 0.998679 0.000000 0.051385 0.697916 0.697916 0.697916
3275.265869 0.000000 2008.043701 0.000000 0.951308 0.000000 -0.308241 0.717523 0.717523 0.717523
3287.399414 0.000000 2010.489624 0.000000 0.990691 0.000000 -0.136126 0.704773 0.704773 0.704773
3272.612549 0.000000 1978.371948 0.000000 0.066291 0.000000 -0.997800 0.819890 0.819890 0.819890
3267.976318 0.000000 1980.225708 0.000000 0.430307 0.000000 0.902682 0.635459 0.635459 0.635459
3275.027344 0.000000 2012.865234 0.000000 0.981597 0.000000 -0.190966 0.710208 0.710208 0.710208
3260.931885 0.000000 1983.584717 0.000000 0.103600 0.000000 0.994619 0.617961 0.617961 0.617961
3267.261719 0.000000 1984.260376 0.000000 0.716012 0.000000 0.698088 0.658948 0.658948 0.658948
3284.486816 0.000000 1928.382446 0.000000 0.949483 0.000000 0.313817 0.683934 0.683934 0.683934
3308.090088 0.000000 1954.277710 0.000000 0.988966 0.000000 -0.148143 0.710186 0.710186 0.710186
3253.256348 0.000000 2012.864746 0.000000 0.998145 0.000000 -0.060890 0.719762 0.719762 0.719762
3250.266602 0.000000 2014.491455 0.000000 0.046426 0.000000 0.998922 0.156557 0.156557 0.156557
3308.112793 0.000000 2002.631470 0.000000 0.788803 0.000000 0.614645 0.655579 0.655579 0.655579
3310.022949 0.000000 1993.063232 0.000000 0.794109 0.000000 -0.607775 0.772150 0.772150 0.772150
3247.126221 0.000000 2013.221680 0.000000 0.887960 0.000000 -0.459921 0.757460 0.757460 0.757460
3310.240723 0.000000 1997.177368 0.000000 0.872040 0.000000 0.489434 0.644228 0.644228 0.644228
3279.036133 0.000000 2007.001709 0.000000 0.833158 0.000000 -0.553035 0.740144 0.740144 0.740144
3274.515869 0.000000 1978.278198 0.000000 0.895105 0.000000 0.445856 0.660589 0.660589 0.660589
3299.572754 0.000000 1952.336182 0.000000 0.272490 0.000000 -0.962159 0.852060 0.852060 0.852060
3307.672852 0.000000 2007.064819 0.000000 0.953575 0.000000 -0.301155 0.740629 0.740629 0.740629
3304.975098 0.000000 2009.729248 0.000000 0.057123 0.000000 -0.998367 0.909501 0.909501 0.909501
3300.162354 0.000000 2011.964600 0.000000 0.033879 0.000000 -0.999426 0.927763 0.927763 0.927763
3276.358154 0.000000 1972.939819 0.000000 0.366383 0.000000 -0.930464 0.818686 0.818686 0.818686
3280.815918 0.000000 2007.833496 0.000000 0.064608 0.000000 0.997911 0.584187 0.584187 0.584187
3288.627197 0.000000 1979.211426 0.000000 0.757396 0.000000 0.652956 0.575663 0.575663 0.575663
3253.176758 0.000000 2010.580200 0.000000 0.714540 0.000000 0.699595 0.560259 0.560259 0.560259
3298.525879 0.000000 1924.764404 0.000000 0.094347 0.000000 0.995539 0.576161 0.576161 0.576161
3263.589111 0.000000 1979.944458 0.000000 0.965140 0.000000 0.261735 0.676675 0.676675 0.676675
3310.953125 0.000000 2008.243652 0.000000 0.981750 0.000000 0.190178 0.685019 0.685019 0.685019
3301.805664 0.000000 2007.854248 0.000000 0.998746 0.000000 0.050073 0.692506 0.692506 0.692506
3299.445801 0.000000 2008.724854 0.000000 0.727749 0.000000 0.685844 0.576377 0.576377 0.576377
3286.181152 0.000000 1965.212891 0.000000 0.183911 0.000000 -0.982943 0.841436 0.841436 0.841436
3280.157715 0.000000 2010.433594 0.000000 0.172522 0.000000 -0.985006 0.862154 0.862154 0.862154
3286.638916 0.000000 1962.060059 0.000000 0.995957 0.000000 0.089830 0.692329 0.692329 0.692329
3249.898193 0.000000 2011.019287 0.000000 0.553147 0.000000 -0.833084 0.810130 0.810130 0.810130
3298.182373 0.000000 1955.493286 0.000000 0.908937 0.000000 -0.416933 0.734873 0.734873 0.734873
3258.068848 0.000000 2010.880249 0.000000 0.892790 0.000000 0.450473 0.658188 0.658188 0.658188
3279.013916 0.000000 2012.807861 0.000000 0.940780 0.000000 -0.339019 0.732398 0.732398 0.732398
3251.429688 0.000000 2013.293701 0.000000 0.349338 0.000000 -0.936997 1.049614 1.049614 1.049614
3277.567139 0.000000 2009.785645 0.000000 0.981411 0.000000 0.191919 0.683261 0.683261 0.683261
3310.488281 0.000000 2005.343140 0.000000 0.181335 0.000000 -0.983421 0.866939 0.866939 0.866939
3296.000977 0.000000 2007.897827 0.000000 0.845176 0.000000 -0.534488 0.792240 0.792240 0.792240
3308.913574 0.000000 1994.473877 0.000000 0.711291 0.000000 -0.702898 0.778461 0.778461 0.778461
3256.365479 0.000000 2010.845947 0.000000 0.817743 0.000000 -0.575583 0.775456 0.775456 0.775456
3281.746826 0.000000 2011.039795 0.000000 0.706154 0.000000 -0.708058 0.791293 0.791293 0.791293
3244.047119 0.000000 2015.193604 0.000000 0.470397 0.000000 0.882455 0.566998 0.566998 0.566998
3298.104736 0.000000 1953.549805 0.000000 0.610978 0.000000 -0.791647 0.807279 0.807279 0.807279
3298.519775 0.000000 2007.392212 0.000000 0.868375 0.000000 -0.495908 0.784150 0.784150 0.784150
3301.547119 0.000000 2006.144287 0.000000 0.922228 0.000000 -0.386646 0.759387 0.759387 0.759387
3299.793701 0.000000 2005.499023 0.000000 0.896637 0.000000 -0.442767 0.750660 0.750660 0.750660
3266.893799 0.000000 1975.330566 0.000000 0.827556 0.000000 -0.561382 0.765833 0.765833 0.765833
3260.600586 0.000000 2013.033325 0.000000 0.965825 0.000000 -0.259193 0.732990 0.732990 0.732990
3306.994141 0.000000 2009.761841 0.000000 0.122141 0.000000 -0.992513 0.880215 0.880215 0.880215
3304.598145 0.000000 2008.316650 0.000000 0.950137 0.000000 0.311832 0.656108 0.656108 0.656108
3258.598633 0.000000 1949.809814 0.000000 0.016611 0.000000 -0.999862 0.978125 0.978125 0.978125
3261.571777 0.000000 2014.411743 0.000000 0.985999 0.000000 0.166752 0.675172 0.675172 0.675172
3289.262695 0.000000 1981.115845 0.000000 0.980300 0.000000 -0.197517 0.722793 0.722793 0.722793
3306.727783 0.000000 1957.340332 0.000000 0.219712 0.000000 -0.975565 0.871660 0.871660 0.871660
3254.647461 0.000000 2013.194702 0.000000 0.211879 0.000000 -0.977296 1.100392 1.100392 1.100392
3250.427734 0.000000 2012.358154 0.000000 0.383522 0.000000 0.923532 0.360967 0.360967 0.360967
3253.597656 0.000000 2014.195312 0.000000 0.055809 0.000000 0.998441 0.159907 0.159907 0.159907
3248.937744 0.000000 2014.019165 0.000000 0.903302 0.000000 -0.429006 0.840715 0.840715 0.840715
3246.939209 0.000000 2014.556274 0.000000 0.974869 0.000000 -0.222780 0.745858 0.745858 0.745858
3302.100586 0.000000 2009.359131 0.000000 0.717585 0.000000 -0.696471 0.818488 0.818488 0.818488
3300.622559 0.000000 2008.261475 0.000000 0.938177 0.000000 -0.346157 0.759301 0.759301 0.759301
3297.160889 0.000000 2007.567261 0.000000 0.613586 0.000000 0.789628 0.551115 0.551115 0.551115
3258.099121 0.000000 1948.679932 0.000000 0.111859 0.000000 0.993724 0.438961 0.438961 0.438961
3296.011230 0.000000 2006.105957 0.000000 0.976976 0.000000 -0.213349 0.735169 0.735169 0.735169
3253.769775 0.000000 2011.731689 0.000000 0.216946 0.000000 0.976184 0.456146 0.456146 0.456146
3277.111572 0.000000 1975.877319 0.000000 0.724318 0.000000 -0.689466 0.828693 0.828693 0.828693
3255.929443 0.000000 2012.368408 0.000000 0.889266 0.000000 0.457390 0.559862 0.559862 0.559862
3251.254395 0.000000 2015.183716 0.000000 0.949718 0.000000 0.313106 0.586466 0.586466 0.586466
3217.800781 0.000000 2019.288452 0.000000 0.674939 0.000000 -0.737873 0.732488 0.732488 0.732488
3220.954590 0.000000 2094.435547 0.000000 0.335345 0.000000 -0.942095 0.722334 0.722334 0.722334
3176.179199 0.000000 2111.110596 0.000000 0.985713 0.000000 0.168436 0.692902 0.692902 0.692902
3228.519043 0.000000 2020.423462 0.000000 0.672556 0.000000 -0.740047 0.725625 0.725625 0.725625
3218.902588 0.000000 2037.705566 0.000000 0.572153 0.000000 -0.820147 0.728234 0.728234 0.728234
3221.521973 0.000000 2099.514648 0.000000 0.307629 0.000000 0.951506 0.684170 0.684170 0.684170
3204.020264 0.000000 2075.477051 0.000000 0.921347 0.000000 0.388741 0.683254 0.683254 0.683254
3225.428955 0.000000 2040.529663 0.000000 0.993311 0.000000 0.115466 0.698220 0.698220 0.698220
3214.921875 0.000000 2025.113281 0.000000 0.907214 0.000000 0.420669 0.545211 0.545211 0.545211
3221.977051 0.000000 2039.656494 0.000000 0.897250 0.000000 -0.441523 0.714705 0.714705 0.714705
3213.887939 0.000000 2032.030273 0.000000 0.442595 0.000000 -0.896721 0.746652 0.746652 0.746652
3229.608154 0.000000 2024.359863 0.000000 0.240101 0.000000 -0.970748 0.785426 0.785426 0.785426
3210.100342 0.000000 2019.259399 0.000000 0.485910 0.000000 -0.874009 0.737167 0.737167 0.737167
3179.583740 0.000000 2107.565918 0.000000 0.247595 0.000000 0.968863 0.648304 0.648304 0.648304
3216.399414 0.000000 2022.281982 0.000000 0.360102 0.000000 0.932913 0.387322 0.387322 0.387322
3231.116455 0.000000 2019.400269 0.000000 0.185224 0.000000 -0.982696 0.761940 0.761940 0.761940
3223.590820 0.000000 2023.808105 0.000000 0.109952 0.000000 -0.993937 0.883784 0.883784 0.883784
3177.084961 0.000000 2108.578369 0.000000 0.734641 0.000000 0.678456 0.665598 0.665598 0.665598
3238.498291 0.000000 2017.629883 0.000000 0.819590 0.000000 -0.572950 0.723030 0.723030 0.723030
3215.634766 0.000000 2092.971191 0.000000 0.937095 0.000000 0.349074 0.659121 0.659121 0.659121
3223.443359 0.000000 2033.494141 0.000000 0.999499 0.000000 0.031656 0.694910 0.694910 0.694910
3214.176514 0.000000 2022.929077 0.000000 0.361789 0.000000 0.932260 0.324008 0.324008 0.324008
3223.831787 0.000000 2038.088745 0.000000 0.903343 0.000000 -0.428919 0.720452 0.720452 0.720452
3230.155518 0.000000 2022.125000 0.000000 0.979398 0.000000 0.201942 0.685217 0.685217 0.685217
3231.913574 0.000000 2024.327881 0.000000 0.776634 0.000000 0.629953 0.653314 0.653314 0.653314
3212.494629 0.000000 2024.366821 0.000000 0.353785 0.000000 -0.935327 1.131082 1.131082 1.131082
3230.271484 0.000000 2030.033447 0.000000 0.502276 0.000000 -0.864708 0.873785 0.873785 0.873785
3217.133301 0.000000 2024.491577 0.000000 0.513377 0.000000 -0.858163 1.064917 1.064917 1.064917
3221.420410 0.000000 2024.407715 0.000000 0.974593 0.000000 -0.223983 0.752427 0.752427 0.752427
3227.990723 0.000000 2022.821289 0.000000 0.671340 0.000000 -0.741149 0.756020 0.756020 0.756020
3236.719482 0.000000 2041.232788 0.000000 0.772564 0.000000 -0.634937 0.737509 0.737509 0.737509
3228.346924 0.000000 2026.046387 0.000000 0.999130 0.000000 0.041702 0.696676 0.696676 0.696676
3212.177246 0.000000 2019.589844 0.000000 0.122965 0.000000 -0.992411 0.784997 0.784997 0.784997
3231.099609 0.000000 2026.281006 0.000000 0.064813 0.000000 -0.997897 0.815797 0.815797 0.815797
3178.274414 0.000000 2110.475830 0.000000 0.536136 0.000000 -0.844132 0.792728 0.792728 0.792728
3210.446045 0.000000 2023.643677 0.000000 0.786801 0.000000 0.617207 0.572593 0.572593 0.572593
3233.933350 0.000000 2028.307007 0.000000 0.868050 0.000000 0.496477 0.645524 0.645524 0.645524
3228.302979 0.000000 2029.524536 0.000000 0.955763 0.000000 -0.294139 0.732140 0.732140 0.732140
3224.556396 0.000000 2030.274658 0.000000 0.411348 0.000000 -0.911478 0.881183 0.881183 0.881183
3226.861328 0.000000 2030.971436 0.000000 0.072596 0.000000 -0.997361 0.924111 0.924111 0.924111
3231.650879 0.000000 2028.205322 0.000000 0.580911 0.000000 0.813967 0.608265 0.608265 0.608265
3234.858398 0.000000 2025.238159 0.000000 0.050800 0.000000 -0.998709 1.046379 1.046379 1.046379
3225.469971 0.000000 2034.328979 0.000000 0.791868 0.000000 0.610692 0.611830 0.611830 0.611830
3233.019287 0.000000 2020.127441 0.000000 0.111175 0.000000 -0.993801 0.863226 0.863226 0.863226
3218.368896 0.000000 2022.479980 0.000000 0.880512 0.000000 -0.474023 0.793210 0.793210 0.793210
3237.317871 0.000000 2024.792236 0.000000 0.994945 0.000000 0.100426 0.668216 0.668216 0.668216
3213.695557 0.000000 2030.050537 0.000000 0.963756 0.000000 0.266786 0.661112 0.661112 0.661112
3234.453857 0.000000 2022.319214 0.000000 0.617868 0.000000 0.786282 0.487492 0.487492 0.487492
3231.368164 0.000000 2037.263916 0.000000 0.154103 0.000000 0.988055 0.602991 0.602991 0.602991
3221.447266 0.000000 2031.951538 0.000000 0.999831 0.000000 -0.018383 0.703804 0.703804 0.703804
3221.988770 0.000000 2028.687866 0.000000 0.989332 0.000000 0.145676 0.661370 0.661370 0.661370
3219.471924 0.000000 2095.543945 0.000000 0.046259 0.000000 -0.998930 0.806569 0.806569 0.806569
3216.166748 0.000000 2020.444092 0.000000 0.799583 0.000000 0.600555 0.614440 0.614440 0.614440
3219.164307 0.000000 2032.938965 0.000000 0.802961 0.000000 0.596031 0.620547 0.620547 0.620547
3204.348633 0.000000 2080.370850 0.000000 0.720902 0.000000 -0.693037 0.788851 0.788851 0.788851
3237.836670 0.000000 2037.514526 0.000000 0.954252 0.000000 -0.299004 0.753065 0.753065 0.753065
3227.852539 0.000000 2027.791016 0.000000 0.863943 0.000000 0.503590 0.632120 0.632120 0.632120
3238.878418 0.000000 2030.887573 0.000000 0.506087 0.000000 0.862482 0.526950 0.526950 0.526950
3236.417725 0.000000 2038.746704 0.000000 0.367544 0.000000 0.930006 0.531341 0.531341 0.531341
3222.337646 0.000000 2034.950317 0.000000 0.256025 0.000000 -0.966670 0.874240 0.874240 0.874240
3208.730713 0.000000 2025.688843 0.000000 0.269027 0.000000 -0.963133 0.845222 0.845222 0.845222
3236.790771 0.000000 2021.536621 0.000000 0.912260 0.000000 0.409612 0.608546 0.608546 0.608546
3217.920898 0.000000 2030.376709 0.000000 0.931592 0.000000 0.363507 0.628223 0.628223 0.628223
3231.243408 0.000000 2031.516724 0.000000 0.849279 0.000000 0.527945 0.607469 0.607469 0.607469
3213.406738 0.000000 2021.375488 0.000000 0.823407 0.000000 -0.567451 0.796171 0.796171 0.796171
3233.601807 0.000000 2023.992432 0.000000 0.999858 0.000000 0.016839 0.697599 0.697599 0.697599
3223.746338 0.000000 2031.805420 0.000000 0.943465 0.000000 -0.331472 0.764713 0.764713 0.764713
3225.248291 0.000000 2024.214722 0.000000 0.323099 0.000000 0.946365 0.507292 0.507292 0.507292
3220.776367 0.000000 2029.981445 0.000000 0.295764 0.000000 0.955261 0.364279 0.364279 0.364279
3227.659668 0.000000 2024.506958 0.000000 0.912825 0.000000 -0.408351 0.744107 0.744107 0.744107
3236.622070 0.000000 2028.333374 0.000000 0.344297 0.000000 0.938861 0.439185 0.439185 0.439185
3239.534912 0.000000 2038.063477 0.000000 0.999262 0.000000 -0.038406 0.710634 0.710634 0.710634
3220.626709 0.000000 2097.988525 0.000000 0.778406 0.000000 0.627762 0.614605 0.614605 0.614605
3210.832031 0.000000 2020.800781 0.000000 0.984459 0.000000 -0.175616 0.718017 0.718017 0.718017
3225.980713 0.000000 2035.951538 0.000000 0.079499 0.000000 0.996835 0.499858 0.499858 0.499858
3233.476074 0.000000 2033.383179 0.000000 0.990032 0.000000 -0.140842 0.733388 0.733388 0.733388
3217.847900 0.000000 2020.945068 0.000000 0.698110 0.000000 0.715990 0.594007 0.594007 0.594007
3224.250000 0.000000 2022.303833 0.000000 0.990452 0.000000 0.137855 0.685499 0.685499 0.685499
3236.634766 0.000000 2032.834106 0.000000 0.158855 0.000000 0.987302 0.431666 0.431666 0.431666
3234.567871 0.000000 2030.986938 0.000000 0.488171 0.000000 -0.872748 0.971403 0.971403 0.971403
3208.292969 0.000000 2027.786987 0.000000 0.384605 0.000000 0.923081 0.573400 0.573400 0.573400
3239.589355 0.000000 2022.269409 0.000000 0.452478 0.000000 0.891776 0.319712 0.319712 0.319712
3218.760986 0.000000 2029.023193 0.000000 0.897708 0.000000 0.440590 0.569235 0.569235 0.569235
3234.819092 0.000000 2026.988525 0.000000 0.593015 0.000000 0.805191 0.512872 0.512872 0.512872
3215.654785 0.000000 2029.361206 0.000000 0.789640 0.000000 -0.613570 0.905023 0.905023 0.905023
3212.174072 0.000000 2030.581177 0.000000 0.974787 0.000000 0.223138 0.667595 0.667595 0.667595
3234.895752 0.000000 2019.149536 0.000000 0.179881 0.000000 0.983688 0.563975 0.563975 0.563975
3215.507568 0.000000 2023.684937 0.000000 0.472642 0.000000 -0.881255 1.037754 1.037754 1.037754
3211.447021 0.000000 2027.000610 0.000000 0.660505 0.000000 0.750822 0.493395 0.493395 0.493395
3214.987305 0.000000 2021.517944 0.000000 0.981161 0.000000 -0.193192 0.732616 0.732616 0.732616
3236.694336 0.000000 2019.883545 0.000000 0.519429 0.000000 -0.854513 0.823193 0.823193 0.823193
3204.789307 0.000000 2076.947754 0.000000 0.925357 0.000000 0.379097 0.652164 0.652164 0.652164
3230.197266 0.000000 2032.602417 0.000000 0.003374 0.000000 0.999994 0.408549 0.408549 0.408549
3230.633789 0.000000 2034.088257 0.000000 0.235013 0.000000 0.971992 0.489321 0.489321 0.489321
3220.379395 0.000000 2023.191406 0.000000 0.053174 0.000000 0.998585 0.489951 0.489951 0.489951
3223.577393 0.000000 2025.323120 0.000000 0.270458 0.000000 0.962732 0.444340 0.444340 0.444340
3218.103027 0.000000 2031.963867 0.000000 0.237353 0.000000 -0.971423 0.964268 0.964268 0.964268
3237.925537 0.000000 2018.919922 0.000000 0.637034 0.000000 -0.770836 0.805824 0.805824 0.805824
3221.404541 0.000000 2027.387573 0.000000 0.858899 0.000000 0.512146 0.559429 0.559429 0.559429
3214.297852 0.000000 2026.834229 0.000000 0.987650 0.000000 -0.156676 0.756087 0.756087 0.756087
3236.834229 0.000000 2029.763550 0.000000 0.996626 0.000000 0.082078 0.682423 0.682423 0.682423
3219.075684 0.000000 2027.609131 0.000000 0.976924 0.000000 -0.213588 0.769816 0.769816 0.769816
3222.146973 0.000000 2033.084106 0.000000 0.592057 0.000000 0.805896 0.549321 0.549321 0.549321
3213.915283 0.000000 2024.248535 0.000000 0.396644 0.000000 0.917973 0.285404 0.285404 0.285404
3218.339844 0.000000 2025.119995 0.000000 0.731143 0.000000 0.682224 0.480619 0.480619 0.480619
3237.638184 0.000000 2026.067261 0.000000 0.983775 0.000000 0.179408 0.649058 0.649058 0.649058
3216.003906 0.000000 2028.069580 0.000000 0.689049 0.000000 0.724715 0.441607 0.441607 0.441607
3222.762451 0.000000 2027.619751 0.000000 0.634363 0.000000 -0.773035 0.895185 0.895185 0.895185
3235.567627 0.000000 2033.878174 0.000000 0.999763 0.000000 0.021774 0.695159 0.695159 0.695159
3217.246582 0.000000 2025.810425 0.000000 0.331162 0.000000 -0.943574 1.136218 1.136218 1.136218
3214.740234 0.000000 2030.928833 0.000000 0.955781 0.000000 0.294081 0.647418 0.647418 0.647418
3212.885742 0.000000 2023.079590 0.000000 0.999806 0.000000 0.019703 0.694353 0.694353 0.694353
3225.019043 0.000000 2028.998169 0.000000 0.807212 0.000000 -0.590261 0.820932 0.820932 0.820932
3220.231689 0.000000 2025.089233 0.000000 0.919128 0.000000 -0.393958 0.793977 0.793977 0.793977
3239.148438 0.000000 2023.512451 0.000000 0.214556 0.000000 0.976712 0.232240 0.232240 0.232240
3235.236572 0.000000 2028.414917 0.000000 0.935487 0.000000 0.353361 0.644963 0.644963 0.644963
3223.505127 0.000000 2029.609009 0.000000 0.984218 0.000000 0.176960 0.658216 0.658216 0.658216
3212.255615 0.000000 2020.857422 0.000000 0.870749 0.000000 0.491728 0.618067 0.618067 0.618067
3210.594238 0.000000 2022.221436 0.000000 0.130250 0.000000 0.991481 0.424156 0.424156 0.424156
3235.705811 0.000000 2022.171997 0.000000 0.437344 0.000000 -0.899294 0.962626 0.962626 0.962626
3237.749756 0.000000 2033.654419 0.000000 0.671214 0.000000 -0.741264 0.858755 0.858755 0.858755
3239.035645 0.000000 2028.336304 0.000000 0.918707 0.000000 0.394940 0.555257 0.555257 0.555257
3235.747559 0.000000 2031.670654 0.000000 0.895816 0.000000 0.444425 0.582175 0.582175 0.582175
3213.743164 0.000000 2025.532959 0.000000 0.025194 0.000000 -0.999683 1.251017 1.251017 1.251017
3212.068848 0.000000 2025.543701 0.000000 0.110603 0.000000 -0.993865 1.220488 1.220488 1.220488
3211.664795 0.000000 2023.384766 0.000000 0.920525 0.000000 -0.390683 0.776877 0.776877 0.776877
3217.386963 0.000000 2023.248657 0.000000 0.758220 0.000000 0.651999 0.515315 0.515315 0.515315
3238.525879 0.000000 2021.561890 0.000000 0.676260 0.000000 -0.736663 0.899137 0.899137 0.899137
3236.103760 0.000000 2025.406982 0.000000 0.998642 0.000000 -0.052102 0.716470 0.716470 0.716470
3225.838867 0.000000 2030.289307 0.000000 0.989118 0.000000 -0.147123 0.723327 0.723327 0.723327
3231.484375 0.000000 2035.998413 0.000000 0.022391 0.000000 -0.999749 0.944619 0.944619 0.944619
3216.889893 0.000000 2031.774780 0.000000 0.593645 0.000000 0.804727 0.519566 0.519566 0.519566
3216.778076 0.000000 2029.880981 0.000000 0.326592 0.000000 -0.945165 1.094656 1.094656 1.094656
3230.016846 0.000000 2031.240845 0.000000 0.012309 0.000000 0.999924 0.440715 0.440715 0.440715
3237.084717 0.000000 2023.505615 0.000000 0.722977 0.000000 -0.690872 0.922856 0.922856 0.922856
3216.134766 0.000000 2025.155029 0.000000 0.974912 0.000000 -0.222591 0.779398 0.779398 0.779398
3237.351318 0.000000 2027.328979 0.000000 0.015766 0.000000 0.999876 0.260845 0.260845 0.260845
3211.247559 0.000000 2024.567017 0.000000 0.029373 0.000000 0.999569 0.318564 0.318564 0.318564
3224.848389 0.000000 2027.624268 0.000000 0.867539 0.000000 0.497370 0.605388 0.605388 0.605388
3222.605225 0.000000 2024.671631 0.000000 0.745271 0.000000 0.666762 0.556125 0.556125 0.556125
3215.312988 0.000000 2026.255615 0.000000 0.898606 0.000000 -0.438756 0.861931 0.861931 0.861931
3233.358398 0.000000 2035.118530 0.000000 0.951301 0.000000 -0.308263 0.762649 0.762649 0.762649
3239.043213 0.000000 2026.047119 0.000000 0.933003 0.000000 -0.359867 0.831239 0.831239 0.831239
3221.398438 0.000000 2025.568970 0.000000 0.664164 0.000000 0.747587 0.504027 0.504027 0.504027
3251.558105 0.000000 2099.894775 0.000000 0.851572 0.000000 0.524237 0.697686 0.697686 0.697686
3241.337646 0.000000 2107.084717 0.000000 0.775069 0.000000 -0.631876 0.724862 0.724862 0.724862
3280.976562 0.000000 2016.077637 0.000000 0.220870 0.000000 -0.975303 0.715078 0.715078 0.715078
3297.555420 0.000000 2015.710571 0.000000 0.740202 0.000000 0.672384 0.687628 0.687628 0.687628
3263.082764 0.000000 2020.809814 0.000000 0.403587 0.000000 -0.914941 0.712922 0.712922 0.712922
3248.171387 0.000000 2111.110596 0.000000 0.960821 0.000000 0.277168 0.697644 0.697644 0.697644
3262.449951 0.000000 2044.408203 0.000000 0.557762 0.000000 0.830001 0.686311 0.686311 0.686311
3244.705811 0.000000 2038.281616 0.000000 0.196288 0.000000 -0.980546 0.780634 0.780634 0.780634
3262.444336 0.000000 2026.804688 0.000000 0.999933 0.000000 0.011556 0.699725 0.699725 0.699725
3261.950928 0.000000 2100.085693 0.000000 0.077711 0.000000 0.996976 0.674952 0.674952 0.674952
3252.330322 0.000000 2110.686523 0.000000 0.053496 0.000000 0.998568 0.661817 0.661817 0.661817
3272.546387 0.000000 2108.338623 0.000000 0.794668 0.000000 -0.607044 0.711856 0.711856 0.711856
3251.291260 0.000000 2040.264404 0.000000 0.975578 0.000000 -0.219653 0.706502 0.706502 0.706502
3285.880127 0.000000 2032.030273 0.000000 0.908406 0.000000 0.418088 0.689145 0.689145 0.689145
3261.076416 0.000000 2033.919678 0.000000 0.136404 0.000000 -0.990653 0.786206 0.786206 0.786206
3277.721191 0.000000 2092.892090 0.000000 0.599905 0.000000 0.800071 0.655916 0.655916 0.655916
3273.552490 0.000000 2059.595947 0.000000 0.432126 0.000000 -0.901813 0.828851 0.828851 0.828851
3270.515381 0.000000 2063.711914 0.000000 0.375531 0.000000 0.926810 0.371743 0.371743 0.371743
3253.536377 0.000000 2024.756226 0.000000 0.110372 0.000000 -0.993890 0.773492 0.773492 0.773492
3254.663086 0.000000 2100.728760 0.000000 0.954354 0.000000 0.298676 0.688551 0.688551 0.688551
3282.880615 0.000000 2033.573975 0.000000 0.278048 0.000000 0.960567 0.563036 0.563036 0.563036
3241.026123 0.000000 2104.199951 0.000000 0.324835 0.000000 -0.945771 0.760674 0.760674 0.760674
3265.971680 0.000000 2105.733887 0.000000 0.992588 0.000000 -0.121529 0.706643 0.706643 0.706643
3259.363037 0.000000 2044.489868 0.000000 0.044903 0.000000 -0.998991 0.772532 0.772532 0.772532
3272.717773 0.000000 2089.621582 0.000000 0.153815 0.000000 0.988100 0.624753 0.624753 0.624753
3287.604492 0.000000 2067.917725 0.000000 0.389326 0.000000 -0.921100 0.745836 0.745836 0.745836
3277.612305 0.000000 2015.705566 0.000000 0.850377 0.000000 0.526173 0.672887 0.672887 0.672887
3272.154053 0.000000 2041.293457 0.000000 0.128701 0.000000 -0.991683 0.764501 0.764501 0.764501
3287.193848 0.000000 2065.310059 0.000000 0.276452 0.000000 0.961028 0.588122 0.588122 0.588122
3283.918213 0.000000 2037.550415 0.000000 0.966783 0.000000 0.255598 0.664226 0.664226 0.664226
3282.680908 0.000000 2031.111694 0.000000 0.712608 0.000000 -0.701563 0.739136 0.739136 0.739136
3262.270996 0.000000 2106.477051 0.000000 0.312410 0.000000 -0.949947 0.784090 0.784090 0.784090
3278.474609 0.000000 2030.574097 0.000000 0.379729 0.000000 0.925098 0.536499 0.536499 0.536499
3254.845215 0.000000 2110.755615 0.000000 0.949410 0.000000 -0.314038 0.713398 0.713398 0.713398
3277.644531 0.000000 2033.267212 0.000000 0.566266 0.000000 0.824222 0.614667 0.614667 0.614667
3255.836670 0.000000 2103.509033 0.000000 0.541772 0.000000 0.840526 0.621845 0.621845 0.621845
3250.802979 0.000000 2042.633545 0.000000 0.916770 0.000000 0.399415 0.675299 0.675299 0.675299
3262.725098 0.000000 2032.461426 0.000000 0.977720 0.000000 0.209911 0.686399 0.686399 0.686399
3275.054443 0.000000 2044.359863 0.000000 0.151488 0.000000 0.988459 0.620661 0.620661 0.620661
3253.992432 0.000000 2015.706543 0.000000 0.445322 0.000000 -0.895371 1.095460 1.095460 1.095460
3249.464111 0.000000 2100.062500 0.000000 0.948283 0.000000 0.317427 0.680581 0.680581 0.680581
3239.737549 0.000000 2018.354614 0.000000 0.791259 0.000000 0.611482 0.615375 0.615375 0.615375
3253.022705 0.000000 2046.207642 0.000000 0.523766 0.000000 0.851862 0.625881 0.625881 0.625881
3288.638428 0.000000 2060.973145 0.000000 0.033824 0.000000 0.999428 0.553883 0.553883 0.553883
3291.814697 0.000000 2039.552246 0.000000 0.223445 0.000000 -0.974717 0.858006 0.858006 0.858006
3256.516113 0.000000 2032.582764 0.000000 0.982227 0.000000 -0.187697 0.711879 0.711879 0.711879
3267.918945 0.000000 2060.207275 0.000000 0.392309 0.000000 0.919833 0.608582 0.608582 0.608582
3266.479248 0.000000 2107.875488 0.000000 0.005062 0.000000 0.999987 0.564282 0.564282 0.564282
3269.679932 0.000000 2058.416992 0.000000 0.561263 0.000000 0.827637 0.588238 0.588238 0.588238
3271.624023 0.000000 2059.168213 0.000000 0.964489 0.000000 0.264125 0.669357 0.669357 0.669357
3270.967529 0.000000 2065.637451 0.000000 0.999880 0.000000 0.015466 0.695762 0.695762 0.695762
3245.607178 0.000000 2105.786133 0.000000 0.939231 0.000000 0.343286 0.673545 0.673545 0.673545
3270.473389 0.000000 2108.804932 0.000000 0.136726 0.000000 0.990609 0.605797 0.605797 0.605797
3278.605957 0.000000 2042.242188 0.000000 0.998760 0.000000 -0.049784 0.705153 0.705153 0.705153
3288.948730 0.000000 2063.383789 0.000000 0.535249 0.000000 -0.844694 0.839238 0.839238 0.839238
3258.379883 0.000000 2103.849365 0.000000 0.910394 0.000000 -0.413743 0.731011 0.731011 0.731011
3268.367432 0.000000 2110.763916 0.000000 0.892535 0.000000 -0.450978 0.744479 0.744479 0.744479
3278.921387 0.000000 2028.604614 0.000000 0.654148 0.000000 -0.756367 0.818719 0.818719 0.818719
3264.181641 0.000000 2106.104980 0.000000 0.711558 0.000000 0.702628 0.625934 0.625934 0.625934
3276.117676 0.000000 2089.255859 0.000000 0.970121 0.000000 -0.242621 0.733919 0.733919 0.733919
3277.220703 0.000000 2026.843750 0.000000 0.434158 0.000000 -0.900837 0.823888 0.823888 0.823888
3273.746338 0.000000 2064.149658 0.000000 0.981471 0.000000 -0.191611 0.718329 0.718329 0.718329
3271.738281 0.000000 2060.988770 0.000000 0.682036 0.000000 -0.731318 0.849080 0.849080 0.849080
3242.870117 0.000000 2039.541138 0.000000 0.478377 0.000000 0.878155 0.553126 0.553126 0.553126
3242.010986 0.000000 2030.862915 0.000000 0.199354 0.000000 0.979928 0.504620 0.504620 0.504620
3279.825195 0.000000 2040.474854 0.000000 0.199911 0.000000 -0.979814 0.841687 0.841687 0.841687
3242.367676 0.000000 2105.626709 0.000000 0.819297 0.000000 0.573369 0.653901 0.653901 0.653901
3289.675781 0.000000 2043.004150 0.000000 0.999437 0.000000 0.033547 0.695356 0.695356 0.695356
3245.042480 0.000000 2025.830322 0.000000 0.235222 0.000000 -0.971942 1.117561 1.117561 1.117561
3256.973389 0.000000 2021.946777 0.000000 0.436440 0.000000 -0.899733 0.840819 0.840819 0.840819
3266.647705 0.000000 2027.833252 0.000000 0.755773 0.000000 0.654834 0.633123 0.633123 0.633123
3241.113525 0.000000 2032.365112 0.000000 0.504704 0.000000 -0.863293 0.845645 0.845645 0.845645
3248.028809 0.000000 2016.924316 0.000000 0.906360 0.000000 -0.422506 0.855511 0.855511 0.855511
3239.795654 0.000000 2029.141479 0.000000 0.818382 0.000000 -0.574674 0.918256 0.918256 0.918256
3249.586914 0.000000 2029.516235 0.000000 0.737854 0.000000 -0.674960 0.811871 0.811871 0.811871
3261.593750 0.000000 2016.245361 0.000000 0.794780 0.000000 0.606898 0.625236 0.625236 0.625236
3247.009521 0.000000 2027.401123 0.000000 0.952262 0.000000 -0.305283 0.741204 0.741204 0.741204
3239.867188 0.000000 2026.529419 0.000000 0.331418 0.000000 -0.943484 1.139570 1.139570 1.139570
3243.294434 0.000000 2027.945557 0.000000 0.422679 0.000000 -0.906279 1.104420 1.104420 1.104420
3269.690430 0.000000 2062.128906 0.000000 0.982463 0.000000 0.186455 0.648082 0.648082 0.648082
3267.517334 0.000000 2066.173584 0.000000 0.282292 0.000000 0.959329 0.595833 0.595833 0.595833
3253.372803 0.000000 2023.041992 0.000000 0.462390 0.000000 -0.886677 0.838688 0.838688 0.838688
3259.217285 0.000000 2018.700684 0.000000 0.763376 0.000000 -0.645954 0.797201 0.797201 0.797201
3244.887207 0.000000 2017.503052 0.000000 0.845240 0.000000 -0.534388 0.813502 0.813502 0.813502
3253.932129 0.000000 2020.272583 0.000000 0.468304 0.000000 0.883568 0.425839 0.425839 0.425839
3280.938477 0.000000 2031.215210 0.000000 0.999322 0.000000 -0.036823 0.705098 0.705098 0.705098
3272.071533 0.000000 2064.296875 0.000000 0.992683 0.000000 -0.120752 0.711508 0.711508 0.711508
3291.369141 0.000000 2043.376221 0.000000 0.691208 0.000000 -0.722656 0.811784 0.811784 0.811784
3250.571289 0.000000 2101.284180 0.000000 0.273292 0.000000 0.961931 0.578792 0.578792 0.578792
3244.104004 0.000000 2031.274414 0.000000 0.967944 0.000000 -0.251164 0.730170 0.730170 0.730170
3275.974365 0.000000 2086.750000 0.000000 0.224576 0.000000 0.974457 0.549648 0.549648 0.549648
3248.488770 0.000000 2103.822998 0.000000 0.999070 0.000000 0.043111 0.695358 0.695358 0.695358
3293.066162 0.000000 2038.248169 0.000000 0.807409 0.000000 -0.589992 0.771462 0.771462 0.771462
3291.568359 0.000000 2064.997803 0.000000 0.090499 0.000000 0.995897 0.495131 0.495131 0.495131
3251.629639 0.000000 2032.215332 0.000000 0.477941 0.000000 -0.878392 0.848441 0.848441 0.848441
3280.285156 0.000000 2027.786987 0.000000 0.787869 0.000000 -0.615843 0.770494 0.770494 0.770494
3289.375488 0.000000 2041.427368 0.000000 0.962487 0.000000 0.271329 0.661969 0.661969 0.661969
3243.016113 0.000000 2034.088867 0.000000 0.379672 0.000000 -0.925121 0.883329 0.883329 0.883329
3253.413818 0.000000 2017.193604 0.000000 0.521235 0.000000 -0.853414 1.064528 1.064528 1.064528
3265.585205 0.000000 2034.389404 0.000000 0.872656 0.000000 0.488336 0.636519 0.636519 0.636519
3241.791260 0.000000 2029.248657 0.000000 0.025192 0.000000 -0.999683 1.251018 1.251018 1.251018
3281.509766 0.000000 2032.677612 0.000000 0.800503 0.000000 -0.599328 0.788950 0.788950 0.788950
3250.871338 0.000000 2021.434814 0.000000 0.683375 0.000000 0.730068 0.464293 0.464293 0.464293
3273.731445 0.000000 2061.108154 0.000000 0.786982 0.000000 0.616976 0.607973 0.607973 0.607973
3246.261719 0.000000 2033.487183 0.000000 0.504423 0.000000 -0.863457 0.847147 0.847147 0.847147
3244.894043 0.000000 2029.256592 0.000000 0.056214 0.000000 0.998419 0.498843 0.498843 0.498843
3243.177734 0.000000 2018.360107 0.000000 0.605256 0.000000 0.796031 0.486323 0.486323 0.486323
3271.682373 0.000000 2111.562500 0.000000 0.096381 0.000000 0.995345 0.547477 0.547477 0.547477
3269.621094 0.000000 2028.986206 0.000000 0.995379 0.000000 0.096021 0.689782 0.689782 0.689782
3241.178955 0.000000 2020.385620 0.000000 0.624531 0.000000 0.781000 0.453151 0.453151 0.453151
3242.042236 0.000000 2017.380493 0.000000 0.951486 0.000000 0.307692 0.664144 0.664144 0.664144
3267.282959 0.000000 2109.383057 0.000000 0.715410 0.000000 -0.698705 0.785440 0.785440 0.785440
3254.564453 0.000000 2018.220337 0.000000 0.999275 0.000000 0.038077 0.687647 0.687647 0.687647
3244.775391 0.000000 2015.988770 0.000000 0.601475 0.000000 0.798891 0.586142 0.586142 0.586142
3262.144287 0.000000 2035.273682 0.000000 0.374148 0.000000 0.927369 0.535665 0.535665 0.535665
3292.845703 0.000000 2040.693970 0.000000 0.457330 0.000000 0.889297 0.549863 0.549863 0.549863
3252.052979 0.000000 2017.759155 0.000000 0.580125 0.000000 0.814528 0.360636 0.360636 0.360636
3249.305420 0.000000 2032.081909 0.000000 0.600702 0.000000 0.799473 0.571776 0.571776 0.571776
3263.616943 0.000000 2041.218750 0.000000 0.978486 0.000000 -0.206316 0.725857 0.725857 0.725857
3240.742188 0.000000 2037.783325 0.000000 0.031059 0.000000 -0.999518 1.130530 1.130530 1.130530
3271.287842 0.000000 2062.461426 0.000000 0.973853 0.000000 -0.227178 0.763441 0.763441 0.763441
3244.060303 0.000000 2024.699951 0.000000 0.671613 0.000000 0.740902 0.438690 0.438690 0.438690
3241.714355 0.000000 2036.384644 0.000000 0.045863 0.000000 -0.998948 1.126387 1.126387 1.126387
3246.921875 0.000000 2024.117310 0.000000 0.838689 0.000000 0.544610 0.569561 0.569561 0.569561
3241.411377 0.000000 2026.334351 0.000000 0.479967 0.000000 0.877287 0.318473 0.318473 0.318473
3243.851807 0.000000 2020.610107 0.000000 0.961324 0.000000 0.275422 0.607546 0.607546 0.607546
3266.756836 0.000000 2029.842773 0.000000 0.947365 0.000000 0.320155 0.654894 0.654894 0.654894
3246.310547 0.000000 2021.647827 0.000000 0.386276 0.000000 0.922383 0.283029 0.283029 0.283029
3252.511719 0.000000 2020.057617 0.000000 0.312792 0.000000 0.949822 0.383013 0.383013 0.383013
3277.646729 0.000000 2089.250488 0.000000 0.258229 0.000000 0.966084 0.518739 0.518739 0.518739
3256.457275 0.000000 2020.539062 0.000000 0.951812 0.000000 -0.306684 0.739221 0.739221 0.739221
3255.743896 0.000000 2045.568970 0.000000 0.988253 0.000000 0.152829 0.678764 0.678764 0.678764
3258.874756 0.000000 2039.246948 0.000000 0.998098 0.000000 0.061649 0.682924 0.682924 0.682924
3268.924316 0.000000 2063.364258 0.000000 0.990419 0.000000 -0.138095 0.738350 0.738350 0.738350
3256.430908 0.000000 2038.485596 0.000000 0.661080 0.000000 -0.750315 0.874388 0.874388 0.874388
3257.288086 0.000000 2035.525269 0.000000 0.145461 0.000000 0.989364 0.502793 0.502793 0.502793
3251.976562 0.000000 2022.907104 0.000000 0.635936 0.000000 -0.771742 0.841738 0.841738 0.841738
3246.921143 0.000000 2031.234375 0.000000 0.956291 0.000000 0.292416 0.652289 0.652289 0.652289
3262.659180 0.000000 2039.106201 0.000000 0.943791 0.000000 -0.330542 0.741917 0.741917 0.741917
3278.709473 0.000000 2031.932007 0.000000 0.531674 0.000000 -0.846949 0.839823 0.839823 0.839823
3244.439697 0.000000 2023.005249 0.000000 0.384832 0.000000 0.922987 0.280829 0.280829 0.280829
3258.400146 0.000000 2040.548706 0.000000 0.537323 0.000000 -0.843377 0.977796 0.977796 0.977796
3253.957275 0.000000 2021.803467 0.000000 0.938210 0.000000 0.346067 0.610578 0.610578 0.610578
3265.460938 0.000000 2030.759399 0.000000 0.970746 0.000000 -0.240108 0.733561 0.733561 0.733561
3239.849365 0.000000 2035.083130 0.000000 0.284149 0.000000 -0.958780 1.012029 1.012029 1.012029
3242.717529 0.000000 2019.867065 0.000000 0.019129 0.000000 -0.999817 1.060109 1.060109 1.060109
3254.914551 0.000000 2042.283691 0.000000 0.761205 0.000000 0.648512 0.534266 0.534266 0.534266
3247.656494 0.000000 2021.403076 0.000000 0.998359 0.000000 0.057266 0.679653 0.679653 0.679653
3249.495850 0.000000 2019.676392 0.000000 0.750191 0.000000 0.661221 0.442443 0.442443 0.442443
3254.587158 0.000000 2040.533203 0.000000 0.638474 0.000000 0.769644 0.556336 0.556336 0.556336
3290.822998 0.000000 2040.475830 0.000000 0.476846 0.000000 -0.878987 0.848614 0.848614 0.848614
3245.442383 0.000000 2020.486084 0.000000 0.311511 0.000000 0.950243 0.252935 0.252935 0.252935
3248.144043 0.000000 2019.917358 0.000000 0.451430 0.000000 -0.892307 1.093024 1.093024 1.093024
3269.787354 0.000000 2064.839844 0.000000 0.232239 0.000000 0.972659 0.333794 0.333794 0.333794
3282.339111 0.000000 2034.819702 0.000000 0.076658 0.000000 0.997057 0.493209 0.493209 0.493209
3243.534424 0.000000 2022.038086 0.000000 0.725531 0.000000 -0.688190 0.970586 0.970586 0.970586
3244.220703 0.000000 2026.997681 0.000000 0.999342 0.000000 0.036281 0.692288 0.692288 0.692288
3244.567383 0.000000 2035.324585 0.000000 0.319047 0.000000 0.947739 0.524049 0.524049 0.524049
3241.816895 0.000000 2033.555420 0.000000 0.940002 0.000000 -0.341169 0.748675 0.748675 0.748675
3245.831787 0.000000 2022.882935 0.000000 0.999725 0.000000 -0.023470 0.708368 0.708368 0.708368
3242.286621 0.000000 2022.560059 0.000000 0.421073 0.000000 0.907027 0.294948 0.294948 0.294948
3279.816895 0.000000 2030.528809 0.000000 0.392825 0.000000 -0.919613 0.861536 0.861536 0.861536
3268.743652 0.000000 2061.210205 0.000000 0.051927 0.000000 0.998651 0.423952 0.423952 0.423952
3259.537354 0.000000 2036.453613 0.000000 0.912045 0.000000 -0.410091 0.793340 0.793340 0.793340
3245.857666 0.000000 2019.141846 0.000000 0.482653 0.000000 0.875812 0.385210 0.385210 0.385210
3249.268311 0.000000 2017.418335 0.000000 0.697135 0.000000 0.716940 0.415007 0.415007 0.415007
3250.534912 0.000000 2016.382690 0.000000 0.170148 0.000000 -0.985418 1.199044 1.199044 1.199044
3240.750244 0.000000 2021.551270 0.000000 0.984602 0.000000 -0.174813 0.748395 0.748395 0.748395
3247.359375 0.000000 2018.930786 0.000000 0.661300 0.000000 0.750122 0.407081 0.407081 0.407081
3247.920166 0.000000 2015.672485 0.000000 0.417364 0.000000 0.908739 0.467254 0.467254 0.467254
3265.993652 0.000000 2032.302246 0.000000 0.747912 0.000000 0.663798 0.581264 0.581264 0.581264
3251.800537 0.000000 2019.025879 0.000000 0.952371 0.000000 -0.304943 0.810474 0.810474 0.810474
3267.331787 0.000000 2064.206055 0.000000 0.500922 0.000000 0.865492 0.534730 0.534730 0.534730
3256.363525 0.000000 2018.205566 0.000000 0.740218 0.000000 0.672367 0.529895 0.529895 0.529895
3240.794189 0.000000 2024.000854 0.000000 0.560340 0.000000 0.828263 0.352049 0.352049 0.352049
3240.596436 0.000000 2019.274170 0.000000 0.562724 0.000000 -0.826645 0.856456 0.856456 0.856456
3242.241455 0.000000 2027.317261 0.000000 0.404294 0.000000 -0.914629 1.111619 1.111619 1.111619
3246.229004 0.000000 2025.213745 0.000000 0.696320 0.000000 0.717732 0.518688 0.518688 0.518688
3254.946533 0.000000 2043.640381 0.000000 0.952793 0.000000 -0.303622 0.772457 0.772457 0.772457
3239.734375 0.000000 2023.473633 0.000000 0.887285 0.000000 -0.461221 0.865538 0.865538 0.865538
3239.873779 0.000000 2038.633789 0.000000 0.942450 0.000000 -0.334347 0.794370 0.794370 0.794370
3245.914551 0.000000 2016.913574 0.000000 0.247079 0.000000 -0.968995 0.965972 0.965972 0.965972
3241.018799 0.000000 2030.170166 0.000000 0.917732 0.000000 0.397200 0.627475 0.627475 0.627475
3261.875977 0.000000 2043.411133 0.000000 0.663173 0.000000 -0.748466 0.857260 0.857260 0.857260
3241.937256 0.000000 2038.774780 0.000000 0.922258 0.000000 0.386574 0.590127 0.590127 0.590127
3249.775391 0.000000 2021.869873 0.000000 0.735251 0.000000 0.677795 0.454271 0.454271 0.454271
3322.419922 0.000000 1974.847900 0.000000 0.569386 0.000000 -0.822070 0.725635 0.725635 0.725635
3367.957520 0.000000 1939.750122 0.000000 0.554469 0.000000 -0.832204 0.737109 0.737109 0.737109
3313.329834 0.000000 2011.100342 0.000000 0.685353 0.000000 0.728211 0.676051 0.676051 0.676051
3347.888428 0.000000 1954.055420 0.000000 0.981226 0.000000 0.192863 0.699457 0.699457 0.699457
3318.609619 0.000000 1992.902832 0.000000 0.897438 0.000000 0.441140 0.680199 0.680199 0.680199
3361.225342 0.000000 1932.688110 0.000000 0.000705 0.000000 -1.000000 0.818535 0.818535 0.818535
3322.297363 0.000000 1984.276489 0.000000 0.047941 0.000000 0.998850 0.648903 0.648903 0.648903
3336.756104 0.000000 1989.008789 0.000000 0.976172 0.000000 -0.216998 0.711315 0.711315 0.711315
3330.507812 0.000000 1970.503174 0.000000 0.672198 0.000000 0.740372 0.486721 0.486721 0.486721
3358.767578 0.000000 2003.430664 0.000000 0.484816 0.000000 0.874616 0.686604 0.686604 0.686604
3370.558838 0.000000 2004.485107 0.000000 0.432354 0.000000 0.901704 0.690574 0.690574 0.690574
3357.433594 0.000000 1939.540771 0.000000 0.862758 0.000000 -0.505617 0.709634 0.709634 0.709634
3316.489990 0.000000 2004.950073 0.000000 0.979278 0.000000 0.202522 0.691447 0.691447 0.691447
3317.147705 0.000000 1987.315796 0.000000 0.999721 0.000000 0.023633 0.699736 0.699736 0.699736
3381.592041 0.000000 2006.952637 0.000000 0.630788 0.000000 -0.775955 0.739738 0.739738 0.739738
3325.248291 0.000000 1968.318359 0.000000 0.427515 0.000000 0.904008 0.688951 0.688951 0.688951
3347.559082 0.000000 2015.164795 0.000000 0.981423 0.000000 -0.191856 0.702969 0.702969 0.702969
3362.234863 0.000000 1958.714111 0.000000 0.355409 0.000000 -0.934711 0.777652 0.777652 0.777652
3349.178955 0.000000 2006.000366 0.000000 0.877644 0.000000 0.479313 0.688818 0.688818 0.688818
3363.271484 0.000000 1928.198608 0.000000 0.869606 0.000000 -0.493746 0.727434 0.727434 0.727434
3376.840576 0.000000 1949.785522 0.000000 0.464132 0.000000 -0.885766 0.759331 0.759331 0.759331
3332.249756 0.000000 1989.625977 0.000000 0.475860 0.000000 -0.879521 0.716530 0.716530 0.716530
3313.197510 0.000000 1989.374268 0.000000 0.749374 0.000000 -0.662147 0.734400 0.734400 0.734400
3373.862793 0.000000 2001.298950 0.000000 0.096788 0.000000 0.995305 0.675273 0.675273 0.675273
3330.243164 0.000000 1966.179810 0.000000 0.274228 0.000000 -0.961665 0.721693 0.721693 0.721693
3372.665283 0.000000 1965.330078 0.000000 0.315379 0.000000 -0.948966 0.934165 0.934165 0.934165
3339.437256 0.000000 1977.774414 0.000000 0.902645 0.000000 -0.430386 0.734834 0.734834 0.734834
3354.927734 0.000000 1980.028809 0.000000 0.351189 0.000000 -0.936305 0.801664 0.801664 0.801664
3373.380859 0.000000 1981.121216 0.000000 0.303900 0.000000 -0.952704 0.987594 0.987594 0.987594
3349.393311 0.000000 1985.877686 0.000000 0.867750 0.000000 -0.497001 0.730542 0.730542 0.730542
3364.244873 0.000000 1951.178833 0.000000 0.328575 0.000000 -0.944478 0.782945 0.782945 0.782945
3343.372559 0.000000 1961.114502 0.000000 0.169497 0.000000 -0.985531 0.729369 0.729369 0.729369
3365.961426 0.000000 1943.672119 0.000000 0.997432 0.000000 0.071620 0.695490 0.695490 0.695490
3315.967285 0.000000 2008.758423 0.000000 0.650289 0.000000 0.759687 0.661398 0.661398 0.661398
3373.938721 0.000000 1987.157104 0.000000 0.993828 0.000000 0.110928 0.693162 0.693162 0.693162
3351.109863 0.000000 2008.963135 0.000000 0.782644 0.000000 0.622470 0.685910 0.685910 0.685910
3319.955078 0.000000 1995.977173 0.000000 0.993215 0.000000 0.116291 0.697067 0.697067 0.697067
3365.828613 0.000000 1963.160400 0.000000 0.571317 0.000000 0.820730 0.666352 0.666352 0.666352
3315.389160 0.000000 1991.926392 0.000000 0.936623 0.000000 -0.350338 0.736530 0.736530 0.736530
3354.019531 0.000000 1985.206177 0.000000 0.556954 0.000000 0.830543 0.610936 0.610936 0.610936
3354.872803 0.000000 1937.589600 0.000000 0.724711 0.000000 0.689053 0.672368 0.672368 0.672368
3326.805420 0.000000 1989.240601 0.000000 0.966267 0.000000 -0.257543 0.710561 0.710561 0.710561
3369.034180 0.000000 1948.964478 0.000000 0.923982 0.000000 -0.382436 0.738405 0.738405 0.738405
3362.961670 0.000000 1961.475098 0.000000 0.745908 0.000000 0.666049 0.636819 0.636819 0.636819
3327.709473 0.000000 1969.763672 0.000000 0.990049 0.000000 -0.140726 0.706514 0.706514 0.706514
3335.418701 0.000000 1975.278564 0.000000 0.293739 0.000000 0.955886 0.246288 0.246288 0.246288
3352.427734 0.000000 1927.900024 0.000000 0.971155 0.000000 0.238449 0.683843 0.683843 0.683843
3337.410156 0.000000 1979.916870 0.000000 0.699459 0.000000 -0.714673 0.753428 0.753428 0.753428
3371.947998 0.000000 1921.376343 0.000000 0.900457 0.000000 -0.434944 0.716357 0.716357 0.716357
3348.860352 0.000000 1982.517944 0.000000 0.414674 0.000000 -0.909970 0.767128 0.767128 0.767128
3316.659180 0.000000 1994.971436 0.000000 0.677852 0.000000 0.735199 0.652655 0.652655 0.652655
3325.200439 0.000000 1974.993652 0.000000 0.186530 0.000000 -0.982449 0.885641 0.885641 0.885641
3329.611084 0.000000 1988.748779 0.000000 0.866900 0.000000 0.498481 0.681761 0.681761 0.681761
3379.164307 0.000000 1990.611694 0.000000 0.572534 0.000000 0.819881 0.667748 0.667748 0.667748
3340.409424 0.000000 1975.310547 0.000000 0.930570 0.000000 0.366113 0.680611 0.680611 0.680611
3368.221680 0.000000 2002.902710 0.000000 0.552226 0.000000 -0.833695 0.753748 0.753748 0.753748
3347.710938 0.000000 1968.531616 0.000000 0.783425 0.000000 -0.621486 0.825638 0.825638 0.825638
3355.429932 0.000000 1983.019531 0.000000 0.666619 0.000000 -0.745399 0.776437 0.776437 0.776437
3343.636475 0.000000 1972.158447 0.000000 0.120058 0.000000 -0.992767 0.817614 0.817614 0.817614
3376.890625 0.000000 1971.496094 0.000000 0.914729 0.000000 0.404067 0.678483 0.678483 0.678483
3350.551758 0.000000 1955.673096 0.000000 0.110731 0.000000 -0.993850 0.757147 0.757147 0.757147
3334.297119 0.000000 1988.062134 0.000000 0.474520 0.000000 0.880245 0.659369 0.659369 0.659369
3311.850098 0.000000 1955.826294 0.000000 0.289725 0.000000 -0.957110 0.751769 0.751769 0.751769
3354.673096 0.000000 1935.127319 0.000000 0.239260 0.000000 0.970955 0.575494 0.575494 0.575494
3332.402832 0.000000 1972.053101 0.000000 0.898764 0.000000 0.438432 0.538198 0.538198 0.538198
3331.873779 0.000000 1987.272705 0.000000 0.604169 0.000000 -0.796856 0.743830 0.743830 0.743830
3351.720947 0.000000 1985.875000 0.000000 0.910854 0.000000 -0.412729 0.758886 0.758886 0.758886
3330.821777 0.000000 1976.085693 0.000000 0.990669 0.000000 -0.136288 0.748739 0.748739 0.748739
3367.234619 0.000000 1945.639160 0.000000 0.935849 0.000000 0.352401 0.661734 0.661734 0.661734
3313.889160 0.000000 1999.156250 0.000000 0.845291 0.000000 -0.534306 0.733099 0.733099 0.733099
3358.160889 0.000000 1926.944702 0.000000 0.903063 0.000000 0.429507 0.653450 0.653450 0.653450
3367.816162 0.000000 1942.104370 0.000000 0.978803 0.000000 -0.204805 0.712977 0.712977 0.712977
3371.429443 0.000000 1950.467651 0.000000 0.590425 0.000000 -0.807093 1.028270 1.028270 1.028270
3333.403809 0.000000 1976.633179 0.000000 0.998449 0.000000 0.055678 0.680140 0.680140 0.680140
3373.543457 0.000000 1978.898682 0.000000 0.908107 0.000000 0.418737 0.580400 0.580400 0.580400
3329.591797 0.000000 1968.335083 0.000000 0.139192 0.000000 -0.990265 0.826053 0.826053 0.826053
3315.426758 0.000000 1988.741455 0.000000 0.674771 0.000000 0.738027 0.650094 0.650094 0.650094
3335.666748 0.000000 1968.681763 0.000000 0.909073 0.000000 -0.416636 0.746262 0.746262 0.746262
3354.059082 0.000000 1931.815918 0.000000 0.826180 0.000000 -0.563406 0.761082 0.761082 0.761082
3347.540527 0.000000 1962.706665 0.000000 0.848270 0.000000 0.529563 0.612613 0.612613 0.612613
3352.656982 0.000000 1980.157715 0.000000 0.314089 0.000000 0.949394 0.526809 0.526809 0.526809
3340.185303 0.000000 1973.115234 0.000000 0.953476 0.000000 0.301469 0.600245 0.600245 0.600245
3332.570312 0.000000 1969.735840 0.000000 0.813097 0.000000 -0.582129 0.755596 0.755596 0.755596
3349.156250 0.000000 1959.625977 0.000000 0.673855 0.000000 0.738864 0.607014 0.607014 0.607014
3313.150635 0.000000 1991.659302 0.000000 0.984482 0.000000 -0.175488 0.716030 0.716030 0.716030
3361.117676 0.000000 1928.507202 0.000000 0.937300 0.000000 -0.348523 0.792573 0.792573 0.792573
3364.246338 0.000000 1959.583618 0.000000 0.318240 0.000000 -0.948010 0.917910 0.917910 0.917910
3324.455078 0.000000 1979.724121 0.000000 0.645894 0.000000 0.763427 0.639282 0.639282 0.639282
3352.630615 0.000000 1959.920654 0.000000 0.671769 0.000000 -0.740760 0.880772 0.880772 0.880772
3328.564453 0.000000 1971.725098 0.000000 0.959495 0.000000 0.281726 0.637313 0.637313 0.637313
3360.325928 0.000000 1930.835449 0.000000 0.936530 0.000000 0.350587 0.575805 0.575805 0.575805
3335.800049 0.000000 1986.609863 0.000000 0.659279 0.000000 0.751898 0.644086 0.644086 0.644086
3350.200684 0.000000 1984.025269 0.000000 0.989809 0.000000 -0.142402 0.719777 0.719777 0.719777
3343.616211 0.000000 1963.183716 0.000000 0.410987 0.000000 0.911641 0.629426 0.629426 0.629426
3353.706787 0.000000 1982.040283 0.000000 0.897518 0.000000 0.440978 0.636790 0.636790 0.636790
3349.271973 0.000000 2008.115234 0.000000 0.848686 0.000000 -0.528897 0.745190 0.745190 0.745190
3313.369385 0.000000 1995.565430 0.000000 0.937988 0.000000 -0.346668 0.747019 0.747019 0.747019
3364.935547 0.000000 1961.394775 0.000000 0.850859 0.000000 0.525394 0.606421 0.606421 0.606421
3361.201660 0.000000 1960.479858 0.000000 0.928121 0.000000 0.372279 0.663735 0.663735 0.663735
3352.602783 0.000000 1955.867188 0.000000 0.970325 0.000000 -0.241805 0.721170 0.721170 0.721170
3326.633789 0.000000 1976.294312 0.000000 0.998920 0.000000 -0.046469 0.711828 0.711828 0.711828
3331.480713 0.000000 1968.021606 0.000000 0.758097 0.000000 -0.652142 0.770517 0.770517 0.770517
3329.818359 0.000000 1978.028931 0.000000 0.204323 0.000000 -0.978903 1.146564 1.146564 1.146564
3367.243652 0.000000 1953.392456 0.000000 0.993314 0.000000 -0.115441 0.723940 0.723940 0.723940
3326.663574 0.000000 1985.404663 0.000000 0.281659 0.000000 -0.959514 0.836564 0.836564 0.836564
3375.591309 0.000000 1982.055786 0.000000 0.596289 0.000000 -0.802770 0.769053 0.769053 0.769053
3333.976562 0.000000 1973.120483 0.000000 0.999999 0.000000 -0.001510 0.700538 0.700538 0.700538
3373.066650 0.000000 1953.445312 0.000000 0.275083 0.000000 0.961420 0.443481 0.443481 0.443481
3336.371338 0.000000 1970.447266 0.000000 0.996003 0.000000 0.089321 0.674241 0.674241 0.674241
3345.738525 0.000000 1968.165283 0.000000 0.031244 0.000000 0.999512 0.168359 0.168359 0.168359
3343.730469 0.000000 1965.004395 0.000000 0.707724 0.000000 0.706489 0.590318 0.590318 0.590318
3329.456299 0.000000 1981.837646 0.000000 0.900922 0.000000 0.433981 0.593935 0.593935 0.593935
3337.026611 0.000000 1977.942871 0.000000 0.103464 0.000000 0.994633 0.203617 0.203617 0.203617
3372.670898 0.000000 1991.098511 0.000000 0.006260 0.000000 -0.999980 0.813741 0.813741 0.813741
3335.581299 0.000000 1979.944458 0.000000 0.295484 0.000000 -0.955348 1.153061 1.153061 1.153061
3382.945312 0.000000 2008.243652 0.000000 0.896226 0.000000 0.443598 0.665302 0.665302 0.665302
3326.723633 0.000000 1987.441040 0.000000 0.974957 0.000000 0.222394 0.681187 0.681187 0.681187
3376.638916 0.000000 1983.821655 0.000000 0.147793 0.000000 0.989018 0.594599 0.594599 0.594599
3352.715088 0.000000 1929.704468 0.000000 0.817678 0.000000 0.575675 0.648543 0.648543 0.648543
3349.046875 0.000000 1961.729004 0.000000 0.128240 0.000000 -0.991743 0.952037 0.952037 0.952037
3341.859375 0.000000 1972.510864 0.000000 0.969942 0.000000 0.243337 0.619929 0.619929 0.619929
3361.905273 0.000000 1934.392334 0.000000 0.636518 0.000000 0.771262 0.549764 0.549764 0.549764
3375.080811 0.000000 1950.683350 0.000000 0.251197 0.000000 -0.967936 0.902519 0.902519 0.902519
3375.901611 0.000000 1974.480347 0.000000 0.626977 0.000000 0.779038 0.381593 0.381593 0.381593
3350.822021 0.000000 1959.074829 0.000000 0.989653 0.000000 0.143480 0.675443 0.675443 0.675443
3317.121094 0.000000 1991.927979 0.000000 0.686271 0.000000 0.727346 0.632820 0.632820 0.632820
3333.511719 0.000000 1978.441528 0.000000 0.886862 0.000000 0.462035 0.528774 0.528774 0.528774
3351.217773 0.000000 1963.104370 0.000000 0.945532 0.000000 -0.325530 0.784368 0.784368 0.784368
3341.682617 0.000000 1966.144531 0.000000 0.981130 0.000000 0.193347 0.663549 0.663549 0.663549
3352.523438 0.000000 1984.279419 0.000000 0.310894 0.000000 0.950445 0.526344 0.526344 0.526344
3339.509521 0.000000 1970.189209 0.000000 0.861878 0.000000 -0.507116 0.879193 0.879193 0.879193
3360.552734 0.000000 1958.860596 0.000000 0.258189 0.000000 0.966094 0.557184 0.557184 0.557184
3330.258301 0.000000 1983.527710 0.000000 0.941950 0.000000 -0.335754 0.759359 0.759359 0.759359
3314.839844 0.000000 1990.324707 0.000000 0.178211 0.000000 -0.983992 0.842028 0.842028 0.842028
3329.135986 0.000000 1985.001587 0.000000 0.792115 0.000000 0.610372 0.632077 0.632077 0.632077
3347.117188 0.000000 1964.358643 0.000000 0.808220 0.000000 -0.588881 0.835570 0.835570 0.835570
3344.063721 0.000000 1968.312378 0.000000 0.093770 0.000000 0.995594 0.189997 0.189997 0.189997
3373.997070 0.000000 1977.276245 0.000000 0.665006 0.000000 0.746838 0.488962 0.488962 0.488962
3327.187988 0.000000 1982.523071 0.000000 0.718929 0.000000 0.695084 0.606521 0.606521 0.606521
3311.678955 0.000000 1995.784790 0.000000 0.783679 0.000000 -0.621166 0.788080 0.788080 0.788080
3334.145020 0.000000 1969.260376 0.000000 0.905069 0.000000 -0.425265 0.747286 0.747286 0.747286
3311.642090 0.000000 1992.257080 0.000000 0.642600 0.000000 0.766202 0.603589 0.603589 0.603589
3313.213867 0.000000 2006.557495 0.000000 0.948730 0.000000 -0.316087 0.731024 0.731024 0.731024
3372.111572 0.000000 1988.323364 0.000000 0.933156 0.000000 0.359472 0.664529 0.664529 0.664529
3311.654541 0.000000 2007.351807 0.000000 0.411124 0.000000 -0.911580 0.828299 0.828299 0.828299
3365.853516 0.000000 1958.219116 0.000000 0.274761 0.000000 0.961513 0.474133 0.474133 0.474133
3328.001465 0.000000 1981.167969 0.000000 0.735107 0.000000 0.677951 0.523983 0.523983 0.523983
3324.302246 0.000000 1976.315186 0.000000 0.181991 0.000000 0.983300 0.554484 0.554484 0.554484
3329.026611 0.000000 1975.089844 0.000000 0.387538 0.000000 -0.921854 1.118125 1.118125 1.118125
3324.985840 0.000000 1972.443237 0.000000 0.477440 0.000000 0.878664 0.584484 0.584484 0.584484
3362.745361 0.000000 1933.038818 0.000000 0.640489 0.000000 -0.767968 0.805284 0.805284 0.805284
3315.125488 0.000000 1995.530273 0.000000 0.517961 0.000000 -0.855404 0.804746 0.804746 0.804746
3359.639160 0.000000 1933.376831 0.000000 0.849305 0.000000 0.527902 0.611364 0.611364 0.611364
3345.723633 0.000000 1965.123657 0.000000 0.836088 0.000000 0.548595 0.599333 0.599333 0.599333
3359.491943 0.000000 1927.700562 0.000000 0.912160 0.000000 -0.409834 0.744277 0.744277 0.744277
3328.058838 0.000000 1973.167603 0.000000 0.644143 0.000000 -0.764906 1.010480 1.010480 1.010480
3356.726074 0.000000 1958.731079 0.000000 0.506658 0.000000 -0.862147 0.941244 0.941244 0.941244
3355.431396 0.000000 1931.016235 0.000000 0.355537 0.000000 0.934662 0.576783 0.576783 0.576783
3311.831787 0.000000 2004.162598 0.000000 0.710335 0.000000 -0.703864 0.793881 0.793881 0.793881
3335.948486 0.000000 1976.771729 0.000000 0.980801 0.000000 0.195014 0.630028 0.630028 0.630028
3336.917969 0.000000 1974.870239 0.000000 0.973584 0.000000 -0.228328 0.782125 0.782125 0.782125
3350.338623 0.000000 1982.123169 0.000000 0.999653 0.000000 -0.026351 0.703648 0.703648 0.703648
3353.970459 0.000000 1983.709961 0.000000 0.271854 0.000000 -0.962338 0.879305 0.879305 0.879305
3327.017822 0.000000 1971.081055 0.000000 0.600705 0.000000 0.799471 0.561415 0.561415 0.561415
3339.724365 0.000000 1971.669922 0.000000 0.874993 0.000000 0.484135 0.529722 0.529722 0.529722
3337.306641 0.000000 1972.496826 0.000000 0.403816 0.000000 0.914840 0.288194 0.288194 0.288194
3338.624756 0.000000 1967.157471 0.000000 0.814926 0.000000 -0.579565 0.767414 0.767414 0.767414
3364.837891 0.000000 1944.709595 0.000000 0.996766 0.000000 -0.080353 0.711583 0.711583 0.711583
3327.224609 0.000000 1984.042114 0.000000 0.340256 0.000000 -0.940333 0.830012 0.830012 0.830012
3369.930176 0.000000 1950.154053 0.000000 0.680406 0.000000 -0.732836 0.880532 0.880532 0.880532
3343.280029 0.000000 1966.477173 0.000000 0.526565 0.000000 0.850135 0.451365 0.451365 0.451365
3328.216797 0.000000 1978.019775 0.000000 0.651999 0.000000 0.758219 0.418464 0.418464 0.418464
3346.489014 0.000000 1969.446289 0.000000 0.892975 0.000000 0.450107 0.612533 0.612533 0.612533
3334.063965 0.000000 1974.738770 0.000000 0.987998 0.000000 -0.154469 0.755290 0.755290 0.755290
3326.189697 0.000000 1973.895630 0.000000 0.914487 0.000000 -0.404616 0.803081 0.803081 0.803081
3342.632080 0.000000 1971.112061 0.000000 0.770047 0.000000 -0.637988 0.925380 0.925380 0.925380
3362.087402 0.000000 1935.979492 0.000000 0.232655 0.000000 0.972559 0.444111 0.444111 0.444111
3340.916504 0.000000 1967.380005 0.000000 0.958330 0.000000 0.285664 0.645728 0.645728 0.645728
3373.877686 0.000000 1974.191406 0.000000 0.241713 0.000000 -0.970348 1.022730 1.022730 1.022730
3351.578369 0.000000 1981.272339 0.000000 0.303956 0.000000 0.952686 0.525335 0.525335 0.525335
3357.158691 0.000000 1932.166870 0.000000 0.964882 0.000000 -0.262682 0.762802 0.762802 0.762802
3330.691895 0.000000 1974.686768 0.000000 0.793418 0.000000 -0.608676 0.933295 0.933295 0.933295
3358.282227 0.000000 1930.849854 0.000000 0.750461 0.000000 0.660915 0.442589 0.442589 0.442589
3348.464600 0.000000 1964.717773 0.000000 0.483144 0.000000 0.875541 0.433091 0.433091 0.433091
3353.134766 0.000000 1958.579224 0.000000 0.641385 0.000000 -0.767219 0.889503 0.889503 0.889503
3332.024902 0.000000 1976.928101 0.000000 0.698347 0.000000 -0.715759 0.984389 0.984389 0.984389
3338.794434 0.000000 1972.693115 0.000000 0.965449 0.000000 0.260592 0.606012 0.606012 0.606012
3372.982666 0.000000 1975.646484 0.000000 0.502607 0.000000 -0.864515 0.954012 0.954012 0.954012
3374.952881 0.000000 1978.893188 0.000000 0.006618 0.000000 0.999978 0.183909 0.183909 0.183909
3337.609863 0.000000 1969.909912 0.000000 0.758164 0.000000 -0.652064 0.821152 0.821152 0.821152
3334.270020 0.000000 1979.579224 0.000000 0.929571 0.000000 0.368643 0.565401 0.565401 0.565401
3363.060059 0.000000 1931.624756 0.000000 0.545770 0.000000 -0.837935 0.958347 0.958347 0.958347
3326.461914 0.000000 1977.751709 0.000000 0.373225 0.000000 -0.927741 1.002364 1.002364 1.002364
3382.921631 0.000000 2006.802368 0.000000 0.841052 0.000000 -0.540955 0.776713 0.776713 0.776713
3373.863037 0.000000 1965.987427 0.000000 0.316287 0.000000 -0.948663 0.933986 0.933986 0.933986
3359.988281 0.000000 1932.085205 0.000000 0.983822 0.000000 -0.179150 0.728708 0.728708 0.728708
3373.031738 0.000000 1973.201782 0.000000 0.742095 0.000000 -0.670294 0.850973 0.850973 0.850973
3374.200439 0.000000 1980.100464 0.000000 0.461385 0.000000 0.887200 0.349106 0.349106 0.349106
3372.506836 0.000000 1978.099365 0.000000 0.978041 0.000000 0.208412 0.641882 0.641882 0.641882
3361.230957 0.000000 1929.826050 0.000000 0.047331 0.000000 0.998879 0.303842 0.303842 0.303842
3372.055176 0.000000 1981.251465 0.000000 0.816139 0.000000 -0.577856 0.840400 0.840400 0.840400
3331.522705 0.000000 1983.739258 0.000000 0.837315 0.000000 0.546720 0.599721 0.599721 0.599721
3361.447510 0.000000 1931.424194 0.000000 0.857342 0.000000 0.514748 0.512524 0.512524 0.512524
3350.205322 0.000000 1962.293213 0.000000 0.528056 0.000000 0.849209 0.441866 0.441866 0.441866
3335.733887 0.000000 1971.635498 0.000000 0.927996 0.000000 -0.372590 0.791276 0.791276 0.791276
3352.036133 0.000000 1961.125488 0.000000 0.644716 0.000000 -0.764422 0.910458 0.910458 0.910458
3335.125977 0.000000 1974.004272 0.000000 0.791475 0.000000 0.611202 0.465569 0.465569 0.465569
3331.831299 0.000000 1970.842163 0.000000 0.500394 0.000000 -0.865798 0.967805 0.967805 0.967805
3333.259521 0.000000 1971.053223 0.000000 0.633988 0.000000 0.773343 0.473807 0.473807 0.473807
3329.750488 0.000000 1976.788086 0.000000 0.209570 0.000000 0.977794 0.215271 0.215271 0.215271
3334.683594 0.000000 1977.001221 0.000000 0.790849 0.000000 0.612011 0.465204 0.465204 0.465204
3332.385986 0.000000 1975.730225 0.000000 0.814712 0.000000 -0.579866 0.920523 0.920523 0.920523
3339.637695 0.000000 1974.255371 0.000000 0.220048 0.000000 -0.975489 1.128099 1.128099 1.128099
3336.855225 0.000000 1973.635376 0.000000 0.492155 0.000000 0.870508 0.323445 0.323445 0.323445
3339.323975 0.000000 1968.221802 0.000000 0.016516 0.000000 -0.999864 1.060716 1.060716 1.060716
3372.861328 0.000000 1979.980713 0.000000 0.038250 0.000000 -0.999268 1.124233 1.124233 1.124233
3357.984131 0.000000 1959.834961 0.000000 0.559074 0.000000 -0.829118 0.926864 0.926864 0.926864
3332.755859 0.000000 1973.242432 0.000000 0.059255 0.000000 0.998243 0.161137 0.161137 0.161137
3327.842529 0.000000 1979.909424 0.000000 0.708995 0.000000 -0.705214 0.852108 0.852108 0.852108
3346.330566 0.000000 1962.574585 0.000000 0.694767 0.000000 0.719235 0.574310 0.574310 0.574310
3360.874268 0.000000 1935.790405 0.000000 0.034193 0.000000 0.999415 0.437912 0.437912 0.437912
3330.398926 0.000000 1981.050415 0.000000 0.014375 0.000000 -0.999897 1.159132 1.159132 1.159132
3374.584473 0.000000 1981.370728 0.000000 0.953949 0.000000 -0.299967 0.797965 0.797965 0.797965
3330.869385 0.000000 1977.353394 0.000000 0.994554 0.000000 0.104221 0.662777 0.662777 0.662777
3375.071289 0.000000 1976.636597 0.000000 0.584152 0.000000 -0.811644 1.025683 1.025683 1.025683
3348.376221 0.000000 1960.663208 0.000000 0.248723 0.000000 -0.968575 0.930582 0.930582 0.930582
3372.128906 0.000000 1970.797485 0.000000 0.329424 0.000000 -0.944182 1.048805 1.048805 1.048805
3336.855225 0.000000 1968.955933 0.000000 0.440917 0.000000 -0.897548 0.890039 0.890039 0.890039
3353.273438 0.000000 1961.107910 0.000000 0.047465 0.000000 -0.998873 1.068437 1.068437 1.068437
3372.670898 0.000000 1950.580444 0.000000 0.994223 0.000000 0.107333 0.664217 0.664217 0.664217
3360.119141 0.000000 1929.170654 0.000000 0.844518 0.000000 -0.535528 0.846957 0.846957 0.846957
3373.569092 0.000000 1948.445801 0.000000 0.882353 0.000000 0.470589 0.590401 0.590401 0.590401
3359.297363 0.000000 1930.271240 0.000000 0.111211 0.000000 0.993797 0.179730 0.179730 0.179730
3334.417236 0.000000 1972.030273 0.000000 0.201327 0.000000 -0.979524 1.187732 1.187732 1.187732
3348.681396 0.000000 1963.006104 0.000000 0.870477 0.000000 0.492209 0.582725 0.582725 0.582725
3351.421875 0.000000 1960.089478 0.000000 0.153405 0.000000 -0.988163 1.042671 1.042671 1.042671
3375.866211 0.000000 1970.480957 0.000000 0.897028 0.000000 0.441974 0.550872 0.550872 0.550872
3327.750488 0.000000 1975.700684 0.000000 0.183894 0.000000 -0.982946 1.101065 1.101065 1.101065
3334.352539 0.000000 1975.868408 0.000000 0.991850 0.000000 0.127409 0.654454 0.654454 0.654454
3341.851074 0.000000 1970.065430 0.000000 0.059956 0.000000 -0.998201 1.238612 1.238612 1.238612
3327.488770 0.000000 1977.127319 0.000000 0.693416 0.000000 -0.720538 0.904723 0.904723 0.904723
3331.823486 0.000000 1980.831665 0.000000 0.941193 0.000000 -0.337870 0.801670 0.801670 0.801670
3346.601318 0.000000 1965.924927 0.000000 0.934815 0.000000 -0.355136 0.778168 0.778168 0.778168
3385.322021 0.000000 2011.100342 0.000000 0.195302 0.000000 0.980743 0.696157 0.696157 0.696157
3389.096436 0.000000 1981.421265 0.000000 0.289393 0.000000 0.957210 0.676787 0.676787 0.676787
3383.716797 0.000000 2005.678467 0.000000 0.143990 0.000000 0.989579 0.636190 0.636190 0.636190
3390.791504 0.000000 1978.666260 0.000000 0.670982 0.000000 -0.741474 0.737368 0.737368 0.737368
3389.680176 0.000000 1977.185913 0.000000 0.787883 0.000000 0.615825 0.650841 0.650841 0.650841
3383.646729 0.000000 2007.351807 0.000000 0.591845 0.000000 0.806052 0.574181 0.574181 0.574181
3342.152344 0.000000 2015.982300 0.000000 0.906461 0.000000 -0.422290 0.701829 0.701829 0.701829
3336.597412 0.000000 2051.055664 0.000000 0.464578 0.000000 0.885532 0.674150 0.674150 0.674150
3334.442139 0.000000 2044.408203 0.000000 0.963953 0.000000 0.266071 0.695105 0.695105 0.695105
3355.998291 0.000000 2028.982300 0.000000 0.511271 0.000000 0.859420 0.647952 0.647952 0.647952
3382.071533 0.000000 2029.233154 0.000000 0.817273 0.000000 0.576250 0.675101 0.675101 0.675101
3324.286621 0.000000 2044.265259 0.000000 0.992290 0.000000 0.123934 0.697394 0.697394 0.697394
3352.555664 0.000000 2042.184326 0.000000 0.911755 0.000000 -0.410734 0.707693 0.707693 0.707693
3375.100830 0.000000 2019.400269 0.000000 0.202739 0.000000 -0.979233 0.742034 0.742034 0.742034
3344.146240 0.000000 2041.293457 0.000000 0.960801 0.000000 0.277239 0.675650 0.675650 0.675650
3351.509277 0.000000 2044.427734 0.000000 0.874363 0.000000 -0.485272 0.760211 0.760211 0.760211
3375.800293 0.000000 2017.515259 0.000000 0.550018 0.000000 0.835153 0.601888 0.601888 0.601888
3350.598145 0.000000 2042.242188 0.000000 0.924666 0.000000 0.380780 0.674331 0.674331 0.674331
3357.679932 0.000000 2030.050537 0.000000 0.233092 0.000000 0.972455 0.578634 0.578634 0.578634
3348.587402 0.000000 2045.521362 0.000000 0.580823 0.000000 -0.814030 0.766482 0.766482 0.766482
3336.793701 0.000000 2053.859131 0.000000 0.315610 0.000000 -0.948889 0.804830 0.804830 0.804830
3325.589844 0.000000 2047.947266 0.000000 0.743226 0.000000 -0.669041 0.757381 0.757381 0.757381
3350.093262 0.000000 2045.059448 0.000000 0.975003 0.000000 -0.222193 0.726627 0.726627 0.726627
3351.343018 0.000000 2045.959961 0.000000 0.978505 0.000000 0.206221 0.675316 0.675316 0.675316
3385.016113 0.000000 2027.855835 0.000000 0.526557 0.000000 -0.850140 0.718470 0.718470 0.718470
3226.285645 0.000000 2121.538574 0.000000 0.678935 0.000000 0.734199 0.650434 0.650434 0.650434
3177.406250 0.000000 2111.807373 0.000000 0.166081 0.000000 0.986112 0.641116 0.641116 0.641116
3264.605225 0.000000 2147.040039 0.000000 0.840062 0.000000 -0.542491 0.704810 0.704810 0.704810
3268.429932 0.000000 2123.628174 0.000000 0.749122 0.000000 -0.662432 0.729356 0.729356 0.729356
3263.082764 0.000000 2116.794434 0.000000 0.592265 0.000000 -0.805743 0.706549 0.706549 0.706549
3272.302979 0.000000 2139.764648 0.000000 0.694494 0.000000 0.719498 0.684281 0.684281 0.684281
3248.570068 0.000000 2139.261230 0.000000 0.632849 0.000000 -0.774275 0.735904 0.735904 0.735904
3248.644287 0.000000 2114.592041 0.000000 0.355527 0.000000 0.934666 0.654426 0.654426 0.654426
3262.444336 0.000000 2122.789307 0.000000 0.947681 0.000000 0.319219 0.693641 0.693641 0.693641
3265.610596 0.000000 2120.468262 0.000000 0.389688 0.000000 -0.920947 0.750730 0.750730 0.750730
3251.855957 0.000000 2112.158203 0.000000 0.817272 0.000000 -0.576252 0.718031 0.718031 0.718031
3260.845703 0.000000 2147.456543 0.000000 0.592072 0.000000 0.805885 0.663314 0.663314 0.663314
3247.781006 0.000000 2142.854248 0.000000 0.995165 0.000000 0.098221 0.696011 0.696011 0.696011
3256.463379 0.000000 2151.005371 0.000000 0.943861 0.000000 0.330344 0.685879 0.685879 0.685879
3260.727051 0.000000 2119.596680 0.000000 0.039179 0.000000 0.999232 0.635761 0.635761 0.635761
3268.537109 0.000000 2120.518311 0.000000 0.832107 0.000000 0.554614 0.678630 0.678630 0.678630
3269.527832 0.000000 2140.947510 0.000000 0.750798 0.000000 -0.660531 0.736315 0.736315 0.736315
3266.223877 0.000000 2144.863770 0.000000 0.542687 0.000000 0.839935 0.651206 0.651206 0.651206
3258.360596 0.000000 2151.933350 0.000000 0.525088 0.000000 0.851048 0.643072 0.643072 0.643072
3260.993164 0.000000 2149.356445 0.000000 0.602565 0.000000 0.798070 0.625068 0.625068 0.625068
3768.582031 0.000000 2234.357666 0.000000 0.036542 0.000000 0.999332 0.635651 0.635651 0.635651
3763.308350 0.000000 2236.458740 0.000000 0.350885 0.000000 0.936419 0.562717 0.562717 0.562717
3765.198975 0.000000 2234.399414 0.000000 0.969794 0.000000 0.243927 0.659349 0.659349 0.659349
3766.871582 0.000000 2234.566650 0.000000 0.846461 0.000000 -0.532451 0.753380 0.753380 0.753380
3763.776611 0.000000 2234.985352 0.000000 0.998140 0.000000 -0.060970 0.710832 0.710832 0.710832
3762.543945 0.000000 2237.763184 0.000000 0.896180 0.000000 0.443690 0.647941 0.647941 0.647941
3668.533936 0.000000 2340.258789 0.000000 0.999999 0.000000 -0.001413 0.700059 0.700059 0.700059
3669.625977 0.000000 2348.792480 0.000000 0.805562 0.000000 0.592512 0.682268 0.682268 0.682268
3669.652832 0.000000 2343.743652 0.000000 0.927861 0.000000 0.372927 0.659394 0.659394 0.659394
3666.336914 0.000000 2353.175049 0.000000 0.871926 0.000000 0.489638 0.657794 0.657794 0.657794
3668.282715 0.000000 2351.087402 0.000000 0.216103 0.000000 -0.976371 0.892938 0.892938 0.892938
3667.370605 0.000000 2342.583740 0.000000 0.761162 0.000000 -0.648562 0.797674 0.797674 0.797674
3664.859375 0.000000 2355.433594 0.000000 0.960419 0.000000 -0.278558 0.735125 0.735125 0.735125
3664.160645 0.000000 2343.781250 0.000000 0.675575 0.000000 -0.737292 0.735931 0.735931 0.735931
3671.207520 0.000000 2351.612549 0.000000 0.350911 0.000000 0.936409 0.545772 0.545772 0.545772
3669.853760 0.000000 2350.477539 0.000000 0.985930 0.000000 -0.167161 0.723950 0.723950 0.723950
3670.990234 0.000000 2342.878174 0.000000 0.024674 0.000000 -0.999696 0.853472 0.853472 0.853472
3670.891602 0.000000 2349.578613 0.000000 0.483758 0.000000 0.875202 0.455618 0.455618 0.455618
3669.509766 0.000000 2351.807861 0.000000 0.441942 0.000000 -0.897044 0.858722 0.858722 0.858722
3666.867920 0.000000 2343.843018 0.000000 0.564329 0.000000 0.825550 0.565581 0.565581 0.565581
3671.671143 0.000000 2342.249512 0.000000 0.143924 0.000000 0.989589 0.558415 0.558415 0.558415
3675.690430 0.000000 2346.412842 0.000000 0.480379 0.000000 -0.877061 0.767299 0.767299 0.767299
3671.812012 0.000000 2345.930664 0.000000 0.462708 0.000000 0.886511 0.677147 0.677147 0.677147
3682.326660 0.000000 2352.677734 0.000000 0.995131 0.000000 0.098558 0.696688 0.696688 0.696688
3677.057861 0.000000 2348.696289 0.000000 0.727346 0.000000 -0.686271 0.768733 0.768733 0.768733
3681.036133 0.000000 2349.031494 0.000000 0.677801 0.000000 0.735245 0.608767 0.608767 0.608767
3682.321289 0.000000 2350.661621 0.000000 0.039875 0.000000 0.999205 0.374672 0.374672 0.374672
3671.612793 0.000000 2351.738525 0.000000 0.280152 0.000000 0.959956 0.536282 0.536282 0.536282
3683.647461 0.000000 2351.702637 0.000000 0.412346 0.000000 0.911028 0.456517 0.456517 0.456517
3681.148193 0.000000 2351.692871 0.000000 0.422966 0.000000 0.906146 0.508152 0.508152 0.508152
3673.227051 0.000000 2349.581055 0.000000 0.486098 0.000000 0.873904 0.554334 0.554334 0.554334
3680.999268 0.000000 2350.222168 0.000000 0.993226 0.000000 -0.116197 0.719701 0.719701 0.719701
3669.381836 0.000000 2430.921875 0.000000 0.235678 0.000000 -0.971831 0.878892 0.878892 0.878892
3671.049316 0.000000 2420.153320 0.000000 0.665733 0.000000 -0.746190 0.720020 0.720020 0.720020
3669.924805 0.000000 2426.874268 0.000000 0.838695 0.000000 0.544602 0.651690 0.651690 0.651690
3666.583008 0.000000 2427.100586 0.000000 0.079871 0.000000 0.996805 0.624965 0.624965 0.624965
3670.086914 0.000000 2423.272217 0.000000 0.502761 0.000000 -0.864425 0.810929 0.810929 0.810929
3668.370850 0.000000 2422.684326 0.000000 0.045607 0.000000 0.998959 0.548607 0.548607 0.548607
3668.280518 0.000000 2427.721680 0.000000 0.550552 0.000000 0.834801 0.617142 0.617142 0.617142
3671.488037 0.000000 2422.000977 0.000000 0.637944 0.000000 -0.770083 0.793393 0.793393 0.793393
3677.253662 0.000000 2411.684326 0.000000 0.970823 0.000000 -0.239798 0.712526 0.712526 0.712526
3672.028076 0.000000 2414.809326 0.000000 0.243164 0.000000 -0.969985 0.803750 0.803750 0.803750
3675.553223 0.000000 2431.933350 0.000000 0.749526 0.000000 -0.661975 0.806200 0.806200 0.806200
3677.763916 0.000000 2426.534668 0.000000 0.983225 0.000000 -0.182397 0.720259 0.720259 0.720259
3677.394531 0.000000 2408.064209 0.000000 0.572100 0.000000 0.820184 0.626049 0.626049 0.626049
3673.964111 0.000000 2414.800537 0.000000 0.998867 0.000000 -0.047599 0.703728 0.703728 0.703728
3676.003906 0.000000 2426.947021 0.000000 0.957865 0.000000 0.287219 0.667824 0.667824 0.667824
3676.995605 0.000000 2409.768066 0.000000 0.487278 0.000000 0.873247 0.618352 0.618352 0.618352
3679.010742 0.000000 2427.526855 0.000000 0.036346 0.000000 0.999339 0.425408 0.425408 0.425408
3675.351074 0.000000 2430.507812 0.000000 0.860973 0.000000 0.508650 0.621667 0.621667 0.621667
4889.833984 0.000000 1234.703735 0.000000 0.300545 0.000000 0.953768 0.691153 0.691153 0.691153
4870.038574 0.000000 1222.892700 0.000000 0.072852 0.000000 0.997343 0.689529 0.689529 0.689529
4876.774902 0.000000 1230.576172 0.000000 0.999663 0.000000 -0.025949 0.700327 0.700327 0.700327
4876.095215 0.000000 1217.787109 0.000000 0.863559 0.000000 0.504248 0.697783 0.697783 0.697783
4882.394531 0.000000 1236.610107 0.000000 0.802362 0.000000 0.596837 0.695529 0.695529 0.695529
4882.293457 0.000000 1245.097168 0.000000 0.841907 0.000000 0.539623 0.696016 0.696016 0.696016
4880.897461 0.000000 1228.109253 0.000000 0.779121 0.000000 -0.626873 0.707578 0.707578 0.707578
4885.698730 0.000000 1233.423950 0.000000 0.985095 0.000000 0.172013 0.697583 0.697583 0.697583
4879.083008 0.000000 1224.552368 0.000000 0.323053 0.000000 0.946381 0.439573 0.439573 0.439573
4880.254883 0.000000 1223.677612 0.000000 0.989397 0.000000 0.145234 0.672491 0.672491 0.672491
4881.871094 0.000000 1225.102051 0.000000 0.938929 0.000000 -0.344112 0.773670 0.773670 0.773670
4889.477051 0.000000 1250.379272 0.000000 0.534645 0.000000 -0.845077 0.704222 0.704222 0.704222
4890.769043 0.000000 1264.767700 0.000000 0.900030 0.000000 -0.435828 0.701261 0.701261 0.701261
4888.906250 0.000000 1285.677246 0.000000 0.909258 0.000000 -0.416232 0.735411 0.735411 0.735411
4888.593750 0.000000 1283.353027 0.000000 0.887583 0.000000 -0.460648 0.739488 0.739488 0.739488
4891.917969 0.000000 1282.387085 0.000000 0.928184 0.000000 -0.372122 0.725588 0.725588 0.725588
4890.510254 0.000000 1283.965210 0.000000 0.993752 0.000000 0.111607 0.692495 0.692495 0.692495
4889.373535 0.000000 1279.629028 0.000000 0.329896 0.000000 0.944017 0.598163 0.598163 0.598163
4936.394043 0.000000 1244.309448 0.000000 0.506876 0.000000 -0.862019 0.705812 0.705812 0.705812
4956.218262 0.000000 1180.234619 0.000000 0.664581 0.000000 -0.747216 0.705899 0.705899 0.705899
4953.942383 0.000000 1193.891113 0.000000 0.772951 0.000000 0.634466 0.691352 0.691352 0.691352
4956.654785 0.000000 1167.802979 0.000000 0.585518 0.000000 -0.810660 0.710572 0.710572 0.710572
4957.254883 0.000000 1174.253540 0.000000 0.305600 0.000000 0.952160 0.641858 0.641858 0.641858
4938.177246 0.000000 1238.927002 0.000000 0.101186 0.000000 -0.994868 0.732870 0.732870 0.732870
4957.679199 0.000000 1191.492554 0.000000 0.781930 0.000000 0.623366 0.685886 0.685886 0.685886
4959.333008 0.000000 1177.895264 0.000000 0.389050 0.000000 -0.921217 0.739298 0.739298 0.739298
4956.557617 0.000000 1177.072021 0.000000 0.993207 0.000000 0.116363 0.695924 0.695924 0.695924
4959.812988 0.000000 1175.154907 0.000000 0.736269 0.000000 0.676690 0.670905 0.670905 0.670905
4945.107910 0.000000 1245.293457 0.000000 0.941362 0.000000 0.337398 0.649961 0.649961 0.649961
4947.043457 0.000000 1245.271729 0.000000 0.235790 0.000000 0.971804 0.224860 0.224860 0.224860
4941.673340 0.000000 1243.265137 0.000000 0.333581 0.000000 -0.942721 1.130149 1.130149 1.130149
4944.085938 0.000000 1244.031738 0.000000 0.447443 0.000000 -0.894312 0.860941 0.860941 0.860941
4942.723145 0.000000 1239.086182 0.000000 0.557109 0.000000 -0.830440 0.910974 0.910974 0.910974
4959.475098 0.000000 1247.205811 0.000000 0.023531 0.000000 -0.999723 1.251610 1.251610 1.251610
4947.305176 0.000000 1247.312012 0.000000 0.561215 0.000000 0.827670 0.352426 0.352426 0.352426
4944.586914 0.000000 1246.533813 0.000000 0.976477 0.000000 0.215622 0.666274 0.666274 0.666274
4942.966797 0.000000 1241.130249 0.000000 0.831239 0.000000 0.555915 0.489852 0.489852 0.489852
4942.769043 0.000000 1244.036377 0.000000 0.935729 0.000000 -0.352719 0.828512 0.828512 0.828512
4941.139160 0.000000 1242.015137 0.000000 0.250388 0.000000 0.968146 0.239436 0.239436 0.239436
4940.787598 0.000000 1239.601196 0.000000 0.982987 0.000000 -0.183673 0.743903 0.743903 0.743903
4958.510254 0.000000 1246.367554 0.000000 0.646161 0.000000 -0.763201 1.009538 1.009538 1.009538
4948.866699 0.000000 1245.300659 0.000000 0.917960 0.000000 -0.396674 0.794663 0.794663 0.794663
4949.327148 0.000000 1247.256836 0.000000 0.317571 0.000000 -0.948235 1.022690 1.022690 1.022690
4943.915527 0.000000 1238.862671 0.000000 0.996407 0.000000 -0.084689 0.718256 0.718256 0.718256
4941.973145 0.000000 1245.685181 0.000000 0.991761 0.000000 -0.128101 0.737175 0.737175 0.737175
4949.708984 0.000000 1244.397217 0.000000 0.915410 0.000000 -0.402522 0.796144 0.796144 0.796144
4997.781250 0.000000 1196.558105 0.000000 0.995037 0.000000 -0.099507 0.700279 0.700279 0.700279
4974.429688 0.000000 1225.027832 0.000000 0.550525 0.000000 0.834819 0.683428 0.683428 0.683428
4998.637695 0.000000 1212.273682 0.000000 0.180673 0.000000 0.983543 0.684463 0.684463 0.684463
4974.124023 0.000000 1231.223877 0.000000 0.814139 0.000000 -0.580670 0.720788 0.720788 0.720788
4979.370605 0.000000 1221.771240 0.000000 0.954479 0.000000 -0.298279 0.703811 0.703811 0.703811
4998.944824 0.000000 1206.787109 0.000000 0.203389 0.000000 0.979098 0.671354 0.671354 0.671354
4996.877930 0.000000 1203.077271 0.000000 0.013308 0.000000 -0.999911 0.732662 0.732662 0.732662
4978.357422 0.000000 1225.703857 0.000000 0.660463 0.000000 0.750859 0.682188 0.682188 0.682188
4987.584473 0.000000 1210.400635 0.000000 0.925877 0.000000 0.377826 0.691875 0.691875 0.691875
4975.775391 0.000000 1228.102173 0.000000 0.432574 0.000000 -0.901598 0.742408 0.742408 0.742408
4998.327637 0.000000 1199.852539 0.000000 0.987212 0.000000 0.159411 0.694852 0.694852 0.694852
4982.625488 0.000000 1221.365601 0.000000 0.979351 0.000000 -0.202166 0.706831 0.706831 0.706831
4976.892090 0.000000 1230.519287 0.000000 0.991923 0.000000 -0.126839 0.704445 0.704445 0.704445
4925.980469 0.000000 1248.107300 0.000000 0.978606 0.000000 -0.205743 0.700290 0.700290 0.700290
4911.412598 0.000000 1249.254272 0.000000 0.628979 0.000000 -0.777423 0.712451 0.712451 0.712451
4906.181152 0.000000 1257.836426 0.000000 0.221541 0.000000 -0.975151 0.722605 0.722605 0.722605
4918.903320 0.000000 1252.934814 0.000000 0.876377 0.000000 0.481627 0.695082 0.695082 0.695082
4904.464844 0.000000 1250.732544 0.000000 0.767799 0.000000 -0.640691 0.704861 0.704861 0.704861
4928.781250 0.000000 1298.050415 0.000000 0.526736 0.000000 0.850029 0.692897 0.692897 0.692897
4935.795898 0.000000 1297.962402 0.000000 0.862463 0.000000 -0.506120 0.707419 0.707419 0.707419
4899.557617 0.000000 1290.584717 0.000000 0.007330 0.000000 -0.999973 0.734973 0.734973 0.734973
4934.602051 0.000000 1253.562256 0.000000 0.376945 0.000000 -0.926236 0.713246 0.713246 0.713246
4896.852051 0.000000 1259.980835 0.000000 0.884250 0.000000 -0.467014 0.706793 0.706793 0.706793
4944.238281 0.000000 1302.522949 0.000000 0.756601 0.000000 -0.653876 0.710960 0.710960 0.710960
4941.774902 0.000000 1248.282104 0.000000 0.617482 0.000000 -0.786585 0.716453 0.716453 0.716453
4945.719238 0.000000 1297.272827 0.000000 0.881188 0.000000 0.472765 0.689673 0.689673 0.689673
4915.942383 0.000000 1249.316406 0.000000 0.768917 0.000000 -0.639349 0.709698 0.709698 0.709698
4901.120605 0.000000 1259.871826 0.000000 0.734121 0.000000 0.679019 0.433894 0.433894 0.433894
4900.407715 0.000000 1286.283691 0.000000 0.679114 0.000000 -0.734033 0.719590 0.719590 0.719590
4964.445312 0.000000 1304.316528 0.000000 0.977695 0.000000 -0.210032 0.704438 0.704438 0.704438
4938.291992 0.000000 1289.078857 0.000000 0.798527 0.000000 0.601959 0.688260 0.688260 0.688260
4942.794922 0.000000 1282.854736 0.000000 0.998597 0.000000 -0.052954 0.702000 0.702000 0.702000
4898.109863 0.000000 1288.037598 0.000000 0.696248 0.000000 -0.717801 0.725745 0.725745 0.725745
4911.057617 0.000000 1253.459961 0.000000 0.195809 0.000000 -0.980642 0.794107 0.794107 0.794107
4901.495117 0.000000 1288.775513 0.000000 0.875198 0.000000 -0.483765 0.741651 0.741651 0.741651
4941.989258 0.000000 1255.054077 0.000000 0.486735 0.000000 0.873550 0.530667 0.530667 0.530667
4911.461914 0.000000 1257.789673 0.000000 0.323624 0.000000 -0.946186 1.121687 1.121687 1.121687
4902.181641 0.000000 1261.861694 0.000000 0.980906 0.000000 0.194480 0.630222 0.630222 0.630222
4905.997070 0.000000 1289.707397 0.000000 0.802590 0.000000 -0.596532 0.741106 0.741106 0.741106
4931.224609 0.000000 1259.169312 0.000000 0.075302 0.000000 0.997161 0.501383 0.501383 0.501383
4922.416016 0.000000 1254.687378 0.000000 0.040912 0.000000 0.999163 0.291477 0.291477 0.291477
4920.431641 0.000000 1254.212769 0.000000 0.781590 0.000000 0.623793 0.591702 0.591702 0.591702
4912.793457 0.000000 1254.071777 0.000000 0.986396 0.000000 -0.164386 0.752869 0.752869 0.752869
4902.829590 0.000000 1259.526123 0.000000 0.403639 0.000000 -0.914918 1.111875 1.111875 1.111875
4953.977051 0.000000 1249.520020 0.000000 0.454946 0.000000 0.890519 0.471172 0.471172 0.471172
4909.192871 0.000000 1255.166992 0.000000 0.925756 0.000000 0.378121 0.587781 0.587781 0.587781
4949.454102 0.000000 1249.529907 0.000000 0.563989 0.000000 0.825782 0.604916 0.604916 0.604916
4913.122070 0.000000 1257.647583 0.000000 0.534496 0.000000 0.845171 0.424092 0.424092 0.424092
4924.684570 0.000000 1258.248291 0.000000 0.326799 0.000000 -0.945094 0.926714 0.926714 0.926714
4921.405762 0.000000 1266.514404 0.000000 0.699134 0.000000 0.714990 0.518464 0.518464 0.518464
4943.319824 0.000000 1255.809937 0.000000 0.675930 0.000000 -0.736966 0.995391 0.995391 0.995391
4942.799805 0.000000 1253.642944 0.000000 0.011348 0.000000 -0.999936 1.255954 1.255954 1.255954
4900.714355 0.000000 1261.381592 0.000000 0.024427 0.000000 0.999702 0.148709 0.148709 0.148709
4903.656250 0.000000 1261.430542 0.000000 0.772078 0.000000 -0.635527 0.945523 0.945523 0.945523
4950.303223 0.000000 1248.296753 0.000000 0.980505 0.000000 -0.196493 0.749772 0.749772 0.749772
4951.977051 0.000000 1250.794678 0.000000 0.711721 0.000000 -0.702463 0.977666 0.977666 0.977666
4951.841797 0.000000 1248.251953 0.000000 0.995123 0.000000 -0.098641 0.724864 0.724864 0.724864
4922.927734 0.000000 1256.372070 0.000000 0.119586 0.000000 -0.992824 1.217265 1.217265 1.217265
4924.081543 0.000000 1265.076538 0.000000 0.112337 0.000000 -0.993670 0.971146 0.971146 0.971146
4924.030762 0.000000 1255.260864 0.000000 0.814055 0.000000 0.580788 0.622892 0.622892 0.622892
4924.727051 0.000000 1267.881226 0.000000 0.898115 0.000000 -0.439760 0.862329 0.862329 0.862329
4908.077148 0.000000 1257.691162 0.000000 0.586027 0.000000 0.810292 0.451712 0.451712 0.451712
4925.708496 0.000000 1256.964722 0.000000 0.777114 0.000000 0.629360 0.562954 0.562954 0.562954
4952.552734 0.000000 1249.477051 0.000000 0.489837 0.000000 0.871814 0.479420 0.479420 0.479420
4942.479492 0.000000 1250.668579 0.000000 0.957259 0.000000 -0.289232 0.745125 0.745125 0.745125
4921.281250 0.000000 1262.884399 0.000000 0.488690 0.000000 -0.872458 1.048327 1.048327 1.048327
4923.231934 0.000000 1266.832275 0.000000 0.583642 0.000000 0.812011 0.362178 0.362178 0.362178
4959.613770 0.000000 1248.276611 0.000000 0.994346 0.000000 0.106185 0.662073 0.662073 0.662073
4921.191895 0.000000 1255.309570 0.000000 0.640053 0.000000 0.768331 0.559122 0.559122 0.559122
4944.309570 0.000000 1251.151733 0.000000 0.982384 0.000000 -0.186875 0.726281 0.726281 0.726281
4910.670410 0.000000 1256.733643 0.000000 0.604922 0.000000 -0.796285 1.012935 1.012935 1.012935
4900.041016 0.000000 1259.122681 0.000000 0.354113 0.000000 -0.935203 1.130957 1.130957 1.130957
4925.339844 0.000000 1265.372559 0.000000 0.430035 0.000000 0.902812 0.490579 0.490579 0.490579
4919.062988 0.000000 1262.151489 0.000000 0.955915 0.000000 -0.293643 0.746667 0.746667 0.746667
4923.926270 0.000000 1263.343628 0.000000 0.939424 0.000000 -0.342756 0.761139 0.761139 0.761139
4940.698242 0.000000 1255.204590 0.000000 0.940561 0.000000 0.339625 0.644772 0.644772 0.644772
4918.202637 0.000000 1265.871826 0.000000 0.913822 0.000000 0.406116 0.629255 0.629255 0.629255
4901.998535 0.000000 1258.529907 0.000000 0.988502 0.000000 0.151211 0.645885 0.645885 0.645885
4920.109863 0.000000 1256.405640 0.000000 0.402335 0.000000 0.915492 0.444485 0.444485 0.444485
4921.656250 0.000000 1257.850708 0.000000 0.119437 0.000000 -0.992842 1.020534 1.020534 1.020534
4951.519043 0.000000 1252.112427 0.000000 0.958806 0.000000 0.284063 0.646040 0.646040 0.646040
4921.813965 0.000000 1264.427246 0.000000 0.723647 0.000000 0.690170 0.428440 0.428440 0.428440
4945.199707 0.000000 1255.373657 0.000000 0.522816 0.000000 -0.852445 0.965409 0.965409 0.965409
4960.797852 0.000000 1249.185059 0.000000 0.066173 0.000000 0.997808 0.163609 0.163609 0.163609
4902.120605 0.000000 1260.630371 0.000000 0.848554 0.000000 0.529109 0.501230 0.501230 0.501230
4928.196777 0.000000 1257.934082 0.000000 0.789050 0.000000 -0.614329 0.910870 0.910870 0.910870
4929.878418 0.000000 1259.189697 0.000000 0.838596 0.000000 -0.544755 0.905382 0.905382 0.905382
4919.507324 0.000000 1265.350342 0.000000 0.005826 0.000000 0.999983 0.435260 0.435260 0.435260
4913.982910 0.000000 1256.118042 0.000000 0.894713 0.000000 -0.446642 0.826874 0.826874 0.826874
4913.526855 0.000000 1254.989990 0.000000 0.433065 0.000000 0.901363 0.340493 0.340493 0.340493
4911.709473 0.000000 1254.550781 0.000000 0.946006 0.000000 0.324148 0.582313 0.582313 0.582313
4958.502441 0.000000 1249.277344 0.000000 0.727127 0.000000 0.686503 0.430242 0.430242 0.430242
4927.166016 0.000000 1256.308838 0.000000 0.974768 0.000000 0.223222 0.651217 0.651217 0.651217
4986.142090 0.000000 1263.643188 0.000000 0.994994 0.000000 0.099933 0.699860 0.699860 0.699860
4978.240234 0.000000 1302.957275 0.000000 0.727084 0.000000 -0.686548 0.709522 0.709522 0.709522
4970.729492 0.000000 1264.548096 0.000000 0.500190 0.000000 0.865916 0.697073 0.697073 0.697073
4987.103027 0.000000 1269.849487 0.000000 0.943324 0.000000 0.331874 0.690541 0.690541 0.690541
4984.337891 0.000000 1304.663574 0.000000 0.394846 0.000000 0.918747 0.682085 0.682085 0.682085
4990.256836 0.000000 1258.929688 0.000000 0.969384 0.000000 -0.245551 0.702775 0.702775 0.702775
4982.404785 0.000000 1300.629639 0.000000 0.862154 0.000000 -0.506647 0.711142 0.711142 0.711142
4993.194824 0.000000 1261.440918 0.000000 0.959829 0.000000 -0.280587 0.705964 0.705964 0.705964
4988.889160 0.000000 1266.044678 0.000000 0.938775 0.000000 0.344530 0.685247 0.685247 0.685247
4986.611816 0.000000 1267.301392 0.000000 0.976653 0.000000 0.214824 0.690919 0.690919 0.690919
4792.409668 0.000000 1820.215698 0.000000 0.732892 0.000000 -0.680345 0.826576 0.826576 0.826576
4790.312500 0.000000 1822.521362 0.000000 0.907088 0.000000 0.420940 0.672665 0.672665 0.672665
4811.706543 0.000000 1822.863770 0.000000 0.108884 0.000000 0.994054 0.499732 0.499732 0.499732
4793.583008 0.000000 1819.071045 0.000000 0.267500 0.000000 -0.963558 0.883566 0.883566 0.883566
4792.897949 0.000000 1821.382324 0.000000 0.816733 0.000000 -0.577016 0.804049 0.804049 0.804049
4857.610840 0.000000 1795.672363 0.000000 0.956024 0.000000 0.293287 0.698335 0.698335 0.698335
4870.628418 0.000000 1787.134277 0.000000 0.116507 0.000000 -0.993190 0.704066 0.704066 0.704066
4863.047363 0.000000 1809.672852 0.000000 0.796572 0.000000 -0.604543 0.700908 0.700908 0.700908
4893.623047 0.000000 1788.203735 0.000000 0.157296 0.000000 -0.987552 0.701975 0.701975 0.701975
4835.386230 0.000000 1811.941772 0.000000 0.731961 0.000000 0.681347 0.692664 0.692664 0.692664
4843.221191 0.000000 1790.031738 0.000000 0.242281 0.000000 -0.970206 0.720393 0.720393 0.720393
4881.312988 0.000000 1787.424316 0.000000 0.998045 0.000000 -0.062503 0.700437 0.700437 0.700437
4830.445312 0.000000 1800.934082 0.000000 0.635379 0.000000 0.772200 0.696299 0.696299 0.696299
4854.653320 0.000000 1788.179932 0.000000 0.517571 0.000000 0.855640 0.692822 0.692822 0.692822
4881.950195 0.000000 1769.797363 0.000000 0.542667 0.000000 -0.839948 0.706971 0.706971 0.706971
4851.427734 0.000000 1811.932373 0.000000 0.826050 0.000000 0.563597 0.695815 0.695815 0.695815
4830.139648 0.000000 1807.130127 0.000000 0.572030 0.000000 0.820233 0.690587 0.690587 0.690587
4846.122070 0.000000 1802.755127 0.000000 0.983977 0.000000 0.178293 0.696993 0.696993 0.696993
4888.634277 0.000000 1774.700195 0.000000 0.797141 0.000000 0.603794 0.694562 0.694562 0.694562
4840.062012 0.000000 1794.459717 0.000000 0.977428 0.000000 0.211270 0.697917 0.697917 0.697917
4847.068359 0.000000 1786.176636 0.000000 0.292554 0.000000 -0.956249 0.714248 0.714248 0.714248
4886.684082 0.000000 1781.091309 0.000000 0.943103 0.000000 0.332500 0.695261 0.695261 0.695261
4845.861816 0.000000 1793.533447 0.000000 0.432113 0.000000 -0.901820 0.714142 0.714142 0.714142
4867.327637 0.000000 1808.913452 0.000000 0.767799 0.000000 -0.640691 0.709722 0.709722 0.709722
4850.029785 0.000000 1801.367798 0.000000 0.353631 0.000000 0.935385 0.681402 0.681402 0.681402
4837.346191 0.000000 1810.656494 0.000000 0.846991 0.000000 0.531608 0.594996 0.594996 0.594996
4839.333984 0.000000 1811.107422 0.000000 0.097114 0.000000 -0.995273 0.914250 0.914250 0.914250
4836.207031 0.000000 1811.092285 0.000000 0.999846 0.000000 -0.017559 0.703290 0.703290 0.703290
4817.484863 0.000000 1826.285522 0.000000 0.005966 0.000000 0.999982 0.533732 0.533732 0.533732
4809.391113 0.000000 1823.741821 0.000000 0.939851 0.000000 -0.341585 0.715596 0.715596 0.715596
4787.464844 0.000000 1825.457520 0.000000 0.146808 0.000000 -0.989165 1.123888 1.123888 1.123888
4780.246094 0.000000 1829.705200 0.000000 0.822939 0.000000 -0.568129 0.777717 0.777717 0.777717
4814.261230 0.000000 1824.052734 0.000000 0.959228 0.000000 -0.282635 0.762894 0.762894 0.762894
4784.122070 0.000000 1827.082886 0.000000 0.257380 0.000000 0.966310 0.645036 0.645036 0.645036
4780.925293 0.000000 1826.818848 0.000000 0.970696 0.000000 0.240309 0.688125 0.688125 0.688125
4811.791992 0.000000 1825.391968 0.000000 0.435245 0.000000 0.900312 0.446225 0.446225 0.446225
4784.821289 0.000000 1824.432251 0.000000 0.978446 0.000000 0.206501 0.625847 0.625847 0.625847
4782.833496 0.000000 1829.358887 0.000000 0.999869 0.000000 0.016182 0.698167 0.698167 0.698167
4822.326660 0.000000 1825.661133 0.000000 0.859744 0.000000 0.510724 0.661031 0.661031 0.661031
4820.077637 0.000000 1826.376587 0.000000 0.992418 0.000000 0.122907 0.690697 0.690697 0.690697
4815.644043 0.000000 1825.546509 0.000000 0.850374 0.000000 0.526179 0.578377 0.578377 0.578377
4782.387207 0.000000 1827.687744 0.000000 0.379334 0.000000 0.925260 0.361315 0.361315 0.361315
4811.136230 0.000000 1823.853638 0.000000 0.875010 0.000000 -0.484104 0.769237 0.769237 0.769237
4785.353027 0.000000 1825.939209 0.000000 0.906319 0.000000 0.422595 0.544454 0.544454 0.544454
4780.075684 0.000000 1828.196289 0.000000 0.736269 0.000000 -0.676690 0.795599 0.795599 0.795599
4812.641602 0.000000 1824.167847 0.000000 0.656174 0.000000 0.754610 0.475259 0.475259 0.475259
4820.934570 0.000000 1825.182495 0.000000 0.425085 0.000000 -0.905154 0.904110 0.904110 0.904110
4781.413086 0.000000 1828.774902 0.000000 0.943779 0.000000 0.330576 0.656665 0.656665 0.656665
4783.974609 0.000000 1825.614990 0.000000 0.646634 0.000000 -0.762801 0.826153 0.826153 0.826153
4815.629395 0.000000 1824.182861 0.000000 0.999473 0.000000 -0.032448 0.707123 0.707123 0.707123
4786.236328 0.000000 1824.985229 0.000000 0.502860 0.000000 -0.864368 1.010859 1.010859 1.010859
4816.813477 0.000000 1825.091309 0.000000 0.523476 0.000000 -0.852041 0.898193 0.898193 0.898193
4814.518066 0.000000 1825.183594 0.000000 0.508924 0.000000 -0.860811 0.927588 0.927588 0.927588
4906.248047 0.000000 1782.879150 0.000000 0.945480 0.000000 -0.325680 0.702319 0.702319 0.702319
4895.729980 0.000000 1773.778076 0.000000 0.041960 0.000000 0.999119 0.693588 0.693588 0.693588
4897.435059 0.000000 1784.789917 0.000000 0.997241 0.000000 0.074232 0.699481 0.699481 0.699481
4899.643555 0.000000 1779.254883 0.000000 0.593120 0.000000 0.805114 0.690841 0.690841 0.690841
4879.041504 0.000000 2084.452637 0.000000 0.944900 0.000000 -0.327359 0.757817 0.757817 0.757817
4876.715332 0.000000 2085.866699 0.000000 0.905847 0.000000 0.423604 0.676150 0.676150 0.676150
4878.206055 0.000000 2082.449707 0.000000 0.877795 0.000000 0.479036 0.636444 0.636444 0.636444
4876.500977 0.000000 2083.733887 0.000000 0.226537 0.000000 0.974002 0.608047 0.608047 0.608047
4879.918945 0.000000 2082.940674 0.000000 0.792605 0.000000 -0.609736 0.783424 0.783424 0.783424
4878.486816 0.000000 2085.686523 0.000000 0.742034 0.000000 -0.670362 0.827367 0.827367 0.827367
4932.970703 0.000000 1974.653076 0.000000 0.171955 0.000000 0.985105 0.678501 0.678501 0.678501
4936.394043 0.000000 2012.184448 0.000000 0.178907 0.000000 -0.983866 0.709723 0.709723 0.709723
4934.843750 0.000000 1993.663696 0.000000 0.968560 0.000000 -0.248780 0.701758 0.701758 0.701758
4900.318359 0.000000 2004.950073 0.000000 0.891565 0.000000 -0.452892 0.783452 0.783452 0.783452
4928.781250 0.000000 1969.941040 0.000000 0.899221 0.000000 -0.437495 0.703165 0.703165 0.703165
4930.211426 0.000000 1997.860107 0.000000 0.441339 0.000000 0.897340 0.692215 0.692215 0.692215
4904.997070 0.000000 2009.352417 0.000000 0.676831 0.000000 -0.736139 0.868876 0.868876 0.868876
4926.952637 0.000000 1974.662109 0.000000 0.985495 0.000000 0.169705 0.698093 0.698093 0.698093
4898.650391 0.000000 1997.076904 0.000000 0.999988 0.000000 -0.004889 0.700219 0.700219 0.700219
4903.582520 0.000000 2002.693115 0.000000 0.167706 0.000000 -0.985837 0.739210 0.739210 0.739210
4907.396484 0.000000 2011.581543 0.000000 0.662849 0.000000 0.748753 0.666876 0.666876 0.666876
4900.487305 0.000000 1994.971436 0.000000 0.400852 0.000000 0.916143 0.664372 0.664372 0.664372
4902.512695 0.000000 2008.100098 0.000000 0.144675 0.000000 -0.989479 1.044806 1.044806 1.044806
4907.511719 0.000000 2009.260010 0.000000 0.548094 0.000000 -0.836416 0.745708 0.745708 0.745708
4901.013184 0.000000 1997.166626 0.000000 0.731579 0.000000 -0.681757 0.889829 0.889829 0.889829
4902.525879 0.000000 2004.667847 0.000000 0.913661 0.000000 -0.406477 0.756767 0.756767 0.756767
4900.067383 0.000000 2002.947876 0.000000 0.416431 0.000000 -0.909168 0.972845 0.972845 0.972845
4905.718750 0.000000 2011.019287 0.000000 0.522440 0.000000 -0.852676 0.808494 0.808494 0.808494
4901.903809 0.000000 2003.060669 0.000000 0.964560 0.000000 0.263863 0.636163 0.636163 0.636163
4902.799805 0.000000 2006.210449 0.000000 0.129831 0.000000 -0.991536 0.933630 0.933630 0.933630
4903.521973 0.000000 2009.162964 0.000000 0.181401 0.000000 0.983409 0.364197 0.364197 0.364197
4903.929688 0.000000 2004.790039 0.000000 0.304381 0.000000 0.952550 0.528924 0.528924 0.528924
4901.502930 0.000000 2005.646118 0.000000 0.910141 0.000000 -0.414298 0.775846 0.775846 0.775846
4901.010742 0.000000 1998.526489 0.000000 0.550595 0.000000 -0.834772 0.967894 0.967894 0.967894
4901.017578 0.000000 2003.945190 0.000000 0.136650 0.000000 -0.990619 1.042758 1.042758 1.042758
4934.490234 0.000000 2039.076660 0.000000 0.385339 0.000000 -0.922775 0.708215 0.708215 0.708215
4934.966797 0.000000 2026.651489 0.000000 0.814675 0.000000 0.579917 0.697405 0.697405 0.697405
4936.796875 0.000000 2016.077637 0.000000 0.833593 0.000000 -0.552379 0.704091 0.704091 0.704091
4929.401855 0.000000 2038.881226 0.000000 0.093873 0.000000 0.995584 0.681418 0.681418 0.681418
7737.298340 0.000000 451.891083 0.000000 0.998139 0.000000 0.060976 0.699915 0.699915 0.699915
7749.726074 0.000000 455.017639 0.000000 0.983407 0.000000 0.181413 0.694899 0.694899 0.694899
7731.285645 0.000000 461.931580 0.000000 0.433878 0.000000 -0.900972 0.731373 0.731373 0.731373
7742.539062 0.000000 457.913635 0.000000 0.789581 0.000000 -0.613646 0.718473 0.718473 0.718473
7750.291016 0.000000 467.680573 0.000000 0.548366 0.000000 -0.836238 0.709692 0.709692 0.709692
7762.082031 0.000000 468.734955 0.000000 0.994228 0.000000 0.107287 0.696994 0.696994 0.696994
7748.622070 0.000000 461.131287 0.000000 0.999539 0.000000 -0.030373 0.700849 0.700849 0.700849
7725.809570 0.000000 458.973816 0.000000 0.914028 0.000000 0.405651 0.690073 0.690073 0.690073
7757.029785 0.000000 467.780121 0.000000 0.075426 0.000000 -0.997151 0.745992 0.745992 0.745992
7760.584961 0.000000 460.234131 0.000000 0.614644 0.000000 -0.788805 0.724142 0.724142 0.724142
7753.057129 0.000000 459.410126 0.000000 0.972654 0.000000 -0.232259 0.706554 0.706554 0.706554
7738.296387 0.000000 456.191681 0.000000 0.644860 0.000000 0.764300 0.682972 0.682972 0.682972
7744.415039 0.000000 461.970673 0.000000 0.507397 0.000000 -0.861712 0.729042 0.729042 0.729042
7751.847168 0.000000 463.790802 0.000000 0.702154 0.000000 0.712025 0.677844 0.677844 0.677844
7753.690430 0.000000 453.831787 0.000000 0.944987 0.000000 -0.327109 0.704659 0.704659 0.704659
7746.602051 0.000000 457.408844 0.000000 0.355695 0.000000 -0.934602 0.733753 0.733753 0.733753
7734.682129 0.000000 460.149231 0.000000 0.576222 0.000000 -0.817293 0.726750 0.726750 0.726750
7758.406250 0.000000 470.895081 0.000000 0.956435 0.000000 -0.291945 0.707041 0.707041 0.707041
7754.559570 0.000000 465.617310 0.000000 0.873569 0.000000 0.486701 0.685787 0.685787 0.685787
7750.091309 0.000000 458.184784 0.000000 0.518164 0.000000 0.855282 0.671309 0.671309 0.671309
7739.830566 0.000000 464.767059 0.000000 0.421295 0.000000 -0.906924 0.730174 0.730174 0.730174
7738.843262 0.000000 459.173737 0.000000 0.714118 0.000000 0.700026 0.678318 0.678318 0.678318
7730.682129 0.000000 465.266510 0.000000 0.354785 0.000000 -0.934948 0.733780 0.733780 0.733780
7744.281738 0.000000 455.668091 0.000000 0.650057 0.000000 -0.759886 0.724134 0.724134 0.724134
7752.640137 0.000000 456.566681 0.000000 0.409983 0.000000 0.912093 0.667890 0.667890 0.667890
7758.972656 0.000000 462.315491 0.000000 0.720400 0.000000 0.693559 0.662497 0.662497 0.662497
7729.092773 0.000000 455.388306 0.000000 0.555309 0.000000 0.831644 0.645080 0.645080 0.645080
7829.385742 0.000000 515.121765 0.000000 0.924697 0.000000 0.380704 0.695086 0.695086 0.695086
7845.302734 0.000000 540.406799 0.000000 0.255643 0.000000 0.966771 0.690827 0.690827 0.690827
7840.563477 0.000000 545.824951 0.000000 0.990439 0.000000 0.137953 0.696130 0.696130 0.696130
7817.007812 0.000000 509.995575 0.000000 0.572743 0.000000 0.819735 0.677161 0.677161 0.677161
7800.380859 0.000000 497.198975 0.000000 0.989835 0.000000 -0.142219 0.701397 0.701397 0.701397
7829.559570 0.000000 508.040741 0.000000 0.499130 0.000000 0.866527 0.676553 0.676553 0.676553
7839.507324 0.000000 550.514587 0.000000 0.995990 0.000000 -0.089466 0.702254 0.702254 0.702254
7840.355957 0.000000 510.019836 0.000000 0.568912 0.000000 0.822399 0.689200 0.689200 0.689200
7844.420898 0.000000 544.391907 0.000000 0.961870 0.000000 0.273508 0.692254 0.692254 0.692254
7839.020508 0.000000 506.004578 0.000000 0.178584 0.000000 0.983925 0.666934 0.666934 0.666934
7854.117188 0.000000 553.137085 0.000000 0.770072 0.000000 -0.637957 0.719345 0.719345 0.719345
7853.811523 0.000000 559.333252 0.000000 0.118660 0.000000 0.992935 0.679702 0.679702 0.679702
7852.655273 0.000000 547.550110 0.000000 0.405404 0.000000 -0.914138 0.732250 0.732250 0.732250
7859.058105 0.000000 549.880554 0.000000 0.510611 0.000000 0.859812 0.688425 0.688425 0.688425
7855.390625 0.000000 549.710388 0.000000 0.900744 0.000000 0.434351 0.687436 0.687436 0.687436
7850.896973 0.000000 552.160645 0.000000 0.911800 0.000000 -0.410634 0.711832 0.711832 0.711832
7857.873535 0.000000 528.974304 0.000000 0.394039 0.000000 0.919094 0.667403 0.667403 0.667403
7848.658203 0.000000 551.893555 0.000000 0.999838 0.000000 -0.018023 0.700932 0.700932 0.700932
7907.897949 0.000000 604.328369 0.000000 0.472424 0.000000 -0.881371 0.730163 0.730163 0.730163
7901.551758 0.000000 604.025146 0.000000 0.446198 0.000000 -0.894934 0.717044 0.717044 0.717044
7912.306152 0.000000 622.887573 0.000000 0.819978 0.000000 -0.572396 0.706816 0.706816 0.706816
7904.921387 0.000000 600.763977 0.000000 0.054727 0.000000 0.998501 0.657609 0.657609 0.657609
7905.445312 0.000000 613.459229 0.000000 0.960561 0.000000 0.278069 0.692909 0.692909 0.692909
7910.643555 0.000000 618.958801 0.000000 0.148505 0.000000 -0.988912 0.739754 0.739754 0.739754
7906.936035 0.000000 595.328735 0.000000 0.361204 0.000000 0.932487 0.666412 0.666412 0.666412
7904.541992 0.000000 605.183228 0.000000 0.900812 0.000000 0.434210 0.687441 0.687441 0.687441
7906.949219 0.000000 610.607971 0.000000 0.150027 0.000000 -0.988682 0.739711 0.739711 0.739711
7905.604492 0.000000 597.941895 0.000000 0.847876 0.000000 -0.530195 0.715626 0.715626 0.715626
"}
