object={
	name="tree_mangrove_generator_2_0"
	render_pass=Map
	clamp_to_water_level=no
	generated_content=yes
	layer="tree_high_layer"
	pdxmesh="tree_mangrove_01_b_mesh"
	count=1299
	transform="4458.895020 0.000000 120.246857 0.000000 0.066483 0.000000 -0.997788 0.409013 0.409013 0.409013
4456.681152 0.000000 142.965637 0.000000 0.759021 0.000000 0.651066 0.393274 0.393274 0.393274
4427.441895 0.000000 191.461517 0.000000 0.789992 0.000000 0.613117 0.391761 0.391761 0.391761
4442.770020 0.000000 118.017944 0.000000 0.076283 0.000000 0.997086 0.383584 0.383584 0.383584
4429.061523 0.000000 182.297119 0.000000 0.207115 0.000000 0.978317 0.378235 0.378235 0.378235
4454.730957 0.000000 149.356812 0.000000 0.994973 0.000000 0.100145 0.398648 0.398648 0.398648
4441.416504 0.000000 171.456985 0.000000 0.978826 0.000000 0.204692 0.396500 0.396500 0.396500
4427.855469 0.000000 186.921478 0.000000 0.962868 0.000000 -0.269973 0.404095 0.404095 0.404095
4449.321777 0.000000 185.047333 0.000000 0.579072 0.000000 -0.815277 0.415706 0.415706 0.415706
4453.745605 0.000000 177.595764 0.000000 0.122049 0.000000 0.992524 0.377580 0.377580 0.377580
4448.765625 0.000000 176.560822 0.000000 0.637979 0.000000 -0.770054 0.414043 0.414043 0.414043
4463.474609 0.000000 148.978683 0.000000 0.930318 0.000000 0.366754 0.392125 0.392125 0.392125
4457.502441 0.000000 157.758118 0.000000 0.586030 0.000000 -0.810289 0.416037 0.416037 0.416037
4452.547852 0.000000 141.626862 0.000000 0.569772 0.000000 0.821803 0.379290 0.379290 0.379290
4447.088379 0.000000 164.765076 0.000000 0.851482 0.000000 -0.524383 0.412954 0.412954 0.412954
4436.112305 0.000000 186.911194 0.000000 0.810108 0.000000 -0.586281 0.412199 0.412199 0.412199
4455.387695 0.000000 122.067047 0.000000 0.857570 0.000000 0.514367 0.389210 0.389210 0.389210
4431.383301 0.000000 154.340942 0.000000 0.158557 0.000000 0.987350 0.373922 0.373922 0.373922
4447.627441 0.000000 161.100342 0.000000 0.889482 0.000000 -0.456969 0.411137 0.411137 0.411137
4452.793945 0.000000 186.033264 0.000000 0.957149 0.000000 -0.289596 0.406308 0.406308 0.406308
4440.274414 0.000000 162.841034 0.000000 0.080384 0.000000 0.996764 0.364282 0.364282 0.364282
4447.181152 0.000000 152.795532 0.000000 0.883761 0.000000 0.467938 0.388086 0.388086 0.388086
4432.282715 0.000000 149.534286 0.000000 0.825084 0.000000 0.565010 0.384410 0.384410 0.384410
4442.061035 0.000000 125.068283 0.000000 0.999152 0.000000 0.041167 0.398890 0.398890 0.398890
4448.916992 0.000000 125.261276 0.000000 0.860543 0.000000 -0.509377 0.418147 0.418147 0.418147
4437.343750 0.000000 151.497498 0.000000 0.898358 0.000000 0.439265 0.382742 0.382742 0.382742
4438.849609 0.000000 131.042084 0.000000 0.940895 0.000000 -0.338698 0.411559 0.411559 0.411559
4458.515137 0.000000 181.820251 0.000000 0.791901 0.000000 0.610650 0.381305 0.381305 0.381305
4458.896484 0.000000 187.576141 0.000000 0.551345 0.000000 -0.834278 0.435477 0.435477 0.435477
4442.193848 0.000000 148.312881 0.000000 0.167962 0.000000 -0.985793 0.459504 0.459504 0.459504
4441.047363 0.000000 153.530533 0.000000 0.081993 0.000000 -0.996633 0.457236 0.457236 0.457236
4435.211914 0.000000 149.261963 0.000000 0.998279 0.000000 -0.058649 0.401905 0.401905 0.401905
4442.205566 0.000000 156.253052 0.000000 0.604971 0.000000 -0.796248 0.430353 0.430353 0.430353
4443.395996 0.000000 151.288605 0.000000 0.893331 0.000000 -0.449400 0.417687 0.417687 0.417687
4449.927246 0.000000 143.182343 0.000000 0.962933 0.000000 -0.269739 0.409137 0.409137 0.409137
4446.899902 0.000000 127.770920 0.000000 0.841536 0.000000 0.540201 0.378059 0.378059 0.378059
4444.396973 0.000000 133.582031 0.000000 0.760945 0.000000 0.648817 0.364042 0.364042 0.364042
4447.060059 0.000000 133.499893 0.000000 0.993115 0.000000 -0.117140 0.405862 0.405862 0.405862
4448.268555 0.000000 140.054047 0.000000 0.405131 0.000000 -0.914258 0.442627 0.442627 0.442627
4448.574219 0.000000 130.885773 0.000000 0.807451 0.000000 -0.589934 0.430245 0.430245 0.430245
4439.479492 0.000000 148.230225 0.000000 0.803071 0.000000 -0.595883 0.429005 0.429005 0.429005
4444.889160 0.000000 141.783081 0.000000 0.579819 0.000000 -0.814745 0.447549 0.447549 0.447549
4442.719238 0.000000 143.172089 0.000000 0.885646 0.000000 -0.464361 0.424112 0.424112 0.424112
4439.068848 0.000000 145.622330 0.000000 0.961574 0.000000 -0.274544 0.412498 0.412498 0.412498
4502.890625 0.000000 73.976089 0.000000 0.837368 0.000000 0.546639 0.396823 0.396823 0.396823
4486.161133 0.000000 75.036301 0.000000 0.999684 0.000000 -0.025129 0.400188 0.400188 0.400188
4506.224121 0.000000 87.114441 0.000000 0.047783 0.000000 0.998858 0.381749 0.381749 0.381749
4501.053711 0.000000 86.312737 0.000000 0.997957 0.000000 -0.063893 0.400894 0.400894 0.400894
4511.983887 0.000000 88.317207 0.000000 0.264550 0.000000 -0.964372 0.419519 0.419519 0.419519
4499.847656 0.000000 90.937088 0.000000 0.807848 0.000000 -0.589391 0.409127 0.409127 0.409127
4488.164062 0.000000 80.657440 0.000000 0.958774 0.000000 -0.284169 0.404316 0.404316 0.404316
4521.313965 0.000000 89.062943 0.000000 0.594325 0.000000 0.804225 0.387403 0.387403 0.387403
4494.045410 0.000000 81.106735 0.000000 0.927829 0.000000 -0.373005 0.408780 0.408780 0.408780
4599.984375 0.000000 91.688843 0.000000 0.757372 0.000000 -0.652984 0.402842 0.402842 0.402842
4558.153320 0.000000 75.036301 0.000000 0.794567 0.000000 -0.607176 0.404887 0.404887 0.404887
4594.324707 0.000000 93.284485 0.000000 0.974690 0.000000 -0.223562 0.401689 0.401689 0.401689
4605.430664 0.000000 93.349548 0.000000 0.749959 0.000000 0.661485 0.392060 0.392060 0.392060
4598.046387 0.000000 95.752922 0.000000 0.334566 0.000000 0.942372 0.382195 0.382195 0.382195
4541.216797 0.000000 92.344719 0.000000 0.738044 0.000000 -0.674753 0.412204 0.412204 0.412204
4580.096680 0.000000 90.926804 0.000000 0.087139 0.000000 0.996196 0.363703 0.363703 0.363703
4566.037598 0.000000 81.106735 0.000000 0.962225 0.000000 -0.272255 0.405920 0.405920 0.405920
4547.435547 0.000000 91.893921 0.000000 0.197514 0.000000 -0.980300 0.439732 0.439732 0.439732
4566.542480 0.000000 85.230118 0.000000 0.977835 0.000000 0.209376 0.393681 0.393681 0.393681
4566.291504 0.000000 90.347557 0.000000 0.954968 0.000000 -0.296710 0.411131 0.411131 0.411131
4560.781250 0.000000 85.878700 0.000000 0.976800 0.000000 -0.214153 0.407543 0.407543 0.407543
4562.099121 0.000000 94.774101 0.000000 0.214369 0.000000 0.976753 0.354679 0.354679 0.354679
4561.831055 0.000000 90.061874 0.000000 0.532739 0.000000 -0.846280 0.438288 0.438288 0.438288
4557.955078 0.000000 93.359787 0.000000 0.199353 0.000000 -0.979928 0.465674 0.465674 0.465674
4555.986816 0.000000 94.816116 0.000000 0.624316 0.000000 -0.781172 0.444318 0.444318 0.444318
4558.130371 0.000000 90.805023 0.000000 0.993196 0.000000 -0.116452 0.405303 0.405303 0.405303
4550.704590 0.000000 95.083664 0.000000 0.563429 0.000000 -0.826165 0.446119 0.446119 0.446119
4474.228027 0.000000 106.023849 0.000000 0.258045 0.000000 -0.966133 0.403924 0.403924 0.403924
4494.692383 0.000000 156.445435 0.000000 0.991342 0.000000 0.131306 0.399277 0.399277 0.399277
4517.918945 0.000000 124.103226 0.000000 0.189399 0.000000 -0.981900 0.411027 0.411027 0.411027
4524.378418 0.000000 100.735886 0.000000 0.385990 0.000000 -0.922503 0.410556 0.410556 0.410556
4518.406738 0.000000 110.771957 0.000000 0.831348 0.000000 -0.555752 0.406179 0.406179 0.406179
4519.260254 0.000000 142.537445 0.000000 0.476458 0.000000 -0.879197 0.415018 0.415018 0.415018
4517.381348 0.000000 179.826981 0.000000 0.963360 0.000000 -0.268212 0.403525 0.403525 0.403525
4487.107422 0.000000 154.442184 0.000000 0.992698 0.000000 0.120627 0.398309 0.398309 0.398309
4514.109863 0.000000 135.010925 0.000000 0.202575 0.000000 -0.979267 0.416379 0.416379 0.416379
4493.149902 0.000000 162.240326 0.000000 0.973445 0.000000 0.228919 0.396886 0.396886 0.396886
4467.509277 0.000000 125.128555 0.000000 0.863883 0.000000 -0.503692 0.406326 0.406326 0.406326
4501.056152 0.000000 123.892982 0.000000 0.722034 0.000000 0.691858 0.390462 0.390462 0.390462
4533.532227 0.000000 141.151550 0.000000 0.425696 0.000000 0.904866 0.383057 0.383057 0.383057
4521.288574 0.000000 120.842056 0.000000 0.926719 0.000000 0.375755 0.395192 0.395192 0.395192
4484.124512 0.000000 165.922729 0.000000 0.991202 0.000000 -0.132356 0.402254 0.402254 0.402254
4521.812500 0.000000 133.537323 0.000000 0.311743 0.000000 -0.950166 0.419407 0.419407 0.419407
4484.488770 0.000000 150.781174 0.000000 0.855252 0.000000 -0.518212 0.410064 0.410064 0.410064
4525.726074 0.000000 135.664261 0.000000 0.937988 0.000000 0.346667 0.393283 0.393283 0.393283
4485.900879 0.000000 161.798950 0.000000 0.928116 0.000000 0.372291 0.392762 0.392762 0.392762
4498.000977 0.000000 159.679718 0.000000 0.235282 0.000000 -0.971927 0.420637 0.420637 0.420637
4474.710938 0.000000 139.995270 0.000000 0.334223 0.000000 -0.942494 0.420267 0.420267 0.420267
4535.466797 0.000000 148.978683 0.000000 0.510406 0.000000 0.859933 0.379326 0.379326 0.379326
4512.198730 0.000000 175.837646 0.000000 0.749212 0.000000 0.662330 0.384819 0.384819 0.384819
4503.860352 0.000000 129.891937 0.000000 0.323367 0.000000 0.946274 0.373964 0.373964 0.373964
4500.612793 0.000000 115.870316 0.000000 0.387501 0.000000 0.921869 0.375989 0.375989 0.375989
4528.449707 0.000000 102.448219 0.000000 0.996871 0.000000 0.079046 0.398696 0.398696 0.398696
4472.320312 0.000000 147.334030 0.000000 0.897482 0.000000 -0.441051 0.409123 0.409123 0.409123
4473.630859 0.000000 132.021866 0.000000 0.470184 0.000000 0.882568 0.373545 0.373545 0.373545
4529.023438 0.000000 116.653404 0.000000 0.780266 0.000000 -0.625448 0.413495 0.413495 0.413495
4474.412109 0.000000 169.875641 0.000000 0.053230 0.000000 -0.998582 0.429551 0.429551 0.429551
4496.413574 0.000000 188.651062 0.000000 0.860946 0.000000 -0.508697 0.411458 0.411458 0.411458
4533.814453 0.000000 145.516922 0.000000 0.949226 0.000000 0.314596 0.394407 0.394407 0.394407
4503.375488 0.000000 154.340942 0.000000 0.908926 0.000000 -0.416957 0.409879 0.409879 0.409879
4519.639648 0.000000 146.438538 0.000000 0.682786 0.000000 -0.730619 0.415953 0.415953 0.415953
4482.548340 0.000000 107.637863 0.000000 0.655439 0.000000 0.755248 0.381621 0.381621 0.381621
4471.647949 0.000000 127.182159 0.000000 0.233387 0.000000 0.972384 0.369332 0.369332 0.369332
4482.813965 0.000000 138.885315 0.000000 0.829624 0.000000 0.558323 0.387578 0.387578 0.387578
4498.703613 0.000000 126.815773 0.000000 0.999999 0.000000 -0.001089 0.400022 0.400022 0.400022
4495.033691 0.000000 172.196075 0.000000 0.836630 0.000000 -0.547768 0.411578 0.411578 0.411578
4495.247559 0.000000 137.411285 0.000000 0.910669 0.000000 -0.413136 0.411696 0.411696 0.411696
4531.711426 0.000000 103.887123 0.000000 0.031299 0.000000 -0.999510 0.431516 0.431516 0.431516
4464.610840 0.000000 149.344086 0.000000 0.396734 0.000000 0.917933 0.376775 0.376775 0.376775
4500.376953 0.000000 147.385529 0.000000 0.330195 0.000000 0.943913 0.374116 0.374116 0.374116
4528.555664 0.000000 110.209381 0.000000 0.732782 0.000000 -0.680464 0.419805 0.419805 0.419805
4477.015137 0.000000 154.018356 0.000000 0.094203 0.000000 -0.995553 0.430963 0.430963 0.430963
4499.984375 0.000000 105.240059 0.000000 0.964604 0.000000 -0.263703 0.407861 0.407861 0.407861
4511.062500 0.000000 136.691406 0.000000 0.841440 0.000000 0.540351 0.386603 0.386603 0.386603
4497.637207 0.000000 133.421967 0.000000 0.391956 0.000000 0.919984 0.367340 0.367340 0.367340
4471.757812 0.000000 165.772858 0.000000 0.666409 0.000000 -0.745586 0.423107 0.423107 0.423107
4519.173340 0.000000 152.795532 0.000000 0.643286 0.000000 0.765626 0.380407 0.380407 0.380407
4502.984863 0.000000 185.259933 0.000000 0.999998 0.000000 -0.001964 0.400053 0.400053 0.400053
4467.103516 0.000000 160.632996 0.000000 0.869841 0.000000 0.493333 0.384029 0.384029 0.384029
4500.880371 0.000000 165.737442 0.000000 0.668389 0.000000 0.743812 0.374872 0.374872 0.374872
4505.959961 0.000000 99.571732 0.000000 0.921901 0.000000 0.387427 0.388280 0.388280 0.388280
4470.795410 0.000000 160.627151 0.000000 0.374468 0.000000 0.927240 0.363255 0.363255 0.363255
4510.283691 0.000000 100.184036 0.000000 0.189743 0.000000 -0.981834 0.446852 0.446852 0.446852
4504.274902 0.000000 149.534286 0.000000 0.240808 0.000000 -0.970573 0.433807 0.433807 0.433807
4471.830078 0.000000 172.273880 0.000000 0.998679 0.000000 -0.051383 0.401437 0.401437 0.401437
4489.221680 0.000000 126.693085 0.000000 0.383150 0.000000 0.923686 0.363545 0.363545 0.363545
4467.264160 0.000000 168.223145 0.000000 0.982532 0.000000 -0.186093 0.404767 0.404767 0.404767
4514.188477 0.000000 187.875519 0.000000 0.348666 0.000000 -0.937247 0.429111 0.429111 0.429111
4505.894531 0.000000 161.502945 0.000000 0.569765 0.000000 0.821807 0.366286 0.366286 0.366286
4513.384766 0.000000 96.080566 0.000000 0.243214 0.000000 0.969973 0.362948 0.362948 0.362948
4501.588379 0.000000 173.204437 0.000000 0.705318 0.000000 -0.708891 0.424392 0.424392 0.424392
4497.419434 0.000000 139.908447 0.000000 0.706475 0.000000 -0.707738 0.422378 0.422378 0.422378
4476.798828 0.000000 131.402740 0.000000 0.686567 0.000000 0.727067 0.374393 0.374393 0.374393
4504.623535 0.000000 109.861099 0.000000 0.122866 0.000000 -0.992423 0.438309 0.438309 0.438309
4494.550293 0.000000 181.214508 0.000000 0.084165 0.000000 0.996452 0.345817 0.345817 0.345817
4530.489258 0.000000 123.475266 0.000000 0.894672 0.000000 0.446723 0.386126 0.386126 0.386126
4478.530273 0.000000 181.041077 0.000000 0.189230 0.000000 -0.981933 0.451005 0.451005 0.451005
4491.963867 0.000000 130.994980 0.000000 0.399884 0.000000 -0.916566 0.429524 0.429524 0.429524
4481.246582 0.000000 179.196991 0.000000 0.688755 0.000000 0.724995 0.376513 0.376513 0.376513
4510.442871 0.000000 170.231628 0.000000 0.616434 0.000000 0.787407 0.373293 0.373293 0.373293
4500.758789 0.000000 133.795685 0.000000 0.434818 0.000000 0.900518 0.366977 0.366977 0.366977
4494.299316 0.000000 186.331940 0.000000 0.900322 0.000000 -0.435225 0.413040 0.413040 0.413040
4534.250488 0.000000 186.304504 0.000000 0.583994 0.000000 -0.811758 0.432159 0.432159 0.432159
4488.789062 0.000000 181.863083 0.000000 0.876171 0.000000 -0.482001 0.414816 0.414816 0.414816
4512.258789 0.000000 102.594345 0.000000 0.910814 0.000000 0.412817 0.386614 0.386614 0.386614
4532.230957 0.000000 106.932251 0.000000 0.182113 0.000000 0.983278 0.356349 0.356349 0.356349
4500.182129 0.000000 176.813919 0.000000 0.707923 0.000000 -0.706290 0.430152 0.430152 0.430152
4505.854980 0.000000 179.897217 0.000000 0.981957 0.000000 -0.189104 0.406840 0.406840 0.406840
4532.004395 0.000000 117.193321 0.000000 0.555153 0.000000 0.831748 0.373025 0.373025 0.373025
4509.301758 0.000000 182.474091 0.000000 0.982675 0.000000 0.185335 0.393298 0.393298 0.393298
4509.335938 0.000000 151.497498 0.000000 0.125364 0.000000 -0.992111 0.448344 0.448344 0.448344
4509.613770 0.000000 158.175278 0.000000 0.909537 0.000000 0.415623 0.383093 0.383093 0.383093
4502.540039 0.000000 143.443604 0.000000 0.886481 0.000000 0.462764 0.384385 0.384385 0.384385
4530.888672 0.000000 187.576141 0.000000 0.430787 0.000000 -0.902453 0.439336 0.439336 0.439336
4464.539062 0.000000 179.098572 0.000000 0.228806 0.000000 0.973472 0.354505 0.354505 0.354505
4501.473145 0.000000 140.074036 0.000000 0.711999 0.000000 0.702180 0.372014 0.372014 0.372014
4504.302734 0.000000 104.196739 0.000000 0.940243 0.000000 -0.340503 0.411277 0.411277 0.411277
4489.838867 0.000000 186.046265 0.000000 0.973775 0.000000 0.227515 0.391863 0.391863 0.391863
4463.658691 0.000000 189.859268 0.000000 0.300101 0.000000 0.953907 0.348798 0.348798 0.348798
4514.197754 0.000000 156.253052 0.000000 0.958401 0.000000 0.285425 0.390028 0.390028 0.390028
4515.388184 0.000000 151.288605 0.000000 0.242458 0.000000 0.970162 0.356306 0.356306 0.356306
4498.343750 0.000000 181.792007 0.000000 0.998290 0.000000 0.058460 0.397810 0.397810 0.397810
4483.230469 0.000000 124.802216 0.000000 0.608690 0.000000 0.793408 0.363395 0.363395 0.363395
4500.064941 0.000000 179.741180 0.000000 0.049205 0.000000 0.998789 0.343020 0.343020 0.343020
4505.220703 0.000000 171.475800 0.000000 0.689814 0.000000 0.723987 0.368066 0.368066 0.368066
4474.947266 0.000000 183.253220 0.000000 0.252952 0.000000 -0.967479 0.466976 0.466976 0.466976
4511.471680 0.000000 148.230225 0.000000 0.770462 0.000000 -0.637486 0.427611 0.427611 0.427611
4469.500977 0.000000 191.045059 0.000000 0.746206 0.000000 -0.665715 0.435645 0.435645 0.435645
4478.712402 0.000000 191.068054 0.000000 0.776608 0.000000 -0.629985 0.432668 0.432668 0.432668
4471.182129 0.000000 187.037689 0.000000 0.095043 0.000000 -0.995473 0.480310 0.480310 0.480310
4475.558594 0.000000 185.556763 0.000000 0.255072 0.000000 0.966922 0.329203 0.329203 0.329203
4571.755371 0.000000 130.352173 0.000000 0.707006 0.000000 0.707208 0.397647 0.397647 0.397647
4544.030762 0.000000 191.422867 0.000000 0.809440 0.000000 0.587203 0.395613 0.395613 0.395613
4558.162598 0.000000 191.940735 0.000000 0.675262 0.000000 0.737578 0.393373 0.393373 0.393373
4600.665527 0.000000 142.965637 0.000000 0.828742 0.000000 -0.559630 0.405635 0.405635 0.405635
4556.175781 0.000000 135.457520 0.000000 0.123467 0.000000 0.992349 0.381215 0.381215 0.381215
4578.432129 0.000000 152.117386 0.000000 0.072180 0.000000 -0.997392 0.418706 0.418706 0.418706
4549.093750 0.000000 112.291313 0.000000 0.358705 0.000000 0.933451 0.386775 0.386775 0.386775
4583.976074 0.000000 184.301590 0.000000 0.079866 0.000000 -0.996806 0.424565 0.424565 0.424565
4593.280762 0.000000 120.842056 0.000000 0.221143 0.000000 0.975241 0.378465 0.378465 0.378465
4554.733887 0.000000 127.511330 0.000000 0.916549 0.000000 0.399922 0.394864 0.394864 0.394864
4555.761719 0.000000 187.946167 0.000000 0.700699 0.000000 0.713457 0.388893 0.388893 0.388893
4550.763184 0.000000 119.086472 0.000000 0.925859 0.000000 -0.377870 0.405224 0.405224 0.405224
4593.306152 0.000000 185.047333 0.000000 0.817372 0.000000 0.576110 0.390803 0.390803 0.390803
4580.101562 0.000000 129.317108 0.000000 0.782762 0.000000 0.622321 0.386584 0.386584 0.386584
4549.393066 0.000000 184.013016 0.000000 0.981588 0.000000 -0.191010 0.403167 0.403167 0.403167
4584.190918 0.000000 175.837646 0.000000 0.995465 0.000000 -0.095124 0.401617 0.401617 0.401617
4541.216797 0.000000 188.329102 0.000000 0.999996 0.000000 0.002975 0.399944 0.399944 0.399944
4604.772461 0.000000 160.454407 0.000000 0.564613 0.000000 -0.825356 0.421329 0.421329 0.421329
4559.062500 0.000000 116.931213 0.000000 0.615900 0.000000 -0.787824 0.419026 0.419026 0.419026
4580.096680 0.000000 186.911194 0.000000 0.945449 0.000000 -0.325769 0.407787 0.407787 0.407787
4604.629883 0.000000 96.027962 0.000000 0.264133 0.000000 0.964486 0.371363 0.371363 0.371363
4558.190430 0.000000 120.795341 0.000000 0.793678 0.000000 0.608338 0.388245 0.388245 0.388245
4578.794922 0.000000 156.325607 0.000000 0.729409 0.000000 -0.684077 0.416927 0.416927 0.416927
4571.734375 0.000000 111.877739 0.000000 0.913534 0.000000 0.406762 0.389542 0.389542 0.389542
4564.924805 0.000000 147.249054 0.000000 0.498383 0.000000 0.866957 0.374857 0.374857 0.374857
4568.405762 0.000000 188.651062 0.000000 0.932613 0.000000 -0.360878 0.409218 0.409218 0.409218
4605.806641 0.000000 145.516922 0.000000 0.987920 0.000000 0.154966 0.396970 0.396970 0.396970
4575.367676 0.000000 154.340942 0.000000 0.154080 0.000000 0.988058 0.371010 0.371010 0.371010
4598.284668 0.000000 96.333878 0.000000 0.999515 0.000000 -0.031127 0.400622 0.400622 0.400622
4554.806152 0.000000 138.885315 0.000000 0.777106 0.000000 0.629370 0.384704 0.384704 0.384704
4536.592285 0.000000 145.527969 0.000000 0.943445 0.000000 0.331530 0.390382 0.390382 0.390382
4576.422852 0.000000 122.496765 0.000000 0.999990 0.000000 0.004557 0.399882 0.399882 0.399882
4551.044922 0.000000 127.209961 0.000000 0.983968 0.000000 -0.178346 0.403939 0.403939 0.403939
4557.837402 0.000000 110.638580 0.000000 0.912936 0.000000 -0.408102 0.408606 0.408606 0.408606
4536.603027 0.000000 149.344086 0.000000 0.911714 0.000000 0.410826 0.389642 0.389642 0.389642
4596.778320 0.000000 186.033264 0.000000 0.555683 0.000000 0.831394 0.376474 0.376474 0.376474
4589.828613 0.000000 119.968903 0.000000 0.318185 0.000000 -0.948029 0.430509 0.430509 0.430509
4600.547852 0.000000 110.209381 0.000000 0.483941 0.000000 -0.875101 0.423944 0.423944 0.423944
4549.007324 0.000000 154.018356 0.000000 0.095778 0.000000 0.995403 0.359497 0.359497 0.359497
4542.148926 0.000000 96.116776 0.000000 0.932084 0.000000 0.362242 0.389636 0.389636 0.389636
4539.834473 0.000000 185.055222 0.000000 0.869176 0.000000 -0.494503 0.414980 0.414980 0.414980
4591.165527 0.000000 152.795532 0.000000 0.827660 0.000000 0.561230 0.386016 0.386016 0.386016
4590.764648 0.000000 188.013092 0.000000 0.974820 0.000000 -0.222991 0.405277 0.405277 0.405277
4595.295410 0.000000 115.406815 0.000000 0.116034 0.000000 0.993245 0.366593 0.366593 0.366593
4543.096191 0.000000 139.908722 0.000000 0.127018 0.000000 -0.991900 0.441081 0.441081 0.441081
4539.095703 0.000000 160.632996 0.000000 0.688039 0.000000 0.725674 0.380944 0.380944 0.380944
4570.019531 0.000000 152.688858 0.000000 0.864629 0.000000 -0.502410 0.413930 0.413930 0.413930
4557.232910 0.000000 143.905823 0.000000 0.556959 0.000000 0.830540 0.375532 0.375532 0.375532
4577.952148 0.000000 99.571732 0.000000 0.983061 0.000000 0.183276 0.394110 0.394110 0.394110
4587.179199 0.000000 122.026176 0.000000 0.151247 0.000000 0.988496 0.361741 0.361741 0.361741
4577.886719 0.000000 161.502945 0.000000 0.573667 0.000000 -0.819089 0.429234 0.429234 0.429234
4585.376953 0.000000 96.080566 0.000000 0.719319 0.000000 -0.694680 0.423774 0.423774 0.423774
4535.635742 0.000000 104.999100 0.000000 0.269710 0.000000 -0.962942 0.440173 0.440173 0.440173
4593.214355 0.000000 112.580780 0.000000 0.952469 0.000000 -0.304635 0.409274 0.409274 0.409274
4544.442383 0.000000 182.405685 0.000000 0.950010 0.000000 0.312219 0.392231 0.392231 0.392231
4548.791016 0.000000 131.402740 0.000000 0.747194 0.000000 0.664606 0.378947 0.378947 0.378947
4592.638184 0.000000 169.085754 0.000000 0.858980 0.000000 0.512010 0.383360 0.383360 0.383360
4549.395508 0.000000 105.068558 0.000000 0.561166 0.000000 -0.827703 0.429697 0.429697 0.429697
4601.492188 0.000000 151.325958 0.000000 0.303621 0.000000 0.952793 0.362813 0.362813 0.362813
4542.666504 0.000000 154.962997 0.000000 0.035494 0.000000 -0.999370 0.455194 0.455194 0.455194
4535.510254 0.000000 125.819901 0.000000 0.769715 0.000000 0.638388 0.374071 0.374071 0.374071
4582.435059 0.000000 170.231628 0.000000 0.526941 0.000000 -0.849902 0.431953 0.431953 0.431953
4558.437988 0.000000 157.788467 0.000000 0.927124 0.000000 0.374755 0.385615 0.385615 0.385615
4561.697754 0.000000 162.318726 0.000000 0.788835 0.000000 -0.614605 0.419499 0.419499 0.419499
4560.606934 0.000000 173.030060 0.000000 0.933233 0.000000 0.359271 0.388257 0.388257 0.388257
4553.393066 0.000000 149.912750 0.000000 0.999568 0.000000 -0.029406 0.401131 0.401131 0.401131
4593.763672 0.000000 102.793411 0.000000 0.399853 0.000000 -0.916579 0.435893 0.435893 0.435893
4578.739746 0.000000 113.886421 0.000000 0.320749 0.000000 -0.947164 0.445975 0.445975 0.445975
4559.182129 0.000000 168.044617 0.000000 0.223494 0.000000 -0.974705 0.447024 0.447024 0.447024
4606.242676 0.000000 186.304504 0.000000 0.642786 0.000000 0.766046 0.369063 0.369063 0.369063
4606.306152 0.000000 171.452515 0.000000 0.305683 0.000000 -0.952133 0.437752 0.437752 0.437752
4560.781250 0.000000 181.863083 0.000000 0.741074 0.000000 -0.671424 0.425729 0.425729 0.425729
4584.250977 0.000000 102.594345 0.000000 0.691666 0.000000 -0.722217 0.428609 0.428609 0.428609
4604.223145 0.000000 106.932251 0.000000 0.990513 0.000000 -0.137417 0.404336 0.404336 0.404336
4574.706055 0.000000 98.634529 0.000000 0.675735 0.000000 -0.737145 0.426072 0.426072 0.426072
4553.014160 0.000000 156.267120 0.000000 0.662582 0.000000 0.748989 0.375062 0.375062 0.375062
4552.410156 0.000000 159.712448 0.000000 0.305531 0.000000 0.952182 0.359097 0.359097 0.359097
4574.335938 0.000000 190.786819 0.000000 0.901090 0.000000 -0.433632 0.417468 0.417468 0.417468
4554.950684 0.000000 161.299194 0.000000 0.271389 0.000000 -0.962470 0.449179 0.449179 0.449179
4551.049805 0.000000 142.275208 0.000000 0.737449 0.000000 -0.675402 0.426287 0.426287 0.426287
4564.948730 0.000000 99.099998 0.000000 0.750163 0.000000 -0.661253 0.422005 0.422005 0.422005
4602.499512 0.000000 181.820251 0.000000 0.969347 0.000000 0.245696 0.390704 0.390704 0.390704
4567.118164 0.000000 165.886200 0.000000 0.567647 0.000000 -0.823272 0.429940 0.429940 0.429940
4539.176758 0.000000 116.007507 0.000000 0.145274 0.000000 -0.989391 0.454787 0.454787 0.454787
4588.026855 0.000000 108.655418 0.000000 0.794919 0.000000 -0.606716 0.423762 0.423762 0.423762
4563.025879 0.000000 177.313354 0.000000 0.912356 0.000000 -0.409397 0.416638 0.416638 0.416638
4593.423828 0.000000 158.615738 0.000000 0.972499 0.000000 0.232908 0.391080 0.391080 0.391080
4602.880859 0.000000 187.576141 0.000000 0.830599 0.000000 -0.556870 0.421528 0.421528 0.421528
4546.232910 0.000000 145.036758 0.000000 0.650356 0.000000 0.759630 0.368984 0.368984 0.368984
4536.712402 0.000000 119.554543 0.000000 0.433453 0.000000 0.901176 0.361889 0.361889 0.361889
4571.847168 0.000000 100.970787 0.000000 0.194253 0.000000 0.980951 0.351244 0.351244 0.351244
4568.097168 0.000000 111.509781 0.000000 0.009950 0.000000 -0.999951 0.446761 0.446761 0.446761
4600.721680 0.000000 169.411804 0.000000 0.814500 0.000000 0.580163 0.379604 0.379604 0.379604
4543.259277 0.000000 105.927933 0.000000 0.067987 0.000000 -0.997686 0.452524 0.452524 0.452524
4536.531250 0.000000 179.098572 0.000000 0.524163 0.000000 0.851618 0.361329 0.361329 0.361329
4576.625488 0.000000 167.714966 0.000000 0.103628 0.000000 -0.994616 0.454203 0.454203 0.454203
4543.052734 0.000000 133.258575 0.000000 0.917401 0.000000 0.397963 0.385694 0.385694 0.385694
4584.983887 0.000000 168.613525 0.000000 0.977118 0.000000 -0.212697 0.407384 0.407384 0.407384
4587.383789 0.000000 111.439194 0.000000 0.031968 0.000000 -0.999489 0.457626 0.457626 0.457626
4551.576660 0.000000 146.060471 0.000000 0.006366 0.000000 -0.999980 0.462491 0.462491 0.462491
4579.203613 0.000000 123.507698 0.000000 0.664129 0.000000 0.747618 0.374279 0.374279 0.374279
4584.109863 0.000000 116.411942 0.000000 0.729021 0.000000 0.684492 0.374779 0.374779 0.374779
4548.208008 0.000000 137.572556 0.000000 0.948716 0.000000 0.316131 0.388758 0.388758 0.388758
4541.666016 0.000000 145.462738 0.000000 0.117897 0.000000 -0.993026 0.456574 0.456574 0.456574
4603.142578 0.000000 100.949638 0.000000 0.882426 0.000000 0.470451 0.384348 0.384348 0.384348
4576.294922 0.000000 104.196739 0.000000 0.888273 0.000000 -0.459317 0.416203 0.416203 0.416203
4536.885742 0.000000 184.512451 0.000000 0.491826 0.000000 -0.870693 0.435348 0.435348 0.435348
4593.660156 0.000000 163.498596 0.000000 0.999062 0.000000 0.043295 0.398638 0.398638 0.398638
4561.277344 0.000000 156.213608 0.000000 0.957301 0.000000 0.289092 0.389164 0.389164 0.389164
4567.943848 0.000000 161.595062 0.000000 0.200255 0.000000 -0.979744 0.451957 0.451957 0.451957
4607.258301 0.000000 151.944855 0.000000 0.330154 0.000000 0.943927 0.356242 0.356242 0.356242
4541.670410 0.000000 122.909485 0.000000 0.846627 0.000000 0.532187 0.378705 0.378705 0.378705
4535.650879 0.000000 189.859268 0.000000 0.252034 0.000000 0.967718 0.355974 0.355974 0.355974
4564.341797 0.000000 171.259720 0.000000 0.994632 0.000000 0.103476 0.396325 0.396325 0.396325
4599.260742 0.000000 179.878662 0.000000 0.056025 0.000000 0.998429 0.350839 0.350839 0.350839
4570.335938 0.000000 181.792007 0.000000 0.999636 0.000000 -0.026986 0.401213 0.401213 0.401213
4551.096680 0.000000 101.647362 0.000000 0.018464 0.000000 0.999830 0.334117 0.334117 0.334117
4559.052734 0.000000 97.342133 0.000000 0.831101 0.000000 -0.556122 0.428562 0.428562 0.428562
4566.119141 0.000000 153.576691 0.000000 0.934218 0.000000 0.356703 0.387434 0.387434 0.387434
4547.604004 0.000000 158.177856 0.000000 0.330526 0.000000 0.943797 0.356256 0.356256 0.356256
4535.838379 0.000000 114.047417 0.000000 0.997952 0.000000 0.063960 0.397795 0.397795 0.397795
4546.079102 0.000000 103.279236 0.000000 0.846843 0.000000 0.531842 0.380400 0.380400 0.380400
4539.270508 0.000000 109.969879 0.000000 0.670935 0.000000 0.741516 0.371221 0.371221 0.371221
4553.478027 0.000000 165.045517 0.000000 0.021675 0.000000 0.999765 0.325745 0.325745 0.325745
4568.654297 0.000000 176.453339 0.000000 0.127452 0.000000 0.991845 0.335155 0.335155 0.335155
4564.396484 0.000000 104.846115 0.000000 0.079587 0.000000 -0.996828 0.452862 0.452862 0.452862
4569.317871 0.000000 157.038055 0.000000 0.916784 0.000000 0.399384 0.384820 0.384820 0.384820
4572.057129 0.000000 179.741180 0.000000 0.271492 0.000000 -0.962441 0.456939 0.456939 0.456939
4541.179688 0.000000 166.389404 0.000000 0.308642 0.000000 0.951178 0.348533 0.348533 0.348533
4575.810547 0.000000 181.579041 0.000000 0.347857 0.000000 -0.937548 0.446126 0.446126 0.446126
4567.236328 0.000000 159.053497 0.000000 0.787521 0.000000 0.616287 0.372813 0.372813 0.372813
4582.439941 0.000000 108.530273 0.000000 0.972897 0.000000 -0.231241 0.408739 0.408739 0.408739
4544.566895 0.000000 153.150986 0.000000 0.588019 0.000000 0.808847 0.365658 0.365658 0.365658
4555.223145 0.000000 173.140656 0.000000 0.800454 0.000000 -0.599394 0.433697 0.433697 0.433697
4548.148926 0.000000 142.154709 0.000000 0.910201 0.000000 0.414166 0.383369 0.383369 0.383369
4568.577148 0.000000 169.933914 0.000000 0.525831 0.000000 0.850589 0.361403 0.361403 0.361403
4560.680664 0.000000 179.195099 0.000000 0.364293 0.000000 0.931284 0.352149 0.352149 0.352149
4538.913086 0.000000 106.549065 0.000000 0.803541 0.000000 -0.595249 0.424831 0.424831 0.424831
4536.097168 0.000000 173.601166 0.000000 0.623294 0.000000 0.781988 0.366377 0.366377 0.366377
4559.118164 0.000000 103.845627 0.000000 0.547326 0.000000 0.836920 0.359894 0.359894 0.359894
4556.532715 0.000000 99.963593 0.000000 0.998442 0.000000 -0.055794 0.402648 0.402648 0.402648
4556.770508 0.000000 168.620163 0.000000 0.986240 0.000000 0.165320 0.393283 0.393283 0.393283
4557.774414 0.000000 177.755096 0.000000 0.757557 0.000000 -0.652769 0.436578 0.436578 0.436578
4574.520508 0.000000 175.522034 0.000000 0.596036 0.000000 -0.802957 0.439100 0.439100 0.439100
4544.825684 0.000000 167.954239 0.000000 0.652525 0.000000 0.757767 0.354918 0.354918 0.354918
4555.726562 0.000000 179.083801 0.000000 0.261585 0.000000 -0.965180 0.460651 0.460651 0.460651
4573.175781 0.000000 168.153351 0.000000 0.991215 0.000000 0.132264 0.394304 0.394304 0.394304
4541.486816 0.000000 177.730255 0.000000 0.199172 0.000000 -0.979965 0.468420 0.468420 0.468420
4549.377441 0.000000 178.922028 0.000000 0.265009 0.000000 -0.964246 0.462438 0.462438 0.462438
4546.024414 0.000000 172.619751 0.000000 0.928924 0.000000 0.370271 0.374433 0.374433 0.374433
4541.052246 0.000000 173.463364 0.000000 0.803545 0.000000 0.595244 0.366892 0.366892 0.366892
4552.657715 0.000000 170.582794 0.000000 0.663379 0.000000 0.748284 0.352719 0.352719 0.352719
4548.811035 0.000000 176.080917 0.000000 0.142202 0.000000 0.989838 0.315858 0.315858 0.315858
4544.521973 0.000000 176.954193 0.000000 0.704561 0.000000 0.709644 0.357059 0.357059 0.357059
4547.852051 0.000000 171.397217 0.000000 0.979170 0.000000 0.203040 0.386524 0.386524 0.386524
4457.880859 0.000000 274.859863 0.000000 0.927310 0.000000 -0.374293 0.400766 0.400766 0.400766
4437.176758 0.000000 229.587738 0.000000 0.991550 0.000000 -0.129723 0.400455 0.400455 0.400455
4455.583496 0.000000 250.021881 0.000000 0.256623 0.000000 -0.966512 0.409821 0.409821 0.409821
4450.340332 0.000000 285.253235 0.000000 0.629920 0.000000 0.776660 0.392007 0.392007 0.392007
4427.441895 0.000000 287.445892 0.000000 0.770321 0.000000 0.637657 0.392750 0.392750 0.392750
4432.254395 0.000000 260.562714 0.000000 0.567522 0.000000 0.823358 0.388891 0.388891 0.388891
4427.503906 0.000000 193.723007 0.000000 0.108271 0.000000 0.994121 0.385397 0.385397 0.385397
4431.850586 0.000000 242.134216 0.000000 0.635933 0.000000 -0.771744 0.410564 0.410564 0.410564
4442.117676 0.000000 230.995300 0.000000 0.236290 0.000000 -0.971682 0.415965 0.415965 0.415965
4425.371094 0.000000 275.097046 0.000000 0.341898 0.000000 0.939737 0.385968 0.385968 0.385968
4437.829590 0.000000 192.453812 0.000000 0.209514 0.000000 0.977806 0.376917 0.376917 0.376917
4444.697754 0.000000 192.210373 0.000000 0.996242 0.000000 0.086617 0.398484 0.398484 0.398484
4449.321777 0.000000 281.031708 0.000000 0.855012 0.000000 -0.518608 0.407895 0.407895 0.407895
4438.789062 0.000000 201.410080 0.000000 0.964511 0.000000 -0.264041 0.405337 0.405337 0.405337
4446.288574 0.000000 232.042267 0.000000 0.295176 0.000000 -0.955443 0.426023 0.426023 0.426023
4435.296875 0.000000 239.489853 0.000000 0.404366 0.000000 0.914597 0.376942 0.376942 0.376942
4434.961426 0.000000 265.440094 0.000000 0.035162 0.000000 -0.999382 0.427603 0.427603 0.427603
4434.810547 0.000000 252.309998 0.000000 0.121272 0.000000 0.992619 0.365267 0.365267 0.365267
4461.822266 0.000000 241.501312 0.000000 0.723345 0.000000 0.690487 0.383256 0.383256 0.383256
4444.127441 0.000000 223.460022 0.000000 0.911932 0.000000 0.410341 0.391133 0.391133 0.391133
4453.120605 0.000000 265.106781 0.000000 0.206562 0.000000 0.978434 0.368700 0.368700 0.368700
4459.719238 0.000000 199.871506 0.000000 0.858508 0.000000 0.512801 0.386557 0.386557 0.386557
4442.142090 0.000000 277.334534 0.000000 0.789136 0.000000 -0.614218 0.415852 0.415852 0.415852
4447.181152 0.000000 248.779907 0.000000 0.508783 0.000000 0.860895 0.375146 0.375146 0.375146
4430.992676 0.000000 281.244324 0.000000 0.978615 0.000000 0.205702 0.395035 0.395035 0.395035
4462.503906 0.000000 209.060776 0.000000 0.396035 0.000000 -0.918236 0.427888 0.427888 0.427888
4445.711426 0.000000 235.441559 0.000000 0.608753 0.000000 0.793360 0.378496 0.378496 0.378496
4443.194824 0.000000 218.010559 0.000000 0.216103 0.000000 0.976371 0.366222 0.366222 0.366222
4442.196289 0.000000 283.859924 0.000000 0.842230 0.000000 0.539119 0.382373 0.382373 0.382373
4454.866699 0.000000 241.898621 0.000000 0.351171 0.000000 0.936311 0.361876 0.361876 0.361876
4442.918945 0.000000 273.648560 0.000000 0.342105 0.000000 -0.939662 0.439039 0.439039 0.439039
4448.653809 0.000000 265.070129 0.000000 0.478910 0.000000 0.877864 0.363623 0.363623 0.363623
4462.000977 0.000000 215.631317 0.000000 0.678407 0.000000 -0.734686 0.430902 0.430902 0.430902
4438.450684 0.000000 266.216003 0.000000 0.894767 0.000000 0.446534 0.386595 0.386595 0.386595
4445.009277 0.000000 240.634094 0.000000 0.763805 0.000000 -0.645447 0.426975 0.426975 0.426975
4433.862793 0.000000 275.881592 0.000000 0.985404 0.000000 0.170233 0.394277 0.394277 0.394277
4458.457031 0.000000 236.332428 0.000000 0.797042 0.000000 0.603923 0.379603 0.379603 0.379603
4451.324219 0.000000 226.670441 0.000000 0.226731 0.000000 0.973957 0.359123 0.359123 0.359123
4437.343750 0.000000 247.481888 0.000000 0.619433 0.000000 -0.785050 0.426595 0.426595 0.426595
4445.670898 0.000000 267.823822 0.000000 0.846528 0.000000 -0.532345 0.421583 0.421583 0.421583
4442.193848 0.000000 244.297272 0.000000 0.754885 0.000000 0.655857 0.374641 0.374641 0.374641
4443.399414 0.000000 207.423584 0.000000 0.994171 0.000000 -0.107811 0.404423 0.404423 0.404423
4441.047363 0.000000 249.514908 0.000000 0.974071 0.000000 0.226243 0.390884 0.390884 0.390884
4442.205566 0.000000 252.237427 0.000000 0.609099 0.000000 -0.793094 0.432469 0.432469 0.432469
4443.395996 0.000000 247.272980 0.000000 0.788682 0.000000 -0.614801 0.423473 0.423473 0.423473
4449.927246 0.000000 239.166718 0.000000 0.986074 0.000000 -0.166308 0.406257 0.406257 0.406257
4445.323242 0.000000 212.933762 0.000000 0.720782 0.000000 -0.693161 0.434034 0.434034 0.434034
4447.458008 0.000000 200.104904 0.000000 0.986326 0.000000 -0.164808 0.407523 0.407523 0.407523
4439.274414 0.000000 282.770721 0.000000 0.915765 0.000000 0.401714 0.383694 0.383694 0.383694
4447.754883 0.000000 204.640640 0.000000 0.873429 0.000000 0.486952 0.374097 0.374097 0.374097
4450.208008 0.000000 219.072525 0.000000 0.982743 0.000000 0.184977 0.390896 0.390896 0.390896
4447.310547 0.000000 209.790894 0.000000 0.500894 0.000000 -0.865509 0.462683 0.462683 0.462683
4447.699219 0.000000 214.385513 0.000000 0.881304 0.000000 -0.472550 0.423592 0.423592 0.423592
4422.035156 0.000000 288.263458 0.000000 0.968905 0.000000 -0.247433 0.400250 0.400250 0.400250
4446.987793 0.000000 293.429352 0.000000 0.047616 0.000000 -0.998866 0.414450 0.414450 0.414450
4427.503906 0.000000 289.707397 0.000000 0.904698 0.000000 0.426053 0.395825 0.395825 0.395825
4430.656738 0.000000 293.718353 0.000000 0.662520 0.000000 -0.749044 0.410991 0.410991 0.410991
4441.392578 0.000000 288.049347 0.000000 0.654912 0.000000 -0.755705 0.424383 0.424383 0.424383
4480.395996 0.000000 227.402023 0.000000 0.090729 0.000000 -0.995876 0.407389 0.407389 0.407389
4503.769531 0.000000 208.940598 0.000000 0.918364 0.000000 -0.395738 0.403454 0.403454 0.403454
4475.574707 0.000000 224.378723 0.000000 0.019256 0.000000 -0.999815 0.418593 0.418593 0.418593
4499.496094 0.000000 193.723007 0.000000 0.509811 0.000000 -0.860286 0.410861 0.410861 0.410861
4492.409668 0.000000 223.850647 0.000000 0.999901 0.000000 0.014078 0.399852 0.399852 0.399852
4467.604492 0.000000 234.756470 0.000000 0.940051 0.000000 0.341035 0.396003 0.396003 0.396003
4464.898926 0.000000 204.152649 0.000000 0.729268 0.000000 0.684228 0.387584 0.387584 0.387584
4521.288574 0.000000 216.826447 0.000000 0.999990 0.000000 0.004416 0.399945 0.399945 0.399945
4482.741699 0.000000 223.495712 0.000000 0.891856 0.000000 0.452319 0.392969 0.392969 0.392969
4489.783203 0.000000 193.750305 0.000000 0.839743 0.000000 0.542983 0.388536 0.388536 0.388536
4491.271973 0.000000 219.542496 0.000000 0.950087 0.000000 -0.311984 0.407129 0.407129 0.407129
4499.742188 0.000000 207.862122 0.000000 0.324191 0.000000 0.945992 0.377080 0.377080 0.377080
4516.736816 0.000000 210.023560 0.000000 0.959772 0.000000 -0.280779 0.407674 0.407674 0.407674
4493.587402 0.000000 216.734543 0.000000 0.893361 0.000000 0.449340 0.388133 0.388133 0.388133
4528.555664 0.000000 206.193756 0.000000 0.871799 0.000000 -0.489863 0.413292 0.413292 0.413292
4506.510742 0.000000 201.983887 0.000000 0.993437 0.000000 -0.114379 0.402747 0.402747 0.402747
4523.303223 0.000000 211.391205 0.000000 0.961183 0.000000 -0.275913 0.407118 0.407118 0.407118
4463.726074 0.000000 234.274231 0.000000 0.747277 0.000000 0.664513 0.383669 0.383669 0.383669
4505.959961 0.000000 195.556122 0.000000 0.093892 0.000000 -0.995582 0.436131 0.436131 0.436131
4483.014648 0.000000 218.012909 0.000000 0.572743 0.000000 0.819735 0.375530 0.375530 0.375530
4513.384766 0.000000 192.064941 0.000000 0.983565 0.000000 -0.180555 0.406074 0.406074 0.406074
4521.222168 0.000000 208.565155 0.000000 0.052936 0.000000 -0.998598 0.450019 0.450019 0.450019
4527.619141 0.000000 209.496445 0.000000 0.902273 0.000000 0.431165 0.389093 0.389093 0.389093
4477.403320 0.000000 201.052933 0.000000 0.808739 0.000000 -0.588168 0.421663 0.421663 0.421663
4463.518066 0.000000 221.804291 0.000000 0.996683 0.000000 0.081381 0.397722 0.397722 0.397722
4516.034668 0.000000 204.639801 0.000000 0.960534 0.000000 -0.278163 0.410556 0.410556 0.410556
4464.720215 0.000000 215.538925 0.000000 0.180378 0.000000 0.983597 0.347968 0.347968 0.347968
4531.150391 0.000000 196.934021 0.000000 0.970284 0.000000 0.241969 0.391702 0.391702 0.391702
4526.976074 0.000000 195.696976 0.000000 0.994584 0.000000 -0.103937 0.403483 0.403483 0.403483
4477.402832 0.000000 212.634171 0.000000 0.075027 0.000000 -0.997181 0.456011 0.456011 0.456011
4465.629395 0.000000 195.212158 0.000000 0.848962 0.000000 -0.528454 0.419182 0.419182 0.419182
4467.260742 0.000000 192.990555 0.000000 0.605578 0.000000 -0.795786 0.441356 0.441356 0.441356
4473.265625 0.000000 192.119629 0.000000 0.421131 0.000000 -0.907000 0.458996 0.458996 0.458996
4474.678223 0.000000 196.086349 0.000000 0.960610 0.000000 0.277901 0.387908 0.387908 0.387908
4588.806152 0.000000 270.732300 0.000000 0.997788 0.000000 -0.066478 0.400199 0.400199 0.400199
4596.693848 0.000000 207.959183 0.000000 0.748028 0.000000 0.663667 0.394565 0.394565 0.394565
4558.303711 0.000000 203.101471 0.000000 0.240397 0.000000 -0.970675 0.413262 0.413262 0.413262
4597.293945 0.000000 214.409714 0.000000 0.946411 0.000000 -0.322965 0.403612 0.403612 0.403612
4605.430664 0.000000 285.318298 0.000000 0.886996 0.000000 0.461777 0.394488 0.394488 0.394488
4590.398926 0.000000 206.756332 0.000000 0.849142 0.000000 -0.528164 0.405001 0.405001 0.405001
4556.175781 0.000000 231.441895 0.000000 0.905189 0.000000 -0.425009 0.405260 0.405260 0.405260
4579.865723 0.000000 205.279022 0.000000 0.979670 0.000000 -0.200615 0.402219 0.402219 0.402219
4579.352539 0.000000 216.344864 0.000000 0.369897 0.000000 0.929073 0.382741 0.382741 0.382741
4536.092285 0.000000 212.701874 0.000000 0.575842 0.000000 -0.817561 0.415293 0.415293 0.415293
4592.928711 0.000000 268.265350 0.000000 0.986883 0.000000 0.161434 0.397814 0.397814 0.397814
4598.715332 0.000000 245.341187 0.000000 0.028946 0.000000 0.999581 0.377674 0.377674 0.377674
4601.486816 0.000000 253.742493 0.000000 0.405394 0.000000 0.914142 0.376964 0.376964 0.376964
4586.034180 0.000000 261.863007 0.000000 0.628727 0.000000 0.777626 0.382207 0.382207 0.382207
4565.675293 0.000000 213.118607 0.000000 0.901149 0.000000 -0.433510 0.408284 0.408284 0.408284
4600.441895 0.000000 198.432602 0.000000 0.504919 0.000000 0.863167 0.376598 0.376598 0.376598
4604.772461 0.000000 256.438782 0.000000 0.991686 0.000000 0.128682 0.397229 0.397229 0.397229
4578.331055 0.000000 233.250626 0.000000 0.897103 0.000000 -0.441821 0.410968 0.410968 0.410968
4599.372070 0.000000 218.051437 0.000000 0.935812 0.000000 0.352501 0.391726 0.391726 0.391726
4605.806641 0.000000 241.501312 0.000000 0.613820 0.000000 -0.789446 0.423171 0.423171 0.423171
4588.111816 0.000000 223.460022 0.000000 0.884424 0.000000 0.466685 0.387878 0.387878 0.387878
4605.823242 0.000000 219.233444 0.000000 0.998763 0.000000 0.049732 0.398683 0.398683 0.398683
4556.705078 0.000000 227.768768 0.000000 0.010594 0.000000 0.999944 0.364165 0.364165 0.364165
4590.346191 0.000000 202.607147 0.000000 0.069198 0.000000 -0.997603 0.429989 0.429989 0.429989
4605.855469 0.000000 274.237640 0.000000 0.432363 0.000000 0.901700 0.374752 0.374752 0.374752
4583.027832 0.000000 238.994919 0.000000 0.448828 0.000000 -0.893618 0.428147 0.428147 0.428147
4568.145508 0.000000 195.348358 0.000000 0.721420 0.000000 -0.692497 0.414896 0.414896 0.414896
4597.315430 0.000000 223.873352 0.000000 0.938176 0.000000 0.346159 0.389763 0.389763 0.389763
4576.422852 0.000000 218.481140 0.000000 0.177397 0.000000 0.984139 0.372885 0.372885 0.372885
4603.703613 0.000000 199.871506 0.000000 0.975281 0.000000 0.220967 0.394549 0.394549 0.394549
4557.837402 0.000000 206.622955 0.000000 0.392811 0.000000 0.919619 0.374359 0.374359 0.374359
4572.369141 0.000000 243.369919 0.000000 0.543819 0.000000 -0.839202 0.427347 0.427347 0.427347
4583.054688 0.000000 232.675781 0.000000 0.868563 0.000000 0.495579 0.387055 0.387055 0.387055
4597.459473 0.000000 200.656601 0.000000 0.309977 0.000000 0.950744 0.372414 0.372414 0.372414
4591.165527 0.000000 248.779907 0.000000 0.578483 0.000000 0.815695 0.372374 0.372374 0.372374
4606.488281 0.000000 209.060776 0.000000 0.854212 0.000000 -0.519924 0.414196 0.414196 0.414196
4547.157715 0.000000 205.357269 0.000000 0.184802 0.000000 -0.982776 0.438724 0.438724 0.438724
4582.275879 0.000000 196.168411 0.000000 0.149218 0.000000 0.988804 0.351752 0.351752 0.351752
4576.267090 0.000000 245.518677 0.000000 0.520741 0.000000 -0.853715 0.432182 0.432182 0.432182
4589.695801 0.000000 235.441559 0.000000 0.403881 0.000000 -0.914812 0.428836 0.428836 0.428836
4555.006836 0.000000 218.012909 0.000000 0.518586 0.000000 -0.855025 0.432262 0.432262 0.432262
4598.851074 0.000000 241.898621 0.000000 0.677877 0.000000 -0.735176 0.420207 0.420207 0.420207
4585.376953 0.000000 192.064941 0.000000 0.851899 0.000000 -0.523706 0.418715 0.418715 0.418715
4535.635742 0.000000 200.983475 0.000000 0.623271 0.000000 0.782006 0.377584 0.377584 0.377584
4569.411621 0.000000 235.892822 0.000000 0.297485 0.000000 0.954726 0.361357 0.361357 0.361357
4573.920410 0.000000 223.014801 0.000000 0.718642 0.000000 0.695380 0.373508 0.373508 0.373508
4602.481445 0.000000 219.459656 0.000000 0.474268 0.000000 -0.880381 0.427417 0.427417 0.427417
4572.750977 0.000000 229.780060 0.000000 0.998244 0.000000 -0.059241 0.402161 0.402161 0.402161
4593.763672 0.000000 198.777802 0.000000 0.633568 0.000000 -0.773687 0.427386 0.427386 0.427386
4606.306152 0.000000 267.436890 0.000000 0.997396 0.000000 -0.072127 0.402775 0.402775 0.402775
4584.250977 0.000000 198.578735 0.000000 0.821339 0.000000 0.570440 0.381814 0.381814 0.381814
4574.706055 0.000000 194.618912 0.000000 0.524755 0.000000 0.851253 0.369491 0.369491 0.369491
4546.208496 0.000000 209.520508 0.000000 0.345918 0.000000 -0.938265 0.446812 0.446812 0.446812
4606.589844 0.000000 263.462372 0.000000 0.909064 0.000000 -0.416656 0.413733 0.413733 0.413733
4595.308594 0.000000 226.670441 0.000000 0.751171 0.000000 0.660108 0.378761 0.378761 0.378761
4570.486816 0.000000 218.041565 0.000000 0.550673 0.000000 -0.834721 0.429588 0.429588 0.429588
4581.328125 0.000000 247.481888 0.000000 0.377513 0.000000 0.926004 0.357446 0.357446 0.357446
4578.565918 0.000000 228.016769 0.000000 0.645421 0.000000 -0.763827 0.429513 0.429513 0.429513
4582.833984 0.000000 227.026474 0.000000 0.628272 0.000000 0.777993 0.366171 0.366171 0.366171
4588.686523 0.000000 195.172516 0.000000 0.296583 0.000000 -0.955007 0.450083 0.450083 0.450083
4574.532227 0.000000 239.427979 0.000000 0.309543 0.000000 0.950885 0.351708 0.351708 0.351708
4598.590332 0.000000 256.013885 0.000000 0.978027 0.000000 0.208477 0.393394 0.393394 0.393394
4560.496094 0.000000 218.685577 0.000000 0.467224 0.000000 -0.884139 0.445492 0.445492 0.445492
4593.423828 0.000000 254.600113 0.000000 0.685411 0.000000 -0.728157 0.430544 0.430544 0.430544
4606.060547 0.000000 226.089050 0.000000 0.683973 0.000000 0.729508 0.373056 0.373056 0.373056
4562.369141 0.000000 229.632935 0.000000 0.747923 0.000000 -0.663785 0.425008 0.425008 0.425008
4600.721680 0.000000 265.396179 0.000000 0.336019 0.000000 0.941855 0.357076 0.357076 0.357076
4585.031738 0.000000 249.514908 0.000000 0.490977 0.000000 -0.871173 0.441717 0.441717 0.441717
4573.465332 0.000000 236.058411 0.000000 0.985385 0.000000 -0.170341 0.406325 0.406325 0.406325
4579.196289 0.000000 245.246353 0.000000 0.999905 0.000000 0.013759 0.399512 0.399512 0.399512
4593.660156 0.000000 259.482971 0.000000 0.005805 0.000000 0.999983 0.346082 0.346082 0.346082
4595.815430 0.000000 193.657501 0.000000 0.152300 0.000000 0.988334 0.347610 0.347610 0.347610
4586.189941 0.000000 252.237427 0.000000 0.850566 0.000000 -0.525869 0.419907 0.419907 0.419907
4591.166504 0.000000 193.714035 0.000000 0.415057 0.000000 -0.909796 0.438801 0.438801 0.438801
4601.817383 0.000000 260.555481 0.000000 0.663528 0.000000 -0.748151 0.430388 0.430388 0.430388
4587.380371 0.000000 247.272980 0.000000 0.960111 0.000000 0.279618 0.390802 0.390802 0.390802
4598.968262 0.000000 195.696976 0.000000 0.774337 0.000000 -0.632773 0.423604 0.423604 0.423604
4587.965820 0.000000 197.852295 0.000000 0.852795 0.000000 0.522246 0.380246 0.380246 0.380246
4549.395020 0.000000 212.634171 0.000000 0.993481 0.000000 0.113996 0.396178 0.396178 0.396178
4588.381348 0.000000 229.566422 0.000000 0.874722 0.000000 -0.484626 0.419199 0.419199 0.419199
4578.542480 0.000000 242.482559 0.000000 0.972712 0.000000 -0.232017 0.408769 0.408769 0.408769
4565.387207 0.000000 221.259796 0.000000 0.754987 0.000000 0.655740 0.368933 0.368933 0.368933
4603.031738 0.000000 262.892822 0.000000 0.170926 0.000000 0.985284 0.348307 0.348307 0.348307
4591.044434 0.000000 229.484283 0.000000 0.808345 0.000000 -0.588709 0.423258 0.423258 0.423258
4562.083008 0.000000 225.176086 0.000000 0.938945 0.000000 0.344068 0.384917 0.384917 0.384917
4579.420410 0.000000 193.435165 0.000000 0.253353 0.000000 -0.967374 0.451201 0.451201 0.451201
2665.400146 0.000000 2107.084717 0.000000 0.111169 0.000000 0.993801 0.396357 0.396357 0.396357
2732.635498 0.000000 2052.305664 0.000000 0.317772 0.000000 0.948167 0.383183 0.383183 0.383183
2700.042969 0.000000 2106.609131 0.000000 0.073591 0.000000 0.997288 0.379069 0.379069 0.379069
2688.359131 0.000000 2096.329346 0.000000 0.411035 0.000000 -0.911620 0.418903 0.418903 0.418903
2733.754395 0.000000 2055.790527 0.000000 0.856750 0.000000 0.515732 0.388637 0.388637 0.388637
2729.695312 0.000000 2071.013672 0.000000 0.943197 0.000000 0.332234 0.389685 0.389685 0.389685
2685.784668 0.000000 2094.003418 0.000000 0.215246 0.000000 0.976560 0.352681 0.352681 0.352681
2688.810303 0.000000 2092.717773 0.000000 0.892681 0.000000 0.450689 0.353778 0.353778 0.353778
2709.496826 0.000000 2102.161621 0.000000 0.819392 0.000000 0.573234 0.375921 0.375921 0.375921
2717.858643 0.000000 2091.527100 0.000000 0.941498 0.000000 0.337019 0.366359 0.366359 0.366359
2700.930664 0.000000 2078.502197 0.000000 0.551411 0.000000 -0.834233 0.440893 0.440893 0.440893
2727.463867 0.000000 2099.566162 0.000000 0.998207 0.000000 0.059862 0.397727 0.397727 0.397727
2696.857422 0.000000 2096.140869 0.000000 0.930807 0.000000 -0.365511 0.414012 0.414012 0.414012
2700.260254 0.000000 2099.428711 0.000000 0.886568 0.000000 0.462599 0.375026 0.375026 0.375026
2723.568115 0.000000 2090.899658 0.000000 0.762484 0.000000 -0.647007 0.459025 0.459025 0.459025
2683.426514 0.000000 2092.828369 0.000000 0.962399 0.000000 0.271638 0.389973 0.389973 0.389973
2718.062012 0.000000 2096.929199 0.000000 0.550178 0.000000 -0.835047 0.489310 0.489310 0.489310
2718.754395 0.000000 2074.997070 0.000000 0.900332 0.000000 0.435203 0.359757 0.359757 0.359757
2702.723633 0.000000 2095.209717 0.000000 0.310875 0.000000 0.950451 0.311667 0.311667 0.311667
2709.793945 0.000000 2095.516113 0.000000 0.278331 0.000000 -0.960485 0.508105 0.508105 0.508105
2727.030273 0.000000 2090.679688 0.000000 0.816655 0.000000 -0.577127 0.446077 0.446077 0.446077
2731.514404 0.000000 2082.275879 0.000000 0.985159 0.000000 0.171645 0.386305 0.386305 0.386305
2732.124268 0.000000 2091.957275 0.000000 0.874117 0.000000 -0.485715 0.430895 0.430895 0.430895
2684.190186 0.000000 2110.488037 0.000000 0.947964 0.000000 -0.318379 0.420385 0.420385 0.420385
2721.936523 0.000000 2073.037109 0.000000 0.192168 0.000000 -0.981362 0.505228 0.505228 0.505228
2730.623535 0.000000 2079.684326 0.000000 0.512306 0.000000 0.858803 0.345330 0.345330 0.345330
2705.072998 0.000000 2096.077637 0.000000 0.078487 0.000000 -0.996915 0.504312 0.504312 0.504312
2726.335205 0.000000 2094.982910 0.000000 0.009103 0.000000 -0.999959 0.492792 0.492792 0.492792
2682.735596 0.000000 2087.349854 0.000000 0.129612 0.000000 0.991565 0.325900 0.325900 0.325900
2727.822021 0.000000 2093.406982 0.000000 0.961701 0.000000 0.274099 0.380868 0.380868 0.380868
2689.921631 0.000000 2094.646240 0.000000 0.081849 0.000000 0.996645 0.318226 0.318226 0.318226
2702.326660 0.000000 2099.925049 0.000000 0.563351 0.000000 0.826217 0.333971 0.333971 0.333971
2716.615723 0.000000 2075.707764 0.000000 0.506273 0.000000 -0.862373 0.464387 0.464387 0.464387
2730.698242 0.000000 2093.758301 0.000000 0.809226 0.000000 -0.587497 0.438253 0.438253 0.438253
2860.656982 0.000000 2009.039673 0.000000 0.644601 0.000000 0.764519 0.293102 0.293102 0.293102
2850.404053 0.000000 2006.802002 0.000000 0.933456 0.000000 -0.358692 0.404030 0.404030 0.404030
2861.561035 0.000000 2003.530273 0.000000 0.791628 0.000000 -0.611003 0.406892 0.406892 0.406892
2862.937256 0.000000 2006.645142 0.000000 0.123562 0.000000 -0.992337 0.446960 0.446960 0.446960
2872.909424 0.000000 1993.114990 0.000000 0.060570 0.000000 0.998164 0.337414 0.337414 0.337414
2853.797363 0.000000 2008.587891 0.000000 0.698008 0.000000 0.716089 0.354566 0.354566 0.354566
2863.203857 0.000000 2009.355225 0.000000 0.993863 0.000000 0.110617 0.392971 0.392971 0.392971
2855.795410 0.000000 2005.560181 0.000000 0.099123 0.000000 0.995075 0.327261 0.327261 0.327261
2870.319580 0.000000 1998.998535 0.000000 0.364980 0.000000 0.931016 0.319899 0.319899 0.319899
2860.687500 0.000000 2012.003418 0.000000 0.931535 0.000000 -0.363650 0.427318 0.427318 0.427318
2871.963135 0.000000 1988.230957 0.000000 0.895988 0.000000 0.444078 0.369672 0.369672 0.369672
2762.442383 0.000000 2039.185791 0.000000 0.353855 0.000000 0.935300 0.396378 0.396378 0.396378
2785.287842 0.000000 2028.672485 0.000000 0.537606 0.000000 -0.843196 0.404508 0.404508 0.404508
2758.443115 0.000000 2060.062500 0.000000 0.342262 0.000000 -0.939605 0.406099 0.406099 0.406099
2758.504639 0.000000 2044.408203 0.000000 0.481825 0.000000 0.876267 0.392001 0.392001 0.392001
2781.395264 0.000000 2080.818604 0.000000 0.803436 0.000000 -0.595391 0.405732 0.405732 0.405732
2784.600830 0.000000 2048.166016 0.000000 0.944110 0.000000 -0.329631 0.439583 0.439583 0.439583
2776.434326 0.000000 2084.265869 0.000000 0.546807 0.000000 0.837259 0.390587 0.390587 0.390587
2752.288574 0.000000 2082.412842 0.000000 0.134664 0.000000 0.990891 0.240855 0.240855 0.240855
2795.621582 0.000000 2080.576660 0.000000 0.676357 0.000000 -0.736574 0.411162 0.411162 0.411162
2739.791992 0.000000 2058.459717 0.000000 0.962066 0.000000 0.272815 0.368129 0.368129 0.368129
2770.835449 0.000000 2087.926270 0.000000 0.942622 0.000000 0.333862 0.393541 0.393541 0.393541
2801.133057 0.000000 2053.552246 0.000000 0.674483 0.000000 0.738290 0.382168 0.382168 0.382168
2797.655029 0.000000 2024.359863 0.000000 0.932387 0.000000 0.361463 0.388736 0.388736 0.388736
2795.490723 0.000000 2035.094482 0.000000 0.995801 0.000000 0.091543 0.390342 0.390342 0.390342
2761.409424 0.000000 2046.380737 0.000000 0.956285 0.000000 0.292435 0.393036 0.393036 0.393036
2778.082031 0.000000 2081.190674 0.000000 0.743528 0.000000 -0.668705 0.425601 0.425601 0.425601
2799.806641 0.000000 2033.199707 0.000000 1.000000 0.000000 -0.000691 0.400069 0.400069 0.400069
2770.076660 0.000000 2069.124023 0.000000 0.187136 0.000000 0.982334 0.258484 0.258484 0.258484
2767.680908 0.000000 2046.678345 0.000000 0.895124 0.000000 -0.445817 0.441992 0.441992 0.441992
2798.785645 0.000000 2079.717041 0.000000 0.453619 0.000000 0.891196 0.352766 0.352766 0.352766
2760.052734 0.000000 2062.439941 0.000000 0.797522 0.000000 -0.603290 0.428133 0.428133 0.428133
2773.660645 0.000000 2059.761719 0.000000 0.520122 0.000000 0.854092 0.308496 0.308496 0.308496
2763.973633 0.000000 2062.344482 0.000000 0.914106 0.000000 -0.405474 0.437731 0.437731 0.437731
2762.230713 0.000000 2067.184326 0.000000 0.647778 0.000000 0.761829 0.357618 0.357618 0.357618
2789.502686 0.000000 2036.636963 0.000000 0.608993 0.000000 -0.793176 0.480040 0.480040 0.480040
2803.532959 0.000000 2029.665283 0.000000 0.999992 0.000000 -0.004003 0.400352 0.400352 0.400352
2762.278564 0.000000 2048.879395 0.000000 0.902300 0.000000 -0.431108 0.421365 0.421365 0.421365
2736.292236 0.000000 2093.288818 0.000000 0.996806 0.000000 -0.079862 0.403513 0.403513 0.403513
2767.698975 0.000000 2068.142822 0.000000 0.793079 0.000000 0.609119 0.350947 0.350947 0.350947
2795.369385 0.000000 2055.506836 0.000000 0.895525 0.000000 -0.445012 0.422106 0.422106 0.422106
2781.512207 0.000000 2041.656616 0.000000 0.945952 0.000000 0.324307 0.375758 0.375758 0.375758
2796.730713 0.000000 2057.870361 0.000000 0.995627 0.000000 -0.093415 0.404017 0.404017 0.404017
2791.616211 0.000000 2069.096680 0.000000 0.432948 0.000000 -0.901419 0.447663 0.447663 0.447663
2741.729492 0.000000 2056.650635 0.000000 0.239335 0.000000 -0.970937 0.476982 0.476982 0.476982
2800.953125 0.000000 2067.480469 0.000000 0.116647 0.000000 -0.993173 0.501631 0.501631 0.501631
2774.614258 0.000000 2051.657471 0.000000 0.895594 0.000000 -0.444873 0.435451 0.435451 0.435451
2783.840332 0.000000 2045.508179 0.000000 0.603759 0.000000 -0.797167 0.452515 0.452515 0.452515
2786.898682 0.000000 2062.859619 0.000000 0.983786 0.000000 -0.179348 0.413596 0.413596 0.413596
2783.248535 0.000000 2065.310059 0.000000 0.504498 0.000000 -0.863413 0.484805 0.484805 0.484805
2779.972900 0.000000 2037.550415 0.000000 0.840577 0.000000 0.541692 0.372560 0.372560 0.372560
2798.337646 0.000000 2063.237305 0.000000 0.918221 0.000000 0.396068 0.371533 0.371533 0.371533
2804.822266 0.000000 2034.476929 0.000000 0.424593 0.000000 0.905384 0.323111 0.323111 0.323111
2793.568115 0.000000 2067.735352 0.000000 0.506082 0.000000 -0.862486 0.446223 0.446223 0.446223
2806.807617 0.000000 2053.416260 0.000000 0.513794 0.000000 -0.857914 0.447884 0.447884 0.447884
2768.069580 0.000000 2054.713135 0.000000 0.887391 0.000000 -0.461019 0.427513 0.427513 0.427513
2792.839111 0.000000 2055.753906 0.000000 0.910854 0.000000 0.412728 0.367923 0.367923 0.367923
2777.170166 0.000000 2063.757324 0.000000 0.069572 0.000000 0.997577 0.284570 0.284570 0.284570
2775.571777 0.000000 2044.427734 0.000000 0.025213 0.000000 0.999682 0.303535 0.303535 0.303535
2788.235352 0.000000 2066.509033 0.000000 0.976473 0.000000 0.215638 0.386760 0.386760 0.386760
2806.126221 0.000000 2022.775635 0.000000 0.541998 0.000000 -0.840380 0.468766 0.468766 0.468766
2782.337158 0.000000 2047.625122 0.000000 0.927998 0.000000 0.372585 0.373311 0.373311 0.373311
2754.884277 0.000000 2072.070068 0.000000 0.101793 0.000000 0.994806 0.330327 0.330327 0.330327
2799.683838 0.000000 2076.124268 0.000000 0.199678 0.000000 0.979862 0.323399 0.323399 0.323399
2800.820312 0.000000 2051.228027 0.000000 0.159647 0.000000 0.987174 0.320419 0.320419 0.320419
2799.003174 0.000000 2061.061035 0.000000 0.713791 0.000000 0.700359 0.346149 0.346149 0.346149
2791.490234 0.000000 2033.494141 0.000000 0.550287 0.000000 0.834976 0.344743 0.344743 0.344743
2796.496338 0.000000 2070.339600 0.000000 0.999753 0.000000 -0.022228 0.401276 0.401276 0.401276
2804.275146 0.000000 2077.814453 0.000000 0.045481 0.000000 -0.998965 0.486822 0.486822 0.486822
2797.605957 0.000000 2074.883057 0.000000 0.859158 0.000000 -0.511711 0.430040 0.430040 0.430040
2805.038330 0.000000 2031.248657 0.000000 0.951978 0.000000 0.306167 0.377316 0.377316 0.377316
2773.218750 0.000000 2055.610352 0.000000 0.935080 0.000000 0.354437 0.376482 0.376482 0.376482
2771.109131 0.000000 2044.359863 0.000000 0.965889 0.000000 -0.258958 0.415172 0.415172 0.415172
2805.904541 0.000000 2067.379639 0.000000 0.515016 0.000000 -0.857181 0.471984 0.471984 0.471984
2799.146484 0.000000 2026.281006 0.000000 0.619539 0.000000 -0.784966 0.456788 0.456788 0.456788
2805.037109 0.000000 2074.263672 0.000000 0.702808 0.000000 -0.711379 0.451769 0.451769 0.451769
2781.008545 0.000000 2075.875488 0.000000 0.505240 0.000000 -0.862979 0.466541 0.466541 0.466541
2792.603271 0.000000 2030.274658 0.000000 0.970356 0.000000 -0.241682 0.415479 0.415479 0.415479
2873.696045 0.000000 2018.254272 0.000000 0.924326 0.000000 0.381605 0.351322 0.351322 0.351322
2858.662842 0.000000 2060.397217 0.000000 0.999618 0.000000 0.027625 0.396910 0.396910 0.396910
2818.806396 0.000000 2036.420776 0.000000 0.026298 0.000000 0.999654 0.222628 0.222628 0.222628
2830.435303 0.000000 2060.062500 0.000000 0.824224 0.000000 -0.566265 0.470633 0.470633 0.470633
2830.491211 0.000000 2026.804688 0.000000 0.747478 0.000000 -0.664286 0.405442 0.405442 0.405442
2834.050781 0.000000 2064.516846 0.000000 0.335913 0.000000 -0.941893 0.534918 0.534918 0.534918
2879.646240 0.000000 2068.666260 0.000000 0.754447 0.000000 0.656361 0.387488 0.387488 0.387488
2837.767090 0.000000 2040.437744 0.000000 0.872826 0.000000 0.488031 0.387781 0.387781 0.387781
2815.815674 0.000000 2039.773193 0.000000 0.655207 0.000000 -0.755449 0.487654 0.487654 0.487654
2857.564453 0.000000 2015.768188 0.000000 0.840164 0.000000 0.542333 0.382541 0.382541 0.382541
2848.802979 0.000000 2029.548706 0.000000 0.740524 0.000000 0.672030 0.378658 0.378658 0.378658
2873.679688 0.000000 2071.013672 0.000000 0.089791 0.000000 -0.995961 0.444365 0.444365 0.444365
2821.014404 0.000000 2082.261230 0.000000 0.999240 0.000000 0.038989 0.398910 0.398910 0.398910
2874.668945 0.000000 2043.162842 0.000000 0.145831 0.000000 -0.989310 0.439829 0.439829 0.439829
2858.233154 0.000000 2044.755859 0.000000 0.959898 0.000000 0.280348 0.372191 0.372191 0.372191
2831.369385 0.000000 2087.732178 0.000000 0.875687 0.000000 0.482880 0.385909 0.385909 0.385909
2836.267578 0.000000 2057.024902 0.000000 0.981506 0.000000 0.191432 0.381919 0.381919 0.381919
2822.860107 0.000000 2085.225098 0.000000 0.439484 0.000000 -0.898251 0.431199 0.431199 0.431199
2824.597656 0.000000 2079.400146 0.000000 0.979420 0.000000 0.201835 0.392389 0.392389 0.392389
2827.138184 0.000000 2080.986816 0.000000 0.904710 0.000000 -0.426027 0.416481 0.416481 0.416481
2839.673096 0.000000 2046.678345 0.000000 0.913147 0.000000 -0.407631 0.416562 0.416562 0.416562
2874.422852 0.000000 2065.221924 0.000000 0.472240 0.000000 0.881470 0.354746 0.354746 0.354746
2860.874023 0.000000 2018.875732 0.000000 0.887218 0.000000 -0.461351 0.417478 0.417478 0.417478
2811.364014 0.000000 2035.695068 0.000000 0.155279 0.000000 0.987871 0.339244 0.339244 0.339244
2868.143555 0.000000 2068.081787 0.000000 0.379560 0.000000 -0.925167 0.449553 0.449553 0.449553
2813.708008 0.000000 2031.938110 0.000000 0.942726 0.000000 -0.333569 0.415792 0.415792 0.415792
2863.354004 0.000000 2017.417236 0.000000 0.909036 0.000000 -0.416717 0.438846 0.438846 0.438846
2838.306396 0.000000 2073.264404 0.000000 0.745132 0.000000 -0.666917 0.459783 0.459783 0.459783
2863.072021 0.000000 2047.458496 0.000000 0.975752 0.000000 -0.218879 0.407382 0.407382 0.407382
2808.025635 0.000000 2033.734985 0.000000 0.264497 0.000000 0.964386 0.346646 0.346646 0.346646
2870.390869 0.000000 2035.545776 0.000000 0.289206 0.000000 -0.957267 0.453577 0.453577 0.453577
2809.809326 0.000000 2018.915405 0.000000 0.674527 0.000000 0.738250 0.370144 0.370144 0.370144
2810.404297 0.000000 2077.563721 0.000000 0.485506 0.000000 0.874233 0.355380 0.355380 0.355380
2876.368652 0.000000 2063.134277 0.000000 0.306957 0.000000 0.951724 0.347203 0.347203 0.347203
2836.464111 0.000000 2071.294922 0.000000 0.956911 0.000000 0.290380 0.375874 0.375874 0.375874
2816.754150 0.000000 2072.838623 0.000000 0.482051 0.000000 0.876143 0.314694 0.314694 0.314694
2878.537354 0.000000 2017.629883 0.000000 0.597152 0.000000 -0.802128 0.439971 0.439971 0.439971
2811.100342 0.000000 2026.236694 0.000000 0.246894 0.000000 0.969043 0.299718 0.299718 0.299718
2816.304443 0.000000 2037.085205 0.000000 0.251491 0.000000 -0.967860 0.517671 0.517671 0.517671
2868.722900 0.000000 2057.870361 0.000000 0.331197 0.000000 -0.943562 0.448645 0.448645 0.448645
2863.608398 0.000000 2069.096680 0.000000 0.018453 0.000000 -0.999830 0.471309 0.471309 0.471309
2813.721680 0.000000 2056.650635 0.000000 0.597518 0.000000 0.801855 0.346576 0.346576 0.346576
2840.659424 0.000000 2074.356201 0.000000 0.455638 0.000000 0.890165 0.312853 0.312853 0.312853
2816.186035 0.000000 2069.905273 0.000000 0.003800 0.000000 0.999993 0.269336 0.269336 0.269336
2812.920166 0.000000 2021.685547 0.000000 0.987363 0.000000 -0.158473 0.408105 0.408105 0.408105
2813.151611 0.000000 2060.742920 0.000000 0.308537 0.000000 0.951212 0.321537 0.321537 0.321537
2807.904785 0.000000 2051.810791 0.000000 0.998180 0.000000 0.060305 0.395240 0.395240 0.395240
2850.727783 0.000000 2031.111694 0.000000 0.938469 0.000000 0.345363 0.381337 0.381337 0.381337
2828.457520 0.000000 2068.037598 0.000000 0.989958 0.000000 0.141360 0.389023 0.389023 0.389023
2827.786377 0.000000 2029.489990 0.000000 0.699972 0.000000 0.714170 0.365049 0.365049 0.365049
2870.815918 0.000000 2044.103882 0.000000 0.831371 0.000000 0.555717 0.369403 0.369403 0.369403
2807.721191 0.000000 2074.262207 0.000000 0.250331 0.000000 -0.968160 0.475009 0.475009 0.475009
2831.878418 0.000000 2068.883789 0.000000 0.956488 0.000000 -0.291770 0.422619 0.422619 0.422619
2810.559814 0.000000 2021.226074 0.000000 0.328657 0.000000 0.944449 0.332119 0.332119 0.332119
2878.799805 0.000000 2053.416260 0.000000 0.361942 0.000000 0.932201 0.317883 0.317883 0.317883
2840.061768 0.000000 2054.713135 0.000000 0.783025 0.000000 -0.621990 0.439886 0.439886 0.439886
2875.678955 0.000000 2045.395264 0.000000 0.148889 0.000000 0.988854 0.294965 0.294965 0.294965
2864.831299 0.000000 2055.753906 0.000000 0.927809 0.000000 -0.373055 0.426342 0.426342 0.426342
2820.547119 0.000000 2026.948120 0.000000 0.179686 0.000000 0.983724 0.311849 0.311849 0.311849
2878.118408 0.000000 2022.775635 0.000000 0.990254 0.000000 0.139273 0.391000 0.391000 0.391000
2833.703613 0.000000 2072.221680 0.000000 0.505469 0.000000 0.862845 0.335035 0.335035 0.335035
2832.108887 0.000000 2038.813477 0.000000 0.973947 0.000000 0.226775 0.383894 0.383894 0.383894
2813.488281 0.000000 2024.126709 0.000000 0.036426 0.000000 -0.999336 0.521813 0.521813 0.521813
2826.876465 0.000000 2072.070068 0.000000 0.743788 0.000000 -0.668415 0.444229 0.444229 0.444229
2876.288574 0.000000 2018.345337 0.000000 0.115832 0.000000 0.993269 0.286690 0.286690 0.286690
2870.995361 0.000000 2061.061035 0.000000 0.956051 0.000000 -0.293200 0.415007 0.415007 0.415007
2821.573730 0.000000 2029.618042 0.000000 0.927518 0.000000 -0.373779 0.426205 0.426205 0.426205
2829.458496 0.000000 2072.617676 0.000000 0.679937 0.000000 0.733271 0.356435 0.356435 0.356435
2822.558838 0.000000 2056.594482 0.000000 0.747583 0.000000 -0.664168 0.454041 0.454041 0.454041
2817.129883 0.000000 2061.078125 0.000000 0.763018 0.000000 -0.646378 0.440357 0.440357 0.440357
2818.996582 0.000000 2073.109863 0.000000 0.716180 0.000000 0.697916 0.342144 0.342144 0.342144
2823.129150 0.000000 2074.946289 0.000000 0.259847 0.000000 -0.965650 0.475755 0.475755 0.475755
2814.408447 0.000000 2029.736694 0.000000 0.695398 0.000000 -0.718625 0.453648 0.453648 0.453648
2843.471191 0.000000 2033.754272 0.000000 0.600499 0.000000 -0.799625 0.449971 0.449971 0.449971
2866.738037 0.000000 2060.016357 0.000000 0.937269 0.000000 0.348607 0.380087 0.380087 0.380087
2809.795898 0.000000 2075.396484 0.000000 0.451562 0.000000 0.892240 0.338357 0.338357 0.338357
2818.223633 0.000000 2057.582275 0.000000 0.788116 0.000000 0.615527 0.361596 0.361596 0.361596
2848.711670 0.000000 2076.142090 0.000000 0.999996 0.000000 -0.002827 0.400185 0.400185 0.400185
2811.047119 0.000000 2065.166748 0.000000 0.977570 0.000000 0.210610 0.385167 0.385167 0.385167
2878.555176 0.000000 2027.066650 0.000000 0.510817 0.000000 -0.859690 0.470776 0.470776 0.470776
2809.001953 0.000000 2022.786255 0.000000 0.735698 0.000000 0.677310 0.347242 0.347242 0.347242
2812.090576 0.000000 2072.339600 0.000000 0.974407 0.000000 0.224791 0.387434 0.387434 0.387434
2831.502197 0.000000 2034.527588 0.000000 0.993732 0.000000 0.111792 0.392952 0.392952 0.392952
2835.120605 0.000000 2041.174072 0.000000 0.142589 0.000000 -0.989782 0.485545 0.485545 0.485545
2851.534424 0.000000 2046.509033 0.000000 0.526667 0.000000 -0.850072 0.462913 0.462913 0.462913
2820.509766 0.000000 2075.708496 0.000000 0.961502 0.000000 0.274797 0.384015 0.384015 0.384015
2821.012451 0.000000 2059.549072 0.000000 0.822903 0.000000 -0.568181 0.441337 0.441337 0.441337
2819.602783 0.000000 2052.716309 0.000000 0.897570 0.000000 0.440872 0.370592 0.370592 0.370592
2859.861572 0.000000 2039.552246 0.000000 0.990934 0.000000 -0.134353 0.408747 0.408747 0.408747
2818.514648 0.000000 2031.088623 0.000000 0.142492 0.000000 0.989796 0.310172 0.310172 0.310172
2817.144531 0.000000 2034.949707 0.000000 0.636853 0.000000 -0.770985 0.458904 0.458904 0.458904
2656.918701 0.000000 2141.754395 0.000000 0.887818 0.000000 0.460194 0.394508 0.394508 0.394508
2662.234863 0.000000 2116.300781 0.000000 0.482730 0.000000 -0.875769 0.416516 0.416516 0.416516
2651.506348 0.000000 2131.078857 0.000000 0.233990 0.000000 -0.972239 0.441316 0.441316 0.441316
2650.174561 0.000000 2133.692139 0.000000 0.989388 0.000000 -0.145297 0.404296 0.404296 0.404296
2659.548584 0.000000 2125.649902 0.000000 0.328482 0.000000 0.944510 0.303100 0.303100 0.303100
2654.333984 0.000000 2126.018066 0.000000 0.494115 0.000000 -0.869397 0.466309 0.466309 0.466309
2677.296875 0.000000 2127.963379 0.000000 0.431830 0.000000 0.901955 0.275939 0.275939 0.275939
2676.857666 0.000000 2150.396973 0.000000 0.269958 0.000000 0.962872 0.381861 0.381861 0.381861
2663.750000 0.000000 2116.633057 0.000000 0.180079 0.000000 0.983652 0.378489 0.378489 0.378489
2684.908203 0.000000 2147.456543 0.000000 0.317849 0.000000 -0.948141 0.433632 0.433632 0.433632
2696.348633 0.000000 2115.036133 0.000000 0.955998 0.000000 -0.293374 0.408326 0.408326 0.408326
2665.824951 0.000000 2114.899902 0.000000 0.718527 0.000000 0.695499 0.362749 0.362749 0.362749
2679.836914 0.000000 2126.582764 0.000000 0.999832 0.000000 -0.018326 0.401611 0.401611 0.401611
2674.254639 0.000000 2141.814941 0.000000 0.214111 0.000000 -0.976809 0.456832 0.456832 0.456832
2692.800781 0.000000 2130.340088 0.000000 0.497937 0.000000 -0.867213 0.448738 0.448738 0.448738
2682.861572 0.000000 2131.160889 0.000000 0.950856 0.000000 0.309634 0.376736 0.376736 0.376736
2687.321533 0.000000 2119.517822 0.000000 0.848276 0.000000 0.529555 0.372692 0.372692 0.372692
2682.793945 0.000000 2145.731201 0.000000 0.482627 0.000000 -0.875826 0.444758 0.444758 0.444758
2684.735840 0.000000 2115.635742 0.000000 0.062257 0.000000 -0.998060 0.518254 0.518254 0.518254
2678.756592 0.000000 2145.346436 0.000000 0.827065 0.000000 0.562106 0.374964 0.374964 0.374964
2680.809814 0.000000 2133.091553 0.000000 0.459631 0.000000 0.888110 0.323581 0.323581 0.323581
2683.802002 0.000000 2125.474365 0.000000 0.060637 0.000000 0.998160 0.274833 0.274833 0.274833
2681.251709 0.000000 2141.479248 0.000000 0.794575 0.000000 -0.607166 0.434860 0.434860 0.434860
2665.674316 0.000000 2139.544678 0.000000 0.343446 0.000000 -0.939173 0.471893 0.471893 0.471893
2690.842285 0.000000 2127.291016 0.000000 0.698422 0.000000 0.715686 0.346236 0.346236 0.346236
2688.124512 0.000000 2134.797852 0.000000 0.011409 0.000000 0.999935 0.312795 0.312795 0.312795
2676.514893 0.000000 2134.281250 0.000000 0.525618 0.000000 0.850721 0.338535 0.338535 0.338535
2674.865479 0.000000 2138.617920 0.000000 0.905432 0.000000 0.424491 0.376578 0.376578 0.376578
2685.316162 0.000000 2138.415039 0.000000 0.690321 0.000000 -0.723503 0.445234 0.445234 0.445234
2665.017578 0.000000 2118.770752 0.000000 0.012850 0.000000 0.999917 0.305097 0.305097 0.305097
2678.605957 0.000000 2140.770020 0.000000 0.580075 0.000000 -0.814563 0.450860 0.450860 0.450860
2684.923340 0.000000 2132.083496 0.000000 0.891531 0.000000 0.452959 0.367140 0.367140 0.367140
2685.666260 0.000000 2134.120117 0.000000 0.967644 0.000000 0.252319 0.383443 0.383443 0.383443
2688.290771 0.000000 2115.003906 0.000000 0.708512 0.000000 -0.705699 0.443810 0.443810 0.443810
2684.305176 0.000000 2135.860596 0.000000 0.120173 0.000000 0.992753 0.305859 0.305859 0.305859
2690.909912 0.000000 2129.366699 0.000000 0.714945 0.000000 -0.699180 0.449870 0.449870 0.449870
2673.475342 0.000000 2137.056641 0.000000 0.999062 0.000000 0.043297 0.397232 0.397232 0.397232
3190.310791 0.000000 1919.659546 0.000000 0.539666 0.000000 0.841879 0.279076 0.279076 0.279076
3205.194580 0.000000 1910.015991 0.000000 0.211739 0.000000 0.977326 0.243432 0.243432 0.243432
3214.583496 0.000000 1897.950439 0.000000 0.637578 0.000000 0.770386 0.375849 0.375849 0.375849
3209.995605 0.000000 1907.616089 0.000000 0.977311 0.000000 -0.211811 0.420354 0.420354 0.420354
3200.725586 0.000000 1897.652832 0.000000 0.929834 0.000000 0.367979 0.366696 0.366696 0.366696
3189.923096 0.000000 1905.473999 0.000000 0.107138 0.000000 -0.994244 0.486225 0.486225 0.486225
3205.323975 0.000000 1895.872192 0.000000 0.956744 0.000000 -0.290930 0.416508 0.416508 0.416508
3203.035156 0.000000 1916.880859 0.000000 0.988326 0.000000 0.152353 0.392363 0.392363 0.392363
3187.927734 0.000000 1909.476196 0.000000 0.681991 0.000000 -0.731360 0.440550 0.440550 0.440550
3193.866943 0.000000 1902.677368 0.000000 0.364638 0.000000 0.931149 0.332432 0.332432 0.332432
2913.821777 0.000000 1987.641113 0.000000 0.161185 0.000000 -0.986924 0.572353 0.572353 0.572353
2926.249512 0.000000 1990.767700 0.000000 0.421495 0.000000 0.906831 0.397732 0.397732 0.397732
2890.344238 0.000000 1984.276489 0.000000 0.375451 0.000000 0.926842 0.265585 0.265585 0.265585
2899.665771 0.000000 2000.360840 0.000000 0.990201 0.000000 -0.139649 0.415670 0.415670 0.415670
2922.396240 0.000000 2006.802002 0.000000 0.798750 0.000000 0.601663 0.394520 0.394520 0.394520
2939.605957 0.000000 1984.592163 0.000000 0.957585 0.000000 -0.288150 0.403795 0.403795 0.403795
2911.171387 0.000000 1974.662109 0.000000 0.893166 0.000000 -0.449727 0.406987 0.406987 0.406987
2901.989990 0.000000 2004.101318 0.000000 0.952860 0.000000 -0.303410 0.434478 0.434478 0.434478
2929.362305 0.000000 1982.563843 0.000000 0.693676 0.000000 0.720288 0.385143 0.385143 0.385143
2923.538574 0.000000 2000.882202 0.000000 0.333269 0.000000 -0.942832 0.421513 0.421513 0.421513
2922.066406 0.000000 1985.206177 0.000000 0.999962 0.000000 -0.008713 0.400879 0.400879 0.400879
2901.761230 0.000000 1998.019043 0.000000 0.080242 0.000000 -0.996775 0.548097 0.548097 0.548097
2897.418213 0.000000 2002.900269 0.000000 0.354312 0.000000 0.935127 0.282322 0.282322 0.282322
2905.877441 0.000000 1986.021973 0.000000 0.945537 0.000000 -0.325516 0.432613 0.432613 0.432613
2904.960938 0.000000 2005.566284 0.000000 0.304914 0.000000 -0.952380 0.523402 0.523402 0.523402
2950.769775 0.000000 1991.181274 0.000000 0.920813 0.000000 -0.390005 0.440008 0.440008 0.440008
2918.515869 0.000000 2014.490112 0.000000 0.787850 0.000000 0.615867 0.381448 0.381448 0.381448
2899.130371 0.000000 1985.002441 0.000000 0.874391 0.000000 -0.485221 0.446797 0.446797 0.446797
2906.278809 0.000000 2014.461670 0.000000 0.817127 0.000000 -0.576458 0.423928 0.423928 0.423928
2906.010742 0.000000 2009.749512 0.000000 0.443763 0.000000 0.896144 0.295710 0.295710 0.295710
2913.497559 0.000000 1980.741333 0.000000 0.702622 0.000000 0.711563 0.328053 0.328053 0.328053
2916.236816 0.000000 2003.444458 0.000000 0.011588 0.000000 -0.999933 0.465396 0.465396 0.465396
2921.847168 0.000000 2009.389282 0.000000 0.794272 0.000000 0.607562 0.366744 0.366744 0.366744
2919.990479 0.000000 2005.282227 0.000000 0.683706 0.000000 0.729758 0.362834 0.362834 0.362834
2941.825439 0.000000 2012.794800 0.000000 0.638016 0.000000 0.770023 0.322327 0.322327 0.322327
2915.304932 0.000000 2008.043701 0.000000 0.036337 0.000000 -0.999340 0.467423 0.467423 0.467423
2924.484375 0.000000 1977.598877 0.000000 0.023057 0.000000 0.999734 0.278670 0.278670 0.278670
2891.118896 0.000000 2006.956421 0.000000 0.169773 0.000000 -0.985483 0.468515 0.468515 0.468515
2902.134766 0.000000 2013.047363 0.000000 0.625074 0.000000 0.780565 0.325323 0.325323 0.325323
2951.223389 0.000000 1987.502441 0.000000 0.930450 0.000000 0.366420 0.378833 0.378833 0.378833
2912.651611 0.000000 1978.371948 0.000000 0.996782 0.000000 0.080156 0.394110 0.394110 0.394110
2908.015381 0.000000 1980.225708 0.000000 0.298570 0.000000 -0.954388 0.470888 0.470888 0.470888
2918.700195 0.000000 1999.225342 0.000000 0.310688 0.000000 0.950512 0.346741 0.346741 0.346741
2926.517334 0.000000 1988.124146 0.000000 0.381564 0.000000 0.924342 0.336405 0.336405 0.336405
2947.490967 0.000000 1986.291626 0.000000 0.318199 0.000000 -0.948024 0.485922 0.485922 0.485922
2943.330078 0.000000 2008.962280 0.000000 0.844369 0.000000 -0.535763 0.444041 0.444041 0.444041
2900.166748 0.000000 2014.503784 0.000000 0.915141 0.000000 0.403135 0.375552 0.375552 0.375552
2917.355225 0.000000 1991.856567 0.000000 0.742074 0.000000 -0.670318 0.458690 0.458690 0.458690
2913.622559 0.000000 2010.098755 0.000000 0.997204 0.000000 -0.074733 0.403287 0.403287 0.403287
2910.166016 0.000000 1998.207886 0.000000 0.486650 0.000000 -0.873597 0.475867 0.475867 0.475867
2918.375977 0.000000 2011.240967 0.000000 0.970807 0.000000 -0.239862 0.413788 0.413788 0.413788
2927.666260 0.000000 1984.212769 0.000000 0.339712 0.000000 0.940529 0.332152 0.332152 0.332152
2913.540039 0.000000 1990.026978 0.000000 0.665744 0.000000 -0.746180 0.463506 0.463506 0.463506
2898.712158 0.000000 1991.365479 0.000000 0.664603 0.000000 -0.747196 0.464885 0.464885 0.464885
2903.256592 0.000000 1983.646973 0.000000 0.531348 0.000000 -0.847154 0.473672 0.473672 0.473672
2900.970947 0.000000 1983.584717 0.000000 0.735367 0.000000 -0.677669 0.454652 0.454652 0.454652
2886.744629 0.000000 2004.667847 0.000000 0.760290 0.000000 0.649584 0.350929 0.350929 0.350929
2904.114502 0.000000 2014.292236 0.000000 0.962907 0.000000 -0.269835 0.418281 0.418281 0.418281
2894.762695 0.000000 2009.546143 0.000000 0.324331 0.000000 0.945944 0.310808 0.310808 0.310808
2947.631836 0.000000 2013.737549 0.000000 0.144492 0.000000 -0.989506 0.500380 0.500380 0.500380
2897.160645 0.000000 2012.269775 0.000000 0.625074 0.000000 0.780565 0.337397 0.337397 0.337397
2912.247559 0.000000 1997.926636 0.000000 0.109778 0.000000 -0.993956 0.491903 0.491903 0.491903
2949.598145 0.000000 1986.229614 0.000000 0.343490 0.000000 0.939156 0.326891 0.326891 0.326891
2951.731445 0.000000 1999.868408 0.000000 0.099899 0.000000 -0.994998 0.577713 0.577713 0.577713
2963.589355 0.000000 2003.910522 0.000000 0.423265 0.000000 -0.906006 0.526239 0.526239 0.526239
2979.801514 0.000000 1997.681641 0.000000 0.702947 0.000000 0.711243 0.307155 0.307155 0.307155
3004.978027 0.000000 1998.451172 0.000000 0.472883 0.000000 0.881125 0.270252 0.270252 0.270252
2956.529053 0.000000 2004.950073 0.000000 0.729465 0.000000 0.684018 0.316504 0.316504 0.316504
2986.422363 0.000000 1997.860107 0.000000 0.591017 0.000000 -0.806659 0.507307 0.507307 0.507307
2952.546875 0.000000 1993.762695 0.000000 0.882260 0.000000 -0.470762 0.457269 0.457269 0.457269
2979.630615 0.000000 2003.901123 0.000000 0.289184 0.000000 0.957274 0.253937 0.253937 0.253937
2992.006836 0.000000 1969.853027 0.000000 0.536693 0.000000 0.843778 0.387464 0.387464 0.387464
3005.545410 0.000000 2003.530273 0.000000 0.975561 0.000000 -0.219730 0.425552 0.425552 0.425552
2981.314209 0.000000 1985.943604 0.000000 0.145654 0.000000 -0.989336 0.421340 0.421340 0.421340
2951.763672 0.000000 2005.678467 0.000000 0.548810 0.000000 -0.835947 0.509722 0.509722 0.509722
3018.319580 0.000000 2008.463257 0.000000 0.098437 0.000000 0.995143 0.358100 0.358100 0.358100
2956.006348 0.000000 2008.758423 0.000000 0.614514 0.000000 -0.788906 0.495770 0.495770 0.495770
2958.959717 0.000000 1984.330444 0.000000 0.383446 0.000000 0.923563 0.372960 0.372960 0.372960
2969.194580 0.000000 2009.401367 0.000000 0.810600 0.000000 -0.585600 0.461851 0.461851 0.461851
2988.899414 0.000000 1982.517944 0.000000 0.374582 0.000000 -0.927194 0.449779 0.449779 0.449779
2958.723389 0.000000 2008.100098 0.000000 0.982401 0.000000 -0.186783 0.417356 0.417356 0.417356
2994.714355 0.000000 1970.201416 0.000000 0.990865 0.000000 0.134860 0.394597 0.394597 0.394597
2987.297119 0.000000 2008.043701 0.000000 0.403038 0.000000 -0.915183 0.501584 0.501584 0.501584
3006.030762 0.000000 2000.944824 0.000000 0.109112 0.000000 -0.994029 0.529891 0.529891 0.529891
2990.482910 0.000000 1980.422241 0.000000 0.381965 0.000000 -0.924177 0.493591 0.493591 0.493591
2984.749023 0.000000 1993.637207 0.000000 0.518142 0.000000 0.855295 0.309314 0.309314 0.309314
3006.723145 0.000000 1979.012817 0.000000 0.730908 0.000000 0.682476 0.365870 0.365870 0.365870
2963.111084 0.000000 2006.956421 0.000000 0.828640 0.000000 0.559781 0.349866 0.349866 0.349866
2974.126953 0.000000 2013.047363 0.000000 0.593486 0.000000 0.804844 0.318264 0.318264 0.318264
2999.635742 0.000000 1971.933472 0.000000 0.806120 0.000000 0.591752 0.371228 0.371228 0.371228
2957.665039 0.000000 2014.748291 0.000000 0.887768 0.000000 -0.460291 0.434631 0.434631 0.434631
2974.336182 0.000000 1988.062134 0.000000 0.500348 0.000000 0.865825 0.309577 0.309577 0.309577
2991.945068 0.000000 1975.609741 0.000000 0.120866 0.000000 0.992669 0.323999 0.323999 0.323999
2972.158936 0.000000 2014.503784 0.000000 0.990535 0.000000 0.137263 0.389687 0.389687 0.389687
2989.347412 0.000000 1991.856567 0.000000 0.115813 0.000000 -0.993271 0.508227 0.508227 0.508227
2985.614746 0.000000 2010.098755 0.000000 0.794202 0.000000 -0.607654 0.454785 0.454785 0.454785
2951.710938 0.000000 1987.486938 0.000000 0.845752 0.000000 -0.533575 0.431756 0.431756 0.431756
3007.188232 0.000000 2009.355225 0.000000 0.995120 0.000000 0.098669 0.394720 0.394720 0.394720
3007.352783 0.000000 1990.842529 0.000000 0.280774 0.000000 0.959774 0.294678 0.294678 0.294678
2966.876465 0.000000 2014.771240 0.000000 0.237773 0.000000 0.971321 0.312958 0.312958 0.312958
2971.912842 0.000000 1987.272705 0.000000 0.869445 0.000000 0.494030 0.375490 0.375490 0.375490
2991.760010 0.000000 1985.875000 0.000000 0.994444 0.000000 0.105269 0.392891 0.392891 0.392891
2985.532227 0.000000 1990.026978 0.000000 0.072050 0.000000 -0.997401 0.497280 0.497280 0.497280
3006.409180 0.000000 1986.465210 0.000000 0.103062 0.000000 -0.994675 0.481337 0.481337 0.481337
2969.152832 0.000000 2012.269775 0.000000 0.759684 0.000000 0.650293 0.352632 0.352632 0.352632
2990.391846 0.000000 1987.802979 0.000000 0.356586 0.000000 0.934263 0.324717 0.324717 0.324717
2905.955078 0.000000 2017.453491 0.000000 0.968476 0.000000 0.249107 0.396103 0.396103 0.396103
2926.953125 0.000000 2025.113281 0.000000 0.098513 0.000000 -0.995136 0.429402 0.429402 0.429402
2893.575439 0.000000 2024.756226 0.000000 0.269112 0.000000 -0.963109 0.443434 0.443434 0.443434
2887.232422 0.000000 2052.946289 0.000000 0.048214 0.000000 -0.998837 0.464620 0.464620 0.464620
2950.529541 0.000000 2017.629883 0.000000 0.587516 0.000000 0.809213 0.358574 0.358574 0.358574
2917.651367 0.000000 2015.705566 0.000000 0.845978 0.000000 -0.533218 0.421903 0.421903 0.421903
2923.600098 0.000000 2017.138428 0.000000 0.985781 0.000000 -0.168037 0.409610 0.409610 0.409610
2888.567627 0.000000 2049.446533 0.000000 0.820836 0.000000 0.571164 0.372378 0.372378 0.372378
2885.713867 0.000000 2056.650635 0.000000 0.775710 0.000000 0.631090 0.372378 0.372378 0.372378
2927.843750 0.000000 2017.816284 0.000000 0.758107 0.000000 0.652131 0.370559 0.370559 0.370559
2884.912354 0.000000 2021.685547 0.000000 0.999258 0.000000 0.038504 0.397115 0.397115 0.397115
2945.146729 0.000000 2015.843140 0.000000 0.805390 0.000000 -0.592745 0.440866 0.440866 0.440866
2879.896973 0.000000 2051.810791 0.000000 0.829009 0.000000 -0.559236 0.438818 0.438818 0.438818
2882.552002 0.000000 2021.226074 0.000000 0.938676 0.000000 0.344801 0.371877 0.371877 0.371877
2886.322510 0.000000 2044.906982 0.000000 0.884744 0.000000 -0.466077 0.433893 0.433893 0.433893
2885.480469 0.000000 2024.126709 0.000000 0.779190 0.000000 0.626788 0.362117 0.362117 0.362117
2886.783691 0.000000 2020.122314 0.000000 0.996344 0.000000 0.085435 0.393764 0.393764 0.393764
2886.400635 0.000000 2029.736694 0.000000 0.759833 0.000000 -0.650119 0.444173 0.444173 0.444173
2889.001221 0.000000 2021.038574 0.000000 0.987500 0.000000 -0.157622 0.410906 0.410906 0.410906
2884.557861 0.000000 2051.879395 0.000000 0.987653 0.000000 -0.156656 0.408954 0.408954 0.408954
2880.994141 0.000000 2022.786255 0.000000 0.643012 0.000000 -0.765856 0.459239 0.459239 0.459239
2881.846191 0.000000 2053.753906 0.000000 0.939137 0.000000 -0.343543 0.419611 0.419611 0.419611
2885.770020 0.000000 2047.584595 0.000000 0.930460 0.000000 -0.366392 0.427347 0.427347 0.427347
2997.472656 0.000000 2035.525146 0.000000 0.643724 0.000000 -0.765257 0.495291 0.495291 0.495291
2956.499023 0.000000 2019.237671 0.000000 0.720059 0.000000 0.693913 0.388129 0.388129 0.388129
3011.467285 0.000000 2035.094482 0.000000 0.577060 0.000000 0.816702 0.368984 0.368984 0.368984
2981.120605 0.000000 2018.787598 0.000000 0.778038 0.000000 0.628217 0.376598 0.376598 0.376598
2995.375732 0.000000 2043.195312 0.000000 0.529630 0.000000 -0.848229 0.442472 0.442472 0.442472
2955.425049 0.000000 2016.693726 0.000000 0.984702 0.000000 0.174247 0.392217 0.392217 0.392217
2989.048584 0.000000 2040.976562 0.000000 0.982419 0.000000 0.186689 0.392311 0.392311 0.392311
2995.949463 0.000000 2037.550415 0.000000 0.973230 0.000000 0.229835 0.380431 0.380431 0.380431
2993.204102 0.000000 2039.111816 0.000000 0.702364 0.000000 0.711818 0.343840 0.343840 0.343840
2989.675781 0.000000 2033.267212 0.000000 0.889253 0.000000 -0.457416 0.430126 0.430126 0.430126
2990.216553 0.000000 2023.970459 0.000000 0.643325 0.000000 0.765593 0.352108 0.352108 0.352108
2966.023682 0.000000 2015.706543 0.000000 0.930869 0.000000 -0.365354 0.424464 0.424464 0.424464
2986.455566 0.000000 2019.283325 0.000000 0.489062 0.000000 -0.872249 0.462970 0.462970 0.462970
3003.845947 0.000000 2039.552246 0.000000 0.958212 0.000000 0.286059 0.382617 0.382617 0.382617
3058.414551 0.000000 1997.860107 0.000000 0.213794 0.000000 -0.976879 0.555649 0.555649 0.555649
3067.522949 0.000000 2000.882202 0.000000 0.196622 0.000000 -0.980479 0.429476 0.429476 0.429476
3079.796143 0.000000 1970.141846 0.000000 0.023856 0.000000 0.999715 0.366014 0.366014 0.366014
3030.951904 0.000000 1984.330444 0.000000 0.704475 0.000000 -0.709728 0.425217 0.425217 0.425217
3078.913818 0.000000 2006.645142 0.000000 0.978773 0.000000 -0.204950 0.407111 0.407111 0.407111
3048.771240 0.000000 1996.733276 0.000000 0.991931 0.000000 -0.126779 0.412123 0.412123 0.412123
3048.945312 0.000000 2005.566284 0.000000 0.863197 0.000000 -0.504867 0.450471 0.450471 0.450471
3069.457764 0.000000 2006.177368 0.000000 0.480602 0.000000 0.876939 0.365291 0.365291 0.365291
3062.500244 0.000000 2014.490112 0.000000 0.814472 0.000000 -0.580203 0.458722 0.458722 0.458722
3084.154785 0.000000 2007.041260 0.000000 0.930793 0.000000 0.365547 0.385239 0.385239 0.385239
3058.500000 0.000000 2005.495239 0.000000 0.043586 0.000000 -0.999050 0.541833 0.541833 0.541833
3037.737305 0.000000 1991.682373 0.000000 0.100695 0.000000 0.994917 0.332477 0.332477 0.332477
3060.221191 0.000000 2003.444458 0.000000 0.034763 0.000000 -0.999396 0.521179 0.521179 0.521179
3059.289307 0.000000 2008.043701 0.000000 0.999530 0.000000 -0.030644 0.402556 0.402556 0.402556
3080.252930 0.000000 2002.902710 0.000000 0.822311 0.000000 -0.569038 0.425994 0.425994 0.425994
3046.119141 0.000000 2013.047363 0.000000 0.414197 0.000000 -0.910187 0.498226 0.498226 0.498226
3085.141113 0.000000 2004.596558 0.000000 0.978779 0.000000 -0.204917 0.412057 0.412057 0.412057
3062.684570 0.000000 1999.225342 0.000000 0.720600 0.000000 0.693351 0.355243 0.355243 0.355243
3069.773926 0.000000 2008.587891 0.000000 0.436571 0.000000 0.899670 0.334069 0.334069 0.334069
3057.606934 0.000000 2010.098755 0.000000 0.939430 0.000000 -0.342742 0.427948 0.427948 0.427948
3046.294434 0.000000 2010.492676 0.000000 0.680795 0.000000 -0.732474 0.453763 0.453763 0.453763
3062.360352 0.000000 2011.240967 0.000000 0.380059 0.000000 -0.924962 0.494345 0.494345 0.494345
3059.050781 0.000000 2012.865234 0.000000 0.992673 0.000000 -0.120830 0.409495 0.409495 0.409495
3057.524414 0.000000 1990.026978 0.000000 0.857768 0.000000 0.514037 0.359025 0.359025 0.359025
3082.750000 0.000000 2010.666504 0.000000 0.911806 0.000000 0.410621 0.374647 0.374647 0.374647
3027.458008 0.000000 1988.741455 0.000000 0.976485 0.000000 -0.215587 0.412260 0.412260 0.412260
3046.005615 0.000000 2006.259399 0.000000 0.997208 0.000000 -0.074681 0.405039 0.405039 0.405039
3025.181885 0.000000 1991.659302 0.000000 0.623546 0.000000 -0.781786 0.462740 0.462740 0.462740
3093.582520 0.000000 1986.229614 0.000000 0.968242 0.000000 0.250016 0.383345 0.383345 0.383345
3073.364990 0.000000 2009.731201 0.000000 0.981159 0.000000 0.193204 0.388253 0.388253 0.388253
3128.498291 0.000000 2007.724609 0.000000 0.361870 0.000000 -0.932229 0.541466 0.541466 0.541466
3100.513428 0.000000 2004.950073 0.000000 0.883730 0.000000 -0.467997 0.403161 0.403161 0.403161
3107.573730 0.000000 1989.646240 0.000000 0.786594 0.000000 -0.617471 0.478423 0.478423 0.478423
3159.089111 0.000000 2006.549683 0.000000 0.907233 0.000000 0.420628 0.393930 0.393930 0.393930
3150.920898 0.000000 2011.716309 0.000000 0.917406 0.000000 0.397953 0.387943 0.387943 0.387943
3104.598877 0.000000 2006.108887 0.000000 0.685704 0.000000 -0.727881 0.427272 0.427272 0.427272
3159.767578 0.000000 1937.215332 0.000000 0.678832 0.000000 0.734294 0.373237 0.373237 0.373237
3124.759277 0.000000 1982.620117 0.000000 0.280552 0.000000 0.959839 0.271535 0.271535 0.271535
3118.593994 0.000000 1981.491699 0.000000 0.701976 0.000000 0.712201 0.372296 0.372296 0.372296
3126.447754 0.000000 2010.035156 0.000000 0.984233 0.000000 0.176875 0.383043 0.383043 0.383043
3164.152832 0.000000 1940.896606 0.000000 0.555021 0.000000 0.831837 0.302876 0.302876 0.302876
3149.811768 0.000000 1995.542725 0.000000 0.240606 0.000000 -0.970623 0.521326 0.521326 0.521326
3156.146973 0.000000 2007.041260 0.000000 0.633166 0.000000 -0.774016 0.440219 0.440219 0.440219
3159.416992 0.000000 2003.581909 0.000000 0.992402 0.000000 0.123038 0.394703 0.394703 0.394703
3150.015137 0.000000 2000.944824 0.000000 0.974542 0.000000 -0.224205 0.419985 0.419985 0.419985
3128.733398 0.000000 1993.637207 0.000000 0.383314 0.000000 0.923618 0.337095 0.337095 0.337095
3146.484863 0.000000 1997.955444 0.000000 0.993308 0.000000 0.115496 0.389828 0.389828 0.389828
3146.108398 0.000000 2014.824585 0.000000 0.997264 0.000000 -0.073920 0.403805 0.403805 0.403805
3118.111328 0.000000 2013.047363 0.000000 0.350089 0.000000 0.936716 0.346090 0.346090 0.346090
3143.642578 0.000000 1996.986694 0.000000 0.187701 0.000000 0.982226 0.337897 0.337897 0.337897
3157.133301 0.000000 2004.596558 0.000000 0.638116 0.000000 -0.769940 0.450458 0.450458 0.450458
3151.172607 0.000000 2009.355225 0.000000 0.403282 0.000000 -0.915076 0.468092 0.468092 0.468092
3151.337158 0.000000 1990.842529 0.000000 0.924365 0.000000 0.381508 0.376938 0.376938 0.376938
3135.744385 0.000000 1985.875000 0.000000 0.345427 0.000000 0.938446 0.325190 0.325190 0.325190
3146.062012 0.000000 1984.838867 0.000000 0.685628 0.000000 0.727952 0.347077 0.347077 0.347077
3124.065186 0.000000 1991.728394 0.000000 0.034256 0.000000 0.999413 0.309470 0.309470 0.309470
3129.516602 0.000000 1990.026978 0.000000 0.683819 0.000000 -0.729652 0.453084 0.453084 0.453084
3121.592529 0.000000 1991.138428 0.000000 0.658845 0.000000 0.752279 0.351956 0.351956 0.351956
3138.767090 0.000000 2012.395142 0.000000 0.416749 0.000000 -0.909022 0.471779 0.471779 0.471779
3141.475830 0.000000 2001.783447 0.000000 0.313271 0.000000 -0.949664 0.482529 0.482529 0.482529
3090.964600 0.000000 2032.642700 0.000000 0.993820 0.000000 0.111005 0.387059 0.387059 0.387059
3082.301270 0.000000 2025.554077 0.000000 0.964596 0.000000 -0.263734 0.429850 0.429850 0.429850
3084.421143 0.000000 2044.093994 0.000000 0.910400 0.000000 -0.413729 0.401491 0.401491 0.401491
3046.467773 0.000000 2026.804688 0.000000 0.835346 0.000000 -0.549724 0.464807 0.464807 0.464807
3079.136475 0.000000 2021.148193 0.000000 0.999391 0.000000 0.034906 0.395868 0.395868 0.395868
3067.516357 0.000000 2040.048096 0.000000 0.828520 0.000000 -0.559959 0.406232 0.406232 0.406232
3088.871826 0.000000 2045.769897 0.000000 0.871865 0.000000 -0.489746 0.405878 0.405878 0.405878
3030.993408 0.000000 2034.845459 0.000000 0.544178 0.000000 -0.838970 0.415407 0.415407 0.415407
3088.605957 0.000000 2022.135864 0.000000 0.077953 0.000000 0.996957 0.233787 0.233787 0.233787
3047.226807 0.000000 2036.618774 0.000000 0.495736 0.000000 0.868473 0.382664 0.382664 0.382664
3056.309570 0.000000 2019.051636 0.000000 0.209204 0.000000 0.977872 0.253319 0.253319 0.253319
3024.098389 0.000000 2030.871704 0.000000 0.048591 0.000000 0.998819 0.353637 0.353637 0.353637
3081.927490 0.000000 2022.481079 0.000000 0.878437 0.000000 -0.477858 0.448011 0.448011 0.448011
3053.112793 0.000000 2018.787598 0.000000 0.554423 0.000000 -0.832235 0.497195 0.497195 0.497195
3076.190918 0.000000 2028.343018 0.000000 0.767881 0.000000 0.640593 0.337512 0.337512 0.337512
3060.011230 0.000000 2020.658447 0.000000 0.503960 0.000000 -0.863727 0.493186 0.493186 0.493186
3084.760742 0.000000 2040.931396 0.000000 0.975697 0.000000 -0.219124 0.409928 0.409928 0.409928
3027.417236 0.000000 2016.693726 0.000000 0.556895 0.000000 0.830583 0.318760 0.318760 0.318760
3044.696777 0.000000 2019.651245 0.000000 0.979119 0.000000 -0.203286 0.415435 0.415435 0.415435
3063.275879 0.000000 2035.859741 0.000000 0.255465 0.000000 0.966818 0.344952 0.344952 0.344952
3079.903320 0.000000 2028.343872 0.000000 0.987814 0.000000 0.155641 0.386969 0.386969 0.386969
3074.826172 0.000000 2035.206299 0.000000 0.813779 0.000000 0.581175 0.347977 0.347977 0.347977
3072.057617 0.000000 2030.866089 0.000000 0.501286 0.000000 0.865282 0.325857 0.325857 0.325857
3089.131104 0.000000 2015.843140 0.000000 0.675324 0.000000 0.737521 0.349477 0.349477 0.349477
3066.704346 0.000000 2031.111694 0.000000 0.403757 0.000000 -0.914866 0.480751 0.480751 0.480751
3062.498047 0.000000 2030.574097 0.000000 0.922970 0.000000 -0.384872 0.419529 0.419529 0.419529
3026.536377 0.000000 2021.226074 0.000000 0.890009 0.000000 0.455944 0.376834 0.376834 0.376834
3079.265869 0.000000 2041.623535 0.000000 0.748418 0.000000 -0.663227 0.437654 0.437654 0.437654
3079.458984 0.000000 2033.494141 0.000000 0.745576 0.000000 0.666421 0.346099 0.346099 0.346099
3079.847412 0.000000 2038.088745 0.000000 0.549244 0.000000 0.835662 0.330842 0.330842 0.330842
3071.219971 0.000000 2034.014648 0.000000 0.649353 0.000000 0.760487 0.339599 0.339599 0.339599
3059.447754 0.000000 2033.754272 0.000000 0.003578 0.000000 -0.999994 0.482165 0.482165 0.482165
3066.090332 0.000000 2027.800293 0.000000 0.684223 0.000000 0.729273 0.342871 0.342871 0.342871
3059.427734 0.000000 2027.044312 0.000000 0.756955 0.000000 -0.653467 0.446937 0.446937 0.446937
3075.838135 0.000000 2039.552246 0.000000 0.095667 0.000000 -0.995413 0.497214 0.497214 0.497214
3083.341797 0.000000 2039.368164 0.000000 0.110146 0.000000 -0.993915 0.491151 0.491151 0.491151
3089.512695 0.000000 2041.312134 0.000000 0.636074 0.000000 0.771628 0.344549 0.344549 0.344549
3127.147949 0.000000 2070.646484 0.000000 0.980067 0.000000 -0.198668 0.402397 0.402397 0.402397
3096.248535 0.000000 2036.405151 0.000000 0.113903 0.000000 -0.993492 0.565101 0.565101 0.565101
3125.300781 0.000000 2031.822876 0.000000 0.268210 0.000000 -0.963360 0.425301 0.425301 0.425301
3164.640625 0.000000 2072.191650 0.000000 0.799221 0.000000 -0.601037 0.471152 0.471152 0.471152
3157.404297 0.000000 2077.105713 0.000000 0.062004 0.000000 -0.998076 0.565734 0.565734 0.565734
3116.861328 0.000000 2051.471924 0.000000 0.055671 0.000000 0.998449 0.361418 0.361418 0.361418
3162.248779 0.000000 2049.300049 0.000000 0.246045 0.000000 -0.969258 0.431689 0.431689 0.431689
3107.313721 0.000000 2029.060547 0.000000 0.976083 0.000000 0.217398 0.377021 0.377021 0.377021
3122.610107 0.000000 2035.778931 0.000000 0.403655 0.000000 0.914911 0.284054 0.284054 0.284054
3095.666260 0.000000 2045.507568 0.000000 0.809055 0.000000 0.587733 0.377728 0.377728 0.377728
3127.641846 0.000000 2046.678345 0.000000 0.105046 0.000000 0.994467 0.356094 0.356094 0.356094
3153.580078 0.000000 2078.303467 0.000000 0.992635 0.000000 -0.121141 0.404790 0.404790 0.404790
3096.868652 0.000000 2039.242188 0.000000 0.839298 0.000000 0.543672 0.348339 0.348339 0.348339
3145.188232 0.000000 2073.218262 0.000000 0.721157 0.000000 0.692772 0.373633 0.373633 0.373633
3118.213623 0.000000 2057.273926 0.000000 0.565277 0.000000 0.824901 0.311849 0.311849 0.311849
3099.409424 0.000000 2016.693726 0.000000 0.539707 0.000000 -0.841853 0.488940 0.488940 0.488940
3151.200684 0.000000 2053.187500 0.000000 0.925442 0.000000 -0.378890 0.430269 0.430269 0.430269
3152.715088 0.000000 2050.573486 0.000000 0.156124 0.000000 -0.987737 0.460013 0.460013 0.460013
3124.753906 0.000000 2034.355469 0.000000 0.539798 0.000000 -0.841794 0.480437 0.480437 0.480437
3104.273193 0.000000 2037.085205 0.000000 0.512743 0.000000 -0.858542 0.488150 0.488150 0.488150
3167.509033 0.000000 2074.155273 0.000000 0.106622 0.000000 -0.994300 0.478945 0.478945 0.478945
3139.020996 0.000000 2054.485840 0.000000 0.712870 0.000000 0.701296 0.342566 0.342566 0.342566
3135.929443 0.000000 2071.593994 0.000000 0.959931 0.000000 -0.280235 0.424394 0.424394 0.424394
3115.755127 0.000000 2029.489990 0.000000 0.981840 0.000000 -0.189713 0.408577 0.408577 0.408577
3113.204834 0.000000 2045.494873 0.000000 0.423063 0.000000 -0.906101 0.463415 0.463415 0.463415
3097.627441 0.000000 2043.560059 0.000000 0.647138 0.000000 0.762373 0.337664 0.337664 0.337664
3162.576660 0.000000 2079.684326 0.000000 0.967573 0.000000 0.252590 0.388142 0.388142 0.388142
3122.795410 0.000000 2031.306519 0.000000 0.875728 0.000000 -0.482805 0.437485 0.437485 0.437485
3108.515869 0.000000 2026.948120 0.000000 0.359429 0.000000 0.933172 0.321303 0.321303 0.321303
3160.781250 0.000000 2051.228027 0.000000 0.950244 0.000000 0.311506 0.382601 0.382601 0.382601
3129.994873 0.000000 2048.771729 0.000000 0.126135 0.000000 -0.992013 0.482213 0.482213 0.482213
3109.542480 0.000000 2029.618042 0.000000 0.410493 0.000000 0.911864 0.320338 0.320338 0.320338
3111.657471 0.000000 2025.664673 0.000000 0.459789 0.000000 -0.888028 0.469312 0.469312 0.469312
3164.236084 0.000000 2077.814453 0.000000 0.552939 0.000000 -0.833222 0.457538 0.457538 0.457538
3114.942139 0.000000 2024.984131 0.000000 0.540325 0.000000 -0.841456 0.464409 0.464409 0.464409
3124.561523 0.000000 2038.586060 0.000000 0.909591 0.000000 -0.415506 0.429526 0.429526 0.429526
3113.210449 0.000000 2028.898804 0.000000 0.281079 0.000000 0.959685 0.317175 0.317175 0.317175
3116.461426 0.000000 2031.724243 0.000000 0.611952 0.000000 0.790895 0.343973 0.343973 0.343973
3167.770508 0.000000 1946.048096 0.000000 0.422325 0.000000 0.906444 0.274213 0.274213 0.274213
3182.911621 0.000000 1942.789673 0.000000 0.918084 0.000000 0.396387 0.394505 0.394505 0.394505
3194.209473 0.000000 1993.336548 0.000000 0.202614 0.000000 -0.979259 0.422521 0.422521 0.422521
3223.780518 0.000000 1970.141846 0.000000 0.662878 0.000000 0.748727 0.382678 0.382678 0.382678
3215.202881 0.000000 1960.394653 0.000000 0.020850 0.000000 0.999783 0.367496 0.367496 0.367496
3181.544189 0.000000 1928.771851 0.000000 0.278429 0.000000 -0.960457 0.433458 0.433458 0.433458
3218.977295 0.000000 1961.475098 0.000000 0.238621 0.000000 -0.971113 0.451129 0.451129 0.451129
3191.201172 0.000000 1921.045410 0.000000 0.984279 0.000000 0.176621 0.392021 0.392021 0.392021
3210.885254 0.000000 1963.576782 0.000000 0.993347 0.000000 -0.115161 0.404668 0.404668 0.404668
3203.726562 0.000000 1968.531616 0.000000 0.451449 0.000000 0.892297 0.340552 0.340552 0.340552
3199.652100 0.000000 1972.158447 0.000000 0.560019 0.000000 0.828480 0.316147 0.316147 0.316147
3232.906250 0.000000 1971.496094 0.000000 0.301202 0.000000 -0.953560 0.459366 0.459366 0.459366
3184.755127 0.000000 1941.122681 0.000000 0.976972 0.000000 -0.213366 0.414386 0.414386 0.414386
3220.188477 0.000000 1970.524536 0.000000 0.990737 0.000000 0.135796 0.392246 0.392246 0.392246
3193.664551 0.000000 1976.237183 0.000000 0.916290 0.000000 -0.400516 0.428600 0.428600 0.428600
3183.844482 0.000000 2007.524658 0.000000 0.289845 0.000000 -0.957074 0.491798 0.491798 0.491798
3180.460205 0.000000 1942.312500 0.000000 0.254706 0.000000 -0.967019 0.472785 0.472785 0.472785
3198.423096 0.000000 1927.415771 0.000000 0.856863 0.000000 -0.515544 0.433265 0.433265 0.433265
3177.420654 0.000000 1945.087891 0.000000 0.859967 0.000000 -0.510350 0.433696 0.433696 0.433696
3167.682129 0.000000 2074.262207 0.000000 0.980721 0.000000 0.195416 0.389394 0.389394 0.389394
3169.860352 0.000000 2046.360596 0.000000 0.927304 0.000000 0.374309 0.381610 0.381610 0.381610
2550.510254 0.000000 2681.926025 0.000000 0.746673 0.000000 -0.665191 0.422166 0.422166 0.422166
2544.153564 0.000000 2686.182861 0.000000 0.798285 0.000000 0.602280 0.362563 0.362563 0.362563
2545.994141 0.000000 2689.344238 0.000000 0.861272 0.000000 -0.508144 0.409049 0.409049 0.409049
2586.660400 0.000000 2731.926514 0.000000 0.786161 0.000000 0.618022 0.379708 0.379708 0.379708
2573.526123 0.000000 2708.527832 0.000000 0.894458 0.000000 0.447152 0.377779 0.377779 0.377779
2602.045166 0.000000 2747.334961 0.000000 0.706590 0.000000 -0.707623 0.411776 0.411776 0.411776
2647.463135 0.000000 2830.100098 0.000000 0.490850 0.000000 0.871244 0.385740 0.385740 0.385740
2649.974365 0.000000 2790.356201 0.000000 0.508526 0.000000 0.861047 0.367369 0.367369 0.367369
2652.731445 0.000000 2820.785645 0.000000 0.494050 0.000000 0.869433 0.352633 0.352633 0.352633
2650.761475 0.000000 2827.891602 0.000000 0.262477 0.000000 -0.964938 0.480811 0.480811 0.480811
3885.884766 0.000000 1585.282715 0.000000 0.125844 0.000000 -0.992050 0.429574 0.429574 0.429574
3879.081055 0.000000 1578.802612 0.000000 0.198326 0.000000 -0.980136 0.439024 0.439024 0.439024
3878.929443 0.000000 1585.679932 0.000000 0.993745 0.000000 -0.111676 0.402906 0.402906 0.402906
3884.838379 0.000000 1578.370850 0.000000 0.791847 0.000000 0.610719 0.373430 0.373430 0.373430
3878.220459 0.000000 1583.315430 0.000000 0.479349 0.000000 0.877624 0.312844 0.312844 0.312844
3905.548584 0.000000 1604.811279 0.000000 0.979077 0.000000 0.203489 0.392326 0.392326 0.392326
3896.458252 0.000000 1569.524658 0.000000 0.896880 0.000000 0.442274 0.381471 0.381471 0.381471
3498.854004 0.000000 2059.561035 0.000000 0.598148 0.000000 0.801386 0.353584 0.353584 0.353584
4617.028320 0.000000 89.664780 0.000000 0.176754 0.000000 -0.984255 0.414607 0.414607 0.414607
4621.385254 0.000000 88.028633 0.000000 0.671920 0.000000 0.740623 0.385425 0.385425 0.385425
4632.457031 0.000000 131.367996 0.000000 0.633862 0.000000 0.773446 0.399117 0.399117 0.399117
4636.399902 0.000000 188.809326 0.000000 0.900708 0.000000 0.434426 0.396634 0.396634 0.396634
4633.855469 0.000000 144.829147 0.000000 0.990067 0.000000 -0.140599 0.401409 0.401409 0.401409
4638.983887 0.000000 150.958908 0.000000 0.947013 0.000000 0.321195 0.395265 0.395265 0.395265
4643.863770 0.000000 155.789474 0.000000 0.006253 0.000000 -0.999980 0.421092 0.421092 0.421092
4664.920898 0.000000 172.280975 0.000000 0.846655 0.000000 -0.532141 0.407285 0.407285 0.407285
4628.473145 0.000000 150.781174 0.000000 0.759191 0.000000 0.650868 0.388322 0.388322 0.388322
4637.136719 0.000000 112.135277 0.000000 0.966948 0.000000 -0.254972 0.404506 0.404506 0.404506
4613.208984 0.000000 188.329102 0.000000 0.587058 0.000000 0.809545 0.379274 0.379274 0.379274
4644.597168 0.000000 115.870316 0.000000 0.948649 0.000000 0.316330 0.392607 0.392607 0.392607
4650.323242 0.000000 137.266235 0.000000 0.974520 0.000000 -0.224301 0.404631 0.404631 0.404631
4623.956055 0.000000 115.065781 0.000000 0.208001 0.000000 0.978129 0.370773 0.370773 0.370773
4638.029785 0.000000 177.091125 0.000000 0.587376 0.000000 -0.809314 0.420246 0.420246 0.420246
4618.396484 0.000000 169.875641 0.000000 0.691770 0.000000 0.722118 0.381871 0.381871 0.381871
4615.613770 0.000000 178.989807 0.000000 0.972896 0.000000 0.231243 0.394640 0.394640 0.394640
4647.359863 0.000000 154.340942 0.000000 0.016264 0.000000 -0.999868 0.432600 0.432600 0.432600
4619.707520 0.000000 96.486168 0.000000 0.522473 0.000000 -0.852656 0.424981 0.424981 0.424981
4649.542480 0.000000 116.915138 0.000000 0.854701 0.000000 0.519121 0.386101 0.386101 0.386101
4654.894531 0.000000 119.179443 0.000000 0.274286 0.000000 -0.961648 0.434861 0.434861 0.434861
4662.338379 0.000000 106.622757 0.000000 0.999999 0.000000 0.001098 0.399974 0.399974 0.399974
4626.798340 0.000000 138.885315 0.000000 0.470538 0.000000 -0.882380 0.426445 0.426445 0.426445
4640.137695 0.000000 99.363976 0.000000 0.468686 0.000000 -0.883365 0.428660 0.428660 0.428660
4646.612793 0.000000 137.446259 0.000000 0.574336 0.000000 -0.818620 0.420111 0.420111 0.420111
4624.314941 0.000000 135.333298 0.000000 0.238846 0.000000 0.971058 0.368797 0.368797 0.368797
4629.829590 0.000000 110.638580 0.000000 0.832333 0.000000 -0.554275 0.415547 0.415547 0.415547
4663.604004 0.000000 161.100342 0.000000 0.627864 0.000000 -0.778323 0.424496 0.424496 0.424496
4614.141113 0.000000 96.116776 0.000000 0.233947 0.000000 -0.972249 0.427323 0.427323 0.427323
4655.046875 0.000000 136.691406 0.000000 0.881443 0.000000 0.472290 0.388211 0.388211 0.388211
4651.574707 0.000000 190.672211 0.000000 0.680008 0.000000 -0.733205 0.424657 0.424657 0.424657
4611.826660 0.000000 185.055222 0.000000 0.914030 0.000000 0.405647 0.388530 0.388530 0.388530
4633.233887 0.000000 109.628258 0.000000 0.970542 0.000000 0.240931 0.393682 0.393682 0.393682
4663.157715 0.000000 152.795532 0.000000 0.877082 0.000000 0.480341 0.388742 0.388742 0.388742
4651.699707 0.000000 164.363556 0.000000 0.368357 0.000000 0.929685 0.370202 0.370202 0.370202
4662.756836 0.000000 188.013092 0.000000 0.525097 0.000000 -0.851043 0.422873 0.422873 0.422873
4610.509766 0.000000 190.643555 0.000000 0.598835 0.000000 0.800872 0.373103 0.373103 0.373103
4607.710449 0.000000 138.289841 0.000000 0.553239 0.000000 -0.833023 0.422122 0.422122 0.422122
4619.149902 0.000000 109.372879 0.000000 0.595675 0.000000 0.803226 0.370195 0.370195 0.370195
4611.087891 0.000000 160.632996 0.000000 0.956721 0.000000 -0.291007 0.408846 0.408846 0.408846
4649.944336 0.000000 99.571732 0.000000 0.857377 0.000000 0.514689 0.383803 0.383803 0.383803
4615.814453 0.000000 172.273880 0.000000 0.877782 0.000000 -0.479059 0.414218 0.414218 0.414218
4658.172852 0.000000 187.875519 0.000000 0.678828 0.000000 -0.734297 0.423058 0.423058 0.423058
4670.843262 0.000000 145.914246 0.000000 0.925591 0.000000 0.378525 0.388952 0.388952 0.388952
4657.369141 0.000000 96.080566 0.000000 0.662284 0.000000 -0.749253 0.421144 0.421144 0.421144
4645.572754 0.000000 173.204437 0.000000 0.923050 0.000000 0.384679 0.390339 0.390339 0.390339
4621.387695 0.000000 105.068558 0.000000 0.889884 0.000000 0.456186 0.383207 0.383207 0.383207
4614.658691 0.000000 154.962997 0.000000 0.736654 0.000000 -0.676270 0.424846 0.424846 0.424846
4658.037598 0.000000 125.068283 0.000000 0.896921 0.000000 -0.442190 0.416238 0.416238 0.416238
4619.370117 0.000000 148.157120 0.000000 0.770038 0.000000 0.637998 0.374090 0.374090 0.374090
4625.385254 0.000000 149.912750 0.000000 0.257491 0.000000 0.966281 0.362706 0.362706 0.362706
4650.731934 0.000000 113.886421 0.000000 0.160860 0.000000 -0.986977 0.451366 0.451366 0.451366
4644.166504 0.000000 176.813919 0.000000 0.946517 0.000000 -0.322654 0.411155 0.411155 0.411155
4660.985840 0.000000 144.649719 0.000000 0.999526 0.000000 0.030781 0.398816 0.398816 0.398816
4649.839355 0.000000 179.897217 0.000000 0.219223 0.000000 -0.975675 0.449199 0.449199 0.449199
4646.698242 0.000000 98.634529 0.000000 0.471789 0.000000 0.881712 0.370355 0.370355 0.370355
4653.286133 0.000000 182.474091 0.000000 0.938942 0.000000 -0.344075 0.411049 0.411049 0.411049
4623.041992 0.000000 142.275208 0.000000 0.108823 0.000000 -0.994061 0.454010 0.454010 0.454010
4653.320312 0.000000 151.497498 0.000000 0.522278 0.000000 -0.852775 0.440285 0.440285 0.440285
4653.598145 0.000000 158.175278 0.000000 0.708556 0.000000 -0.705654 0.422295 0.422295 0.422295
4644.720215 0.000000 109.011063 0.000000 0.305286 0.000000 -0.952261 0.445317 0.445317 0.445317
4636.940918 0.000000 99.099998 0.000000 0.882740 0.000000 0.469862 0.385835 0.385835 0.385835
4654.826172 0.000000 131.042084 0.000000 0.988018 0.000000 0.154341 0.395048 0.395048 0.395048
4646.524414 0.000000 143.443604 0.000000 0.841569 0.000000 0.540149 0.379771 0.379771 0.379771
4618.225098 0.000000 145.036758 0.000000 0.853650 0.000000 0.520847 0.381673 0.381673 0.381673
4615.251465 0.000000 105.927933 0.000000 0.988661 0.000000 0.150162 0.394506 0.394506 0.394506
4608.523438 0.000000 179.098572 0.000000 0.793653 0.000000 0.608370 0.374856 0.374856 0.374856
4616.506348 0.000000 162.934906 0.000000 0.087489 0.000000 -0.996165 0.449618 0.449618 0.449618
4658.820801 0.000000 137.771881 0.000000 0.467974 0.000000 -0.883742 0.435716 0.435716 0.435716
4656.976074 0.000000 168.613525 0.000000 0.469354 0.000000 -0.883010 0.439447 0.439447 0.439447
4616.226074 0.000000 158.106979 0.000000 0.009835 0.000000 -0.999952 0.458455 0.458455 0.458455
4611.815918 0.000000 154.850800 0.000000 0.755538 0.000000 0.655105 0.376817 0.376817 0.376817
4623.568848 0.000000 146.060471 0.000000 0.459231 0.000000 0.888317 0.361228 0.361228 0.361228
4656.102051 0.000000 116.411942 0.000000 0.999988 0.000000 -0.004950 0.400168 0.400168 0.400168
4657.023926 0.000000 153.530533 0.000000 0.441228 0.000000 0.897395 0.361626 0.361626 0.361626
4645.457520 0.000000 140.074036 0.000000 0.056555 0.000000 -0.998399 0.448388 0.448388 0.448388
4620.200195 0.000000 137.572556 0.000000 0.211424 0.000000 -0.977394 0.447456 0.447456 0.447456
4613.658203 0.000000 145.462738 0.000000 0.999448 0.000000 0.033211 0.398756 0.398756 0.398756
4611.227051 0.000000 150.566391 0.000000 0.796877 0.000000 -0.604141 0.424616 0.424616 0.424616
4651.188477 0.000000 149.261963 0.000000 0.996869 0.000000 0.079067 0.397115 0.397115 0.397115
4648.287109 0.000000 104.196739 0.000000 0.736930 0.000000 -0.675969 0.428909 0.428909 0.428909
4608.877930 0.000000 184.512451 0.000000 0.910338 0.000000 -0.413866 0.414062 0.414062 0.414062
4607.643066 0.000000 189.859268 0.000000 0.274846 0.000000 0.961488 0.352248 0.352248 0.352248
4612.518555 0.000000 171.268219 0.000000 0.720587 0.000000 -0.693365 0.427161 0.427161 0.427161
4658.182129 0.000000 156.253052 0.000000 0.991907 0.000000 0.126967 0.395423 0.395423 0.395423
4633.734375 0.000000 100.932434 0.000000 0.990696 0.000000 0.136093 0.394547 0.394547 0.394547
4642.328125 0.000000 181.792007 0.000000 0.255361 0.000000 -0.966846 0.443911 0.443911 0.443911
4623.088867 0.000000 101.647362 0.000000 0.589718 0.000000 -0.807609 0.433796 0.433796 0.433796
4621.060059 0.000000 151.290405 0.000000 0.356445 0.000000 0.934316 0.357234 0.357234 0.357234
4665.903809 0.000000 143.182343 0.000000 0.373805 0.000000 0.927507 0.354337 0.354337 0.354337
4631.044922 0.000000 97.342133 0.000000 0.485272 0.000000 0.874363 0.360151 0.360151 0.360151
4661.299805 0.000000 116.949387 0.000000 0.100382 0.000000 0.994949 0.347144 0.347144 0.347144
4660.373535 0.000000 133.582031 0.000000 0.481619 0.000000 -0.876381 0.439472 0.439472 0.439472
4636.388672 0.000000 104.846115 0.000000 0.658800 0.000000 -0.752318 0.433166 0.433166 0.433166
4650.534668 0.000000 146.498169 0.000000 0.410337 0.000000 0.911934 0.358730 0.358730 0.358730
4644.049316 0.000000 179.741180 0.000000 0.522843 0.000000 0.852429 0.360761 0.360761 0.360761
4649.659668 0.000000 185.686005 0.000000 0.709874 0.000000 -0.704329 0.429265 0.429265 0.429265
4613.171875 0.000000 166.389404 0.000000 0.907901 0.000000 0.419185 0.382722 0.382722 0.382722
4647.802734 0.000000 181.579041 0.000000 0.088366 0.000000 0.996088 0.343750 0.343750 0.343750
4654.432129 0.000000 108.530273 0.000000 0.897944 0.000000 0.440111 0.383617 0.383617 0.383617
4664.245117 0.000000 140.054047 0.000000 0.056481 0.000000 0.998404 0.343293 0.343293 0.343293
4613.839844 0.000000 149.022873 0.000000 0.022798 0.000000 0.999740 0.344349 0.344349 0.344349
4620.141113 0.000000 142.154709 0.000000 0.219676 0.000000 -0.975573 0.453224 0.453224 0.453224
4608.089355 0.000000 173.601166 0.000000 0.279112 0.000000 0.960259 0.351769 0.351769 0.351769
4657.944336 0.000000 191.121353 0.000000 0.993126 0.000000 -0.117049 0.404569 0.404569 0.404569
4673.500488 0.000000 194.550995 0.000000 0.799128 0.000000 0.601161 0.399034 0.399034 0.399034
4638.676758 0.000000 252.429810 0.000000 0.594565 0.000000 -0.804048 0.405130 0.405130 0.405130
4612.963379 0.000000 253.702423 0.000000 0.748750 0.000000 -0.662853 0.407236 0.407236 0.407236
4638.209473 0.000000 264.627563 0.000000 0.916476 0.000000 -0.400089 0.403288 0.403288 0.403288
4668.362793 0.000000 196.720261 0.000000 0.998868 0.000000 -0.047574 0.400475 0.400475 0.400475
4662.391113 0.000000 206.756332 0.000000 0.429421 0.000000 -0.903104 0.413505 0.413505 0.413505
4643.480469 0.000000 193.723007 0.000000 0.844043 0.000000 0.536276 0.393500 0.393500 0.393500
4660.451172 0.000000 286.610260 0.000000 0.990124 0.000000 -0.140195 0.401686 0.401686 0.401686
4636.261719 0.000000 197.970749 0.000000 0.525386 0.000000 -0.850864 0.411687 0.411687 0.411687
4658.094238 0.000000 230.995300 0.000000 0.524004 0.000000 -0.851716 0.413232 0.413232 0.413232
4641.347656 0.000000 275.097046 0.000000 0.977355 0.000000 -0.211608 0.402449 0.402449 0.402449
4643.863770 0.000000 251.773865 0.000000 0.757676 0.000000 -0.652631 0.408521 0.408521 0.408521
4622.755371 0.000000 215.070847 0.000000 0.910888 0.000000 0.412653 0.392354 0.392354 0.392354
4613.886230 0.000000 247.697876 0.000000 0.322293 0.000000 -0.946640 0.416753 0.416753 0.416753
4642.632324 0.000000 264.222900 0.000000 0.414026 0.000000 0.910265 0.378295 0.378295 0.378295
4637.136719 0.000000 208.119659 0.000000 0.991748 0.000000 -0.128201 0.401797 0.401797 0.401797
4634.053223 0.000000 265.617737 0.000000 0.256062 0.000000 0.966660 0.377729 0.377729 0.377729
4635.296387 0.000000 250.055618 0.000000 0.650757 0.000000 -0.759286 0.414207 0.414207 0.414207
4632.302246 0.000000 284.366241 0.000000 0.951022 0.000000 0.309123 0.394665 0.394665 0.394665
4639.745117 0.000000 226.422028 0.000000 0.679351 0.000000 -0.733813 0.413987 0.413987 0.413987
4611.616211 0.000000 239.109619 0.000000 0.867288 0.000000 0.497806 0.391154 0.391154 0.391154
4618.396484 0.000000 265.860016 0.000000 0.734891 0.000000 0.678185 0.383254 0.383254 0.383254
4640.397949 0.000000 284.635437 0.000000 0.997787 0.000000 0.066496 0.398737 0.398737 0.398737
4647.359863 0.000000 250.325333 0.000000 0.858205 0.000000 -0.513308 0.412112 0.412112 0.412112
4645.252441 0.000000 258.158813 0.000000 0.978210 0.000000 0.207620 0.395405 0.395405 0.395405
4642.687988 0.000000 222.800156 0.000000 0.922463 0.000000 -0.386086 0.407917 0.407917 0.407917
4655.020020 0.000000 238.994919 0.000000 0.997714 0.000000 0.067579 0.398379 0.398379 0.398379
4630.273438 0.000000 224.453033 0.000000 0.967033 0.000000 0.254653 0.393957 0.393957 0.393957
4648.415039 0.000000 218.481140 0.000000 0.924720 0.000000 -0.380647 0.409944 0.409944 0.409944
4639.231934 0.000000 233.395660 0.000000 0.867145 0.000000 -0.498055 0.410413 0.410413 0.410413
4639.030762 0.000000 201.650879 0.000000 0.951481 0.000000 0.307708 0.393284 0.393284 0.393284
4661.820801 0.000000 215.953293 0.000000 0.912100 0.000000 0.409967 0.390720 0.390720 0.390720
4644.361328 0.000000 243.369919 0.000000 0.997809 0.000000 -0.066162 0.401851 0.401851 0.401851
4614.141113 0.000000 192.101151 0.000000 0.441657 0.000000 0.897184 0.377208 0.377208 0.377208
4633.868652 0.000000 235.731537 0.000000 0.756596 0.000000 -0.653883 0.417437 0.417437 0.417437
4656.250977 0.000000 258.825409 0.000000 0.531517 0.000000 0.847048 0.370739 0.370739 0.370739
4643.968750 0.000000 201.224442 0.000000 0.403604 0.000000 -0.914934 0.435189 0.435189 0.435189
4641.621582 0.000000 229.406357 0.000000 0.519255 0.000000 0.854619 0.375950 0.375950 0.375950
4611.826660 0.000000 281.039612 0.000000 0.535803 0.000000 -0.844343 0.430620 0.430620 0.430620
4646.969238 0.000000 281.244324 0.000000 0.156214 0.000000 0.987723 0.359052 0.359052 0.359052
4607.710449 0.000000 234.274231 0.000000 0.999959 0.000000 0.009092 0.399737 0.399737 0.399737
4615.088379 0.000000 235.893097 0.000000 0.160219 0.000000 -0.987082 0.438014 0.438014 0.438014
4629.225098 0.000000 239.890213 0.000000 0.778112 0.000000 0.628125 0.377280 0.377280 0.377280
4610.126953 0.000000 227.840363 0.000000 0.675788 0.000000 -0.737096 0.427725 0.427725 0.427725
4657.858398 0.000000 227.573883 0.000000 0.602548 0.000000 0.798082 0.376929 0.376929 0.376929
4644.864746 0.000000 261.721832 0.000000 0.179141 0.000000 0.983823 0.367364 0.367364 0.367364
4654.268066 0.000000 196.168411 0.000000 0.877005 0.000000 0.480481 0.383233 0.383233 0.383233
4648.259277 0.000000 245.518677 0.000000 0.607548 0.000000 -0.794283 0.430705 0.430705 0.430705
4615.814453 0.000000 268.258270 0.000000 0.102397 0.000000 0.994744 0.359680 0.359680 0.359680
4659.171387 0.000000 218.010559 0.000000 0.734975 0.000000 0.678094 0.378792 0.378792 0.378792
4611.062012 0.000000 217.638275 0.000000 0.525486 0.000000 0.850802 0.369517 0.369517 0.369517
4611.248535 0.000000 264.207520 0.000000 0.599059 0.000000 -0.800705 0.426888 0.426888 0.426888
4607.627930 0.000000 200.983475 0.000000 0.640678 0.000000 0.767810 0.371151 0.371151 0.371151
4645.572754 0.000000 269.188812 0.000000 0.992767 0.000000 0.120058 0.397116 0.397116 0.397116
4621.874512 0.000000 266.689514 0.000000 0.990287 0.000000 0.139036 0.396100 0.396100 0.396100
4641.403809 0.000000 235.892822 0.000000 0.534698 0.000000 -0.845043 0.425131 0.425131 0.425131
4648.607910 0.000000 205.845474 0.000000 0.974651 0.000000 -0.223732 0.407549 0.407549 0.407549
4620.819336 0.000000 258.558075 0.000000 0.304997 0.000000 0.952353 0.364115 0.364115 0.364115
4607.502441 0.000000 221.804291 0.000000 0.703979 0.000000 -0.710221 0.424450 0.424450 0.424450
4622.514648 0.000000 277.025452 0.000000 0.989524 0.000000 -0.144365 0.403834 0.403834 0.403834
4658.037598 0.000000 221.052673 0.000000 0.667232 0.000000 0.744850 0.376504 0.376504 0.376504
4629.573730 0.000000 270.300140 0.000000 0.976328 0.000000 -0.216296 0.407511 0.407511 0.407511
4619.370117 0.000000 244.141510 0.000000 0.667929 0.000000 0.744225 0.374434 0.374434 0.374434
4625.230957 0.000000 275.181396 0.000000 0.439375 0.000000 -0.898304 0.437888 0.437888 0.437888
4654.427246 0.000000 266.216003 0.000000 0.820096 0.000000 0.572226 0.382053 0.382053 0.382053
4644.743164 0.000000 229.780060 0.000000 0.187587 0.000000 -0.982248 0.446926 0.446926 0.446926
4630.430176 0.000000 253.772842 0.000000 0.208442 0.000000 0.978035 0.363309 0.363309 0.363309
4607.926758 0.000000 207.168457 0.000000 0.861027 0.000000 0.508559 0.385082 0.385082 0.385082
4625.385254 0.000000 245.897125 0.000000 0.234964 0.000000 -0.972004 0.447944 0.447944 0.447944
4650.731934 0.000000 209.870804 0.000000 0.463708 0.000000 -0.885988 0.438593 0.438593 0.438593
4631.174316 0.000000 264.028992 0.000000 0.925532 0.000000 -0.378670 0.410665 0.410665 0.410665
4656.243164 0.000000 198.578735 0.000000 0.838435 0.000000 -0.545002 0.420146 0.420146 0.420146
4649.839355 0.000000 275.881592 0.000000 0.794230 0.000000 0.607618 0.379131 0.379131 0.379131
4611.451660 0.000000 224.292572 0.000000 0.428303 0.000000 -0.903635 0.442248 0.442248 0.442248
4622.664551 0.000000 261.521790 0.000000 0.964011 0.000000 -0.265864 0.409002 0.409002 0.409002
4625.006348 0.000000 252.251511 0.000000 0.653990 0.000000 0.756503 0.367871 0.367871 0.367871
4624.402344 0.000000 255.696838 0.000000 0.968895 0.000000 0.247471 0.390510 0.390510 0.390510
4653.286133 0.000000 278.458466 0.000000 0.616532 0.000000 0.787330 0.369223 0.369223 0.369223
4626.942871 0.000000 257.283569 0.000000 0.840553 0.000000 -0.541729 0.420295 0.420295 0.420295
4623.041992 0.000000 238.259598 0.000000 0.395569 0.000000 0.918436 0.358150 0.358150 0.358150
4653.598145 0.000000 254.159668 0.000000 0.760832 0.000000 -0.648949 0.425741 0.425741 0.425741
4660.678711 0.000000 195.172516 0.000000 0.558222 0.000000 -0.829691 0.431271 0.431271 0.431271
4646.524414 0.000000 239.427979 0.000000 0.902236 0.000000 -0.431242 0.416920 0.416920 0.416920
4618.225098 0.000000 241.021149 0.000000 0.475031 0.000000 -0.879969 0.435452 0.435452 0.435452
4608.523438 0.000000 275.082947 0.000000 0.937598 0.000000 0.347721 0.388297 0.388297 0.388297
4648.617676 0.000000 263.699341 0.000000 0.665686 0.000000 -0.746232 0.429443 0.429443 0.429443
4615.044922 0.000000 229.242950 0.000000 0.970419 0.000000 0.241428 0.392451 0.392451 0.392451
4623.568848 0.000000 242.044846 0.000000 0.407038 0.000000 -0.913411 0.443700 0.443700 0.443700
4651.195801 0.000000 219.492081 0.000000 0.327770 0.000000 -0.944758 0.437672 0.437672 0.437672
4657.023926 0.000000 249.514908 0.000000 0.201708 0.000000 0.979446 0.357660 0.357660 0.357660
4645.457520 0.000000 236.058411 0.000000 0.320339 0.000000 -0.947303 0.443505 0.443505 0.443505
4620.200195 0.000000 233.556946 0.000000 0.170089 0.000000 0.985429 0.348276 0.348276 0.348276
4651.188477 0.000000 245.246353 0.000000 0.254118 0.000000 0.967173 0.348830 0.348830 0.348830
4648.287109 0.000000 200.181122 0.000000 0.645704 0.000000 0.763588 0.370066 0.370066 0.370066
4613.662598 0.000000 218.893860 0.000000 0.414264 0.000000 0.910157 0.361740 0.361740 0.361740
4626.367188 0.000000 229.359161 0.000000 0.742155 0.000000 -0.670228 0.427140 0.427140 0.427140
4621.060059 0.000000 247.274780 0.000000 0.141038 0.000000 0.990004 0.352899 0.352899 0.352899
4659.958008 0.000000 197.852295 0.000000 0.854554 0.000000 -0.519363 0.420178 0.420178 0.420178
4614.543945 0.000000 280.381226 0.000000 0.519829 0.000000 -0.854271 0.440909 0.440909 0.440909
4609.613770 0.000000 195.212158 0.000000 0.934642 0.000000 0.355589 0.386749 0.386749 0.386749
4611.262695 0.000000 205.954269 0.000000 0.463950 0.000000 -0.885861 0.441300 0.441300 0.441300
4625.470215 0.000000 261.029907 0.000000 0.848431 0.000000 -0.529307 0.421724 0.421724 0.421724
4616.928711 0.000000 284.875183 0.000000 0.243027 0.000000 -0.970020 0.446322 0.446322 0.446322
4650.534668 0.000000 242.482559 0.000000 0.086083 0.000000 -0.996288 0.458561 0.458561 0.458561
4627.215332 0.000000 269.125031 0.000000 0.999927 0.000000 -0.012096 0.400471 0.400471 0.400471
4620.141113 0.000000 238.139099 0.000000 0.887060 0.000000 -0.461654 0.419168 0.419168 0.419168
4624.947754 0.000000 271.609772 0.000000 0.986047 0.000000 -0.166466 0.406096 0.406096 0.406096
4610.905273 0.000000 202.533447 0.000000 0.743351 0.000000 -0.668901 0.428171 0.428171 0.428171
4652.296875 0.000000 249.880066 0.000000 0.807415 0.000000 0.589984 0.374793 0.374793 0.374793
4608.089355 0.000000 269.585541 0.000000 0.781627 0.000000 -0.623746 0.425559 0.425559 0.425559
4618.044434 0.000000 230.772247 0.000000 0.476987 0.000000 -0.878910 0.443420 0.443420 0.443420
4657.084961 0.000000 300.953644 0.000000 0.946906 0.000000 -0.321509 0.401307 0.401307 0.401307
4651.344727 0.000000 312.329254 0.000000 0.946149 0.000000 0.323732 0.395885 0.395885 0.395885
4645.040527 0.000000 315.861755 0.000000 0.896663 0.000000 -0.442715 0.406870 0.406870 0.406870
4622.871094 0.000000 300.182953 0.000000 0.619079 0.000000 -0.785328 0.411726 0.411726 0.411726
4612.319336 0.000000 291.518890 0.000000 0.565599 0.000000 0.824680 0.384507 0.384507 0.384507
4637.667480 0.000000 309.102997 0.000000 0.413131 0.000000 -0.910672 0.422867 0.422867 0.422867
4649.542480 0.000000 308.883911 0.000000 0.615809 0.000000 0.787895 0.378253 0.378253 0.378253
4626.532715 0.000000 299.606628 0.000000 0.014227 0.000000 -0.999899 0.438083 0.438083 0.438083
4633.233887 0.000000 301.597046 0.000000 0.691848 0.000000 0.722043 0.375831 0.375831 0.375831
4648.607910 0.000000 301.829865 0.000000 0.990219 0.000000 0.139522 0.396575 0.396575 0.396575
4646.698242 0.000000 290.603302 0.000000 0.267588 0.000000 0.963534 0.351321 0.351321 0.351321
4644.720215 0.000000 300.979828 0.000000 0.534568 0.000000 -0.845125 0.431670 0.431670 0.431670
4643.839355 0.000000 292.939575 0.000000 0.906161 0.000000 0.422933 0.383211 0.383211 0.383211
4640.089355 0.000000 303.478546 0.000000 0.764113 0.000000 0.645082 0.373044 0.373044 0.373044
4633.734375 0.000000 292.901215 0.000000 0.923633 0.000000 0.383278 0.386841 0.386841 0.386841
4636.388672 0.000000 296.814880 0.000000 0.998634 0.000000 0.052245 0.398199 0.398199 0.398199
4638.913086 0.000000 300.868927 0.000000 0.993101 0.000000 0.117259 0.395481 0.395481 0.395481
4631.110352 0.000000 295.814392 0.000000 0.949049 0.000000 0.315130 0.387354 0.387354 0.387354
"}
