object={
	name="tree_swamp_01_generator_1_0"
	render_pass=Map
	clamp_to_water_level=no
	generated_content=yes
	layer="tree_high_layer"
	pdxmesh="tree_swamp_01_a_mesh"
	count=365
	transform="3995.818115 0.000000 226.336548 0.000000 0.188783 0.000000 0.982019 0.432443 0.432443 0.432443
3989.890869 0.000000 236.714310 0.000000 0.087431 0.000000 0.996171 0.342261 0.342261 0.342261
3997.111084 0.000000 219.877365 0.000000 0.192425 0.000000 0.981312 0.445996 0.445996 0.445996
4019.792480 0.000000 287.113617 0.000000 0.164210 0.000000 0.986425 0.455412 0.455412 0.455412
3989.782715 0.000000 231.992493 0.000000 0.029160 0.000000 0.999575 0.361603 0.361603 0.361603
3996.517090 0.000000 221.818085 0.000000 0.171618 0.000000 0.985164 0.413677 0.413677 0.413677
4044.208496 0.000000 316.546448 0.000000 0.036339 0.000000 0.999340 0.292952 0.292952 0.292952
4038.533691 0.000000 310.325043 0.000000 0.092360 0.000000 0.995726 0.399790 0.399790 0.399790
4417.987793 0.000000 150.195740 0.000000 0.068646 0.000000 0.997641 0.471624 0.471624 0.471624
4441.108398 0.000000 108.984879 0.000000 0.056390 0.000000 0.998409 0.541682 0.541682 0.541682
4459.897461 0.000000 169.425110 0.000000 0.058806 0.000000 0.998269 0.471109 0.471109 0.471109
4393.489746 0.000000 153.055450 0.000000 0.119821 0.000000 0.992796 0.482274 0.482274 0.482274
4446.414551 0.000000 110.771957 0.000000 0.026024 0.000000 0.999661 0.469397 0.469397 0.469397
4442.770020 0.000000 118.017944 0.000000 0.076283 0.000000 0.997086 0.455607 0.455607 0.455607
4432.254395 0.000000 164.578323 0.000000 0.064376 0.000000 0.997926 0.471401 0.471401 0.471401
4403.433105 0.000000 165.943039 0.000000 0.007795 0.000000 0.999970 0.468446 0.468446 0.468446
4417.878906 0.000000 144.829147 0.000000 0.051886 0.000000 0.998653 0.470748 0.470748 0.470748
4408.598633 0.000000 172.984619 0.000000 0.102334 0.000000 0.994750 0.473388 0.473388 0.473388
4453.733887 0.000000 135.664261 0.000000 0.130201 0.000000 0.991488 0.474852 0.474852 0.474852
4460.788086 0.000000 160.454407 0.000000 0.010095 0.000000 0.999949 0.468566 0.468566 0.468566
4453.555664 0.000000 108.209549 0.000000 0.017290 0.000000 0.999851 0.468941 0.468941 0.468941
4431.383301 0.000000 154.340942 0.000000 0.158557 0.000000 0.987350 0.476347 0.476347 0.476347
4446.361816 0.000000 106.622757 0.000000 0.058585 0.000000 0.998282 0.510549 0.510549 0.510549
4429.936035 0.000000 127.030426 0.000000 0.054631 0.000000 0.998507 0.470891 0.470891 0.470891
4408.425781 0.000000 159.712448 0.000000 0.091352 0.000000 0.995819 0.472812 0.472812 0.472812
4442.844238 0.000000 137.771881 0.000000 0.172255 0.000000 0.985052 0.477072 0.477072 0.477072
4421.402832 0.000000 125.275406 0.000000 0.148227 0.000000 0.988953 0.475802 0.475802 0.475802
4430.326660 0.000000 156.718964 0.000000 0.163371 0.000000 0.986565 0.476602 0.476602 0.476602
4487.102539 0.000000 88.576622 0.000000 0.179422 0.000000 0.983772 0.477452 0.477452 0.477452
4504.440918 0.000000 92.496811 0.000000 0.021816 0.000000 0.999762 0.469178 0.469178 0.469178
4490.254883 0.000000 119.498177 0.000000 0.131268 0.000000 0.991347 0.474908 0.474908 0.474908
4504.843750 0.000000 96.390068 0.000000 0.066146 0.000000 0.997810 0.471493 0.471493 0.471493
4502.890625 0.000000 169.960480 0.000000 0.189190 0.000000 0.981941 0.477971 0.477971 0.477971
4506.224121 0.000000 183.098816 0.000000 0.119974 0.000000 0.992777 0.468339 0.468339 0.468339
4503.842773 0.000000 146.149841 0.000000 0.076522 0.000000 0.997068 0.472036 0.472036 0.472036
4476.382812 0.000000 101.877075 0.000000 0.056950 0.000000 0.998377 0.471012 0.471012 0.471012
4464.100098 0.000000 116.717499 0.000000 0.026342 0.000000 0.999653 0.448207 0.448207 0.448207
4471.226562 0.000000 103.006721 0.000000 0.039293 0.000000 0.999228 0.470090 0.470090 0.470090
4525.547852 0.000000 108.209549 0.000000 0.049638 0.000000 0.998767 0.470630 0.470630 0.470630
4510.910156 0.000000 119.179443 0.000000 0.193520 0.000000 0.981096 0.478201 0.478201 0.478201
4512.266602 0.000000 162.841034 0.000000 0.016705 0.000000 0.999860 0.468911 0.468911 0.468911
4521.222168 0.000000 112.580780 0.000000 0.102576 0.000000 0.994725 0.473401 0.473401 0.473401
4494.550293 0.000000 181.214508 0.000000 0.084165 0.000000 0.996452 0.472436 0.472436 0.472436
4488.614746 0.000000 173.030060 0.000000 0.141933 0.000000 0.989876 0.475470 0.475470 0.475470
4504.633301 0.000000 167.714966 0.000000 0.132679 0.000000 0.991159 0.474983 0.474983 0.474983
4479.584473 0.000000 146.060471 0.000000 0.036777 0.000000 0.999323 0.389917 0.389917 0.389917
4489.750000 0.000000 100.932434 0.000000 0.166040 0.000000 0.986119 0.476743 0.476743 0.476743
4500.064941 0.000000 179.741180 0.000000 0.049205 0.000000 0.998789 0.470608 0.470608 0.470608
4525.653320 0.000000 189.091568 0.000000 0.179898 0.000000 0.983685 0.401138 0.401138 0.401138
4506.872559 0.000000 134.798279 0.000000 0.042136 0.000000 0.999112 0.390477 0.390477 0.390477
4489.523926 0.000000 152.533981 0.000000 0.108498 0.000000 0.994097 0.425529 0.425529 0.425529
4524.309082 0.000000 150.651901 0.000000 0.118000 0.000000 0.993014 0.398421 0.398421 0.398421
4474.032227 0.000000 172.619751 0.000000 0.184001 0.000000 0.982926 0.405390 0.405390 0.405390
4481.466797 0.000000 144.631866 0.000000 0.147334 0.000000 0.989087 0.401510 0.401510 0.401510
4522.558105 0.000000 140.328796 0.000000 0.148355 0.000000 0.988934 0.450428 0.450428 0.450428
4532.253418 0.000000 185.387848 0.000000 0.132604 0.000000 0.991169 0.380215 0.380215 0.380215
4531.459961 0.000000 190.034256 0.000000 0.106534 0.000000 0.994309 0.361032 0.361032 0.361032
4512.505859 0.000000 141.285522 0.000000 0.164738 0.000000 0.986337 0.403349 0.403349 0.403349
4472.122559 0.000000 170.313705 0.000000 0.101314 0.000000 0.994855 0.396669 0.396669 0.396669
4528.902832 0.000000 183.189911 0.000000 0.023608 0.000000 0.999721 0.367298 0.367298 0.367298
4529.990234 0.000000 153.123291 0.000000 0.149920 0.000000 0.988698 0.401783 0.401783 0.401783
4484.606445 0.000000 139.434082 0.000000 0.020304 0.000000 0.999794 0.388197 0.388197 0.388197
4520.217773 0.000000 151.295654 0.000000 0.001248 0.000000 0.999999 0.386209 0.386209 0.386209
4525.145996 0.000000 144.995636 0.000000 0.032127 0.000000 0.999484 0.290133 0.290133 0.290133
4581.164062 0.000000 147.173752 0.000000 0.012653 0.000000 0.999920 0.387399 0.387399 0.387399
4570.250488 0.000000 174.156830 0.000000 0.157720 0.000000 0.987484 0.476303 0.476303 0.476303
4556.175781 0.000000 135.457520 0.000000 0.123467 0.000000 0.992349 0.528144 0.528144 0.528144
4565.142090 0.000000 162.240326 0.000000 0.045989 0.000000 0.998942 0.470440 0.470440 0.470440
4536.092285 0.000000 116.717499 0.000000 0.175925 0.000000 0.984404 0.471525 0.471525 0.471525
4605.524414 0.000000 141.151550 0.000000 0.091545 0.000000 0.995801 0.395645 0.395645 0.395645
4585.400879 0.000000 171.456985 0.000000 0.072797 0.000000 0.997347 0.471841 0.471841 0.471841
4566.037598 0.000000 177.091125 0.000000 0.051164 0.000000 0.998690 0.499922 0.499922 0.499922
4575.367676 0.000000 154.340942 0.000000 0.154080 0.000000 0.988058 0.476111 0.476111 0.476111
4543.640137 0.000000 127.182159 0.000000 0.041440 0.000000 0.999141 0.445003 0.445003 0.445003
4583.027832 0.000000 143.010544 0.000000 0.163066 0.000000 0.986615 0.403172 0.403172 0.403172
4552.322754 0.000000 135.333298 0.000000 0.067715 0.000000 0.997705 0.492213 0.492213 0.492213
4574.977051 0.000000 185.259933 0.000000 0.010408 0.000000 0.999946 0.468582 0.468582 0.468582
4595.295410 0.000000 115.406815 0.000000 0.116034 0.000000 0.993245 0.474107 0.474107 0.474107
4553.525879 0.000000 190.659485 0.000000 0.009871 0.000000 0.999951 0.438548 0.438548 0.438548
4569.881348 0.000000 149.436325 0.000000 0.155408 0.000000 0.987850 0.402362 0.402362 0.402362
4550.522461 0.000000 181.041077 0.000000 0.142355 0.000000 0.989816 0.475492 0.475492 0.475492
4588.993652 0.000000 144.649719 0.000000 0.067449 0.000000 0.997723 0.393122 0.393122 0.393122
4581.293945 0.000000 182.474091 0.000000 0.091584 0.000000 0.995797 0.472825 0.472825 0.472825
4599.260742 0.000000 179.878662 0.000000 0.056025 0.000000 0.998429 0.477204 0.477204 0.477204
4587.380371 0.000000 151.288605 0.000000 0.131807 0.000000 0.991275 0.368268 0.368268 0.368268
4555.222656 0.000000 124.802216 0.000000 0.171688 0.000000 0.985151 0.477042 0.477042 0.477042
4588.381348 0.000000 133.582031 0.000000 0.037524 0.000000 0.999296 0.368942 0.368942 0.368942
4568.654297 0.000000 176.453339 0.000000 0.127452 0.000000 0.991845 0.480652 0.480652 0.480652
4574.311035 0.000000 156.718964 0.000000 0.112305 0.000000 0.993674 0.473911 0.473911 0.473911
4556.246094 0.000000 141.557373 0.000000 0.061842 0.000000 0.998086 0.450549 0.450549 0.450549
4598.132324 0.000000 175.295334 0.000000 0.110776 0.000000 0.993845 0.453787 0.453787 0.453787
4574.063965 0.000000 148.892975 0.000000 0.116964 0.000000 0.993136 0.398312 0.398312 0.398312
4556.437500 0.000000 146.032562 0.000000 0.136717 0.000000 0.990610 0.410233 0.410233 0.410233
4582.837402 0.000000 153.168381 0.000000 0.163393 0.000000 0.986561 0.447631 0.447631 0.447631
4566.827148 0.000000 145.949799 0.000000 0.137275 0.000000 0.990533 0.400449 0.400449 0.400449
4599.458496 0.000000 158.352509 0.000000 0.020379 0.000000 0.999792 0.383948 0.383948 0.383948
4390.047363 0.000000 196.612961 0.000000 0.062051 0.000000 0.998073 0.516854 0.516854 0.516854
4390.373535 0.000000 193.926666 0.000000 0.008566 0.000000 0.999963 0.468486 0.468486 0.468486
4390.635742 0.000000 229.713150 0.000000 0.162630 0.000000 0.986687 0.453372 0.453372 0.453372
4424.357422 0.000000 280.005798 0.000000 0.188067 0.000000 0.982156 0.436175 0.436175 0.436175
4406.853027 0.000000 283.950958 0.000000 0.036094 0.000000 0.999348 0.469923 0.469923 0.469923
4437.179688 0.000000 243.158142 0.000000 0.097032 0.000000 0.995281 0.473110 0.473110 0.473110
4412.191406 0.000000 231.441895 0.000000 0.183395 0.000000 0.983039 0.477663 0.477663 0.477663
4421.157715 0.000000 258.224731 0.000000 0.132138 0.000000 0.991231 0.447306 0.447306 0.447306
4427.855469 0.000000 282.905853 0.000000 0.085103 0.000000 0.996372 0.462286 0.462286 0.462286
4410.749512 0.000000 223.495712 0.000000 0.076488 0.000000 0.997070 0.472034 0.472034 0.472034
4426.655762 0.000000 264.222900 0.000000 0.153742 0.000000 0.988111 0.411911 0.411911 0.411911
4396.462402 0.000000 230.455505 0.000000 0.082490 0.000000 0.996592 0.472348 0.472348 0.472348
4405.408691 0.000000 279.997406 0.000000 0.046470 0.000000 0.998920 0.470465 0.470465 0.470465
4460.645508 0.000000 192.012344 0.000000 0.091004 0.000000 0.995851 0.472794 0.472794 0.472794
4401.638672 0.000000 228.006256 0.000000 0.029672 0.000000 0.999560 0.469588 0.469588 0.469588
4434.810547 0.000000 252.309998 0.000000 0.121272 0.000000 0.992619 0.398765 0.398765 0.398765
4425.645020 0.000000 229.406357 0.000000 0.125801 0.000000 0.992055 0.474621 0.474621 0.474621
4399.643555 0.000000 216.069992 0.000000 0.089359 0.000000 0.995999 0.395416 0.395416 0.395416
4411.646973 0.000000 250.556778 0.000000 0.135897 0.000000 0.990723 0.475152 0.475152 0.475152
4395.271973 0.000000 264.207520 0.000000 0.119561 0.000000 0.992827 0.474293 0.474293 0.474293
4403.393555 0.000000 244.141510 0.000000 0.162020 0.000000 0.986787 0.476530 0.476530 0.476530
4402.224121 0.000000 209.520508 0.000000 0.063028 0.000000 0.998012 0.392660 0.392660 0.392660
4410.390625 0.000000 229.359161 0.000000 0.016159 0.000000 0.999869 0.468882 0.468882 0.468882
4454.983887 0.000000 195.696976 0.000000 0.097472 0.000000 0.995238 0.473133 0.473133 0.473133
4420.292480 0.000000 247.591675 0.000000 0.167791 0.000000 0.985823 0.476836 0.476836 0.476836
4427.141113 0.000000 280.324829 0.000000 0.042770 0.000000 0.999085 0.359071 0.359071 0.359071
4404.164551 0.000000 238.139099 0.000000 0.153314 0.000000 0.988177 0.402141 0.402141 0.402141
4442.677734 0.000000 211.503098 0.000000 0.174171 0.000000 0.984715 0.471424 0.471424 0.471424
4447.701172 0.000000 253.218124 0.000000 0.015610 0.000000 0.999878 0.389843 0.389843 0.389843
4402.342773 0.000000 207.385376 0.000000 0.145527 0.000000 0.989354 0.409144 0.409144 0.409144
4430.235352 0.000000 260.084106 0.000000 0.146196 0.000000 0.989256 0.334906 0.334906 0.334906
4460.857422 0.000000 250.560394 0.000000 0.067909 0.000000 0.997692 0.314756 0.314756 0.314756
4427.803223 0.000000 259.771637 0.000000 0.046402 0.000000 0.998923 0.390923 0.390923 0.390923
4448.556641 0.000000 282.991058 0.000000 0.065621 0.000000 0.997845 0.392931 0.392931 0.392931
4433.589355 0.000000 254.321457 0.000000 0.153217 0.000000 0.988193 0.402131 0.402131 0.402131
4406.976074 0.000000 240.155090 0.000000 0.044332 0.000000 0.999017 0.390706 0.390706 0.390706
4426.391113 0.000000 250.559326 0.000000 0.023949 0.000000 0.999713 0.388578 0.388578 0.388578
4438.886230 0.000000 270.785461 0.000000 0.191092 0.000000 0.981572 0.269858 0.269858 0.269858
4439.294922 0.000000 274.384247 0.000000 0.086528 0.000000 0.996249 0.209670 0.209670 0.209670
4438.291504 0.000000 292.152802 0.000000 0.129673 0.000000 0.991557 0.484716 0.484716 0.484716
4430.721680 0.000000 290.603302 0.000000 0.179455 0.000000 0.983766 0.477454 0.477454 0.477454
4487.107422 0.000000 250.426575 0.000000 0.034232 0.000000 0.999414 0.431848 0.431848 0.431848
4476.662109 0.000000 230.709229 0.000000 0.021823 0.000000 0.999762 0.520223 0.520223 0.520223
4534.496094 0.000000 209.060776 0.000000 0.116619 0.000000 0.993177 0.474138 0.474138 0.474138
4530.489258 0.000000 219.459656 0.000000 0.116900 0.000000 0.993144 0.474153 0.474153 0.474153
4464.720215 0.000000 215.538925 0.000000 0.180378 0.000000 0.983597 0.477503 0.477503 0.477503
4489.750000 0.000000 196.916824 0.000000 0.066188 0.000000 0.997807 0.388859 0.388859 0.388859
4472.574707 0.000000 249.135376 0.000000 0.019112 0.000000 0.999817 0.449861 0.449861 0.449861
4476.156738 0.000000 238.139099 0.000000 0.189255 0.000000 0.981928 0.477974 0.477974 0.477974
4506.547852 0.000000 207.408508 0.000000 0.052632 0.000000 0.998614 0.391573 0.391573 0.391573
4508.794922 0.000000 202.802368 0.000000 0.144028 0.000000 0.989574 0.428579 0.428579 0.428579
4532.108887 0.000000 194.642105 0.000000 0.039125 0.000000 0.999234 0.390162 0.390162 0.390162
4485.278809 0.000000 248.914352 0.000000 0.083407 0.000000 0.996516 0.445848 0.445848 0.445848
4514.943359 0.000000 193.686295 0.000000 0.018842 0.000000 0.999822 0.370997 0.370997 0.370997
4498.921387 0.000000 220.656601 0.000000 0.120319 0.000000 0.992735 0.398665 0.398665 0.398665
4523.850098 0.000000 199.118088 0.000000 0.155623 0.000000 0.987817 0.328577 0.328577 0.328577
4509.554688 0.000000 206.347260 0.000000 0.124019 0.000000 0.992280 0.399054 0.399054 0.399054
4492.143066 0.000000 228.833817 0.000000 0.087455 0.000000 0.996168 0.378924 0.378924 0.378924
4520.023926 0.000000 194.966507 0.000000 0.046033 0.000000 0.998940 0.311326 0.311326 0.311326
4544.140137 0.000000 207.190857 0.000000 0.130405 0.000000 0.991461 0.474863 0.474863 0.474863
4551.963867 0.000000 211.050171 0.000000 0.031925 0.000000 0.999490 0.469705 0.469705 0.469705
4234.464844 0.000000 468.734955 0.000000 0.061555 0.000000 0.998104 0.498193 0.498193 0.498193
4206.581543 0.000000 469.167664 0.000000 0.099661 0.000000 0.995021 0.485367 0.485367 0.485367
4215.849609 0.000000 469.532166 0.000000 0.074163 0.000000 0.997246 0.473967 0.473967 0.473967
4232.127930 0.000000 467.152649 0.000000 0.178757 0.000000 0.983893 0.408654 0.408654 0.408654
4226.367676 0.000000 462.205322 0.000000 0.143288 0.000000 0.989681 0.463785 0.463785 0.463785
4208.605469 0.000000 468.803162 0.000000 0.085326 0.000000 0.996353 0.399073 0.399073 0.399073
4190.924316 0.000000 531.315308 0.000000 0.147364 0.000000 0.989082 0.317500 0.317500 0.317500
4209.345703 0.000000 539.533081 0.000000 0.129166 0.000000 0.991623 0.156177 0.156177 0.156177
4314.910645 0.000000 696.153137 0.000000 0.103947 0.000000 0.994583 0.521806 0.521806 0.521806
4370.727051 0.000000 527.109619 0.000000 0.005786 0.000000 0.999983 0.412469 0.412469 0.412469
4377.756836 0.000000 537.287048 0.000000 0.184854 0.000000 0.982766 0.409284 0.409284 0.409284
4366.312988 0.000000 528.233765 0.000000 0.063785 0.000000 0.997964 0.243756 0.243756 0.243756
4498.258301 0.000000 462.109985 0.000000 0.163012 0.000000 0.986624 0.519088 0.519088 0.519088
4507.360352 0.000000 408.313629 0.000000 0.094163 0.000000 0.995557 0.523644 0.523644 0.523644
4497.448730 0.000000 407.146729 0.000000 0.104410 0.000000 0.994534 0.523828 0.523828 0.523828
4532.449219 0.000000 462.684326 0.000000 0.166834 0.000000 0.985985 0.524953 0.524953 0.524953
4524.786133 0.000000 473.986420 0.000000 0.090698 0.000000 0.995878 0.503260 0.503260 0.503260
4514.188477 0.000000 475.828674 0.000000 0.100735 0.000000 0.994913 0.471286 0.471286 0.471286
4501.928223 0.000000 414.983582 0.000000 0.161837 0.000000 0.986817 0.499725 0.499725 0.499725
4535.703125 0.000000 449.267303 0.000000 0.167327 0.000000 0.985902 0.536518 0.536518 0.536518
4509.821777 0.000000 480.406952 0.000000 0.073083 0.000000 0.997326 0.517097 0.517097 0.517097
4385.336426 0.000000 652.294678 0.000000 0.046303 0.000000 0.998927 0.510228 0.510228 0.510228
4374.260742 0.000000 642.683899 0.000000 0.066560 0.000000 0.997782 0.397160 0.397160 0.397160
4380.002441 0.000000 644.542114 0.000000 0.011320 0.000000 0.999936 0.316596 0.316596 0.316596
4380.697754 0.000000 654.272766 0.000000 0.078467 0.000000 0.996917 0.246747 0.246747 0.246747
4449.296387 0.000000 600.763977 0.000000 0.179755 0.000000 0.983711 0.488922 0.488922 0.488922
4329.658203 0.000000 694.939514 0.000000 0.191206 0.000000 0.981550 0.440224 0.440224 0.440224
4340.125488 0.000000 696.094666 0.000000 0.131244 0.000000 0.991350 0.403766 0.403766 0.403766
4503.086426 0.000000 657.860291 0.000000 0.101600 0.000000 0.994825 0.449144 0.449144 0.449144
4478.770996 0.000000 599.008423 0.000000 0.088609 0.000000 0.996066 0.399408 0.399408 0.399408
4489.705566 0.000000 642.240662 0.000000 0.074666 0.000000 0.997209 0.397986 0.397986 0.397986
4498.343750 0.000000 661.713928 0.000000 0.108096 0.000000 0.994140 0.471682 0.471682 0.471682
4481.056641 0.000000 605.729187 0.000000 0.178532 0.000000 0.983934 0.408630 0.408630 0.408630
4490.646973 0.000000 591.540771 0.000000 0.155135 0.000000 0.987893 0.427592 0.427592 0.427592
4491.869629 0.000000 600.266846 0.000000 0.178033 0.000000 0.984025 0.267158 0.267158 0.267158
4605.458984 0.000000 663.171387 0.000000 0.064934 0.000000 0.997890 0.487971 0.487971 0.487971
4593.531250 0.000000 654.323242 0.000000 0.059976 0.000000 0.998200 0.431756 0.431756 0.431756
4476.662109 0.000000 710.631165 0.000000 0.123428 0.000000 0.992354 0.402966 0.402966 0.402966
4475.422852 0.000000 708.934998 0.000000 0.027419 0.000000 0.999624 0.416490 0.416490 0.416490
2627.618652 0.000000 1962.706665 0.000000 0.133380 0.000000 0.991065 0.184963 0.184963 0.184963
3329.692383 0.000000 1910.089844 0.000000 0.060076 0.000000 0.998194 0.516811 0.516811 0.516811
3324.322510 0.000000 1918.717773 0.000000 0.129397 0.000000 0.991593 0.360046 0.360046 0.360046
3329.113770 0.000000 1916.285400 0.000000 0.010553 0.000000 0.999944 0.425742 0.425742 0.425742
3092.860352 0.000000 1969.244995 0.000000 0.135527 0.000000 0.990774 0.104736 0.104736 0.104736
3081.587891 0.000000 2174.287842 0.000000 0.094749 0.000000 0.995501 0.418273 0.418273 0.418273
3090.532715 0.000000 2186.325439 0.000000 0.149087 0.000000 0.988824 0.411452 0.411452 0.411452
3135.788818 0.000000 2174.691650 0.000000 0.129349 0.000000 0.991599 0.451062 0.451062 0.451062
3126.373535 0.000000 2184.315186 0.000000 0.097246 0.000000 0.995260 0.384104 0.384104 0.384104
3126.275146 0.000000 2169.248779 0.000000 0.153320 0.000000 0.988177 0.442997 0.442997 0.442997
3236.030518 0.000000 1993.128296 0.000000 0.087141 0.000000 0.996196 0.513333 0.513333 0.513333
3175.898193 0.000000 1989.476074 0.000000 0.000770 0.000000 1.000000 0.448677 0.448677 0.448677
3224.786621 0.000000 1992.789062 0.000000 0.151153 0.000000 0.988510 0.485699 0.485699 0.485699
3235.751465 0.000000 1977.417236 0.000000 0.137368 0.000000 0.990520 0.081701 0.081701 0.081701
3233.790039 0.000000 1986.838745 0.000000 0.153465 0.000000 0.988154 0.275712 0.275712 0.275712
3233.582764 0.000000 1982.815674 0.000000 0.016593 0.000000 0.999862 0.046358 0.046358 0.046358
3235.397461 0.000000 1981.104858 0.000000 0.164682 0.000000 0.986347 0.057926 0.057926 0.057926
3285.304688 0.000000 1970.876953 0.000000 0.141964 0.000000 0.989872 0.448014 0.448014 0.448014
3310.200928 0.000000 1953.807861 0.000000 0.170584 0.000000 0.985343 0.388595 0.388595 0.388595
3242.021484 0.000000 1986.763794 0.000000 0.109899 0.000000 0.993943 0.397570 0.397570 0.397570
3285.061035 0.000000 1968.670166 0.000000 0.187589 0.000000 0.982248 0.405771 0.405771 0.405771
3174.625244 0.000000 2088.887207 0.000000 0.080530 0.000000 0.996752 0.488615 0.488615 0.488615
3207.781006 0.000000 2078.707275 0.000000 0.098740 0.000000 0.995113 0.477242 0.477242 0.477242
3221.849365 0.000000 2077.609375 0.000000 0.122447 0.000000 0.992475 0.136432 0.136432 0.136432
3204.517578 0.000000 2067.073242 0.000000 0.172836 0.000000 0.984951 0.502041 0.502041 0.502041
3208.415527 0.000000 2069.221924 0.000000 0.185664 0.000000 0.982613 0.390363 0.390363 0.390363
3182.030762 0.000000 2090.392822 0.000000 0.157124 0.000000 0.987579 0.480152 0.480152 0.480152
3219.528809 0.000000 2070.976318 0.000000 0.046358 0.000000 0.998925 0.367893 0.367893 0.367893
3181.721680 0.000000 2087.666748 0.000000 0.002543 0.000000 0.999997 0.394957 0.394957 0.394957
3212.453125 0.000000 2073.583252 0.000000 0.112821 0.000000 0.993615 0.375859 0.375859 0.375859
3172.099365 0.000000 2095.050049 0.000000 0.092133 0.000000 0.995747 0.176448 0.176448 0.176448
3214.811768 0.000000 2070.206055 0.000000 0.177680 0.000000 0.984088 0.343548 0.343548 0.343548
3184.017090 0.000000 2077.152344 0.000000 0.082870 0.000000 0.996560 0.255816 0.255816 0.255816
3226.356934 0.000000 2076.200684 0.000000 0.009575 0.000000 0.999954 0.003353 0.003353 0.003353
3272.260498 0.000000 2092.527344 0.000000 0.137805 0.000000 0.990459 0.162493 0.162493 0.162493
3319.392334 0.000000 1929.631226 0.000000 0.177638 0.000000 0.984096 0.460153 0.460153 0.460153
3237.578857 0.000000 2300.990479 0.000000 0.154772 0.000000 0.987950 0.404238 0.404238 0.404238
3218.100586 0.000000 2302.777832 0.000000 0.172827 0.000000 0.984952 0.475184 0.475184 0.475184
3250.427734 0.000000 2262.801025 0.000000 0.028622 0.000000 0.999590 0.518237 0.518237 0.518237
3258.731445 0.000000 2241.715576 0.000000 0.089875 0.000000 0.995953 0.460535 0.460535 0.460535
2645.911865 0.000000 2653.515869 0.000000 0.033733 0.000000 0.999431 0.490905 0.490905 0.490905
3142.226074 0.000000 2374.705322 0.000000 0.035550 0.000000 0.999368 0.132608 0.132608 0.132608
3123.420410 0.000000 2331.198975 0.000000 0.155246 0.000000 0.987876 0.128406 0.128406 0.128406
3130.852051 0.000000 2334.456543 0.000000 0.136107 0.000000 0.990694 0.191571 0.191571 0.191571
3135.133301 0.000000 2392.900879 0.000000 0.128159 0.000000 0.991754 0.353940 0.353940 0.353940
3159.007568 0.000000 2353.555176 0.000000 0.002545 0.000000 0.999997 0.336817 0.336817 0.336817
3136.781738 0.000000 2375.355713 0.000000 0.076485 0.000000 0.997071 0.346878 0.346878 0.346878
3143.620117 0.000000 2355.871094 0.000000 0.080341 0.000000 0.996767 0.228711 0.228711 0.228711
3146.859619 0.000000 2350.812988 0.000000 0.001986 0.000000 0.999998 0.343203 0.343203 0.343203
3148.435791 0.000000 2390.506104 0.000000 0.135826 0.000000 0.990733 0.416055 0.416055 0.416055
3121.108398 0.000000 2314.809570 0.000000 0.127110 0.000000 0.991889 0.444962 0.444962 0.444962
3163.647705 0.000000 2333.348633 0.000000 0.109738 0.000000 0.993960 0.215019 0.215019 0.215019
3129.344971 0.000000 2398.403564 0.000000 0.052062 0.000000 0.998644 0.383172 0.383172 0.383172
3137.336670 0.000000 2398.515625 0.000000 0.083153 0.000000 0.996537 0.347787 0.347787 0.347787
3131.070068 0.000000 2332.312988 0.000000 0.012857 0.000000 0.999917 0.402395 0.402395 0.402395
3123.089355 0.000000 2329.127197 0.000000 0.118427 0.000000 0.992963 0.133282 0.133282 0.133282
3124.309814 0.000000 2317.703613 0.000000 0.029959 0.000000 0.999551 0.112046 0.112046 0.112046
3140.335449 0.000000 2378.871582 0.000000 0.015112 0.000000 0.999886 0.127050 0.127050 0.127050
3142.503906 0.000000 2370.229736 0.000000 0.094133 0.000000 0.995560 0.152626 0.152626 0.152626
3159.104248 0.000000 2334.621094 0.000000 0.142920 0.000000 0.989734 0.050214 0.050214 0.050214
3140.160645 0.000000 2365.303223 0.000000 0.002813 0.000000 0.999996 0.336853 0.336853 0.336853
3138.695557 0.000000 2399.593506 0.000000 0.049481 0.000000 0.998775 0.343200 0.343200 0.343200
3135.297363 0.000000 2381.572021 0.000000 0.107651 0.000000 0.994189 0.351133 0.351133 0.351133
3145.388428 0.000000 2380.694092 0.000000 0.074515 0.000000 0.997220 0.217179 0.217179 0.217179
3143.793213 0.000000 2371.702637 0.000000 0.044661 0.000000 0.999002 0.139279 0.139279 0.139279
3124.121338 0.000000 2319.171875 0.000000 0.104270 0.000000 0.994549 0.036576 0.036576 0.036576
3123.895996 0.000000 2332.363037 0.000000 0.083671 0.000000 0.996493 0.029331 0.029331 0.029331
3122.750732 0.000000 2332.658447 0.000000 0.122053 0.000000 0.992524 0.042843 0.042843 0.042843
3121.069824 0.000000 2337.027100 0.000000 0.037353 0.000000 0.999302 0.013082 0.013082 0.013082
3132.503662 0.000000 2340.388184 0.000000 0.158948 0.000000 0.987287 0.055891 0.055891 0.055891
3158.559082 0.000000 2335.535400 0.000000 0.101916 0.000000 0.994793 0.035747 0.035747 0.035747
3136.589355 0.000000 2492.106445 0.000000 0.018103 0.000000 0.999836 0.462588 0.462588 0.462588
3118.309814 0.000000 2474.645996 0.000000 0.054753 0.000000 0.998500 0.356407 0.356407 0.356407
3141.356201 0.000000 2464.756348 0.000000 0.085007 0.000000 0.996380 0.348040 0.348040 0.348040
3116.331787 0.000000 2439.082764 0.000000 0.108883 0.000000 0.994055 0.038200 0.038200 0.038200
3138.588135 0.000000 2455.742676 0.000000 0.041694 0.000000 0.999130 0.342140 0.342140 0.342140
3122.019531 0.000000 2448.454346 0.000000 0.171265 0.000000 0.985225 0.359867 0.359867 0.359867
3129.511475 0.000000 2482.737793 0.000000 0.143630 0.000000 0.989632 0.356063 0.356063 0.356063
3112.739014 0.000000 2476.609863 0.000000 0.036238 0.000000 0.999343 0.455181 0.455181 0.455181
3124.103271 0.000000 2487.798584 0.000000 0.124585 0.000000 0.992209 0.452718 0.452718 0.452718
3139.864014 0.000000 2467.988770 0.000000 0.159523 0.000000 0.987194 0.358249 0.358249 0.358249
3124.498291 0.000000 2474.885010 0.000000 0.163532 0.000000 0.986538 0.358801 0.358801 0.358801
3129.599121 0.000000 2490.020752 0.000000 0.148047 0.000000 0.988980 0.356670 0.356670 0.356670
3134.200928 0.000000 2407.908203 0.000000 0.030624 0.000000 0.999531 0.340634 0.340634 0.340634
3123.277344 0.000000 2464.182373 0.000000 0.025469 0.000000 0.999676 0.204132 0.204132 0.204132
3127.380859 0.000000 2482.511719 0.000000 0.161433 0.000000 0.986884 0.383657 0.383657 0.383657
3134.279785 0.000000 2483.862793 0.000000 0.189829 0.000000 0.981817 0.362433 0.362433 0.362433
3133.808350 0.000000 2421.231445 0.000000 0.078021 0.000000 0.996952 0.363484 0.363484 0.363484
3139.805176 0.000000 2465.979004 0.000000 0.087994 0.000000 0.996121 0.348448 0.348448 0.348448
3130.669922 0.000000 2450.858643 0.000000 0.138903 0.000000 0.990306 0.355414 0.355414 0.355414
3122.524170 0.000000 2469.354248 0.000000 0.147846 0.000000 0.989010 0.202347 0.202347 0.202347
3137.140381 0.000000 2456.553223 0.000000 0.146511 0.000000 0.989209 0.356459 0.356459 0.356459
3152.471924 0.000000 2436.077393 0.000000 0.136078 0.000000 0.990698 0.156113 0.156113 0.156113
3113.287842 0.000000 2433.787109 0.000000 0.143914 0.000000 0.989590 0.267967 0.267967 0.267967
3123.089355 0.000000 2506.011230 0.000000 0.135180 0.000000 0.990821 0.388404 0.388404 0.388404
3167.770508 0.000000 2329.985840 0.000000 0.126968 0.000000 0.991907 0.353777 0.353777 0.353777
3212.013916 0.000000 2316.935547 0.000000 0.161219 0.000000 0.986919 0.464881 0.464881 0.464881
3171.649658 0.000000 2332.769531 0.000000 0.054254 0.000000 0.998527 0.343849 0.343849 0.343849
3197.292969 0.000000 2319.776123 0.000000 0.180533 0.000000 0.983569 0.500402 0.500402 0.500402
3234.704834 0.000000 2362.549316 0.000000 0.137374 0.000000 0.990519 0.469327 0.469327 0.469327
3178.227295 0.000000 2310.920166 0.000000 0.022165 0.000000 0.999754 0.128968 0.128968 0.128968
3173.449219 0.000000 2312.079834 0.000000 0.135340 0.000000 0.990799 0.159850 0.159850 0.159850
3185.622070 0.000000 2306.046631 0.000000 0.036771 0.000000 0.999324 0.400448 0.400448 0.400448
3173.589600 0.000000 2324.372314 0.000000 0.184128 0.000000 0.982902 0.361644 0.361644 0.361644
3173.050293 0.000000 2313.783691 0.000000 0.079220 0.000000 0.996857 0.144502 0.144502 0.144502
3227.232422 0.000000 2340.459961 0.000000 0.072540 0.000000 0.997366 0.113880 0.113880 0.113880
3204.682129 0.000000 2342.557617 0.000000 0.113164 0.000000 0.993576 0.129760 0.129760 0.129760
3223.590820 0.000000 2407.745850 0.000000 0.023866 0.000000 0.999715 0.467160 0.467160 0.467160
3172.452881 0.000000 2454.985596 0.000000 0.119876 0.000000 0.992789 0.042075 0.042075 0.042075
4528.922852 0.000000 1697.637451 0.000000 0.179151 0.000000 0.983822 0.087893 0.087893 0.087893
4513.408691 0.000000 1707.207153 0.000000 0.096989 0.000000 0.995285 0.226244 0.226244 0.226244
4471.629395 0.000000 1714.739990 0.000000 0.089508 0.000000 0.995986 0.444243 0.444243 0.444243
4531.929199 0.000000 1708.019775 0.000000 0.184880 0.000000 0.982761 0.278081 0.278081 0.278081
4505.187988 0.000000 1726.624878 0.000000 0.186772 0.000000 0.982403 0.166424 0.166424 0.166424
4475.859863 0.000000 1707.147339 0.000000 0.018161 0.000000 0.999835 0.087372 0.087372 0.087372
4511.001953 0.000000 1694.645752 0.000000 0.103395 0.000000 0.994640 0.179307 0.179307 0.179307
4511.811523 0.000000 1707.539185 0.000000 0.179764 0.000000 0.983710 0.322867 0.322867 0.322867
4504.929199 0.000000 1725.397949 0.000000 0.120006 0.000000 0.992773 0.068012 0.068012 0.068012
4537.081055 0.000000 1718.604370 0.000000 0.184341 0.000000 0.982862 0.188565 0.188565 0.188565
4453.821777 0.000000 1795.188354 0.000000 0.128228 0.000000 0.991745 0.163840 0.163840 0.163840
4442.344238 0.000000 1805.986694 0.000000 0.059649 0.000000 0.998219 0.116344 0.116344 0.116344
4449.515625 0.000000 1793.294922 0.000000 0.114721 0.000000 0.993398 0.216168 0.216168 0.216168
4429.244141 0.000000 1810.048462 0.000000 0.028608 0.000000 0.999591 0.281068 0.281068 0.281068
4460.963867 0.000000 1819.330811 0.000000 0.159721 0.000000 0.987162 0.290495 0.290495 0.290495
4437.728027 0.000000 1819.171387 0.000000 0.078782 0.000000 0.996892 0.148479 0.148479 0.148479
4433.622070 0.000000 1819.071045 0.000000 0.135243 0.000000 0.990813 0.343088 0.343088 0.343088
4431.494141 0.000000 1808.301147 0.000000 0.070134 0.000000 0.997538 0.146145 0.146145 0.146145
4444.639160 0.000000 1805.167725 0.000000 0.119556 0.000000 0.992827 0.111692 0.111692 0.111692
4444.996582 0.000000 1794.634521 0.000000 0.052402 0.000000 0.998626 0.024611 0.024611 0.024611
4438.048340 0.000000 1800.808960 0.000000 0.033881 0.000000 0.999426 0.144816 0.144816 0.144816
4457.523926 0.000000 1826.285522 0.000000 0.132043 0.000000 0.991244 0.109570 0.109570 0.109570
4499.742188 0.000000 1743.612183 0.000000 0.068269 0.000000 0.997667 0.428280 0.428280 0.428280
4515.187012 0.000000 1753.760620 0.000000 0.041284 0.000000 0.999147 0.489095 0.489095 0.489095
4510.447754 0.000000 1740.264771 0.000000 0.143917 0.000000 0.989590 0.081904 0.081904 0.081904
4465.915039 0.000000 1812.907471 0.000000 0.028163 0.000000 0.999603 0.111535 0.111535 0.111535
4511.063477 0.000000 1746.061523 0.000000 0.032302 0.000000 0.999478 0.368325 0.368325 0.368325
4517.279785 0.000000 1736.454590 0.000000 0.120515 0.000000 0.992711 0.235425 0.235425 0.235425
4509.222168 0.000000 1730.055054 0.000000 0.191049 0.000000 0.981581 0.237670 0.237670 0.237670
4481.917969 0.000000 1794.965576 0.000000 0.168980 0.000000 0.985619 0.369171 0.369171 0.369171
4465.135254 0.000000 1809.069702 0.000000 0.061757 0.000000 0.998091 0.334511 0.334511 0.334511
4495.028320 0.000000 1757.095459 0.000000 0.072379 0.000000 0.997377 0.144694 0.144694 0.144694
4491.661621 0.000000 1770.593750 0.000000 0.060128 0.000000 0.998191 0.230565 0.230565 0.230565
4514.883789 0.000000 1730.717285 0.000000 0.156739 0.000000 0.987640 0.099745 0.099745 0.099745
4487.184082 0.000000 1777.900757 0.000000 0.140157 0.000000 0.990129 0.192592 0.192592 0.192592
4615.620117 0.000000 120.085617 0.000000 0.151460 0.000000 0.988463 0.475973 0.475973 0.475973
4622.664551 0.000000 165.537384 0.000000 0.130692 0.000000 0.991423 0.494647 0.494647 0.494647
4613.839844 0.000000 149.022873 0.000000 0.022798 0.000000 0.999740 0.388458 0.388458 0.388458
4618.044434 0.000000 134.787872 0.000000 0.056151 0.000000 0.998422 0.470971 0.470971 0.470971
4618.801270 0.000000 153.422272 0.000000 0.058981 0.000000 0.998259 0.392237 0.392237 0.392237
4623.047363 0.000000 542.757324 0.000000 0.002671 0.000000 0.999996 0.338987 0.338987 0.338987
4684.955566 0.000000 637.639954 0.000000 0.137876 0.000000 0.990449 0.522463 0.522463 0.522463
4695.561035 0.000000 625.982422 0.000000 0.138970 0.000000 0.990297 0.424213 0.424213 0.424213
4786.863281 0.000000 669.083923 0.000000 0.078548 0.000000 0.996910 0.398382 0.398382 0.398382
4785.165527 0.000000 670.684570 0.000000 0.040546 0.000000 0.999178 0.394513 0.394513 0.394513
4988.069824 0.000000 741.829041 0.000000 0.120106 0.000000 0.992761 0.402626 0.402626 0.402626
5006.289062 0.000000 766.693115 0.000000 0.118201 0.000000 0.992990 0.402431 0.402431 0.402431
5009.166016 0.000000 747.382080 0.000000 0.181360 0.000000 0.983417 0.408923 0.408923 0.408923
4987.939941 0.000000 766.706787 0.000000 0.159910 0.000000 0.987132 0.464801 0.464801 0.464801
4993.728516 0.000000 1249.578491 0.000000 0.071270 0.000000 0.997457 0.519116 0.519116 0.519116
7731.808594 0.000000 453.557251 0.000000 0.120384 0.000000 0.992727 0.486283 0.486283 0.486283
7717.538574 0.000000 458.658264 0.000000 0.150641 0.000000 0.988589 0.497371 0.497371 0.497371
7741.992188 0.000000 478.739960 0.000000 0.130815 0.000000 0.991407 0.443257 0.443257 0.443257
7737.099121 0.000000 474.348633 0.000000 0.003446 0.000000 0.999994 0.433785 0.433785 0.433785
7751.264160 0.000000 469.810120 0.000000 0.096565 0.000000 0.995327 0.440701 0.440701 0.440701
7720.313965 0.000000 458.535950 0.000000 0.076374 0.000000 0.997079 0.439198 0.439198 0.439198
7795.953613 0.000000 495.974152 0.000000 0.161500 0.000000 0.986873 0.403006 0.403006 0.403006
7799.639648 0.000000 495.310638 0.000000 0.194719 0.000000 0.980859 0.406529 0.406529 0.406529
7856.579590 0.000000 558.628601 0.000000 0.054151 0.000000 0.998533 0.450041 0.450041 0.450041
7908.237305 0.000000 601.165771 0.000000 0.033492 0.000000 0.999439 0.469787 0.469787 0.469787
"}
object={
	name="tree_swamp_01_generator_1_1"
	render_pass=Map
	clamp_to_water_level=no
	generated_content=yes
	layer="tree_high_layer"
	pdxmesh="tree_swamp_01_b_mesh"
	count=285
	transform="4025.375244 0.000000 268.357117 0.000000 0.230988 0.000000 0.972957 0.454486 0.454486 0.454486
3993.474365 0.000000 235.892822 0.000000 0.296957 0.000000 0.954891 0.278113 0.278113 0.278113
4030.368408 0.000000 267.436890 0.000000 0.266987 0.000000 0.963700 0.441069 0.441069 0.441069
3988.142578 0.000000 233.321609 0.000000 0.272993 0.000000 0.962016 0.418487 0.418487 0.418487
4043.205322 0.000000 312.545502 0.000000 0.308917 0.000000 0.951089 0.415400 0.415400 0.415400
4421.843750 0.000000 140.729919 0.000000 0.196107 0.000000 0.980582 0.478338 0.478338 0.478338
4440.420898 0.000000 128.478500 0.000000 0.206179 0.000000 0.978514 0.478875 0.478875 0.478875
4447.268066 0.000000 142.537445 0.000000 0.210525 0.000000 0.977588 0.479107 0.479107 0.479107
4413.908691 0.000000 161.798950 0.000000 0.248382 0.000000 0.968662 0.481136 0.481136 0.481136
4446.288574 0.000000 136.057892 0.000000 0.224912 0.000000 0.974379 0.479876 0.479876 0.479876
4405.408691 0.000000 184.013016 0.000000 0.246301 0.000000 0.969193 0.504621 0.504621 0.504621
4418.076660 0.000000 169.633362 0.000000 0.231406 0.000000 0.972857 0.480224 0.480224 0.480224
4429.275879 0.000000 162.174423 0.000000 0.309190 0.000000 0.951000 0.484441 0.484441 0.484441
4438.917969 0.000000 119.179443 0.000000 0.231382 0.000000 0.972863 0.480223 0.480223 0.480223
4445.844238 0.000000 119.968903 0.000000 0.206887 0.000000 0.978365 0.447110 0.447110 0.447110
4395.839355 0.000000 154.850800 0.000000 0.299673 0.000000 0.954042 0.483920 0.483920 0.483920
4407.592285 0.000000 146.060471 0.000000 0.320312 0.000000 0.947312 0.485052 0.485052 0.485052
4428.743164 0.000000 158.814667 0.000000 0.234562 0.000000 0.972101 0.480393 0.480393 0.480393
4400.952148 0.000000 188.890808 0.000000 0.237888 0.000000 0.971293 0.480572 0.480572 0.480572
4448.104492 0.000000 179.199493 0.000000 0.286413 0.000000 0.958106 0.483196 0.483196 0.483196
4449.546875 0.000000 174.401306 0.000000 0.283829 0.000000 0.958875 0.416110 0.416110 0.416110
4446.958008 0.000000 170.180817 0.000000 0.197946 0.000000 0.980213 0.406872 0.406872 0.406872
4496.349609 0.000000 88.037041 0.000000 0.322419 0.000000 0.946597 0.485168 0.485168 0.485168
4490.106934 0.000000 94.774101 0.000000 0.262881 0.000000 0.964828 0.481919 0.481919 0.481919
4487.102539 0.000000 184.561005 0.000000 0.244820 0.000000 0.969568 0.480945 0.480945 0.480945
4486.311523 0.000000 107.117096 0.000000 0.246262 0.000000 0.969203 0.481022 0.481022 0.481022
4475.574707 0.000000 128.394348 0.000000 0.203963 0.000000 0.978979 0.407514 0.407514 0.407514
4503.860352 0.000000 129.891937 0.000000 0.323367 0.000000 0.946274 0.485221 0.485221 0.485221
4476.197266 0.000000 190.998932 0.000000 0.285495 0.000000 0.958380 0.483146 0.483146 0.483146
4506.953613 0.000000 169.455704 0.000000 0.229135 0.000000 0.973395 0.480102 0.480102 0.480102
4486.198242 0.000000 120.795341 0.000000 0.288785 0.000000 0.957394 0.483325 0.483325 0.483325
4501.268066 0.000000 162.174423 0.000000 0.262906 0.000000 0.964821 0.498044 0.498044 0.498044
4493.587402 0.000000 120.750160 0.000000 0.320508 0.000000 0.947246 0.485063 0.485063 0.485063
4500.376953 0.000000 147.385529 0.000000 0.330195 0.000000 0.943913 0.485598 0.485598 0.485598
4525.813965 0.000000 163.453842 0.000000 0.206530 0.000000 0.978440 0.478894 0.478894 0.478894
4513.384766 0.000000 96.080566 0.000000 0.243214 0.000000 0.969973 0.480858 0.480858 0.480858
4487.293945 0.000000 151.575348 0.000000 0.310117 0.000000 0.950698 0.418983 0.418983 0.418983
4463.658691 0.000000 189.859268 0.000000 0.300101 0.000000 0.953907 0.483943 0.483943 0.483943
4515.388184 0.000000 151.288605 0.000000 0.242458 0.000000 0.970162 0.480818 0.480818 0.480818
4466.224609 0.000000 157.876144 0.000000 0.281987 0.000000 0.959418 0.482955 0.482955 0.482955
4532.188965 0.000000 143.446564 0.000000 0.251930 0.000000 0.967746 0.477713 0.477713 0.477713
4482.666504 0.000000 115.488731 0.000000 0.209607 0.000000 0.977786 0.479058 0.479058 0.479058
4513.420410 0.000000 120.167389 0.000000 0.277221 0.000000 0.960806 0.482696 0.482696 0.482696
4482.598633 0.000000 130.059128 0.000000 0.230391 0.000000 0.973098 0.452605 0.452605 0.452605
4523.737793 0.000000 191.129227 0.000000 0.223516 0.000000 0.974700 0.405908 0.405908 0.405908
4480.703613 0.000000 128.800537 0.000000 0.294424 0.000000 0.955675 0.417265 0.417265 0.417265
4489.444336 0.000000 167.435150 0.000000 0.242878 0.000000 0.970057 0.431700 0.431700 0.431700
4504.505859 0.000000 136.217377 0.000000 0.284346 0.000000 0.958722 0.430254 0.430254 0.430254
4532.080566 0.000000 146.461761 0.000000 0.199229 0.000000 0.979953 0.390076 0.390076 0.390076
4589.737305 0.000000 131.184235 0.000000 0.275435 0.000000 0.961320 0.454220 0.454220 0.454220
4539.501465 0.000000 125.128555 0.000000 0.210049 0.000000 0.977691 0.475349 0.475349 0.475349
4593.280762 0.000000 120.842056 0.000000 0.221143 0.000000 0.975241 0.479674 0.479674 0.479674
4597.718262 0.000000 135.664261 0.000000 0.206208 0.000000 0.978508 0.424598 0.424598 0.424598
4604.484375 0.000000 152.503937 0.000000 0.235518 0.000000 0.971870 0.445667 0.445667 0.445667
4590.750000 0.000000 182.941925 0.000000 0.254585 0.000000 0.967050 0.481471 0.481471 0.481471
4605.985352 0.000000 119.646942 0.000000 0.295144 0.000000 0.955453 0.483672 0.483672 0.483672
4552.410156 0.000000 159.712448 0.000000 0.305531 0.000000 0.952182 0.418481 0.418481 0.418481
4602.441406 0.000000 140.348038 0.000000 0.217933 0.000000 0.975964 0.409005 0.409005 0.409005
4586.828613 0.000000 137.771881 0.000000 0.222263 0.000000 0.974987 0.392826 0.392826 0.392826
4539.823730 0.000000 154.850800 0.000000 0.304747 0.000000 0.952433 0.418395 0.418395 0.418395
4607.258301 0.000000 151.944855 0.000000 0.330154 0.000000 0.943927 0.421191 0.421191 0.421191
4535.650879 0.000000 189.859268 0.000000 0.252034 0.000000 0.967718 0.333157 0.333157 0.333157
4599.852051 0.000000 119.326614 0.000000 0.243277 0.000000 0.969957 0.480862 0.480862 0.480862
4577.667480 0.000000 185.686005 0.000000 0.233864 0.000000 0.972269 0.480356 0.480356 0.480356
4541.179688 0.000000 166.389404 0.000000 0.308642 0.000000 0.951178 0.484411 0.484411 0.484411
4552.955566 0.000000 175.625397 0.000000 0.318444 0.000000 0.947942 0.484949 0.484949 0.484949
4553.189453 0.000000 119.998474 0.000000 0.298769 0.000000 0.954325 0.483870 0.483870 0.483870
4583.963867 0.000000 133.523163 0.000000 0.255932 0.000000 0.966695 0.395072 0.395072 0.395072
4543.998535 0.000000 150.217621 0.000000 0.270402 0.000000 0.962748 0.414652 0.414652 0.414652
4554.532715 0.000000 167.662292 0.000000 0.264446 0.000000 0.964400 0.414007 0.414007 0.414007
4545.634766 0.000000 119.033211 0.000000 0.235383 0.000000 0.971903 0.436503 0.436503 0.436503
4604.072754 0.000000 146.461761 0.000000 0.247577 0.000000 0.968868 0.412186 0.412186 0.412186
4543.377441 0.000000 121.965096 0.000000 0.239548 0.000000 0.970884 0.411322 0.411322 0.411322
4587.877441 0.000000 139.295792 0.000000 0.311173 0.000000 0.950353 0.419099 0.419099 0.419099
4390.329590 0.000000 267.436890 0.000000 0.284482 0.000000 0.958681 0.483091 0.483091 0.483091
4416.638672 0.000000 261.289917 0.000000 0.240209 0.000000 0.970721 0.540881 0.540881 0.540881
4404.141602 0.000000 269.472107 0.000000 0.255829 0.000000 0.966722 0.481538 0.481538 0.481538
4396.580566 0.000000 214.578339 0.000000 0.288958 0.000000 0.957342 0.416669 0.416669 0.416669
4444.474609 0.000000 286.610260 0.000000 0.203441 0.000000 0.979087 0.503111 0.503111 0.503111
4406.842285 0.000000 273.124054 0.000000 0.209815 0.000000 0.977741 0.479069 0.479069 0.479069
4463.474609 0.000000 244.963058 0.000000 0.308006 0.000000 0.951384 0.418752 0.418752 0.418752
4395.639648 0.000000 239.109619 0.000000 0.314069 0.000000 0.949400 0.484709 0.484709 0.484709
4407.979492 0.000000 211.050171 0.000000 0.307224 0.000000 0.951637 0.418666 0.418666 0.418666
4429.275879 0.000000 258.158813 0.000000 0.233062 0.000000 0.972462 0.410625 0.410625 0.410625
4453.120605 0.000000 265.106781 0.000000 0.206562 0.000000 0.978434 0.306747 0.306747 0.306747
4409.541504 0.000000 286.643860 0.000000 0.256664 0.000000 0.966501 0.481583 0.481583 0.481583
4443.194824 0.000000 218.010559 0.000000 0.216103 0.000000 0.976371 0.470116 0.470116 0.470116
4411.022461 0.000000 218.012909 0.000000 0.196055 0.000000 0.980593 0.478336 0.478336 0.478336
4403.451172 0.000000 283.862671 0.000000 0.294139 0.000000 0.955763 0.483617 0.483617 0.483617
4414.453613 0.000000 253.772842 0.000000 0.218938 0.000000 0.975739 0.479556 0.479556 0.479556
4410.966309 0.000000 257.283569 0.000000 0.215633 0.000000 0.976475 0.479380 0.479380 0.479380
4451.564453 0.000000 271.386475 0.000000 0.324937 0.000000 0.945736 0.420614 0.420614 0.420614
4414.072754 0.000000 233.570572 0.000000 0.330146 0.000000 0.943930 0.441528 0.441528 0.441528
4440.080566 0.000000 235.209167 0.000000 0.278443 0.000000 0.960453 0.482762 0.482762 0.482762
4462.701660 0.000000 254.622681 0.000000 0.315590 0.000000 0.948896 0.419585 0.419585 0.419585
4404.327637 0.000000 214.593628 0.000000 0.229400 0.000000 0.973332 0.419428 0.419428 0.419428
4430.083496 0.000000 256.306458 0.000000 0.215002 0.000000 0.976614 0.408692 0.408692 0.408692
4463.121582 0.000000 239.956024 0.000000 0.242678 0.000000 0.970107 0.398917 0.398917 0.398917
4437.229980 0.000000 194.304962 0.000000 0.298908 0.000000 0.954282 0.417755 0.417755 0.417755
4422.014648 0.000000 256.509186 0.000000 0.295555 0.000000 0.955326 0.417389 0.417389 0.417389
4420.150879 0.000000 228.833817 0.000000 0.210088 0.000000 0.977683 0.408167 0.408167 0.408167
4445.855957 0.000000 204.984695 0.000000 0.242659 0.000000 0.970112 0.411657 0.411657 0.411657
4441.788086 0.000000 206.673447 0.000000 0.226860 0.000000 0.973927 0.389692 0.389692 0.389692
4445.616211 0.000000 260.991821 0.000000 0.198715 0.000000 0.980057 0.263909 0.263909 0.263909
4429.214844 0.000000 271.779907 0.000000 0.268662 0.000000 0.963234 0.262877 0.262877 0.262877
4438.215820 0.000000 269.560272 0.000000 0.249054 0.000000 0.968490 0.274690 0.274690 0.274690
4435.771973 0.000000 269.682129 0.000000 0.257548 0.000000 0.966266 0.276523 0.276523 0.276523
4530.887207 0.000000 216.231232 0.000000 0.224464 0.000000 0.974482 0.479852 0.479852 0.479852
4488.740234 0.000000 209.245850 0.000000 0.292295 0.000000 0.956328 0.406536 0.406536 0.406536
4465.072754 0.000000 261.655457 0.000000 0.239691 0.000000 0.970849 0.480669 0.480669 0.480669
4482.118164 0.000000 238.460968 0.000000 0.304046 0.000000 0.952657 0.484159 0.484159 0.484159
4499.742188 0.000000 207.862122 0.000000 0.324191 0.000000 0.945992 0.485266 0.485266 0.485266
4477.015137 0.000000 250.002747 0.000000 0.232363 0.000000 0.972629 0.480275 0.480275 0.480275
4463.643555 0.000000 200.983475 0.000000 0.255013 0.000000 0.966937 0.481494 0.481494 0.481494
4490.461426 0.000000 212.075653 0.000000 0.299740 0.000000 0.954021 0.412630 0.412630 0.412630
4498.494629 0.000000 218.041565 0.000000 0.208129 0.000000 0.978101 0.407958 0.407958 0.407958
4500.735840 0.000000 204.995453 0.000000 0.323342 0.000000 0.946282 0.485219 0.485219 0.485219
4464.893555 0.000000 280.496826 0.000000 0.258297 0.000000 0.966066 0.483469 0.483469 0.483469
4527.772949 0.000000 200.624588 0.000000 0.262920 0.000000 0.964818 0.395926 0.395926 0.395926
4464.140137 0.000000 247.474319 0.000000 0.266204 0.000000 0.963917 0.414197 0.414197 0.414197
4490.462891 0.000000 198.859146 0.000000 0.291164 0.000000 0.956673 0.427417 0.427417 0.427417
4503.994629 0.000000 196.072006 0.000000 0.233286 0.000000 0.972408 0.410650 0.410650 0.410650
4500.462402 0.000000 221.818085 0.000000 0.300104 0.000000 0.953906 0.417886 0.417886 0.417886
4532.650391 0.000000 197.833450 0.000000 0.289064 0.000000 0.957310 0.350021 0.350021 0.350021
4543.259277 0.000000 201.912308 0.000000 0.257012 0.000000 0.966408 0.481602 0.481602 0.481602
4561.742188 0.000000 196.916824 0.000000 0.203383 0.000000 0.979099 0.478726 0.478726 0.478726
4206.158203 0.000000 537.514221 0.000000 0.220073 0.000000 0.975483 0.411086 0.411086 0.411086
4207.275391 0.000000 542.991028 0.000000 0.222197 0.000000 0.975002 0.322549 0.322549 0.322549
4208.757812 0.000000 542.409851 0.000000 0.212078 0.000000 0.977253 0.266759 0.266759 0.266759
4305.312012 0.000000 696.748352 0.000000 0.294122 0.000000 0.955768 0.520302 0.520302 0.520302
4375.655273 0.000000 530.376099 0.000000 0.258819 0.000000 0.965926 0.397222 0.397222 0.397222
4375.444336 0.000000 533.346497 0.000000 0.221436 0.000000 0.975175 0.305765 0.305765 0.305765
4357.660156 0.000000 529.352905 0.000000 0.257135 0.000000 0.966375 0.415017 0.415017 0.415017
4371.451172 0.000000 529.247742 0.000000 0.235338 0.000000 0.971914 0.348627 0.348627 0.348627
4463.710938 0.000000 449.267303 0.000000 0.233865 0.000000 0.972269 0.529840 0.529840 0.529840
4499.763184 0.000000 418.305328 0.000000 0.313408 0.000000 0.949618 0.527651 0.527651 0.527651
4505.367188 0.000000 414.011200 0.000000 0.281418 0.000000 0.959585 0.504106 0.504106 0.504106
4517.918945 0.000000 412.056366 0.000000 0.328733 0.000000 0.944423 0.527940 0.527940 0.527940
4504.246582 0.000000 452.531464 0.000000 0.268510 0.000000 0.963277 0.526813 0.526813 0.526813
4489.121094 0.000000 424.247070 0.000000 0.265629 0.000000 0.964075 0.526760 0.526760 0.526760
4482.741699 0.000000 415.464478 0.000000 0.322645 0.000000 0.946520 0.527825 0.527825 0.527825
4501.268066 0.000000 450.127563 0.000000 0.313918 0.000000 0.949450 0.507040 0.507040 0.507040
4474.133789 0.000000 574.725708 0.000000 0.218609 0.000000 0.975812 0.412786 0.412786 0.412786
4384.938477 0.000000 641.809326 0.000000 0.315842 0.000000 0.948812 0.460788 0.460788 0.460788
4370.125488 0.000000 614.932861 0.000000 0.264154 0.000000 0.964481 0.469459 0.469459 0.469459
4370.852051 0.000000 617.693787 0.000000 0.312640 0.000000 0.949872 0.443344 0.443344 0.443344
4364.693848 0.000000 616.492065 0.000000 0.257620 0.000000 0.966246 0.303525 0.303525 0.303525
4359.029297 0.000000 682.870178 0.000000 0.226852 0.000000 0.973929 0.494721 0.494721 0.494721
4326.853027 0.000000 691.064148 0.000000 0.316173 0.000000 0.948702 0.441946 0.441946 0.441946
4361.315918 0.000000 677.933655 0.000000 0.326531 0.000000 0.945187 0.425891 0.425891 0.425891
4332.335449 0.000000 694.515564 0.000000 0.222306 0.000000 0.974977 0.426114 0.426114 0.426114
4474.240723 0.000000 624.958679 0.000000 0.223747 0.000000 0.974647 0.474272 0.474272 0.474272
4512.072754 0.000000 619.146729 0.000000 0.277252 0.000000 0.960797 0.418938 0.418938 0.418938
4496.020996 0.000000 601.527832 0.000000 0.324575 0.000000 0.945860 0.471664 0.471664 0.471664
4497.368164 0.000000 646.245605 0.000000 0.249435 0.000000 0.968391 0.397901 0.397901 0.397901
4482.660156 0.000000 582.555176 0.000000 0.238526 0.000000 0.971136 0.414865 0.414865 0.414865
4495.114746 0.000000 599.045166 0.000000 0.249474 0.000000 0.968381 0.310994 0.310994 0.310994
4497.235840 0.000000 652.126953 0.000000 0.218850 0.000000 0.975759 0.409103 0.409103 0.409103
4479.696289 0.000000 601.268433 0.000000 0.265016 0.000000 0.964244 0.417646 0.417646 0.417646
4595.548828 0.000000 655.324036 0.000000 0.317307 0.000000 0.948323 0.423201 0.423201 0.423201
4474.626465 0.000000 692.639526 0.000000 0.252132 0.000000 0.967693 0.470497 0.470497 0.470497
4480.842773 0.000000 680.020996 0.000000 0.298965 0.000000 0.954264 0.492581 0.492581 0.492581
4478.770996 0.000000 694.992798 0.000000 0.288019 0.000000 0.957625 0.420078 0.420078 0.420078
4478.745605 0.000000 709.219055 0.000000 0.211003 0.000000 0.977485 0.411994 0.411994 0.411994
4476.319824 0.000000 694.515564 0.000000 0.279317 0.000000 0.960199 0.419156 0.419156 0.419156
4503.994629 0.000000 675.993958 0.000000 0.326934 0.000000 0.945047 0.424234 0.424234 0.424234
2637.636475 0.000000 1973.052368 0.000000 0.319169 0.000000 0.947698 0.235211 0.235211 0.235211
3091.402100 0.000000 1970.903442 0.000000 0.312947 0.000000 0.949771 0.111448 0.111448 0.111448
3094.469971 0.000000 2187.124512 0.000000 0.258579 0.000000 0.965990 0.499664 0.499664 0.499664
3094.754150 0.000000 2183.150146 0.000000 0.312516 0.000000 0.949913 0.439892 0.439892 0.439892
3083.703857 0.000000 2174.476807 0.000000 0.233302 0.000000 0.972404 0.395983 0.395983 0.395983
3084.702148 0.000000 2183.067383 0.000000 0.225277 0.000000 0.974295 0.391342 0.391342 0.391342
3142.815918 0.000000 2267.056152 0.000000 0.298054 0.000000 0.954549 0.539552 0.539552 0.539552
3135.788818 0.000000 2270.676025 0.000000 0.216053 0.000000 0.976382 0.533279 0.533279 0.533279
3205.431641 0.000000 1994.772705 0.000000 0.277589 0.000000 0.960700 0.360542 0.360542 0.360542
3233.525879 0.000000 1991.421143 0.000000 0.258720 0.000000 0.965952 0.273181 0.273181 0.273181
3232.435059 0.000000 1976.212280 0.000000 0.218178 0.000000 0.975909 0.077012 0.077012 0.077012
3297.715820 0.000000 1951.980469 0.000000 0.306282 0.000000 0.951941 0.518870 0.518870 0.518870
3306.622070 0.000000 1947.178467 0.000000 0.219791 0.000000 0.975547 0.427730 0.427730 0.427730
3268.743652 0.000000 1982.620117 0.000000 0.288767 0.000000 0.957399 0.399102 0.399102 0.399102
3271.644287 0.000000 1972.158447 0.000000 0.282745 0.000000 0.959195 0.463600 0.463600 0.463600
3278.204346 0.000000 1972.596191 0.000000 0.291847 0.000000 0.956465 0.348726 0.348726 0.348726
3241.158447 0.000000 1991.659302 0.000000 0.303378 0.000000 0.952870 0.428646 0.428646 0.428646
3196.751465 0.000000 2078.604492 0.000000 0.306087 0.000000 0.952004 0.356272 0.356272 0.356272
3168.245361 0.000000 2093.288818 0.000000 0.300299 0.000000 0.953845 0.379670 0.379670 0.379670
3190.021973 0.000000 2078.736084 0.000000 0.239792 0.000000 0.970824 0.201546 0.201546 0.201546
3186.414551 0.000000 2077.034912 0.000000 0.293719 0.000000 0.955892 0.252921 0.252921 0.252921
3322.751709 0.000000 1940.436401 0.000000 0.246056 0.000000 0.969256 0.284937 0.284937 0.284937
3312.067139 0.000000 1934.887329 0.000000 0.253822 0.000000 0.967251 0.492257 0.492257 0.492257
3327.047852 0.000000 1927.295532 0.000000 0.281442 0.000000 0.959578 0.394669 0.394669 0.394669
3249.079590 0.000000 2286.347656 0.000000 0.292749 0.000000 0.956189 0.483541 0.483541 0.483541
3244.091553 0.000000 2287.018799 0.000000 0.264673 0.000000 0.964338 0.397930 0.397930 0.397930
3161.227051 0.000000 2314.265137 0.000000 0.298913 0.000000 0.954280 0.377735 0.377735 0.377735
3138.588135 0.000000 2359.758301 0.000000 0.298721 0.000000 0.954340 0.436879 0.436879 0.436879
3144.433594 0.000000 2358.351318 0.000000 0.297732 0.000000 0.954650 0.356665 0.356665 0.356665
3157.886230 0.000000 2385.236572 0.000000 0.259641 0.000000 0.965705 0.479948 0.479948 0.479948
3143.415039 0.000000 2394.427246 0.000000 0.244929 0.000000 0.969541 0.439157 0.439157 0.439157
3139.101074 0.000000 2374.319336 0.000000 0.269488 0.000000 0.963004 0.291581 0.291581 0.291581
3153.889648 0.000000 2360.990479 0.000000 0.206922 0.000000 0.978358 0.364804 0.364804 0.364804
3148.196289 0.000000 2354.462158 0.000000 0.206641 0.000000 0.978417 0.207595 0.207595 0.207595
3153.547363 0.000000 2352.860352 0.000000 0.297659 0.000000 0.954672 0.377556 0.377556 0.377556
3139.732666 0.000000 2392.447510 0.000000 0.300491 0.000000 0.953785 0.377960 0.377960 0.377960
3140.969482 0.000000 2363.828857 0.000000 0.297071 0.000000 0.954855 0.377472 0.377472 0.377472
3138.133057 0.000000 2371.134766 0.000000 0.274826 0.000000 0.961494 0.326403 0.326403 0.326403
3147.502930 0.000000 2387.407471 0.000000 0.238903 0.000000 0.971043 0.144712 0.144712 0.144712
3120.975830 0.000000 2328.423340 0.000000 0.224679 0.000000 0.974433 0.361739 0.361739 0.361739
3152.295654 0.000000 2361.929688 0.000000 0.253846 0.000000 0.967245 0.371359 0.371359 0.371359
3165.908447 0.000000 2350.477539 0.000000 0.299570 0.000000 0.954074 0.395219 0.395219 0.395219
3162.289795 0.000000 2351.476318 0.000000 0.309915 0.000000 0.950764 0.379305 0.379305 0.379305
3147.583984 0.000000 2352.951172 0.000000 0.266944 0.000000 0.963712 0.373204 0.373204 0.373204
3138.276855 0.000000 2375.760742 0.000000 0.199557 0.000000 0.979886 0.277255 0.277255 0.277255
3137.906738 0.000000 2382.791504 0.000000 0.239700 0.000000 0.970847 0.254432 0.254432 0.254432
3135.058105 0.000000 2336.324463 0.000000 0.245699 0.000000 0.969346 0.203143 0.203143 0.203143
3121.750732 0.000000 2335.664795 0.000000 0.231754 0.000000 0.972775 0.081891 0.081891 0.081891
3149.061768 0.000000 2397.113281 0.000000 0.313244 0.000000 0.949673 0.111557 0.111557 0.111557
3122.383301 0.000000 2333.728760 0.000000 0.207661 0.000000 0.978201 0.073244 0.073244 0.073244
3124.711426 0.000000 2328.875488 0.000000 0.204270 0.000000 0.978915 0.158252 0.158252 0.158252
3123.803467 0.000000 2323.714844 0.000000 0.198312 0.000000 0.980139 0.069900 0.069900 0.069900
3147.566650 0.000000 2386.293945 0.000000 0.196117 0.000000 0.980580 0.131349 0.131349 0.131349
3134.685547 0.000000 2423.014160 0.000000 0.254274 0.000000 0.967132 0.371420 0.371420 0.371420
3131.644531 0.000000 2401.363770 0.000000 0.225970 0.000000 0.974134 0.312140 0.312140 0.312140
3134.797119 0.000000 2405.374756 0.000000 0.206163 0.000000 0.978518 0.495720 0.495720 0.495720
3121.626221 0.000000 2408.421387 0.000000 0.242309 0.000000 0.970199 0.517226 0.517226 0.517226
3138.108154 0.000000 2403.197021 0.000000 0.234775 0.000000 0.972050 0.368686 0.368686 0.368686
3121.433594 0.000000 2459.838867 0.000000 0.217382 0.000000 0.976087 0.394098 0.394098 0.394098
3137.775635 0.000000 2458.009033 0.000000 0.223792 0.000000 0.974637 0.367152 0.367152 0.367152
3116.961426 0.000000 2460.000488 0.000000 0.253363 0.000000 0.967371 0.411005 0.411005 0.411005
3130.690674 0.000000 2413.976318 0.000000 0.301297 0.000000 0.953530 0.431910 0.431910 0.431910
3129.200684 0.000000 2451.596436 0.000000 0.316875 0.000000 0.948467 0.380301 0.380301 0.380301
3152.622803 0.000000 2438.133545 0.000000 0.315742 0.000000 0.948845 0.364697 0.364697 0.364697
3126.265381 0.000000 2506.857666 0.000000 0.275295 0.000000 0.961360 0.399218 0.399218 0.399218
3220.274658 0.000000 2369.599609 0.000000 0.262711 0.000000 0.964875 0.498036 0.498036 0.498036
3203.636719 0.000000 2305.379395 0.000000 0.216762 0.000000 0.976224 0.503579 0.503579 0.503579
3183.649658 0.000000 2313.617920 0.000000 0.202141 0.000000 0.979357 0.198930 0.198930 0.198930
3223.833984 0.000000 2364.874512 0.000000 0.326985 0.000000 0.945029 0.424239 0.424239 0.424239
3206.677734 0.000000 2423.014160 0.000000 0.276724 0.000000 0.960949 0.367498 0.367498 0.367498
3190.457764 0.000000 2428.345703 0.000000 0.214495 0.000000 0.976725 0.462578 0.462578 0.462578
4513.039551 0.000000 1689.280640 0.000000 0.313463 0.000000 0.949601 0.410756 0.410756 0.410756
4469.500977 0.000000 1726.795166 0.000000 0.225211 0.000000 0.974310 0.356280 0.356280 0.356280
4533.890137 0.000000 1705.110107 0.000000 0.287299 0.000000 0.957841 0.333922 0.333922 0.333922
4469.474609 0.000000 1721.848633 0.000000 0.301661 0.000000 0.953415 0.303474 0.303474 0.303474
4509.583008 0.000000 1726.702759 0.000000 0.264531 0.000000 0.964377 0.145627 0.145627 0.145627
4530.342285 0.000000 1704.738525 0.000000 0.210592 0.000000 0.977574 0.316810 0.316810 0.316810
4507.660156 0.000000 1681.370850 0.000000 0.313711 0.000000 0.949519 0.278444 0.278444 0.278444
4474.269043 0.000000 1721.831787 0.000000 0.280267 0.000000 0.959922 0.253177 0.253177 0.253177
4475.584473 0.000000 1717.115723 0.000000 0.268991 0.000000 0.963143 0.205899 0.205899 0.205899
4443.684082 0.000000 1804.236572 0.000000 0.258683 0.000000 0.965962 0.174306 0.174306 0.174306
4447.389160 0.000000 1790.933716 0.000000 0.272613 0.000000 0.962124 0.349116 0.349116 0.349116
4425.611328 0.000000 1821.238281 0.000000 0.241089 0.000000 0.970503 0.132641 0.132641 0.132641
4443.060059 0.000000 1823.911377 0.000000 0.267804 0.000000 0.963473 0.310864 0.310864 0.310864
4496.169922 0.000000 1755.827148 0.000000 0.240980 0.000000 0.970530 0.149010 0.149010 0.149010
4534.031738 0.000000 1732.363037 0.000000 0.200390 0.000000 0.979716 0.283064 0.283064 0.283064
4486.403809 0.000000 1778.889404 0.000000 0.283813 0.000000 0.958880 0.199416 0.199416 0.199416
4506.510742 0.000000 1737.734009 0.000000 0.224728 0.000000 0.974422 0.208558 0.208558 0.208558
4472.312012 0.000000 1777.037842 0.000000 0.245827 0.000000 0.969314 0.353891 0.353891 0.353891
4476.435059 0.000000 1801.236816 0.000000 0.246818 0.000000 0.969062 0.203446 0.203446 0.203446
4478.793457 0.000000 1801.009155 0.000000 0.321170 0.000000 0.947022 0.360422 0.360422 0.360422
4513.082031 0.000000 1746.830322 0.000000 0.198824 0.000000 0.980035 0.239466 0.239466 0.239466
4473.062500 0.000000 1775.786621 0.000000 0.318234 0.000000 0.948012 0.306873 0.306873 0.306873
4514.199219 0.000000 1737.166870 0.000000 0.281731 0.000000 0.959493 0.211176 0.211176 0.211176
4490.507812 0.000000 1772.631836 0.000000 0.300612 0.000000 0.953746 0.228543 0.228543 0.228543
4503.684082 0.000000 1742.575684 0.000000 0.221860 0.000000 0.975079 0.176367 0.176367 0.176367
4491.198730 0.000000 1776.253052 0.000000 0.316838 0.000000 0.948480 0.157452 0.157452 0.157452
4464.816406 0.000000 1813.322754 0.000000 0.303214 0.000000 0.952922 0.191091 0.191091 0.191091
4494.072266 0.000000 1751.345947 0.000000 0.243861 0.000000 0.969810 0.195372 0.195372 0.195372
4490.733398 0.000000 1777.287231 0.000000 0.252063 0.000000 0.967711 0.136201 0.136201 0.136201
4466.297852 0.000000 1788.462524 0.000000 0.236686 0.000000 0.971586 0.125729 0.125729 0.125729
4612.963379 0.000000 157.718048 0.000000 0.290145 0.000000 0.956983 0.483399 0.483399 0.483399
4624.314941 0.000000 135.333298 0.000000 0.238846 0.000000 0.971058 0.480623 0.480623 0.480623
4627.623535 0.000000 154.572388 0.000000 0.213860 0.000000 0.976864 0.479285 0.479285 0.479285
4619.596191 0.000000 158.177856 0.000000 0.291850 0.000000 0.956464 0.483492 0.483492 0.483492
4630.239746 0.000000 524.312439 0.000000 0.207734 0.000000 0.978185 0.411655 0.411655 0.411655
4871.432617 0.000000 724.136536 0.000000 0.262916 0.000000 0.964819 0.431757 0.431757 0.431757
4987.714844 0.000000 763.852478 0.000000 0.253270 0.000000 0.967396 0.416410 0.416410 0.416410
5016.937012 0.000000 744.519836 0.000000 0.270888 0.000000 0.962611 0.473451 0.473451 0.473451
5012.870117 0.000000 744.712952 0.000000 0.259688 0.000000 0.965693 0.417085 0.417085 0.417085
4918.208496 0.000000 1292.187500 0.000000 0.250588 0.000000 0.968094 0.540955 0.540955 0.540955
4944.366211 0.000000 1280.291138 0.000000 0.223184 0.000000 0.974776 0.529674 0.529674 0.529674
4953.765625 0.000000 1285.349976 0.000000 0.215501 0.000000 0.976504 0.523979 0.523979 0.523979
4958.963867 0.000000 1290.849487 0.000000 0.250988 0.000000 0.967990 0.497553 0.497553 0.497553
7733.894043 0.000000 479.032288 0.000000 0.210494 0.000000 0.977595 0.471642 0.471642 0.471642
7853.488281 0.000000 532.960388 0.000000 0.198884 0.000000 0.980023 0.478486 0.478486 0.478486
7900.948242 0.000000 596.871338 0.000000 0.216434 0.000000 0.976297 0.479422 0.479422 0.479422
7878.497559 0.000000 581.561951 0.000000 0.314374 0.000000 0.949299 0.484726 0.484726 0.484726
7908.161133 0.000000 613.144897 0.000000 0.252749 0.000000 0.967532 0.481372 0.481372 0.481372
"}
object={
	name="tree_swamp_01_generator_1_2"
	render_pass=Map
	clamp_to_water_level=no
	generated_content=yes
	layer="tree_high_layer"
	pdxmesh="tree_swamp_01_c_mesh"
	count=2955
	transform="4025.927734 0.000000 274.859863 0.000000 0.878412 0.000000 0.477905 0.499371 0.499371 0.499371
4018.387207 0.000000 285.253235 0.000000 0.549319 0.000000 0.835613 0.472575 0.472575 0.472575
3985.175781 0.000000 232.278305 0.000000 0.712546 0.000000 0.701625 0.516897 0.516897 0.516897
4028.503906 0.000000 270.715546 0.000000 0.788347 0.000000 0.615231 0.482666 0.482666 0.482666
4022.995361 0.000000 278.830811 0.000000 0.860531 0.000000 0.509399 0.485417 0.485417 0.485417
4021.310547 0.000000 253.402405 0.000000 0.867148 0.000000 0.498050 0.495594 0.495594 0.495594
3994.758301 0.000000 222.800156 0.000000 0.796480 0.000000 0.604664 0.484020 0.484020 0.484020
4020.152832 0.000000 249.108109 0.000000 0.551286 0.000000 0.834316 0.449722 0.449722 0.449722
3997.982910 0.000000 223.014801 0.000000 0.361335 0.000000 0.932436 0.432905 0.432905 0.432905
3990.437256 0.000000 240.008713 0.000000 0.450335 0.000000 0.892860 0.437858 0.437858 0.437858
3998.594727 0.000000 239.427979 0.000000 0.990887 0.000000 -0.134697 0.563728 0.563728 0.563728
3992.938965 0.000000 238.766403 0.000000 0.998510 0.000000 -0.054564 0.561019 0.561019 0.561019
4022.301758 0.000000 247.856583 0.000000 0.994899 0.000000 -0.100873 0.560267 0.560267 0.560267
4027.373779 0.000000 258.572754 0.000000 0.390402 0.000000 0.920644 0.443994 0.443994 0.443994
4027.983643 0.000000 268.254089 0.000000 0.990408 0.000000 0.138175 0.535915 0.535915 0.535915
4023.212891 0.000000 281.243378 0.000000 0.660143 0.000000 0.751140 0.463654 0.463654 0.463654
4026.482910 0.000000 255.981201 0.000000 0.996075 0.000000 -0.088518 0.556937 0.556937 0.556937
3991.936768 0.000000 231.009796 0.000000 0.447105 0.000000 0.894482 0.324982 0.324982 0.324982
4018.648438 0.000000 282.947632 0.000000 0.926099 0.000000 0.377281 0.519722 0.519722 0.519722
3995.470215 0.000000 234.987869 0.000000 0.866158 0.000000 0.499770 0.485327 0.485327 0.485327
3994.976318 0.000000 220.656601 0.000000 0.999799 0.000000 0.020049 0.547963 0.547963 0.547963
4026.557617 0.000000 270.055145 0.000000 0.999998 0.000000 0.001973 0.549800 0.549800 0.549800
3989.601807 0.000000 234.713882 0.000000 0.624490 0.000000 0.781033 0.446618 0.446618 0.446618
3991.545898 0.000000 235.464874 0.000000 0.566964 0.000000 0.823742 0.410441 0.410441 0.410441
4028.034668 0.000000 274.912598 0.000000 0.771282 0.000000 0.636494 0.479895 0.479895 0.479895
3993.435547 0.000000 233.931015 0.000000 0.936717 0.000000 0.350087 0.481245 0.481245 0.481245
4026.431152 0.000000 266.637695 0.000000 0.351757 0.000000 0.936091 0.426915 0.426915 0.426915
3993.143555 0.000000 221.729187 0.000000 0.956115 0.000000 0.292992 0.519786 0.519786 0.519786
3991.660156 0.000000 237.285538 0.000000 0.886415 0.000000 0.462891 0.462773 0.462773 0.462773
4020.870361 0.000000 255.896729 0.000000 0.995767 0.000000 -0.091914 0.562386 0.562386 0.562386
3995.046875 0.000000 236.639771 0.000000 0.509570 0.000000 0.860429 0.362206 0.362206 0.362206
3992.672119 0.000000 232.494247 0.000000 0.712495 0.000000 0.701677 0.400490 0.400490 0.400490
3993.653320 0.000000 237.404816 0.000000 0.999398 0.000000 0.034695 0.542519 0.542519 0.542519
3992.208984 0.000000 234.336594 0.000000 0.989357 0.000000 0.145506 0.518721 0.518721 0.518721
4027.204834 0.000000 292.918396 0.000000 0.800960 0.000000 0.598717 0.485658 0.485658 0.485658
4028.163574 0.000000 290.626495 0.000000 0.996846 0.000000 -0.079355 0.558072 0.558072 0.558072
4031.614258 0.000000 272.149536 0.000000 0.555657 0.000000 0.831412 0.524390 0.524390 0.524390
4042.673584 0.000000 308.701996 0.000000 0.969044 0.000000 0.246887 0.527735 0.527735 0.527735
4040.484131 0.000000 315.557892 0.000000 0.658463 0.000000 0.752613 0.463427 0.463427 0.463427
4047.099609 0.000000 319.178741 0.000000 0.370731 0.000000 0.928740 0.433889 0.433889 0.433889
4039.682861 0.000000 312.054382 0.000000 0.935904 0.000000 0.352256 0.513422 0.513422 0.513422
4045.648438 0.000000 313.891327 0.000000 0.952530 0.000000 0.304444 0.516443 0.516443 0.516443
4040.171631 0.000000 309.366364 0.000000 0.993890 0.000000 -0.110375 0.559871 0.559871 0.559871
4046.457520 0.000000 317.066681 0.000000 0.580774 0.000000 0.814065 0.453357 0.453357 0.453357
4031.651611 0.000000 290.635742 0.000000 0.999082 0.000000 -0.042846 0.554355 0.554355 0.554355
4041.326904 0.000000 313.353424 0.000000 0.761045 0.000000 0.648699 0.478277 0.478277 0.478277
4039.432129 0.000000 313.933868 0.000000 0.794098 0.000000 0.607789 0.483621 0.483621 0.483621
4045.756104 0.000000 315.533905 0.000000 0.908004 0.000000 0.418962 0.463335 0.463335 0.463335
4461.446289 0.000000 93.349548 0.000000 0.669072 0.000000 0.743197 0.506283 0.506283 0.506283
4458.163574 0.000000 88.775688 0.000000 0.901511 0.000000 0.432756 0.530950 0.530950 0.530950
4452.793945 0.000000 90.048889 0.000000 0.995383 0.000000 0.095984 0.546172 0.546172 0.546172
4462.258301 0.000000 90.320129 0.000000 0.569640 0.000000 0.821894 0.499663 0.499663 0.499663
4384.938477 0.000000 161.887390 0.000000 0.840130 0.000000 0.542385 0.520088 0.520088 0.520088
4389.454102 0.000000 189.333923 0.000000 0.999149 0.000000 -0.041245 0.551926 0.551926 0.551926
4388.464844 0.000000 174.731171 0.000000 0.953941 0.000000 0.299993 0.534521 0.534521 0.534521
4388.507812 0.000000 152.503937 0.000000 0.890235 0.000000 0.455501 0.525323 0.525323 0.525323
4381.271484 0.000000 157.418015 0.000000 0.541323 0.000000 0.840815 0.514343 0.514343 0.514343
4390.266113 0.000000 186.304504 0.000000 0.669346 0.000000 0.742951 0.506303 0.506303 0.506303
4390.613281 0.000000 167.477997 0.000000 0.484533 0.000000 0.874773 0.494432 0.494432 0.494432
4386.579590 0.000000 154.908447 0.000000 0.531474 0.000000 0.847074 0.497277 0.497277 0.497277
4382.613770 0.000000 160.029510 0.000000 0.700034 0.000000 0.714110 0.508500 0.508500 0.508500
4402.302734 0.000000 151.144608 0.000000 0.955687 0.000000 0.294386 0.540563 0.540563 0.540563
4447.840332 0.000000 116.046875 0.000000 0.380226 0.000000 0.924894 0.488391 0.488391 0.488391
4457.523926 0.000000 98.566605 0.000000 0.431430 0.000000 0.902146 0.491315 0.491315 0.491315
4393.212891 0.000000 187.397034 0.000000 0.952282 0.000000 0.305218 0.533816 0.533816 0.533816
4429.025391 0.000000 150.949844 0.000000 0.597532 0.000000 0.801845 0.492512 0.492512 0.492512
4411.268066 0.000000 158.297302 0.000000 0.901249 0.000000 0.433301 0.526616 0.526616 0.526616
4458.122070 0.000000 137.345856 0.000000 0.622773 0.000000 0.782403 0.503117 0.503117 0.503117
4437.176758 0.000000 133.603363 0.000000 1.000000 0.000000 0.000986 0.549949 0.549949 0.549949
4431.648438 0.000000 159.019592 0.000000 0.801478 0.000000 0.598025 0.516552 0.516552 0.516552
4444.951660 0.000000 149.009277 0.000000 0.906969 0.000000 0.421198 0.527315 0.527315 0.527315
4433.375000 0.000000 126.058052 0.000000 0.504901 0.000000 0.863177 0.495655 0.495655 0.495655
4414.324707 0.000000 124.720566 0.000000 0.987580 0.000000 -0.157118 0.558232 0.558232 0.558232
4427.017578 0.000000 136.844757 0.000000 0.646901 0.000000 0.762574 0.504747 0.504747 0.504747
4452.709473 0.000000 111.974792 0.000000 0.864908 0.000000 0.501930 0.522563 0.522563 0.522563
4457.086426 0.000000 106.624306 0.000000 0.957854 0.000000 0.287255 0.534797 0.534797 0.534797
4417.314941 0.000000 159.105072 0.000000 0.553940 0.000000 0.832556 0.498672 0.498672 0.498672
4453.309570 0.000000 118.425331 0.000000 0.754776 0.000000 0.655983 0.512668 0.512668 0.512668
4456.681152 0.000000 142.965637 0.000000 0.759021 0.000000 0.651066 0.513007 0.513007 0.513007
4452.386230 0.000000 100.735886 0.000000 0.827208 0.000000 0.561896 0.540168 0.540168 0.540168
4408.108887 0.000000 162.725250 0.000000 0.998031 0.000000 0.062718 0.546725 0.546725 0.546725
4462.963379 0.000000 116.528091 0.000000 0.965112 0.000000 0.261838 0.532539 0.532539 0.532539
4415.115234 0.000000 154.442184 0.000000 0.894771 0.000000 0.446526 0.525848 0.525848 0.525848
4442.117676 0.000000 135.010925 0.000000 0.573608 0.000000 0.819130 0.499915 0.499915 0.499915
4437.412109 0.000000 139.758026 0.000000 0.876941 0.000000 0.480598 0.523841 0.523841 0.523841
4460.447754 0.000000 132.617935 0.000000 0.350964 0.000000 0.936389 0.486750 0.486750 0.486750
4427.887207 0.000000 155.789474 0.000000 0.839976 0.000000 0.542624 0.520073 0.520073 0.520073
4435.368164 0.000000 120.360474 0.000000 0.537479 0.000000 0.843277 0.497647 0.497647 0.497647
4449.810547 0.000000 150.391785 0.000000 0.992892 0.000000 0.119022 0.543775 0.543775 0.543775
4421.157715 0.000000 162.240326 0.000000 0.999958 0.000000 0.009116 0.549524 0.549524 0.549524
4391.607422 0.000000 181.975159 0.000000 0.997425 0.000000 0.071713 0.546255 0.546255 0.546255
4449.590820 0.000000 128.277222 0.000000 0.987042 0.000000 0.160461 0.541591 0.541591 0.541591
4462.039551 0.000000 100.628571 0.000000 0.510116 0.000000 0.860106 0.495971 0.495971 0.495971
4454.730957 0.000000 149.356812 0.000000 0.994973 0.000000 0.100145 0.544766 0.544766 0.544766
4412.132324 0.000000 165.922729 0.000000 0.822590 0.000000 0.568635 0.518440 0.518440 0.518440
4410.749512 0.000000 127.511330 0.000000 0.949593 0.000000 0.313484 0.533363 0.533363 0.533363
4406.842285 0.000000 177.139679 0.000000 0.872781 0.000000 0.488113 0.523393 0.523393 0.523393
4412.496582 0.000000 150.781174 0.000000 0.698021 0.000000 0.716077 0.508353 0.508353 0.508353
4406.467285 0.000000 148.817032 0.000000 0.635669 0.000000 0.771962 0.503983 0.503983 0.503983
4454.062012 0.000000 191.737305 0.000000 0.994019 0.000000 -0.109211 0.555710 0.555710 0.555710
4432.774414 0.000000 174.017532 0.000000 0.996985 0.000000 -0.077600 0.554480 0.554480 0.554480
4441.198242 0.000000 158.860596 0.000000 0.453248 0.000000 0.891384 0.516759 0.516759 0.516759
4436.117188 0.000000 129.317108 0.000000 0.796001 0.000000 0.605296 0.516077 0.516077 0.516077
4463.474609 0.000000 148.978683 0.000000 0.930318 0.000000 0.366754 0.527313 0.527313 0.527313
4440.206543 0.000000 175.837646 0.000000 0.824238 0.000000 0.566243 0.516112 0.516112 0.516112
4442.049805 0.000000 165.878632 0.000000 0.537177 0.000000 0.843469 0.497629 0.497629 0.497629
4452.547852 0.000000 141.626862 0.000000 0.569772 0.000000 0.821803 0.499671 0.499671 0.499671
4435.296875 0.000000 143.505463 0.000000 0.996561 0.000000 0.082867 0.545330 0.545330 0.545330
4421.690918 0.000000 117.134224 0.000000 0.920396 0.000000 0.390988 0.529040 0.529040 0.529040
4419.319824 0.000000 154.071228 0.000000 0.962537 0.000000 0.271151 0.535673 0.535673 0.535673
4456.457520 0.000000 102.448219 0.000000 0.973239 0.000000 0.229796 0.537902 0.537902 0.537902
4391.673340 0.000000 156.996155 0.000000 0.749698 0.000000 0.661780 0.512265 0.512265 0.512265
4460.645508 0.000000 96.027962 0.000000 0.741495 0.000000 0.670959 0.511623 0.511623 0.511623
4457.031250 0.000000 116.653404 0.000000 0.966635 0.000000 0.256159 0.536484 0.536484 0.536484
4455.387695 0.000000 122.067047 0.000000 0.857570 0.000000 0.514367 0.521810 0.521810 0.521810
4420.940430 0.000000 147.249054 0.000000 0.844932 0.000000 0.534874 0.520553 0.520553 0.520553
4402.419922 0.000000 169.875641 0.000000 0.658383 0.000000 0.752683 0.505538 0.505538 0.505538
4424.421387 0.000000 188.651062 0.000000 0.976526 0.000000 0.215399 0.538672 0.538672 0.538672
4444.127441 0.000000 127.475647 0.000000 0.986653 0.000000 0.162835 0.541466 0.541466 0.541466
4458.108398 0.000000 129.612488 0.000000 0.998973 0.000000 0.045308 0.547635 0.547635 0.547635
4442.142090 0.000000 181.350143 0.000000 0.721184 0.000000 0.692744 0.510069 0.510069 0.510069
4428.384766 0.000000 147.385529 0.000000 0.759258 0.000000 0.650790 0.503295 0.503295 0.503295
4425.645020 0.000000 133.421967 0.000000 0.938100 0.000000 0.346363 0.531545 0.531545 0.531545
4402.743164 0.000000 176.752716 0.000000 0.683978 0.000000 0.729503 0.507340 0.507340 0.507340
4395.850098 0.000000 185.055222 0.000000 0.909013 0.000000 0.416768 0.527569 0.527569 0.527569
4447.181152 0.000000 152.795532 0.000000 0.883761 0.000000 0.467938 0.524592 0.524592 0.524592
4435.723145 0.000000 164.363556 0.000000 0.868752 0.000000 0.495247 0.522966 0.522966 0.522966
4462.503906 0.000000 113.076385 0.000000 0.997797 0.000000 -0.066336 0.554375 0.554375 0.554375
4441.881836 0.000000 131.589493 0.000000 0.393357 0.000000 0.919386 0.489134 0.489134 0.489134
4428.888184 0.000000 165.737442 0.000000 0.997628 0.000000 -0.068842 0.553595 0.553595 0.553595
4432.282715 0.000000 149.534286 0.000000 0.825084 0.000000 0.565010 0.502181 0.502181 0.502181
4411.022461 0.000000 122.028519 0.000000 0.879028 0.000000 0.476770 0.524069 0.524069 0.524069
4433.902344 0.000000 161.502945 0.000000 0.453658 0.000000 0.891176 0.492608 0.492608 0.492608
4449.229980 0.000000 112.580780 0.000000 0.999995 0.000000 0.003190 0.549834 0.549834 0.549834
4418.469238 0.000000 116.091263 0.000000 0.587198 0.000000 0.809444 0.500786 0.500786 0.500786
4442.918945 0.000000 177.664154 0.000000 0.423570 0.000000 0.905863 0.490861 0.490861 0.490861
4411.010254 0.000000 170.467285 0.000000 0.386002 0.000000 0.922498 0.488717 0.488717 0.488717
4403.451172 0.000000 187.878296 0.000000 0.677949 0.000000 0.735108 0.517116 0.517116 0.517116
4432.631348 0.000000 109.861099 0.000000 0.904380 0.000000 0.426727 0.528812 0.528812 0.528812
4422.390137 0.000000 144.024323 0.000000 0.885018 0.000000 0.465557 0.524732 0.524732 0.524732
4457.507812 0.000000 151.325958 0.000000 0.965302 0.000000 0.261135 0.536215 0.536215 0.536215
4404.842773 0.000000 162.573685 0.000000 0.999990 0.000000 0.004421 0.549769 0.549769 0.549769
4419.971680 0.000000 130.994980 0.000000 0.937087 0.000000 0.349095 0.531393 0.531393 0.531393
4420.618652 0.000000 158.916931 0.000000 0.945397 0.000000 0.325922 0.532678 0.532678 0.532678
4462.000977 0.000000 119.646942 0.000000 0.777260 0.000000 0.629180 0.506084 0.506084 0.506084
4442.061035 0.000000 125.068283 0.000000 0.999152 0.000000 0.041167 0.547399 0.547399 0.547399
4413.597168 0.000000 174.315765 0.000000 0.991181 0.000000 0.132516 0.543065 0.543065 0.543065
4409.038574 0.000000 185.698090 0.000000 0.877335 0.000000 0.479878 0.528695 0.528695 0.528695
4403.393555 0.000000 148.157120 0.000000 0.931632 0.000000 0.363402 0.530594 0.530594 0.530594
4438.450684 0.000000 170.231628 0.000000 0.421355 0.000000 0.906896 0.482935 0.482935 0.482935
4428.766602 0.000000 133.795685 0.000000 0.360393 0.000000 0.932800 0.487277 0.487277 0.487277
4409.408691 0.000000 149.912750 0.000000 0.411043 0.000000 0.911616 0.490142 0.490142 0.490142
4422.307129 0.000000 186.331940 0.000000 0.480514 0.000000 0.876987 0.494193 0.494193 0.494193
4416.796875 0.000000 181.863083 0.000000 0.951895 0.000000 0.306425 0.533750 0.533750 0.533750
4460.012207 0.000000 117.193321 0.000000 0.969040 0.000000 0.246904 0.533899 0.533899 0.533899
4410.966309 0.000000 161.299194 0.000000 0.387112 0.000000 0.922033 0.488780 0.488780 0.488780
4451.324219 0.000000 130.686066 0.000000 0.986598 0.000000 -0.163171 0.558552 0.558552 0.558552
4426.502441 0.000000 122.057175 0.000000 0.444662 0.000000 0.895698 0.492083 0.492083 0.492083
4407.065430 0.000000 142.275208 0.000000 0.353976 0.000000 0.935255 0.486918 0.486918 0.486918
4437.343750 0.000000 151.497498 0.000000 0.898358 0.000000 0.439265 0.524397 0.524397 0.524397
4437.621582 0.000000 158.175278 0.000000 0.680154 0.000000 0.733069 0.507067 0.507067 0.507067
4434.581543 0.000000 132.032379 0.000000 0.980244 0.000000 0.197791 0.539611 0.539611 0.539611
4458.250977 0.000000 145.534256 0.000000 0.768782 0.000000 0.639511 0.513796 0.513796 0.513796
4423.133789 0.000000 165.886200 0.000000 0.929150 0.000000 0.369704 0.530241 0.530241 0.530241
4454.605957 0.000000 160.029510 0.000000 0.998546 0.000000 0.053913 0.546741 0.546741 0.546741
4419.041504 0.000000 177.313354 0.000000 0.562626 0.000000 0.826712 0.499219 0.499219 0.499219
4449.979492 0.000000 118.019966 0.000000 0.986141 0.000000 0.165911 0.539243 0.539243 0.539243
4418.384766 0.000000 133.648560 0.000000 0.723905 0.000000 0.689900 0.510274 0.510274 0.510274
4402.248535 0.000000 145.036758 0.000000 0.824050 0.000000 0.566517 0.518575 0.518575 0.518575
4392.546875 0.000000 179.098572 0.000000 0.999276 0.000000 -0.038044 0.551986 0.551986 0.551986
4440.999512 0.000000 168.613525 0.000000 0.543885 0.000000 0.839160 0.498045 0.498045 0.498045
4400.249512 0.000000 158.106979 0.000000 0.907951 0.000000 0.419076 0.527437 0.527437 0.527437
4435.219238 0.000000 123.507698 0.000000 0.987135 0.000000 -0.159887 0.558379 0.558379 0.558379
4440.125488 0.000000 116.411942 0.000000 0.970743 0.000000 0.240120 0.537347 0.537347 0.537347
4429.480957 0.000000 140.074036 0.000000 0.985539 0.000000 0.169451 0.541116 0.541116 0.541116
4415.301758 0.000000 151.575348 0.000000 0.730702 0.000000 0.682697 0.510791 0.510791 0.510791
4435.211914 0.000000 149.261963 0.000000 0.998279 0.000000 -0.058649 0.554190 0.554190 0.554190
4459.158203 0.000000 100.949638 0.000000 0.432566 0.000000 0.901603 0.491380 0.491380 0.491380
4392.901367 0.000000 184.512451 0.000000 0.633950 0.000000 0.773374 0.503867 0.503867 0.503867
4417.292969 0.000000 156.213608 0.000000 0.752474 0.000000 0.658622 0.512485 0.512485 0.512485
4424.892090 0.000000 142.782013 0.000000 0.336186 0.000000 0.941796 0.485929 0.485929 0.485929
4417.846680 0.000000 186.046265 0.000000 0.994075 0.000000 0.108697 0.544317 0.544317 0.544317
4391.666504 0.000000 189.859268 0.000000 0.514797 0.000000 0.857312 0.496256 0.496256 0.496256
4454.983887 0.000000 99.712593 0.000000 0.971060 0.000000 0.238838 0.537416 0.537416 0.537416
4405.083496 0.000000 151.290405 0.000000 0.868398 0.000000 0.495868 0.522928 0.522928 0.522928
4446.899902 0.000000 127.770920 0.000000 0.841536 0.000000 0.540201 0.520223 0.520223 0.520223
4440.080566 0.000000 139.224792 0.000000 0.589650 0.000000 0.807659 0.500944 0.500944 0.500944
4403.619629 0.000000 158.177856 0.000000 0.877370 0.000000 0.479815 0.523888 0.523888 0.523888
4454.218750 0.000000 115.858116 0.000000 0.988865 0.000000 0.148815 0.542206 0.542206 0.542206
4445.323242 0.000000 116.949387 0.000000 0.936032 0.000000 0.351914 0.531236 0.531236 0.531236
4444.396973 0.000000 133.582031 0.000000 0.760945 0.000000 0.648817 0.513161 0.513161 0.513161
4455.867676 0.000000 119.326614 0.000000 0.743915 0.000000 0.668275 0.511812 0.511812 0.511812
4424.669922 0.000000 176.453339 0.000000 0.942912 0.000000 0.333043 0.532284 0.532284 0.532284
4425.333496 0.000000 157.038055 0.000000 0.898138 0.000000 0.439715 0.526244 0.526244 0.526244
4428.072754 0.000000 179.741180 0.000000 0.581998 0.000000 0.813190 0.499147 0.499147 0.499147
4459.047363 0.000000 166.908432 0.000000 0.973276 0.000000 0.229640 0.537910 0.537910 0.537910
4397.195312 0.000000 166.389404 0.000000 0.473567 0.000000 0.880758 0.493780 0.493780 0.493780
4447.060059 0.000000 133.499893 0.000000 0.993115 0.000000 -0.117140 0.556126 0.556126 0.556126
4400.954590 0.000000 174.691101 0.000000 0.996533 0.000000 -0.083196 0.554346 0.554346 0.554346
4405.543945 0.000000 160.016663 0.000000 0.733764 0.000000 0.679405 0.511026 0.511026 0.511026
4460.775879 0.000000 138.605072 0.000000 0.996770 0.000000 0.080308 0.545474 0.545474 0.545474
4434.752441 0.000000 139.873520 0.000000 0.879780 0.000000 0.475381 0.524151 0.524151 0.524151
4411.238770 0.000000 173.140656 0.000000 0.784332 0.000000 0.620342 0.515084 0.515084 0.515084
4445.874512 0.000000 177.241608 0.000000 0.900036 0.000000 0.435816 0.526471 0.526471 0.526471
4404.164551 0.000000 142.154709 0.000000 0.995003 0.000000 -0.099844 0.555218 0.555218 0.555218
4446.566895 0.000000 155.309540 0.000000 0.494272 0.000000 0.869307 0.495015 0.495015 0.495015
4433.228516 0.000000 171.475800 0.000000 0.971326 0.000000 0.237753 0.536815 0.536815 0.536815
4418.098633 0.000000 129.191696 0.000000 0.816908 0.000000 0.576768 0.517923 0.517923 0.517923
4444.762207 0.000000 166.179153 0.000000 0.475500 0.000000 0.879716 0.482083 0.482083 0.482083
4439.979492 0.000000 133.523163 0.000000 0.394868 0.000000 0.918738 0.489220 0.489220 0.489220
4392.112793 0.000000 173.601166 0.000000 0.696047 0.000000 0.717997 0.508210 0.508210 0.508210
4452.536133 0.000000 133.222977 0.000000 0.961004 0.000000 0.276534 0.535380 0.535380 0.535380
4442.344238 0.000000 174.252167 0.000000 0.999519 0.000000 0.031008 0.548382 0.548382 0.548382
4460.642578 0.000000 114.789291 0.000000 0.893628 0.000000 0.448808 0.519324 0.519324 0.519324
4447.196289 0.000000 167.139267 0.000000 0.992267 0.000000 0.124119 0.538894 0.538894 0.538894
4458.436035 0.000000 159.996826 0.000000 0.995476 0.000000 0.095017 0.540331 0.540331 0.540331
4447.117188 0.000000 121.935944 0.000000 0.987452 0.000000 0.157918 0.533016 0.533016 0.533016
4454.147949 0.000000 175.295334 0.000000 0.548047 0.000000 0.836447 0.446608 0.446608 0.446608
4460.095703 0.000000 158.126801 0.000000 0.523267 0.000000 0.852169 0.465957 0.465957 0.465957
4444.515625 0.000000 188.300232 0.000000 0.999964 0.000000 -0.008541 0.550891 0.550891 0.550891
4450.601562 0.000000 186.963226 0.000000 0.993101 0.000000 0.117263 0.537735 0.537735 0.537735
4435.177734 0.000000 174.878387 0.000000 0.449640 0.000000 0.893210 0.463560 0.463560 0.463560
4434.626465 0.000000 188.691864 0.000000 0.680640 0.000000 0.732618 0.464203 0.464203 0.464203
4437.061523 0.000000 189.039703 0.000000 0.970998 0.000000 0.239089 0.524806 0.524806 0.524806
4455.890137 0.000000 177.677704 0.000000 0.922567 0.000000 0.385837 0.504312 0.504312 0.504312
4461.977539 0.000000 176.133865 0.000000 0.996938 0.000000 0.078193 0.539575 0.539575 0.539575
4458.510742 0.000000 174.070770 0.000000 0.512230 0.000000 0.858849 0.388298 0.388298 0.388298
4435.591797 0.000000 184.806549 0.000000 0.953981 0.000000 0.299868 0.511109 0.511109 0.511109
4448.556641 0.000000 187.006668 0.000000 0.385200 0.000000 0.922833 0.427343 0.427343 0.427343
4454.993164 0.000000 168.388260 0.000000 0.648704 0.000000 0.761041 0.468054 0.468054 0.468054
4437.590820 0.000000 190.952698 0.000000 0.991286 0.000000 -0.131725 0.563786 0.563786 0.563786
4462.115723 0.000000 173.474152 0.000000 0.999759 0.000000 0.021968 0.547707 0.547707 0.547707
4463.304199 0.000000 140.153046 0.000000 0.928264 0.000000 0.371923 0.510232 0.510232 0.510232
4439.496582 0.000000 191.506134 0.000000 0.803989 0.000000 0.594644 0.483544 0.483544 0.483544
4457.067871 0.000000 180.547241 0.000000 0.872216 0.000000 0.489121 0.487543 0.487543 0.487543
4432.032715 0.000000 186.730347 0.000000 0.995794 0.000000 -0.091615 0.560330 0.560330 0.560330
4457.493164 0.000000 177.224075 0.000000 0.798446 0.000000 0.602066 0.448866 0.448866 0.448866
4458.524414 0.000000 175.662476 0.000000 0.773039 0.000000 0.634358 0.442434 0.442434 0.442434
4492.415527 0.000000 92.824951 0.000000 0.988140 0.000000 0.153558 0.541956 0.541956 0.541956
4499.434082 0.000000 95.477135 0.000000 0.816135 0.000000 0.577861 0.517853 0.517853 0.517853
4516.466797 0.000000 94.641487 0.000000 0.722151 0.000000 0.691736 0.524826 0.524826 0.524826
4488.317871 0.000000 92.397484 0.000000 0.982004 0.000000 0.188859 0.540086 0.540086 0.540086
4491.954590 0.000000 88.188950 0.000000 0.998449 0.000000 0.055678 0.547093 0.547093 0.547093
4508.104492 0.000000 90.926804 0.000000 0.999094 0.000000 -0.042567 0.552222 0.552222 0.552222
4481.533691 0.000000 94.675102 0.000000 0.881784 0.000000 0.471653 0.524372 0.524372 0.524372
4494.299316 0.000000 90.347557 0.000000 0.377987 0.000000 0.925811 0.488265 0.488265 0.488265
4463.658691 0.000000 93.874886 0.000000 0.992833 0.000000 0.119506 0.543750 0.543750 0.543750
4472.944336 0.000000 92.906433 0.000000 0.841226 0.000000 0.540684 0.520193 0.520193 0.520193
4499.133301 0.000000 88.356071 0.000000 0.408078 0.000000 0.912947 0.489972 0.489972 0.489972
4513.959961 0.000000 95.136971 0.000000 0.803337 0.000000 0.595525 0.516715 0.516715 0.516715
4533.288086 0.000000 127.296555 0.000000 0.681334 0.000000 0.731973 0.539851 0.539851 0.539851
4482.196777 0.000000 111.830589 0.000000 0.894458 0.000000 0.447153 0.525811 0.525811 0.525811
4516.477051 0.000000 185.336411 0.000000 0.390727 0.000000 0.920507 0.488985 0.488985 0.488985
4510.667480 0.000000 155.399750 0.000000 0.827701 0.000000 0.561169 0.518913 0.518913 0.518913
4479.459473 0.000000 97.441666 0.000000 0.514300 0.000000 0.857610 0.496225 0.496225 0.496225
4510.077637 0.000000 167.064514 0.000000 0.366723 0.000000 0.930330 0.487631 0.487631 0.487631
4530.808105 0.000000 112.955109 0.000000 0.889831 0.000000 0.456291 0.525277 0.525277 0.525277
4513.100586 0.000000 108.984879 0.000000 0.796641 0.000000 0.604452 0.521480 0.521480 0.521480
4527.992188 0.000000 187.673218 0.000000 0.538996 0.000000 0.842308 0.483989 0.483989 0.483989
4496.349609 0.000000 184.021423 0.000000 0.867251 0.000000 0.497871 0.522808 0.522808 0.522808
4474.626465 0.000000 116.733215 0.000000 0.973241 0.000000 0.229787 0.537902 0.537902 0.537902
4486.950195 0.000000 101.122238 0.000000 0.434719 0.000000 0.900566 0.491505 0.491505 0.491505
4494.692383 0.000000 156.445435 0.000000 0.991342 0.000000 0.131306 0.548915 0.548915 0.548915
4503.640625 0.000000 159.019592 0.000000 0.796485 0.000000 0.604658 0.516119 0.516119 0.516119
4510.642578 0.000000 179.727417 0.000000 0.899972 0.000000 0.435947 0.526463 0.526463 0.526463
4522.433594 0.000000 180.781799 0.000000 0.961688 0.000000 0.274145 0.535129 0.535129 0.535129
4463.585449 0.000000 134.608734 0.000000 0.713986 0.000000 0.700160 0.509530 0.509530 0.509530
4516.943848 0.000000 149.009277 0.000000 0.902221 0.000000 0.431274 0.526734 0.526734 0.526734
4530.887207 0.000000 120.246857 0.000000 0.998676 0.000000 0.051446 0.547315 0.547315 0.547315
4472.511719 0.000000 98.919922 0.000000 0.695696 0.000000 0.718337 0.508184 0.508184 0.508184
4480.842773 0.000000 104.114700 0.000000 0.433049 0.000000 0.901370 0.491408 0.491408 0.491408
4488.740234 0.000000 113.261459 0.000000 0.986050 0.000000 0.166447 0.541275 0.541275 0.541275
4483.157715 0.000000 118.036926 0.000000 0.407570 0.000000 0.913174 0.489943 0.489943 0.489943
4524.701660 0.000000 111.974792 0.000000 0.838267 0.000000 0.545259 0.519909 0.519909 0.519909
4498.258301 0.000000 174.156830 0.000000 0.999064 0.000000 -0.043264 0.552258 0.552258 0.552258
4481.567383 0.000000 182.370941 0.000000 0.966826 0.000000 0.255436 0.536523 0.536523 0.536523
4525.301758 0.000000 118.425331 0.000000 0.956399 0.000000 0.292064 0.535756 0.535756 0.535756
4504.246582 0.000000 164.578323 0.000000 0.842874 0.000000 0.538110 0.520353 0.520353 0.520353
4499.496094 0.000000 97.738625 0.000000 0.800251 0.000000 0.599665 0.516445 0.516445 0.516445
4534.955566 0.000000 116.528091 0.000000 0.930874 0.000000 0.365341 0.530486 0.530486 0.530486
4506.439941 0.000000 152.117386 0.000000 0.957357 0.000000 0.288908 0.534707 0.534707 0.534707
4489.871094 0.000000 144.829147 0.000000 0.789383 0.000000 0.613901 0.481022 0.481022 0.481022
4492.277344 0.000000 101.986374 0.000000 0.374808 0.000000 0.927103 0.488085 0.488085 0.488085
4477.101562 0.000000 112.291313 0.000000 0.621665 0.000000 0.783283 0.503044 0.503044 0.503044
4497.363281 0.000000 179.112671 0.000000 0.817691 0.000000 0.575658 0.517994 0.517994 0.517994
4494.999512 0.000000 150.958908 0.000000 0.806895 0.000000 0.590695 0.484055 0.484055 0.484055
4493.149902 0.000000 162.240326 0.000000 0.973445 0.000000 0.228919 0.542389 0.542389 0.542389
4502.648926 0.000000 101.749588 0.000000 0.844697 0.000000 0.535245 0.520530 0.520530 0.520530
4512.285156 0.000000 150.710358 0.000000 0.625828 0.000000 0.779961 0.503322 0.503322 0.503322
4513.766113 0.000000 145.460205 0.000000 0.998693 0.000000 -0.051113 0.553230 0.553230 0.553230
4521.288574 0.000000 120.842056 0.000000 0.926719 0.000000 0.375755 0.529900 0.529900 0.529900
4499.847656 0.000000 186.921478 0.000000 0.825349 0.000000 0.564623 0.518695 0.518695 0.518695
4516.689941 0.000000 96.225983 0.000000 0.498948 0.000000 0.866632 0.515450 0.515450 0.515450
4483.769531 0.000000 187.946167 0.000000 0.529085 0.000000 0.848569 0.494347 0.494347 0.494347
4469.901855 0.000000 151.713501 0.000000 0.999954 0.000000 0.009551 0.549003 0.549003 0.549003
4485.900879 0.000000 161.798950 0.000000 0.928116 0.000000 0.372291 0.530095 0.530095 0.530095
4525.737793 0.000000 177.595764 0.000000 0.358145 0.000000 0.933666 0.516922 0.516922 0.516922
4469.167480 0.000000 108.059158 0.000000 0.870459 0.000000 0.492240 0.516786 0.516786 0.516786
4504.766602 0.000000 174.017532 0.000000 0.990281 0.000000 -0.139084 0.557281 0.557281 0.557281
4489.783203 0.000000 97.765915 0.000000 0.350496 0.000000 0.936564 0.486724 0.486724 0.486724
4477.400879 0.000000 184.013016 0.000000 0.970658 0.000000 0.240464 0.537329 0.537329 0.537329
4512.198730 0.000000 175.837646 0.000000 0.749212 0.000000 0.662330 0.512227 0.512227 0.512227
4490.068848 0.000000 169.633362 0.000000 0.411186 0.000000 0.911551 0.490150 0.490150 0.490150
4507.289062 0.000000 143.505463 0.000000 0.995603 0.000000 0.093670 0.545105 0.545105 0.545105
4491.271973 0.000000 123.558121 0.000000 0.336561 0.000000 0.941662 0.485950 0.485950 0.485950
4493.683105 0.000000 117.134224 0.000000 0.997087 0.000000 0.076278 0.546855 0.546855 0.546855
4469.224609 0.000000 188.329102 0.000000 0.998908 0.000000 0.046714 0.547562 0.547562 0.547562
4491.312012 0.000000 154.071228 0.000000 0.945355 0.000000 0.326042 0.529479 0.529479 0.529479
4491.954590 0.000000 184.173340 0.000000 0.876025 0.000000 0.482265 0.523742 0.523742 0.523742
4532.780273 0.000000 160.454407 0.000000 0.436632 0.000000 0.899640 0.491616 0.491616 0.491616
4463.665527 0.000000 156.996155 0.000000 0.999579 0.000000 0.029004 0.548486 0.548486 0.548486
4487.070312 0.000000 116.931213 0.000000 0.693738 0.000000 0.720227 0.508042 0.508042 0.508042
4479.971680 0.000000 115.065781 0.000000 0.893725 0.000000 0.448615 0.525726 0.525726 0.525726
4494.045410 0.000000 177.091125 0.000000 0.998147 0.000000 -0.060853 0.553177 0.553177 0.553177
4527.379883 0.000000 122.067047 0.000000 0.380768 0.000000 0.924670 0.496524 0.496524 0.496524
4492.932617 0.000000 147.249054 0.000000 0.988204 0.000000 -0.153140 0.566044 0.566044 0.566044
4533.814453 0.000000 145.516922 0.000000 0.949226 0.000000 0.314596 0.535059 0.535059 0.535059
4509.170898 0.000000 125.674263 0.000000 0.948858 0.000000 0.315703 0.533241 0.533241 0.533241
4533.831055 0.000000 123.249062 0.000000 0.629556 0.000000 0.776955 0.503571 0.503571 0.503571
4482.548340 0.000000 107.637863 0.000000 0.655439 0.000000 0.755248 0.505334 0.505334 0.505334
4533.863281 0.000000 178.253265 0.000000 0.923370 0.000000 0.383912 0.533228 0.533228 0.533228
4516.736816 0.000000 114.039185 0.000000 0.693838 0.000000 0.720131 0.508049 0.508049 0.508049
4498.703613 0.000000 126.815773 0.000000 0.999999 0.000000 -0.001089 0.550057 0.550057 0.550057
4479.052734 0.000000 127.209961 0.000000 0.390022 0.000000 0.920805 0.427889 0.427889 0.427889
4495.046387 0.000000 105.666489 0.000000 0.911809 0.000000 0.410614 0.527922 0.527922 0.527922
4485.845215 0.000000 110.638580 0.000000 0.973999 0.000000 0.226551 0.538076 0.538076 0.538076
4464.610840 0.000000 149.344086 0.000000 0.396734 0.000000 0.917933 0.441425 0.441425 0.441425
4514.134277 0.000000 181.350143 0.000000 0.641948 0.000000 0.766748 0.504409 0.504409 0.504409
4470.156738 0.000000 96.116776 0.000000 0.988547 0.000000 0.150912 0.542096 0.542096 0.542096
4522.182129 0.000000 109.347763 0.000000 0.952372 0.000000 0.304937 0.533832 0.533832 0.533832
4507.590332 0.000000 190.672211 0.000000 0.867204 0.000000 0.497954 0.488449 0.488449 0.488449
4489.249512 0.000000 109.628258 0.000000 0.996363 0.000000 0.085215 0.545548 0.545548 0.545548
4507.715332 0.000000 164.363556 0.000000 0.781666 0.000000 0.623697 0.514860 0.514860 0.514860
4466.525391 0.000000 190.643555 0.000000 0.999190 0.000000 0.040231 0.547900 0.547900 0.547900
4502.984863 0.000000 185.259933 0.000000 0.999998 0.000000 -0.001964 0.550102 0.550102 0.550102
4471.635742 0.000000 120.085617 0.000000 0.701343 0.000000 0.712824 0.508596 0.508596 0.508596
4467.103516 0.000000 160.632996 0.000000 0.869841 0.000000 0.493333 0.523081 0.523081 0.523081
4466.142578 0.000000 131.855972 0.000000 0.999986 0.000000 0.005358 0.549720 0.549720 0.549720
4505.959961 0.000000 99.571732 0.000000 0.921901 0.000000 0.387427 0.529242 0.529242 0.529242
4470.795410 0.000000 160.627151 0.000000 0.374468 0.000000 0.927240 0.488066 0.488066 0.488066
4483.014648 0.000000 122.028519 0.000000 0.991131 0.000000 0.132887 0.543046 0.543046 0.543046
4467.077637 0.000000 121.653885 0.000000 0.999991 0.000000 -0.004348 0.550227 0.550227 0.550227
4489.221680 0.000000 126.693085 0.000000 0.383150 0.000000 0.923686 0.488556 0.488556 0.488556
4505.894531 0.000000 161.502945 0.000000 0.569765 0.000000 0.821807 0.502319 0.502319 0.502319
4490.461426 0.000000 116.091263 0.000000 0.607650 0.000000 0.794205 0.512197 0.512197 0.512197
4514.911133 0.000000 177.664154 0.000000 0.994891 0.000000 0.100951 0.544724 0.544724 0.544724
4476.798828 0.000000 131.402740 0.000000 0.686567 0.000000 0.727067 0.465050 0.465050 0.465050
4497.889160 0.000000 149.436325 0.000000 0.992174 0.000000 0.124860 0.536936 0.536936 0.536936
4476.834961 0.000000 162.573685 0.000000 0.998284 0.000000 0.058557 0.546943 0.546943 0.546943
4530.489258 0.000000 123.475266 0.000000 0.894672 0.000000 0.446723 0.529016 0.529016 0.529016
4463.518066 0.000000 125.819901 0.000000 0.988304 0.000000 -0.152497 0.557988 0.557988 0.557988
4492.610840 0.000000 158.916931 0.000000 0.942123 0.000000 0.335267 0.536855 0.536855 0.536855
4514.053223 0.000000 125.068283 0.000000 0.712006 0.000000 0.702174 0.509382 0.509382 0.509382
4485.589355 0.000000 174.315765 0.000000 0.369976 0.000000 0.929041 0.487814 0.487814 0.487814
4510.442871 0.000000 170.231628 0.000000 0.616434 0.000000 0.787407 0.502696 0.502696 0.502696
4500.758789 0.000000 133.795685 0.000000 0.434818 0.000000 0.900518 0.491511 0.491511 0.491511
4463.942383 0.000000 111.184082 0.000000 0.966524 0.000000 0.256575 0.532898 0.532898 0.532898
4506.747559 0.000000 113.886421 0.000000 0.574397 0.000000 0.818577 0.511815 0.511815 0.511815
4517.001465 0.000000 144.649719 0.000000 0.771077 0.000000 0.636742 0.481758 0.481758 0.481758
4502.713867 0.000000 98.634529 0.000000 0.795534 0.000000 0.605909 0.516037 0.516037 0.516037
4478.680176 0.000000 165.537384 0.000000 0.992364 0.000000 0.123348 0.543548 0.543548 0.543548
4481.021973 0.000000 156.267120 0.000000 0.561355 0.000000 0.827575 0.503154 0.503154 0.503154
4474.216309 0.000000 113.536118 0.000000 0.400116 0.000000 0.916464 0.489518 0.489518 0.489518
4532.004395 0.000000 117.193321 0.000000 0.555153 0.000000 0.831748 0.498748 0.498748 0.498748
4520.909180 0.000000 125.261276 0.000000 0.991996 0.000000 -0.126268 0.556606 0.556606 0.556606
4502.343750 0.000000 190.786819 0.000000 0.972546 0.000000 0.232710 0.524523 0.524523 0.524523
4530.449219 0.000000 140.348038 0.000000 0.989735 0.000000 -0.142915 0.563193 0.563193 0.563193
4498.494629 0.000000 122.057175 0.000000 0.602400 0.000000 0.798194 0.501772 0.501772 0.501772
4509.613770 0.000000 158.175278 0.000000 0.909537 0.000000 0.415623 0.527635 0.527635 0.527635
4517.663086 0.000000 171.839447 0.000000 0.997831 0.000000 -0.065823 0.553437 0.553437 0.553437
4495.493164 0.000000 126.990685 0.000000 0.887897 0.000000 0.460043 0.500770 0.500770 0.500770
4530.507324 0.000000 181.820251 0.000000 0.977980 0.000000 0.208698 0.525462 0.525462 0.525462
4502.540039 0.000000 143.443604 0.000000 0.886481 0.000000 0.462764 0.524897 0.524897 0.524897
4495.125977 0.000000 165.886200 0.000000 0.996241 0.000000 -0.086620 0.554525 0.554525 0.554525
4526.598145 0.000000 160.029510 0.000000 0.339550 0.000000 0.940588 0.486116 0.486116 0.486116
4491.033691 0.000000 177.313354 0.000000 0.815384 0.000000 0.578921 0.517785 0.517785 0.517785
4488.503906 0.000000 122.701195 0.000000 0.454041 0.000000 0.890981 0.492630 0.492630 0.492630
4521.431641 0.000000 158.615738 0.000000 0.757482 0.000000 0.652856 0.512883 0.512883 0.512883
4514.186035 0.000000 148.312881 0.000000 0.657172 0.000000 0.753741 0.505454 0.505454 0.505454
4467.831543 0.000000 154.850800 0.000000 0.620099 0.000000 0.784523 0.510370 0.510370 0.510370
4477.040039 0.000000 99.075279 0.000000 0.999756 0.000000 0.022113 0.548846 0.548846 0.548846
4507.211426 0.000000 123.507698 0.000000 0.995586 0.000000 -0.093858 0.554905 0.554905 0.554905
4512.117676 0.000000 116.411942 0.000000 0.979309 0.000000 0.202372 0.539367 0.539367 0.539367
4524.604492 0.000000 121.243813 0.000000 0.961806 0.000000 0.273734 0.535533 0.535533 0.535533
4501.473145 0.000000 140.074036 0.000000 0.711999 0.000000 0.702180 0.509382 0.509382 0.509382
4469.528320 0.000000 112.250496 0.000000 0.816691 0.000000 0.577075 0.509457 0.509457 0.509457
4489.285156 0.000000 156.213608 0.000000 0.980086 0.000000 0.198575 0.539569 0.539569 0.539569
4523.998535 0.000000 183.338013 0.000000 0.966337 0.000000 0.257280 0.534994 0.534994 0.534994
4535.266113 0.000000 151.944855 0.000000 0.479378 0.000000 0.877608 0.427958 0.427958 0.427958
4496.884277 0.000000 142.782013 0.000000 0.693339 0.000000 0.720611 0.508013 0.508013 0.508013
4469.678223 0.000000 122.909485 0.000000 0.992242 0.000000 -0.124324 0.556504 0.556504 0.556504
4489.838867 0.000000 186.046265 0.000000 0.973775 0.000000 0.227515 0.536133 0.536133 0.536133
4491.786133 0.000000 142.656952 0.000000 0.698444 0.000000 0.715664 0.466769 0.466769 0.466769
4492.349609 0.000000 171.259720 0.000000 0.738068 0.000000 0.674726 0.511357 0.511357 0.511357
4514.197754 0.000000 156.253052 0.000000 0.958401 0.000000 0.285425 0.534897 0.534897 0.534897
4529.825195 0.000000 164.571091 0.000000 0.994794 0.000000 -0.101909 0.555327 0.555327 0.555327
4498.343750 0.000000 181.792007 0.000000 0.998290 0.000000 0.058460 0.546948 0.546948 0.546948
4477.075684 0.000000 151.290405 0.000000 0.974117 0.000000 0.226044 0.538103 0.538103 0.538103
4483.230469 0.000000 124.802216 0.000000 0.608690 0.000000 0.793408 0.502185 0.502185 0.502185
4496.852539 0.000000 96.713356 0.000000 0.909907 0.000000 0.414812 0.527682 0.527682 0.527682
4494.126953 0.000000 153.576691 0.000000 0.914553 0.000000 0.404467 0.506547 0.506547 0.506547
4477.402832 0.000000 116.649796 0.000000 0.405519 0.000000 0.914087 0.489826 0.489826 0.489826
4475.611816 0.000000 158.177856 0.000000 0.899464 0.000000 0.436995 0.526402 0.526402 0.526402
4472.510254 0.000000 108.356552 0.000000 0.995995 0.000000 -0.089413 0.554672 0.554672 0.554672
4463.846191 0.000000 114.047417 0.000000 0.901790 0.000000 0.432175 0.520545 0.520545 0.520545
4526.210938 0.000000 115.858116 0.000000 0.904425 0.000000 0.426632 0.527002 0.527002 0.527002
4474.086914 0.000000 103.279236 0.000000 0.353011 0.000000 0.935619 0.486864 0.486864 0.486864
4481.485840 0.000000 165.045517 0.000000 0.745095 0.000000 0.666958 0.511904 0.511904 0.511904
4496.662109 0.000000 176.453339 0.000000 0.704842 0.000000 0.709365 0.508853 0.508853 0.508853
4506.550293 0.000000 146.498169 0.000000 0.977561 0.000000 0.210652 0.538926 0.538926 0.538926
4467.260742 0.000000 97.006165 0.000000 0.996377 0.000000 0.085044 0.545557 0.545557 0.545557
4531.039551 0.000000 166.908432 0.000000 0.874819 0.000000 0.484450 0.523612 0.523612 0.523612
4523.129883 0.000000 178.018372 0.000000 0.781681 0.000000 0.623678 0.514861 0.514861 0.514861
4520.260742 0.000000 140.054047 0.000000 0.919986 0.000000 0.391951 0.523455 0.523455 0.523455
4469.855469 0.000000 149.022873 0.000000 0.772603 0.000000 0.634890 0.478217 0.478217 0.478217
4523.372559 0.000000 171.211945 0.000000 0.854900 0.000000 0.518793 0.521540 0.521540 0.521540
4472.574707 0.000000 153.150986 0.000000 0.997180 0.000000 -0.075050 0.556602 0.556602 0.556602
4517.866699 0.000000 177.241608 0.000000 0.969536 0.000000 0.244948 0.537088 0.537088 0.537088
4502.318848 0.000000 156.718964 0.000000 0.678016 0.000000 0.735048 0.506915 0.506915 0.506915
4496.584961 0.000000 169.933914 0.000000 0.781988 0.000000 0.623293 0.514887 0.514887 0.514887
4518.559082 0.000000 155.309540 0.000000 0.522793 0.000000 0.852460 0.495342 0.495342 0.495342
4494.864746 0.000000 101.639999 0.000000 0.988614 0.000000 0.150476 0.542119 0.542119 0.542119
4505.220703 0.000000 171.475800 0.000000 0.689814 0.000000 0.723987 0.507759 0.507759 0.507759
4488.688477 0.000000 179.195099 0.000000 0.919703 0.000000 0.392615 0.528948 0.528948 0.528948
4508.312500 0.000000 153.895691 0.000000 0.497781 0.000000 0.867303 0.495226 0.495226 0.495226
4507.304688 0.000000 159.316345 0.000000 0.721497 0.000000 0.692417 0.510093 0.510093 0.510093
4513.959961 0.000000 191.121353 0.000000 0.995470 0.000000 -0.095078 0.561244 0.561244 0.561244
4520.019531 0.000000 190.315125 0.000000 0.905535 0.000000 0.424273 0.504276 0.504276 0.504276
4524.984863 0.000000 180.893311 0.000000 0.491130 0.000000 0.871086 0.489019 0.489019 0.489019
4533.253418 0.000000 150.133163 0.000000 0.930833 0.000000 0.365445 0.507364 0.507364 0.507364
4472.006348 0.000000 150.217621 0.000000 0.865769 0.000000 0.500445 0.495306 0.495306 0.495306
4534.693848 0.000000 158.638306 0.000000 0.992023 0.000000 0.126059 0.539240 0.539240 0.539240
4505.870605 0.000000 128.418823 0.000000 0.550291 0.000000 0.834973 0.484876 0.484876 0.484876
4470.150391 0.000000 125.219330 0.000000 0.767616 0.000000 0.640910 0.477402 0.477402 0.477402
4498.894531 0.000000 189.162018 0.000000 0.995704 0.000000 0.092589 0.543889 0.543889 0.543889
4480.651855 0.000000 137.637878 0.000000 0.993253 0.000000 -0.115970 0.566439 0.566439 0.566439
4527.496094 0.000000 156.436768 0.000000 0.651119 0.000000 0.758976 0.473088 0.473088 0.473088
4528.632812 0.000000 131.540421 0.000000 0.782342 0.000000 0.622849 0.470601 0.470601 0.470601
4477.385254 0.000000 178.922028 0.000000 0.986877 0.000000 0.161471 0.533298 0.533298 0.533298
4526.815918 0.000000 141.373398 0.000000 0.445308 0.000000 0.895378 0.454041 0.454041 0.454041
4532.087891 0.000000 158.126801 0.000000 0.583726 0.000000 0.811950 0.479746 0.479746 0.479746
4494.146973 0.000000 123.105072 0.000000 0.382968 0.000000 0.923761 0.433560 0.433560 0.433560
4480.945801 0.000000 140.200836 0.000000 0.400463 0.000000 0.916313 0.429075 0.429075 0.429075
4474.043945 0.000000 137.894775 0.000000 0.958859 0.000000 0.283884 0.525891 0.525891 0.525891
4484.445312 0.000000 146.032562 0.000000 0.999911 0.000000 -0.013347 0.551393 0.551393 0.551393
4470.572754 0.000000 180.964630 0.000000 0.554165 0.000000 0.832407 0.447373 0.447373 0.447373
4476.818848 0.000000 176.080917 0.000000 0.817110 0.000000 0.576482 0.485882 0.485882 0.485882
4487.942383 0.000000 190.588959 0.000000 0.990877 0.000000 0.134771 0.532181 0.532181 0.532181
4533.716797 0.000000 147.692062 0.000000 0.915312 0.000000 0.402745 0.501621 0.501621 0.501621
4465.464844 0.000000 143.528687 0.000000 0.338747 0.000000 0.940878 0.422142 0.422142 0.422142
4476.833008 0.000000 139.861481 0.000000 0.710367 0.000000 0.703831 0.468522 0.468522 0.468522
4475.859863 0.000000 171.397217 0.000000 0.474423 0.000000 0.880297 0.437662 0.437662 0.437662
4521.398926 0.000000 145.219391 0.000000 0.495721 0.000000 0.868482 0.389640 0.389640 0.389640
4477.416504 0.000000 146.851425 0.000000 0.748922 0.000000 0.662658 0.488333 0.488333 0.488333
4491.438477 0.000000 163.447632 0.000000 0.768136 0.000000 0.640286 0.492752 0.492752 0.492752
4514.031738 0.000000 127.129974 0.000000 0.933631 0.000000 0.358237 0.520319 0.520319 0.520319
4482.228027 0.000000 136.261154 0.000000 0.999736 0.000000 0.022981 0.547097 0.547097 0.547097
4531.957031 0.000000 130.574524 0.000000 0.898636 0.000000 0.438696 0.496371 0.496371 0.496371
4527.575195 0.000000 189.825775 0.000000 0.989367 0.000000 -0.145441 0.566234 0.566234 0.566234
4489.775879 0.000000 141.993042 0.000000 0.999065 0.000000 0.043240 0.545486 0.545486 0.545486
4491.786133 0.000000 140.519745 0.000000 0.618919 0.000000 0.785455 0.465646 0.465646 0.465646
4475.289062 0.000000 168.025940 0.000000 0.989692 0.000000 -0.143209 0.564996 0.564996 0.564996
4465.612305 0.000000 138.999924 0.000000 0.639939 0.000000 0.768425 0.458545 0.458545 0.458545
4523.888184 0.000000 143.608063 0.000000 0.765730 0.000000 0.643162 0.480932 0.480932 0.480932
4468.662109 0.000000 183.210205 0.000000 0.998044 0.000000 -0.062514 0.556528 0.556528 0.556528
4478.555664 0.000000 172.629837 0.000000 0.978688 0.000000 0.205351 0.528417 0.528417 0.528417
4516.810547 0.000000 137.691513 0.000000 0.844389 0.000000 0.535731 0.491000 0.491000 0.491000
4473.953613 0.000000 178.525803 0.000000 0.529269 0.000000 0.848454 0.444282 0.444282 0.444282
4530.549316 0.000000 132.152618 0.000000 0.556074 0.000000 0.831133 0.428751 0.428751 0.428751
4472.312012 0.000000 145.303299 0.000000 0.406939 0.000000 0.913455 0.429814 0.429814 0.429814
4519.505371 0.000000 144.458969 0.000000 0.998985 0.000000 0.045033 0.545299 0.545299 0.545299
4478.968262 0.000000 144.170700 0.000000 0.997450 0.000000 0.071364 0.542546 0.542546 0.542546
4486.483398 0.000000 166.241211 0.000000 0.917214 0.000000 0.398394 0.507239 0.507239 0.507239
4496.885742 0.000000 151.161453 0.000000 0.954178 0.000000 0.299239 0.518287 0.518287 0.518287
4529.626465 0.000000 149.471161 0.000000 0.998172 0.000000 0.060435 0.543025 0.543025 0.543025
4519.118652 0.000000 129.689178 0.000000 0.975334 0.000000 0.220735 0.525857 0.525857 0.525857
4515.876465 0.000000 131.788071 0.000000 0.732269 0.000000 0.681016 0.471822 0.471822 0.471822
4529.060059 0.000000 180.547241 0.000000 0.867643 0.000000 0.497188 0.495698 0.495698 0.495698
4471.692383 0.000000 131.506866 0.000000 0.610435 0.000000 0.792066 0.454599 0.454599 0.454599
4497.088867 0.000000 125.744797 0.000000 0.958404 0.000000 0.285416 0.520988 0.520988 0.520988
4517.375000 0.000000 129.001648 0.000000 0.430190 0.000000 0.902738 0.432486 0.432486 0.432486
4535.199219 0.000000 188.035858 0.000000 0.754398 0.000000 0.656417 0.432013 0.432013 0.432013
4485.851562 0.000000 149.417236 0.000000 0.775301 0.000000 0.631592 0.478662 0.478662 0.478662
4524.941406 0.000000 129.742035 0.000000 0.741023 0.000000 0.671480 0.463064 0.463064 0.463064
4488.246094 0.000000 146.744049 0.000000 0.846833 0.000000 0.531858 0.491478 0.491478 0.491478
4486.030762 0.000000 142.212463 0.000000 0.986172 0.000000 -0.165724 0.567374 0.567374 0.567374
4469.413574 0.000000 139.057678 0.000000 0.428900 0.000000 0.903352 0.432337 0.432337 0.432337
4464.215820 0.000000 140.198914 0.000000 0.615666 0.000000 0.788007 0.455290 0.455290 0.455290
4529.532715 0.000000 188.870422 0.000000 0.905694 0.000000 0.423933 0.492894 0.492894 0.492894
4526.611816 0.000000 137.214996 0.000000 0.724132 0.000000 0.689661 0.443414 0.443414 0.443414
4532.956055 0.000000 187.596344 0.000000 0.993222 0.000000 -0.116229 0.565996 0.565996 0.565996
4526.995605 0.000000 147.682693 0.000000 0.690311 0.000000 0.723513 0.434490 0.434490 0.434490
4534.872070 0.000000 190.018890 0.000000 0.801409 0.000000 0.598117 0.449639 0.449639 0.449639
4605.280273 0.000000 127.296555 0.000000 0.728963 0.000000 0.684553 0.510658 0.510658 0.510658
4595.458496 0.000000 145.576523 0.000000 0.826781 0.000000 0.562524 0.479451 0.479451 0.479451
4560.464844 0.000000 131.367996 0.000000 0.989000 0.000000 0.147917 0.542254 0.542254 0.542254
4582.659668 0.000000 155.399750 0.000000 0.922230 0.000000 0.386643 0.528741 0.528741 0.528741
4538.776367 0.000000 112.735466 0.000000 0.691927 0.000000 0.721967 0.533386 0.533386 0.533386
4551.854004 0.000000 123.412659 0.000000 0.752703 0.000000 0.658360 0.512503 0.512503 0.512503
4537.197266 0.000000 187.397034 0.000000 0.998197 0.000000 0.060026 0.541176 0.541176 0.541176
4562.247070 0.000000 119.498177 0.000000 0.968892 0.000000 0.247485 0.547253 0.547253 0.547253
4571.755371 0.000000 130.352173 0.000000 0.707006 0.000000 0.707208 0.509012 0.509012 0.509012
4573.009766 0.000000 150.949844 0.000000 0.971960 0.000000 0.235147 0.525229 0.525229 0.525229
4565.828125 0.000000 140.729919 0.000000 0.985890 0.000000 0.167393 0.532449 0.532449 0.532449
4535.622070 0.000000 122.344917 0.000000 0.829106 0.000000 0.559092 0.519043 0.519043 0.519043
4542.476562 0.000000 169.199524 0.000000 0.999347 0.000000 -0.036144 0.551886 0.551886 0.551886
4546.164551 0.000000 160.573303 0.000000 0.869789 0.000000 0.493424 0.496150 0.496150 0.496150
4568.341797 0.000000 184.021423 0.000000 0.993343 0.000000 0.115193 0.543976 0.543976 0.543976
4560.623047 0.000000 165.305542 0.000000 0.998322 0.000000 -0.057900 0.553023 0.553023 0.553023
4581.161133 0.000000 133.603363 0.000000 0.519648 0.000000 0.854380 0.430444 0.430444 0.430444
4546.618652 0.000000 116.733215 0.000000 0.829037 0.000000 0.559194 0.519037 0.519037 0.519037
4575.632812 0.000000 159.019592 0.000000 0.996509 0.000000 0.083484 0.545639 0.545639 0.545639
4574.882812 0.000000 169.960480 0.000000 0.521665 0.000000 0.853151 0.496675 0.496675 0.496675
4582.634766 0.000000 179.727417 0.000000 0.991494 0.000000 0.130150 0.543190 0.543190 0.543190
4540.357422 0.000000 181.246811 0.000000 0.620634 0.000000 0.784101 0.502975 0.502975 0.502975
4558.162598 0.000000 191.940735 0.000000 0.675262 0.000000 0.737578 0.506720 0.506720 0.506720
4599.567871 0.000000 154.037506 0.000000 0.462742 0.000000 0.886493 0.472193 0.472193 0.472193
4571.001953 0.000000 136.844757 0.000000 0.459929 0.000000 0.887955 0.492976 0.492976 0.492976
4589.911133 0.000000 124.103226 0.000000 0.441998 0.000000 0.897016 0.528605 0.528605 0.528605
4596.693848 0.000000 111.974792 0.000000 0.954876 0.000000 0.297005 0.547102 0.547102 0.547102
4542.170898 0.000000 175.395691 0.000000 0.980064 0.000000 0.198682 0.539564 0.539564 0.539564
4565.769043 0.000000 133.915817 0.000000 0.439174 0.000000 0.898402 0.491763 0.491763 0.491763
4540.971191 0.000000 157.718048 0.000000 0.928563 0.000000 0.371175 0.510316 0.510316 0.510316
4597.293945 0.000000 118.425331 0.000000 0.966243 0.000000 0.257633 0.536404 0.536404 0.536404
4541.014648 0.000000 163.612595 0.000000 0.973959 0.000000 0.226723 0.538066 0.538066 0.538066
4566.217285 0.000000 168.643158 0.000000 0.972797 0.000000 0.231661 0.537802 0.537802 0.537802
4584.405273 0.000000 128.478500 0.000000 0.999477 0.000000 0.032323 0.547825 0.547825 0.547825
4547.566895 0.000000 128.394348 0.000000 0.995448 0.000000 -0.095302 0.556684 0.556684 0.556684
4576.238770 0.000000 164.578323 0.000000 0.524061 0.000000 0.851681 0.496821 0.496821 0.496821
4606.947754 0.000000 116.528091 0.000000 0.973151 0.000000 0.230167 0.537882 0.537882 0.537882
4561.863281 0.000000 144.829147 0.000000 0.993599 0.000000 0.112969 0.538186 0.538186 0.538186
4575.894531 0.000000 134.047409 0.000000 0.825814 0.000000 0.563943 0.487475 0.487475 0.487475
4559.099609 0.000000 154.442184 0.000000 0.913297 0.000000 0.407294 0.528112 0.528112 0.528112
4586.102051 0.000000 135.010925 0.000000 0.463119 0.000000 0.886296 0.421370 0.421370 0.421370
4604.432129 0.000000 132.617935 0.000000 0.875163 0.000000 0.483827 0.523649 0.523649 0.523649
4571.871582 0.000000 155.789474 0.000000 0.995309 0.000000 0.096742 0.544944 0.544944 0.544944
4604.441406 0.000000 174.731171 0.000000 0.755205 0.000000 0.655489 0.531351 0.531351 0.531351
4598.932617 0.000000 182.846436 0.000000 0.987005 0.000000 -0.160688 0.553324 0.553324 0.553324
4593.575195 0.000000 128.277222 0.000000 0.999964 0.000000 -0.008481 0.550466 0.550466 0.550466
4573.048340 0.000000 123.892982 0.000000 0.502091 0.000000 0.864815 0.501224 0.501224 0.501224
4598.715332 0.000000 149.356812 0.000000 0.340077 0.000000 0.940397 0.400445 0.400445 0.400445
4554.733887 0.000000 127.511330 0.000000 0.916549 0.000000 0.399922 0.528532 0.528532 0.528532
4555.761719 0.000000 187.946167 0.000000 0.700699 0.000000 0.713457 0.508549 0.508549 0.508549
4593.804688 0.000000 133.537323 0.000000 0.816524 0.000000 0.577312 0.500142 0.500142 0.500142
4556.480957 0.000000 150.781174 0.000000 0.987499 0.000000 0.157625 0.541741 0.541741 0.541741
4570.640137 0.000000 168.238525 0.000000 0.612962 0.000000 0.790112 0.502466 0.502466 0.502466
4593.306152 0.000000 185.047333 0.000000 0.817372 0.000000 0.576110 0.517965 0.517965 0.517965
4592.750000 0.000000 176.560822 0.000000 0.690711 0.000000 0.723131 0.507823 0.507823 0.507823
4554.110352 0.000000 142.476578 0.000000 0.437801 0.000000 0.899072 0.491684 0.491684 0.491684
4590.272949 0.000000 136.057892 0.000000 0.992855 0.000000 -0.119323 0.562482 0.562482 0.562482
4584.190918 0.000000 175.837646 0.000000 0.995465 0.000000 -0.095124 0.554971 0.554971 0.554971
4579.358887 0.000000 177.178925 0.000000 0.920676 0.000000 0.390327 0.529077 0.529077 0.529077
4596.532227 0.000000 141.626862 0.000000 0.926427 0.000000 0.376475 0.509720 0.509720 0.509720
4575.852539 0.000000 129.891937 0.000000 0.686207 0.000000 0.727407 0.499670 0.499670 0.499670
4538.689453 0.000000 173.373611 0.000000 0.985725 0.000000 0.168364 0.541173 0.541173 0.541173
4563.946777 0.000000 184.173340 0.000000 0.804291 0.000000 0.594236 0.516798 0.516798 0.516798
4551.963867 0.000000 115.065781 0.000000 0.996249 0.000000 0.086528 0.547621 0.547621 0.547621
4558.190430 0.000000 120.795341 0.000000 0.793678 0.000000 0.608338 0.515877 0.515877 0.515877
4599.372070 0.000000 122.067047 0.000000 0.461895 0.000000 0.886935 0.493091 0.493091 0.493091
4564.924805 0.000000 147.249054 0.000000 0.498383 0.000000 0.866957 0.440524 0.440524 0.440524
4546.404297 0.000000 169.875641 0.000000 0.794571 0.000000 0.607171 0.515954 0.515954 0.515954
4547.150879 0.000000 120.576729 0.000000 0.952173 0.000000 0.305560 0.525270 0.525270 0.525270
4548.153809 0.000000 124.577682 0.000000 0.727399 0.000000 0.686215 0.487694 0.487694 0.487694
4605.806641 0.000000 145.516922 0.000000 0.987920 0.000000 0.154966 0.533763 0.533763 0.533763
4573.260254 0.000000 162.174423 0.000000 0.956020 0.000000 0.293301 0.534468 0.534468 0.534468
4591.631836 0.000000 146.438538 0.000000 0.890004 0.000000 0.455952 0.488242 0.488242 0.488242
4538.995117 0.000000 177.544083 0.000000 0.985872 0.000000 -0.167503 0.558781 0.558781 0.558781
4597.104980 0.000000 169.122391 0.000000 0.757762 0.000000 0.652531 0.475812 0.475812 0.475812
4588.729004 0.000000 114.039185 0.000000 0.387834 0.000000 0.921729 0.488821 0.488821 0.488821
4554.806152 0.000000 138.885315 0.000000 0.777106 0.000000 0.629370 0.514480 0.514480 0.514480
4570.695801 0.000000 126.815773 0.000000 0.724066 0.000000 0.689731 0.510287 0.510287 0.510287
4567.025879 0.000000 172.196075 0.000000 0.994315 0.000000 0.106481 0.544434 0.544434 0.544434
4597.315430 0.000000 127.888977 0.000000 0.909461 0.000000 0.415790 0.527626 0.527626 0.527626
4567.239746 0.000000 137.411285 0.000000 0.900138 0.000000 0.435605 0.526483 0.526483 0.526483
4591.611816 0.000000 161.100342 0.000000 0.533615 0.000000 0.845728 0.496025 0.496025 0.496025
4600.937500 0.000000 133.864685 0.000000 0.997979 0.000000 0.063545 0.546682 0.546682 0.546682
4586.126465 0.000000 181.350143 0.000000 0.354724 0.000000 0.934971 0.486960 0.486960 0.486960
4572.369141 0.000000 147.385529 0.000000 0.490542 0.000000 0.871418 0.439583 0.439583 0.439583
4561.876465 0.000000 139.747162 0.000000 0.546118 0.000000 0.837708 0.460003 0.460003 0.460003
4584.258789 0.000000 162.841034 0.000000 0.810688 0.000000 0.585478 0.517364 0.517364 0.517364
4583.054688 0.000000 136.691406 0.000000 0.371249 0.000000 0.928533 0.417598 0.417598 0.417598
4569.629395 0.000000 133.421967 0.000000 0.986093 0.000000 -0.166193 0.558712 0.558712 0.558712
4579.582520 0.000000 190.672211 0.000000 0.733184 0.000000 0.680030 0.510981 0.510981 0.510981
4591.165527 0.000000 152.795532 0.000000 0.827660 0.000000 0.561230 0.502545 0.502545 0.502545
4579.707520 0.000000 164.363556 0.000000 0.569331 0.000000 0.822108 0.499643 0.499643 0.499643
4538.517578 0.000000 190.643555 0.000000 0.990966 0.000000 -0.134116 0.571057 0.571057 0.571057
4599.002930 0.000000 139.036865 0.000000 0.596077 0.000000 0.802927 0.452721 0.452721 0.452721
4539.095703 0.000000 160.632996 0.000000 0.688039 0.000000 0.725674 0.507631 0.507631 0.507631
4564.152344 0.000000 165.604111 0.000000 0.666702 0.000000 0.745325 0.506117 0.506117 0.506117
4572.872559 0.000000 165.737442 0.000000 0.392885 0.000000 0.919588 0.489107 0.489107 0.489107
4542.787598 0.000000 160.627151 0.000000 0.955353 0.000000 0.295466 0.534350 0.534350 0.534350
4576.267090 0.000000 149.534286 0.000000 0.921865 0.000000 0.387512 0.508474 0.508474 0.508474
4544.442383 0.000000 182.405685 0.000000 0.950010 0.000000 0.312219 0.533432 0.533432 0.533432
4586.903320 0.000000 177.664154 0.000000 0.478577 0.000000 0.878045 0.494078 0.494078 0.494078
4554.994629 0.000000 170.467285 0.000000 0.994095 0.000000 -0.108511 0.557763 0.557763 0.557763
4592.638184 0.000000 169.085754 0.000000 0.858980 0.000000 0.512010 0.521953 0.521953 0.521953
4573.920410 0.000000 127.030426 0.000000 0.704373 0.000000 0.709830 0.508818 0.508818 0.508818
4566.374512 0.000000 144.024323 0.000000 0.743218 0.000000 0.669049 0.473515 0.473515 0.473515
4548.827148 0.000000 162.573685 0.000000 0.337441 0.000000 0.941347 0.421997 0.421997 0.421997
4602.481445 0.000000 123.475266 0.000000 0.987223 0.000000 -0.159344 0.558350 0.558350 0.558350
4535.510254 0.000000 125.819901 0.000000 0.769715 0.000000 0.638388 0.513872 0.513872 0.513872
4572.750977 0.000000 133.795685 0.000000 0.928271 0.000000 0.371905 0.515990 0.515990 0.515990
4558.437988 0.000000 157.788467 0.000000 0.927124 0.000000 0.374755 0.529957 0.529957 0.529957
4560.606934 0.000000 173.030060 0.000000 0.933233 0.000000 0.359271 0.530825 0.530825 0.530825
4553.393066 0.000000 149.912750 0.000000 0.999568 0.000000 -0.029406 0.551413 0.551413 0.551413
4572.174316 0.000000 176.813919 0.000000 0.982398 0.000000 0.186798 0.540196 0.540196 0.540196
4577.847168 0.000000 179.897217 0.000000 0.846183 0.000000 0.532892 0.520675 0.520675 0.520675
4539.459473 0.000000 128.308182 0.000000 0.746958 0.000000 0.664872 0.512050 0.512050 0.512050
4553.014160 0.000000 156.267120 0.000000 0.662582 0.000000 0.748989 0.462822 0.462822 0.462822
4603.996582 0.000000 117.193321 0.000000 0.999861 0.000000 0.016664 0.549130 0.549130 0.549130
4570.486816 0.000000 122.057175 0.000000 0.991915 0.000000 -0.126902 0.556639 0.556639 0.556639
4581.328125 0.000000 151.497498 0.000000 0.745250 0.000000 0.666785 0.473832 0.473832 0.473832
4558.880859 0.000000 133.930786 0.000000 0.397908 0.000000 0.917425 0.498962 0.498962 0.498962
4581.605957 0.000000 158.175278 0.000000 0.690508 0.000000 0.723324 0.507809 0.507809 0.507809
4578.565918 0.000000 132.032379 0.000000 0.952967 0.000000 0.303076 0.515753 0.515753 0.515753
4589.655273 0.000000 171.839447 0.000000 0.961154 0.000000 0.276013 0.535409 0.535409 0.535409
4560.496094 0.000000 122.701195 0.000000 0.999949 0.000000 0.010151 0.549470 0.549470 0.549470
4593.423828 0.000000 158.615738 0.000000 0.972499 0.000000 0.232908 0.533216 0.533216 0.533216
4606.060547 0.000000 130.104660 0.000000 0.487490 0.000000 0.873129 0.494609 0.494609 0.494609
4562.099121 0.000000 190.758484 0.000000 0.929450 0.000000 0.368947 0.530283 0.530283 0.530283
4546.232910 0.000000 145.036758 0.000000 0.650356 0.000000 0.759630 0.497876 0.497876 0.497876
4536.712402 0.000000 119.554543 0.000000 0.433453 0.000000 0.901176 0.486808 0.486808 0.486808
4600.721680 0.000000 169.411804 0.000000 0.814500 0.000000 0.580163 0.484561 0.484561 0.484561
4536.531250 0.000000 179.098572 0.000000 0.524163 0.000000 0.851618 0.489831 0.489831 0.489831
4543.052734 0.000000 133.258575 0.000000 0.917401 0.000000 0.397963 0.507288 0.507288 0.507288
4573.465332 0.000000 140.074036 0.000000 0.859811 0.000000 0.510613 0.494076 0.494076 0.494076
4548.208008 0.000000 137.572556 0.000000 0.948716 0.000000 0.316131 0.533217 0.533217 0.533217
4559.286133 0.000000 151.575348 0.000000 0.523721 0.000000 0.851890 0.496800 0.496800 0.496800
4539.234863 0.000000 150.566391 0.000000 0.650807 0.000000 0.759243 0.460030 0.460030 0.460030
4579.196289 0.000000 149.261963 0.000000 0.996716 0.000000 -0.080973 0.558459 0.558459 0.558459
4595.956055 0.000000 148.394089 0.000000 0.391038 0.000000 0.920375 0.445662 0.445662 0.445662
4593.660156 0.000000 163.498596 0.000000 0.999062 0.000000 0.043295 0.546194 0.546194 0.546194
4561.277344 0.000000 156.213608 0.000000 0.957301 0.000000 0.289092 0.534697 0.534697 0.534697
4541.670410 0.000000 122.909485 0.000000 0.846627 0.000000 0.532187 0.491437 0.491437 0.491437
4561.831055 0.000000 186.046265 0.000000 0.445608 0.000000 0.895228 0.492138 0.492138 0.492138
4558.057129 0.000000 137.586182 0.000000 0.999888 0.000000 -0.014997 0.550659 0.550659 0.550659
4572.727539 0.000000 158.814667 0.000000 0.793292 0.000000 0.608842 0.515844 0.515844 0.515844
4564.341797 0.000000 171.259720 0.000000 0.994632 0.000000 0.103476 0.544591 0.544591 0.544591
4593.911621 0.000000 143.182343 0.000000 0.394966 0.000000 0.918696 0.428450 0.428450 0.428450
4566.119141 0.000000 153.576691 0.000000 0.934218 0.000000 0.356703 0.530969 0.530969 0.530969
4549.395020 0.000000 116.649796 0.000000 0.948522 0.000000 0.316711 0.533185 0.533185 0.533185
4542.551758 0.000000 184.396851 0.000000 0.950870 0.000000 0.309592 0.522771 0.522771 0.522771
4547.604004 0.000000 158.177856 0.000000 0.330526 0.000000 0.943797 0.421232 0.421232 0.421232
4535.838379 0.000000 114.047417 0.000000 0.997952 0.000000 0.063960 0.546660 0.546660 0.546660
4537.880859 0.000000 163.060608 0.000000 0.975754 0.000000 0.218871 0.538487 0.538487 0.538487
4549.593750 0.000000 121.922546 0.000000 0.648717 0.000000 0.761030 0.504871 0.504871 0.504871
4544.936523 0.000000 188.890808 0.000000 0.691674 0.000000 0.722210 0.465786 0.465786 0.465786
4569.317871 0.000000 157.038055 0.000000 0.916784 0.000000 0.399384 0.528563 0.528563 0.528563
4565.387207 0.000000 125.275406 0.000000 0.387588 0.000000 0.921833 0.488807 0.488807 0.488807
4603.031738 0.000000 166.908432 0.000000 0.956547 0.000000 0.291577 0.518717 0.518717 0.518717
4567.236328 0.000000 159.053497 0.000000 0.787521 0.000000 0.616287 0.515353 0.515353 0.515353
4604.181152 0.000000 143.446564 0.000000 0.658765 0.000000 0.752349 0.461129 0.461129 0.461129
4597.645508 0.000000 189.091568 0.000000 0.661664 0.000000 0.749800 0.505766 0.505766 0.505766
4541.847656 0.000000 149.022873 0.000000 0.995255 0.000000 -0.097297 0.560170 0.560170 0.560170
4549.528320 0.000000 160.016663 0.000000 0.965119 0.000000 0.261811 0.522356 0.522356 0.522356
4595.364746 0.000000 171.211945 0.000000 0.503216 0.000000 0.864161 0.481225 0.481225 0.481225
4578.736816 0.000000 139.873520 0.000000 0.999241 0.000000 -0.038961 0.554067 0.554067 0.554067
4544.566895 0.000000 153.150986 0.000000 0.588019 0.000000 0.808847 0.487901 0.487901 0.487901
4592.088867 0.000000 179.199493 0.000000 0.991176 0.000000 0.132555 0.543063 0.543063 0.543063
4548.148926 0.000000 142.154709 0.000000 0.910201 0.000000 0.414166 0.527719 0.527719 0.527719
4568.577148 0.000000 169.933914 0.000000 0.525831 0.000000 0.850589 0.496930 0.496930 0.496930
4590.551270 0.000000 155.309540 0.000000 0.912506 0.000000 0.409062 0.516438 0.516438 0.516438
4546.051270 0.000000 126.142807 0.000000 0.987610 0.000000 -0.156930 0.566445 0.566445 0.566445
4571.578125 0.000000 144.828369 0.000000 0.732700 0.000000 0.680552 0.471888 0.471888 0.471888
4536.097168 0.000000 173.601166 0.000000 0.623294 0.000000 0.781988 0.503152 0.503152 0.503152
4544.117188 0.000000 117.397583 0.000000 0.763518 0.000000 0.645787 0.513368 0.513368 0.513368
4546.939453 0.000000 183.253220 0.000000 0.964396 0.000000 0.264461 0.536035 0.536035 0.536035
4586.328613 0.000000 174.252167 0.000000 0.997385 0.000000 -0.072278 0.553775 0.553775 0.553775
4583.463867 0.000000 148.230225 0.000000 0.998539 0.000000 -0.054041 0.555642 0.555642 0.555642
4591.420898 0.000000 149.408997 0.000000 0.667871 0.000000 0.744277 0.439345 0.439345 0.439345
4600.757812 0.000000 147.792831 0.000000 0.624203 0.000000 0.781262 0.456426 0.456426 0.456426
4556.770508 0.000000 168.620163 0.000000 0.986240 0.000000 0.165320 0.539738 0.539738 0.539738
4558.164551 0.000000 164.358887 0.000000 0.350997 0.000000 0.936377 0.441813 0.441813 0.441813
4588.873535 0.000000 141.783081 0.000000 0.691083 0.000000 0.722776 0.465700 0.465700 0.465700
4575.772949 0.000000 151.906464 0.000000 0.999393 0.000000 0.034842 0.546363 0.546363 0.546363
4540.963867 0.000000 141.055389 0.000000 0.957874 0.000000 0.287187 0.530401 0.530401 0.530401
4598.827148 0.000000 170.992096 0.000000 0.993337 0.000000 0.115249 0.541753 0.541753 0.541753
4598.142090 0.000000 143.549698 0.000000 0.971161 0.000000 0.238424 0.524877 0.524877 0.524877
4603.311035 0.000000 162.588379 0.000000 0.560076 0.000000 0.828441 0.453478 0.453478 0.453478
4603.921387 0.000000 172.269714 0.000000 0.998913 0.000000 0.046623 0.546926 0.546926 0.546926
4556.270020 0.000000 148.349915 0.000000 0.427750 0.000000 0.903897 0.477152 0.477152 0.477152
4535.533691 0.000000 154.574600 0.000000 0.845192 0.000000 0.534462 0.491157 0.491157 0.491157
4592.643555 0.000000 136.066315 0.000000 0.612347 0.000000 0.790589 0.454852 0.454852 0.454852
4576.974609 0.000000 144.069748 0.000000 0.940338 0.000000 0.340241 0.513771 0.513771 0.513771
4542.142578 0.000000 125.219330 0.000000 0.957783 0.000000 0.287492 0.519569 0.519569 0.519569
4543.174316 0.000000 187.037689 0.000000 0.998850 0.000000 -0.047950 0.555006 0.555006 0.555006
4547.550781 0.000000 185.556763 0.000000 0.523731 0.000000 0.851884 0.445002 0.445002 0.445002
4546.744629 0.000000 163.679977 0.000000 0.958200 0.000000 0.286098 0.519721 0.519721 0.519721
4598.808105 0.000000 141.373398 0.000000 0.901532 0.000000 0.432713 0.503301 0.503301 0.503301
4596.301270 0.000000 150.651901 0.000000 0.999949 0.000000 -0.010096 0.550929 0.550929 0.550929
4564.330078 0.000000 145.039154 0.000000 0.537224 0.000000 0.843440 0.445263 0.445263 0.445263
4597.410645 0.000000 155.195419 0.000000 0.729476 0.000000 0.684006 0.479669 0.479669 0.479669
4537.608398 0.000000 155.708862 0.000000 0.896287 0.000000 0.443474 0.502052 0.502052 0.502052
4589.660645 0.000000 151.131348 0.000000 0.789291 0.000000 0.614019 0.462850 0.462850 0.462850
4556.791504 0.000000 159.881470 0.000000 0.959975 0.000000 0.280087 0.521155 0.521155 0.521155
4591.452637 0.000000 137.920242 0.000000 0.976610 0.000000 0.215016 0.527385 0.527385 0.527385
4537.666504 0.000000 134.066345 0.000000 0.594134 0.000000 0.804366 0.452468 0.452468 0.452468
4573.023438 0.000000 135.922760 0.000000 0.961615 0.000000 0.274402 0.525191 0.525191 0.525191
4580.231934 0.000000 141.562164 0.000000 0.999274 0.000000 0.038093 0.546024 0.546024 0.546024
4539.902832 0.000000 152.651962 0.000000 0.905036 0.000000 0.425334 0.504153 0.504153 0.504153
4556.805176 0.000000 156.375259 0.000000 0.539491 0.000000 0.841992 0.470283 0.470283 0.470283
4548.322266 0.000000 156.020905 0.000000 0.987311 0.000000 -0.158798 0.566642 0.566642 0.566642
4580.596680 0.000000 131.404160 0.000000 0.999727 0.000000 0.023357 0.547242 0.547242 0.547242
4541.441406 0.000000 116.731522 0.000000 0.913316 0.000000 0.407251 0.506805 0.506805 0.506805
4599.775879 0.000000 164.527740 0.000000 0.992489 0.000000 -0.122331 0.563135 0.563135 0.563135
4537.390137 0.000000 147.408432 0.000000 0.995385 0.000000 -0.095965 0.559238 0.559238 0.559238
4542.358887 0.000000 135.138916 0.000000 0.770169 0.000000 0.637840 0.477818 0.477818 0.477818
4595.880371 0.000000 143.608063 0.000000 0.997940 0.000000 0.064157 0.543300 0.543300 0.543300
4597.172852 0.000000 146.887512 0.000000 0.853168 0.000000 0.521637 0.485198 0.485198 0.485198
4585.068848 0.000000 136.776581 0.000000 0.989205 0.000000 -0.146536 0.567165 0.567165 0.567165
4576.928711 0.000000 147.726318 0.000000 0.998926 0.000000 -0.046332 0.554837 0.554837 0.554837
4607.288574 0.000000 140.153046 0.000000 0.738228 0.000000 0.674552 0.472739 0.472739 0.472739
4601.618652 0.000000 149.471161 0.000000 0.798292 0.000000 0.602270 0.472788 0.472788 0.472788
4600.359863 0.000000 144.817566 0.000000 0.550023 0.000000 0.835150 0.446854 0.446854 0.446854
4560.238281 0.000000 146.744049 0.000000 0.453951 0.000000 0.891026 0.435250 0.435250 0.435250
4572.217773 0.000000 149.236542 0.000000 0.995483 0.000000 -0.094945 0.559923 0.559923 0.559923
4573.422852 0.000000 141.895599 0.000000 0.787528 0.000000 0.616279 0.480707 0.480707 0.480707
4599.069336 0.000000 161.938568 0.000000 0.671202 0.000000 0.741275 0.460573 0.460573 0.460573
4540.186523 0.000000 189.811523 0.000000 0.614156 0.000000 0.789184 0.422622 0.422622 0.422622
4585.750488 0.000000 151.928009 0.000000 0.879208 0.000000 0.476437 0.491358 0.491358 0.491358
4539.918457 0.000000 186.786652 0.000000 0.815626 0.000000 0.578580 0.453421 0.453421 0.453421
4381.741699 0.000000 231.648651 0.000000 0.999779 0.000000 0.021026 0.549047 0.549047 0.549047
4389.846680 0.000000 219.233444 0.000000 0.639720 0.000000 0.768608 0.458515 0.458515 0.458515
4386.116211 0.000000 225.596863 0.000000 0.945045 0.000000 0.326941 0.532621 0.532621 0.532621
4389.878906 0.000000 274.237640 0.000000 0.986439 0.000000 -0.164128 0.557924 0.557924 0.557924
4389.574707 0.000000 232.087250 0.000000 0.979420 0.000000 0.201835 0.539396 0.539396 0.539396
4386.464844 0.000000 236.332428 0.000000 0.987951 0.000000 0.154770 0.541892 0.541892 0.541892
4390.083984 0.000000 226.089050 0.000000 0.455810 0.000000 0.890077 0.436975 0.436975 0.436975
4391.281738 0.000000 247.929245 0.000000 0.508133 0.000000 0.861279 0.504401 0.504401 0.504401
4388.783691 0.000000 234.589462 0.000000 0.989168 0.000000 -0.146785 0.557687 0.557687 0.557687
4388.594238 0.000000 217.529572 0.000000 0.624430 0.000000 0.781081 0.456456 0.456456 0.456456
4410.204590 0.000000 207.814972 0.000000 0.999460 0.000000 -0.032848 0.552075 0.552075 0.552075
4402.302734 0.000000 247.128998 0.000000 0.770078 0.000000 0.637949 0.513902 0.513902 0.513902
4432.227051 0.000000 236.787720 0.000000 0.401720 0.000000 0.915763 0.489609 0.489609 0.489609
4392.625488 0.000000 192.581970 0.000000 0.987877 0.000000 0.155242 0.541867 0.541867 0.541867
4397.917969 0.000000 226.343140 0.000000 0.851374 0.000000 0.524559 0.521188 0.521188 0.521188
4451.474121 0.000000 241.560913 0.000000 0.999983 0.000000 0.005833 0.549840 0.549840 0.549840
4394.791992 0.000000 208.719849 0.000000 0.708231 0.000000 0.705980 0.509103 0.509103 0.509103
4407.467285 0.000000 193.426056 0.000000 0.734241 0.000000 0.678889 0.510038 0.510038 0.510038
4457.523926 0.000000 194.550995 0.000000 0.889761 0.000000 0.456427 0.525269 0.525269 0.525269
4391.784668 0.000000 238.027985 0.000000 0.607751 0.000000 0.794128 0.502123 0.502123 0.502123
4406.858398 0.000000 235.219513 0.000000 0.418134 0.000000 0.908385 0.478032 0.478032 0.478032
4403.433105 0.000000 276.191620 0.000000 0.841810 0.000000 0.539774 0.520250 0.520250 0.520250
4442.490723 0.000000 236.694092 0.000000 0.703920 0.000000 0.710279 0.508785 0.508785 0.508785
4402.634277 0.000000 212.717590 0.000000 0.997833 0.000000 0.065793 0.543400 0.543400 0.543400
4459.897461 0.000000 265.409485 0.000000 0.986087 0.000000 0.166232 0.538075 0.538075 0.538075
4408.403809 0.000000 227.402023 0.000000 0.794836 0.000000 0.606824 0.515977 0.515977 0.515977
4391.593262 0.000000 230.593124 0.000000 0.996247 0.000000 0.086553 0.545240 0.545240 0.545240
4395.033691 0.000000 199.832626 0.000000 0.917179 0.000000 0.398476 0.528615 0.528615 0.528615
4400.519531 0.000000 194.904312 0.000000 0.620073 0.000000 0.784544 0.494268 0.494268 0.494268
4396.373047 0.000000 277.231201 0.000000 0.331161 0.000000 0.943574 0.485651 0.485651 0.485651
4414.178223 0.000000 287.925110 0.000000 0.888102 0.000000 0.459646 0.525080 0.525080 0.525080
4408.400391 0.000000 248.835358 0.000000 0.396257 0.000000 0.918140 0.489298 0.489298 0.489298
4420.423340 0.000000 284.793701 0.000000 0.796562 0.000000 0.604557 0.516126 0.516126 0.516126
4403.582520 0.000000 224.378723 0.000000 0.372757 0.000000 0.927929 0.487970 0.487970 0.487970
4408.108887 0.000000 258.709656 0.000000 0.992670 0.000000 0.120855 0.543679 0.543679 0.543679
4434.447754 0.000000 248.101776 0.000000 0.989165 0.000000 0.146806 0.542312 0.542312 0.542312
4431.910156 0.000000 230.031784 0.000000 0.983011 0.000000 0.183546 0.540368 0.540368 0.540368
4447.268066 0.000000 238.521835 0.000000 0.664426 0.000000 0.747354 0.505958 0.505958 0.505958
4415.115234 0.000000 250.426575 0.000000 0.987240 0.000000 -0.159238 0.558344 0.558344 0.558344
4460.447754 0.000000 228.602325 0.000000 0.596556 0.000000 0.802572 0.501391 0.501391 0.501391
4405.109375 0.000000 208.275696 0.000000 0.963773 0.000000 0.266725 0.521825 0.521825 0.521825
4449.810547 0.000000 246.376160 0.000000 0.973544 0.000000 0.228498 0.537971 0.537971 0.537971
4391.607422 0.000000 277.959534 0.000000 0.994656 0.000000 -0.103245 0.555397 0.555397 0.555397
4395.517090 0.000000 221.112946 0.000000 0.694962 0.000000 0.719046 0.466262 0.466262 0.466262
4404.669922 0.000000 230.709229 0.000000 0.576641 0.000000 0.816998 0.500108 0.500108 0.500108
4441.773926 0.000000 241.444595 0.000000 0.793222 0.000000 0.608933 0.515838 0.515838 0.515838
4406.894531 0.000000 204.198563 0.000000 0.964534 0.000000 0.263958 0.536062 0.536062 0.536062
4408.598633 0.000000 268.968994 0.000000 0.837915 0.000000 0.545801 0.519875 0.519875 0.519875
4412.496582 0.000000 246.765549 0.000000 0.735096 0.000000 0.677963 0.513174 0.513174 0.513174
4453.733887 0.000000 231.648651 0.000000 0.987795 0.000000 -0.155760 0.558160 0.558160 0.558160
4413.825684 0.000000 276.382446 0.000000 0.997910 0.000000 -0.064611 0.553374 0.553374 0.553374
4397.175293 0.000000 204.043533 0.000000 0.999233 0.000000 -0.039154 0.551882 0.551882 0.551882
4421.160156 0.000000 208.119659 0.000000 0.540757 0.000000 0.841179 0.497850 0.497850 0.497850
4410.125977 0.000000 238.460968 0.000000 0.671079 0.000000 0.741385 0.506425 0.506425 0.506425
4396.342773 0.000000 195.534500 0.000000 0.992752 0.000000 0.120182 0.543714 0.543714 0.543714
4402.718750 0.000000 235.979645 0.000000 0.916536 0.000000 0.399953 0.531356 0.531356 0.531356
4457.502441 0.000000 253.742493 0.000000 0.985430 0.000000 0.170079 0.531695 0.531695 0.531695
4418.076660 0.000000 265.617737 0.000000 0.352681 0.000000 0.935744 0.463579 0.463579 0.463579
4452.547852 0.000000 237.611237 0.000000 0.867307 0.000000 0.497774 0.522814 0.522814 0.522814
4435.296875 0.000000 239.489853 0.000000 0.404366 0.000000 0.914597 0.489760 0.489760 0.489760
4456.457520 0.000000 198.432602 0.000000 0.448660 0.000000 0.893703 0.492316 0.492316 0.492316
4416.325684 0.000000 284.366241 0.000000 0.828941 0.000000 0.559336 0.519028 0.519028 0.519028
4423.768555 0.000000 226.422028 0.000000 0.568237 0.000000 0.822865 0.449147 0.449147 0.449147
4460.788086 0.000000 256.438782 0.000000 0.437994 0.000000 0.898978 0.433390 0.433390 0.433390
4415.078125 0.000000 212.915588 0.000000 0.665963 0.000000 0.745984 0.506066 0.506066 0.506066
4436.112305 0.000000 282.895569 0.000000 0.439422 0.000000 0.898281 0.384526 0.384526 0.384526
4417.485352 0.000000 200.780533 0.000000 0.707896 0.000000 0.706316 0.509078 0.509078 0.509078
4414.206055 0.000000 216.779724 0.000000 0.403221 0.000000 0.915103 0.489695 0.489695 0.489695
4455.387695 0.000000 218.051437 0.000000 0.997486 0.000000 0.070859 0.546300 0.546300 0.546300
4427.750000 0.000000 207.862122 0.000000 0.995988 0.000000 0.089488 0.545324 0.545324 0.545324
4402.419922 0.000000 265.860016 0.000000 0.988758 0.000000 0.149524 0.542169 0.542169 0.542169
4424.421387 0.000000 284.635437 0.000000 0.391905 0.000000 0.920006 0.489051 0.489051 0.489051
4403.166504 0.000000 216.561111 0.000000 0.402190 0.000000 0.915556 0.429272 0.429272 0.429272
4404.169434 0.000000 220.562057 0.000000 0.997486 0.000000 -0.070867 0.553701 0.553701 0.553701
4453.263672 0.000000 253.402405 0.000000 0.928711 0.000000 0.370803 0.510358 0.510358 0.510358
4431.383301 0.000000 250.325333 0.000000 0.978030 0.000000 0.208465 0.528085 0.528085 0.528085
4457.328613 0.000000 268.357117 0.000000 0.996843 0.000000 -0.079398 0.558294 0.558294 0.558294
4403.730957 0.000000 192.470551 0.000000 0.989440 0.000000 -0.144941 0.559587 0.559587 0.559587
4444.127441 0.000000 223.460022 0.000000 0.911932 0.000000 0.410341 0.527938 0.527938 0.527938
4412.720703 0.000000 227.768768 0.000000 0.333145 0.000000 0.942876 0.485761 0.485761 0.485761
4458.108398 0.000000 225.596863 0.000000 0.997547 0.000000 0.070006 0.546344 0.546344 0.546344
4395.010742 0.000000 273.528473 0.000000 0.996040 0.000000 -0.088910 0.554645 0.554645 0.554645
4410.556152 0.000000 203.622253 0.000000 0.778399 0.000000 0.627770 0.507132 0.507132 0.507132
4461.566895 0.000000 232.087250 0.000000 0.986519 0.000000 0.163646 0.541423 0.541423 0.541423
4410.821777 0.000000 234.869690 0.000000 0.921240 0.000000 0.388995 0.529153 0.529153 0.529153
4439.043457 0.000000 238.994919 0.000000 0.936435 0.000000 0.350841 0.531296 0.531296 0.531296
4458.163574 0.000000 280.744446 0.000000 0.942239 0.000000 0.334940 0.532179 0.532179 0.532179
4392.607910 0.000000 241.512360 0.000000 0.979743 0.000000 0.200261 0.539480 0.539480 0.539480
4412.602051 0.000000 199.908844 0.000000 0.944250 0.000000 0.329228 0.530652 0.530652 0.530652
4453.331055 0.000000 223.873352 0.000000 0.810245 0.000000 0.586091 0.517325 0.517325 0.517325
4423.255371 0.000000 233.395660 0.000000 0.949492 0.000000 0.313792 0.532469 0.532469 0.532469
4459.719238 0.000000 199.871506 0.000000 0.858508 0.000000 0.512801 0.521905 0.521905 0.521905
4423.054199 0.000000 201.650879 0.000000 0.510185 0.000000 0.860065 0.495975 0.495975 0.495975
4447.627441 0.000000 257.084717 0.000000 0.594597 0.000000 0.804024 0.403793 0.403793 0.403793
4445.844238 0.000000 215.953293 0.000000 0.388392 0.000000 0.921494 0.488852 0.488852 0.488852
4456.563477 0.000000 206.193756 0.000000 0.935883 0.000000 0.352310 0.531214 0.531214 0.531214
4398.164551 0.000000 192.101151 0.000000 0.784514 0.000000 0.620111 0.515099 0.515099 0.515099
4417.892090 0.000000 235.731537 0.000000 0.727001 0.000000 0.686636 0.510509 0.510509 0.510509
4450.189941 0.000000 205.332153 0.000000 0.654908 0.000000 0.755708 0.505297 0.505297 0.505297
4435.598145 0.000000 286.656586 0.000000 0.832356 0.000000 0.554242 0.519348 0.519348 0.519348
4402.743164 0.000000 272.737122 0.000000 0.999986 0.000000 0.005386 0.549719 0.549719 0.549719
4417.257324 0.000000 205.612640 0.000000 0.896481 0.000000 0.443082 0.526049 0.526049 0.526049
4453.475098 0.000000 200.656601 0.000000 0.996795 0.000000 0.079997 0.545821 0.545821 0.545821
4447.181152 0.000000 248.779907 0.000000 0.508783 0.000000 0.860895 0.495890 0.495890 0.495890
4453.821777 0.000000 259.438232 0.000000 0.332525 0.000000 0.943094 0.367328 0.367328 0.367328
4412.951660 0.000000 210.216431 0.000000 0.775383 0.000000 0.631491 0.514338 0.514338 0.514338
4413.248535 0.000000 239.890213 0.000000 0.920064 0.000000 0.391769 0.528996 0.528996 0.528996
4445.711426 0.000000 235.441559 0.000000 0.608753 0.000000 0.793360 0.502189 0.502189 0.502189
4395.085449 0.000000 217.638275 0.000000 0.641253 0.000000 0.767329 0.458724 0.458724 0.458724
4417.229492 0.000000 222.677475 0.000000 0.738385 0.000000 0.674380 0.511382 0.511382 0.511382
4442.196289 0.000000 283.859924 0.000000 0.842230 0.000000 0.539119 0.490581 0.490581 0.490581
4433.902344 0.000000 257.487335 0.000000 0.760897 0.000000 0.648873 0.476314 0.476314 0.476314
4454.866699 0.000000 241.898621 0.000000 0.351171 0.000000 0.936311 0.453478 0.453478 0.453478
4405.897949 0.000000 266.689514 0.000000 0.521638 0.000000 0.853167 0.496673 0.496673 0.496673
4455.626953 0.000000 209.496445 0.000000 0.335367 0.000000 0.942087 0.485884 0.485884 0.485884
4404.806641 0.000000 227.387115 0.000000 0.871851 0.000000 0.489771 0.523294 0.523294 0.523294
4448.653809 0.000000 265.070129 0.000000 0.478910 0.000000 0.877864 0.329332 0.329332 0.329332
4422.390137 0.000000 240.008713 0.000000 0.660179 0.000000 0.751109 0.505662 0.505662 0.505662
4425.896973 0.000000 245.420715 0.000000 0.998010 0.000000 -0.063059 0.553292 0.553292 0.553292
4406.538086 0.000000 277.025452 0.000000 0.914103 0.000000 0.405483 0.528215 0.528215 0.528215
4442.061035 0.000000 221.052673 0.000000 0.892429 0.000000 0.451188 0.524290 0.524290 0.524290
4413.597168 0.000000 270.300140 0.000000 0.995364 0.000000 0.096174 0.543784 0.543784 0.543784
4409.038574 0.000000 281.682465 0.000000 0.951780 0.000000 0.306782 0.533730 0.533730 0.533730
4417.713379 0.000000 258.303101 0.000000 0.981571 0.000000 0.191096 0.542607 0.542607 0.542607
4416.622559 0.000000 269.014435 0.000000 0.821765 0.000000 0.569826 0.455095 0.455095 0.455095
4449.779297 0.000000 198.777802 0.000000 0.510608 0.000000 0.859813 0.496001 0.496001 0.496001
4422.307129 0.000000 282.316315 0.000000 0.595950 0.000000 0.803021 0.501352 0.501352 0.501352
4416.796875 0.000000 277.847473 0.000000 0.949199 0.000000 0.314677 0.521869 0.521869 0.521869
4430.721680 0.000000 194.618912 0.000000 0.745464 0.000000 0.666546 0.499912 0.499912 0.499912
4409.029785 0.000000 252.251511 0.000000 0.544509 0.000000 0.838755 0.498083 0.498083 0.498083
4408.425781 0.000000 255.696838 0.000000 0.609259 0.000000 0.792971 0.502222 0.502222 0.502222
4462.605469 0.000000 263.462372 0.000000 0.452643 0.000000 0.891692 0.492549 0.492549 0.492549
4460.012207 0.000000 213.177704 0.000000 0.998479 0.000000 -0.055140 0.552878 0.552878 0.552878
4430.351562 0.000000 286.771210 0.000000 0.999110 0.000000 -0.042184 0.552202 0.552202 0.552202
4412.189453 0.000000 279.991821 0.000000 0.945643 0.000000 0.325207 0.532717 0.532717 0.532717
4407.065430 0.000000 238.259598 0.000000 0.908564 0.000000 0.417746 0.505027 0.505027 0.505027
4434.581543 0.000000 228.016769 0.000000 0.900072 0.000000 0.435741 0.526475 0.526475 0.526475
4423.500977 0.000000 222.975067 0.000000 0.998996 0.000000 0.044806 0.547661 0.547661 0.547661
4438.849609 0.000000 227.026474 0.000000 0.357692 0.000000 0.933839 0.500362 0.500362 0.500362
4430.547852 0.000000 239.427979 0.000000 0.818249 0.000000 0.574864 0.518044 0.518044 0.518044
4449.439453 0.000000 254.600113 0.000000 0.554367 0.000000 0.832273 0.396097 0.396097 0.396097
4458.896484 0.000000 283.560547 0.000000 0.358195 0.000000 0.933647 0.492115 0.492115 0.492115
4462.076172 0.000000 226.089050 0.000000 0.334875 0.000000 0.942262 0.485857 0.485857 0.485857
4418.114746 0.000000 286.742859 0.000000 0.929683 0.000000 0.368361 0.530316 0.530316 0.530316
4392.728027 0.000000 215.538925 0.000000 0.999962 0.000000 0.008682 0.549094 0.549094 0.549094
4424.112793 0.000000 207.494156 0.000000 0.566048 0.000000 0.824372 0.499435 0.499435 0.499435
4399.274902 0.000000 201.912308 0.000000 0.694097 0.000000 0.719882 0.508068 0.508068 0.508068
4392.546875 0.000000 275.082947 0.000000 0.938223 0.000000 0.346032 0.531564 0.531564 0.531564
4442.193848 0.000000 244.297272 0.000000 0.754885 0.000000 0.655857 0.512676 0.512676 0.512676
4399.068359 0.000000 229.242950 0.000000 0.999878 0.000000 -0.015649 0.550817 0.550817 0.550817
4442.844238 0.000000 233.756256 0.000000 0.658720 0.000000 0.752388 0.505561 0.505561 0.505561
4405.047852 0.000000 195.059662 0.000000 0.995616 0.000000 -0.093537 0.556174 0.556174 0.556174
4441.047363 0.000000 249.514908 0.000000 0.974071 0.000000 0.226243 0.538092 0.538092 0.538092
4452.612305 0.000000 217.228195 0.000000 0.402525 0.000000 0.915409 0.489655 0.489655 0.489655
4415.301758 0.000000 247.559723 0.000000 0.637624 0.000000 0.770348 0.504116 0.504116 0.504116
4459.158203 0.000000 196.934021 0.000000 0.418788 0.000000 0.908084 0.490586 0.490586 0.490586
4432.310547 0.000000 200.181122 0.000000 0.999817 0.000000 -0.019137 0.550999 0.550999 0.550999
4392.901367 0.000000 280.496826 0.000000 0.821846 0.000000 0.569709 0.518372 0.518372 0.518372
4451.971680 0.000000 244.378464 0.000000 0.662693 0.000000 0.748891 0.505837 0.505837 0.505837
4449.675781 0.000000 259.482971 0.000000 0.590036 0.000000 0.807377 0.391294 0.391294 0.391294
4417.846680 0.000000 282.030640 0.000000 0.754054 0.000000 0.656812 0.512610 0.512610 0.512610
4396.541992 0.000000 267.252594 0.000000 0.497873 0.000000 0.867250 0.495231 0.495231 0.495231
4457.833008 0.000000 260.555481 0.000000 0.975375 0.000000 0.220551 0.529236 0.529236 0.529236
4455.276367 0.000000 275.863037 0.000000 0.800596 0.000000 0.599205 0.482951 0.482951 0.482951
4405.083496 0.000000 247.274780 0.000000 0.478801 0.000000 0.877924 0.499976 0.499976 0.499976
4411.238281 0.000000 220.786591 0.000000 0.959948 0.000000 0.280178 0.535183 0.535183 0.535183
4449.927246 0.000000 239.166718 0.000000 0.986074 0.000000 -0.166308 0.558718 0.558718 0.558718
4398.567383 0.000000 280.381226 0.000000 0.900743 0.000000 0.434352 0.526555 0.526555 0.526555
4400.518066 0.000000 204.340942 0.000000 0.863604 0.000000 0.504171 0.522428 0.522428 0.522428
4391.854004 0.000000 210.031799 0.000000 0.719056 0.000000 0.694952 0.510964 0.510964 0.510964
4454.218750 0.000000 211.842499 0.000000 0.999898 0.000000 -0.014294 0.550746 0.550746 0.550746
4402.094727 0.000000 199.263626 0.000000 0.977660 0.000000 0.210195 0.538950 0.538950 0.538950
4455.867676 0.000000 215.311005 0.000000 0.416633 0.000000 0.909075 0.490462 0.490462 0.490462
4420.412109 0.000000 200.830505 0.000000 0.809478 0.000000 0.587151 0.517257 0.517257 0.517257
4434.558105 0.000000 242.482559 0.000000 0.937156 0.000000 0.348911 0.531403 0.531403 0.531403
4421.402832 0.000000 221.259796 0.000000 0.780808 0.000000 0.624771 0.514788 0.514788 0.514788
4395.268555 0.000000 192.990555 0.000000 0.509216 0.000000 0.860638 0.495916 0.495916 0.495916
4448.268555 0.000000 236.038422 0.000000 0.978087 0.000000 0.208198 0.539057 0.539057 0.539057
4422.936523 0.000000 204.884552 0.000000 0.550350 0.000000 0.834934 0.498448 0.498448 0.498448
4459.353516 0.000000 205.962067 0.000000 0.765436 0.000000 0.643512 0.513524 0.513524 0.513524
4460.775879 0.000000 234.589462 0.000000 0.532698 0.000000 0.846305 0.489039 0.489039 0.489039
4434.752441 0.000000 235.857910 0.000000 0.881821 0.000000 0.471584 0.524376 0.524376 0.524376
4445.874512 0.000000 273.225983 0.000000 0.332647 0.000000 0.943051 0.414701 0.414701 0.414701
4408.971191 0.000000 271.609772 0.000000 0.995959 0.000000 0.089811 0.545308 0.545308 0.545308
4446.566895 0.000000 251.293915 0.000000 0.967961 0.000000 0.251099 0.536408 0.536408 0.536408
4462.365723 0.000000 193.926666 0.000000 0.901315 0.000000 0.433165 0.526624 0.526624 0.526624
4409.205078 0.000000 215.982849 0.000000 0.440423 0.000000 0.897790 0.491836 0.491836 0.491836
4444.762207 0.000000 262.163544 0.000000 0.344367 0.000000 0.938835 0.295532 0.295532 0.295532
4436.320312 0.000000 249.880066 0.000000 0.810312 0.000000 0.585999 0.517331 0.517331 0.517331
4392.112793 0.000000 269.585541 0.000000 0.999641 0.000000 0.026774 0.548603 0.548603 0.548603
4410.674316 0.000000 211.473114 0.000000 0.947033 0.000000 0.321137 0.532942 0.532942 0.532942
4400.132812 0.000000 213.381958 0.000000 0.712768 0.000000 0.701400 0.468878 0.468878 0.468878
4402.955078 0.000000 279.237610 0.000000 0.757565 0.000000 0.652759 0.512890 0.512890 0.512890
4442.344238 0.000000 270.236542 0.000000 0.966811 0.000000 0.255494 0.508849 0.508849 0.508849
4463.368652 0.000000 250.451996 0.000000 0.617340 0.000000 0.786696 0.408268 0.408268 0.408268
4447.754883 0.000000 204.640640 0.000000 0.873429 0.000000 0.486952 0.519971 0.519971 0.519971
4447.332031 0.000000 270.346741 0.000000 0.775016 0.000000 0.631942 0.447619 0.447619 0.447619
4435.793457 0.000000 213.847122 0.000000 0.766659 0.000000 0.642054 0.508836 0.508836 0.508836
4459.326660 0.000000 258.572754 0.000000 0.551121 0.000000 0.834425 0.452413 0.452413 0.452413
4459.937012 0.000000 268.254089 0.000000 0.717964 0.000000 0.696080 0.469654 0.469654 0.469654
4429.191406 0.000000 264.137726 0.000000 0.843417 0.000000 0.537260 0.473677 0.473677 0.473677
4411.614258 0.000000 205.786697 0.000000 0.905947 0.000000 0.423391 0.522386 0.522386 0.522386
4447.196289 0.000000 263.123657 0.000000 0.822230 0.000000 0.569156 0.423630 0.423630 0.423630
4436.802734 0.000000 202.802368 0.000000 0.676800 0.000000 0.736167 0.463657 0.463657 0.463657
4430.211914 0.000000 283.522064 0.000000 0.999930 0.000000 -0.011821 0.551412 0.551412 0.551412
4441.921387 0.000000 257.119934 0.000000 0.971282 0.000000 0.237929 0.518003 0.518003 0.518003
4419.924805 0.000000 264.009491 0.000000 0.486493 0.000000 0.873685 0.474120 0.474120 0.474120
4393.727539 0.000000 222.657349 0.000000 0.999627 0.000000 -0.027324 0.552852 0.552852 0.552852
4408.659668 0.000000 233.622253 0.000000 0.947936 0.000000 0.318460 0.528639 0.528639 0.528639
4455.503906 0.000000 252.421143 0.000000 0.998722 0.000000 -0.050549 0.555277 0.555277 0.555277
4404.245605 0.000000 210.602798 0.000000 0.863892 0.000000 0.503677 0.494916 0.494916 0.494916
4450.896973 0.000000 264.475769 0.000000 0.999916 0.000000 0.012943 0.547512 0.547512 0.547512
4453.250977 0.000000 261.680206 0.000000 0.412554 0.000000 0.910933 0.356528 0.356528 0.356528
4435.177734 0.000000 270.862762 0.000000 0.930213 0.000000 0.367020 0.457633 0.457633 0.457633
4426.829590 0.000000 257.888275 0.000000 0.947614 0.000000 0.319419 0.516072 0.516072 0.516072
4409.474609 0.000000 240.616257 0.000000 0.972200 0.000000 0.234152 0.530204 0.530204 0.530204
4398.236328 0.000000 206.033432 0.000000 0.996143 0.000000 0.087741 0.541435 0.541435 0.541435
4396.693359 0.000000 210.331131 0.000000 0.505428 0.000000 0.862869 0.441374 0.441374 0.441374
4397.485352 0.000000 216.683243 0.000000 0.476348 0.000000 0.879257 0.437891 0.437891 0.437891
4402.677734 0.000000 218.930313 0.000000 0.957758 0.000000 0.287577 0.523165 0.523165 0.523165
4432.539551 0.000000 252.438873 0.000000 0.905649 0.000000 0.424028 0.504304 0.504304 0.504304
4433.635254 0.000000 250.368256 0.000000 0.998136 0.000000 0.061029 0.544214 0.544214 0.544214
4449.546875 0.000000 270.385681 0.000000 0.991523 0.000000 -0.129929 0.563597 0.563597 0.563597
4394.296875 0.000000 214.004547 0.000000 0.843113 0.000000 0.537736 0.490752 0.490752 0.490752
4455.634766 0.000000 269.703674 0.000000 0.996206 0.000000 -0.087028 0.559093 0.559093 0.559093
4445.287598 0.000000 200.704468 0.000000 0.990017 0.000000 -0.140947 0.564758 0.564758 0.564758
4417.734375 0.000000 270.942932 0.000000 0.938279 0.000000 0.345879 0.494716 0.494716 0.494716
4437.061523 0.000000 285.024078 0.000000 0.965232 0.000000 0.261395 0.525306 0.525306 0.525306
4451.448730 0.000000 252.262878 0.000000 0.958277 0.000000 0.285840 0.517759 0.517759 0.517759
4455.890137 0.000000 273.662109 0.000000 0.899979 0.000000 0.435934 0.502928 0.502928 0.502928
4423.581055 0.000000 228.738785 0.000000 0.939062 0.000000 0.343747 0.513863 0.513863 0.513863
4425.243652 0.000000 268.189392 0.000000 0.938628 0.000000 0.344931 0.494874 0.494874 0.494874
4416.293945 0.000000 266.889282 0.000000 0.891124 0.000000 0.453761 0.490503 0.490503 0.490503
4405.424316 0.000000 242.835815 0.000000 0.968488 0.000000 0.249062 0.524424 0.524424 0.524424
4440.208496 0.000000 203.116608 0.000000 0.852949 0.000000 0.521994 0.492689 0.492689 0.492689
4444.428223 0.000000 252.004425 0.000000 0.625757 0.000000 0.780018 0.475061 0.475061 0.475061
4410.235840 0.000000 232.245544 0.000000 0.682091 0.000000 0.731268 0.482429 0.482429 0.482429
4443.684082 0.000000 268.486450 0.000000 0.926170 0.000000 0.377106 0.476200 0.476200 0.476200
4448.930176 0.000000 261.921021 0.000000 0.958527 0.000000 0.285002 0.491665 0.491665 0.491665
4458.510742 0.000000 270.055145 0.000000 0.904452 0.000000 0.426575 0.504010 0.504010 0.504010
4434.794434 0.000000 268.806671 0.000000 0.999869 0.000000 -0.016190 0.553379 0.553379 0.553379
4441.216309 0.000000 282.012390 0.000000 0.365567 0.000000 0.930785 0.415275 0.415275 0.415275
4406.198242 0.000000 210.085327 0.000000 0.734486 0.000000 0.678623 0.472162 0.472162 0.472162
4418.261230 0.000000 267.745667 0.000000 0.985426 0.000000 0.170107 0.529110 0.529110 0.529110
4420.993164 0.000000 274.848114 0.000000 0.999995 0.000000 -0.003110 0.550465 0.550465 0.550465
4436.829102 0.000000 252.172379 0.000000 0.678702 0.000000 0.734414 0.463927 0.463927 0.463927
4402.243164 0.000000 239.005188 0.000000 0.933909 0.000000 0.357510 0.513856 0.513856 0.513856
4435.315430 0.000000 211.840866 0.000000 0.590136 0.000000 0.807304 0.449370 0.449370 0.449370
4421.942871 0.000000 227.694336 0.000000 0.675390 0.000000 0.737461 0.463457 0.463457 0.463457
4433.992676 0.000000 259.478333 0.000000 0.400954 0.000000 0.916098 0.376649 0.376649 0.376649
4458.384277 0.000000 266.637695 0.000000 0.882281 0.000000 0.470723 0.503565 0.503565 0.503565
4424.582031 0.000000 276.834381 0.000000 0.720458 0.000000 0.693499 0.437409 0.437409 0.437409
4443.362305 0.000000 275.750977 0.000000 0.946983 0.000000 0.321283 0.500597 0.500597 0.500597
4458.639160 0.000000 238.259949 0.000000 1.000000 0.000000 0.000977 0.549898 0.549898 0.549898
4463.304199 0.000000 236.137421 0.000000 0.432092 0.000000 0.901830 0.432706 0.432706 0.432706
4453.292969 0.000000 257.526642 0.000000 0.995861 0.000000 0.090885 0.536504 0.536504 0.536504
4427.038086 0.000000 253.871933 0.000000 0.840965 0.000000 0.541090 0.490336 0.490336 0.490336
4447.389160 0.000000 255.183624 0.000000 0.470917 0.000000 0.882177 0.380871 0.380871 0.380871
4418.281250 0.000000 233.816711 0.000000 0.803086 0.000000 0.595863 0.483386 0.483386 0.483386
4445.576172 0.000000 198.834534 0.000000 0.984496 0.000000 0.175406 0.531600 0.531600 0.531600
4432.742188 0.000000 265.659943 0.000000 0.413849 0.000000 0.910346 0.355197 0.355197 0.355197
4443.338867 0.000000 271.840759 0.000000 0.560293 0.000000 0.828295 0.394534 0.394534 0.394534
4441.162598 0.000000 285.449646 0.000000 0.699291 0.000000 0.714837 0.466892 0.466892 0.466892
4452.607910 0.000000 275.096375 0.000000 0.917935 0.000000 0.396730 0.507428 0.507428 0.507428
4421.351074 0.000000 268.789520 0.000000 0.330958 0.000000 0.943645 0.356919 0.356919 0.356919
4455.784180 0.000000 246.761536 0.000000 0.998006 0.000000 -0.063115 0.557805 0.557805 0.557805
4459.804199 0.000000 252.236145 0.000000 0.968167 0.000000 0.250306 0.520124 0.520124 0.520124
4440.972168 0.000000 260.452026 0.000000 0.888060 0.000000 0.459727 0.450301 0.450301 0.450301
4462.089844 0.000000 249.258423 0.000000 0.425845 0.000000 0.904796 0.391610 0.391610 0.391610
4457.166504 0.000000 251.927856 0.000000 0.900103 0.000000 0.435677 0.486245 0.486245 0.486245
4433.311523 0.000000 262.016632 0.000000 0.880220 0.000000 0.474566 0.471241 0.471241 0.471241
4449.788086 0.000000 275.104584 0.000000 0.487158 0.000000 0.873314 0.410014 0.410014 0.410014
4423.177734 0.000000 271.722656 0.000000 0.957093 0.000000 0.289782 0.503979 0.503979 0.503979
4449.578125 0.000000 263.435699 0.000000 0.574806 0.000000 0.818290 0.349965 0.349965 0.349965
4437.728027 0.000000 283.421265 0.000000 0.976522 0.000000 0.215416 0.517802 0.517802 0.517802
4447.875977 0.000000 280.178986 0.000000 0.369643 0.000000 0.929174 0.365022 0.365022 0.365022
4431.065430 0.000000 264.260498 0.000000 0.998676 0.000000 0.051439 0.540602 0.540602 0.540602
4451.994629 0.000000 260.604553 0.000000 0.997720 0.000000 -0.067486 0.563169 0.563169 0.563169
4433.622070 0.000000 283.320953 0.000000 0.897493 0.000000 0.441029 0.483521 0.483521 0.483521
4433.604004 0.000000 277.574738 0.000000 0.832760 0.000000 0.553634 0.427545 0.427545 0.427545
4437.006348 0.000000 259.414612 0.000000 0.999941 0.000000 -0.010839 0.551905 0.551905 0.551905
4439.672363 0.000000 208.772705 0.000000 0.569925 0.000000 0.821696 0.413608 0.413608 0.413608
4441.248047 0.000000 269.037659 0.000000 0.999785 0.000000 0.020716 0.545790 0.545790 0.545790
4417.458984 0.000000 273.536621 0.000000 0.988304 0.000000 0.152493 0.526036 0.526036 0.526036
4448.774902 0.000000 256.022156 0.000000 0.992514 0.000000 0.122132 0.530834 0.530834 0.530834
4443.521484 0.000000 261.230255 0.000000 0.921841 0.000000 0.387567 0.466935 0.466935 0.466935
4445.955078 0.000000 269.546295 0.000000 0.796571 0.000000 0.604545 0.443031 0.443031 0.443031
4418.161133 0.000000 269.435059 0.000000 0.976627 0.000000 0.214943 0.516090 0.516090 0.516090
4434.136230 0.000000 264.104156 0.000000 0.836703 0.000000 0.547657 0.458483 0.458483 0.458483
4444.985352 0.000000 266.433899 0.000000 0.835022 0.000000 0.550216 0.458800 0.458800 0.458800
4436.692871 0.000000 270.630951 0.000000 0.739030 0.000000 0.673673 0.391668 0.391668 0.391668
4427.570312 0.000000 274.260986 0.000000 0.407449 0.000000 0.913228 0.309744 0.309744 0.309744
4436.112305 0.000000 263.559601 0.000000 0.402623 0.000000 0.915366 0.330873 0.330873 0.330873
4434.392090 0.000000 260.992035 0.000000 0.503451 0.000000 0.864024 0.353757 0.353757 0.353757
4440.514648 0.000000 270.332825 0.000000 0.976039 0.000000 0.217595 0.510544 0.510544 0.510544
4433.766113 0.000000 271.135071 0.000000 0.412771 0.000000 0.910835 0.238622 0.238622 0.238622
4450.289551 0.000000 260.835907 0.000000 0.842602 0.000000 0.538536 0.439115 0.439115 0.439115
4430.381348 0.000000 277.662903 0.000000 0.894475 0.000000 0.447117 0.453254 0.453254 0.453254
4436.200195 0.000000 272.010071 0.000000 0.998800 0.000000 0.048972 0.537219 0.537219 0.537219
4431.494141 0.000000 272.551025 0.000000 0.952963 0.000000 0.303088 0.476006 0.476006 0.476006
4432.774902 0.000000 278.743805 0.000000 0.997425 0.000000 0.071722 0.536595 0.536595 0.536595
4439.652344 0.000000 260.046234 0.000000 0.447065 0.000000 0.894502 0.318891 0.318891 0.318891
4432.548828 0.000000 268.673492 0.000000 0.989697 0.000000 0.143175 0.518634 0.518634 0.518634
4439.658203 0.000000 263.311005 0.000000 0.969723 0.000000 0.244208 0.500204 0.500204 0.500204
4440.872559 0.000000 277.356445 0.000000 0.982675 0.000000 0.185335 0.511094 0.511094 0.511094
4436.448242 0.000000 277.522552 0.000000 0.987927 0.000000 -0.154920 0.582464 0.582464 0.582464
4437.485352 0.000000 275.359497 0.000000 0.984826 0.000000 0.173547 0.510002 0.510002 0.510002
4437.039551 0.000000 272.863037 0.000000 0.977589 0.000000 0.210521 0.494663 0.494663 0.494663
4432.851562 0.000000 288.358856 0.000000 0.788414 0.000000 0.615145 0.515429 0.515429 0.515429
4417.791016 0.000000 289.734680 0.000000 0.905336 0.000000 0.424695 0.527716 0.527716 0.527716
4409.764648 0.000000 292.498962 0.000000 0.827612 0.000000 0.561301 0.518904 0.518904 0.518904
4424.161133 0.000000 291.332764 0.000000 0.995375 0.000000 0.096067 0.546169 0.546169 0.546169
4415.068359 0.000000 289.310913 0.000000 0.988949 0.000000 0.148259 0.542236 0.542236 0.542236
4482.196777 0.000000 207.814972 0.000000 0.777254 0.000000 0.629187 0.514493 0.514493 0.514493
4513.660156 0.000000 195.585190 0.000000 0.468263 0.000000 0.883589 0.425032 0.425032 0.425032
4494.027344 0.000000 192.279068 0.000000 0.996539 0.000000 -0.083127 0.558685 0.558685 0.558685
4488.472656 0.000000 227.352386 0.000000 0.988203 0.000000 0.153152 0.533743 0.533743 0.533743
4489.979980 0.000000 246.180130 0.000000 0.987295 0.000000 -0.158896 0.558764 0.558764 0.558764
4503.013672 0.000000 202.948242 0.000000 0.830422 0.000000 0.557135 0.519166 0.519166 0.519166
4478.850586 0.000000 235.219513 0.000000 0.946959 0.000000 0.321353 0.532930 0.532930 0.532930
4465.205078 0.000000 283.381409 0.000000 0.726677 0.000000 0.686979 0.531282 0.531282 0.531282
4499.763184 0.000000 226.336548 0.000000 0.891720 0.000000 0.452588 0.500988 0.500988 0.500988
4513.100586 0.000000 204.969269 0.000000 0.961183 0.000000 0.275913 0.522748 0.522748 0.522748
4524.265137 0.000000 220.390823 0.000000 0.893053 0.000000 0.449951 0.539747 0.539747 0.539747
4521.422363 0.000000 192.007370 0.000000 0.999686 0.000000 0.025059 0.547213 0.547213 0.547213
4486.950195 0.000000 197.106628 0.000000 0.401507 0.000000 0.915856 0.426015 0.426015 0.426015
4471.828125 0.000000 239.327515 0.000000 0.404144 0.000000 0.914696 0.423152 0.423152 0.423152
4463.585449 0.000000 230.593124 0.000000 0.679204 0.000000 0.733949 0.506999 0.506999 0.506999
4505.367188 0.000000 222.042435 0.000000 0.892234 0.000000 0.451573 0.525553 0.525553 0.525553
4472.139160 0.000000 232.640213 0.000000 0.999171 0.000000 0.040702 0.547820 0.547820 0.547820
4480.842773 0.000000 200.099091 0.000000 0.852570 0.000000 0.522612 0.509225 0.509225 0.509225
4534.955566 0.000000 212.512482 0.000000 0.967207 0.000000 0.253989 0.536601 0.536601 0.536601
4484.183594 0.000000 231.441895 0.000000 0.979472 0.000000 0.201582 0.539409 0.539409 0.539409
4492.409668 0.000000 223.850647 0.000000 0.999901 0.000000 0.014078 0.548280 0.548280 0.548280
4503.902344 0.000000 230.031784 0.000000 0.861439 0.000000 0.507860 0.537565 0.537565 0.537565
4492.277344 0.000000 197.970749 0.000000 0.858792 0.000000 0.512324 0.505686 0.505686 0.505686
4467.604492 0.000000 234.756470 0.000000 0.940051 0.000000 0.341035 0.522762 0.522762 0.522762
4515.146484 0.000000 200.479721 0.000000 0.630810 0.000000 0.775937 0.467068 0.467068 0.467068
4476.382812 0.000000 197.861450 0.000000 0.719312 0.000000 0.694687 0.509928 0.509928 0.509928
4509.821777 0.000000 192.453812 0.000000 0.956203 0.000000 0.292703 0.514922 0.514922 0.514922
4516.689941 0.000000 192.210373 0.000000 0.660384 0.000000 0.750928 0.460187 0.460187 0.460187
4482.741699 0.000000 223.495712 0.000000 0.891856 0.000000 0.452319 0.525510 0.525510 0.525510
4478.886719 0.000000 204.198563 0.000000 0.987000 0.000000 -0.160718 0.558422 0.558422 0.558422
4493.152344 0.000000 208.119659 0.000000 0.611959 0.000000 0.790889 0.468579 0.468579 0.468579
4489.783203 0.000000 193.750305 0.000000 0.839743 0.000000 0.542983 0.479855 0.479855 0.479855
4468.334961 0.000000 195.534500 0.000000 0.745103 0.000000 0.666950 0.511905 0.511905 0.511905
4471.226562 0.000000 198.991104 0.000000 0.999500 0.000000 -0.031614 0.551650 0.551650 0.551650
4503.860352 0.000000 225.876312 0.000000 0.931255 0.000000 0.364368 0.511592 0.511592 0.511592
4500.612793 0.000000 211.854691 0.000000 0.999661 0.000000 -0.026024 0.551358 0.551358 0.551358
4472.320312 0.000000 243.318405 0.000000 0.994699 0.000000 0.102831 0.542786 0.542786 0.542786
4487.070312 0.000000 212.915588 0.000000 0.997125 0.000000 0.075779 0.544272 0.544272 0.544272
4479.971680 0.000000 211.050171 0.000000 0.752164 0.000000 0.658976 0.512460 0.512460 0.512460
4532.637695 0.000000 192.012344 0.000000 0.991128 0.000000 0.132911 0.534991 0.534991 0.534991
4527.379883 0.000000 218.051437 0.000000 0.901407 0.000000 0.432973 0.526635 0.526635 0.526635
4474.412109 0.000000 265.860016 0.000000 0.998217 0.000000 -0.059687 0.553116 0.553116 0.553116
4476.161621 0.000000 220.562057 0.000000 0.994160 0.000000 0.107914 0.544061 0.544061 0.544061
4533.831055 0.000000 219.233444 0.000000 0.982055 0.000000 0.188595 0.540100 0.540100 0.540100
4510.910156 0.000000 215.163834 0.000000 0.997480 0.000000 -0.070949 0.553705 0.553705 0.553705
4481.756836 0.000000 196.514587 0.000000 0.999441 0.000000 0.033425 0.547383 0.547383 0.547383
4498.703613 0.000000 222.800156 0.000000 0.935616 0.000000 0.353019 0.512349 0.512349 0.512349
4464.600098 0.000000 241.512360 0.000000 0.999743 0.000000 0.022679 0.546450 0.546450 0.546450
4484.594238 0.000000 199.908844 0.000000 0.999567 0.000000 0.029412 0.546890 0.546890 0.546890
4504.430664 0.000000 218.481140 0.000000 0.701774 0.000000 0.712399 0.524959 0.524959 0.524959
4493.587402 0.000000 216.734543 0.000000 0.893361 0.000000 0.449340 0.510326 0.510326 0.510326
4497.637207 0.000000 229.406357 0.000000 0.999406 0.000000 0.034452 0.546877 0.546877 0.546877
4471.757812 0.000000 261.757233 0.000000 0.926486 0.000000 0.376329 0.529868 0.529868 0.529868
4506.510742 0.000000 201.983887 0.000000 0.993437 0.000000 -0.114379 0.557240 0.557240 0.557240
4463.726074 0.000000 234.274231 0.000000 0.747277 0.000000 0.664513 0.503093 0.503093 0.503093
4475.165527 0.000000 205.357269 0.000000 0.993937 0.000000 0.109951 0.544251 0.544251 0.544251
4484.943848 0.000000 210.216431 0.000000 0.999359 0.000000 -0.035811 0.551869 0.551869 0.551869
4471.104004 0.000000 235.893097 0.000000 0.492382 0.000000 0.870379 0.467353 0.467353 0.467353
4483.639160 0.000000 250.556778 0.000000 0.337237 0.000000 0.941420 0.457350 0.457350 0.457350
4467.103516 0.000000 256.617371 0.000000 0.752754 0.000000 0.658302 0.512507 0.512507 0.512507
4485.240723 0.000000 239.890213 0.000000 0.568375 0.000000 0.822770 0.499582 0.499582 0.499582
4510.283691 0.000000 196.168411 0.000000 0.963266 0.000000 0.268550 0.521627 0.521627 0.521627
4483.014648 0.000000 218.012909 0.000000 0.572743 0.000000 0.819735 0.499860 0.499860 0.499860
4489.221680 0.000000 222.677475 0.000000 0.988734 0.000000 0.149682 0.533083 0.533083 0.533083
4467.264160 0.000000 264.207520 0.000000 0.698269 0.000000 0.715836 0.513849 0.513849 0.513849
4527.619141 0.000000 209.496445 0.000000 0.902273 0.000000 0.431165 0.526740 0.526740 0.526740
4476.834961 0.000000 258.558075 0.000000 0.957156 0.000000 0.289572 0.534671 0.534671 0.534671
4470.674316 0.000000 250.947388 0.000000 0.386065 0.000000 0.922472 0.474207 0.474207 0.474207
4463.518066 0.000000 221.804291 0.000000 0.996683 0.000000 0.081381 0.546308 0.546308 0.546308
4475.385742 0.000000 244.141510 0.000000 0.662730 0.000000 0.748858 0.505840 0.505840 0.505840
4521.771484 0.000000 198.777802 0.000000 0.770543 0.000000 0.637388 0.441819 0.441819 0.441819
4506.747559 0.000000 209.870804 0.000000 0.480364 0.000000 0.877069 0.438368 0.438368 0.438368
4481.021973 0.000000 252.251511 0.000000 0.967625 0.000000 0.252392 0.535285 0.535285 0.535285
4474.216309 0.000000 209.520508 0.000000 0.625399 0.000000 0.780305 0.503293 0.503293 0.503293
4480.417969 0.000000 255.696838 0.000000 0.333170 0.000000 0.942867 0.479000 0.479000 0.479000
4486.888672 0.000000 229.915161 0.000000 0.999550 0.000000 0.029988 0.548394 0.548394 0.548394
4516.694336 0.000000 195.172516 0.000000 0.599879 0.000000 0.800091 0.444301 0.444301 0.444301
4467.184570 0.000000 211.991882 0.000000 0.993835 0.000000 -0.110866 0.555797 0.555797 0.555797
4521.971680 0.000000 214.004349 0.000000 0.380521 0.000000 0.924772 0.488407 0.488407 0.488407
4474.240723 0.000000 241.021149 0.000000 0.364812 0.000000 0.931081 0.487524 0.487524 0.487524
4496.104980 0.000000 207.494156 0.000000 0.338077 0.000000 0.941119 0.486034 0.486034 0.486034
4464.539062 0.000000 275.082947 0.000000 0.836455 0.000000 0.548036 0.519736 0.519736 0.519736
4515.391602 0.000000 207.423584 0.000000 0.396796 0.000000 0.917907 0.470170 0.470170 0.470170
4477.040039 0.000000 195.059662 0.000000 0.796683 0.000000 0.604397 0.516136 0.516136 0.516136
4512.117676 0.000000 212.396332 0.000000 0.971080 0.000000 0.238755 0.536097 0.536097 0.536097
4487.865234 0.000000 238.736694 0.000000 0.420542 0.000000 0.907273 0.498491 0.498491 0.498491
4467.242676 0.000000 246.550766 0.000000 0.993119 0.000000 0.117108 0.537751 0.537751 0.537751
4469.528320 0.000000 208.234879 0.000000 0.992509 0.000000 0.122175 0.543609 0.543609 0.543609
4523.823242 0.000000 193.657501 0.000000 0.951244 0.000000 0.308441 0.515126 0.515126 0.515126
4486.064941 0.000000 233.570572 0.000000 0.845978 0.000000 0.533218 0.515250 0.515250 0.515250
4519.174316 0.000000 193.714035 0.000000 0.453581 0.000000 0.891215 0.430676 0.430676 0.430676
4482.382812 0.000000 229.359161 0.000000 0.767945 0.000000 0.640515 0.513728 0.513728 0.513728
4526.976074 0.000000 195.696976 0.000000 0.994584 0.000000 -0.103937 0.566013 0.566013 0.566013
4479.104492 0.000000 197.631744 0.000000 0.468079 0.000000 0.883687 0.490480 0.490480 0.490480
4477.075684 0.000000 247.274780 0.000000 0.674378 0.000000 0.738386 0.506657 0.506657 0.506657
4483.230469 0.000000 220.786591 0.000000 0.511425 0.000000 0.859328 0.496051 0.496051 0.496051
4496.852539 0.000000 192.697739 0.000000 0.721663 0.000000 0.692244 0.470210 0.470210 0.470210
4463.846191 0.000000 210.031799 0.000000 0.725688 0.000000 0.688024 0.510409 0.510409 0.510409
4479.641602 0.000000 206.894958 0.000000 0.990297 0.000000 -0.138967 0.557275 0.557275 0.557275
4474.086914 0.000000 199.263626 0.000000 0.448441 0.000000 0.893812 0.492303 0.492303 0.492303
4517.315430 0.000000 212.933762 0.000000 0.351911 0.000000 0.936033 0.486803 0.486803 0.486803
4519.450195 0.000000 200.104904 0.000000 0.989958 0.000000 -0.141362 0.568502 0.568502 0.568502
4477.581055 0.000000 263.963562 0.000000 0.989722 0.000000 0.143006 0.542513 0.542513 0.542513
4493.395020 0.000000 221.259796 0.000000 0.981645 0.000000 0.190719 0.527340 0.527340 0.527340
4469.187500 0.000000 262.373779 0.000000 0.596213 0.000000 0.802827 0.501369 0.501369 0.501369
4510.447754 0.000000 204.514648 0.000000 0.431845 0.000000 0.901948 0.432677 0.432677 0.432677
4531.345703 0.000000 205.962067 0.000000 0.999431 0.000000 -0.033720 0.553288 0.553288 0.553288
4494.864746 0.000000 197.624390 0.000000 0.440581 0.000000 0.897713 0.487254 0.487254 0.487254
4534.357910 0.000000 193.926666 0.000000 0.993280 0.000000 0.115732 0.534869 0.534869 0.534869
4490.090820 0.000000 225.176086 0.000000 0.996258 0.000000 0.086431 0.538949 0.538949 0.538949
4492.605469 0.000000 210.652267 0.000000 0.984117 0.000000 0.177522 0.533336 0.533336 0.533336
4481.197266 0.000000 215.982849 0.000000 0.945401 0.000000 0.325910 0.532678 0.532678 0.532678
4472.125000 0.000000 213.381958 0.000000 0.877358 0.000000 0.479837 0.517015 0.517015 0.517015
4481.846191 0.000000 192.100647 0.000000 0.855928 0.000000 0.517095 0.508212 0.508212 0.508212
4502.426758 0.000000 227.954269 0.000000 0.585450 0.000000 0.810709 0.464327 0.464327 0.464327
4514.669922 0.000000 211.503098 0.000000 0.601926 0.000000 0.798552 0.496662 0.496662 0.496662
4468.971680 0.000000 237.039764 0.000000 0.902630 0.000000 0.430417 0.503566 0.503566 0.503566
4507.785645 0.000000 213.847122 0.000000 0.914038 0.000000 0.405628 0.513870 0.513870 0.513870
4505.040039 0.000000 215.408554 0.000000 0.430799 0.000000 0.902448 0.480461 0.480461 0.480461
4483.606445 0.000000 205.786697 0.000000 0.592727 0.000000 0.805404 0.487000 0.487000 0.487000
4463.541504 0.000000 250.558990 0.000000 0.999563 0.000000 0.029564 0.545372 0.545372 0.545372
4503.384277 0.000000 220.724487 0.000000 0.989410 0.000000 -0.145149 0.565001 0.565001 0.565001
4490.646973 0.000000 207.603256 0.000000 0.898091 0.000000 0.439810 0.507480 0.507480 0.507480
4487.929199 0.000000 215.110229 0.000000 0.955312 0.000000 0.295598 0.530222 0.530222 0.530222
4491.425781 0.000000 191.983490 0.000000 0.998210 0.000000 -0.059803 0.557806 0.557806 0.557806
4472.950195 0.000000 237.375000 0.000000 0.841300 0.000000 0.540568 0.490401 0.490401 0.490401
4482.793457 0.000000 201.280930 0.000000 0.853715 0.000000 0.520741 0.504876 0.504876 0.504876
4474.043945 0.000000 233.879150 0.000000 0.995827 0.000000 -0.091259 0.557278 0.557278 0.557278
4466.867676 0.000000 241.463531 0.000000 0.590327 0.000000 0.807164 0.402963 0.402963 0.402963
4464.276855 0.000000 255.188995 0.000000 0.839733 0.000000 0.542999 0.494828 0.494828 0.494828
4508.354004 0.000000 200.663651 0.000000 0.968943 0.000000 0.247285 0.530100 0.530100 0.530100
4492.413086 0.000000 214.882812 0.000000 0.986051 0.000000 -0.166441 0.563776 0.563776 0.563776
4467.910645 0.000000 248.636337 0.000000 0.620264 0.000000 0.784393 0.454663 0.454663 0.454663
4491.956543 0.000000 231.136932 0.000000 0.466653 0.000000 0.884440 0.448665 0.448665 0.448665
4487.322266 0.000000 210.824326 0.000000 0.776202 0.000000 0.630484 0.490051 0.490051 0.490051
4490.940918 0.000000 217.470795 0.000000 0.994694 0.000000 0.102875 0.541793 0.541793 0.541793
4524.206055 0.000000 202.343094 0.000000 0.362115 0.000000 0.932133 0.424746 0.424746 0.424746
4488.095703 0.000000 195.316147 0.000000 0.996013 0.000000 -0.089206 0.559567 0.559567 0.559567
4497.764160 0.000000 227.197784 0.000000 0.833124 0.000000 0.553087 0.488841 0.488841 0.488841
4508.036621 0.000000 195.886566 0.000000 0.956536 0.000000 0.291613 0.515057 0.515057 0.515057
4504.878418 0.000000 210.816788 0.000000 0.986346 0.000000 -0.164684 0.567264 0.567264 0.567264
4487.261230 0.000000 204.991806 0.000000 0.608272 0.000000 0.793729 0.471941 0.471941 0.471941
4485.024902 0.000000 197.934799 0.000000 0.974371 0.000000 0.224945 0.525700 0.525700 0.525700
4490.714844 0.000000 209.678940 0.000000 0.692747 0.000000 0.721180 0.458199 0.458199 0.458199
4465.397949 0.000000 243.392822 0.000000 0.999613 0.000000 0.027820 0.547096 0.547096 0.547096
4530.837402 0.000000 192.989120 0.000000 0.966697 0.000000 0.255922 0.520860 0.520860 0.520860
4487.193848 0.000000 222.490845 0.000000 0.996787 0.000000 -0.080102 0.557707 0.557707 0.557707
4487.999023 0.000000 207.357498 0.000000 0.917572 0.000000 0.397570 0.512385 0.512385 0.512385
4507.307617 0.000000 211.840866 0.000000 0.934722 0.000000 0.355380 0.512085 0.512085 0.512085
4530.717773 0.000000 201.534882 0.000000 0.643246 0.000000 0.765659 0.458995 0.458995 0.458995
4493.935059 0.000000 227.694336 0.000000 0.998420 0.000000 -0.056198 0.556871 0.556871 0.556871
4499.382812 0.000000 228.284515 0.000000 0.999994 0.000000 -0.003442 0.550321 0.550321 0.550321
4469.730469 0.000000 238.834381 0.000000 0.829880 0.000000 0.557942 0.479291 0.479291 0.479291
4509.222168 0.000000 194.304962 0.000000 0.922167 0.000000 0.386792 0.503102 0.503102 0.503102
4500.122070 0.000000 224.281982 0.000000 0.878026 0.000000 0.478614 0.497919 0.497919 0.497919
4494.638672 0.000000 194.136597 0.000000 0.678201 0.000000 0.734877 0.470657 0.470657 0.470657
4533.177246 0.000000 201.088959 0.000000 0.983388 0.000000 0.181518 0.530952 0.530952 0.530952
4497.088867 0.000000 221.729187 0.000000 0.341045 0.000000 0.940047 0.422397 0.422397 0.422397
4517.568359 0.000000 198.834534 0.000000 0.608030 0.000000 0.793914 0.406424 0.406424 0.406424
4464.215820 0.000000 236.183304 0.000000 0.991055 0.000000 -0.133456 0.563969 0.563969 0.563969
4463.526855 0.000000 240.082001 0.000000 0.848963 0.000000 0.528453 0.469726 0.469726 0.469726
4467.359863 0.000000 252.523407 0.000000 0.727571 0.000000 0.686032 0.461762 0.461762 0.461762
4492.520508 0.000000 218.336029 0.000000 0.999993 0.000000 0.003754 0.549505 0.549505 0.549505
4521.107910 0.000000 200.511475 0.000000 0.581491 0.000000 0.813553 0.428656 0.428656 0.428656
4517.312500 0.000000 196.812851 0.000000 0.979746 0.000000 0.200244 0.518442 0.518442 0.518442
4523.519043 0.000000 200.803680 0.000000 0.992008 0.000000 0.126174 0.534192 0.534192 0.534192
4520.109375 0.000000 198.600586 0.000000 0.953080 0.000000 0.302718 0.501859 0.501859 0.501859
4538.776367 0.000000 208.719849 0.000000 0.364088 0.000000 0.931364 0.487483 0.487483 0.487483
4535.622070 0.000000 218.329300 0.000000 0.941972 0.000000 0.335692 0.532137 0.532137 0.532137
4558.942383 0.000000 197.106628 0.000000 0.999773 0.000000 0.021292 0.548889 0.548889 0.548889
4544.429688 0.000000 219.573502 0.000000 0.813598 0.000000 0.581428 0.517624 0.517624 0.517624
4539.501465 0.000000 221.112946 0.000000 0.444584 0.000000 0.895737 0.492078 0.492078 0.492078
4555.981445 0.000000 193.488190 0.000000 0.858593 0.000000 0.512657 0.521914 0.521914 0.521914
4554.733887 0.000000 223.495712 0.000000 0.872126 0.000000 0.489281 0.528939 0.528939 0.528939
4550.878906 0.000000 204.198563 0.000000 0.993803 0.000000 0.111152 0.544188 0.544188 0.544188
4547.150879 0.000000 216.561111 0.000000 0.993217 0.000000 -0.116279 0.556081 0.556081 0.556081
4547.715332 0.000000 192.470551 0.000000 0.551233 0.000000 0.834351 0.447006 0.447006 0.447006
4556.586426 0.000000 199.908844 0.000000 0.434968 0.000000 0.900446 0.491519 0.491519 0.491519
4551.044922 0.000000 223.194336 0.000000 0.992770 0.000000 0.120032 0.545044 0.545044 0.545044
4561.241699 0.000000 205.612640 0.000000 0.994326 0.000000 0.106371 0.544439 0.544439 0.544439
4543.627930 0.000000 216.069992 0.000000 0.346048 0.000000 0.938217 0.486477 0.486477 0.486477
4535.635742 0.000000 200.983475 0.000000 0.623271 0.000000 0.782006 0.483425 0.483425 0.483425
4535.934570 0.000000 207.168457 0.000000 0.705569 0.000000 0.708641 0.508906 0.508906 0.508906
4536.712402 0.000000 215.538925 0.000000 0.812928 0.000000 0.582365 0.517564 0.517564 0.517564
4568.097168 0.000000 207.494156 0.000000 0.339099 0.000000 0.940751 0.486091 0.486091 0.486091
4549.032227 0.000000 195.059662 0.000000 0.983497 0.000000 0.180922 0.531015 0.531015 0.531015
4551.096680 0.000000 197.631744 0.000000 0.925820 0.000000 0.377965 0.529776 0.529776 0.529776
4549.395020 0.000000 212.634171 0.000000 0.993481 0.000000 0.113996 0.544039 0.544039 0.544039
4544.502441 0.000000 204.340942 0.000000 0.457887 0.000000 0.889010 0.492856 0.492856 0.492856
4539.270508 0.000000 205.954269 0.000000 0.572120 0.000000 0.820170 0.499820 0.499820 0.499820
4549.593750 0.000000 217.906921 0.000000 0.999641 0.000000 -0.026799 0.551398 0.551398 0.551398
4539.252930 0.000000 192.990555 0.000000 0.922943 0.000000 0.384938 0.490318 0.490318 0.490318
4546.670410 0.000000 196.086349 0.000000 0.966000 0.000000 0.258541 0.531687 0.531687 0.531687
4540.732910 0.000000 197.982285 0.000000 0.963498 0.000000 0.267716 0.525067 0.525067 0.525067
4538.372559 0.000000 197.522827 0.000000 0.898270 0.000000 0.439445 0.508143 0.508143 0.508143
4542.604004 0.000000 196.419128 0.000000 0.799744 0.000000 0.600342 0.488108 0.488108 0.488108
4542.403809 0.000000 194.286102 0.000000 0.994687 0.000000 0.102945 0.539238 0.539238 0.539238
4538.130371 0.000000 191.973312 0.000000 0.999702 0.000000 -0.024418 0.553823 0.553823 0.553823
4229.412598 0.000000 467.780121 0.000000 0.999277 0.000000 0.038021 0.546136 0.546136 0.546136
4232.789062 0.000000 464.513977 0.000000 0.626093 0.000000 0.779749 0.504567 0.504567 0.504567
4224.229980 0.000000 463.790802 0.000000 0.990625 0.000000 0.136608 0.536076 0.536076 0.536076
4230.789062 0.000000 470.895081 0.000000 0.990569 0.000000 0.137015 0.539997 0.539997 0.539997
4224.582520 0.000000 466.142029 0.000000 0.909816 0.000000 0.415012 0.510041 0.510041 0.510041
4233.127930 0.000000 470.604523 0.000000 0.408798 0.000000 0.912625 0.466334 0.466334 0.466334
4231.804688 0.000000 469.136475 0.000000 0.844005 0.000000 0.536335 0.492480 0.492480 0.492480
4210.394531 0.000000 465.324158 0.000000 0.807396 0.000000 0.590010 0.488477 0.488477 0.488477
4222.108887 0.000000 551.002014 0.000000 0.983629 0.000000 0.180205 0.549005 0.549005 0.549005
4228.165527 0.000000 545.896362 0.000000 0.999999 0.000000 -0.001024 0.550104 0.550104 0.550104
4215.671875 0.000000 542.957092 0.000000 0.772347 0.000000 0.635201 0.455494 0.455494 0.455494
4189.154297 0.000000 528.552673 0.000000 0.997023 0.000000 -0.077107 0.553603 0.553603 0.553603
4190.212402 0.000000 541.367676 0.000000 0.998260 0.000000 0.058967 0.544005 0.544005 0.544005
4207.030762 0.000000 534.896423 0.000000 0.857262 0.000000 0.514880 0.530691 0.530691 0.530691
4231.650879 0.000000 545.037842 0.000000 0.999950 0.000000 -0.010019 0.550702 0.550702 0.550702
4195.670410 0.000000 538.509888 0.000000 0.642500 0.000000 0.766286 0.520031 0.520031 0.520031
4193.053223 0.000000 540.204651 0.000000 0.353370 0.000000 0.935484 0.427091 0.427091 0.427091
4191.615723 0.000000 529.997986 0.000000 0.957691 0.000000 0.287799 0.520337 0.520337 0.520337
4207.982910 0.000000 545.532593 0.000000 0.701615 0.000000 0.712556 0.515150 0.515150 0.515150
4189.567383 0.000000 543.954163 0.000000 0.966550 0.000000 0.256480 0.534329 0.534329 0.534329
4193.498047 0.000000 528.569397 0.000000 0.941507 0.000000 0.336993 0.515075 0.515075 0.515075
4191.387695 0.000000 534.809204 0.000000 0.866237 0.000000 0.499633 0.463077 0.463077 0.463077
4216.562988 0.000000 540.392029 0.000000 0.921064 0.000000 0.389412 0.509357 0.509357 0.509357
4188.361328 0.000000 539.958435 0.000000 0.398236 0.000000 0.917283 0.459116 0.459116 0.459116
4229.719727 0.000000 544.075562 0.000000 0.774092 0.000000 0.633073 0.480345 0.480345 0.480345
4217.612793 0.000000 542.274597 0.000000 0.999754 0.000000 -0.022176 0.552253 0.552253 0.552253
4219.687988 0.000000 546.291382 0.000000 0.990121 0.000000 -0.140214 0.563715 0.563715 0.563715
4190.540039 0.000000 536.528625 0.000000 0.541382 0.000000 0.840777 0.448521 0.448521 0.448521
4207.957031 0.000000 536.785706 0.000000 0.996245 0.000000 -0.086575 0.558927 0.558927 0.558927
4190.999512 0.000000 528.108215 0.000000 0.890327 0.000000 0.455321 0.501966 0.501966 0.501966
4212.239258 0.000000 544.620850 0.000000 0.678416 0.000000 0.734678 0.458221 0.458221 0.458221
4213.631836 0.000000 538.944214 0.000000 0.634777 0.000000 0.772695 0.411769 0.411769 0.411769
4205.996094 0.000000 541.908569 0.000000 0.929039 0.000000 0.369981 0.472982 0.472982 0.472982
4194.042969 0.000000 532.336426 0.000000 0.796328 0.000000 0.604865 0.461696 0.461696 0.461696
4191.964844 0.000000 533.401855 0.000000 0.802049 0.000000 0.597258 0.419924 0.419924 0.419924
4212.680176 0.000000 541.197754 0.000000 0.531297 0.000000 0.847185 0.344614 0.344614 0.344614
4190.095703 0.000000 534.129944 0.000000 0.851732 0.000000 0.523978 0.458368 0.458368 0.458368
4210.504883 0.000000 540.048096 0.000000 0.883638 0.000000 0.468170 0.423559 0.423559 0.423559
4211.431641 0.000000 543.282898 0.000000 0.720743 0.000000 0.693203 0.394350 0.394350 0.394350
4207.642578 0.000000 541.408630 0.000000 0.877779 0.000000 0.479065 0.446416 0.446416 0.446416
4211.771484 0.000000 538.377747 0.000000 0.909537 0.000000 0.415622 0.443473 0.443473 0.443473
4311.403320 0.000000 697.973328 0.000000 0.988167 0.000000 -0.153384 0.560361 0.560361 0.560361
4307.326660 0.000000 691.313110 0.000000 0.342777 0.000000 0.939417 0.503059 0.503059 0.503059
4310.234375 0.000000 691.764404 0.000000 0.837615 0.000000 0.546261 0.515879 0.515879 0.515879
4311.883301 0.000000 695.232910 0.000000 0.634031 0.000000 0.773307 0.460173 0.460173 0.460173
4311.250977 0.000000 693.482544 0.000000 0.828134 0.000000 0.560530 0.489540 0.489540 0.489540
4307.896973 0.000000 693.085205 0.000000 0.976689 0.000000 0.214657 0.528018 0.528018 0.528018
4366.683105 0.000000 539.337280 0.000000 0.432393 0.000000 0.901685 0.375654 0.375654 0.375654
4370.498535 0.000000 524.647217 0.000000 0.974478 0.000000 0.224484 0.539119 0.539119 0.539119
4384.938477 0.000000 545.824951 0.000000 0.585669 0.000000 0.810551 0.542214 0.542214 0.542214
4352.843750 0.000000 530.175354 0.000000 0.995842 0.000000 -0.091094 0.559269 0.559269 0.559269
4377.818359 0.000000 534.329285 0.000000 0.573456 0.000000 0.819236 0.452447 0.452447 0.452447
4381.128418 0.000000 553.059937 0.000000 0.803952 0.000000 0.594694 0.522890 0.522890 0.522890
4375.188965 0.000000 536.733032 0.000000 0.849772 0.000000 0.527150 0.463086 0.463086 0.463086
4373.017090 0.000000 528.587219 0.000000 0.596615 0.000000 0.802528 0.503953 0.503953 0.503953
4343.309570 0.000000 535.512878 0.000000 0.998002 0.000000 -0.063184 0.556424 0.556424 0.556424
4377.683594 0.000000 547.436096 0.000000 0.997135 0.000000 0.075649 0.534612 0.534612 0.534612
4348.300293 0.000000 535.544800 0.000000 0.397035 0.000000 0.917803 0.462206 0.462206 0.462206
4343.714355 0.000000 533.133606 0.000000 0.999922 0.000000 0.012502 0.548730 0.548730 0.548730
4372.063477 0.000000 530.758850 0.000000 0.731289 0.000000 0.682068 0.456213 0.456213 0.456213
4366.860840 0.000000 537.105896 0.000000 0.963647 0.000000 0.267180 0.505806 0.505806 0.505806
4379.756348 0.000000 546.932190 0.000000 0.770769 0.000000 0.637115 0.409627 0.409627 0.409627
4374.011230 0.000000 531.340942 0.000000 0.992948 0.000000 0.118554 0.536131 0.536131 0.536131
4354.537109 0.000000 531.170898 0.000000 0.667377 0.000000 0.744720 0.464636 0.464636 0.464636
4368.566406 0.000000 530.740784 0.000000 0.695658 0.000000 0.718374 0.379424 0.379424 0.379424
4385.400879 0.000000 551.655396 0.000000 0.821127 0.000000 0.570745 0.472434 0.472434 0.472434
4369.773926 0.000000 535.865540 0.000000 0.997669 0.000000 -0.068234 0.563784 0.563784 0.563784
4369.987305 0.000000 534.103821 0.000000 0.502138 0.000000 0.864787 0.339126 0.339126 0.339126
4372.628418 0.000000 536.383362 0.000000 0.384010 0.000000 0.923329 0.291492 0.291492 0.291492
4371.471680 0.000000 533.549255 0.000000 0.594831 0.000000 0.803851 0.303833 0.303833 0.303833
4370.314453 0.000000 538.437744 0.000000 0.994326 0.000000 -0.106377 0.568878 0.568878 0.568878
4359.192383 0.000000 528.729736 0.000000 0.598614 0.000000 0.801038 0.389268 0.389268 0.389268
4368.041016 0.000000 536.187744 0.000000 0.977560 0.000000 0.210658 0.506867 0.506867 0.506867
4382.788086 0.000000 549.523010 0.000000 0.940023 0.000000 0.341111 0.479260 0.479260 0.479260
4378.297363 0.000000 548.789062 0.000000 0.720563 0.000000 0.693390 0.394297 0.394297 0.394297
4368.370605 0.000000 528.960449 0.000000 0.745333 0.000000 0.666693 0.420737 0.420737 0.420737
4376.477539 0.000000 548.536133 0.000000 0.614303 0.000000 0.789070 0.365214 0.365214 0.365214
4378.729492 0.000000 546.030945 0.000000 0.446108 0.000000 0.894979 0.324755 0.324755 0.324755
4488.472656 0.000000 419.321136 0.000000 0.934047 0.000000 0.357150 0.543481 0.543481 0.543481
4480.298340 0.000000 456.382690 0.000000 0.987269 0.000000 -0.159058 0.552851 0.552851 0.552851
4489.979980 0.000000 438.148895 0.000000 0.950221 0.000000 0.311576 0.541734 0.541734 0.541734
4503.086426 0.000000 465.891510 0.000000 0.869738 0.000000 0.493514 0.540787 0.540787 0.540787
4533.662109 0.000000 444.422455 0.000000 0.430912 0.000000 0.902394 0.529913 0.529913 0.529913
4510.077637 0.000000 455.017639 0.000000 0.999948 0.000000 -0.010183 0.550182 0.550182 0.550182
4491.637207 0.000000 461.931580 0.000000 0.891788 0.000000 0.452454 0.541619 0.541619 0.541619
4501.017578 0.000000 438.902985 0.000000 0.340500 0.000000 0.940244 0.514725 0.514725 0.514725
4483.260254 0.000000 446.250458 0.000000 0.488118 0.000000 0.872777 0.522323 0.522323 0.522323
4493.835938 0.000000 428.683075 0.000000 0.998055 0.000000 0.062341 0.548886 0.548886 0.548886
4516.813965 0.000000 462.701080 0.000000 0.764773 0.000000 0.644300 0.533658 0.533658 0.533658
4511.814941 0.000000 410.760529 0.000000 0.718625 0.000000 0.695398 0.525715 0.525715 0.525715
4470.484375 0.000000 457.152679 0.000000 0.745774 0.000000 0.666199 0.538988 0.538988 0.538988
4488.630859 0.000000 453.258667 0.000000 0.970127 0.000000 0.242598 0.545626 0.545626 0.545626
4509.171875 0.000000 435.126892 0.000000 0.527658 0.000000 0.849457 0.531883 0.531883 0.531883
4503.640625 0.000000 446.972748 0.000000 0.937348 0.000000 0.348396 0.536318 0.536318 0.536318
4510.642578 0.000000 467.680573 0.000000 0.518103 0.000000 0.855318 0.533092 0.533092 0.533092
4525.494629 0.000000 461.014832 0.000000 0.947935 0.000000 0.318464 0.540209 0.540209 0.540209
4480.392578 0.000000 440.804138 0.000000 0.610980 0.000000 0.791646 0.533694 0.533694 0.533694
4522.332520 0.000000 477.222015 0.000000 0.874524 0.000000 0.484983 0.538181 0.538181 0.538181
4469.022461 0.000000 451.565735 0.000000 0.987075 0.000000 -0.160261 0.552873 0.552873 0.552873
4512.413086 0.000000 416.431641 0.000000 0.616217 0.000000 0.787577 0.517624 0.517624 0.517624
4533.466797 0.000000 471.202606 0.000000 0.946166 0.000000 0.323681 0.544116 0.544116 0.544116
4506.224121 0.000000 471.051971 0.000000 0.996418 0.000000 0.084563 0.548489 0.548489 0.548489
4475.425293 0.000000 453.896179 0.000000 0.830337 0.000000 0.557262 0.539449 0.539449 0.539449
4480.101074 0.000000 450.678406 0.000000 0.987863 0.000000 -0.155326 0.553212 0.553212 0.553212
4484.183594 0.000000 423.410675 0.000000 0.980091 0.000000 0.198550 0.546432 0.546432 0.546432
4492.409668 0.000000 415.819397 0.000000 0.509624 0.000000 0.860397 0.531506 0.531506 0.531506
4523.434082 0.000000 448.842133 0.000000 0.877007 0.000000 0.480477 0.541053 0.541053 0.541053
4503.902344 0.000000 422.000549 0.000000 0.565487 0.000000 0.824757 0.532689 0.532689 0.532689
4494.999512 0.000000 438.912048 0.000000 0.912384 0.000000 0.409336 0.540735 0.540735 0.540735
4527.866699 0.000000 454.530212 0.000000 0.999470 0.000000 -0.032550 0.550581 0.550581 0.550581
4521.583008 0.000000 416.230377 0.000000 0.954597 0.000000 0.297900 0.544600 0.544600 0.544600
4512.285156 0.000000 438.663513 0.000000 0.649981 0.000000 0.759950 0.529850 0.529850 0.529850
4513.408691 0.000000 459.410126 0.000000 0.922852 0.000000 0.385156 0.539685 0.539685 0.539685
4484.124512 0.000000 453.875885 0.000000 0.852204 0.000000 0.523210 0.540171 0.540171 0.540171
4485.900879 0.000000 449.752075 0.000000 0.989991 0.000000 0.141129 0.545528 0.545528 0.545528
4504.766602 0.000000 461.970673 0.000000 0.950454 0.000000 0.310865 0.539149 0.539149 0.539149
4508.109375 0.000000 417.270264 0.000000 0.893386 0.000000 0.449290 0.533365 0.533365 0.533365
4498.000977 0.000000 447.632874 0.000000 0.999825 0.000000 -0.018721 0.550488 0.550488 0.550488
4507.366699 0.000000 465.132080 0.000000 0.656117 0.000000 0.754659 0.521820 0.521820 0.521820
4503.375488 0.000000 442.294098 0.000000 0.968586 0.000000 0.248679 0.540683 0.540683 0.540683
4498.703613 0.000000 414.768921 0.000000 0.837423 0.000000 0.546556 0.529356 0.529356 0.529356
4505.894531 0.000000 449.456085 0.000000 0.994627 0.000000 0.103520 0.546298 0.546298 0.546298
4520.645996 0.000000 457.038910 0.000000 0.509454 0.000000 0.860498 0.513005 0.513005 0.513005
4486.445801 0.000000 445.741608 0.000000 0.996683 0.000000 0.081383 0.547091 0.547091 0.547091
4489.705566 0.000000 450.271881 0.000000 0.523832 0.000000 0.851822 0.513605 0.513605 0.513605
4523.556641 0.000000 463.355225 0.000000 0.998075 0.000000 -0.062020 0.552642 0.552642 0.552642
4523.998535 0.000000 471.291168 0.000000 0.667889 0.000000 0.744261 0.506200 0.506200 0.506200
4559.094727 0.000000 472.514160 0.000000 0.912170 0.000000 0.409812 0.545941 0.545941 0.545941
4535.559570 0.000000 464.118286 0.000000 0.917923 0.000000 0.396759 0.542717 0.542717 0.542717
4552.290527 0.000000 456.382690 0.000000 0.415466 0.000000 0.909608 0.524903 0.524903 0.524903
4546.164551 0.000000 448.526459 0.000000 0.994532 0.000000 0.104431 0.548132 0.548132 0.548132
4548.125977 0.000000 461.440857 0.000000 0.925067 0.000000 0.379804 0.544651 0.544651 0.544651
4563.458984 0.000000 468.151001 0.000000 0.971056 0.000000 0.238852 0.545695 0.545695 0.545695
4542.170898 0.000000 463.348846 0.000000 0.999517 0.000000 -0.031086 0.550427 0.550427 0.550427
4553.559570 0.000000 470.324097 0.000000 0.444816 0.000000 0.895622 0.530189 0.530189 0.530189
4566.217285 0.000000 456.596313 0.000000 0.481645 0.000000 0.876366 0.532398 0.532398 0.532398
4547.417480 0.000000 453.896179 0.000000 0.946560 0.000000 0.322527 0.544138 0.544138 0.544138
4535.591797 0.000000 469.928314 0.000000 0.418205 0.000000 0.908353 0.529663 0.529663 0.529663
4545.834473 0.000000 443.709686 0.000000 0.573363 0.000000 0.819302 0.532860 0.532860 0.532860
4552.583008 0.000000 460.937775 0.000000 0.761446 0.000000 0.648228 0.529664 0.529664 0.529664
4521.422363 0.000000 479.960510 0.000000 0.364812 0.000000 0.931081 0.533559 0.533559 0.533559
4476.197266 0.000000 574.936462 0.000000 0.685674 0.000000 0.727909 0.467161 0.467161 0.467161
4488.317871 0.000000 572.319397 0.000000 0.931875 0.000000 0.362781 0.526041 0.526041 0.526041
4481.533691 0.000000 574.596985 0.000000 0.906152 0.000000 0.422953 0.517620 0.517620 0.517620
4490.106934 0.000000 574.695984 0.000000 0.514365 0.000000 0.857571 0.445288 0.445288 0.445288
4483.994629 0.000000 574.738037 0.000000 0.803804 0.000000 0.594895 0.485261 0.485261 0.485261
4360.234863 0.000000 620.725281 0.000000 0.994222 0.000000 0.107340 0.549262 0.549262 0.549262
4366.683105 0.000000 635.321655 0.000000 0.868539 0.000000 0.495621 0.497310 0.497310 0.497310
4372.149902 0.000000 641.880798 0.000000 0.707657 0.000000 0.706556 0.470275 0.470275 0.470275
4368.300781 0.000000 630.632263 0.000000 0.339929 0.000000 0.940451 0.417232 0.417232 0.417232
4362.354492 0.000000 617.188171 0.000000 0.572175 0.000000 0.820132 0.440404 0.440404 0.440404
4367.051270 0.000000 622.932495 0.000000 0.769507 0.000000 0.638639 0.466296 0.466296 0.466296
4375.635254 0.000000 641.022278 0.000000 0.572076 0.000000 0.820201 0.452276 0.452276 0.452276
4381.829590 0.000000 643.375793 0.000000 0.450859 0.000000 0.892595 0.362186 0.362186 0.362186
4379.572266 0.000000 655.324036 0.000000 0.997123 0.000000 0.075806 0.540206 0.540206 0.540206
4377.447266 0.000000 638.537659 0.000000 0.504393 0.000000 0.863474 0.482746 0.482746 0.482746
4370.213379 0.000000 636.174988 0.000000 0.995233 0.000000 -0.097530 0.556975 0.556975 0.556975
4383.284180 0.000000 659.800598 0.000000 0.848695 0.000000 0.528883 0.445932 0.445932 0.445932
4379.145508 0.000000 657.940308 0.000000 0.737753 0.000000 0.675071 0.454350 0.454350 0.454350
4379.388184 0.000000 651.133850 0.000000 0.993246 0.000000 0.116026 0.542655 0.542655 0.542655
4362.760254 0.000000 619.795471 0.000000 0.987364 0.000000 -0.158466 0.566170 0.566170 0.566170
4362.888184 0.000000 614.720215 0.000000 0.572878 0.000000 0.819640 0.493272 0.493272 0.493272
4364.943848 0.000000 624.888794 0.000000 0.990113 0.000000 -0.140275 0.564300 0.564300 0.564300
4364.255371 0.000000 621.484070 0.000000 0.356792 0.000000 0.934184 0.445678 0.445678 0.445678
4368.521484 0.000000 621.207458 0.000000 0.946496 0.000000 0.322714 0.494954 0.494954 0.494954
4373.704102 0.000000 640.059937 0.000000 0.630264 0.000000 0.776381 0.459679 0.459679 0.459679
4379.192871 0.000000 653.276001 0.000000 0.997014 0.000000 0.077220 0.541509 0.541509 0.541509
4368.831543 0.000000 623.618164 0.000000 0.590189 0.000000 0.807265 0.448087 0.448087 0.448087
4374.576172 0.000000 671.739746 0.000000 0.997312 0.000000 -0.073266 0.557451 0.557451 0.557451
4364.043457 0.000000 618.288574 0.000000 0.422354 0.000000 0.906431 0.392628 0.392628 0.392628
4366.439453 0.000000 614.879272 0.000000 0.999879 0.000000 0.015526 0.547719 0.547719 0.547719
4366.521484 0.000000 618.278687 0.000000 0.683692 0.000000 0.729771 0.383770 0.383770 0.383770
4368.443359 0.000000 615.079285 0.000000 0.998216 0.000000 -0.059714 0.558204 0.558204 0.558204
4366.686523 0.000000 630.440430 0.000000 0.573134 0.000000 0.819462 0.420755 0.420755 0.420755
4383.428223 0.000000 656.058777 0.000000 0.990402 0.000000 0.138219 0.521821 0.521821 0.521821
4368.037109 0.000000 617.669983 0.000000 0.975354 0.000000 0.220645 0.504789 0.504789 0.504789
4447.840332 0.000000 595.968811 0.000000 0.780762 0.000000 0.624828 0.481423 0.481423 0.481423
4457.086426 0.000000 586.546265 0.000000 0.842444 0.000000 0.538783 0.527343 0.527343 0.527343
4442.770020 0.000000 597.939880 0.000000 0.446321 0.000000 0.894873 0.527176 0.527176 0.527176
4457.031250 0.000000 596.575317 0.000000 0.938188 0.000000 0.346126 0.537382 0.537382 0.537382
4449.979492 0.000000 597.941895 0.000000 0.772395 0.000000 0.635142 0.480073 0.480073 0.480073
4454.218750 0.000000 595.780029 0.000000 0.735675 0.000000 0.677335 0.504020 0.504020 0.504020
4459.353516 0.000000 589.899597 0.000000 0.997435 0.000000 -0.071574 0.556000 0.556000 0.556000
4462.701660 0.000000 638.560242 0.000000 0.727854 0.000000 0.685732 0.473223 0.473223 0.473223
4454.138672 0.000000 590.267822 0.000000 0.954413 0.000000 0.298491 0.519201 0.519201 0.519201
4458.348633 0.000000 594.939087 0.000000 0.842841 0.000000 0.538163 0.492260 0.492260 0.492260
4453.065430 0.000000 593.987366 0.000000 0.999894 0.000000 -0.014587 0.551482 0.551482 0.551482
4452.169922 0.000000 589.758911 0.000000 0.958109 0.000000 0.286404 0.520485 0.520485 0.520485
4455.518066 0.000000 588.439636 0.000000 0.792044 0.000000 0.610464 0.483278 0.483278 0.483278
4449.336914 0.000000 594.563293 0.000000 0.990309 0.000000 0.138879 0.535843 0.535843 0.535843
4342.332520 0.000000 700.626892 0.000000 0.925815 0.000000 0.377977 0.532436 0.532436 0.532436
4358.664551 0.000000 677.655884 0.000000 0.458027 0.000000 0.888938 0.533461 0.533461 0.533461
4355.757812 0.000000 687.784058 0.000000 0.377583 0.000000 0.925976 0.499618 0.499618 0.499618
4362.526367 0.000000 681.905823 0.000000 0.910597 0.000000 0.413296 0.506707 0.506707 0.506707
4345.265137 0.000000 685.534546 0.000000 0.997961 0.000000 0.063825 0.548071 0.548071 0.548071
4366.299316 0.000000 676.090332 0.000000 0.717685 0.000000 0.696368 0.500287 0.500287 0.500287
4333.617188 0.000000 697.828857 0.000000 0.617819 0.000000 0.786321 0.466758 0.466758 0.466758
4350.880371 0.000000 677.546326 0.000000 0.999613 0.000000 -0.027810 0.553093 0.553093 0.553093
4324.701172 0.000000 690.253052 0.000000 0.428620 0.000000 0.903485 0.452436 0.452436 0.452436
4341.136719 0.000000 698.649231 0.000000 0.688451 0.000000 0.725283 0.467550 0.467550 0.467550
4341.486328 0.000000 694.354309 0.000000 0.979742 0.000000 0.200263 0.534219 0.534219 0.534219
4350.298340 0.000000 679.618835 0.000000 0.994282 0.000000 0.106785 0.528258 0.528258 0.528258
4346.478516 0.000000 678.781067 0.000000 0.876472 0.000000 0.481453 0.506547 0.506547 0.506547
4365.237793 0.000000 674.226868 0.000000 0.377609 0.000000 0.925965 0.429737 0.429737 0.429737
4337.730469 0.000000 699.571838 0.000000 0.879993 0.000000 0.474987 0.499709 0.499709 0.499709
4350.132324 0.000000 683.154297 0.000000 0.883878 0.000000 0.467718 0.451092 0.451092 0.451092
4348.747070 0.000000 682.341980 0.000000 0.507215 0.000000 0.861819 0.338887 0.338887 0.338887
4351.687988 0.000000 678.894958 0.000000 0.945411 0.000000 0.325879 0.482543 0.482543 0.482543
4348.093262 0.000000 679.354553 0.000000 0.633989 0.000000 0.773342 0.370335 0.370335 0.370335
4349.770996 0.000000 681.058472 0.000000 0.831213 0.000000 0.555954 0.430200 0.430200 0.430200
4349.733398 0.000000 678.299194 0.000000 0.999599 0.000000 0.028309 0.544246 0.544246 0.544246
4491.637207 0.000000 653.900330 0.000000 0.701206 0.000000 0.712958 0.495508 0.495508 0.495508
4490.254883 0.000000 599.420105 0.000000 0.336509 0.000000 0.941680 0.332557 0.332557 0.332557
4492.297363 0.000000 587.877991 0.000000 0.989463 0.000000 0.144785 0.535237 0.535237 0.535237
4514.482910 0.000000 620.631653 0.000000 0.995012 0.000000 0.099754 0.549177 0.549177 0.549177
4474.228027 0.000000 585.945801 0.000000 0.713072 0.000000 0.701091 0.514796 0.514796 0.514796
4509.168945 0.000000 613.525269 0.000000 0.928793 0.000000 0.370600 0.511423 0.511423 0.511423
4516.134277 0.000000 641.880798 0.000000 0.800917 0.000000 0.598775 0.526200 0.526200 0.526200
4521.989258 0.000000 617.984802 0.000000 0.463699 0.000000 0.885993 0.538042 0.538042 0.538042
4496.828125 0.000000 626.159790 0.000000 0.663838 0.000000 0.747876 0.486196 0.486196 0.486196
4494.225098 0.000000 648.565063 0.000000 0.997408 0.000000 -0.071951 0.560284 0.560284 0.560284
4512.413086 0.000000 608.400452 0.000000 0.979887 0.000000 0.199553 0.530138 0.530138 0.530138
4477.123047 0.000000 624.537048 0.000000 0.731193 0.000000 0.682171 0.532476 0.532476 0.532476
4509.404297 0.000000 619.679932 0.000000 0.999870 0.000000 0.016125 0.549756 0.549756 0.549756
4515.852051 0.000000 633.916016 0.000000 0.745621 0.000000 0.666370 0.531974 0.531974 0.531974
4476.382812 0.000000 581.799011 0.000000 0.957755 0.000000 0.287585 0.508344 0.508344 0.508344
4485.900879 0.000000 641.720886 0.000000 0.904561 0.000000 0.426343 0.539719 0.539719 0.539719
4463.665527 0.000000 636.918091 0.000000 0.692799 0.000000 0.721131 0.468160 0.468160 0.468160
4476.161621 0.000000 604.499634 0.000000 0.751274 0.000000 0.659991 0.480718 0.480718 0.480718
4496.153320 0.000000 579.285889 0.000000 0.386341 0.000000 0.922356 0.504858 0.504858 0.504858
4495.033691 0.000000 652.118042 0.000000 0.855744 0.000000 0.517399 0.488770 0.488770 0.488770
4479.052734 0.000000 607.131897 0.000000 0.872334 0.000000 0.488910 0.507914 0.507914 0.507914
4519.619629 0.000000 641.022278 0.000000 0.764304 0.000000 0.644856 0.524017 0.524017 0.524017
4511.062500 0.000000 616.613342 0.000000 0.652443 0.000000 0.757838 0.462617 0.462617 0.462617
4519.173340 0.000000 632.717468 0.000000 0.832659 0.000000 0.553786 0.532271 0.532271 0.532271
4475.165527 0.000000 589.294800 0.000000 0.989579 0.000000 -0.143989 0.556349 0.556349 0.556349
4513.874023 0.000000 611.511414 0.000000 0.880117 0.000000 0.474756 0.500414 0.500414 0.500414
4497.889160 0.000000 629.358276 0.000000 0.999954 0.000000 0.009604 0.549288 0.549288 0.549288
4475.385742 0.000000 628.079041 0.000000 0.738102 0.000000 0.674689 0.474754 0.474754 0.474754
4487.189941 0.000000 647.966553 0.000000 0.968221 0.000000 0.250097 0.528480 0.528480 0.528480
4505.854980 0.000000 659.819153 0.000000 0.353585 0.000000 0.935402 0.491878 0.491878 0.491878
4492.956543 0.000000 579.021912 0.000000 0.968194 0.000000 0.250201 0.539236 0.539236 0.539236
4521.431641 0.000000 638.537659 0.000000 0.401967 0.000000 0.915654 0.483268 0.483268 0.483268
4521.919434 0.000000 623.104248 0.000000 0.998447 0.000000 0.055714 0.544412 0.544412 0.544412
4477.601562 0.000000 601.844482 0.000000 0.639287 0.000000 0.768968 0.460866 0.460866 0.460866
4492.404297 0.000000 584.768066 0.000000 0.463088 0.000000 0.886312 0.439315 0.439315 0.439315
4493.395020 0.000000 605.197327 0.000000 0.550293 0.000000 0.834972 0.474023 0.474023 0.474023
4505.675293 0.000000 665.607910 0.000000 0.616850 0.000000 0.787081 0.479085 0.479085 0.479085
4503.818359 0.000000 661.500977 0.000000 0.865650 0.000000 0.500649 0.496721 0.496721 0.496721
4466.224609 0.000000 637.798096 0.000000 0.628435 0.000000 0.777862 0.459440 0.459440 0.459440
4520.260742 0.000000 619.975952 0.000000 0.914855 0.000000 0.403783 0.508908 0.508908 0.508908
4496.584961 0.000000 649.855835 0.000000 0.690477 0.000000 0.723354 0.435633 0.435633 0.435633
4481.197266 0.000000 599.920410 0.000000 0.381654 0.000000 0.924305 0.469041 0.469041 0.469041
4495.511230 0.000000 628.377197 0.000000 0.483368 0.000000 0.875417 0.444582 0.444582 0.444582
4473.265625 0.000000 576.057190 0.000000 0.838015 0.000000 0.545647 0.497695 0.497695 0.497695
4515.695312 0.000000 639.476929 0.000000 0.999014 0.000000 -0.044402 0.552988 0.552988 0.552988
4501.183594 0.000000 648.075256 0.000000 0.979986 0.000000 0.199066 0.529637 0.529637 0.529637
4463.541504 0.000000 634.496521 0.000000 0.843439 0.000000 0.537225 0.496267 0.496267 0.496267
4476.367676 0.000000 587.182434 0.000000 0.999309 0.000000 -0.037167 0.553777 0.553777 0.553777
4487.929199 0.000000 599.047791 0.000000 0.426618 0.000000 0.904432 0.472417 0.472417 0.472417
4477.394043 0.000000 589.852356 0.000000 0.803295 0.000000 0.595582 0.485174 0.485174 0.485174
4479.508789 0.000000 585.898987 0.000000 0.999634 0.000000 0.027036 0.547253 0.547253 0.547253
4492.337891 0.000000 624.961060 0.000000 0.877468 0.000000 0.479636 0.499171 0.499171 0.499171
4478.410645 0.000000 605.019836 0.000000 0.954725 0.000000 0.297490 0.519308 0.519308 0.519308
4492.413086 0.000000 598.820374 0.000000 0.994160 0.000000 -0.107913 0.569597 0.569597 0.569597
4491.346191 0.000000 605.845642 0.000000 0.551287 0.000000 0.834316 0.449723 0.449723 0.449723
4477.859375 0.000000 575.940857 0.000000 0.730094 0.000000 0.683346 0.473555 0.473555 0.473555
4492.161133 0.000000 589.984741 0.000000 0.992250 0.000000 -0.124260 0.562659 0.562659 0.562659
4521.398926 0.000000 625.141296 0.000000 0.856690 0.000000 0.515831 0.500139 0.500139 0.500139
4516.420410 0.000000 635.941956 0.000000 0.919102 0.000000 0.394019 0.508848 0.508848 0.508848
4474.375488 0.000000 577.952759 0.000000 0.722743 0.000000 0.691117 0.472469 0.472469 0.472469
4489.478027 0.000000 604.594788 0.000000 0.999090 0.000000 0.042640 0.545666 0.545666 0.545666
4489.329102 0.000000 597.652527 0.000000 0.343526 0.000000 0.939143 0.426023 0.426023 0.426023
4501.146973 0.000000 664.333923 0.000000 0.779576 0.000000 0.626308 0.481230 0.481230 0.481230
4488.592285 0.000000 576.009705 0.000000 0.663125 0.000000 0.748509 0.464058 0.464058 0.464058
4473.554199 0.000000 628.904907 0.000000 0.999040 0.000000 -0.043812 0.554453 0.554453 0.554453
4478.922852 0.000000 583.514282 0.000000 0.385177 0.000000 0.922843 0.372467 0.372467 0.372467
4496.068359 0.000000 647.936829 0.000000 0.885567 0.000000 0.464512 0.494281 0.494281 0.494281
4502.903320 0.000000 663.220398 0.000000 0.478455 0.000000 0.878112 0.441085 0.441085 0.441085
4517.995605 0.000000 627.325317 0.000000 0.933638 0.000000 0.358217 0.512775 0.512775 0.512775
4494.426758 0.000000 590.633728 0.000000 0.911185 0.000000 0.411997 0.506852 0.506852 0.506852
4488.827637 0.000000 600.704407 0.000000 0.867526 0.000000 0.497391 0.444921 0.444921 0.444921
4481.714844 0.000000 603.587463 0.000000 0.997544 0.000000 -0.070047 0.557123 0.557123 0.557123
4510.423828 0.000000 614.879272 0.000000 0.844330 0.000000 0.535824 0.492541 0.492541 0.492541
4515.885254 0.000000 619.217712 0.000000 0.864915 0.000000 0.501918 0.495128 0.495128 0.495128
4477.799316 0.000000 580.506897 0.000000 0.524613 0.000000 0.851341 0.404550 0.404550 0.404550
4492.733398 0.000000 603.777771 0.000000 0.980649 0.000000 0.195775 0.513203 0.513203 0.513203
4597.486816 0.000000 652.983643 0.000000 0.713758 0.000000 0.700393 0.529756 0.529756 0.529756
4605.430664 0.000000 669.255859 0.000000 0.375432 0.000000 0.926850 0.308996 0.308996 0.308996
4592.750000 0.000000 656.482788 0.000000 0.979813 0.000000 0.199915 0.534247 0.534247 0.534247
4606.242676 0.000000 666.226440 0.000000 0.749705 0.000000 0.661772 0.420910 0.420910 0.420910
4602.880859 0.000000 667.498047 0.000000 0.439783 0.000000 0.898104 0.430534 0.430534 0.430534
4595.122070 0.000000 657.940308 0.000000 0.999605 0.000000 0.028093 0.547145 0.547145 0.547145
4592.088867 0.000000 659.121460 0.000000 0.602486 0.000000 0.798130 0.492895 0.492895 0.492895
4606.743652 0.000000 671.712036 0.000000 0.909870 0.000000 0.414893 0.463058 0.463058 0.463058
4600.895020 0.000000 663.111816 0.000000 0.711212 0.000000 0.702978 0.480422 0.480422 0.480422
4604.943359 0.000000 671.139282 0.000000 0.971632 0.000000 0.236500 0.501479 0.501479 0.501479
4607.191406 0.000000 667.957764 0.000000 0.751160 0.000000 0.660120 0.421303 0.421303 0.421303
4479.459473 0.000000 673.347961 0.000000 0.998947 0.000000 -0.045873 0.554537 0.554537 0.554537
4477.101562 0.000000 688.197632 0.000000 0.590964 0.000000 0.806698 0.482987 0.482987 0.482987
4476.382812 0.000000 677.783386 0.000000 0.764169 0.000000 0.645016 0.478767 0.478767 0.478767
4505.959961 0.000000 675.478027 0.000000 0.992226 0.000000 -0.124451 0.562678 0.562678 0.562678
4477.040039 0.000000 674.981567 0.000000 0.985657 0.000000 0.168761 0.532770 0.532770 0.532770
4477.402832 0.000000 692.556091 0.000000 0.662972 0.000000 0.748644 0.497725 0.497725 0.497725
4477.601562 0.000000 697.828857 0.000000 0.544630 0.000000 0.838677 0.448914 0.448914 0.448914
4474.060059 0.000000 710.694153 0.000000 0.999993 0.000000 -0.003698 0.550320 0.550320 0.550320
4478.379395 0.000000 712.813110 0.000000 0.535137 0.000000 0.844765 0.447768 0.447768 0.447768
4481.481445 0.000000 674.311951 0.000000 0.928350 0.000000 0.371708 0.513394 0.513394 0.513394
4479.600098 0.000000 675.513245 0.000000 0.367137 0.000000 0.930167 0.428590 0.428590 0.428590
4479.696289 0.000000 697.252808 0.000000 0.603333 0.000000 0.797489 0.456202 0.456202 0.456202
4607.112793 0.000000 681.139893 0.000000 0.692544 0.000000 0.721376 0.509062 0.509062 0.509062
4604.629883 0.000000 671.934265 0.000000 0.995924 0.000000 0.090198 0.531645 0.531645 0.531645
4606.367676 0.000000 683.285400 0.000000 0.749424 0.000000 0.662091 0.497340 0.497340 0.497340
2637.375000 0.000000 1970.876953 0.000000 0.456015 0.000000 0.889972 0.531920 0.531920 0.531920
2645.406006 0.000000 1992.416016 0.000000 0.907192 0.000000 0.420717 0.503493 0.503493 0.503493
2640.488281 0.000000 1974.413574 0.000000 0.985215 0.000000 0.171321 0.543144 0.543144 0.543144
2641.242920 0.000000 1977.233765 0.000000 0.950841 0.000000 0.309679 0.509361 0.509361 0.509361
2626.408691 0.000000 1962.574585 0.000000 0.356734 0.000000 0.934206 0.243641 0.243641 0.243641
3211.094482 0.000000 1897.174561 0.000000 0.998616 0.000000 -0.052592 0.552240 0.552240 0.552240
3209.361084 0.000000 1899.194702 0.000000 0.983315 0.000000 0.181912 0.533924 0.533924 0.533924
3342.350098 0.000000 1896.362061 0.000000 0.996514 0.000000 0.083430 0.545527 0.545527 0.545527
3331.894775 0.000000 1915.665039 0.000000 0.671760 0.000000 0.740769 0.478981 0.478981 0.478981
3329.155518 0.000000 1913.416992 0.000000 0.989897 0.000000 0.141786 0.544140 0.544140 0.544140
3332.306396 0.000000 1911.726318 0.000000 0.998439 0.000000 0.055851 0.547391 0.547391 0.547391
3332.119873 0.000000 1918.519409 0.000000 0.533529 0.000000 0.845782 0.442038 0.442038 0.442038
3342.119141 0.000000 1902.223511 0.000000 0.961651 0.000000 0.274278 0.531307 0.531307 0.531307
3326.837402 0.000000 1918.786865 0.000000 0.444836 0.000000 0.895612 0.443329 0.443329 0.443329
3079.329346 0.000000 1976.498779 0.000000 0.515984 0.000000 0.856598 0.511864 0.511864 0.511864
3090.296631 0.000000 1972.147949 0.000000 0.909852 0.000000 0.414932 0.400186 0.400186 0.400186
3091.242920 0.000000 1969.876465 0.000000 0.963618 0.000000 0.267283 0.455262 0.455262 0.455262
3103.978516 0.000000 1995.977173 0.000000 0.988219 0.000000 -0.153044 0.555907 0.555907 0.555907
3164.989990 0.000000 2100.394775 0.000000 0.993175 0.000000 -0.116630 0.558668 0.558668 0.558668
3166.256348 0.000000 2093.161865 0.000000 0.993220 0.000000 0.116252 0.537841 0.537841 0.537841
3167.539307 0.000000 2097.512207 0.000000 0.987623 0.000000 0.156849 0.513668 0.513668 0.513668
3167.204834 0.000000 2094.420166 0.000000 0.976096 0.000000 0.217339 0.512396 0.512396 0.512396
3083.622559 0.000000 2161.248535 0.000000 0.999869 0.000000 0.016199 0.549733 0.549733 0.549733
3083.590332 0.000000 2176.561035 0.000000 0.648583 0.000000 0.761144 0.453785 0.453785 0.453785
3081.958984 0.000000 2166.063965 0.000000 0.739818 0.000000 0.672807 0.522640 0.522640 0.522640
3092.605469 0.000000 2190.403320 0.000000 0.793650 0.000000 0.608375 0.537428 0.537428 0.537428
3092.765625 0.000000 2180.428955 0.000000 0.797837 0.000000 0.602874 0.539338 0.539338 0.539338
3093.970703 0.000000 2161.188965 0.000000 0.942151 0.000000 0.335190 0.528880 0.528880 0.528880
3085.269287 0.000000 2184.794434 0.000000 0.993818 0.000000 0.111019 0.541598 0.541598 0.541598
3084.254395 0.000000 2168.795898 0.000000 0.983151 0.000000 0.182795 0.530059 0.530059 0.530059
3079.776123 0.000000 2176.772461 0.000000 0.998766 0.000000 -0.049668 0.551910 0.551910 0.551910
3085.969971 0.000000 2179.125977 0.000000 0.993387 0.000000 0.114814 0.538624 0.538624 0.538624
3088.919189 0.000000 2191.325684 0.000000 0.784778 0.000000 0.619777 0.516039 0.516039 0.516039
3092.345215 0.000000 2159.118652 0.000000 0.817034 0.000000 0.576590 0.492619 0.492619 0.492619
3092.924316 0.000000 2154.277100 0.000000 0.377989 0.000000 0.925810 0.446025 0.446025 0.446025
3084.465088 0.000000 2166.323975 0.000000 0.923730 0.000000 0.383045 0.500343 0.500343 0.500343
3090.659180 0.000000 2189.742920 0.000000 0.998911 0.000000 -0.046649 0.554037 0.554037 0.554037
3094.046387 0.000000 2185.032227 0.000000 0.983855 0.000000 0.178965 0.533941 0.533941 0.533941
3095.452881 0.000000 2155.825195 0.000000 0.938492 0.000000 0.345302 0.504010 0.504010 0.504010
3088.523926 0.000000 2160.489746 0.000000 0.635562 0.000000 0.772049 0.437362 0.437362 0.437362
3087.151611 0.000000 2163.354736 0.000000 0.959462 0.000000 0.281839 0.513515 0.513515 0.513515
3090.297607 0.000000 2159.507568 0.000000 0.766067 0.000000 0.642761 0.459896 0.459896 0.459896
3129.798340 0.000000 2179.610107 0.000000 0.923795 0.000000 0.382887 0.514931 0.514931 0.514931
3112.446777 0.000000 2184.101562 0.000000 0.990068 0.000000 -0.140587 0.554261 0.554261 0.554261
3123.785889 0.000000 2189.650635 0.000000 0.922080 0.000000 0.387000 0.541270 0.541270 0.541270
3095.733643 0.000000 2150.280762 0.000000 0.690680 0.000000 0.723160 0.512261 0.512261 0.512261
3096.531250 0.000000 2185.731445 0.000000 0.382497 0.000000 0.923957 0.477193 0.477193 0.477193
3112.249512 0.000000 2178.397461 0.000000 0.378784 0.000000 0.925485 0.491556 0.491556 0.491556
3127.147949 0.000000 2166.631104 0.000000 0.814541 0.000000 0.580106 0.510062 0.510062 0.510062
3132.028076 0.000000 2171.461670 0.000000 0.556577 0.000000 0.830796 0.462486 0.462486 0.462486
3130.796387 0.000000 2183.910645 0.000000 0.999168 0.000000 0.040782 0.548488 0.548488 0.548488
3130.149658 0.000000 2175.351807 0.000000 0.402606 0.000000 0.915373 0.457902 0.457902 0.457902
3106.859619 0.000000 2155.667480 0.000000 0.956218 0.000000 0.292655 0.535319 0.535319 0.535319
3106.560791 0.000000 2185.547852 0.000000 0.846392 0.000000 0.532560 0.527636 0.527636 0.527636
3133.416748 0.000000 2177.846436 0.000000 0.585625 0.000000 0.810582 0.491600 0.491600 0.491600
3127.182129 0.000000 2187.868164 0.000000 0.770703 0.000000 0.637195 0.458933 0.458933 0.458933
3115.787842 0.000000 2170.244629 0.000000 0.544727 0.000000 0.838614 0.491268 0.491268 0.491268
3130.175537 0.000000 2168.361084 0.000000 0.997137 0.000000 -0.075613 0.558626 0.558626 0.558626
3112.566406 0.000000 2175.384521 0.000000 0.989154 0.000000 0.146882 0.543725 0.543725 0.543725
3111.206055 0.000000 2157.947266 0.000000 0.434131 0.000000 0.900850 0.369792 0.369792 0.369792
3127.274658 0.000000 2181.558350 0.000000 0.576007 0.000000 0.817445 0.476416 0.476416 0.476416
3104.390137 0.000000 2173.779053 0.000000 0.528426 0.000000 0.848980 0.392659 0.392659 0.392659
3108.364014 0.000000 2153.244629 0.000000 0.850436 0.000000 0.526079 0.525658 0.525658 0.525658
3107.760010 0.000000 2173.849854 0.000000 0.650073 0.000000 0.759872 0.497854 0.497854 0.497854
3113.634521 0.000000 2180.717529 0.000000 0.512411 0.000000 0.858740 0.484765 0.484765 0.484765
3134.467285 0.000000 2172.391113 0.000000 0.937399 0.000000 0.348257 0.528509 0.528509 0.528509
3108.305420 0.000000 2157.826904 0.000000 0.999249 0.000000 -0.038755 0.556547 0.556547 0.556547
3128.733398 0.000000 2185.605957 0.000000 0.908554 0.000000 0.417767 0.510350 0.510350 0.510350
3101.690430 0.000000 2152.635010 0.000000 0.849296 0.000000 0.527917 0.507236 0.507236 0.507236
3132.895508 0.000000 2169.036865 0.000000 0.440698 0.000000 0.897655 0.468899 0.468899 0.468899
3097.760742 0.000000 2154.672119 0.000000 0.932565 0.000000 0.361002 0.515007 0.515007 0.515007
3106.383789 0.000000 2158.692871 0.000000 0.403186 0.000000 0.915118 0.424625 0.424625 0.424625
3128.216553 0.000000 2183.687012 0.000000 0.875787 0.000000 0.482698 0.501583 0.501583 0.501583
3131.178711 0.000000 2173.559570 0.000000 0.772615 0.000000 0.634875 0.479164 0.479164 0.479164
3130.531494 0.000000 2170.247070 0.000000 0.851783 0.000000 0.523895 0.482614 0.482614 0.482614
3129.034424 0.000000 2166.833496 0.000000 0.559590 0.000000 0.828770 0.442689 0.442689 0.442689
3126.196533 0.000000 2186.175293 0.000000 0.364375 0.000000 0.931252 0.392104 0.392104 0.392104
3110.421875 0.000000 2156.478760 0.000000 0.999206 0.000000 -0.039853 0.556404 0.556404 0.556404
3146.631592 0.000000 2252.366211 0.000000 0.483228 0.000000 0.875494 0.529499 0.529499 0.529499
3141.320312 0.000000 2258.830322 0.000000 0.974885 0.000000 0.222707 0.544757 0.544757 0.544757
3141.552979 0.000000 2251.414551 0.000000 0.938363 0.000000 0.345652 0.543700 0.543700 0.543700
3145.914307 0.000000 2257.116699 0.000000 0.978160 0.000000 0.207853 0.545687 0.545687 0.545687
3138.951172 0.000000 2267.982178 0.000000 0.353048 0.000000 0.935605 0.520095 0.520095 0.520095
3135.523926 0.000000 2265.997314 0.000000 0.835322 0.000000 0.549761 0.521227 0.521227 0.521227
3136.423340 0.000000 2261.190674 0.000000 0.991423 0.000000 0.130695 0.544601 0.544601 0.544601
3166.899658 0.000000 2303.446533 0.000000 0.999911 0.000000 0.013378 0.548365 0.548365 0.548365
3227.112061 0.000000 1989.810791 0.000000 0.724757 0.000000 0.689005 0.509295 0.509295 0.509295
3237.802979 0.000000 1980.172485 0.000000 0.994752 0.000000 -0.102314 0.571814 0.571814 0.571814
3214.218262 0.000000 1990.767700 0.000000 0.980238 0.000000 0.197822 0.546992 0.546992 0.546992
3235.424316 0.000000 1972.026489 0.000000 0.657347 0.000000 0.753588 0.438665 0.438665 0.438665
3213.114258 0.000000 1996.881348 0.000000 0.978806 0.000000 0.204791 0.527061 0.527061 0.527061
3221.343506 0.000000 1992.416016 0.000000 0.381167 0.000000 0.924506 0.318354 0.318354 0.318354
3198.365723 0.000000 1992.346436 0.000000 0.347787 0.000000 0.937573 0.187800 0.187800 0.187800
3236.750000 0.000000 1988.460205 0.000000 0.487091 0.000000 0.873351 0.493127 0.493127 0.493127
3198.186035 0.000000 2000.794312 0.000000 0.995616 0.000000 0.093533 0.540354 0.540354 0.540354
3196.300781 0.000000 1989.307373 0.000000 0.908947 0.000000 0.416913 0.486817 0.486817 0.486817
3205.729004 0.000000 1996.907715 0.000000 0.823873 0.000000 0.566774 0.457330 0.457330 0.457330
3214.583496 0.000000 1993.934814 0.000000 0.998406 0.000000 0.056443 0.543641 0.543641 0.543641
3203.335449 0.000000 1994.923828 0.000000 0.476622 0.000000 0.879108 0.343543 0.343543 0.343543
3199.266846 0.000000 1989.589478 0.000000 0.643025 0.000000 0.765845 0.445789 0.445789 0.445789
3235.179932 0.000000 1990.611694 0.000000 0.955690 0.000000 0.294376 0.505279 0.505279 0.505279
3200.725586 0.000000 1993.637207 0.000000 0.999153 0.000000 -0.041152 0.561530 0.561530 0.561530
3218.477051 0.000000 1997.955444 0.000000 0.978629 0.000000 0.205635 0.510470 0.510470 0.510470
3219.582520 0.000000 1993.956055 0.000000 0.849884 0.000000 0.526970 0.449401 0.449401 0.449401
3196.057373 0.000000 1991.728394 0.000000 0.515849 0.000000 0.856680 0.331040 0.331040 0.331040
3231.636963 0.000000 1980.140015 0.000000 0.685705 0.000000 0.727879 0.466046 0.466046 0.466046
3229.384033 0.000000 1989.399048 0.000000 0.997504 0.000000 -0.070610 0.556113 0.556113 0.556113
3212.327637 0.000000 1994.934082 0.000000 0.968975 0.000000 0.247158 0.523252 0.523252 0.523252
3200.216309 0.000000 1997.926636 0.000000 0.982038 0.000000 0.188683 0.508297 0.508297 0.508297
3237.566895 0.000000 1986.229614 0.000000 0.374072 0.000000 0.927400 0.409784 0.409784 0.409784
3236.990234 0.000000 1978.279297 0.000000 0.999919 0.000000 0.012705 0.548273 0.548273 0.548273
3204.404053 0.000000 1998.487427 0.000000 0.648875 0.000000 0.760895 0.447892 0.447892 0.447892
3202.503906 0.000000 2001.074219 0.000000 0.996044 0.000000 0.088864 0.539492 0.539492 0.539492
3198.188721 0.000000 1994.206543 0.000000 0.727742 0.000000 0.685851 0.311317 0.311317 0.311317
3231.606934 0.000000 1982.055786 0.000000 0.664636 0.000000 0.747167 0.451518 0.451518 0.451518
3203.884521 0.000000 1996.739746 0.000000 0.996499 0.000000 0.083600 0.534600 0.534600 0.534600
3225.855225 0.000000 1994.294312 0.000000 0.998692 0.000000 -0.051134 0.556533 0.556533 0.556533
3194.516357 0.000000 1989.432251 0.000000 0.723969 0.000000 0.689832 0.446517 0.446517 0.446517
3214.454590 0.000000 1995.769775 0.000000 0.999964 0.000000 -0.008506 0.552032 0.552032 0.552032
3196.739014 0.000000 1993.265259 0.000000 0.709162 0.000000 0.705045 0.338336 0.338336 0.338336
3216.283691 0.000000 1993.815552 0.000000 0.879148 0.000000 0.476548 0.465425 0.465425 0.465425
3202.995361 0.000000 1999.475586 0.000000 0.684084 0.000000 0.729404 0.424287 0.424287 0.424287
3230.012695 0.000000 1977.276245 0.000000 0.670663 0.000000 0.741762 0.326239 0.326239 0.326239
3215.952148 0.000000 1995.492310 0.000000 0.792126 0.000000 0.610358 0.393146 0.393146 0.393146
3195.689941 0.000000 1996.216064 0.000000 0.994026 0.000000 0.109147 0.527625 0.527625 0.527625
3194.960205 0.000000 1990.804565 0.000000 0.464088 0.000000 0.885789 0.363225 0.363225 0.363225
3201.460449 0.000000 1992.424683 0.000000 0.989261 0.000000 0.146161 0.508911 0.508911 0.508911
3199.017334 0.000000 1991.021729 0.000000 0.985909 0.000000 -0.167281 0.594079 0.594079 0.594079
3201.447021 0.000000 1998.931396 0.000000 0.533978 0.000000 0.845499 0.366008 0.366008 0.366008
3235.838379 0.000000 1983.205811 0.000000 0.387377 0.000000 0.921922 0.139280 0.139280 0.139280
3218.894775 0.000000 1995.224121 0.000000 0.541788 0.000000 0.840515 0.288201 0.288201 0.288201
3194.772705 0.000000 1992.092163 0.000000 0.515484 0.000000 0.856899 0.332363 0.332363 0.332363
3237.742432 0.000000 1981.498169 0.000000 0.521581 0.000000 0.853202 0.332467 0.332467 0.332467
3201.554199 0.000000 1994.628296 0.000000 0.956663 0.000000 0.291197 0.455467 0.455467 0.455467
3214.348633 0.000000 1997.279175 0.000000 0.927147 0.000000 0.374699 0.460347 0.460347 0.460347
3234.337891 0.000000 1985.526245 0.000000 0.668062 0.000000 0.744106 0.263077 0.263077 0.263077
3232.227295 0.000000 1978.981445 0.000000 0.987265 0.000000 0.159085 0.494060 0.494060 0.494060
3232.484619 0.000000 1981.047729 0.000000 0.769437 0.000000 0.638723 0.319777 0.319777 0.319777
3233.610840 0.000000 1984.504028 0.000000 0.668846 0.000000 0.743401 0.334791 0.334791 0.334791
3234.429932 0.000000 1974.168091 0.000000 0.419246 0.000000 0.907872 0.198361 0.198361 0.198361
3233.000488 0.000000 1974.071411 0.000000 0.810794 0.000000 0.585332 0.367121 0.367121 0.367121
3199.227783 0.000000 1994.603271 0.000000 0.745696 0.000000 0.666287 0.319703 0.319703 0.319703
3232.727783 0.000000 1982.195557 0.000000 0.557905 0.000000 0.829905 0.232773 0.232773 0.232773
3280.351807 0.000000 1964.506592 0.000000 0.338098 0.000000 0.941111 0.512968 0.512968 0.512968
3266.112793 0.000000 1973.898926 0.000000 0.715936 0.000000 0.698165 0.523471 0.523471 0.523471
3293.878174 0.000000 1954.887451 0.000000 0.882964 0.000000 0.469441 0.539264 0.539264 0.539264
3259.393066 0.000000 1982.000488 0.000000 0.650369 0.000000 0.759619 0.502616 0.502616 0.502616
3250.305176 0.000000 1984.276489 0.000000 0.966322 0.000000 0.257338 0.536062 0.536062 0.536062
3240.515625 0.000000 1993.762695 0.000000 0.933170 0.000000 0.359437 0.538894 0.538894 0.538894
3290.242676 0.000000 1958.714111 0.000000 0.871731 0.000000 0.489985 0.522578 0.522578 0.522578
3276.012451 0.000000 1979.492676 0.000000 0.505415 0.000000 0.862876 0.468529 0.468529 0.468529
3269.282959 0.000000 1985.943604 0.000000 0.888829 0.000000 0.458240 0.499672 0.499672 0.499672
3297.945068 0.000000 1957.240601 0.000000 0.673418 0.000000 0.739262 0.423195 0.423195 0.423195
3283.421875 0.000000 1967.208740 0.000000 0.355927 0.000000 0.934514 0.458855 0.458855 0.458855
3303.512695 0.000000 1945.770264 0.000000 0.450989 0.000000 0.892530 0.524255 0.524255 0.524255
3287.195068 0.000000 1960.394653 0.000000 0.521649 0.000000 0.853160 0.502287 0.502287 0.502287
3274.159912 0.000000 1976.392090 0.000000 0.772782 0.000000 0.634671 0.487688 0.487688 0.487688
3246.928467 0.000000 1984.330444 0.000000 0.519579 0.000000 0.854423 0.464194 0.464194 0.464194
3262.578369 0.000000 1981.491699 0.000000 0.718046 0.000000 0.695996 0.473894 0.473894 0.473894
3259.091309 0.000000 1985.002441 0.000000 0.936756 0.000000 0.349983 0.534289 0.534289 0.534289
3283.336670 0.000000 1972.965210 0.000000 0.982431 0.000000 0.186628 0.533760 0.533760 0.533760
3265.417969 0.000000 1979.916870 0.000000 0.775915 0.000000 0.630837 0.484387 0.484387 0.484387
3282.683105 0.000000 1970.201416 0.000000 0.627452 0.000000 0.778655 0.461763 0.461763 0.461763
3295.185059 0.000000 1957.203125 0.000000 0.896839 0.000000 0.442356 0.519799 0.519799 0.519799
3296.699463 0.000000 1954.588989 0.000000 0.963227 0.000000 0.268690 0.529829 0.529829 0.529829
3263.217529 0.000000 1983.646973 0.000000 0.636898 0.000000 0.770948 0.447254 0.447254 0.447254
3302.943848 0.000000 1957.181152 0.000000 0.335634 0.000000 0.941992 0.386373 0.386373 0.386373
3260.945801 0.000000 1980.078491 0.000000 0.988840 0.000000 0.148981 0.538502 0.538502 0.538502
3281.069092 0.000000 1971.429565 0.000000 0.813242 0.000000 0.581926 0.428046 0.428046 0.428046
3275.254883 0.000000 1974.600586 0.000000 0.999877 0.000000 0.015709 0.547821 0.547821 0.547821
3273.018799 0.000000 1974.864746 0.000000 0.965403 0.000000 0.260764 0.521383 0.521383 0.521383
3267.052979 0.000000 1981.952759 0.000000 0.485478 0.000000 0.874249 0.393692 0.393692 0.393692
3278.363281 0.000000 1970.809448 0.000000 0.871962 0.000000 0.489573 0.479752 0.479752 0.479752
3300.787354 0.000000 1955.305908 0.000000 0.818079 0.000000 0.575106 0.459135 0.459135 0.459135
3275.134277 0.000000 1972.288086 0.000000 0.996247 0.000000 -0.086562 0.565828 0.565828 0.565828
3178.435547 0.000000 2070.832275 0.000000 0.888200 0.000000 0.459457 0.544101 0.544101 0.544101
3201.790527 0.000000 2083.625488 0.000000 0.997841 0.000000 0.065680 0.547744 0.547744 0.547744
3184.438965 0.000000 2088.117188 0.000000 0.856425 0.000000 0.516271 0.505306 0.505306 0.505306
3214.808105 0.000000 2075.087402 0.000000 0.367182 0.000000 0.930149 0.463048 0.463048 0.463048
3205.157959 0.000000 2070.637451 0.000000 0.810307 0.000000 0.586005 0.512172 0.512172 0.512172
3178.312988 0.000000 2080.260986 0.000000 0.998208 0.000000 -0.059840 0.554604 0.554604 0.554604
3186.523438 0.000000 2066.487549 0.000000 0.925752 0.000000 0.378132 0.525507 0.525507 0.525507
3213.312500 0.000000 2066.861328 0.000000 0.958215 0.000000 0.286047 0.512556 0.512556 0.512556
3172.505615 0.000000 2100.934326 0.000000 0.603266 0.000000 0.797540 0.509435 0.509435 0.509435
3168.523438 0.000000 2089.747070 0.000000 0.687212 0.000000 0.726457 0.541068 0.541068 0.541068
3193.447998 0.000000 2078.792725 0.000000 0.998285 0.000000 -0.058549 0.564640 0.564640 0.564640
3210.580322 0.000000 2071.804932 0.000000 0.733640 0.000000 0.679538 0.460748 0.460748 0.460748
3191.247803 0.000000 2074.129883 0.000000 0.995765 0.000000 -0.091936 0.572755 0.572755 0.572755
3219.992676 0.000000 2073.681641 0.000000 0.800200 0.000000 0.599733 0.489947 0.489947 0.489947
3167.740234 0.000000 2101.662842 0.000000 0.362950 0.000000 0.931808 0.454483 0.454483 0.454483
3216.425781 0.000000 2070.397949 0.000000 0.562697 0.000000 0.826663 0.412368 0.412368 0.412368
3217.906494 0.000000 2065.147705 0.000000 0.939459 0.000000 0.342662 0.541356 0.541356 0.541356
3190.041504 0.000000 2081.486572 0.000000 0.565426 0.000000 0.824799 0.314290 0.314290 0.314290
3211.429688 0.000000 2063.193115 0.000000 0.668301 0.000000 0.743891 0.495863 0.495863 0.495863
3195.452881 0.000000 2073.758789 0.000000 0.997604 0.000000 -0.069182 0.563690 0.563690 0.563690
3190.544434 0.000000 2066.842529 0.000000 0.714651 0.000000 0.699481 0.501070 0.501070 0.501070
3187.780029 0.000000 2074.260010 0.000000 0.953287 0.000000 0.302066 0.493539 0.493539 0.493539
3202.167725 0.000000 2072.376465 0.000000 0.996468 0.000000 0.083968 0.541689 0.541689 0.541689
3187.142822 0.000000 2090.154785 0.000000 0.784637 0.000000 0.619956 0.516946 0.516946 0.516946
3202.029785 0.000000 2069.124023 0.000000 0.992889 0.000000 0.119040 0.542791 0.542791 0.542791
3180.975342 0.000000 2082.261230 0.000000 0.750910 0.000000 0.660405 0.441045 0.441045 0.441045
3185.541748 0.000000 2069.600342 0.000000 0.852360 0.000000 0.522955 0.495594 0.495594 0.495594
3218.326416 0.000000 2068.000488 0.000000 0.366733 0.000000 0.930326 0.454806 0.454806 0.454806
3176.662354 0.000000 2082.622559 0.000000 0.998553 0.000000 -0.053786 0.552586 0.552586 0.552586
3191.434326 0.000000 2071.262939 0.000000 0.666351 0.000000 0.745638 0.417123 0.417123 0.417123
3211.344482 0.000000 2068.949707 0.000000 0.987441 0.000000 0.157988 0.524948 0.524948 0.524948
3218.338379 0.000000 2075.940674 0.000000 0.764652 0.000000 0.644444 0.503844 0.503844 0.503844
3181.216064 0.000000 2070.978027 0.000000 0.596006 0.000000 0.802980 0.497515 0.497515 0.497515
3199.385010 0.000000 2078.741211 0.000000 0.912301 0.000000 0.409521 0.504231 0.504231 0.504231
3181.676758 0.000000 2079.704346 0.000000 0.903994 0.000000 0.427545 0.489340 0.489340 0.489340
3196.425049 0.000000 2071.294922 0.000000 0.995915 0.000000 0.090291 0.532992 0.532992 0.532992
3215.612305 0.000000 2067.917725 0.000000 0.998790 0.000000 -0.049178 0.554864 0.554864 0.554864
3207.921631 0.000000 2071.593994 0.000000 0.998316 0.000000 0.058011 0.544740 0.544740 0.544740
3170.055664 0.000000 2100.860596 0.000000 0.971429 0.000000 0.237330 0.531904 0.531904 0.531904
3204.887695 0.000000 2073.052490 0.000000 0.703049 0.000000 0.711142 0.486995 0.486995 0.486995
3188.418457 0.000000 2068.037598 0.000000 0.641812 0.000000 0.766862 0.452800 0.452800 0.452800
3186.680908 0.000000 2087.349854 0.000000 0.362422 0.000000 0.932014 0.416542 0.416542 0.416542
3189.419434 0.000000 2072.617676 0.000000 0.832053 0.000000 0.554696 0.429700 0.429700 0.429700
3183.497070 0.000000 2070.559326 0.000000 0.630252 0.000000 0.776390 0.462119 0.462119 0.462119
3196.200928 0.000000 2069.099609 0.000000 0.849163 0.000000 0.528131 0.485061 0.485061 0.485061
3209.767822 0.000000 2074.071533 0.000000 0.999786 0.000000 -0.020667 0.552242 0.552242 0.552242
3195.579102 0.000000 2083.135254 0.000000 0.994527 0.000000 -0.104485 0.559774 0.559774 0.559774
3221.829102 0.000000 2079.825684 0.000000 0.999627 0.000000 -0.027296 0.555285 0.555285 0.555285
3191.815674 0.000000 2082.594238 0.000000 0.733155 0.000000 0.680061 0.419588 0.419588 0.419588
3185.833984 0.000000 2074.013184 0.000000 0.753814 0.000000 0.657087 0.443680 0.443680 0.443680
3198.147461 0.000000 2080.212402 0.000000 0.958546 0.000000 0.284936 0.521434 0.521434 0.521434
3202.523682 0.000000 2074.262451 0.000000 0.999967 0.000000 -0.008123 0.550803 0.550803 0.550803
3185.471924 0.000000 2077.822021 0.000000 0.548503 0.000000 0.836148 0.354207 0.354207 0.354207
3193.042236 0.000000 2073.927246 0.000000 0.663601 0.000000 0.748087 0.357355 0.357355 0.357355
3191.596924 0.000000 2075.928955 0.000000 0.748618 0.000000 0.663002 0.370854 0.370854 0.370854
3182.739258 0.000000 2083.425537 0.000000 0.636657 0.000000 0.771147 0.375874 0.375874 0.375874
3232.654541 0.000000 2079.805908 0.000000 0.935911 0.000000 0.352236 0.490689 0.490689 0.490689
3187.007568 0.000000 2075.972168 0.000000 0.988063 0.000000 0.154051 0.521542 0.521542 0.521542
3197.875000 0.000000 2068.495361 0.000000 0.817771 0.000000 0.575544 0.478423 0.478423 0.478423
3180.091553 0.000000 2080.566650 0.000000 0.999384 0.000000 -0.035095 0.554964 0.554964 0.554964
3217.898926 0.000000 2071.615723 0.000000 0.906629 0.000000 0.421930 0.488397 0.488397 0.488397
3209.856445 0.000000 2070.205322 0.000000 0.612647 0.000000 0.790357 0.426108 0.426108 0.426108
3193.874756 0.000000 2083.693604 0.000000 0.986807 0.000000 0.161903 0.529010 0.529010 0.529010
3186.273926 0.000000 2079.512207 0.000000 0.666771 0.000000 0.745263 0.345622 0.345622 0.345622
3170.503174 0.000000 2098.795166 0.000000 0.858171 0.000000 0.513364 0.477457 0.477457 0.477457
3198.105469 0.000000 2077.658691 0.000000 0.468533 0.000000 0.883446 0.411681 0.411681 0.411681
3183.203613 0.000000 2078.507324 0.000000 0.916753 0.000000 0.399454 0.480599 0.480599 0.480599
3210.455322 0.000000 2064.611328 0.000000 0.784813 0.000000 0.619733 0.458222 0.458222 0.458222
3197.486572 0.000000 2070.021973 0.000000 0.999752 0.000000 -0.022255 0.554187 0.554187 0.554187
3191.964111 0.000000 2072.756104 0.000000 0.985556 0.000000 0.169352 0.511913 0.511913 0.511913
3192.933594 0.000000 2070.854492 0.000000 0.998230 0.000000 -0.059466 0.560458 0.560458 0.560458
3186.752930 0.000000 2085.769775 0.000000 0.997826 0.000000 0.065901 0.538318 0.538318 0.538318
3188.794189 0.000000 2077.488770 0.000000 0.540792 0.000000 0.841156 0.300241 0.300241 0.300241
3194.648193 0.000000 2076.547607 0.000000 0.632108 0.000000 0.774880 0.344278 0.344278 0.344278
3188.040527 0.000000 2072.912354 0.000000 0.701898 0.000000 0.712277 0.387812 0.387812 0.387812
3186.912598 0.000000 2084.241943 0.000000 0.555974 0.000000 0.831199 0.376189 0.376189 0.376189
3172.158447 0.000000 2092.370117 0.000000 0.566099 0.000000 0.824337 0.347752 0.347752 0.347752
3228.070801 0.000000 2077.235840 0.000000 0.948788 0.000000 0.315915 0.437458 0.437458 0.437458
3187.538330 0.000000 2079.723633 0.000000 0.994102 0.000000 0.108446 0.523591 0.523591 0.523591
3193.853516 0.000000 2077.546875 0.000000 0.427176 0.000000 0.904169 0.252242 0.252242 0.252242
3192.497070 0.000000 2075.046143 0.000000 0.845226 0.000000 0.534409 0.401360 0.401360 0.401360
3191.251465 0.000000 2080.850586 0.000000 0.950345 0.000000 0.311200 0.473089 0.473089 0.473089
3192.440430 0.000000 2079.572021 0.000000 0.839878 0.000000 0.542774 0.406621 0.406621 0.406621
3230.600098 0.000000 2077.355225 0.000000 0.851533 0.000000 0.524301 0.356759 0.356759 0.356759
3224.484863 0.000000 2081.779297 0.000000 0.389930 0.000000 0.920845 0.140251 0.140251 0.140251
3220.967773 0.000000 2076.817871 0.000000 0.798006 0.000000 0.602650 0.365266 0.365266 0.365266
3231.738037 0.000000 2080.552490 0.000000 0.938441 0.000000 0.345439 0.426503 0.426503 0.426503
3228.180176 0.000000 2081.550537 0.000000 0.402846 0.000000 0.915268 0.145177 0.145177 0.145177
3222.653320 0.000000 2080.610840 0.000000 0.964605 0.000000 0.263699 0.477083 0.477083 0.477083
3188.247803 0.000000 2078.707275 0.000000 0.998796 0.000000 0.049051 0.535985 0.535985 0.535985
3227.799316 0.000000 2079.563965 0.000000 0.999103 0.000000 -0.042341 0.564830 0.564830 0.564830
3228.589600 0.000000 2080.578369 0.000000 0.336023 0.000000 0.941854 0.119990 0.119990 0.119990
3223.425293 0.000000 2079.868896 0.000000 0.607613 0.000000 0.794233 0.228660 0.228660 0.228660
3270.357910 0.000000 2088.330811 0.000000 0.999608 0.000000 0.027985 0.549347 0.549347 0.549347
3283.492920 0.000000 2040.048096 0.000000 0.982222 0.000000 0.187725 0.542999 0.542999 0.542999
3274.780762 0.000000 2087.926270 0.000000 0.726457 0.000000 0.687212 0.528153 0.528153 0.528153
3275.876709 0.000000 2092.724121 0.000000 0.727075 0.000000 0.686558 0.315166 0.315166 0.315166
3285.412109 0.000000 2062.845703 0.000000 0.935440 0.000000 0.353485 0.506344 0.506344 0.506344
3277.121582 0.000000 2039.394287 0.000000 0.590692 0.000000 0.806897 0.400455 0.400455 0.400455
3289.686768 0.000000 2061.960449 0.000000 0.960623 0.000000 0.277857 0.457599 0.457599 0.457599
3272.246582 0.000000 2090.931152 0.000000 0.763637 0.000000 0.645646 0.333159 0.333159 0.333159
3279.693359 0.000000 2043.167236 0.000000 0.940862 0.000000 0.338791 0.447489 0.447489 0.447489
3278.449707 0.000000 2043.524414 0.000000 0.661521 0.000000 0.749927 0.298506 0.298506 0.298506
3279.551270 0.000000 2041.581421 0.000000 0.508865 0.000000 0.860846 0.186928 0.186928 0.186928
3281.654541 0.000000 2030.356812 0.000000 0.788560 0.000000 0.614958 0.334460 0.334460 0.334460
3281.178955 0.000000 2028.467773 0.000000 0.931500 0.000000 0.363742 0.419649 0.419649 0.419649
3279.666504 0.000000 2029.443726 0.000000 0.777592 0.000000 0.628769 0.321252 0.321252 0.321252
3279.706787 0.000000 2031.579712 0.000000 0.990897 0.000000 0.134625 0.507910 0.507910 0.507910
3275.559570 0.000000 2093.773438 0.000000 0.589432 0.000000 0.807818 0.258161 0.258161 0.258161
3274.375244 0.000000 2091.259277 0.000000 0.984984 0.000000 0.172646 0.489245 0.489245 0.489245
3327.584717 0.000000 1921.144897 0.000000 0.999999 0.000000 -0.001667 0.550115 0.550115 0.550115
3327.986816 0.000000 1947.115845 0.000000 0.522480 0.000000 0.852652 0.514950 0.514950 0.514950
3320.636475 0.000000 1922.623169 0.000000 0.979005 0.000000 0.203839 0.544926 0.544926 0.544926
3331.282471 0.000000 1941.740112 0.000000 0.870743 0.000000 0.491739 0.545059 0.545059 0.545059
3316.697998 0.000000 1942.297241 0.000000 0.908334 0.000000 0.418247 0.533410 0.533410 0.533410
3320.272705 0.000000 1934.909668 0.000000 0.997145 0.000000 0.075516 0.543980 0.543980 0.543980
3312.562012 0.000000 1952.594604 0.000000 0.842755 0.000000 0.538297 0.500049 0.500049 0.500049
3325.226562 0.000000 1935.994507 0.000000 0.853668 0.000000 0.520817 0.494338 0.494338 0.494338
3324.508057 0.000000 1925.580322 0.000000 0.680265 0.000000 0.732966 0.447205 0.447205 0.447205
3312.225098 0.000000 1940.420776 0.000000 0.633875 0.000000 0.773435 0.473508 0.473508 0.473508
3317.292725 0.000000 1931.762451 0.000000 0.621247 0.000000 0.783615 0.499306 0.499306 0.499306
3332.719238 0.000000 1927.627686 0.000000 0.744535 0.000000 0.667583 0.494798 0.494798 0.494798
3315.309326 0.000000 1939.710693 0.000000 0.963232 0.000000 0.268670 0.518626 0.518626 0.518626
3327.229492 0.000000 1925.350586 0.000000 0.950205 0.000000 0.311625 0.510402 0.510402 0.510402
3320.635254 0.000000 1932.059814 0.000000 0.766023 0.000000 0.642813 0.482894 0.482894 0.482894
3315.403320 0.000000 1933.673096 0.000000 0.976924 0.000000 0.213585 0.539360 0.539360 0.539360
3325.726562 0.000000 1945.625732 0.000000 0.992723 0.000000 -0.120423 0.560940 0.560940 0.560940
3330.791260 0.000000 1939.192017 0.000000 0.945523 0.000000 0.325555 0.527234 0.527234 0.527234
3324.492432 0.000000 1930.963745 0.000000 0.999823 0.000000 0.018804 0.548735 0.548735 0.548735
3324.362549 0.000000 1938.321655 0.000000 0.737693 0.000000 0.675137 0.480798 0.480798 0.480798
3325.519043 0.000000 1933.633667 0.000000 0.989577 0.000000 -0.144004 0.560120 0.560120 0.560120
3330.785156 0.000000 1926.336548 0.000000 0.453071 0.000000 0.891474 0.430614 0.430614 0.430614
3318.353760 0.000000 1933.752319 0.000000 0.662574 0.000000 0.748997 0.463983 0.463983 0.463983
3316.810547 0.000000 1938.050049 0.000000 0.991712 0.000000 0.128483 0.539032 0.539032 0.539032
3324.444580 0.000000 1942.312500 0.000000 0.417451 0.000000 0.908699 0.407535 0.407535 0.407535
3330.918701 0.000000 1928.999756 0.000000 0.991337 0.000000 -0.131339 0.562480 0.562480 0.562480
3321.767822 0.000000 1942.736450 0.000000 0.970593 0.000000 0.240728 0.524963 0.524963 0.524963
3329.606445 0.000000 1922.108887 0.000000 0.998457 0.000000 0.055528 0.544431 0.544431 0.544431
3331.130615 0.000000 1937.306274 0.000000 0.965324 0.000000 0.261056 0.523526 0.523526 0.523526
3325.364990 0.000000 1927.057617 0.000000 0.984357 0.000000 0.176183 0.516684 0.516684 0.516684
3325.924316 0.000000 1924.288208 0.000000 0.682244 0.000000 0.731124 0.447543 0.447543 0.447543
3358.572998 0.000000 2028.217896 0.000000 0.827702 0.000000 0.561167 0.508278 0.508278 0.508278
3356.696289 0.000000 2033.808594 0.000000 0.983150 0.000000 0.182803 0.528796 0.528796 0.528796
3191.243164 0.000000 2296.217529 0.000000 0.618790 0.000000 0.785556 0.538833 0.538833 0.538833
3220.617920 0.000000 2296.992920 0.000000 0.987608 0.000000 0.156939 0.547187 0.547187 0.547187
3207.227051 0.000000 2289.594727 0.000000 0.987051 0.000000 0.160409 0.544912 0.544912 0.544912
3169.345459 0.000000 2299.053467 0.000000 0.557514 0.000000 0.830167 0.543276 0.543276 0.543276
3195.607178 0.000000 2291.854248 0.000000 0.955105 0.000000 0.296266 0.521090 0.521090 0.521090
3237.607666 0.000000 2294.906006 0.000000 0.667955 0.000000 0.744201 0.524645 0.524645 0.524645
3201.503662 0.000000 2290.769043 0.000000 0.681885 0.000000 0.731459 0.499304 0.499304 0.499304
3205.194580 0.000000 2293.953613 0.000000 0.399282 0.000000 0.916828 0.497435 0.497435 0.497435
3231.081299 0.000000 2294.502930 0.000000 0.997301 0.000000 -0.073422 0.554541 0.554541 0.554541
3192.304443 0.000000 2288.298340 0.000000 0.500360 0.000000 0.865818 0.516941 0.516941 0.516941
3189.958740 0.000000 2292.054443 0.000000 0.792512 0.000000 0.609857 0.504971 0.504971 0.504971
3224.898193 0.000000 2288.217285 0.000000 0.958395 0.000000 0.285445 0.531319 0.531319 0.531319
3234.296143 0.000000 2296.416504 0.000000 0.998675 0.000000 -0.051470 0.551768 0.551768 0.551768
3192.929688 0.000000 2293.519531 0.000000 0.937483 0.000000 0.348030 0.501679 0.501679 0.501679
3204.322754 0.000000 2288.470459 0.000000 0.994923 0.000000 0.100642 0.545847 0.545847 0.545847
3188.322021 0.000000 2295.663818 0.000000 0.360702 0.000000 0.932681 0.467492 0.467492 0.467492
3228.139160 0.000000 2294.994629 0.000000 0.461143 0.000000 0.887326 0.500541 0.500541 0.500541
3167.799561 0.000000 2301.515869 0.000000 0.993170 0.000000 0.116672 0.540205 0.540205 0.540205
3192.829346 0.000000 2290.851562 0.000000 0.368014 0.000000 0.929820 0.395898 0.395898 0.395898
3191.063721 0.000000 2290.678223 0.000000 0.995203 0.000000 -0.097835 0.562244 0.562244 0.562244
3193.967529 0.000000 2292.240234 0.000000 0.994203 0.000000 0.107521 0.535356 0.535356 0.535356
3169.076416 0.000000 2302.856445 0.000000 0.995734 0.000000 -0.092271 0.562561 0.562561 0.562561
3264.605225 0.000000 2243.024414 0.000000 0.897553 0.000000 0.440906 0.541222 0.541222 0.541222
3256.431152 0.000000 2280.085938 0.000000 0.821195 0.000000 0.570648 0.546665 0.546665 0.546665
3266.112793 0.000000 2261.852295 0.000000 0.957130 0.000000 0.289660 0.541123 0.541123 0.541123
3254.983398 0.000000 2250.891602 0.000000 0.993755 0.000000 0.111582 0.539099 0.539099 0.539099
3247.960938 0.000000 2254.999512 0.000000 0.988266 0.000000 0.152740 0.544947 0.544947 0.544947
3262.388428 0.000000 2252.031494 0.000000 0.514904 0.000000 0.857248 0.537273 0.537273 0.537273
3248.570068 0.000000 2235.245605 0.000000 0.858310 0.000000 0.513131 0.545561 0.545561 0.545561
3259.290283 0.000000 2229.693359 0.000000 0.888223 0.000000 0.459412 0.538202 0.538202 0.538202
3260.316162 0.000000 2247.114014 0.000000 0.996964 0.000000 0.077869 0.548716 0.548716 0.548716
3266.003906 0.000000 2256.485596 0.000000 0.975922 0.000000 0.218119 0.542452 0.542452 0.542452
3252.795166 0.000000 2246.381348 0.000000 0.930856 0.000000 0.365387 0.537160 0.537160 0.537160
3249.974854 0.000000 2267.413086 0.000000 0.998096 0.000000 0.061681 0.546186 0.546186 0.546186
3258.874512 0.000000 2239.167725 0.000000 0.938463 0.000000 0.345380 0.538863 0.538863 0.538863
3246.034668 0.000000 2263.369873 0.000000 0.864238 0.000000 0.503083 0.531904 0.531904 0.531904
3262.536621 0.000000 2258.811279 0.000000 0.463476 0.000000 0.886110 0.512621 0.512621 0.512621
3248.452881 0.000000 2258.990479 0.000000 0.672153 0.000000 0.740412 0.496198 0.496198 0.496198
3258.946777 0.000000 2250.541748 0.000000 0.478804 0.000000 0.877922 0.513218 0.513218 0.513218
3262.421875 0.000000 2240.125244 0.000000 0.758983 0.000000 0.651111 0.525660 0.525660 0.525660
3247.890381 0.000000 2277.429443 0.000000 0.686908 0.000000 0.726744 0.466216 0.466216 0.466216
3252.931396 0.000000 2243.059326 0.000000 0.882340 0.000000 0.470612 0.521742 0.521742 0.521742
3255.190430 0.000000 2253.931641 0.000000 0.869137 0.000000 0.494572 0.514482 0.514482 0.514482
3248.374512 0.000000 2269.763428 0.000000 0.772820 0.000000 0.634625 0.503742 0.503742 0.503742
3252.348389 0.000000 2249.229004 0.000000 0.996419 0.000000 -0.084550 0.556974 0.556974 0.556974
3239.791748 0.000000 2301.515869 0.000000 0.690752 0.000000 0.723091 0.485630 0.485630 0.485630
3258.515869 0.000000 2245.031250 0.000000 0.683429 0.000000 0.730017 0.493816 0.493816 0.493816
3253.734375 0.000000 2233.579102 0.000000 0.413188 0.000000 0.910646 0.479261 0.479261 0.479261
3254.694092 0.000000 2241.330811 0.000000 0.883676 0.000000 0.468099 0.519231 0.519231 0.519231
3245.627441 0.000000 2289.386719 0.000000 0.444681 0.000000 0.895689 0.457029 0.457029 0.457029
3241.896973 0.000000 2287.109619 0.000000 0.996994 0.000000 -0.077474 0.558306 0.558306 0.558306
3245.193115 0.000000 2285.119873 0.000000 0.998845 0.000000 -0.048050 0.554884 0.554884 0.554884
3245.098633 0.000000 2273.268066 0.000000 0.999986 0.000000 0.005227 0.549469 0.549469 0.549469
3246.789062 0.000000 2274.178955 0.000000 0.794581 0.000000 0.607158 0.469367 0.469367 0.469367
3245.338379 0.000000 2271.181396 0.000000 0.979001 0.000000 0.203857 0.522375 0.522375 0.522375
2806.881348 0.000000 2462.263428 0.000000 0.992267 0.000000 0.124118 0.538210 0.538210 0.538210
2805.319336 0.000000 2462.692139 0.000000 0.951632 0.000000 0.307240 0.487823 0.487823 0.487823
2807.890625 0.000000 2464.939453 0.000000 0.506730 0.000000 0.862105 0.505756 0.505756 0.505756
2878.676025 0.000000 2416.701660 0.000000 0.915656 0.000000 0.401962 0.530688 0.530688 0.530688
2875.329834 0.000000 2404.574951 0.000000 0.935611 0.000000 0.353033 0.534146 0.534146 0.534146
2651.669434 0.000000 2641.170410 0.000000 0.916949 0.000000 0.399005 0.543801 0.543801 0.543801
2638.870605 0.000000 2650.993652 0.000000 0.726316 0.000000 0.687361 0.545838 0.545838 0.545838
2629.220459 0.000000 2646.543945 0.000000 0.856695 0.000000 0.515823 0.537349 0.537349 0.537349
2640.488281 0.000000 2646.304443 0.000000 0.735442 0.000000 0.677587 0.519333 0.519333 0.519333
2635.005859 0.000000 2651.919678 0.000000 0.855748 0.000000 0.517392 0.531333 0.531333 0.531333
2631.578613 0.000000 2649.934814 0.000000 0.420754 0.000000 0.907175 0.495380 0.495380 0.495380
2625.528809 0.000000 2652.632080 0.000000 0.484270 0.000000 0.874919 0.495879 0.495879 0.495879
2645.871582 0.000000 2646.725342 0.000000 0.426824 0.000000 0.904335 0.340567 0.340567 0.340567
2645.813477 0.000000 2649.308594 0.000000 0.725405 0.000000 0.688323 0.460352 0.460352 0.460352
2691.832764 0.000000 2669.572510 0.000000 0.452910 0.000000 0.891556 0.536397 0.536397 0.536397
2686.356689 0.000000 2666.614746 0.000000 0.998156 0.000000 0.060705 0.545162 0.545162 0.545162
2686.013428 0.000000 2675.991943 0.000000 0.819067 0.000000 0.573697 0.515602 0.515602 0.515602
2725.933105 0.000000 2673.189697 0.000000 0.997100 0.000000 0.076107 0.545920 0.545920 0.545920
2723.751953 0.000000 2670.996094 0.000000 0.390912 0.000000 0.920428 0.460098 0.460098 0.460098
2691.229004 0.000000 2672.907227 0.000000 0.729394 0.000000 0.684094 0.492071 0.492071 0.492071
2723.325195 0.000000 2673.612305 0.000000 0.335564 0.000000 0.942017 0.465651 0.465651 0.465651
2667.704346 0.000000 2716.707031 0.000000 0.347893 0.000000 0.937534 0.466552 0.466552 0.466552
2671.843506 0.000000 2718.760498 0.000000 0.773325 0.000000 0.634010 0.523597 0.523597 0.523597
2663.713135 0.000000 2717.398193 0.000000 0.826403 0.000000 0.563080 0.507294 0.507294 0.507294
2667.662598 0.000000 2719.886475 0.000000 0.447665 0.000000 0.894202 0.477062 0.477062 0.477062
2674.254639 0.000000 2717.721191 0.000000 0.787801 0.000000 0.615930 0.515377 0.515377 0.515377
2665.915039 0.000000 2718.251221 0.000000 0.814738 0.000000 0.579829 0.504988 0.504988 0.504988
2674.865479 0.000000 2714.524170 0.000000 0.638763 0.000000 0.769403 0.487316 0.487316 0.487316
2880.114014 0.000000 2414.809326 0.000000 0.999969 0.000000 0.007931 0.549456 0.549456 0.549456
3142.815918 0.000000 2363.040527 0.000000 0.999216 0.000000 -0.039584 0.555382 0.555382 0.555382
3122.128418 0.000000 2357.836670 0.000000 0.505333 0.000000 0.862924 0.427068 0.427068 0.427068
3135.234863 0.000000 2385.579102 0.000000 0.821157 0.000000 0.570703 0.467437 0.467437 0.467437
3122.403320 0.000000 2327.139160 0.000000 0.790109 0.000000 0.612966 0.341624 0.341624 0.341624
3124.445557 0.000000 2315.596924 0.000000 0.994890 0.000000 0.100962 0.537641 0.537641 0.537641
3136.589355 0.000000 2396.122070 0.000000 0.957187 0.000000 0.289469 0.510079 0.510079 0.510079
3156.413330 0.000000 2332.047363 0.000000 0.852021 0.000000 0.523508 0.363138 0.363138 0.363138
3148.282471 0.000000 2369.599609 0.000000 0.800165 0.000000 0.599779 0.464328 0.464328 0.464328
3163.035400 0.000000 2327.887695 0.000000 0.698576 0.000000 0.715536 0.478832 0.478832 0.478832
3128.318604 0.000000 2331.733398 0.000000 0.493112 0.000000 0.869966 0.518126 0.518126 0.518126
3143.278809 0.000000 2397.137695 0.000000 0.977859 0.000000 0.209267 0.534657 0.534657 0.534657
3131.157959 0.000000 2344.485596 0.000000 0.990043 0.000000 -0.140765 0.566290 0.566290 0.566290
3120.888916 0.000000 2320.902344 0.000000 0.614306 0.000000 0.789068 0.289053 0.289053 0.289053
3141.122070 0.000000 2380.819092 0.000000 0.999991 0.000000 -0.004173 0.551135 0.551135 0.551135
3121.455811 0.000000 2366.745850 0.000000 0.999991 0.000000 -0.004182 0.550425 0.550425 0.550425
3141.356201 0.000000 2368.771973 0.000000 0.999695 0.000000 0.024690 0.543490 0.543490 0.543490
3118.459961 0.000000 2314.758057 0.000000 0.987167 0.000000 -0.159689 0.552643 0.552643 0.552643
3131.582520 0.000000 2399.102295 0.000000 0.718507 0.000000 0.695520 0.446501 0.446501 0.446501
3129.736084 0.000000 2316.290283 0.000000 0.402015 0.000000 0.915633 0.486448 0.486448 0.486448
3116.331787 0.000000 2343.098389 0.000000 0.958285 0.000000 0.285813 0.544826 0.544826 0.544826
3153.951172 0.000000 2358.032715 0.000000 0.986971 0.000000 0.160898 0.528033 0.528033 0.528033
3129.597168 0.000000 2326.834473 0.000000 0.827275 0.000000 0.561797 0.513958 0.513958 0.513958
3133.202393 0.000000 2389.937988 0.000000 0.495727 0.000000 0.868478 0.495102 0.495102 0.495102
3153.731445 0.000000 2335.917969 0.000000 0.998237 0.000000 0.059347 0.538993 0.538993 0.538993
3160.864014 0.000000 2333.723145 0.000000 0.846296 0.000000 0.532712 0.397261 0.397261 0.397261
3165.680664 0.000000 2348.792480 0.000000 0.999771 0.000000 -0.021412 0.552617 0.552617 0.552617
3158.871582 0.000000 2356.997559 0.000000 0.710612 0.000000 0.703584 0.454627 0.454627 0.454627
3118.049316 0.000000 2369.439697 0.000000 0.900840 0.000000 0.434152 0.533350 0.533350 0.533350
3149.857178 0.000000 2365.562744 0.000000 0.992964 0.000000 -0.118417 0.565646 0.565646 0.565646
3125.300781 0.000000 2319.776123 0.000000 0.906976 0.000000 0.421183 0.397777 0.397777 0.397777
3125.831299 0.000000 2324.775146 0.000000 0.934708 0.000000 0.355417 0.428261 0.428261 0.428261
3123.460693 0.000000 2361.712158 0.000000 0.997487 0.000000 0.070848 0.540556 0.540556 0.540556
3136.008789 0.000000 2337.532715 0.000000 0.992381 0.000000 -0.123205 0.564756 0.564756 0.564756
3160.598145 0.000000 2310.089111 0.000000 0.916755 0.000000 0.399450 0.494141 0.494141 0.494141
3119.218994 0.000000 2324.572021 0.000000 0.997583 0.000000 0.069485 0.546085 0.546085 0.546085
3118.346436 0.000000 2328.436279 0.000000 0.999855 0.000000 0.017047 0.549602 0.549602 0.549602
3159.528320 0.000000 2329.708008 0.000000 0.999225 0.000000 -0.039370 0.552541 0.552541 0.552541
3125.081055 0.000000 2354.889893 0.000000 0.873240 0.000000 0.487290 0.505271 0.505271 0.505271
3128.562012 0.000000 2396.291992 0.000000 0.982541 0.000000 0.186049 0.534839 0.534839 0.534839
3157.696289 0.000000 2315.850342 0.000000 0.875788 0.000000 0.482696 0.516108 0.516108 0.516108
3165.979492 0.000000 2330.889893 0.000000 0.984004 0.000000 0.178148 0.528604 0.528604 0.528604
3151.788330 0.000000 2354.079346 0.000000 0.877098 0.000000 0.480312 0.455752 0.455752 0.455752
3125.735840 0.000000 2328.391113 0.000000 0.989951 0.000000 -0.141409 0.590718 0.590718 0.590718
3156.246582 0.000000 2360.764648 0.000000 0.410975 0.000000 0.911646 0.516918 0.516918 0.516918
3146.282715 0.000000 2388.990967 0.000000 0.397424 0.000000 0.917635 0.143105 0.143105 0.143105
3121.398193 0.000000 2317.269043 0.000000 0.987819 0.000000 -0.155605 0.581107 0.581107 0.581107
3151.321533 0.000000 2360.436279 0.000000 0.823882 0.000000 0.566761 0.468089 0.468089 0.468089
3155.451660 0.000000 2323.047607 0.000000 0.485180 0.000000 0.874415 0.484242 0.484242 0.484242
3166.644775 0.000000 2320.717285 0.000000 0.607893 0.000000 0.794019 0.519768 0.519768 0.519768
3138.042969 0.000000 2369.143799 0.000000 0.998614 0.000000 0.052622 0.543133 0.543133 0.543133
3122.610107 0.000000 2323.732178 0.000000 0.807367 0.000000 0.590050 0.329019 0.329019 0.329019
3147.059814 0.000000 2385.304932 0.000000 0.740936 0.000000 0.671576 0.513602 0.513602 0.513602
3166.141602 0.000000 2327.287842 0.000000 0.637403 0.000000 0.770531 0.430420 0.430420 0.430420
3132.330566 0.000000 2384.454834 0.000000 0.804859 0.000000 0.593466 0.498528 0.498528 0.498528
3149.149658 0.000000 2352.290527 0.000000 0.853310 0.000000 0.521405 0.467155 0.467155 0.467155
3138.003418 0.000000 2387.538086 0.000000 0.554838 0.000000 0.831958 0.313882 0.313882 0.313882
3124.236328 0.000000 2344.978027 0.000000 0.372625 0.000000 0.927982 0.474902 0.474902 0.474902
3164.152832 0.000000 2324.834229 0.000000 0.453768 0.000000 0.891120 0.432209 0.432209 0.432209
3153.057617 0.000000 2332.902100 0.000000 0.428908 0.000000 0.903348 0.381247 0.381247 0.381247
3141.449951 0.000000 2390.114990 0.000000 0.999947 0.000000 0.010270 0.548604 0.548604 0.548604
3134.492432 0.000000 2398.427734 0.000000 0.944338 0.000000 0.328976 0.504431 0.504431 0.504431
3127.641846 0.000000 2334.631592 0.000000 0.876468 0.000000 0.481461 0.478267 0.478267 0.478267
3162.391602 0.000000 2353.175049 0.000000 0.996327 0.000000 0.085630 0.538345 0.538345 0.538345
3120.652344 0.000000 2330.342041 0.000000 0.887068 0.000000 0.461638 0.463029 0.463029 0.463029
3154.119873 0.000000 2325.660889 0.000000 0.513541 0.000000 0.858065 0.442358 0.442358 0.442358
3156.112305 0.000000 2356.034912 0.000000 0.556275 0.000000 0.830998 0.416659 0.416659 0.416659
3122.191650 0.000000 2355.137695 0.000000 0.995130 0.000000 -0.098573 0.558134 0.558134 0.558134
3125.543457 0.000000 2332.916260 0.000000 0.748155 0.000000 0.663524 0.364705 0.364705 0.364705
3135.967041 0.000000 2389.219971 0.000000 0.921128 0.000000 0.389260 0.495649 0.495649 0.495649
3137.368896 0.000000 2379.116699 0.000000 0.892128 0.000000 0.451782 0.479841 0.479841 0.479841
3122.239502 0.000000 2336.832520 0.000000 0.999402 0.000000 0.034586 0.538030 0.538030 0.538030
3140.460938 0.000000 2361.536621 0.000000 0.514705 0.000000 0.857368 0.419868 0.419868 0.419868
3151.577148 0.000000 2357.049805 0.000000 0.990644 0.000000 0.136471 0.524247 0.524247 0.524247
3143.642578 0.000000 2380.924316 0.000000 0.758345 0.000000 0.651853 0.356962 0.356962 0.356962
3134.676758 0.000000 2383.162842 0.000000 0.992868 0.000000 0.119218 0.533755 0.533755 0.533755
3141.747070 0.000000 2383.469238 0.000000 0.761828 0.000000 0.647779 0.358420 0.358420 0.358420
3142.493896 0.000000 2372.061768 0.000000 0.535233 0.000000 0.844705 0.276491 0.276491 0.276491
3158.298584 0.000000 2351.190674 0.000000 0.963071 0.000000 0.269248 0.512942 0.512942 0.512942
3144.699707 0.000000 2385.829834 0.000000 0.937707 0.000000 0.347427 0.471559 0.471559 0.471559
3158.784668 0.000000 2332.057129 0.000000 0.476075 0.000000 0.879405 0.173735 0.173735 0.173735
3122.795410 0.000000 2319.259766 0.000000 0.996064 0.000000 -0.088642 0.581078 0.581078 0.581078
3146.062012 0.000000 2368.776367 0.000000 0.678282 0.000000 0.734802 0.437801 0.437801 0.437801
3137.026123 0.000000 2384.031006 0.000000 0.516338 0.000000 0.856385 0.321279 0.321279 0.321279
3143.764160 0.000000 2389.497803 0.000000 0.714576 0.000000 0.699558 0.411699 0.411699 0.411699
3143.642822 0.000000 2368.150391 0.000000 0.452124 0.000000 0.891955 0.297383 0.297383 0.297383
3156.457275 0.000000 2358.292725 0.000000 0.503765 0.000000 0.863841 0.416830 0.416830 0.416830
3155.452881 0.000000 2334.405273 0.000000 0.998784 0.000000 -0.049298 0.563408 0.563408 0.563408
3148.656250 0.000000 2395.941162 0.000000 0.994174 0.000000 0.107786 0.512186 0.512186 0.512186
3146.702637 0.000000 2371.249756 0.000000 0.972589 0.000000 0.232533 0.518098 0.518098 0.518098
3139.318115 0.000000 2382.519287 0.000000 0.604601 0.000000 0.796529 0.299459 0.299459 0.299459
3127.263184 0.000000 2326.764160 0.000000 0.896434 0.000000 0.443177 0.459846 0.459846 0.459846
3149.816895 0.000000 2358.772217 0.000000 0.644099 0.000000 0.764943 0.313211 0.313211 0.313211
3118.740723 0.000000 2320.414795 0.000000 0.358948 0.000000 0.933357 0.422739 0.422739 0.422739
3126.798340 0.000000 2321.540527 0.000000 0.994980 0.000000 -0.100075 0.572849 0.572849 0.572849
3124.208740 0.000000 2357.052979 0.000000 0.712660 0.000000 0.701509 0.446442 0.446442 0.446442
3142.993408 0.000000 2360.809326 0.000000 0.956273 0.000000 0.292477 0.509652 0.509652 0.509652
3138.767090 0.000000 2396.332764 0.000000 0.963439 0.000000 0.267928 0.513128 0.513128 0.513128
3133.179688 0.000000 2343.563721 0.000000 0.999667 0.000000 -0.025801 0.558326 0.558326 0.558326
3135.056152 0.000000 2374.070557 0.000000 0.530472 0.000000 0.847702 0.438873 0.438873 0.438873
3164.727295 0.000000 2329.186035 0.000000 0.496112 0.000000 0.868259 0.407038 0.407038 0.407038
3163.363525 0.000000 2335.457031 0.000000 0.969435 0.000000 0.245347 0.498946 0.498946 0.498946
3148.568848 0.000000 2363.660889 0.000000 0.974993 0.000000 0.222234 0.510304 0.510304 0.510304
3141.073242 0.000000 2376.447510 0.000000 0.997508 0.000000 0.070559 0.530801 0.530801 0.530801
3147.824463 0.000000 2380.142822 0.000000 0.628985 0.000000 0.777418 0.441169 0.441169 0.441169
3122.863037 0.000000 2321.335449 0.000000 0.999209 0.000000 -0.039764 0.563927 0.563927 0.563927
3155.263184 0.000000 2321.031738 0.000000 0.856750 0.000000 0.515732 0.470389 0.470389 0.470389
3161.941162 0.000000 2316.260254 0.000000 0.988333 0.000000 0.152306 0.530685 0.530685 0.530685
3166.187256 0.000000 2333.054199 0.000000 0.999520 0.000000 -0.030964 0.553700 0.553700 0.553700
3121.477783 0.000000 2325.371582 0.000000 0.911838 0.000000 0.410550 0.465189 0.465189 0.465189
3156.036377 0.000000 2351.249023 0.000000 0.786614 0.000000 0.617445 0.459535 0.459535 0.459535
3120.147461 0.000000 2319.013916 0.000000 0.978496 0.000000 0.206266 0.488666 0.488666 0.488666
3159.658691 0.000000 2316.158447 0.000000 0.762617 0.000000 0.646850 0.454376 0.454376 0.454376
3120.371338 0.000000 2336.012939 0.000000 0.652075 0.000000 0.758154 0.248711 0.248711 0.248711
3161.027100 0.000000 2308.080566 0.000000 0.928748 0.000000 0.370711 0.498375 0.498375 0.498375
3135.051758 0.000000 2390.939453 0.000000 0.594960 0.000000 0.803755 0.423092 0.423092 0.423092
3160.570312 0.000000 2331.345459 0.000000 0.829259 0.000000 0.558864 0.407503 0.407503 0.407503
3119.341797 0.000000 2343.498535 0.000000 0.999799 0.000000 -0.020036 0.552504 0.552504 0.552504
3137.084717 0.000000 2355.367188 0.000000 0.586392 0.000000 0.810027 0.342563 0.342563 0.342563
3144.964355 0.000000 2351.337158 0.000000 0.879767 0.000000 0.475405 0.484694 0.484694 0.484694
3150.144287 0.000000 2355.044189 0.000000 0.722047 0.000000 0.691844 0.406273 0.406273 0.406273
3144.764404 0.000000 2387.757080 0.000000 0.393634 0.000000 0.919267 0.369050 0.369050 0.369050
3139.322998 0.000000 2389.122803 0.000000 0.998703 0.000000 0.050914 0.541467 0.541467 0.541467
3157.090088 0.000000 2337.382812 0.000000 0.535127 0.000000 0.844771 0.232248 0.232248 0.232248
3136.882812 0.000000 2377.316406 0.000000 1.000000 0.000000 0.000108 0.549985 0.549985 0.549985
3156.748535 0.000000 2386.752930 0.000000 0.827175 0.000000 0.561945 0.382028 0.382028 0.382028
3137.834229 0.000000 2385.692627 0.000000 0.854847 0.000000 0.518880 0.428649 0.428649 0.428649
3165.844482 0.000000 2325.467773 0.000000 0.999775 0.000000 -0.021203 0.552271 0.552271 0.552271
3122.369873 0.000000 2339.480713 0.000000 0.964629 0.000000 0.263610 0.502382 0.502382 0.502382
3164.425537 0.000000 2326.699951 0.000000 0.991801 0.000000 0.127792 0.532581 0.532581 0.532581
3123.068604 0.000000 2365.890381 0.000000 0.983749 0.000000 0.179547 0.519015 0.519015 0.519015
3120.814453 0.000000 2323.720703 0.000000 0.999819 0.000000 0.019015 0.545430 0.545430 0.545430
3125.882812 0.000000 2356.448486 0.000000 0.999428 0.000000 -0.033824 0.554506 0.554506 0.554506
3140.852295 0.000000 2373.595947 0.000000 0.965026 0.000000 0.262155 0.477884 0.477884 0.477884
3157.294678 0.000000 2352.636475 0.000000 0.758994 0.000000 0.651098 0.453617 0.453617 0.453617
3155.080322 0.000000 2359.426758 0.000000 0.745845 0.000000 0.666120 0.450903 0.450903 0.450903
3134.845459 0.000000 2343.012451 0.000000 0.634623 0.000000 0.772822 0.263773 0.263773 0.263773
3145.112793 0.000000 2372.108398 0.000000 0.997155 0.000000 0.075382 0.532283 0.532283 0.532283
3137.755615 0.000000 2341.273682 0.000000 0.999323 0.000000 -0.036795 0.554649 0.554649 0.554649
3145.906738 0.000000 2359.568848 0.000000 0.527053 0.000000 0.849832 0.395198 0.395198 0.395198
3137.452148 0.000000 2373.673096 0.000000 0.769034 0.000000 0.639208 0.455732 0.455732 0.455732
3149.639160 0.000000 2394.492432 0.000000 0.842663 0.000000 0.538441 0.350915 0.350915 0.350915
3161.609619 0.000000 2311.945801 0.000000 0.525218 0.000000 0.850968 0.411640 0.411640 0.411640
3135.029541 0.000000 2396.745605 0.000000 0.739266 0.000000 0.673413 0.449568 0.449568 0.449568
3122.878662 0.000000 2335.171143 0.000000 0.999959 0.000000 0.009076 0.546822 0.546822 0.546822
3126.234375 0.000000 2323.141113 0.000000 0.336179 0.000000 0.941798 0.297087 0.297087 0.297087
3129.300537 0.000000 2335.079346 0.000000 0.945085 0.000000 0.326824 0.485540 0.485540 0.485540
3144.291504 0.000000 2377.753174 0.000000 0.973328 0.000000 0.229420 0.495330 0.495330 0.495330
3159.612061 0.000000 2337.790283 0.000000 0.911564 0.000000 0.411159 0.459237 0.459237 0.459237
3145.905029 0.000000 2384.071289 0.000000 0.873787 0.000000 0.486310 0.437727 0.437727 0.437727
3139.384033 0.000000 2386.472168 0.000000 0.994148 0.000000 0.108028 0.523991 0.523991 0.523991
3142.819580 0.000000 2358.159424 0.000000 0.944899 0.000000 0.327361 0.504664 0.504664 0.504664
3143.026611 0.000000 2382.441895 0.000000 0.974020 0.000000 0.226463 0.487892 0.487892 0.487892
3146.040771 0.000000 2386.786133 0.000000 0.601831 0.000000 0.798624 0.268032 0.268032 0.268032
3162.120361 0.000000 2332.701904 0.000000 0.959504 0.000000 0.281696 0.484519 0.484519 0.484519
3128.765869 0.000000 2344.150635 0.000000 0.999893 0.000000 -0.014646 0.552795 0.552795 0.552795
3147.604492 0.000000 2357.252686 0.000000 0.609019 0.000000 0.793156 0.263239 0.263239 0.263239
3146.447266 0.000000 2362.141113 0.000000 0.999984 0.000000 -0.005705 0.550799 0.550799 0.550799
3163.084717 0.000000 2329.468018 0.000000 0.623248 0.000000 0.782024 0.400817 0.400817 0.400817
3122.880127 0.000000 2343.972412 0.000000 0.937029 0.000000 0.349251 0.461331 0.461331 0.461331
3121.600830 0.000000 2322.342529 0.000000 0.999730 0.000000 0.023252 0.544412 0.544412 0.544412
3144.927246 0.000000 2356.733398 0.000000 0.999832 0.000000 0.018319 0.546956 0.546956 0.546956
3126.840332 0.000000 2319.996094 0.000000 0.666338 0.000000 0.745650 0.360501 0.360501 0.360501
3122.794922 0.000000 2363.121826 0.000000 0.558764 0.000000 0.829326 0.384841 0.384841 0.384841
3125.636719 0.000000 2316.939453 0.000000 0.986680 0.000000 -0.162676 0.596444 0.596444 0.596444
3144.173828 0.000000 2359.891113 0.000000 0.999994 0.000000 -0.003328 0.550507 0.550507 0.550507
3162.405273 0.000000 2334.193359 0.000000 0.833084 0.000000 0.553147 0.429276 0.429276 0.429276
3145.157959 0.000000 2374.719482 0.000000 0.618228 0.000000 0.785998 0.336426 0.336426 0.336426
3124.881836 0.000000 2331.496582 0.000000 0.971517 0.000000 0.236969 0.489883 0.489883 0.489883
3146.739258 0.000000 2354.392822 0.000000 0.999904 0.000000 0.013856 0.546709 0.546709 0.546709
3140.252686 0.000000 2375.216064 0.000000 0.999856 0.000000 0.016964 0.545388 0.545388 0.545388
3153.953613 0.000000 2334.091797 0.000000 0.978006 0.000000 0.208575 0.511051 0.511051 0.511051
3122.174805 0.000000 2330.398193 0.000000 0.465328 0.000000 0.885138 0.226176 0.226176 0.226176
3138.532959 0.000000 2372.648438 0.000000 0.706802 0.000000 0.707412 0.400016 0.400016 0.400016
3122.772461 0.000000 2317.795898 0.000000 0.690953 0.000000 0.722900 0.307030 0.307030 0.307030
3137.158203 0.000000 2342.516846 0.000000 0.792350 0.000000 0.610066 0.423867 0.423867 0.423867
3121.636719 0.000000 2338.068115 0.000000 0.364056 0.000000 0.931377 0.130469 0.130469 0.130469
3120.577637 0.000000 2333.173828 0.000000 0.952861 0.000000 0.303406 0.458995 0.458995 0.458995
3123.427490 0.000000 2322.660645 0.000000 0.974215 0.000000 0.225621 0.470315 0.470315 0.470315
3159.616211 0.000000 2333.148438 0.000000 0.967336 0.000000 0.253499 0.460260 0.460260 0.460260
3142.295898 0.000000 2373.388184 0.000000 0.894666 0.000000 0.446735 0.424092 0.424092 0.424092
3148.304688 0.000000 2394.665039 0.000000 0.926513 0.000000 0.376263 0.414930 0.414930 0.414930
3127.150635 0.000000 2325.105469 0.000000 0.991033 0.000000 -0.133614 0.576682 0.576682 0.576682
3130.907959 0.000000 2335.771729 0.000000 0.693984 0.000000 0.719990 0.349130 0.349130 0.349130
3138.673584 0.000000 2383.838379 0.000000 0.551672 0.000000 0.834061 0.281815 0.281815 0.281815
3140.387207 0.000000 2377.543457 0.000000 0.418900 0.000000 0.908033 0.240454 0.240454 0.240454
3142.356445 0.000000 2381.216797 0.000000 0.999490 0.000000 -0.031945 0.558686 0.558686 0.558686
3139.912354 0.000000 2381.338623 0.000000 0.542305 0.000000 0.840182 0.278773 0.278773 0.278773
3138.251953 0.000000 2381.566162 0.000000 0.740029 0.000000 0.672575 0.349443 0.349443 0.349443
3141.660400 0.000000 2378.717529 0.000000 0.999833 0.000000 0.018291 0.545027 0.545027 0.545027
3133.938965 0.000000 2342.138672 0.000000 0.625624 0.000000 0.780125 0.261246 0.261246 0.261246
3123.520020 0.000000 2316.743164 0.000000 0.991675 0.000000 0.128766 0.511171 0.511171 0.511171
3120.454102 0.000000 2343.006592 0.000000 0.889206 0.000000 0.457508 0.403191 0.403191 0.403191
3159.233398 0.000000 2330.864502 0.000000 0.994970 0.000000 -0.100172 0.574111 0.574111 0.574111
3148.996094 0.000000 2355.443359 0.000000 0.375555 0.000000 0.926800 0.252035 0.252035 0.252035
3145.199219 0.000000 2355.542480 0.000000 0.972494 0.000000 0.232928 0.489959 0.489959 0.489959
3157.592529 0.000000 2332.383301 0.000000 0.341948 0.000000 0.939719 0.135617 0.135617 0.135617
3131.341553 0.000000 2336.898682 0.000000 0.999700 0.000000 0.024475 0.542673 0.542673 0.542673
3122.191895 0.000000 2328.313721 0.000000 0.958292 0.000000 0.285792 0.466824 0.466824 0.466824
3158.996094 0.000000 2384.801514 0.000000 0.625636 0.000000 0.780115 0.298112 0.298112 0.298112
3135.553711 0.000000 2340.301270 0.000000 0.994992 0.000000 0.099957 0.520029 0.520029 0.520029
3140.543945 0.000000 2386.468994 0.000000 0.954328 0.000000 0.298762 0.467515 0.467515 0.467515
3158.035400 0.000000 2384.055176 0.000000 0.583217 0.000000 0.812316 0.283120 0.283120 0.283120
3123.311523 0.000000 2320.296143 0.000000 0.738483 0.000000 0.674273 0.290903 0.290903 0.290903
3120.322998 0.000000 2334.768311 0.000000 0.689456 0.000000 0.724327 0.266365 0.266365 0.266365
3154.716797 0.000000 2335.377686 0.000000 0.707327 0.000000 0.706887 0.336555 0.336555 0.336555
3123.481934 0.000000 2326.895264 0.000000 0.653798 0.000000 0.756669 0.278968 0.278968 0.278968
3132.689941 0.000000 2342.557617 0.000000 0.967245 0.000000 0.253844 0.467184 0.467184 0.467184
3120.089600 0.000000 2320.132568 0.000000 0.871845 0.000000 0.489782 0.403113 0.403113 0.403113
3125.046143 0.000000 2325.547607 0.000000 0.786259 0.000000 0.617897 0.326844 0.326844 0.326844
3125.011963 0.000000 2327.594238 0.000000 0.999642 0.000000 -0.026771 0.558823 0.558823 0.558823
3158.042236 0.000000 2334.640869 0.000000 0.863748 0.000000 0.503923 0.365078 0.365078 0.365078
3147.012939 0.000000 2388.310547 0.000000 0.614201 0.000000 0.789149 0.231574 0.231574 0.231574
3148.792480 0.000000 2389.558594 0.000000 0.614426 0.000000 0.788974 0.231674 0.231674 0.231674
3123.110352 0.000000 2336.166748 0.000000 0.547224 0.000000 0.836986 0.206832 0.206832 0.206832
3129.798340 0.000000 2467.563232 0.000000 0.698011 0.000000 0.716087 0.441498 0.441498 0.441498
3135.234863 0.000000 2481.563477 0.000000 0.999147 0.000000 0.041290 0.545803 0.545803 0.545803
3135.162109 0.000000 2410.589111 0.000000 0.849759 0.000000 0.527171 0.474518 0.474518 0.474518
3123.785889 0.000000 2477.603760 0.000000 0.834634 0.000000 0.550805 0.495534 0.495534 0.495534
3124.445557 0.000000 2411.581299 0.000000 0.893911 0.000000 0.448244 0.535321 0.535321 0.535321
3115.408691 0.000000 2461.922607 0.000000 0.825796 0.000000 0.563969 0.502281 0.502281 0.502281
3128.498291 0.000000 2487.646729 0.000000 0.365621 0.000000 0.930764 0.387352 0.387352 0.387352
3120.779541 0.000000 2468.930664 0.000000 0.991329 0.000000 0.131402 0.531905 0.531905 0.531905
3129.511230 0.000000 2406.420166 0.000000 0.658798 0.000000 0.752320 0.498551 0.498551 0.498551
3139.843750 0.000000 2406.050537 0.000000 0.903953 0.000000 0.427632 0.531191 0.531191 0.531191
3130.406738 0.000000 2477.781982 0.000000 0.706378 0.000000 0.707835 0.443095 0.443095 0.443095
3124.564209 0.000000 2492.434570 0.000000 0.428191 0.000000 0.903688 0.480282 0.480282 0.480282
3135.918213 0.000000 2416.581543 0.000000 0.896927 0.000000 0.442180 0.487737 0.487737 0.487737
3151.128662 0.000000 2405.085938 0.000000 0.996374 0.000000 0.085081 0.529999 0.529999 0.529999
3131.582520 0.000000 2495.086670 0.000000 0.999141 0.000000 0.041444 0.544365 0.544365 0.544365
3146.910400 0.000000 2421.643066 0.000000 0.654079 0.000000 0.756426 0.531154 0.531154 0.531154
3135.991211 0.000000 2449.775146 0.000000 0.947678 0.000000 0.319229 0.510740 0.510740 0.510740
3119.255615 0.000000 2458.067383 0.000000 0.998403 0.000000 -0.056491 0.553415 0.553415 0.553415
3139.508545 0.000000 2423.985596 0.000000 0.914822 0.000000 0.403856 0.504904 0.504904 0.504904
3147.294922 0.000000 2408.120605 0.000000 0.366622 0.000000 0.930370 0.464645 0.464645 0.464645
3144.433594 0.000000 2454.335693 0.000000 0.999213 0.000000 0.039670 0.547221 0.547221 0.547221
3131.996094 0.000000 2490.546631 0.000000 0.503352 0.000000 0.864081 0.408174 0.408174 0.408174
3153.960693 0.000000 2437.162598 0.000000 0.738615 0.000000 0.674128 0.346841 0.346841 0.346841
3145.338867 0.000000 2462.485840 0.000000 0.446452 0.000000 0.894808 0.498273 0.498273 0.498273
3139.515137 0.000000 2480.804199 0.000000 0.996703 0.000000 0.081132 0.545093 0.545093 0.545093
3122.217285 0.000000 2473.258545 0.000000 0.805253 0.000000 0.592932 0.463721 0.463721 0.463721
3132.761230 0.000000 2419.495605 0.000000 0.999265 0.000000 0.038342 0.544787 0.544787 0.544787
3139.102295 0.000000 2473.081055 0.000000 0.344634 0.000000 0.938737 0.384300 0.384300 0.384300
3138.951172 0.000000 2459.950928 0.000000 0.379346 0.000000 0.925255 0.389362 0.389362 0.389362
3126.193848 0.000000 2480.716309 0.000000 0.626286 0.000000 0.779594 0.428470 0.428470 0.428470
3143.183838 0.000000 2446.635742 0.000000 0.998805 0.000000 -0.048867 0.562217 0.562217 0.562217
3118.437500 0.000000 2432.093994 0.000000 0.576612 0.000000 0.817018 0.314975 0.314975 0.314975
3127.182129 0.000000 2475.821289 0.000000 0.464020 0.000000 0.885825 0.402064 0.402064 0.402064
3127.395996 0.000000 2441.036621 0.000000 0.998118 0.000000 0.061328 0.547893 0.547893 0.547893
3132.525391 0.000000 2451.010742 0.000000 0.885267 0.000000 0.465083 0.484243 0.484243 0.484243
3124.308594 0.000000 2469.229248 0.000000 0.476942 0.000000 0.878935 0.404055 0.404055 0.404055
3146.022461 0.000000 2435.214844 0.000000 0.846416 0.000000 0.532523 0.525325 0.525325 0.525325
3121.370361 0.000000 2430.318359 0.000000 0.790747 0.000000 0.612143 0.413412 0.413412 0.413412
3138.042969 0.000000 2465.128174 0.000000 0.350671 0.000000 0.936499 0.385175 0.385175 0.385175
3115.150635 0.000000 2474.092529 0.000000 0.999986 0.000000 -0.005375 0.550399 0.550399 0.550399
3129.568115 0.000000 2443.533691 0.000000 0.833438 0.000000 0.552613 0.470409 0.470409 0.470409
3126.698730 0.000000 2484.839844 0.000000 0.947628 0.000000 0.319375 0.505811 0.505811 0.505811
3108.983154 0.000000 2466.198975 0.000000 0.933698 0.000000 0.358061 0.530390 0.530390 0.530390
3121.854004 0.000000 2465.943848 0.000000 0.445896 0.000000 0.895085 0.428220 0.428220 0.428220
3138.896240 0.000000 2417.511719 0.000000 0.987815 0.000000 0.155633 0.528757 0.528757 0.528757
3132.330566 0.000000 2480.439209 0.000000 0.853295 0.000000 0.521428 0.475435 0.475435 0.475435
3138.003418 0.000000 2483.522461 0.000000 0.797057 0.000000 0.603904 0.498362 0.498362 0.498362
3124.236328 0.000000 2440.962402 0.000000 0.904384 0.000000 0.426720 0.505204 0.505204 0.505204
3134.862305 0.000000 2402.259766 0.000000 0.995911 0.000000 -0.090335 0.558819 0.558819 0.558819
3134.492432 0.000000 2494.412109 0.000000 0.999507 0.000000 -0.031404 0.553321 0.553321 0.553321
3115.106934 0.000000 2464.924316 0.000000 0.989442 0.000000 0.144932 0.535222 0.535222 0.535222
3131.343262 0.000000 2474.845703 0.000000 0.951230 0.000000 0.308482 0.507371 0.507371 0.507371
3119.037354 0.000000 2437.555908 0.000000 0.987171 0.000000 -0.159668 0.606147 0.606147 0.606147
3148.183105 0.000000 2412.280762 0.000000 0.789121 0.000000 0.614238 0.430118 0.430118 0.430118
3139.360107 0.000000 2427.133057 0.000000 0.967557 0.000000 0.252654 0.521942 0.521942 0.521942
3145.188232 0.000000 2457.155762 0.000000 0.871087 0.000000 0.491130 0.487261 0.487261 0.487261
3136.451172 0.000000 2407.822021 0.000000 0.611171 0.000000 0.791498 0.425855 0.425855 0.425855
3130.492188 0.000000 2485.417236 0.000000 0.999735 0.000000 0.023012 0.546871 0.546871 0.546871
3122.191650 0.000000 2451.122070 0.000000 0.996022 0.000000 0.089105 0.542772 0.542772 0.542772
3128.810547 0.000000 2480.078613 0.000000 0.858991 0.000000 0.511991 0.476934 0.476934 0.476934
3124.552734 0.000000 2408.471436 0.000000 0.846000 0.000000 0.533183 0.483593 0.483593 0.483593
3137.823730 0.000000 2489.311279 0.000000 0.750202 0.000000 0.661209 0.470643 0.470643 0.470643
3135.967041 0.000000 2485.204346 0.000000 0.997461 0.000000 0.071208 0.540312 0.540312 0.540312
3152.715088 0.000000 2434.510986 0.000000 0.863690 0.000000 0.504023 0.465135 0.465135 0.465135
3115.379639 0.000000 2476.765869 0.000000 0.532487 0.000000 0.846438 0.426662 0.426662 0.426662
3127.013184 0.000000 2405.265137 0.000000 0.888989 0.000000 0.457929 0.523875 0.523875 0.523875
3137.368896 0.000000 2475.101074 0.000000 0.654219 0.000000 0.756305 0.433414 0.433414 0.433414
3122.239502 0.000000 2432.816895 0.000000 0.841089 0.000000 0.540897 0.518611 0.518611 0.518611
3145.568848 0.000000 2423.792725 0.000000 0.997584 0.000000 -0.069466 0.563365 0.563365 0.563365
3110.633789 0.000000 2478.272705 0.000000 0.878196 0.000000 0.478301 0.520554 0.520554 0.520554
3126.394043 0.000000 2494.704346 0.000000 0.962494 0.000000 0.271304 0.512652 0.512652 0.512652
3155.330322 0.000000 2439.444580 0.000000 0.635643 0.000000 0.771983 0.480972 0.480972 0.480972
3119.274658 0.000000 2407.470947 0.000000 0.791345 0.000000 0.611369 0.472324 0.472324 0.472324
3114.747070 0.000000 2433.684326 0.000000 0.857009 0.000000 0.515302 0.394642 0.394642 0.394642
3139.576660 0.000000 2401.075928 0.000000 0.994136 0.000000 0.108138 0.535271 0.535271 0.535271
3133.032959 0.000000 2424.914307 0.000000 0.670537 0.000000 0.741876 0.491466 0.491466 0.491466
3139.933838 0.000000 2421.488037 0.000000 0.661215 0.000000 0.750196 0.452150 0.452150 0.452150
3137.188477 0.000000 2423.049316 0.000000 0.728777 0.000000 0.684752 0.447468 0.447468 0.447468
3139.101074 0.000000 2470.303711 0.000000 0.830689 0.000000 0.556737 0.469736 0.469736 0.469736
3146.413818 0.000000 2410.389893 0.000000 0.999721 0.000000 -0.023605 0.554020 0.554020 0.554020
3132.895508 0.000000 2456.989990 0.000000 0.766924 0.000000 0.641738 0.497380 0.497380 0.497380
3138.696533 0.000000 2415.049316 0.000000 0.655352 0.000000 0.755323 0.433618 0.433618 0.433618
3134.490234 0.000000 2414.511719 0.000000 0.995798 0.000000 -0.091582 0.562467 0.562467 0.562467
3152.800049 0.000000 2439.691650 0.000000 0.999970 0.000000 0.007712 0.548856 0.548856 0.548856
3137.448730 0.000000 2405.652588 0.000000 0.554694 0.000000 0.832054 0.485225 0.485225 0.485225
3121.672363 0.000000 2456.159180 0.000000 0.992245 0.000000 0.124296 0.538193 0.538193 0.538193
3124.065186 0.000000 2471.650391 0.000000 0.847318 0.000000 0.531085 0.473891 0.473891 0.473891
3129.516602 0.000000 2469.948975 0.000000 0.497842 0.000000 0.867268 0.407308 0.407308 0.407308
3121.592529 0.000000 2471.060303 0.000000 0.994796 0.000000 0.101885 0.530801 0.530801 0.530801
3131.439941 0.000000 2417.691895 0.000000 0.850032 0.000000 0.526731 0.497441 0.497441 0.497441
3126.291992 0.000000 2487.217773 0.000000 0.632234 0.000000 0.774778 0.429510 0.429510 0.429510
3127.066406 0.000000 2467.221924 0.000000 0.386772 0.000000 0.922175 0.390455 0.390455 0.390455
3131.563965 0.000000 2442.628662 0.000000 0.664532 0.000000 0.747260 0.476996 0.476996 0.476996
3142.993408 0.000000 2456.793701 0.000000 0.999918 0.000000 0.012823 0.548257 0.548257 0.548257
3143.784424 0.000000 2461.058838 0.000000 0.816684 0.000000 0.577085 0.466378 0.466378 0.466378
3140.185059 0.000000 2403.527344 0.000000 0.868760 0.000000 0.495234 0.501624 0.501624 0.501624
3126.430908 0.000000 2407.337646 0.000000 0.713294 0.000000 0.700865 0.458293 0.458293 0.458293
3130.439941 0.000000 2403.220947 0.000000 0.786808 0.000000 0.617198 0.419390 0.419390 0.419390
3114.376221 0.000000 2439.886475 0.000000 0.996915 0.000000 -0.078494 0.557768 0.557768 0.557768
3131.943848 0.000000 2467.412598 0.000000 0.588272 0.000000 0.808663 0.464643 0.464643 0.464643
3138.934814 0.000000 2476.447510 0.000000 0.886521 0.000000 0.462688 0.484611 0.484611 0.484611
3122.401855 0.000000 2475.386475 0.000000 0.963784 0.000000 0.266683 0.519234 0.519234 0.519234
3133.149414 0.000000 2492.877686 0.000000 0.517626 0.000000 0.855607 0.410430 0.410430 0.410430
3116.352295 0.000000 2432.468994 0.000000 0.957422 0.000000 0.288691 0.479226 0.479226 0.479226
3133.295410 0.000000 2488.037109 0.000000 0.993099 0.000000 0.117276 0.534021 0.534021 0.534021
3119.342285 0.000000 2430.131592 0.000000 0.909612 0.000000 0.415460 0.474697 0.474697 0.474697
3128.216553 0.000000 2471.640137 0.000000 0.668628 0.000000 0.743597 0.436026 0.436026 0.436026
3126.489014 0.000000 2492.742676 0.000000 0.992456 0.000000 -0.122598 0.566708 0.566708 0.566708
3117.008789 0.000000 2437.309570 0.000000 0.999070 0.000000 -0.043118 0.565102 0.565102 0.565102
3126.155273 0.000000 2464.150146 0.000000 0.610623 0.000000 0.791921 0.425760 0.425760 0.425760
3135.963379 0.000000 2421.584961 0.000000 0.987621 0.000000 -0.156858 0.571411 0.571411 0.571411
3129.034424 0.000000 2454.786621 0.000000 0.458569 0.000000 0.888659 0.419262 0.419262 0.419262
3136.703125 0.000000 2401.921143 0.000000 0.451072 0.000000 0.892488 0.400084 0.400084 0.400084
3126.196533 0.000000 2474.128418 0.000000 0.852423 0.000000 0.522853 0.475208 0.475208 0.475208
3134.937012 0.000000 2412.542236 0.000000 0.708902 0.000000 0.705307 0.443581 0.443581 0.443581
3149.716797 0.000000 2406.475342 0.000000 0.463356 0.000000 0.886172 0.241961 0.241961 0.241961
3149.996582 0.000000 2412.625488 0.000000 0.913974 0.000000 0.405773 0.474270 0.474270 0.474270
3133.236328 0.000000 2410.781250 0.000000 0.497622 0.000000 0.867394 0.407274 0.407274 0.407274
3140.719727 0.000000 2417.746094 0.000000 0.973710 0.000000 0.227791 0.525072 0.525072 0.525072
3125.585205 0.000000 2470.545898 0.000000 0.366445 0.000000 0.930440 0.387472 0.387472 0.387472
3144.642822 0.000000 2459.133545 0.000000 0.996819 0.000000 0.079700 0.539373 0.539373 0.539373
3136.109131 0.000000 2483.217773 0.000000 0.903379 0.000000 0.428843 0.489751 0.489751 0.489751
3130.896484 0.000000 2399.690430 0.000000 0.965407 0.000000 0.260748 0.514503 0.514503 0.514503
3125.491699 0.000000 2476.430420 0.000000 0.919784 0.000000 0.392424 0.495181 0.495181 0.495181
3140.852295 0.000000 2469.580322 0.000000 0.664820 0.000000 0.747004 0.435331 0.435331 0.435331
3137.572998 0.000000 2427.829834 0.000000 0.430228 0.000000 0.902720 0.396928 0.396928 0.396928
3137.452148 0.000000 2469.657471 0.000000 0.993553 0.000000 0.113367 0.534556 0.534556 0.534556
3118.508545 0.000000 2435.902588 0.000000 0.737125 0.000000 0.675757 0.405326 0.405326 0.405326
3121.882568 0.000000 2467.631104 0.000000 0.918693 0.000000 0.394972 0.497592 0.497592 0.497592
3140.160645 0.000000 2461.287598 0.000000 0.959838 0.000000 0.280556 0.511343 0.511343 0.511343
3115.232910 0.000000 2402.638184 0.000000 0.999303 0.000000 -0.037338 0.554667 0.554667 0.554667
3148.784180 0.000000 2413.919189 0.000000 0.489679 0.000000 0.871903 0.358043 0.358043 0.358043
3135.029541 0.000000 2492.729980 0.000000 0.999563 0.000000 -0.029567 0.554020 0.554020 0.554020
3136.954102 0.000000 2415.152832 0.000000 0.908409 0.000000 0.418082 0.491366 0.491366 0.491366
3128.025879 0.000000 2490.626465 0.000000 0.999997 0.000000 0.002419 0.549671 0.549671 0.549671
3131.003174 0.000000 2479.397461 0.000000 0.988662 0.000000 -0.150156 0.570489 0.570489 0.570489
3126.113281 0.000000 2461.596191 0.000000 0.993858 0.000000 0.110659 0.534926 0.534926 0.534926
3134.517090 0.000000 2456.499512 0.000000 0.509308 0.000000 0.860584 0.409113 0.409113 0.409113
3114.797119 0.000000 2435.356445 0.000000 0.558647 0.000000 0.829406 0.246493 0.246493 0.246493
3127.738281 0.000000 2493.805420 0.000000 0.842757 0.000000 0.538294 0.472732 0.472732 0.472732
3138.442627 0.000000 2413.404785 0.000000 0.995423 0.000000 -0.095572 0.563012 0.563012 0.563012
3129.532959 0.000000 2401.845459 0.000000 0.995414 0.000000 -0.095662 0.563682 0.563682 0.563682
3137.744629 0.000000 2485.215576 0.000000 0.964266 0.000000 0.264935 0.513550 0.513550 0.513550
3141.147217 0.000000 2467.055420 0.000000 0.447473 0.000000 0.894298 0.399537 0.399537 0.399537
3117.016602 0.000000 2433.895264 0.000000 0.970535 0.000000 0.240959 0.491190 0.491190 0.491190
3122.656006 0.000000 2460.485352 0.000000 0.767333 0.000000 0.641248 0.426696 0.426696 0.426696
3123.272705 0.000000 2468.315918 0.000000 0.925423 0.000000 0.378935 0.455010 0.455010 0.455010
3143.671143 0.000000 2447.754150 0.000000 0.772525 0.000000 0.634984 0.378069 0.378069 0.378069
3124.445557 0.000000 2507.565674 0.000000 0.998966 0.000000 -0.045465 0.556183 0.556183 0.556183
3136.992188 0.000000 2495.999756 0.000000 0.549879 0.000000 0.835244 0.530996 0.530996 0.530996
3131.644531 0.000000 2497.348145 0.000000 0.990439 0.000000 -0.137952 0.565582 0.565582 0.565582
3129.000732 0.000000 2496.322998 0.000000 0.964764 0.000000 0.263119 0.528430 0.528430 0.528430
3133.627930 0.000000 2495.627686 0.000000 0.833006 0.000000 0.553264 0.470303 0.470303 0.470303
3122.663330 0.000000 2507.755127 0.000000 0.586446 0.000000 0.809988 0.443696 0.443696 0.443696
3124.879883 0.000000 2506.045410 0.000000 0.973559 0.000000 0.228434 0.518671 0.518671 0.518671
3217.800781 0.000000 2307.241699 0.000000 0.635677 0.000000 0.771955 0.547578 0.547578 0.547578
3201.790527 0.000000 2371.578857 0.000000 0.655600 0.000000 0.755108 0.546475 0.546475 0.546475
3170.924805 0.000000 2320.376221 0.000000 0.979496 0.000000 0.201464 0.539973 0.539973 0.539973
3207.154297 0.000000 2314.604736 0.000000 0.623290 0.000000 0.781991 0.484659 0.484659 0.484659
3225.492676 0.000000 2363.330566 0.000000 0.832638 0.000000 0.553818 0.524210 0.524210 0.524210
3225.563232 0.000000 2303.663818 0.000000 0.928457 0.000000 0.371439 0.547910 0.547910 0.547910
3190.310791 0.000000 2399.581543 0.000000 0.390513 0.000000 0.920597 0.538758 0.538758 0.538758
3184.983398 0.000000 2311.755615 0.000000 0.502930 0.000000 0.864327 0.380875 0.380875 0.380875
3203.150146 0.000000 2344.485596 0.000000 0.477924 0.000000 0.878401 0.476367 0.476367 0.476367
3187.298096 0.000000 2325.677734 0.000000 0.969004 0.000000 0.247047 0.535946 0.535946 0.535946
3210.364990 0.000000 2390.739746 0.000000 0.742822 0.000000 0.669489 0.526834 0.526834 0.526834
3181.242188 0.000000 2319.932129 0.000000 0.996057 0.000000 -0.088716 0.562076 0.562076 0.562076
3206.789307 0.000000 2309.390381 0.000000 0.957119 0.000000 0.289694 0.529822 0.529822 0.529822
3169.039551 0.000000 2315.809082 0.000000 0.964973 0.000000 0.262349 0.529588 0.529588 0.529588
3173.308350 0.000000 2315.699951 0.000000 0.916264 0.000000 0.400575 0.437949 0.437949 0.437949
3216.339355 0.000000 2383.478516 0.000000 0.994146 0.000000 0.108048 0.544054 0.544054 0.544054
3184.112549 0.000000 2322.706543 0.000000 0.404208 0.000000 0.914667 0.393036 0.393036 0.393036
3236.778320 0.000000 2303.668945 0.000000 0.716792 0.000000 0.697287 0.522453 0.522453 0.522453
3193.618408 0.000000 2312.437012 0.000000 0.603186 0.000000 0.797601 0.476468 0.476468 0.476468
3206.769287 0.000000 2345.087158 0.000000 0.605653 0.000000 0.795729 0.476715 0.476715 0.476715
3188.734863 0.000000 2311.565430 0.000000 0.989055 0.000000 -0.147549 0.564844 0.564844 0.564844
3213.887939 0.000000 2319.983398 0.000000 0.406433 0.000000 0.913681 0.510446 0.510446 0.510446
3210.651367 0.000000 2313.640381 0.000000 0.531911 0.000000 0.846800 0.457088 0.457088 0.457088
3179.305908 0.000000 2317.013672 0.000000 0.443277 0.000000 0.896385 0.398900 0.398900 0.398900
3171.218018 0.000000 2329.294678 0.000000 0.714447 0.000000 0.699689 0.444654 0.444654 0.444654
3181.544189 0.000000 2312.709473 0.000000 0.443724 0.000000 0.896163 0.247935 0.247935 0.247935
3167.658447 0.000000 2333.460693 0.000000 0.867076 0.000000 0.498176 0.487702 0.487702 0.487702
3178.356934 0.000000 2321.177002 0.000000 0.808887 0.000000 0.587963 0.464558 0.464558 0.464558
3220.834961 0.000000 2306.829102 0.000000 0.447261 0.000000 0.894403 0.481593 0.481593 0.481593
3168.860840 0.000000 2327.195312 0.000000 0.894997 0.000000 0.446072 0.487146 0.487146 0.487146
3217.132568 0.000000 2376.254395 0.000000 0.908775 0.000000 0.417286 0.529313 0.529313 0.529313
3181.180908 0.000000 2306.716064 0.000000 0.687872 0.000000 0.725832 0.499812 0.499812 0.499812
3223.314941 0.000000 2305.370605 0.000000 0.994427 0.000000 0.105432 0.542748 0.542748 0.542748
3183.245117 0.000000 2309.288330 0.000000 0.995857 0.000000 0.090938 0.537621 0.537621 0.537621
3181.543701 0.000000 2324.290771 0.000000 0.960137 0.000000 0.279529 0.526660 0.526660 0.526660
3222.699707 0.000000 2362.950439 0.000000 0.472400 0.000000 0.881384 0.382615 0.382615 0.382615
3171.061279 0.000000 2314.189941 0.000000 0.711367 0.000000 0.702821 0.374498 0.374498 0.374498
3172.881104 0.000000 2309.638672 0.000000 0.971757 0.000000 0.235984 0.536261 0.536261 0.536261
3169.619629 0.000000 2331.513428 0.000000 0.644419 0.000000 0.764673 0.431662 0.431662 0.431662
3180.508057 0.000000 2314.901367 0.000000 0.998434 0.000000 0.055951 0.538701 0.538701 0.538701
3174.752441 0.000000 2308.075684 0.000000 0.999226 0.000000 -0.039335 0.555943 0.555943 0.555943
3181.534668 0.000000 2317.571289 0.000000 0.602300 0.000000 0.798270 0.424337 0.424337 0.424337
3206.193115 0.000000 2311.923828 0.000000 0.620582 0.000000 0.784141 0.457181 0.457181 0.457181
3186.934326 0.000000 2312.937500 0.000000 0.968411 0.000000 0.249359 0.512973 0.512973 0.512973
3173.618164 0.000000 2328.339844 0.000000 0.661249 0.000000 0.750167 0.434683 0.434683 0.434683
3210.074707 0.000000 2315.753418 0.000000 0.964113 0.000000 0.265492 0.524541 0.524541 0.524541
3168.962891 0.000000 2310.739502 0.000000 0.964764 0.000000 0.263117 0.513807 0.513807 0.513807
3170.429688 0.000000 2325.661133 0.000000 0.460957 0.000000 0.887423 0.401594 0.401594 0.401594
3208.756348 0.000000 2346.184082 0.000000 0.690908 0.000000 0.722942 0.472332 0.472332 0.472332
3178.475586 0.000000 2319.041748 0.000000 0.454142 0.000000 0.890929 0.400553 0.400553 0.400553
3184.523926 0.000000 2320.535889 0.000000 0.375104 0.000000 0.926983 0.401771 0.401771 0.401771
3176.045166 0.000000 2320.968506 0.000000 0.998255 0.000000 0.059048 0.541968 0.541968 0.541968
3183.740723 0.000000 2307.247803 0.000000 0.551482 0.000000 0.834187 0.464649 0.464649 0.464649
3182.330811 0.000000 2321.741699 0.000000 0.466427 0.000000 0.884560 0.414358 0.414358 0.414358
3183.063477 0.000000 2311.233154 0.000000 0.837139 0.000000 0.546990 0.462583 0.462583 0.462583
3169.585693 0.000000 2322.796143 0.000000 0.953040 0.000000 0.302844 0.508175 0.508175 0.508175
3169.764160 0.000000 2312.856689 0.000000 0.731772 0.000000 0.681550 0.448064 0.448064 0.448064
3178.366455 0.000000 2315.480713 0.000000 0.485105 0.000000 0.874456 0.284023 0.284023 0.284023
3177.594727 0.000000 2317.469482 0.000000 0.504722 0.000000 0.863282 0.408389 0.408389 0.408389
3207.233398 0.000000 2347.041992 0.000000 0.780869 0.000000 0.624695 0.366555 0.366555 0.366555
3203.585938 0.000000 2342.720459 0.000000 0.972668 0.000000 0.232202 0.517501 0.517501 0.517501
3181.380615 0.000000 2310.995117 0.000000 0.711494 0.000000 0.702692 0.338163 0.338163 0.338163
3187.527588 0.000000 2308.794434 0.000000 0.534486 0.000000 0.845177 0.366118 0.366118 0.366118
3183.200195 0.000000 2324.256592 0.000000 0.992032 0.000000 -0.125985 0.567172 0.567172 0.567172
3182.081299 0.000000 2314.469727 0.000000 0.418366 0.000000 0.908278 0.395147 0.395147 0.395147
3167.678711 0.000000 2328.295898 0.000000 0.891565 0.000000 0.452892 0.486109 0.486109 0.486109
3171.023926 0.000000 2322.042236 0.000000 0.665551 0.000000 0.746352 0.435464 0.435464 0.435464
3224.464111 0.000000 2340.093018 0.000000 0.361085 0.000000 0.932533 0.380092 0.380092 0.380092
3178.879150 0.000000 2309.388184 0.000000 0.384966 0.000000 0.922931 0.230378 0.230378 0.230378
3172.068115 0.000000 2312.653076 0.000000 0.999152 0.000000 0.041182 0.538800 0.538800 0.538800
3174.929688 0.000000 2312.070557 0.000000 0.573419 0.000000 0.819262 0.288967 0.288967 0.288967
3179.984375 0.000000 2310.860352 0.000000 0.677349 0.000000 0.735662 0.325257 0.325257 0.325257
3176.890869 0.000000 2310.599121 0.000000 0.994837 0.000000 0.101486 0.522361 0.522361 0.522361
3172.447510 0.000000 2310.958496 0.000000 0.897167 0.000000 0.441691 0.432532 0.432532 0.432532
3210.192139 0.000000 2346.231689 0.000000 0.905352 0.000000 0.424662 0.437384 0.437384 0.437384
3227.095703 0.000000 2341.899414 0.000000 0.629074 0.000000 0.777346 0.290797 0.290797 0.290797
3182.858154 0.000000 2312.561768 0.000000 0.510661 0.000000 0.859782 0.284283 0.284283 0.284283
3172.228516 0.000000 2314.950928 0.000000 0.822140 0.000000 0.569285 0.385343 0.385343 0.385343
3181.202148 0.000000 2348.855469 0.000000 0.952959 0.000000 0.303100 0.480655 0.480655 0.480655
3204.135010 0.000000 2370.113281 0.000000 0.612592 0.000000 0.790400 0.314713 0.314713 0.314713
3174.186035 0.000000 2314.358154 0.000000 0.429595 0.000000 0.903022 0.243665 0.243665 0.243665
3205.248291 0.000000 2371.114990 0.000000 0.761623 0.000000 0.648020 0.368014 0.368014 0.368014
3206.220947 0.000000 2346.230713 0.000000 0.637687 0.000000 0.770295 0.310940 0.310940 0.310940
3205.931152 0.000000 2342.138672 0.000000 0.574284 0.000000 0.818656 0.273452 0.273452 0.273452
3179.240479 0.000000 2314.579346 0.000000 0.891687 0.000000 0.452653 0.432610 0.432610 0.432610
3204.391846 0.000000 2344.600830 0.000000 0.958289 0.000000 0.285802 0.477169 0.477169 0.477169
3174.236816 0.000000 2313.166992 0.000000 0.956928 0.000000 0.290327 0.469914 0.469914 0.469914
3204.143066 0.000000 2372.563477 0.000000 0.999606 0.000000 0.028054 0.542218 0.542218 0.542218
3180.687988 0.000000 2311.918945 0.000000 0.999333 0.000000 -0.036522 0.559932 0.559932 0.559932
3194.921387 0.000000 2388.761230 0.000000 0.806375 0.000000 0.591404 0.348416 0.348416 0.348416
3248.570068 0.000000 2331.229980 0.000000 0.992787 0.000000 -0.119892 0.554951 0.554951 0.554951
3197.917725 0.000000 2437.541016 0.000000 0.649846 0.000000 0.760066 0.516804 0.516804 0.516804
3188.323975 0.000000 2439.082764 0.000000 0.998112 0.000000 0.061416 0.541646 0.541646 0.541646
3206.789307 0.000000 2405.374756 0.000000 0.875476 0.000000 0.483262 0.534071 0.534071 0.534071
3188.130127 0.000000 2401.129150 0.000000 0.995521 0.000000 -0.094536 0.552990 0.552990 0.552990
3204.753418 0.000000 2419.495605 0.000000 0.977478 0.000000 0.211038 0.545036 0.545036 0.545036
3188.734863 0.000000 2407.549805 0.000000 0.993154 0.000000 -0.116816 0.553698 0.553698 0.553698
3193.362549 0.000000 2430.318359 0.000000 0.881213 0.000000 0.472720 0.485096 0.485096 0.485096
3194.517578 0.000000 2437.273682 0.000000 0.970659 0.000000 0.240459 0.517323 0.517323 0.517323
3203.995605 0.000000 2404.595947 0.000000 0.692545 0.000000 0.721375 0.499104 0.499104 0.499104
3211.352295 0.000000 2427.133057 0.000000 0.346686 0.000000 0.937981 0.428036 0.428036 0.428036
3171.383545 0.000000 2454.191650 0.000000 0.364984 0.000000 0.931014 0.130818 0.130818 0.130818
3220.114014 0.000000 2405.493164 0.000000 0.994651 0.000000 0.103296 0.544316 0.544316 0.544316
3173.996094 0.000000 2452.648193 0.000000 0.975778 0.000000 0.218762 0.525471 0.525471 0.525471
3218.406006 0.000000 2410.389893 0.000000 0.419450 0.000000 0.907778 0.478124 0.478124 0.478124
3210.011230 0.000000 2432.043945 0.000000 0.999756 0.000000 -0.022068 0.551394 0.551394 0.551394
3172.051514 0.000000 2456.277100 0.000000 0.478500 0.000000 0.878088 0.174701 0.174701 0.174701
3206.613770 0.000000 2426.179932 0.000000 0.960727 0.000000 0.277496 0.521429 0.521429 0.521429
3233.081299 0.000000 2415.654297 0.000000 0.992987 0.000000 -0.118222 0.574081 0.574081 0.574081
3207.833008 0.000000 2424.412354 0.000000 0.946779 0.000000 0.321883 0.493751 0.493751 0.493751
3200.232178 0.000000 2432.364746 0.000000 0.694794 0.000000 0.719209 0.449706 0.449706 0.449706
3171.100586 0.000000 2455.472900 0.000000 0.985864 0.000000 0.167545 0.491058 0.491058 0.491058
3171.529053 0.000000 2457.370361 0.000000 0.999365 0.000000 0.035618 0.537526 0.537526 0.537526
3172.648438 0.000000 2457.518555 0.000000 0.699768 0.000000 0.714370 0.271385 0.271385 0.271385
3170.847656 0.000000 2456.536621 0.000000 0.633165 0.000000 0.774017 0.240069 0.240069 0.240069
4463.207031 0.000000 1723.786011 0.000000 0.816828 0.000000 0.576881 0.473166 0.473166 0.473166
4509.171875 0.000000 1682.923828 0.000000 0.623254 0.000000 0.782019 0.442737 0.442737 0.442737
4516.943848 0.000000 1684.759399 0.000000 0.473600 0.000000 0.880740 0.446441 0.446441 0.446441
4476.133789 0.000000 1709.237793 0.000000 0.806181 0.000000 0.591669 0.476105 0.476105 0.476105
4533.438477 0.000000 1725.083984 0.000000 0.991205 0.000000 0.132339 0.544533 0.544533 0.544533
4506.439941 0.000000 1687.867554 0.000000 0.996678 0.000000 -0.081446 0.571384 0.571384 0.571384
4503.842773 0.000000 1681.899902 0.000000 0.434652 0.000000 0.900598 0.199006 0.199006 0.199006
4521.802734 0.000000 1686.141846 0.000000 0.921333 0.000000 0.388775 0.525876 0.525876 0.525876
4532.449219 0.000000 1710.481323 0.000000 0.999884 0.000000 0.015253 0.547612 0.547612 0.547612
4512.285156 0.000000 1686.460449 0.000000 0.900863 0.000000 0.434103 0.461829 0.461829 0.461829
4519.173340 0.000000 1688.545654 0.000000 0.484896 0.000000 0.874572 0.427214 0.427214 0.427214
4525.813965 0.000000 1699.203979 0.000000 0.817770 0.000000 0.575545 0.393373 0.393373 0.393373
4514.188477 0.000000 1723.625610 0.000000 0.336303 0.000000 0.941754 0.415128 0.415128 0.415128
4475.443359 0.000000 1723.628418 0.000000 0.978176 0.000000 0.207778 0.522123 0.522123 0.522123
4534.313965 0.000000 1707.202637 0.000000 0.712751 0.000000 0.701417 0.436853 0.436853 0.436853
4509.301758 0.000000 1718.224243 0.000000 0.927039 0.000000 0.374965 0.525195 0.525195 0.525195
4502.540039 0.000000 1679.193726 0.000000 0.784311 0.000000 0.620367 0.464543 0.464543 0.464543
4464.539062 0.000000 1714.848633 0.000000 0.992530 0.000000 -0.121998 0.562595 0.562595 0.562595
4507.204102 0.000000 1685.012085 0.000000 0.392400 0.000000 0.919795 0.250206 0.250206 0.250206
4515.388184 0.000000 1687.038696 0.000000 0.999552 0.000000 -0.029922 0.558177 0.558177 0.558177
4470.559570 0.000000 1720.146973 0.000000 0.997404 0.000000 -0.072005 0.565734 0.565734 0.565734
4511.266602 0.000000 1722.536499 0.000000 0.593317 0.000000 0.804969 0.460071 0.460071 0.460071
4511.471680 0.000000 1683.980347 0.000000 0.448729 0.000000 0.893668 0.439193 0.439193 0.439193
4465.915039 0.000000 1716.923096 0.000000 0.667081 0.000000 0.744985 0.386117 0.386117 0.386117
4504.982422 0.000000 1679.819824 0.000000 0.999795 0.000000 -0.020259 0.553144 0.553144 0.553144
4513.913574 0.000000 1696.885742 0.000000 0.535780 0.000000 0.844357 0.421617 0.421617 0.421617
4511.494629 0.000000 1696.259644 0.000000 0.871444 0.000000 0.490495 0.426108 0.426108 0.426108
4514.554199 0.000000 1699.359131 0.000000 0.998377 0.000000 -0.056949 0.553990 0.553990 0.553990
4525.418457 0.000000 1690.945557 0.000000 0.493298 0.000000 0.869860 0.392112 0.392112 0.392112
4517.668457 0.000000 1686.881470 0.000000 0.939667 0.000000 0.342090 0.451722 0.451722 0.451722
4505.627441 0.000000 1690.134033 0.000000 0.872058 0.000000 0.489402 0.415176 0.415176 0.415176
4470.572754 0.000000 1716.714722 0.000000 0.978306 0.000000 0.207167 0.493552 0.493552 0.493552
4506.618652 0.000000 1724.442017 0.000000 0.954277 0.000000 0.298925 0.518738 0.518738 0.518738
4476.818848 0.000000 1711.831055 0.000000 0.919431 0.000000 0.393250 0.465646 0.465646 0.465646
4508.928223 0.000000 1680.717041 0.000000 0.839045 0.000000 0.544063 0.474959 0.474959 0.474959
4511.636230 0.000000 1693.183716 0.000000 0.519023 0.000000 0.854760 0.459917 0.459917 0.459917
4509.433594 0.000000 1685.099243 0.000000 0.552366 0.000000 0.833602 0.382188 0.382188 0.382188
4527.882324 0.000000 1713.427856 0.000000 0.993323 0.000000 -0.115365 0.560796 0.560796 0.560796
4533.969727 0.000000 1711.884033 0.000000 0.627301 0.000000 0.778777 0.410260 0.410260 0.410260
4533.426270 0.000000 1698.276489 0.000000 0.990616 0.000000 -0.136674 0.562048 0.562048 0.562048
4508.924805 0.000000 1704.556763 0.000000 0.999843 0.000000 -0.017717 0.551508 0.551508 0.551508
4530.502930 0.000000 1709.820923 0.000000 0.518935 0.000000 0.854813 0.348700 0.348700 0.348700
4534.751465 0.000000 1727.540283 0.000000 0.533981 0.000000 0.845496 0.251187 0.251187 0.251187
4468.662109 0.000000 1718.960327 0.000000 0.996861 0.000000 -0.079173 0.566106 0.566106 0.566106
4470.993164 0.000000 1725.268555 0.000000 0.611679 0.000000 0.791106 0.448498 0.448498 0.448498
4534.745117 0.000000 1715.809082 0.000000 0.439958 0.000000 0.898019 0.225355 0.225355 0.225355
4525.285156 0.000000 1697.292358 0.000000 0.880881 0.000000 0.473338 0.442350 0.442350 0.442350
4512.615723 0.000000 1715.866333 0.000000 0.974748 0.000000 0.223308 0.494338 0.494338 0.494338
4511.488770 0.000000 1727.256226 0.000000 0.916388 0.000000 0.400292 0.456128 0.456128 0.456128
4532.809570 0.000000 1703.590576 0.000000 0.399523 0.000000 0.916723 0.413043 0.413043 0.413043
4512.494629 0.000000 1691.258301 0.000000 0.984919 0.000000 0.173018 0.531853 0.531853 0.531853
4527.077148 0.000000 1697.688721 0.000000 0.336096 0.000000 0.941828 0.219503 0.219503 0.219503
4511.139648 0.000000 1704.326294 0.000000 0.700712 0.000000 0.713444 0.341659 0.341659 0.341659
4465.440918 0.000000 1724.977539 0.000000 0.999553 0.000000 -0.029889 0.559769 0.559769 0.559769
4529.385254 0.000000 1703.468018 0.000000 0.685897 0.000000 0.727699 0.288148 0.288148 0.288148
4468.194336 0.000000 1725.561646 0.000000 0.819600 0.000000 0.572937 0.455339 0.455339 0.455339
4473.765625 0.000000 1723.066162 0.000000 0.974836 0.000000 0.222925 0.494127 0.494127 0.494127
4523.056152 0.000000 1690.326538 0.000000 0.587022 0.000000 0.809571 0.267600 0.267600 0.267600
4510.313965 0.000000 1707.816650 0.000000 0.940313 0.000000 0.340310 0.493260 0.493260 0.493260
4508.012207 0.000000 1693.412476 0.000000 0.840230 0.000000 0.542230 0.385536 0.385536 0.385536
4504.071777 0.000000 1678.346191 0.000000 0.994011 0.000000 -0.109278 0.566990 0.566990 0.566990
4507.720215 0.000000 1686.638916 0.000000 0.989899 0.000000 -0.141773 0.587307 0.587307 0.587307
4524.815430 0.000000 1695.662476 0.000000 0.852827 0.000000 0.522194 0.435330 0.435330 0.435330
4509.720215 0.000000 1723.187012 0.000000 0.950707 0.000000 0.310089 0.497617 0.497617 0.497617
4513.756836 0.000000 1712.180542 0.000000 0.967778 0.000000 0.251804 0.512951 0.512951 0.512951
4464.936035 0.000000 1726.950073 0.000000 0.761782 0.000000 0.647834 0.397107 0.397107 0.397107
4532.780762 0.000000 1706.520752 0.000000 0.906717 0.000000 0.421740 0.459135 0.459135 0.459135
4504.991699 0.000000 1688.678101 0.000000 0.994343 0.000000 -0.106219 0.587262 0.587262 0.587262
4467.914551 0.000000 1727.240479 0.000000 0.828158 0.000000 0.560494 0.434807 0.434807 0.434807
4510.770020 0.000000 1719.008057 0.000000 0.959790 0.000000 0.280719 0.468342 0.468342 0.468342
4506.314941 0.000000 1680.673828 0.000000 0.483655 0.000000 0.875259 0.318738 0.318738 0.318738
4513.240234 0.000000 1708.803345 0.000000 0.999587 0.000000 0.028726 0.541637 0.541637 0.541637
4515.513672 0.000000 1700.995972 0.000000 0.826000 0.000000 0.563670 0.399529 0.399529 0.399529
4470.846680 0.000000 1718.257324 0.000000 0.914250 0.000000 0.405151 0.483557 0.483557 0.483557
4535.056641 0.000000 1710.482666 0.000000 0.707450 0.000000 0.706764 0.403424 0.403424 0.403424
4534.872070 0.000000 1725.769043 0.000000 0.588673 0.000000 0.808371 0.282430 0.282430 0.282430
4530.861328 0.000000 1721.808716 0.000000 0.871811 0.000000 0.489843 0.417854 0.417854 0.417854
4471.568848 0.000000 1721.209839 0.000000 0.588896 0.000000 0.808209 0.344535 0.344535 0.344535
4512.506836 0.000000 1710.098633 0.000000 0.461121 0.000000 0.887337 0.209774 0.209774 0.209774
4528.440918 0.000000 1714.771973 0.000000 0.482640 0.000000 0.875819 0.211521 0.211521 0.211521
4476.983398 0.000000 1710.452148 0.000000 0.721034 0.000000 0.692899 0.390231 0.390231 0.390231
4505.247070 0.000000 1681.761963 0.000000 0.919080 0.000000 0.394070 0.475471 0.475471 0.475471
4513.601074 0.000000 1698.205444 0.000000 0.863671 0.000000 0.504055 0.380983 0.380983 0.380983
4469.128906 0.000000 1720.234985 0.000000 0.999914 0.000000 0.013111 0.547444 0.547444 0.547444
4507.022461 0.000000 1689.096191 0.000000 0.999300 0.000000 -0.037400 0.563098 0.563098 0.563098
4516.524902 0.000000 1686.194092 0.000000 0.996655 0.000000 0.081722 0.526971 0.526971 0.526971
4506.438477 0.000000 1683.662354 0.000000 0.716331 0.000000 0.697761 0.379276 0.379276 0.379276
4472.376465 0.000000 1723.302124 0.000000 0.633420 0.000000 0.773808 0.330092 0.330092 0.330092
4510.230469 0.000000 1695.958374 0.000000 0.896410 0.000000 0.443226 0.433984 0.433984 0.433984
4515.288086 0.000000 1702.252319 0.000000 0.636247 0.000000 0.771485 0.324951 0.324951 0.324951
4504.480957 0.000000 1686.547241 0.000000 0.982362 0.000000 0.186990 0.503252 0.503252 0.503252
4512.963379 0.000000 1723.011230 0.000000 0.364347 0.000000 0.931263 0.263807 0.263807 0.263807
4513.489258 0.000000 1710.887207 0.000000 0.941250 0.000000 0.337711 0.442626 0.442626 0.442626
4511.445801 0.000000 1716.401611 0.000000 0.982999 0.000000 0.183610 0.501571 0.501571 0.501571
4510.416016 0.000000 1717.653687 0.000000 0.679340 0.000000 0.733824 0.333913 0.333913 0.333913
4508.522949 0.000000 1727.302856 0.000000 0.647559 0.000000 0.762015 0.281132 0.281132 0.281132
4511.962402 0.000000 1718.784546 0.000000 0.884587 0.000000 0.466376 0.410761 0.410761 0.410761
4531.385254 0.000000 1720.312012 0.000000 0.665132 0.000000 0.746726 0.332353 0.332353 0.332353
4527.597168 0.000000 1696.614990 0.000000 0.514477 0.000000 0.857504 0.272691 0.272691 0.272691
4534.926270 0.000000 1708.270142 0.000000 0.856054 0.000000 0.516887 0.404553 0.404553 0.404553
4475.514160 0.000000 1706.030884 0.000000 0.766944 0.000000 0.641714 0.342400 0.342400 0.342400
4531.658691 0.000000 1716.804932 0.000000 0.430031 0.000000 0.902814 0.164926 0.164926 0.164926
4508.180176 0.000000 1721.464722 0.000000 0.678208 0.000000 0.734870 0.279103 0.279103 0.279103
4464.671875 0.000000 1725.928345 0.000000 0.999402 0.000000 0.034573 0.538699 0.538699 0.538699
4505.941895 0.000000 1689.140015 0.000000 0.516364 0.000000 0.856369 0.189986 0.189986 0.189986
4535.559570 0.000000 1711.915283 0.000000 0.639198 0.000000 0.769042 0.386164 0.386164 0.386164
4537.197266 0.000000 1723.147217 0.000000 0.996931 0.000000 -0.078282 0.571735 0.571735 0.571735
4535.591797 0.000000 1717.725342 0.000000 0.995018 0.000000 0.099700 0.544378 0.544378 0.544378
4536.885742 0.000000 1720.262573 0.000000 0.999760 0.000000 0.021915 0.543018 0.543018 0.543018
4537.907227 0.000000 1716.923096 0.000000 0.987825 0.000000 0.155567 0.510107 0.510107 0.510107
4535.545898 0.000000 1707.831665 0.000000 0.878066 0.000000 0.478540 0.477372 0.477372 0.477372
4535.521484 0.000000 1719.398682 0.000000 0.866024 0.000000 0.500003 0.478104 0.478104 0.478104
4536.748535 0.000000 1721.533936 0.000000 0.709578 0.000000 0.704627 0.300919 0.300919 0.300919
4536.808594 0.000000 1717.338379 0.000000 0.999596 0.000000 0.028419 0.542741 0.542741 0.542741
4444.484863 0.000000 1817.070923 0.000000 0.997855 0.000000 0.065456 0.545323 0.545323 0.545323
4432.448730 0.000000 1820.215698 0.000000 0.604078 0.000000 0.796925 0.306878 0.306878 0.306878
4444.821777 0.000000 1806.482422 0.000000 0.960011 0.000000 0.279961 0.476361 0.476361 0.476361
4430.898438 0.000000 1801.694946 0.000000 0.498261 0.000000 0.867027 0.485170 0.485170 0.485170
4445.210938 0.000000 1800.447266 0.000000 0.812378 0.000000 0.583131 0.464514 0.464514 0.464514
4444.474609 0.000000 1822.360352 0.000000 0.432174 0.000000 0.901790 0.369443 0.369443 0.369443
4441.416504 0.000000 1803.191528 0.000000 0.540400 0.000000 0.841408 0.349550 0.349550 0.349550
4457.502441 0.000000 1789.492554 0.000000 0.982738 0.000000 0.185004 0.532115 0.532115 0.532115
4442.049805 0.000000 1797.613159 0.000000 0.719333 0.000000 0.694666 0.355976 0.355976 0.355976
4422.053223 0.000000 1808.825562 0.000000 0.444467 0.000000 0.895795 0.418898 0.418898 0.418898
4458.163574 0.000000 1816.494507 0.000000 0.971865 0.000000 0.235539 0.541838 0.541838 0.541838
4459.719238 0.000000 1735.621582 0.000000 0.774848 0.000000 0.632148 0.493621 0.493621 0.493621
4457.417969 0.000000 1822.520630 0.000000 0.957994 0.000000 0.286789 0.538817 0.538817 0.538817
4449.675781 0.000000 1795.233032 0.000000 0.999394 0.000000 -0.034823 0.554304 0.554304 0.554304
4424.669922 0.000000 1808.187866 0.000000 0.913241 0.000000 0.407420 0.458386 0.458386 0.458386
4428.072754 0.000000 1811.475708 0.000000 0.675118 0.000000 0.737710 0.405319 0.405319 0.405319
4439.501953 0.000000 1805.017944 0.000000 0.967372 0.000000 0.253361 0.466993 0.466993 0.466993
4438.353516 0.000000 1796.155396 0.000000 0.973672 0.000000 0.227952 0.526317 0.526317 0.526317
4459.326660 0.000000 1794.322876 0.000000 0.926486 0.000000 0.376328 0.447222 0.447222 0.447222
4447.196289 0.000000 1798.873779 0.000000 0.995067 0.000000 -0.099208 0.571013 0.571013 0.571013
4462.701660 0.000000 1790.372803 0.000000 0.999810 0.000000 -0.019481 0.555912 0.555912 0.555912
4430.211914 0.000000 1819.272217 0.000000 0.537603 0.000000 0.843198 0.313070 0.313070 0.313070
4461.946777 0.000000 1734.822510 0.000000 0.438250 0.000000 0.898853 0.292296 0.292296 0.292296
4453.250977 0.000000 1797.430298 0.000000 0.624901 0.000000 0.780704 0.370418 0.370418 0.370418
4444.515625 0.000000 1820.034668 0.000000 0.999996 0.000000 0.002802 0.549442 0.549442 0.549442
4425.204590 0.000000 1822.497070 0.000000 0.440025 0.000000 0.897986 0.332564 0.332564 0.332564
4434.626465 0.000000 1820.426392 0.000000 0.355871 0.000000 0.934535 0.165514 0.165514 0.165514
4433.195801 0.000000 1822.609253 0.000000 0.722324 0.000000 0.691555 0.451436 0.451436 0.451436
4451.748535 0.000000 1794.729126 0.000000 0.998150 0.000000 0.060800 0.541813 0.541813 0.541813
4437.335449 0.000000 1809.814697 0.000000 0.519387 0.000000 0.854539 0.209514 0.209514 0.209514
4429.154785 0.000000 1816.146484 0.000000 0.686466 0.000000 0.727162 0.478451 0.478451 0.478451
4462.752930 0.000000 1811.793457 0.000000 0.524742 0.000000 0.851261 0.445124 0.445124 0.445124
4426.371094 0.000000 1809.105469 0.000000 0.569764 0.000000 0.821809 0.266565 0.266565 0.266565
4461.185059 0.000000 1736.839111 0.000000 0.997107 0.000000 0.076016 0.542582 0.542582 0.542582
4453.292969 0.000000 1793.276733 0.000000 0.989675 0.000000 -0.143326 0.568958 0.568958 0.568958
4455.474121 0.000000 1790.087036 0.000000 0.409230 0.000000 0.912431 0.160247 0.160247 0.160247
4441.162598 0.000000 1821.199707 0.000000 0.781289 0.000000 0.624170 0.349153 0.349153 0.349153
4439.147461 0.000000 1800.310669 0.000000 0.396628 0.000000 0.917980 0.243404 0.243404 0.243404
4432.032715 0.000000 1818.464844 0.000000 0.992317 0.000000 0.123719 0.532117 0.532117 0.532117
4443.098145 0.000000 1821.177979 0.000000 0.686568 0.000000 0.727066 0.288445 0.288445 0.288445
4438.321777 0.000000 1803.801025 0.000000 0.678956 0.000000 0.734179 0.283965 0.283965 0.283965
4430.888672 0.000000 1820.839111 0.000000 0.996022 0.000000 -0.089110 0.575729 0.575729 0.575729
4423.885254 0.000000 1818.735840 0.000000 0.937236 0.000000 0.348697 0.462456 0.462456 0.462456
4423.177734 0.000000 1807.472778 0.000000 0.348728 0.000000 0.937224 0.301506 0.301506 0.301506
4434.554688 0.000000 1823.687134 0.000000 0.540449 0.000000 0.841377 0.352308 0.352308 0.352308
4440.140625 0.000000 1819.937988 0.000000 0.925406 0.000000 0.378977 0.428848 0.428848 0.428848
4451.994629 0.000000 1796.354614 0.000000 0.940464 0.000000 0.339892 0.454761 0.454761 0.454761
4433.604004 0.000000 1813.324829 0.000000 0.686016 0.000000 0.727587 0.345260 0.345260 0.345260
4445.955078 0.000000 1805.296387 0.000000 0.999260 0.000000 0.038450 0.538382 0.538382 0.538382
4426.535156 0.000000 1811.915283 0.000000 0.621440 0.000000 0.783462 0.406614 0.406614 0.406614
4426.276367 0.000000 1819.453735 0.000000 0.936839 0.000000 0.349761 0.483765 0.483765 0.483765
4456.095703 0.000000 1794.830078 0.000000 0.998956 0.000000 -0.045678 0.562046 0.562046 0.562046
4429.521484 0.000000 1801.297363 0.000000 0.349650 0.000000 0.936880 0.256715 0.256715 0.256715
4457.657227 0.000000 1794.869995 0.000000 0.367950 0.000000 0.929846 0.235221 0.235221 0.235221
4458.560547 0.000000 1823.632446 0.000000 0.628200 0.000000 0.778052 0.274555 0.274555 0.274555
4436.200195 0.000000 1807.760132 0.000000 0.946617 0.000000 0.322359 0.446794 0.446794 0.446794
4424.121582 0.000000 1802.978149 0.000000 0.805221 0.000000 0.592975 0.348666 0.348666 0.348666
4461.482910 0.000000 1816.446289 0.000000 0.996094 0.000000 0.088295 0.524386 0.524386 0.524386
4434.959473 0.000000 1817.855347 0.000000 0.473943 0.000000 0.880556 0.303028 0.303028 0.303028
4461.751465 0.000000 1795.694580 0.000000 0.891854 0.000000 0.452323 0.432058 0.432058 0.432058
4462.804688 0.000000 1814.833618 0.000000 0.912564 0.000000 0.408934 0.431414 0.431414 0.431414
4463.104492 0.000000 1791.657349 0.000000 0.961408 0.000000 0.275127 0.465420 0.465420 0.465420
4435.895508 0.000000 1819.943115 0.000000 0.965280 0.000000 0.261217 0.489761 0.489761 0.489761
4438.215820 0.000000 1805.310425 0.000000 0.996680 0.000000 0.081417 0.523587 0.523587 0.523587
4457.450195 0.000000 1790.846924 0.000000 0.516600 0.000000 0.856227 0.298764 0.298764 0.298764
4448.301758 0.000000 1799.583862 0.000000 0.935178 0.000000 0.354178 0.455549 0.455549 0.455549
4440.971191 0.000000 1818.995605 0.000000 0.999934 0.000000 -0.011516 0.553589 0.553589 0.553589
4462.393066 0.000000 1733.608765 0.000000 0.501359 0.000000 0.865240 0.284386 0.284386 0.284386
4435.628418 0.000000 1821.143433 0.000000 0.875795 0.000000 0.482683 0.389537 0.389537 0.389537
4437.039551 0.000000 1808.613159 0.000000 0.483984 0.000000 0.875077 0.195913 0.195913 0.195913
4459.770508 0.000000 1823.169922 0.000000 0.835365 0.000000 0.549696 0.370192 0.370192 0.370192
4445.828125 0.000000 1795.593140 0.000000 0.601422 0.000000 0.798931 0.229751 0.229751 0.229751
4454.980469 0.000000 1795.401367 0.000000 0.778540 0.000000 0.627596 0.345981 0.345981 0.345981
4460.645020 0.000000 1821.864624 0.000000 0.532296 0.000000 0.846558 0.238122 0.238122 0.238122
4442.145996 0.000000 1821.758789 0.000000 0.801179 0.000000 0.598425 0.343871 0.343871 0.343871
4436.305664 0.000000 1809.468994 0.000000 0.999764 0.000000 -0.021731 0.557222 0.557222 0.557222
4455.544922 0.000000 1791.209961 0.000000 0.704948 0.000000 0.709259 0.282594 0.282594 0.282594
4437.811035 0.000000 1806.517456 0.000000 0.998199 0.000000 0.059989 0.531126 0.531126 0.531126
4450.393555 0.000000 1792.723633 0.000000 0.862863 0.000000 0.505437 0.374651 0.374651 0.374651
4438.966309 0.000000 1802.926880 0.000000 0.998917 0.000000 0.046523 0.534983 0.534983 0.534983
4433.754883 0.000000 1808.746094 0.000000 0.335460 0.000000 0.942054 0.141714 0.141714 0.141714
4432.236816 0.000000 1809.035645 0.000000 0.878430 0.000000 0.477872 0.384443 0.384443 0.384443
4444.697754 0.000000 1823.944824 0.000000 0.385742 0.000000 0.922607 0.361267 0.361267 0.361267
4460.645508 0.000000 1823.746826 0.000000 0.901620 0.000000 0.432530 0.471384 0.471384 0.471384
4433.967773 0.000000 1827.290649 0.000000 0.997531 0.000000 -0.070232 0.571812 0.571812 0.571812
4424.860352 0.000000 1824.432251 0.000000 0.975208 0.000000 0.221291 0.535293 0.535293 0.535293
4432.002441 0.000000 1827.806519 0.000000 0.927911 0.000000 0.372802 0.431449 0.431449 0.431449
4437.229980 0.000000 1826.039429 0.000000 0.917106 0.000000 0.398644 0.444715 0.444715 0.444715
4441.305664 0.000000 1825.571899 0.000000 0.916145 0.000000 0.400848 0.473546 0.473546 0.473546
4456.217285 0.000000 1826.823730 0.000000 0.981617 0.000000 0.190861 0.491197 0.491197 0.491197
4455.668457 0.000000 1824.182861 0.000000 0.374885 0.000000 0.927071 0.320280 0.320280 0.320280
4442.042969 0.000000 1824.690674 0.000000 0.473283 0.000000 0.880910 0.193343 0.193343 0.193343
4463.567383 0.000000 1807.899658 0.000000 0.992375 0.000000 -0.123257 0.569173 0.569173 0.569173
4483.260254 0.000000 1790.031738 0.000000 0.964914 0.000000 0.262567 0.528841 0.528841 0.528841
4504.843750 0.000000 1728.124512 0.000000 0.942070 0.000000 0.335417 0.491761 0.491761 0.491761
4471.828125 0.000000 1775.077637 0.000000 0.924355 0.000000 0.381535 0.499474 0.499474 0.499474
4468.979004 0.000000 1789.452515 0.000000 0.748637 0.000000 0.662980 0.481330 0.481330 0.481330
4480.101074 0.000000 1794.459717 0.000000 0.968673 0.000000 0.248339 0.517608 0.517608 0.517608
4489.871094 0.000000 1776.563599 0.000000 0.990451 0.000000 -0.137866 0.588741 0.588741 0.588741
4463.599609 0.000000 1813.709717 0.000000 0.861561 0.000000 0.507654 0.518562 0.518562 0.518562
4469.901855 0.000000 1783.447998 0.000000 0.423108 0.000000 0.906079 0.394301 0.394301 0.394301
4468.334961 0.000000 1731.284546 0.000000 0.917612 0.000000 0.397477 0.533162 0.533162 0.533162
4510.781250 0.000000 1737.160156 0.000000 0.515587 0.000000 0.856837 0.342280 0.342280 0.342280
4486.198242 0.000000 1752.529785 0.000000 0.522687 0.000000 0.852525 0.472909 0.472909 0.472909
4495.247559 0.000000 1769.145752 0.000000 0.668568 0.000000 0.743651 0.509702 0.509702 0.509702
4517.836426 0.000000 1751.703369 0.000000 0.969946 0.000000 0.243319 0.494652 0.494652 0.494652
4489.884277 0.000000 1771.481689 0.000000 0.930130 0.000000 0.367229 0.499400 0.499400 0.499400
4509.747559 0.000000 1744.077148 0.000000 0.852848 0.000000 0.522159 0.432321 0.432321 0.432321
4491.963867 0.000000 1762.729492 0.000000 0.989512 0.000000 -0.144453 0.561147 0.561147 0.561147
4482.958496 0.000000 1793.033691 0.000000 0.605871 0.000000 0.795563 0.312525 0.312525 0.312525
4500.735840 0.000000 1740.745605 0.000000 0.986461 0.000000 -0.163995 0.569227 0.569227 0.569227
4471.060547 0.000000 1764.993042 0.000000 0.988974 0.000000 0.148091 0.528570 0.528570 0.528570
4487.293945 0.000000 1783.309814 0.000000 0.999687 0.000000 0.025034 0.543434 0.543434 0.543434
4490.042969 0.000000 1779.231201 0.000000 0.559992 0.000000 0.828498 0.468216 0.468216 0.468216
4477.581055 0.000000 1799.713623 0.000000 0.844023 0.000000 0.536308 0.416312 0.416312 0.416312
4467.260742 0.000000 1728.740601 0.000000 0.837891 0.000000 0.545837 0.504017 0.504017 0.504017
4469.855469 0.000000 1780.757324 0.000000 0.700506 0.000000 0.713646 0.336127 0.336127 0.336127
4507.428223 0.000000 1729.185303 0.000000 0.975325 0.000000 0.220775 0.510569 0.510569 0.510569
4469.541992 0.000000 1768.697388 0.000000 0.643017 0.000000 0.765851 0.336784 0.336784 0.336784
4514.669922 0.000000 1747.253174 0.000000 0.993880 0.000000 0.110469 0.540120 0.540120 0.540120
4469.494629 0.000000 1809.464722 0.000000 0.856120 0.000000 0.516778 0.422484 0.422484 0.422484
4487.698730 0.000000 1780.930542 0.000000 0.943890 0.000000 0.330261 0.516725 0.516725 0.516725
4465.764160 0.000000 1807.187500 0.000000 0.362065 0.000000 0.932153 0.302777 0.302777 0.302777
4474.032227 0.000000 1804.354248 0.000000 0.411860 0.000000 0.911247 0.302884 0.302884 0.302884
4472.950195 0.000000 1773.125122 0.000000 0.685109 0.000000 0.728440 0.399852 0.399852 0.399852
4508.036621 0.000000 1731.636719 0.000000 0.963289 0.000000 0.268468 0.488420 0.488420 0.488420
4515.681641 0.000000 1751.599121 0.000000 0.999909 0.000000 -0.013523 0.552711 0.552711 0.552711
4491.786133 0.000000 1772.254272 0.000000 0.567246 0.000000 0.823548 0.304197 0.304197 0.304197
4506.305176 0.000000 1735.690552 0.000000 0.999034 0.000000 -0.043941 0.554587 0.554587 0.554587
4489.478027 0.000000 1756.407349 0.000000 0.650439 0.000000 0.759559 0.348638 0.348638 0.348638
4474.714355 0.000000 1761.955933 0.000000 0.495305 0.000000 0.868719 0.440154 0.440154 0.440154
4468.114258 0.000000 1810.979126 0.000000 0.639914 0.000000 0.768446 0.346626 0.346626 0.346626
4468.662109 0.000000 1814.944702 0.000000 0.994920 0.000000 0.100672 0.528538 0.528538 0.528538
4499.382812 0.000000 1764.034668 0.000000 0.609956 0.000000 0.792435 0.400524 0.400524 0.400524
4509.554688 0.000000 1742.097412 0.000000 0.871705 0.000000 0.490032 0.438191 0.438191 0.438191
4519.946289 0.000000 1755.390625 0.000000 0.999995 0.000000 -0.003090 0.550420 0.550420 0.550420
4490.273438 0.000000 1769.566772 0.000000 0.863903 0.000000 0.503658 0.397800 0.397800 0.397800
4488.827637 0.000000 1752.516968 0.000000 0.999976 0.000000 -0.006966 0.550956 0.550956 0.550956
4492.143066 0.000000 1764.583984 0.000000 0.949782 0.000000 0.312912 0.510670 0.510670 0.510670
4517.150391 0.000000 1754.179565 0.000000 0.975537 0.000000 0.219835 0.503436 0.503436 0.503436
4515.023926 0.000000 1744.985840 0.000000 0.999853 0.000000 -0.017117 0.554959 0.554959 0.554959
4480.383301 0.000000 1798.257812 0.000000 0.884618 0.000000 0.466317 0.473396 0.473396 0.473396
4474.923340 0.000000 1806.595947 0.000000 0.996130 0.000000 0.087894 0.539245 0.539245 0.539245
4509.266113 0.000000 1733.422363 0.000000 0.999661 0.000000 0.026054 0.543166 0.543166 0.543166
4515.235840 0.000000 1731.960815 0.000000 0.905940 0.000000 0.423406 0.410725 0.410725 0.410725
4486.793457 0.000000 1754.644775 0.000000 0.802308 0.000000 0.596910 0.470953 0.470953 0.470953
4468.186035 0.000000 1780.855713 0.000000 0.910495 0.000000 0.413521 0.435266 0.435266 0.435266
4516.933105 0.000000 1750.295044 0.000000 0.439777 0.000000 0.898107 0.298814 0.298814 0.298814
4486.020020 0.000000 1777.291626 0.000000 0.584349 0.000000 0.811502 0.313411 0.313411 0.313411
4476.877930 0.000000 1761.504883 0.000000 0.793816 0.000000 0.608158 0.398297 0.398297 0.398297
4497.674805 0.000000 1755.203979 0.000000 0.387596 0.000000 0.921829 0.195726 0.195726 0.195726
4470.905762 0.000000 1808.567749 0.000000 0.735375 0.000000 0.677660 0.303607 0.303607 0.303607
4478.949707 0.000000 1798.978394 0.000000 0.982886 0.000000 0.184213 0.507007 0.507007 0.507007
4534.861816 0.000000 1728.237305 0.000000 0.774082 0.000000 0.633086 0.344795 0.344795 0.344795
4507.306641 0.000000 1739.047485 0.000000 0.471295 0.000000 0.881976 0.286026 0.286026 0.286026
4489.181641 0.000000 1780.528076 0.000000 0.919986 0.000000 0.391951 0.421700 0.421700 0.421700
4472.840820 0.000000 1765.039917 0.000000 0.997974 0.000000 0.063630 0.535224 0.535224 0.535224
4466.138184 0.000000 1727.723389 0.000000 0.993774 0.000000 0.111414 0.528385 0.528385 0.528385
4471.755371 0.000000 1807.307129 0.000000 0.901571 0.000000 0.432632 0.471365 0.471365 0.471365
4501.195801 0.000000 1743.768066 0.000000 0.948382 0.000000 0.317131 0.440553 0.440553 0.440553
4490.026367 0.000000 1754.491699 0.000000 0.344938 0.000000 0.938626 0.344185 0.344185 0.344185
4505.922852 0.000000 1729.191284 0.000000 0.999982 0.000000 -0.005953 0.551014 0.551014 0.551014
4479.617676 0.000000 1803.344604 0.000000 0.995762 0.000000 -0.091966 0.577315 0.577315 0.577315
4475.297852 0.000000 1763.288452 0.000000 0.924840 0.000000 0.380355 0.436419 0.436419 0.436419
4471.260742 0.000000 1777.973633 0.000000 0.404195 0.000000 0.914673 0.323271 0.323271 0.323271
4467.649414 0.000000 1773.428223 0.000000 0.816776 0.000000 0.576954 0.412355 0.412355 0.412355
4464.376465 0.000000 1806.729492 0.000000 0.986519 0.000000 0.163645 0.516143 0.516143 0.516143
4510.157227 0.000000 1738.881104 0.000000 0.946190 0.000000 0.323610 0.459953 0.459953 0.459953
4469.008301 0.000000 1779.669067 0.000000 0.806835 0.000000 0.590777 0.405940 0.405940 0.405940
4488.429199 0.000000 1757.267456 0.000000 0.924371 0.000000 0.381496 0.458633 0.458633 0.458633
4514.935059 0.000000 1739.656006 0.000000 0.865320 0.000000 0.501220 0.428891 0.428891 0.428891
4469.309570 0.000000 1732.532959 0.000000 0.878757 0.000000 0.477269 0.446157 0.446157 0.446157
4507.317383 0.000000 1730.516602 0.000000 0.874595 0.000000 0.484853 0.415854 0.415854 0.415854
4497.198242 0.000000 1753.913452 0.000000 0.580535 0.000000 0.814235 0.274353 0.274353 0.274353
4516.700684 0.000000 1755.399292 0.000000 0.929858 0.000000 0.367919 0.470846 0.470846 0.470846
4496.377441 0.000000 1765.503174 0.000000 0.986565 0.000000 0.163371 0.492539 0.492539 0.492539
4477.560547 0.000000 1805.230835 0.000000 0.999962 0.000000 0.008720 0.547414 0.547414 0.547414
4463.918945 0.000000 1809.726685 0.000000 0.988770 0.000000 -0.149442 0.582749 0.582749 0.582749
4487.000977 0.000000 1782.035522 0.000000 0.992154 0.000000 0.125021 0.517126 0.517126 0.517126
4516.090820 0.000000 1737.136108 0.000000 0.922436 0.000000 0.386150 0.463989 0.463989 0.463989
4474.047852 0.000000 1805.603394 0.000000 0.989572 0.000000 -0.144041 0.581160 0.581160 0.581160
4466.959961 0.000000 1783.582031 0.000000 0.996240 0.000000 -0.086636 0.569177 0.569177 0.569177
4517.893066 0.000000 1753.177124 0.000000 0.983339 0.000000 0.181784 0.486496 0.486496 0.486496
4534.978027 0.000000 1731.422607 0.000000 0.856438 0.000000 0.516250 0.409966 0.409966 0.409966
4507.928223 0.000000 1737.590576 0.000000 0.870345 0.000000 0.492442 0.419205 0.419205 0.419205
4488.729980 0.000000 1781.666626 0.000000 0.933213 0.000000 0.359323 0.432916 0.432916 0.432916
4495.020508 0.000000 1761.153809 0.000000 0.871574 0.000000 0.490264 0.376219 0.376219 0.376219
4470.665039 0.000000 1809.936035 0.000000 0.536128 0.000000 0.844137 0.217444 0.217444 0.217444
4488.730469 0.000000 1776.987183 0.000000 0.970587 0.000000 0.240752 0.481893 0.481893 0.481893
4475.893555 0.000000 1762.178101 0.000000 0.933634 0.000000 0.358228 0.443351 0.443351 0.443351
4479.143066 0.000000 1802.198975 0.000000 0.752216 0.000000 0.658917 0.336640 0.336640 0.336640
4507.106934 0.000000 1736.613892 0.000000 0.890324 0.000000 0.455328 0.429913 0.429913 0.429913
4511.172363 0.000000 1738.302490 0.000000 0.947832 0.000000 0.318770 0.461350 0.461350 0.461350
4486.227539 0.000000 1783.899658 0.000000 0.597501 0.000000 0.801868 0.305987 0.305987 0.305987
4507.045410 0.000000 1740.204956 0.000000 0.992074 0.000000 0.125654 0.509866 0.509866 0.509866
4467.769531 0.000000 1789.338989 0.000000 0.439009 0.000000 0.898483 0.194392 0.194392 0.194392
4499.054199 0.000000 1762.970947 0.000000 0.994237 0.000000 -0.107207 0.587610 0.587610 0.587610
4537.038574 0.000000 1732.432495 0.000000 0.920764 0.000000 0.390119 0.487818 0.487818 0.487818
4535.600098 0.000000 1729.117676 0.000000 0.891517 0.000000 0.452987 0.409278 0.409278 0.409278
4618.279297 0.000000 151.144608 0.000000 0.980125 0.000000 0.198383 0.529159 0.529159 0.529159
4623.846191 0.000000 123.412659 0.000000 0.654012 0.000000 0.756484 0.545288 0.545288 0.545288
4607.614258 0.000000 122.344917 0.000000 0.679100 0.000000 0.734046 0.506992 0.506992 0.506992
4618.156738 0.000000 160.573303 0.000000 0.999721 0.000000 -0.023634 0.551233 0.551233 0.551233
4624.380371 0.000000 131.417648 0.000000 0.966698 0.000000 0.255918 0.536497 0.536497 0.536497
4616.123535 0.000000 136.655823 0.000000 0.406484 0.000000 0.913658 0.489881 0.489881 0.489881
4608.421387 0.000000 128.891388 0.000000 0.915796 0.000000 0.401644 0.528434 0.528434 0.528434
4622.165527 0.000000 157.430130 0.000000 0.609832 0.000000 0.792531 0.502260 0.502260 0.502260
4620.646484 0.000000 134.724838 0.000000 0.941360 0.000000 0.337403 0.532043 0.532043 0.532043
4626.102539 0.000000 142.476578 0.000000 0.997787 0.000000 -0.066496 0.553472 0.553472 0.553472
4618.695312 0.000000 139.995270 0.000000 0.916295 0.000000 0.400504 0.528499 0.528499 0.528499
4607.649902 0.000000 156.996155 0.000000 0.479994 0.000000 0.877272 0.494162 0.494162 0.494162
4617.615234 0.000000 132.021866 0.000000 0.432393 0.000000 0.901685 0.491370 0.491370 0.491370
4619.143066 0.000000 120.576729 0.000000 0.855532 0.000000 0.517751 0.533560 0.533560 0.533560
4620.145996 0.000000 124.577682 0.000000 0.936649 0.000000 0.350269 0.531328 0.531328 0.531328
4615.088379 0.000000 139.908722 0.000000 0.865999 0.000000 0.500045 0.522677 0.522677 0.522677
4610.126953 0.000000 131.855972 0.000000 0.377913 0.000000 0.925841 0.494759 0.494759 0.494759
4614.779785 0.000000 160.627151 0.000000 0.767240 0.000000 0.641360 0.513670 0.513670 0.513670
4607.502441 0.000000 125.819901 0.000000 0.997412 0.000000 0.071903 0.546245 0.546245 0.546245
4619.370117 0.000000 148.157120 0.000000 0.770038 0.000000 0.637998 0.477797 0.477797 0.477797
4611.815918 0.000000 154.850800 0.000000 0.755538 0.000000 0.655105 0.498997 0.498997 0.498997
4623.568848 0.000000 146.060471 0.000000 0.459231 0.000000 0.888317 0.498942 0.498942 0.498942
4626.367188 0.000000 133.374786 0.000000 0.999995 0.000000 -0.003048 0.550159 0.550159 0.550159
4621.060059 0.000000 151.290405 0.000000 0.356445 0.000000 0.934316 0.424112 0.424112 0.424112
4610.208984 0.000000 157.876144 0.000000 0.863709 0.000000 0.503991 0.522439 0.522439 0.522439
4621.520508 0.000000 160.016663 0.000000 0.977434 0.000000 0.211240 0.538894 0.538894 0.538894
4618.043457 0.000000 126.142807 0.000000 0.805153 0.000000 0.593067 0.516874 0.516874 0.516874
4615.990723 0.000000 150.217621 0.000000 0.774484 0.000000 0.632593 0.478527 0.478527 0.478527
4612.956055 0.000000 141.055389 0.000000 0.812749 0.000000 0.582615 0.498761 0.498761 0.498761
4623.340820 0.000000 150.871704 0.000000 0.360740 0.000000 0.932666 0.465845 0.465845 0.465845
4611.895020 0.000000 152.651962 0.000000 0.896643 0.000000 0.442755 0.502135 0.502135 0.502135
4609.449219 0.000000 143.528687 0.000000 0.743867 0.000000 0.668328 0.473616 0.473616 0.473616
4608.124512 0.000000 151.489929 0.000000 0.995450 0.000000 -0.095287 0.559959 0.559959 0.559959
4619.781250 0.000000 149.978912 0.000000 0.554901 0.000000 0.831917 0.447465 0.447465 0.447465
4626.367188 0.000000 530.737427 0.000000 0.970324 0.000000 0.241808 0.525184 0.525184 0.525184
4624.376953 0.000000 536.788513 0.000000 0.989261 0.000000 -0.146161 0.569739 0.569739 0.569739
4631.091797 0.000000 538.379700 0.000000 0.617937 0.000000 0.786228 0.520187 0.520187 0.520187
4622.443848 0.000000 532.754578 0.000000 0.979720 0.000000 0.200371 0.529779 0.529779 0.529779
4638.366699 0.000000 527.961853 0.000000 0.997724 0.000000 0.067426 0.545182 0.545182 0.545182
4625.385254 0.000000 533.850281 0.000000 0.995041 0.000000 0.099465 0.539877 0.539877 0.539877
4631.849609 0.000000 526.689819 0.000000 0.998959 0.000000 0.045626 0.545362 0.545362 0.545362
4643.570312 0.000000 528.765869 0.000000 0.956007 0.000000 0.293345 0.531604 0.531604 0.531604
4628.238281 0.000000 525.494873 0.000000 0.935590 0.000000 0.353088 0.513332 0.513332 0.513332
4636.322266 0.000000 528.976685 0.000000 0.914275 0.000000 0.405094 0.507621 0.507621 0.507621
4628.429688 0.000000 529.970093 0.000000 0.526993 0.000000 0.849870 0.442607 0.442607 0.442607
4628.797363 0.000000 540.312805 0.000000 0.926083 0.000000 0.377320 0.510687 0.510687 0.510687
4625.677734 0.000000 538.263184 0.000000 0.997434 0.000000 0.071593 0.536914 0.536914 0.536914
4622.952637 0.000000 528.108215 0.000000 0.975488 0.000000 0.220051 0.528066 0.528066 0.528066
4629.835938 0.000000 533.354736 0.000000 0.589339 0.000000 0.807886 0.455722 0.455722 0.455722
4626.851074 0.000000 540.222046 0.000000 0.964927 0.000000 0.262519 0.501490 0.501490 0.501490
4624.076172 0.000000 538.254028 0.000000 0.980053 0.000000 0.198735 0.513463 0.513463 0.513463
4627.076172 0.000000 529.587830 0.000000 0.668342 0.000000 0.743854 0.386447 0.386447 0.386447
4609.189453 0.000000 667.318970 0.000000 0.616463 0.000000 0.787384 0.457886 0.457886 0.457886
4607.533203 0.000000 666.025574 0.000000 0.974928 0.000000 0.222522 0.509944 0.509944 0.509944
4693.099609 0.000000 624.537048 0.000000 0.998056 0.000000 -0.062322 0.555480 0.555480 0.555480
4685.878418 0.000000 631.635437 0.000000 0.987746 0.000000 -0.156070 0.561620 0.561620 0.561620
4694.436035 0.000000 628.738953 0.000000 0.992635 0.000000 0.121140 0.537661 0.537661 0.537661
4690.217285 0.000000 624.958679 0.000000 0.987874 0.000000 -0.155256 0.560916 0.560916 0.560916
4693.052246 0.000000 631.212341 0.000000 0.777396 0.000000 0.629012 0.480877 0.480877 0.480877
4688.551270 0.000000 633.072937 0.000000 0.882484 0.000000 0.470342 0.500244 0.500244 0.500244
4693.393066 0.000000 626.773376 0.000000 0.688642 0.000000 0.725102 0.467576 0.467576 0.467576
4689.028320 0.000000 631.714722 0.000000 0.699256 0.000000 0.714871 0.388148 0.388148 0.388148
4610.905273 0.000000 682.455383 0.000000 0.955824 0.000000 0.293940 0.519685 0.519685 0.519685
4784.382324 0.000000 668.572998 0.000000 0.995037 0.000000 0.099502 0.539873 0.539873 0.539873
4797.277344 0.000000 691.743774 0.000000 0.643532 0.000000 0.765419 0.490154 0.490154 0.490154
4784.122070 0.000000 675.270264 0.000000 0.769414 0.000000 0.638751 0.529070 0.529070 0.529070
4797.716309 0.000000 688.248962 0.000000 0.946194 0.000000 0.323601 0.527376 0.527376 0.527376
4787.953125 0.000000 681.146362 0.000000 0.831118 0.000000 0.556096 0.490083 0.490083 0.490083
4794.716309 0.000000 689.792725 0.000000 0.874678 0.000000 0.484705 0.498583 0.498583 0.498583
4789.448242 0.000000 671.924255 0.000000 0.637495 0.000000 0.770455 0.460629 0.460629 0.460629
4785.434570 0.000000 682.088745 0.000000 0.834460 0.000000 0.551068 0.505923 0.505923 0.505923
4790.310547 0.000000 686.792847 0.000000 0.738046 0.000000 0.674751 0.474745 0.474745 0.474745
4793.902832 0.000000 684.018921 0.000000 0.986288 0.000000 -0.165036 0.566846 0.566846 0.566846
4792.847168 0.000000 690.738708 0.000000 0.330488 0.000000 0.943810 0.424616 0.424616 0.424616
4795.276367 0.000000 691.762756 0.000000 0.394839 0.000000 0.918750 0.431635 0.431635 0.431635
4869.132812 0.000000 723.080078 0.000000 0.984345 0.000000 0.176254 0.531997 0.531997 0.531997
4870.996582 0.000000 718.916870 0.000000 0.634250 0.000000 0.773128 0.460202 0.460202 0.460202
4871.021973 0.000000 721.528625 0.000000 0.586071 0.000000 0.810260 0.454020 0.454020 0.454020
4868.889160 0.000000 720.873169 0.000000 0.556372 0.000000 0.830933 0.450343 0.450343 0.450343
4964.393066 0.000000 708.524231 0.000000 0.915024 0.000000 0.403400 0.507809 0.507809 0.507809
4958.893555 0.000000 758.752747 0.000000 0.947202 0.000000 0.320637 0.543277 0.543277 0.543277
4965.485352 0.000000 717.057861 0.000000 0.897364 0.000000 0.441290 0.542469 0.542469 0.542469
4962.108887 0.000000 760.666382 0.000000 0.995917 0.000000 -0.090272 0.559185 0.559185 0.559185
4966.203613 0.000000 762.210815 0.000000 0.999366 0.000000 0.035591 0.548338 0.548338 0.548338
4962.196289 0.000000 721.440552 0.000000 0.879682 0.000000 0.475561 0.499642 0.499642 0.499642
4964.142090 0.000000 719.352844 0.000000 0.990922 0.000000 -0.134436 0.563702 0.563702 0.563702
4964.721191 0.000000 714.511353 0.000000 0.718803 0.000000 0.695214 0.478224 0.478224 0.478224
4963.229980 0.000000 710.849121 0.000000 0.914813 0.000000 0.403878 0.507756 0.507756 0.507756
4960.020020 0.000000 712.046631 0.000000 0.816088 0.000000 0.577927 0.500081 0.500081 0.500081
4960.585938 0.000000 707.446716 0.000000 0.678839 0.000000 0.734287 0.480931 0.480931 0.480931
4964.206543 0.000000 761.294128 0.000000 0.994331 0.000000 -0.106327 0.560824 0.560824 0.560824
4963.910156 0.000000 706.480835 0.000000 0.395447 0.000000 0.918489 0.452484 0.452484 0.452484
4948.132324 0.000000 701.120544 0.000000 0.789287 0.000000 0.614024 0.482821 0.482821 0.482821
4960.855957 0.000000 759.096191 0.000000 0.876627 0.000000 0.481170 0.498993 0.498993 0.498993
4962.502441 0.000000 708.058899 0.000000 0.425356 0.000000 0.905026 0.435035 0.435035 0.435035
4962.584473 0.000000 718.181885 0.000000 0.569755 0.000000 0.821814 0.451989 0.451989 0.451989
4951.008789 0.000000 701.635925 0.000000 0.821585 0.000000 0.570086 0.488363 0.488363 0.488363
4961.013184 0.000000 756.453552 0.000000 0.996478 0.000000 -0.083852 0.558530 0.558530 0.558530
4972.310547 0.000000 757.153137 0.000000 0.922742 0.000000 0.385418 0.535331 0.535331 0.535331
5015.075684 0.000000 765.403076 0.000000 0.993042 0.000000 -0.117761 0.557131 0.557131 0.557131
4996.360840 0.000000 764.715637 0.000000 0.468205 0.000000 0.883620 0.518756 0.518756 0.518756
4967.544922 0.000000 757.881470 0.000000 0.729953 0.000000 0.683498 0.488001 0.488001 0.488001
5015.929199 0.000000 760.207886 0.000000 0.406466 0.000000 0.913666 0.432924 0.432924 0.432924
5017.354004 0.000000 747.363281 0.000000 0.561141 0.000000 0.827721 0.516530 0.516530 0.516530
5003.792969 0.000000 762.827759 0.000000 0.812462 0.000000 0.583014 0.532052 0.532052 0.532052
5010.898926 0.000000 745.362000 0.000000 0.633434 0.000000 0.773797 0.392058 0.392058 0.392058
5012.049805 0.000000 762.817505 0.000000 0.726470 0.000000 0.687198 0.473018 0.473018 0.473018
4971.787598 0.000000 760.961548 0.000000 0.999830 0.000000 0.018447 0.548126 0.548126 0.548126
5004.825684 0.000000 741.643738 0.000000 0.971866 0.000000 0.235536 0.529105 0.529105 0.529105
5005.533691 0.000000 749.110718 0.000000 0.513281 0.000000 0.858220 0.472078 0.472078 0.472078
4998.495605 0.000000 757.120789 0.000000 0.980581 0.000000 0.196117 0.529943 0.529943 0.529943
5014.388184 0.000000 746.137939 0.000000 0.995754 0.000000 -0.092054 0.555443 0.555443 0.555443
5004.127441 0.000000 752.720215 0.000000 0.743561 0.000000 0.668668 0.521841 0.521841 0.521841
4968.838867 0.000000 760.418762 0.000000 0.806943 0.000000 0.590630 0.485799 0.485799 0.485799
5000.607422 0.000000 752.359619 0.000000 0.766386 0.000000 0.642380 0.442718 0.442718 0.442718
4998.190918 0.000000 766.985474 0.000000 0.741990 0.000000 0.670410 0.475341 0.475341 0.475341
5014.291016 0.000000 740.327148 0.000000 0.992805 0.000000 0.119743 0.537804 0.537804 0.537804
5005.128906 0.000000 744.059631 0.000000 0.998888 0.000000 -0.047137 0.555892 0.555892 0.555892
4990.083496 0.000000 762.695679 0.000000 0.873939 0.000000 0.486036 0.498428 0.498428 0.498428
4999.177734 0.000000 754.792725 0.000000 0.953421 0.000000 0.301643 0.518865 0.518865 0.518865
4970.596191 0.000000 759.182800 0.000000 0.400690 0.000000 0.916214 0.432283 0.432283 0.432283
5012.999023 0.000000 764.945984 0.000000 0.748390 0.000000 0.663259 0.476316 0.476316 0.476316
4987.110840 0.000000 761.753601 0.000000 0.697174 0.000000 0.716902 0.485242 0.485242 0.485242
5000.020996 0.000000 750.129700 0.000000 0.851322 0.000000 0.524644 0.482506 0.482506 0.482506
4994.946777 0.000000 758.106201 0.000000 0.998671 0.000000 -0.051545 0.554815 0.554815 0.554815
5017.153809 0.000000 761.934326 0.000000 0.667715 0.000000 0.744417 0.464682 0.464682 0.464682
5004.946289 0.000000 765.158752 0.000000 0.948372 0.000000 0.317161 0.517207 0.517207 0.517207
4994.291992 0.000000 764.094238 0.000000 0.990347 0.000000 0.138610 0.537398 0.537398 0.537398
5007.226562 0.000000 747.943359 0.000000 0.999805 0.000000 -0.019744 0.551789 0.551789 0.551789
4990.428711 0.000000 742.147522 0.000000 0.975068 0.000000 0.221907 0.527263 0.527263 0.527263
4996.790039 0.000000 757.867004 0.000000 0.967563 0.000000 0.252631 0.524049 0.524049 0.524049
5008.679688 0.000000 745.581848 0.000000 0.882704 0.000000 0.469930 0.500291 0.500291 0.500291
4991.994141 0.000000 762.323608 0.000000 0.980522 0.000000 0.196409 0.529912 0.529912 0.529912
5010.073730 0.000000 744.026062 0.000000 0.844703 0.000000 0.535235 0.449184 0.449184 0.449184
5003.441406 0.000000 769.629272 0.000000 0.878698 0.000000 0.477378 0.499432 0.499432 0.499432
4890.075195 0.000000 1289.158447 0.000000 0.999613 0.000000 -0.027834 0.550382 0.550382 0.550382
4886.229004 0.000000 1283.143066 0.000000 0.357861 0.000000 0.933775 0.540074 0.540074 0.540074
4951.213379 0.000000 1198.365723 0.000000 0.494315 0.000000 0.869283 0.535531 0.535531 0.535531
4990.115723 0.000000 1247.768921 0.000000 0.991175 0.000000 -0.132563 0.551278 0.551278 0.551278
4996.360840 0.000000 1244.637573 0.000000 0.980396 0.000000 0.197036 0.546732 0.546732 0.546732
4955.269531 0.000000 1282.498657 0.000000 0.349320 0.000000 0.937004 0.499994 0.499994 0.499994
4948.647461 0.000000 1251.000732 0.000000 0.999897 0.000000 0.014337 0.548799 0.548799 0.548799
4924.357422 0.000000 1256.658691 0.000000 0.994204 0.000000 0.107506 0.542753 0.542753 0.542753
4976.093262 0.000000 1263.019043 0.000000 0.467853 0.000000 0.883806 0.529163 0.529163 0.529163
4981.046875 0.000000 1264.103882 0.000000 0.524692 0.000000 0.851292 0.529024 0.529024 0.529024
4989.790527 0.000000 1262.451172 0.000000 0.999536 0.000000 -0.030460 0.550920 0.550920 0.550920
4975.581055 0.000000 1271.898193 0.000000 0.995519 0.000000 -0.094562 0.553901 0.553901 0.553901
7769.521484 0.000000 466.828613 0.000000 0.798382 0.000000 0.602151 0.534916 0.534916 0.534916
7722.908691 0.000000 446.250458 0.000000 0.433043 0.000000 0.901373 0.543832 0.543832 0.543832
7735.998047 0.000000 471.974579 0.000000 0.581589 0.000000 0.813483 0.487379 0.487379 0.487379
7766.588867 0.000000 470.799591 0.000000 0.973061 0.000000 0.230549 0.532750 0.532750 0.532750
7739.496094 0.000000 474.874634 0.000000 0.898555 0.000000 0.438860 0.516313 0.516313 0.516313
7760.406250 0.000000 464.513977 0.000000 0.581133 0.000000 0.813809 0.519976 0.519976 0.519976
7736.062012 0.000000 476.604187 0.000000 0.586526 0.000000 0.809930 0.480002 0.480002 0.480002
7742.633301 0.000000 473.213074 0.000000 0.901086 0.000000 0.433641 0.516743 0.516743 0.516743
7716.483398 0.000000 450.526825 0.000000 0.825423 0.000000 0.564515 0.522820 0.522820 0.522820
7753.984863 0.000000 462.205322 0.000000 0.525607 0.000000 0.850728 0.474565 0.474565 0.474565
7724.426758 0.000000 456.573303 0.000000 0.992315 0.000000 -0.123736 0.559198 0.559198 0.559198
7766.806641 0.000000 473.212158 0.000000 0.996665 0.000000 -0.081597 0.556057 0.556057 0.556057
7740.832031 0.000000 456.106506 0.000000 0.411086 0.000000 0.911597 0.464942 0.464942 0.464942
7741.852539 0.000000 475.490845 0.000000 0.974864 0.000000 0.222802 0.533340 0.533340 0.533340
7723.397461 0.000000 451.522644 0.000000 0.994414 0.000000 -0.105547 0.557841 0.557841 0.557841
7755.090332 0.000000 458.205994 0.000000 0.891395 0.000000 0.453228 0.515122 0.515122 0.515122
7722.188965 0.000000 455.615448 0.000000 0.543672 0.000000 0.839298 0.476150 0.476150 0.476150
7762.242188 0.000000 474.916382 0.000000 0.989666 0.000000 -0.143389 0.560669 0.560669 0.560669
7736.845215 0.000000 478.715790 0.000000 0.683284 0.000000 0.730153 0.489307 0.489307 0.489307
7759.421875 0.000000 469.136475 0.000000 0.717942 0.000000 0.696103 0.475994 0.475994 0.475994
7736.500977 0.000000 480.650879 0.000000 0.438870 0.000000 0.898551 0.474883 0.474883 0.474883
7815.542969 0.000000 517.984924 0.000000 0.780702 0.000000 0.624903 0.536097 0.536097 0.536097
7838.363770 0.000000 533.294312 0.000000 0.988927 0.000000 0.148403 0.547137 0.547137 0.547137
7836.896484 0.000000 541.355530 0.000000 0.968683 0.000000 0.248299 0.536907 0.536907 0.536907
7796.234863 0.000000 487.861969 0.000000 0.999698 0.000000 0.024572 0.548718 0.548718 0.548718
7802.102051 0.000000 500.028778 0.000000 0.833128 0.000000 0.553080 0.519421 0.519421 0.519421
7789.043945 0.000000 489.006073 0.000000 0.640865 0.000000 0.767654 0.504335 0.504335 0.504335
7841.140625 0.000000 535.263489 0.000000 0.465393 0.000000 0.885104 0.493297 0.493297 0.493297
7846.238281 0.000000 551.415527 0.000000 0.987742 0.000000 0.156098 0.541822 0.541822 0.541822
7818.852051 0.000000 507.445221 0.000000 0.715460 0.000000 0.698654 0.513888 0.513888 0.513888
7828.029785 0.000000 517.519531 0.000000 0.942351 0.000000 0.334626 0.531728 0.531728 0.531728
7823.612305 0.000000 517.460693 0.000000 0.999494 0.000000 0.031819 0.548339 0.548339 0.548339
7846.692383 0.000000 547.736755 0.000000 0.582230 0.000000 0.813024 0.499163 0.499163 0.499163
7795.247070 0.000000 493.739838 0.000000 0.370700 0.000000 0.928752 0.433886 0.433886 0.433886
7846.334473 0.000000 542.575806 0.000000 0.631168 0.000000 0.775646 0.491490 0.491490 0.491490
7798.232910 0.000000 496.711334 0.000000 0.736620 0.000000 0.676307 0.493908 0.493908 0.493908
7825.672363 0.000000 511.067505 0.000000 0.994884 0.000000 0.101025 0.540829 0.540829 0.540829
7796.219238 0.000000 492.010712 0.000000 0.995055 0.000000 -0.099327 0.560382 0.560382 0.560382
7835.080566 0.000000 512.570435 0.000000 0.957492 0.000000 0.288462 0.519463 0.519463 0.519463
7857.805176 0.000000 544.510803 0.000000 0.999751 0.000000 -0.022294 0.550153 0.550153 0.550153
7875.587402 0.000000 568.110840 0.000000 0.854916 0.000000 0.518766 0.537269 0.537269 0.537269
7847.298340 0.000000 540.933655 0.000000 0.999074 0.000000 -0.043020 0.552245 0.552245 0.552245
7873.739746 0.000000 574.695984 0.000000 0.615263 0.000000 0.788322 0.502618 0.502618 0.502618
7849.521484 0.000000 546.998108 0.000000 0.978763 0.000000 0.204993 0.539228 0.539228 0.539228
7861.213867 0.000000 551.916687 0.000000 0.994016 0.000000 -0.109230 0.555711 0.555711 0.555711
7859.789551 0.000000 526.092224 0.000000 0.429433 0.000000 0.903099 0.491199 0.491199 0.491199
7864.596191 0.000000 559.562927 0.000000 0.992509 0.000000 -0.122172 0.556391 0.556391 0.556391
7857.665039 0.000000 556.557251 0.000000 0.998348 0.000000 -0.057449 0.555762 0.555762 0.555762
7859.492676 0.000000 555.334717 0.000000 0.616364 0.000000 0.787461 0.461608 0.461608 0.461608
7858.921875 0.000000 551.963440 0.000000 0.980343 0.000000 0.197299 0.530638 0.530638 0.530638
7855.755371 0.000000 554.251221 0.000000 0.607063 0.000000 0.794654 0.454156 0.454156 0.454156
7880.995605 0.000000 582.716919 0.000000 0.830799 0.000000 0.556573 0.541085 0.541085 0.541085
7875.910156 0.000000 581.908325 0.000000 0.893884 0.000000 0.448298 0.525745 0.525745 0.525745
7899.752441 0.000000 607.397583 0.000000 0.817925 0.000000 0.575325 0.534007 0.534007 0.534007
7900.369629 0.000000 593.961121 0.000000 0.614718 0.000000 0.788747 0.508822 0.508822 0.508822
7908.956055 0.000000 607.810913 0.000000 0.950528 0.000000 0.310638 0.539157 0.539157 0.539157
7904.854980 0.000000 592.502686 0.000000 0.900299 0.000000 0.435271 0.529594 0.529594 0.529594
7870.693359 0.000000 577.264038 0.000000 0.811873 0.000000 0.583834 0.520894 0.520894 0.520894
7880.485352 0.000000 576.635254 0.000000 0.841068 0.000000 0.540929 0.520178 0.520178 0.520178
7903.893555 0.000000 619.975952 0.000000 0.998825 0.000000 0.048459 0.547471 0.547471 0.547471
7908.176270 0.000000 618.104736 0.000000 0.991328 0.000000 -0.131413 0.557601 0.557601 0.557601
7910.448730 0.000000 621.295349 0.000000 0.489776 0.000000 0.871849 0.439491 0.439491 0.439491
7906.190918 0.000000 620.250732 0.000000 0.996816 0.000000 0.079742 0.541670 0.541670 0.541670
7907.520996 0.000000 623.529968 0.000000 0.989799 0.000000 0.142474 0.535081 0.535081 0.535081
"}
object={
	name="tree_swamp_01_generator_1_3"
	render_pass=Map
	clamp_to_water_level=no
	generated_content=yes
	layer="tree_high_layer"
	pdxmesh="tree_swamp_01_d_mesh"
	count=2828
	transform="4024.046631 0.000000 283.657593 0.000000 0.113984 0.000000 -0.993483 0.674001 0.674001 0.674001
4027.944580 0.000000 265.409485 0.000000 0.344683 0.000000 -0.938719 0.578452 0.578452 0.578452
3995.064209 0.000000 232.829132 0.000000 0.673441 0.000000 -0.739241 0.629964 0.629964 0.629964
3989.831787 0.000000 229.900208 0.000000 0.108884 0.000000 -0.994054 0.614226 0.614226 0.614226
4029.521729 0.000000 279.233826 0.000000 0.609601 0.000000 -0.792709 0.577648 0.577648 0.577648
3995.679688 0.000000 238.224777 0.000000 0.457196 0.000000 -0.889366 0.766700 0.766700 0.766700
4022.777832 0.000000 245.341187 0.000000 0.331717 0.000000 -0.943379 0.588929 0.588929 0.588929
4022.108643 0.000000 287.721680 0.000000 0.168116 0.000000 -0.985767 0.692444 0.692444 0.692444
4025.549316 0.000000 253.742493 0.000000 0.517794 0.000000 -0.855506 0.635981 0.635981 0.635981
3991.815430 0.000000 226.422028 0.000000 0.020803 0.000000 -0.999784 0.707494 0.707494 0.707494
4029.918213 0.000000 274.237640 0.000000 0.362574 0.000000 -0.931955 0.671908 0.671908 0.671908
4020.840576 0.000000 282.017639 0.000000 0.971488 0.000000 -0.237089 0.574322 0.574322 0.574322
3985.938721 0.000000 235.731537 0.000000 0.719376 0.000000 -0.694621 0.623808 0.623808 0.623808
4021.868408 0.000000 259.438232 0.000000 0.981495 0.000000 -0.191488 0.555820 0.555820 0.555820
4025.464600 0.000000 286.770508 0.000000 0.933472 0.000000 -0.358649 0.562592 0.562592 0.562592
4024.817627 0.000000 271.638062 0.000000 0.860718 0.000000 -0.509082 0.599871 0.599871 0.599871
3994.549316 0.000000 218.041565 0.000000 0.599022 0.000000 -0.800733 0.627772 0.627772 0.627772
4022.652832 0.000000 256.013885 0.000000 0.953330 0.000000 -0.301930 0.581165 0.581165 0.581165
3997.527832 0.000000 236.058411 0.000000 0.592037 0.000000 -0.805911 0.645230 0.645230 0.645230
4020.053223 0.000000 279.322388 0.000000 0.486833 0.000000 -0.873495 0.630228 0.630228 0.630228
3987.840820 0.000000 238.641327 0.000000 0.696659 0.000000 -0.717402 0.618111 0.618111 0.618111
4025.879883 0.000000 260.555481 0.000000 0.850156 0.000000 -0.526531 0.595684 0.595684 0.595684
4023.323242 0.000000 275.863037 0.000000 0.959413 0.000000 -0.282006 0.567665 0.567665 0.567665
4021.708252 0.000000 285.075958 0.000000 0.921805 0.000000 -0.387653 0.590449 0.590449 0.590449
3995.640625 0.000000 240.812744 0.000000 0.157677 0.000000 -0.987491 0.773037 0.773037 0.773037
4028.896240 0.000000 276.691589 0.000000 0.546237 0.000000 -0.837630 0.608626 0.608626 0.608626
4027.458252 0.000000 272.976288 0.000000 0.820545 0.000000 -0.571582 0.611823 0.611823 0.611823
4020.363525 0.000000 246.636276 0.000000 0.568071 0.000000 -0.822979 0.648219 0.648219 0.648219
4021.473145 0.000000 251.179810 0.000000 0.976844 0.000000 -0.213951 0.571909 0.571909 0.571909
3984.218750 0.000000 234.341644 0.000000 0.599035 0.000000 -0.800723 0.639245 0.639245 0.639245
3988.011230 0.000000 231.136932 0.000000 0.176802 0.000000 -0.984246 0.720240 0.720240 0.720240
3997.787109 0.000000 225.405594 0.000000 0.147392 0.000000 -0.989078 0.673086 0.673086 0.673086
3991.628174 0.000000 228.738785 0.000000 0.106119 0.000000 -0.994353 0.728968 0.728968 0.728968
4023.629883 0.000000 285.810181 0.000000 0.981853 0.000000 -0.189644 0.569387 0.569387 0.569387
3985.830566 0.000000 237.977417 0.000000 0.904694 0.000000 -0.426062 0.592305 0.592305 0.592305
3987.840820 0.000000 236.504120 0.000000 0.193385 0.000000 -0.981123 0.689833 0.689833 0.689833
3990.889404 0.000000 241.934174 0.000000 0.200138 0.000000 -0.979768 0.689134 0.689134 0.689134
4024.957520 0.000000 279.174286 0.000000 0.259615 0.000000 -0.965712 0.729625 0.729625 0.729625
3995.437500 0.000000 228.284515 0.000000 0.926694 0.000000 -0.375816 0.589148 0.589148 0.589148
3984.269775 0.000000 236.722855 0.000000 0.221263 0.000000 -0.975214 0.679536 0.679536 0.679536
4025.114746 0.000000 276.531616 0.000000 0.809745 0.000000 -0.586782 0.613717 0.613717 0.613717
3986.327881 0.000000 233.816711 0.000000 0.636833 0.000000 -0.771002 0.639458 0.639458 0.639458
3993.668213 0.000000 240.446457 0.000000 0.956291 0.000000 -0.292416 0.588302 0.588302 0.588302
3989.612305 0.000000 238.425674 0.000000 0.042667 0.000000 -0.999089 0.738843 0.738843 0.738843
3994.778320 0.000000 239.428360 0.000000 0.958544 0.000000 -0.284945 0.607133 0.607133 0.607133
4030.086426 0.000000 292.597351 0.000000 0.825240 0.000000 -0.564782 0.610983 0.610983 0.610983
4027.766113 0.000000 295.855896 0.000000 0.938203 0.000000 -0.346084 0.560190 0.560190 0.560190
4030.412354 0.000000 289.911041 0.000000 0.779737 0.000000 -0.626107 0.605738 0.605738 0.605738
4029.993408 0.000000 295.056793 0.000000 0.607858 0.000000 -0.794045 0.615506 0.615506 0.615506
4032.664551 0.000000 288.566376 0.000000 0.386117 0.000000 -0.922450 0.577413 0.577413 0.577413
4031.601562 0.000000 292.929688 0.000000 0.187757 0.000000 -0.982215 0.690416 0.690416 0.690416
4033.676514 0.000000 291.196533 0.000000 0.981929 0.000000 -0.189251 0.563333 0.563333 0.563333
4042.106201 0.000000 318.111572 0.000000 0.115140 0.000000 -0.993349 0.623941 0.623941 0.623941
4049.103271 0.000000 317.776031 0.000000 0.241298 0.000000 -0.970451 0.652045 0.652045 0.652045
4042.717041 0.000000 314.914703 0.000000 0.041680 0.000000 -0.999131 0.791456 0.791456 0.791456
4041.689697 0.000000 311.001984 0.000000 0.263884 0.000000 -0.964554 0.682473 0.682473 0.682473
4044.936768 0.000000 318.488861 0.000000 0.114690 0.000000 -0.993401 0.691931 0.691931 0.691931
4454.062012 0.000000 95.752922 0.000000 0.815771 0.000000 -0.578375 0.582180 0.582180 0.582180
4458.896484 0.000000 91.591766 0.000000 0.860840 0.000000 -0.508877 0.577857 0.577857 0.577857
4388.625000 0.000000 164.756912 0.000000 0.457445 0.000000 -0.889238 0.607170 0.607170 0.607170
4385.510254 0.000000 157.758118 0.000000 0.341868 0.000000 -0.939748 0.613756 0.613756 0.613756
4388.795898 0.000000 160.454407 0.000000 0.824053 0.000000 -0.566512 0.581425 0.581425 0.581425
4389.878906 0.000000 178.253265 0.000000 0.478805 0.000000 -0.877921 0.605909 0.605909 0.605909
4390.329590 0.000000 171.452515 0.000000 0.907885 0.000000 -0.419218 0.572571 0.572571 0.572571
4432.227051 0.000000 140.803345 0.000000 0.199552 0.000000 -0.979887 0.621478 0.621478 0.621478
4451.474121 0.000000 145.576523 0.000000 0.724836 0.000000 -0.688922 0.589655 0.589655 0.589655
4408.306152 0.000000 168.429535 0.000000 0.966264 0.000000 -0.257552 0.563592 0.563592 0.563592
4445.752930 0.000000 131.184235 0.000000 0.865094 0.000000 -0.501609 0.577417 0.577417 0.577417
4391.718750 0.000000 161.314163 0.000000 0.912474 0.000000 -0.409135 0.571993 0.571993 0.571993
4431.021484 0.000000 106.963867 0.000000 0.676907 0.000000 -0.736068 0.562495 0.562495 0.562495
4450.152832 0.000000 105.866493 0.000000 0.172645 0.000000 -0.984984 0.563430 0.563430 0.563430
4416.638672 0.000000 165.305542 0.000000 0.109427 0.000000 -0.993995 0.626240 0.626240 0.626240
4437.316406 0.000000 115.837479 0.000000 0.860323 0.000000 -0.509749 0.577910 0.577910 0.577910
4458.895020 0.000000 120.246857 0.000000 0.066483 0.000000 -0.997788 0.628489 0.628489 0.628489
4454.275879 0.000000 131.330444 0.000000 0.474713 0.000000 -0.880141 0.606152 0.606152 0.606152
4404.141602 0.000000 173.487717 0.000000 0.591785 0.000000 -0.806096 0.598918 0.598918 0.598918
4424.835938 0.000000 146.237854 0.000000 0.940903 0.000000 -0.338676 0.568028 0.568028 0.568028
4445.926758 0.000000 124.103226 0.000000 0.195620 0.000000 -0.980680 0.670737 0.670737 0.670737
4408.400391 0.000000 152.850983 0.000000 0.806967 0.000000 -0.590597 0.582966 0.582966 0.582966
4414.168945 0.000000 171.020691 0.000000 0.900283 0.000000 -0.435304 0.573500 0.573500 0.573500
4409.575195 0.000000 182.370941 0.000000 0.803936 0.000000 -0.594716 0.583233 0.583233 0.583233
4437.215820 0.000000 161.131027 0.000000 0.166010 0.000000 -0.986124 0.623258 0.623258 0.623258
4396.986816 0.000000 157.718048 0.000000 0.103515 0.000000 -0.994628 0.626550 0.626550 0.626550
4401.051758 0.000000 185.649170 0.000000 0.497691 0.000000 -0.867354 0.604780 0.604780 0.604780
4425.595215 0.000000 108.649361 0.000000 0.534148 0.000000 -0.845391 0.588727 0.588727 0.588727
4431.910156 0.000000 134.047409 0.000000 0.782615 0.000000 -0.622505 0.585060 0.585060 0.585060
4431.850586 0.000000 146.149841 0.000000 0.090991 0.000000 -0.995852 0.655651 0.655651 0.655651
4443.859863 0.000000 153.994080 0.000000 0.968431 0.000000 -0.249282 0.563146 0.563146 0.563146
4406.188965 0.000000 157.430130 0.000000 0.977530 0.000000 -0.210796 0.561082 0.561082 0.561082
4427.632812 0.000000 142.240402 0.000000 0.101236 0.000000 -0.994862 0.626669 0.626669 0.626669
4429.063965 0.000000 123.892982 0.000000 0.976173 0.000000 -0.216996 0.561413 0.561413 0.561413
4440.292969 0.000000 150.710358 0.000000 0.138120 0.000000 -0.990416 0.624731 0.624731 0.624731
4449.820312 0.000000 133.537323 0.000000 0.472620 0.000000 -0.881266 0.606276 0.606276 0.606276
4393.080566 0.000000 165.671082 0.000000 0.895462 0.000000 -0.445138 0.574071 0.574071 0.574071
4416.171875 0.000000 176.641815 0.000000 0.919915 0.000000 -0.392118 0.571024 0.571024 0.571024
4426.655762 0.000000 168.238525 0.000000 0.068573 0.000000 -0.997646 0.628380 0.628380 0.628380
4413.825684 0.000000 180.398071 0.000000 0.806267 0.000000 -0.591552 0.583028 0.583028 0.583028
4410.125977 0.000000 142.476578 0.000000 0.955776 0.000000 -0.294097 0.565576 0.565576 0.565576
4457.502441 0.000000 157.758118 0.000000 0.586030 0.000000 -0.810289 0.648579 0.648579 0.648579
4414.411621 0.000000 147.154877 0.000000 0.970492 0.000000 -0.241135 0.562707 0.562707 0.562707
4431.868164 0.000000 129.891937 0.000000 0.543803 0.000000 -0.839213 0.601960 0.601960 0.601960
4404.205078 0.000000 190.998932 0.000000 0.027605 0.000000 -0.999619 0.641115 0.641115 0.641115
4423.768555 0.000000 130.437653 0.000000 0.597056 0.000000 -0.802199 0.598576 0.598576 0.598576
4447.088379 0.000000 164.765076 0.000000 0.851482 0.000000 -0.524383 0.584865 0.584865 0.584865
4419.962402 0.000000 184.173340 0.000000 0.434084 0.000000 -0.900872 0.608532 0.608532 0.608532
4434.961426 0.000000 169.455704 0.000000 0.610738 0.000000 -0.791833 0.597680 0.597680 0.597680
4414.206055 0.000000 120.795341 0.000000 0.762410 0.000000 -0.647094 0.584788 0.584788 0.584788
4434.810547 0.000000 156.325607 0.000000 0.219229 0.000000 -0.975673 0.620428 0.620428 0.620428
4399.637207 0.000000 178.989807 0.000000 0.133338 0.000000 -0.991071 0.624983 0.624983 0.624983
4404.169434 0.000000 124.577682 0.000000 0.940379 0.000000 -0.340129 0.558578 0.558578 0.558578
4453.263672 0.000000 157.418015 0.000000 0.961368 0.000000 -0.275266 0.564551 0.564551 0.564551
4461.838867 0.000000 123.249062 0.000000 0.630356 0.000000 -0.776306 0.596375 0.596375 0.596375
4447.647461 0.000000 146.438538 0.000000 0.430144 0.000000 -0.902761 0.608760 0.608760 0.608760
4444.744629 0.000000 114.039185 0.000000 0.845043 0.000000 -0.534698 0.579436 0.579436 0.579436
4461.566895 0.000000 136.102859 0.000000 0.397030 0.000000 -0.917806 0.610658 0.610658 0.610658
4439.043457 0.000000 143.010544 0.000000 0.907949 0.000000 -0.419080 0.584439 0.584439 0.584439
4408.338379 0.000000 135.333298 0.000000 0.493173 0.000000 -0.869931 0.583320 0.583320 0.583320
4423.041504 0.000000 172.196075 0.000000 0.654271 0.000000 -0.756260 0.594747 0.594747 0.594747
4432.438477 0.000000 122.496765 0.000000 0.915760 0.000000 -0.401725 0.571570 0.571570 0.571570
4423.255371 0.000000 137.411285 0.000000 0.043514 0.000000 -0.999053 0.629690 0.629690 0.629690
4459.719238 0.000000 103.887123 0.000000 0.921671 0.000000 -0.387971 0.570789 0.570789 0.570789
4452.105957 0.000000 153.123718 0.000000 0.650341 0.000000 -0.759643 0.595017 0.595017 0.595017
4452.793945 0.000000 186.033264 0.000000 0.957149 0.000000 -0.289596 0.565330 0.565330 0.565330
4456.563477 0.000000 110.209381 0.000000 0.922184 0.000000 -0.386752 0.571811 0.571811 0.571811
4405.022949 0.000000 154.018356 0.000000 0.186711 0.000000 -0.982415 0.601272 0.601272 0.601272
4417.892090 0.000000 139.747162 0.000000 0.442819 0.000000 -0.896611 0.608025 0.608025 0.608025
4437.755371 0.000000 112.342636 0.000000 0.764755 0.000000 -0.644321 0.586532 0.586532 0.586532
4439.070312 0.000000 136.691406 0.000000 0.864476 0.000000 -0.502675 0.577482 0.577482 0.577482
4394.533203 0.000000 190.643555 0.000000 0.807195 0.000000 -0.590285 0.582946 0.582946 0.582946
4451.311035 0.000000 115.406815 0.000000 0.147792 0.000000 -0.989018 0.624221 0.624221 0.624221
4457.417969 0.000000 190.786133 0.000000 0.292274 0.000000 -0.956335 0.616485 0.616485 0.616485
4399.111816 0.000000 139.908722 0.000000 0.398577 0.000000 -0.917135 0.597818 0.597818 0.597818
4411.646973 0.000000 154.572388 0.000000 0.366231 0.000000 -0.930524 0.612396 0.612396 0.612396
4395.111328 0.000000 160.632996 0.000000 0.420382 0.000000 -0.907347 0.609323 0.609323 0.609323
4426.035156 0.000000 152.688858 0.000000 0.872738 0.000000 -0.488188 0.576611 0.576611 0.576611
4413.248535 0.000000 143.905823 0.000000 0.243610 0.000000 -0.969873 0.619121 0.619121 0.619121
4420.167969 0.000000 165.604111 0.000000 0.819902 0.000000 -0.572505 0.581805 0.581805 0.581805
4399.837891 0.000000 172.273880 0.000000 0.219691 0.000000 -0.975569 0.620404 0.620404 0.620404
4445.711426 0.000000 139.457169 0.000000 0.390751 0.000000 -0.920496 0.611014 0.611014 0.611014
4443.194824 0.000000 122.026176 0.000000 0.911712 0.000000 -0.410830 0.582554 0.582554 0.582554
4417.229492 0.000000 126.693085 0.000000 0.936909 0.000000 -0.349573 0.568633 0.568633 0.568633
4454.866699 0.000000 145.914246 0.000000 0.274093 0.000000 -0.961703 0.617474 0.617474 0.617474
4429.596191 0.000000 173.204437 0.000000 0.754095 0.000000 -0.656765 0.587387 0.587387 0.587387
4400.458008 0.000000 182.405685 0.000000 0.892319 0.000000 -0.451405 0.574437 0.574437 0.574437
4405.897949 0.000000 170.705139 0.000000 0.339074 0.000000 -0.940760 0.613911 0.613911 0.613911
4446.765625 0.000000 182.941925 0.000000 0.756994 0.000000 -0.653422 0.588133 0.588133 0.588133
4425.427246 0.000000 139.908447 0.000000 0.006670 0.000000 -0.999978 0.631613 0.631613 0.631613
4455.626953 0.000000 113.512062 0.000000 0.786946 0.000000 -0.617022 0.584696 0.584696 0.584696
4425.896973 0.000000 149.436325 0.000000 0.804232 0.000000 -0.594315 0.583207 0.583207 0.583207
4398.682129 0.000000 154.962997 0.000000 0.875307 0.000000 -0.483568 0.576336 0.576336 0.576336
4458.497070 0.000000 123.475266 0.000000 0.271008 0.000000 -0.962577 0.617641 0.617641 0.617641
4406.538086 0.000000 181.041077 0.000000 0.887488 0.000000 -0.460830 0.574990 0.574990 0.574990
4414.453613 0.000000 157.788467 0.000000 0.740430 0.000000 -0.672134 0.588460 0.588460 0.588460
4417.713379 0.000000 162.318726 0.000000 0.529768 0.000000 -0.848143 0.602829 0.602829 0.602829
4462.258301 0.000000 186.304504 0.000000 0.487060 0.000000 -0.873368 0.593750 0.593750 0.593750
4445.009277 0.000000 144.649719 0.000000 0.716298 0.000000 -0.697794 0.590298 0.590298 0.590298
4420.095703 0.000000 137.337234 0.000000 0.065860 0.000000 -0.997829 0.628522 0.628522 0.628522
4448.916992 0.000000 125.261276 0.000000 0.860543 0.000000 -0.509377 0.591831 0.591831 0.591831
4458.571777 0.000000 154.908447 0.000000 0.105505 0.000000 -0.994419 0.702891 0.702891 0.702891
4458.457031 0.000000 140.348038 0.000000 0.802675 0.000000 -0.596417 0.583343 0.583343 0.583343
4412.189453 0.000000 184.007431 0.000000 0.763157 0.000000 -0.646213 0.586661 0.586661 0.586661
4427.202637 0.000000 171.220581 0.000000 0.859702 0.000000 -0.510797 0.577973 0.577973 0.577973
4414.896484 0.000000 133.930786 0.000000 0.008102 0.000000 -0.999967 0.631538 0.631538 0.631538
4423.500977 0.000000 126.990685 0.000000 0.952998 0.000000 -0.302975 0.566061 0.566061 0.566061
4438.849609 0.000000 131.042084 0.000000 0.940895 0.000000 -0.338698 0.568029 0.568029 0.568029
4430.547852 0.000000 143.443604 0.000000 0.499057 0.000000 -0.866569 0.604697 0.604697 0.604697
4449.439453 0.000000 158.615738 0.000000 0.459816 0.000000 -0.888014 0.607031 0.607031 0.607031
4458.896484 0.000000 187.576141 0.000000 0.551345 0.000000 -0.834278 0.601490 0.601490 0.601490
4462.076172 0.000000 130.104660 0.000000 0.830103 0.000000 -0.557610 0.580863 0.580863 0.580863
4432.641113 0.000000 167.714966 0.000000 0.923097 0.000000 -0.384566 0.570597 0.570597 0.570597
4442.193848 0.000000 148.312881 0.000000 0.167962 0.000000 -0.985793 0.623155 0.623155 0.623155
4400.529785 0.000000 162.934906 0.000000 0.316287 0.000000 -0.948664 0.615169 0.615169 0.615169
4441.047363 0.000000 153.530533 0.000000 0.081993 0.000000 -0.996633 0.627678 0.627678 0.627678
4451.971680 0.000000 148.394089 0.000000 0.707038 0.000000 -0.707176 0.590986 0.590986 0.590986
4423.959473 0.000000 161.595062 0.000000 0.302205 0.000000 -0.953243 0.615942 0.615942 0.615942
4463.273926 0.000000 151.944855 0.000000 0.660841 0.000000 -0.750526 0.594292 0.594292 0.594292
4414.072754 0.000000 137.586182 0.000000 0.951360 0.000000 -0.308082 0.566341 0.566341 0.566341
4419.793945 0.000000 142.656952 0.000000 0.189189 0.000000 -0.981941 0.622029 0.622029 0.622029
4396.541992 0.000000 171.268219 0.000000 0.588654 0.000000 -0.808385 0.599120 0.599120 0.599120
4442.205566 0.000000 156.253052 0.000000 0.604971 0.000000 -0.796248 0.598059 0.598059 0.598059
4443.395996 0.000000 151.288605 0.000000 0.893331 0.000000 -0.449400 0.574320 0.574320 0.574320
4426.351562 0.000000 181.792007 0.000000 0.233293 0.000000 -0.972407 0.619675 0.619675 0.619675
4411.238281 0.000000 124.802216 0.000000 0.505246 0.000000 -0.862976 0.604324 0.604324 0.604324
4449.927246 0.000000 143.182343 0.000000 0.962933 0.000000 -0.269739 0.564251 0.564251 0.564251
4398.567383 0.000000 184.396851 0.000000 0.396795 0.000000 -0.917907 0.610671 0.610671 0.610671
4418.050781 0.000000 147.496765 0.000000 0.365078 0.000000 -0.930977 0.612461 0.612461 0.612461
4393.896484 0.000000 163.060608 0.000000 0.367084 0.000000 -0.930188 0.612349 0.612349 0.612349
4409.493652 0.000000 165.045517 0.000000 0.973064 0.000000 -0.230536 0.562138 0.562138 0.562138
4434.558105 0.000000 146.498169 0.000000 0.278096 0.000000 -0.960553 0.634956 0.634956 0.634956
4423.251953 0.000000 159.053497 0.000000 0.144231 0.000000 -0.989544 0.624409 0.624409 0.624409
4394.232422 0.000000 157.876144 0.000000 0.628299 0.000000 -0.777972 0.596513 0.596513 0.596513
4460.196777 0.000000 143.446564 0.000000 0.347580 0.000000 -0.937651 0.620116 0.620116 0.620116
4453.661133 0.000000 189.091568 0.000000 0.864169 0.000000 -0.503202 0.577513 0.577513 0.577513
4448.268555 0.000000 140.054047 0.000000 0.405131 0.000000 -0.914258 0.610196 0.610196 0.610196
4448.574219 0.000000 130.885773 0.000000 0.807451 0.000000 -0.589934 0.582923 0.582923 0.582923
4459.353516 0.000000 109.977676 0.000000 0.223259 0.000000 -0.974759 0.623908 0.623908 0.623908
4420.292480 0.000000 151.607285 0.000000 0.710916 0.000000 -0.703277 0.590699 0.590699 0.590699
4427.141113 0.000000 184.340454 0.000000 0.496506 0.000000 -0.868033 0.604851 0.604851 0.604851
4408.971191 0.000000 175.625397 0.000000 0.754153 0.000000 -0.656699 0.587382 0.587382 0.587382
4424.592773 0.000000 169.933914 0.000000 0.978283 0.000000 -0.207276 0.560894 0.560894 0.560894
4462.365723 0.000000 97.942276 0.000000 0.311984 0.000000 -0.950087 0.615406 0.615406 0.615406
4416.696289 0.000000 179.195099 0.000000 0.936169 0.000000 -0.351550 0.568744 0.568744 0.568744
4427.593750 0.000000 144.828369 0.000000 0.600555 0.000000 -0.799584 0.598348 0.598348 0.598348
4436.320312 0.000000 153.895691 0.000000 0.938247 0.000000 -0.345965 0.569403 0.569403 0.569403
4402.955078 0.000000 183.253220 0.000000 0.254220 0.000000 -0.967146 0.618549 0.618549 0.618549
4435.312500 0.000000 159.316345 0.000000 0.060972 0.000000 -0.998140 0.628778 0.628778 0.628778
4423.519043 0.000000 148.455261 0.000000 0.519216 0.000000 -0.854643 0.603475 0.603475 0.603475
4441.428223 0.000000 120.167389 0.000000 0.983780 0.000000 -0.179380 0.559411 0.559411 0.559411
4442.719238 0.000000 143.172089 0.000000 0.885646 0.000000 -0.464361 0.580502 0.580502 0.580502
4431.788574 0.000000 151.906464 0.000000 0.011287 0.000000 -0.999936 0.663492 0.663492 0.663492
4439.068848 0.000000 145.622330 0.000000 0.961574 0.000000 -0.274544 0.572149 0.572149 0.572149
4430.211914 0.000000 187.537689 0.000000 0.739101 0.000000 -0.673595 0.633214 0.633214 0.633214
4436.342773 0.000000 180.025024 0.000000 0.698173 0.000000 -0.715929 0.612453 0.612453 0.612453
4447.699219 0.000000 118.401123 0.000000 0.675562 0.000000 -0.737303 0.612612 0.612612 0.612612
4450.896973 0.000000 168.491394 0.000000 0.984552 0.000000 -0.175095 0.568367 0.568367 0.568367
4430.079590 0.000000 148.892975 0.000000 0.714286 0.000000 -0.699854 0.609607 0.609607 0.609607
4433.195801 0.000000 190.874756 0.000000 0.781525 0.000000 -0.623873 0.620303 0.620303 0.620303
4455.634766 0.000000 173.719299 0.000000 0.880181 0.000000 -0.474637 0.601609 0.601609 0.601609
4437.335449 0.000000 178.080200 0.000000 0.941536 0.000000 -0.336911 0.578311 0.578311 0.578311
4460.857422 0.000000 154.576019 0.000000 0.471473 0.000000 -0.881881 0.659722 0.659722 0.659722
4441.216309 0.000000 186.028015 0.000000 0.908367 0.000000 -0.418175 0.595023 0.595023 0.595023
4444.187012 0.000000 125.214233 0.000000 0.001605 0.000000 -0.999999 0.687898 0.687898 0.687898
4463.121582 0.000000 143.971634 0.000000 0.075519 0.000000 -0.997144 0.706033 0.706033 0.706033
4462.752930 0.000000 180.058929 0.000000 0.564093 0.000000 -0.825712 0.651378 0.651378 0.651378
4451.185059 0.000000 173.354065 0.000000 0.368915 0.000000 -0.929463 0.674492 0.674492 0.674492
4446.568359 0.000000 191.817825 0.000000 0.968795 0.000000 -0.247862 0.574075 0.574075 0.574075
4447.954102 0.000000 123.656166 0.000000 0.477948 0.000000 -0.878388 0.664865 0.664865 0.664865
4445.158203 0.000000 122.445053 0.000000 0.533438 0.000000 -0.845839 0.657973 0.657973 0.657973
4446.167969 0.000000 189.728943 0.000000 0.528266 0.000000 -0.849079 0.655842 0.655842 0.655842
4441.162598 0.000000 189.465271 0.000000 0.984542 0.000000 -0.175146 0.568131 0.568131 0.568131
4432.690918 0.000000 184.130188 0.000000 0.309578 0.000000 -0.950874 0.706946 0.706946 0.706946
4465.205078 0.000000 91.412659 0.000000 0.494122 0.000000 -0.869393 0.604994 0.604994 0.604994
4472.038574 0.000000 95.438484 0.000000 0.855828 0.000000 -0.517260 0.578366 0.578366 0.578366
4511.130371 0.000000 93.512413 0.000000 0.896690 0.000000 -0.442659 0.573927 0.573927 0.573927
4499.847656 0.000000 90.937088 0.000000 0.807848 0.000000 -0.589391 0.582888 0.582888 0.582888
4483.769531 0.000000 91.961777 0.000000 0.963613 0.000000 -0.267302 0.564119 0.564119 0.564119
4485.817871 0.000000 84.413689 0.000000 0.258662 0.000000 -0.965968 0.593143 0.593143 0.593143
4496.413574 0.000000 92.666672 0.000000 0.971807 0.000000 -0.235779 0.562419 0.562419 0.562419
4507.590332 0.000000 94.687828 0.000000 0.829217 0.000000 -0.558926 0.580946 0.580946 0.580946
4466.525391 0.000000 94.659164 0.000000 0.544691 0.000000 -0.838637 0.601905 0.601905 0.601905
4502.984863 0.000000 89.275551 0.000000 0.445874 0.000000 -0.895096 0.594146 0.594146 0.594146
4481.030762 0.000000 89.713699 0.000000 0.149389 0.000000 -0.988778 0.624137 0.624137 0.624137
4502.343750 0.000000 94.802437 0.000000 0.797753 0.000000 -0.602985 0.583771 0.583771 0.583771
4484.181641 0.000000 88.023048 0.000000 0.420232 0.000000 -0.907417 0.609331 0.609331 0.609331
4489.838867 0.000000 90.061874 0.000000 0.914459 0.000000 -0.404680 0.571739 0.571739 0.571739
4513.660156 0.000000 99.600800 0.000000 0.969560 0.000000 -0.244854 0.562907 0.562907 0.562907
4464.617676 0.000000 96.597595 0.000000 0.520451 0.000000 -0.853891 0.603400 0.603400 0.603400
4497.649902 0.000000 163.937927 0.000000 0.843673 0.000000 -0.536858 0.571010 0.571010 0.571010
4503.086426 0.000000 177.938354 0.000000 0.358686 0.000000 -0.933458 0.612819 0.612819 0.612819
4529.873047 0.000000 178.875473 0.000000 0.846481 0.000000 -0.532418 0.560022 0.560022 0.560022
4492.297363 0.000000 107.956039 0.000000 0.678042 0.000000 -0.735024 0.593083 0.593083 0.593083
4472.038574 0.000000 191.422867 0.000000 0.758268 0.000000 -0.651943 0.587054 0.587054 0.587054
4509.308594 0.000000 115.837479 0.000000 0.933493 0.000000 -0.358595 0.569137 0.569137 0.569137
4467.025879 0.000000 103.848251 0.000000 0.951038 0.000000 -0.309073 0.566395 0.566395 0.566395
4525.494629 0.000000 173.061691 0.000000 0.303617 0.000000 -0.952794 0.615865 0.615865 0.615865
4496.828125 0.000000 146.237854 0.000000 0.972362 0.000000 -0.233478 0.574592 0.574592 0.574592
4467.690430 0.000000 147.520401 0.000000 0.954330 0.000000 -0.298755 0.581660 0.581660 0.581660
4473.043945 0.000000 185.649170 0.000000 0.294940 0.000000 -0.955516 0.616339 0.616339 0.616339
4533.438477 0.000000 189.333923 0.000000 0.185818 0.000000 -0.982584 0.783728 0.783728 0.783728
4472.147949 0.000000 111.206467 0.000000 0.232156 0.000000 -0.972679 0.619736 0.619736 0.619736
4514.762207 0.000000 118.017944 0.000000 0.838482 0.000000 -0.544930 0.580070 0.580070 0.580070
4497.587402 0.000000 108.649361 0.000000 0.831485 0.000000 -0.555548 0.561323 0.561323 0.561323
4516.466797 0.000000 190.625870 0.000000 0.799249 0.000000 -0.601000 0.624366 0.624366 0.624366
4517.381348 0.000000 179.826981 0.000000 0.963360 0.000000 -0.268212 0.564168 0.564168 0.564168
4515.852051 0.000000 153.994080 0.000000 0.689311 0.000000 -0.724466 0.592278 0.592278 0.592278
4499.879395 0.000000 155.789474 0.000000 0.282633 0.000000 -0.959228 0.617010 0.617010 0.617010
4497.448730 0.000000 119.193596 0.000000 0.409803 0.000000 -0.912174 0.589427 0.589427 0.589427
4499.625000 0.000000 142.240402 0.000000 0.356030 0.000000 -0.934475 0.612967 0.612967 0.612967
4501.053711 0.000000 182.297119 0.000000 0.813918 0.000000 -0.580979 0.582347 0.582347 0.582347
4526.940430 0.000000 182.846436 0.000000 0.044471 0.000000 -0.999011 0.650597 0.650597 0.650597
4520.936523 0.000000 172.280975 0.000000 0.941779 0.000000 -0.336232 0.567892 0.567892 0.567892
4509.821777 0.000000 96.469429 0.000000 0.674807 0.000000 -0.737994 0.593312 0.593312 0.593312
4513.408691 0.000000 171.456985 0.000000 0.702686 0.000000 -0.711501 0.591306 0.591306 0.591306
4483.989258 0.000000 97.503807 0.000000 0.965274 0.000000 -0.261241 0.563791 0.563791 0.563791
4478.770996 0.000000 119.086472 0.000000 0.984296 0.000000 -0.176525 0.559259 0.559259 0.559259
4513.144531 0.000000 113.474609 0.000000 0.713328 0.000000 -0.700830 0.590519 0.590519 0.590519
4478.886719 0.000000 108.214172 0.000000 0.984898 0.000000 -0.173138 0.559080 0.559080 0.559080
4463.554688 0.000000 100.960907 0.000000 0.894619 0.000000 -0.446829 0.574170 0.574170 0.574170
4488.164062 0.000000 176.641815 0.000000 0.608716 0.000000 -0.793388 0.597813 0.597813 0.597813
4498.647949 0.000000 168.238525 0.000000 0.940698 0.000000 -0.339244 0.568059 0.568059 0.568059
4526.054199 0.000000 191.737305 0.000000 0.980370 0.000000 -0.197165 0.573436 0.573436 0.573436
4498.000977 0.000000 159.679718 0.000000 0.235282 0.000000 -0.971927 0.584784 0.584784 0.584784
4468.454590 0.000000 134.471115 0.000000 0.981917 0.000000 -0.189314 0.561507 0.561507 0.561507
4507.366699 0.000000 177.178925 0.000000 0.892170 0.000000 -0.451700 0.574454 0.574454 0.574454
4514.041992 0.000000 165.878632 0.000000 0.280711 0.000000 -0.959792 0.617114 0.617114 0.617114
4532.492188 0.000000 152.503937 0.000000 0.152702 0.000000 -0.988272 0.697924 0.697924 0.697924
4524.540039 0.000000 141.626862 0.000000 0.338554 0.000000 -0.940947 0.652640 0.652640 0.652640
4470.837402 0.000000 115.157822 0.000000 0.691447 0.000000 -0.722427 0.600992 0.600992 0.600992
4486.403809 0.000000 147.154877 0.000000 0.956405 0.000000 -0.292043 0.580927 0.580927 0.580927
4472.320312 0.000000 147.334030 0.000000 0.897482 0.000000 -0.441051 0.597667 0.597667 0.597667
4519.080566 0.000000 164.765076 0.000000 0.948725 0.000000 -0.316102 0.566781 0.566781 0.566781
4489.477539 0.000000 104.796150 0.000000 0.920446 0.000000 -0.390869 0.570953 0.570953 0.570953
4506.802734 0.000000 156.325607 0.000000 0.052244 0.000000 -0.998634 0.629234 0.629234 0.629234
4529.023438 0.000000 116.653404 0.000000 0.780266 0.000000 -0.625448 0.585257 0.585257 0.585257
4525.255859 0.000000 157.418015 0.000000 0.317441 0.000000 -0.948278 0.644232 0.644232 0.644232
4503.375488 0.000000 154.340942 0.000000 0.908926 0.000000 -0.416957 0.572441 0.572441 0.572441
4475.723145 0.000000 96.486168 0.000000 0.983321 0.000000 -0.181877 0.559543 0.559543 0.559543
4505.558105 0.000000 116.915138 0.000000 0.480131 0.000000 -0.877197 0.599953 0.599953 0.599953
4484.712891 0.000000 131.784393 0.000000 0.942817 0.000000 -0.333311 0.560265 0.560265 0.560265
4518.354004 0.000000 106.622757 0.000000 0.380643 0.000000 -0.924722 0.580793 0.580793 0.580793
4525.112793 0.000000 169.122391 0.000000 0.793653 0.000000 -0.608371 0.584125 0.584125 0.584125
4530.155762 0.000000 184.760071 0.000000 0.176372 0.000000 -0.984324 0.714553 0.714553 0.714553
4502.628418 0.000000 137.446259 0.000000 0.305223 0.000000 -0.952281 0.615777 0.615777 0.615777
4495.033691 0.000000 172.196075 0.000000 0.836630 0.000000 -0.547768 0.580247 0.580247 0.580247
4484.594238 0.000000 103.924454 0.000000 0.583791 0.000000 -0.811904 0.599434 0.599434 0.599434
4495.247559 0.000000 137.411285 0.000000 0.910669 0.000000 -0.413136 0.572222 0.572222 0.572222
4519.619629 0.000000 161.100342 0.000000 0.731319 0.000000 -0.682036 0.589162 0.589162 0.589162
4517.836426 0.000000 119.968903 0.000000 0.769659 0.000000 -0.638456 0.586133 0.586133 0.586133
4477.015137 0.000000 154.018356 0.000000 0.094203 0.000000 -0.995553 0.602710 0.602710 0.602710
4509.747559 0.000000 112.342636 0.000000 0.018921 0.000000 -0.999821 0.630973 0.630973 0.630973
4499.984375 0.000000 105.240059 0.000000 0.964604 0.000000 -0.263703 0.563558 0.563558 0.563558
4467.842285 0.000000 185.055222 0.000000 0.782766 0.000000 -0.622316 0.583203 0.583203 0.583203
4471.757812 0.000000 165.772858 0.000000 0.666409 0.000000 -0.745586 0.593903 0.593903 0.593903
4523.303223 0.000000 115.406815 0.000000 0.022216 0.000000 -0.999753 0.630802 0.630802 0.630802
4534.496094 0.000000 113.076385 0.000000 0.744483 0.000000 -0.667642 0.588144 0.588144 0.588144
4529.410156 0.000000 190.786133 0.000000 0.084160 0.000000 -0.996452 0.725540 0.725540 0.725540
4484.943848 0.000000 114.232056 0.000000 0.012703 0.000000 -0.999919 0.631298 0.631298 0.631298
4483.639160 0.000000 154.572388 0.000000 0.580507 0.000000 -0.814256 0.599644 0.599644 0.599644
4485.240723 0.000000 143.905823 0.000000 0.146473 0.000000 -0.989215 0.698581 0.698581 0.698581
4510.283691 0.000000 100.184036 0.000000 0.189743 0.000000 -0.981834 0.622000 0.622000 0.622000
4504.274902 0.000000 149.534286 0.000000 0.240808 0.000000 -0.970573 0.619271 0.619271 0.619271
4515.187012 0.000000 122.026176 0.000000 0.050305 0.000000 -0.998734 0.629335 0.629335 0.629335
4501.588379 0.000000 173.204437 0.000000 0.705318 0.000000 -0.708891 0.591112 0.591112 0.591112
4518.757812 0.000000 182.941925 0.000000 0.860807 0.000000 -0.508932 0.577860 0.577860 0.577860
4528.762695 0.000000 175.653671 0.000000 0.464928 0.000000 -0.885348 0.606730 0.606730 0.606730
4475.443359 0.000000 187.878296 0.000000 0.590309 0.000000 -0.807177 0.596434 0.596434 0.596434
4497.419434 0.000000 139.908447 0.000000 0.706475 0.000000 -0.707738 0.591027 0.591027 0.591027
4527.619141 0.000000 113.512062 0.000000 0.879301 0.000000 -0.476266 0.575901 0.575901 0.575901
4520.645996 0.000000 169.085754 0.000000 0.915699 0.000000 -0.401864 0.571578 0.571578 0.571578
4501.928223 0.000000 127.030426 0.000000 0.414865 0.000000 -0.909883 0.609639 0.609639 0.609639
4494.382324 0.000000 144.024323 0.000000 0.693441 0.000000 -0.720513 0.633959 0.633959 0.633959
4477.403320 0.000000 105.068558 0.000000 0.862734 0.000000 -0.505658 0.577662 0.577662 0.577662
4478.530273 0.000000 181.041077 0.000000 0.189230 0.000000 -0.981933 0.622027 0.622027 0.622027
4533.993164 0.000000 119.646942 0.000000 0.213960 0.000000 -0.976842 0.620710 0.620710 0.620710
4481.030762 0.000000 185.698090 0.000000 0.944328 0.000000 -0.329005 0.567493 0.567493 0.567493
4475.385742 0.000000 148.157120 0.000000 0.047981 0.000000 -0.998848 0.679639 0.679639 0.679639
4486.445801 0.000000 157.788467 0.000000 0.926126 0.000000 -0.377215 0.570182 0.570182 0.570182
4481.400879 0.000000 149.912750 0.000000 0.975659 0.000000 -0.219293 0.571250 0.571250 0.571250
4494.299316 0.000000 186.331940 0.000000 0.900322 0.000000 -0.435225 0.573495 0.573495 0.573495
4534.313965 0.000000 171.452515 0.000000 0.733170 0.000000 -0.680045 0.589020 0.589020 0.589020
4488.789062 0.000000 181.863083 0.000000 0.876171 0.000000 -0.482001 0.576242 0.576242 0.576242
4500.182129 0.000000 176.813919 0.000000 0.707923 0.000000 -0.706290 0.590920 0.590920 0.590920
4505.854980 0.000000 179.897217 0.000000 0.981957 0.000000 -0.189104 0.559927 0.559927 0.559927
4467.467285 0.000000 128.308182 0.000000 0.985014 0.000000 -0.172474 0.559045 0.559045 0.559045
4480.417969 0.000000 159.712448 0.000000 0.403297 0.000000 -0.915069 0.610301 0.610301 0.610301
4534.597656 0.000000 167.477997 0.000000 0.981856 0.000000 -0.189629 0.559955 0.559955 0.559955
4530.563965 0.000000 154.908447 0.000000 0.491506 0.000000 -0.870874 0.660302 0.660302 0.660302
4484.181641 0.000000 184.007431 0.000000 0.892537 0.000000 -0.450974 0.574412 0.574412 0.574412
4509.335938 0.000000 151.497498 0.000000 0.125364 0.000000 -0.992111 0.625402 0.625402 0.625402
4506.573730 0.000000 132.032379 0.000000 0.418533 0.000000 -0.908202 0.668858 0.668858 0.668858
4492.956543 0.000000 99.099998 0.000000 0.883153 0.000000 -0.469086 0.575476 0.575476 0.575476
4523.556641 0.000000 175.402084 0.000000 0.156696 0.000000 -0.987647 0.623751 0.623751 0.623751
4467.184570 0.000000 116.007507 0.000000 0.071773 0.000000 -0.997421 0.648795 0.648795 0.648795
4516.034668 0.000000 108.655418 0.000000 0.891226 0.000000 -0.453560 0.574563 0.574563 0.574563
4530.888672 0.000000 187.576141 0.000000 0.430787 0.000000 -0.902453 0.695261 0.695261 0.695261
4521.971680 0.000000 118.019966 0.000000 0.960003 0.000000 -0.279989 0.564807 0.564807 0.564807
4474.240723 0.000000 145.036758 0.000000 0.518093 0.000000 -0.855324 0.650042 0.650042 0.650042
4464.720215 0.000000 119.554543 0.000000 0.397981 0.000000 -0.917394 0.624957 0.624957 0.624957
4499.854980 0.000000 100.970787 0.000000 0.469560 0.000000 -0.882900 0.606457 0.606457 0.606457
4471.267090 0.000000 105.927933 0.000000 0.355655 0.000000 -0.934617 0.612988 0.612988 0.612988
4472.521973 0.000000 162.934906 0.000000 0.914249 0.000000 -0.405152 0.571766 0.571766 0.571766
4472.241699 0.000000 158.106979 0.000000 0.521682 0.000000 -0.853140 0.603324 0.603324 0.603324
4515.391602 0.000000 111.439194 0.000000 0.340058 0.000000 -0.940405 0.613856 0.613856 0.613856
4487.865234 0.000000 142.752319 0.000000 0.882644 0.000000 -0.470043 0.601065 0.601065 0.601065
4467.242676 0.000000 150.566391 0.000000 0.211035 0.000000 -0.977479 0.671218 0.671218 0.671218
4464.893555 0.000000 184.512451 0.000000 0.978800 0.000000 -0.204820 0.560763 0.560763 0.560763
4521.667969 0.000000 163.498596 0.000000 0.684342 0.000000 -0.729161 0.592634 0.592634 0.592634
4500.735352 0.000000 158.814667 0.000000 0.966957 0.000000 -0.254939 0.562389 0.562389 0.562389
4479.104492 0.000000 101.647362 0.000000 0.228718 0.000000 -0.973493 0.619920 0.619920 0.619920
4487.060547 0.000000 97.342133 0.000000 0.642855 0.000000 -0.765988 0.595529 0.595529 0.595529
4470.559570 0.000000 184.396851 0.000000 0.497241 0.000000 -0.867612 0.604807 0.604807 0.604807
4465.888672 0.000000 163.060608 0.000000 0.221432 0.000000 -0.975176 0.620310 0.620310 0.620310
4465.629395 0.000000 99.227768 0.000000 0.260519 0.000000 -0.965469 0.618209 0.618209 0.618209
4479.641602 0.000000 110.910583 0.000000 0.688195 0.000000 -0.725526 0.592358 0.592358 0.592358
4467.278320 0.000000 109.969879 0.000000 0.453056 0.000000 -0.891482 0.622540 0.622540 0.622540
4517.315430 0.000000 116.949387 0.000000 0.721067 0.000000 -0.692865 0.589940 0.589940 0.589940
4527.859863 0.000000 119.326614 0.000000 0.737358 0.000000 -0.675502 0.588697 0.588697 0.588697
4492.404297 0.000000 104.846115 0.000000 0.523587 0.000000 -0.851972 0.603208 0.603208 0.603208
4493.395020 0.000000 125.275406 0.000000 0.026388 0.000000 -0.999652 0.636946 0.636946 0.636946
4505.675293 0.000000 185.686005 0.000000 0.787268 0.000000 -0.616611 0.587406 0.587406 0.587406
4503.818359 0.000000 181.579041 0.000000 0.335157 0.000000 -0.942162 0.614128 0.614128 0.614128
4477.536133 0.000000 160.016663 0.000000 0.473060 0.000000 -0.881030 0.606250 0.606250 0.606250
4499.133301 0.000000 184.340454 0.000000 0.980359 0.000000 -0.197221 0.560359 0.560359 0.560359
4506.744629 0.000000 139.873520 0.000000 0.578880 0.000000 -0.815413 0.641642 0.641642 0.641642
4520.096680 0.000000 179.199493 0.000000 0.317734 0.000000 -0.948180 0.615090 0.615090 0.615090
4474.059082 0.000000 126.142807 0.000000 0.916775 0.000000 -0.399404 0.592876 0.592876 0.592876
4481.197266 0.000000 119.998474 0.000000 0.455213 0.000000 -0.890383 0.607301 0.607301 0.607301
4516.754395 0.000000 166.179153 0.000000 0.252452 0.000000 -0.967609 0.618644 0.618644 0.618644
4499.585938 0.000000 144.828369 0.000000 0.208713 0.000000 -0.977977 0.620990 0.620990 0.620990
4466.920898 0.000000 106.549065 0.000000 0.952479 0.000000 -0.304603 0.569975 0.569975 0.569975
4472.125000 0.000000 117.397583 0.000000 0.942694 0.000000 -0.333657 0.567750 0.567750 0.567750
4495.511230 0.000000 148.455261 0.000000 0.961971 0.000000 -0.273153 0.578872 0.578872 0.578872
4494.245605 0.000000 191.079163 0.000000 0.404245 0.000000 -0.914651 0.670494 0.670494 0.670494
4472.395996 0.000000 129.758957 0.000000 0.620911 0.000000 -0.783881 0.644013 0.644013 0.644013
4535.360840 0.000000 154.467621 0.000000 0.917295 0.000000 -0.398208 0.592740 0.592740 0.592740
4496.020996 0.000000 121.605896 0.000000 0.476803 0.000000 -0.879010 0.650260 0.650260 0.650260
4478.561035 0.000000 129.674225 0.000000 0.757018 0.000000 -0.653394 0.624307 0.624307 0.624307
4465.915039 0.000000 181.172943 0.000000 0.455436 0.000000 -0.890268 0.664576 0.664576 0.664576
4527.158203 0.000000 185.259003 0.000000 0.310489 0.000000 -0.950577 0.632722 0.632722 0.632722
4484.277832 0.000000 148.349915 0.000000 0.292292 0.000000 -0.956329 0.682967 0.682967 0.682967
4481.056641 0.000000 125.807243 0.000000 0.874329 0.000000 -0.485334 0.602882 0.602882 0.602882
4530.428223 0.000000 159.996826 0.000000 0.982125 0.000000 -0.188231 0.562221 0.562221 0.562221
4534.620117 0.000000 133.728760 0.000000 0.789175 0.000000 -0.614169 0.619014 0.619014 0.619014
4510.149902 0.000000 127.937469 0.000000 0.845229 0.000000 -0.534405 0.591030 0.591030 0.591030
4484.253906 0.000000 141.557373 0.000000 0.472063 0.000000 -0.881565 0.662617 0.662617 0.662617
4465.764160 0.000000 175.453018 0.000000 0.853379 0.000000 -0.521291 0.607225 0.607225 0.607225
4523.304688 0.000000 126.764404 0.000000 0.035447 0.000000 -0.999372 0.657517 0.657517 0.657517
4516.507812 0.000000 188.300232 0.000000 0.622792 0.000000 -0.782387 0.632659 0.632659 0.632659
4492.337891 0.000000 145.039154 0.000000 0.832758 0.000000 -0.553637 0.611228 0.611228 0.611228
4472.950195 0.000000 141.390625 0.000000 0.606709 0.000000 -0.794924 0.629488 0.629488 0.629488
4525.418457 0.000000 155.195419 0.000000 0.605347 0.000000 -0.795962 0.646069 0.646069 0.646069
4469.060059 0.000000 173.463364 0.000000 0.688930 0.000000 -0.724828 0.634610 0.634610 0.634610
4487.541504 0.000000 144.978470 0.000000 0.397152 0.000000 -0.917753 0.671301 0.671301 0.671301
4474.669922 0.000000 122.945923 0.000000 0.926028 0.000000 -0.377454 0.590390 0.590390 0.590390
4492.060547 0.000000 149.412048 0.000000 0.793804 0.000000 -0.608173 0.618223 0.618223 0.618223
4466.867676 0.000000 145.479156 0.000000 0.640877 0.000000 -0.767643 0.641328 0.641328 0.641328
4467.958496 0.000000 175.362396 0.000000 0.390286 0.000000 -0.920694 0.672081 0.672081 0.672081
4506.618652 0.000000 188.691864 0.000000 0.946540 0.000000 -0.322587 0.577512 0.577512 0.577512
4505.187988 0.000000 190.874756 0.000000 0.640026 0.000000 -0.768353 0.653475 0.653475 0.653475
4472.529785 0.000000 176.954193 0.000000 0.679126 0.000000 -0.734022 0.636013 0.636013 0.636013
4488.164062 0.000000 138.357254 0.000000 0.427399 0.000000 -0.904063 0.655433 0.655433 0.655433
4478.410645 0.000000 125.097900 0.000000 0.909593 0.000000 -0.415499 0.594716 0.594716 0.594716
4466.521973 0.000000 170.273499 0.000000 0.607175 0.000000 -0.794568 0.645829 0.645829 0.645829
4466.650879 0.000000 183.276489 0.000000 0.928472 0.000000 -0.371402 0.589709 0.589709 0.589709
4509.053711 0.000000 189.039703 0.000000 0.759860 0.000000 -0.650087 0.610248 0.610248 0.610248
4473.331055 0.000000 180.374771 0.000000 0.695003 0.000000 -0.719007 0.633732 0.633732 0.633732
4480.988770 0.000000 188.566498 0.000000 0.205034 0.000000 -0.978755 0.660526 0.660526 0.660526
4480.439453 0.000000 148.021881 0.000000 0.123852 0.000000 -0.992301 0.689045 0.689045 0.689045
4476.890137 0.000000 126.520081 0.000000 0.175744 0.000000 -0.984436 0.695486 0.695486 0.695486
4475.422852 0.000000 133.028717 0.000000 0.402316 0.000000 -0.915501 0.670714 0.670714 0.670714
4532.849609 0.000000 154.576019 0.000000 0.118010 0.000000 -0.993012 0.701578 0.701578 0.701578
4534.751465 0.000000 191.790131 0.000000 0.845350 0.000000 -0.534213 0.638219 0.638219 0.638219
4474.714355 0.000000 130.221497 0.000000 0.550614 0.000000 -0.834760 0.653072 0.653072 0.653072
4465.397949 0.000000 147.408432 0.000000 0.978630 0.000000 -0.205629 0.571613 0.571613 0.571613
4494.834961 0.000000 145.949799 0.000000 0.878278 0.000000 -0.478150 0.602026 0.602026 0.602026
4468.114258 0.000000 179.244598 0.000000 0.565836 0.000000 -0.824518 0.651157 0.651157 0.651157
4465.244141 0.000000 171.862167 0.000000 0.514193 0.000000 -0.857675 0.657563 0.657563 0.657563
4473.554199 0.000000 148.982956 0.000000 0.733413 0.000000 -0.679783 0.628003 0.628003 0.628003
4509.583008 0.000000 190.952698 0.000000 0.057429 0.000000 -0.998350 0.728705 0.728705 0.728705
4525.180664 0.000000 146.887512 0.000000 0.594653 0.000000 -0.803982 0.680807 0.680807 0.680807
4469.730469 0.000000 142.849991 0.000000 0.982024 0.000000 -0.188758 0.569817 0.569817 0.569817
4513.076660 0.000000 136.776581 0.000000 0.253036 0.000000 -0.967457 0.687226 0.687226 0.687226
4531.418457 0.000000 150.889664 0.000000 0.854728 0.000000 -0.519076 0.609952 0.609952 0.609952
4473.526367 0.000000 128.054565 0.000000 0.583448 0.000000 -0.812151 0.648911 0.648911 0.648911
4504.478027 0.000000 132.163910 0.000000 0.546335 0.000000 -0.837567 0.644063 0.644063 0.644063
4483.355469 0.000000 144.318420 0.000000 0.799222 0.000000 -0.601037 0.617288 0.617288 0.617288
4512.815918 0.000000 143.696243 0.000000 0.202853 0.000000 -0.979209 0.681347 0.681347 0.681347
4518.560547 0.000000 191.817825 0.000000 0.945759 0.000000 -0.324870 0.584529 0.584529 0.584529
4495.925781 0.000000 152.848175 0.000000 0.249703 0.000000 -0.968322 0.687585 0.687585 0.687585
4488.214844 0.000000 140.738464 0.000000 0.940178 0.000000 -0.340684 0.586279 0.586279 0.586279
4508.027832 0.000000 138.366623 0.000000 0.225755 0.000000 -0.974184 0.690158 0.690158 0.690158
4492.234375 0.000000 191.076187 0.000000 0.662923 0.000000 -0.748687 0.647587 0.647587 0.647587
4511.488770 0.000000 191.506134 0.000000 0.081068 0.000000 -0.996709 0.725907 0.725907 0.725907
4528.367676 0.000000 144.817566 0.000000 0.970408 0.000000 -0.241472 0.580139 0.580139 0.580139
4532.951172 0.000000 191.217346 0.000000 0.612465 0.000000 -0.790498 0.691448 0.691448 0.691448
4476.435059 0.000000 169.502289 0.000000 0.976003 0.000000 -0.217755 0.572908 0.572908 0.572908
4523.439941 0.000000 128.632935 0.000000 0.333049 0.000000 -0.942909 0.695396 0.695396 0.695396
4510.423828 0.000000 134.957367 0.000000 0.402251 0.000000 -0.915529 0.670721 0.670721 0.670721
4484.452148 0.000000 171.684647 0.000000 0.050754 0.000000 -0.998711 0.708623 0.708623 0.708623
4531.540039 0.000000 183.361633 0.000000 0.752882 0.000000 -0.658156 0.634830 0.634830 0.634830
4472.320801 0.000000 138.502533 0.000000 0.819188 0.000000 -0.573525 0.613741 0.613741 0.613741
4525.267090 0.000000 139.946564 0.000000 0.492010 0.000000 -0.870589 0.697955 0.697955 0.697955
4528.842285 0.000000 186.026062 0.000000 0.344483 0.000000 -0.938793 0.698982 0.698982 0.698982
4524.029297 0.000000 188.261307 0.000000 0.476921 0.000000 -0.878946 0.664990 0.664990 0.664990
4506.167969 0.000000 130.229401 0.000000 0.572382 0.000000 -0.819987 0.650326 0.650326 0.650326
4512.538086 0.000000 130.313751 0.000000 0.241039 0.000000 -0.970515 0.688518 0.688518 0.688518
4483.784668 0.000000 137.264786 0.000000 0.891237 0.000000 -0.453537 0.609465 0.609465 0.609465
4531.881348 0.000000 136.937653 0.000000 0.124582 0.000000 -0.992209 0.758462 0.758462 0.758462
4534.820312 0.000000 184.540436 0.000000 0.357310 0.000000 -0.933986 0.689033 0.689033 0.689033
4532.969727 0.000000 134.313507 0.000000 0.244210 0.000000 -0.969723 0.717266 0.717266 0.717266
4529.640625 0.000000 135.513931 0.000000 0.331793 0.000000 -0.943352 0.722633 0.722633 0.722633
4478.254883 0.000000 135.283096 0.000000 0.605710 0.000000 -0.795686 0.672554 0.672554 0.672554
4522.804688 0.000000 147.185928 0.000000 0.716180 0.000000 -0.697915 0.657130 0.657130 0.657130
4531.083496 0.000000 138.705841 0.000000 0.717843 0.000000 -0.696205 0.661029 0.661029 0.661029
4531.929688 0.000000 188.597824 0.000000 0.172692 0.000000 -0.984976 0.787900 0.787900 0.787900
4569.642090 0.000000 163.937927 0.000000 0.124520 0.000000 -0.992217 0.625447 0.625447 0.625447
4591.824707 0.000000 116.046875 0.000000 0.854591 0.000000 -0.519302 0.578491 0.578491 0.578491
4561.972168 0.000000 150.195740 0.000000 0.588524 0.000000 -0.808480 0.599129 0.599129 0.599129
4605.654297 0.000000 156.469299 0.000000 0.795078 0.000000 -0.606507 0.592950 0.592950 0.592950
4601.865234 0.000000 178.875473 0.000000 0.076883 0.000000 -0.997040 0.609485 0.609485 0.609485
4602.800293 0.000000 112.955109 0.000000 0.040235 0.000000 -0.999190 0.560508 0.560508 0.560508
4602.106445 0.000000 137.345856 0.000000 0.872121 0.000000 -0.489291 0.594228 0.594228 0.594228
4588.806152 0.000000 174.747925 0.000000 0.571390 0.000000 -0.820679 0.600226 0.600226 0.600226
4586.475098 0.000000 140.709717 0.000000 0.804877 0.000000 -0.593442 0.616300 0.616300 0.616300
4596.257324 0.000000 124.406441 0.000000 0.216220 0.000000 -0.976345 0.620589 0.620589 0.620589
4603.275879 0.000000 148.323273 0.000000 0.586002 0.000000 -0.810310 0.648583 0.648583 0.648583
4552.388184 0.000000 131.417648 0.000000 0.123826 0.000000 -0.992304 0.591714 0.591714 0.591714
4566.684570 0.000000 156.445435 0.000000 0.670787 0.000000 -0.741650 0.593596 0.593596 0.593596
4593.981445 0.000000 138.062897 0.000000 0.572469 0.000000 -0.819927 0.650315 0.650315 0.650315
4558.247559 0.000000 140.374939 0.000000 0.581075 0.000000 -0.813850 0.641383 0.641383 0.641383
4588.936035 0.000000 149.009277 0.000000 0.933926 0.000000 -0.357465 0.598186 0.598186 0.598186
4602.879395 0.000000 120.246857 0.000000 0.844718 0.000000 -0.535211 0.579468 0.579468 0.579468
4568.162109 0.000000 124.092636 0.000000 0.543112 0.000000 -0.839660 0.602004 0.602004 0.602004
4577.359375 0.000000 126.058052 0.000000 0.139220 0.000000 -0.990261 0.624673 0.624673 0.624673
4544.131348 0.000000 136.655823 0.000000 0.573016 0.000000 -0.819544 0.618589 0.618589 0.618589
4568.820312 0.000000 146.237854 0.000000 0.498177 0.000000 -0.867076 0.659501 0.659501 0.659501
4555.149902 0.000000 118.036926 0.000000 0.321053 0.000000 -0.947061 0.614907 0.614907 0.614907
4580.965820 0.000000 173.178131 0.000000 0.626760 0.000000 -0.779213 0.596616 0.596616 0.596616
4563.458984 0.000000 180.197845 0.000000 0.850224 0.000000 -0.526421 0.571314 0.571314 0.571314
4589.195312 0.000000 168.712799 0.000000 0.843532 0.000000 -0.537080 0.579583 0.579583 0.579583
4581.200195 0.000000 161.131027 0.000000 0.527004 0.000000 -0.849863 0.602998 0.602998 0.602998
4590.398926 0.000000 110.771957 0.000000 0.933263 0.000000 -0.359195 0.559081 0.559081 0.559081
4586.754395 0.000000 118.017944 0.000000 0.326246 0.000000 -0.945285 0.590813 0.590813 0.590813
4578.432129 0.000000 152.117386 0.000000 0.072180 0.000000 -0.997392 0.648768 0.648768 0.648768
4591.252441 0.000000 142.537445 0.000000 0.182771 0.000000 -0.983155 0.694740 0.694740 0.694740
4575.834961 0.000000 146.149841 0.000000 0.954297 0.000000 -0.298859 0.581672 0.581672 0.581672
4581.396484 0.000000 139.758026 0.000000 0.662002 0.000000 -0.749502 0.638422 0.638422 0.638422
4587.844238 0.000000 153.994080 0.000000 0.745770 0.000000 -0.666203 0.612070 0.612070 0.612070
4550.173340 0.000000 157.430130 0.000000 0.038287 0.000000 -0.999267 0.709925 0.709925 0.709925
4593.794922 0.000000 150.391785 0.000000 0.688314 0.000000 -0.725413 0.615753 0.615753 0.615753
4561.113281 0.000000 136.293915 0.000000 0.932320 0.000000 -0.361634 0.562194 0.562194 0.562194
4599.858887 0.000000 166.577057 0.000000 0.504896 0.000000 -0.863180 0.661550 0.661550 0.661550
4535.591797 0.000000 181.975159 0.000000 0.171286 0.000000 -0.985221 0.634502 0.634502 0.634502
4600.707520 0.000000 126.082314 0.000000 0.241936 0.000000 -0.970292 0.619211 0.619211 0.619211
4548.654297 0.000000 134.724838 0.000000 0.237378 0.000000 -0.971417 0.619456 0.619456 0.619456
4583.976074 0.000000 184.301590 0.000000 0.079866 0.000000 -0.996806 0.627789 0.627789 0.627789
4592.928711 0.000000 172.280975 0.000000 0.027904 0.000000 -0.999611 0.630505 0.630505 0.630505
4604.601562 0.000000 164.756912 0.000000 0.790386 0.000000 -0.612610 0.606133 0.606133 0.606133
4556.116699 0.000000 165.922729 0.000000 0.798874 0.000000 -0.601498 0.617349 0.617349 0.617349
4550.763184 0.000000 119.086472 0.000000 0.925859 0.000000 -0.377870 0.570219 0.570219 0.570219
4550.451660 0.000000 148.817032 0.000000 0.812629 0.000000 -0.582781 0.563668 0.563668 0.563668
4597.729980 0.000000 177.595764 0.000000 0.052714 0.000000 -0.998610 0.629209 0.629209 0.629209
4569.993164 0.000000 159.679718 0.000000 0.894423 0.000000 -0.447222 0.574193 0.574193 0.574193
4546.703125 0.000000 139.995270 0.000000 0.952942 0.000000 -0.303153 0.566071 0.566071 0.566071
4601.486816 0.000000 157.758118 0.000000 0.340658 0.000000 -0.940187 0.669248 0.669248 0.669248
4586.034180 0.000000 165.878632 0.000000 0.984139 0.000000 -0.177398 0.559305 0.559305 0.559305
4562.061035 0.000000 169.633362 0.000000 0.135286 0.000000 -0.990807 0.624880 0.624880 0.624880
4563.264160 0.000000 123.558121 0.000000 0.732212 0.000000 -0.681076 0.589093 0.589093 0.589093
4542.829590 0.000000 115.157822 0.000000 0.896302 0.000000 -0.443444 0.573972 0.573972 0.573972
4563.304199 0.000000 154.071228 0.000000 0.312613 0.000000 -0.949881 0.615371 0.615371 0.615371
4558.395996 0.000000 147.154877 0.000000 0.015705 0.000000 -0.999877 0.712283 0.712283 0.712283
4544.312500 0.000000 147.334030 0.000000 0.746780 0.000000 -0.665071 0.587964 0.587964 0.587964
4548.189453 0.000000 190.998932 0.000000 0.957044 0.000000 -0.289943 0.580698 0.580698 0.580698
4560.310059 0.000000 188.381866 0.000000 0.818308 0.000000 -0.574780 0.581950 0.581950 0.581950
4591.072754 0.000000 164.765076 0.000000 0.048518 0.000000 -0.998822 0.631518 0.631518 0.631518
4604.772461 0.000000 160.454407 0.000000 0.564613 0.000000 -0.825356 0.631316 0.631316 0.631316
4578.794922 0.000000 156.325607 0.000000 0.729409 0.000000 -0.684077 0.589308 0.589308 0.589308
4601.015625 0.000000 116.653404 0.000000 0.939621 0.000000 -0.342217 0.568224 0.568224 0.568224
4568.405762 0.000000 188.651062 0.000000 0.932613 0.000000 -0.360878 0.569265 0.569265 0.569265
4601.312988 0.000000 172.372742 0.000000 0.684281 0.000000 -0.729219 0.603859 0.603859 0.603859
4605.823242 0.000000 123.249062 0.000000 0.142651 0.000000 -0.989773 0.624492 0.624492 0.624492
4556.705078 0.000000 131.784393 0.000000 0.976262 0.000000 -0.216593 0.561392 0.561392 0.561392
4605.551270 0.000000 136.102859 0.000000 0.981593 0.000000 -0.190985 0.562929 0.562929 0.562929
4558.281250 0.000000 128.468658 0.000000 0.298648 0.000000 -0.954363 0.616137 0.616137 0.616137
4565.579590 0.000000 120.750160 0.000000 0.869499 0.000000 -0.493934 0.570571 0.570571 0.570571
4551.044922 0.000000 127.209961 0.000000 0.983968 0.000000 -0.178346 0.559356 0.559356 0.559356
4589.828613 0.000000 119.968903 0.000000 0.318185 0.000000 -0.948029 0.615065 0.615065 0.615065
4546.727539 0.000000 176.752716 0.000000 0.795359 0.000000 -0.606138 0.583978 0.583978 0.583978
4543.750000 0.000000 165.772858 0.000000 0.391833 0.000000 -0.920036 0.610953 0.610953 0.610953
4597.806152 0.000000 163.453842 0.000000 0.128177 0.000000 -0.991751 0.690607 0.690607 0.690607
4590.764648 0.000000 188.013092 0.000000 0.974820 0.000000 -0.222991 0.561734 0.561734 0.561734
4543.627930 0.000000 120.085617 0.000000 0.970817 0.000000 -0.239820 0.575273 0.575273 0.575273
4543.096191 0.000000 139.908722 0.000000 0.127018 0.000000 -0.991900 0.625315 0.625315 0.625315
4555.631348 0.000000 154.572388 0.000000 0.966585 0.000000 -0.256347 0.563527 0.563527 0.563527
4570.019531 0.000000 152.688858 0.000000 0.864629 0.000000 -0.502410 0.577466 0.577466 0.577466
4585.866211 0.000000 131.589493 0.000000 0.326080 0.000000 -0.945342 0.663952 0.663952 0.663952
4543.822266 0.000000 172.273880 0.000000 0.900330 0.000000 -0.435208 0.573494 0.573494 0.573494
4589.695801 0.000000 139.457169 0.000000 0.703547 0.000000 -0.710649 0.632485 0.632485 0.632485
4555.006836 0.000000 122.028519 0.000000 0.669761 0.000000 -0.742576 0.593668 0.593668 0.593668
4539.069824 0.000000 121.653885 0.000000 0.407321 0.000000 -0.913285 0.670142 0.670142 0.670142
4561.213867 0.000000 126.693085 0.000000 0.287540 0.000000 -0.957769 0.616743 0.616743 0.616743
4539.256348 0.000000 168.223145 0.000000 0.952141 0.000000 -0.305661 0.566208 0.566208 0.566208
4577.886719 0.000000 161.502945 0.000000 0.573667 0.000000 -0.819089 0.600081 0.600081 0.600081
4598.851074 0.000000 145.914246 0.000000 0.792467 0.000000 -0.609915 0.618453 0.618453 0.618453
4593.214355 0.000000 112.580780 0.000000 0.952469 0.000000 -0.304635 0.566152 0.566152 0.566152
4573.580566 0.000000 173.204437 0.000000 0.784078 0.000000 -0.620662 0.584938 0.584938 0.584938
4549.882324 0.000000 170.705139 0.000000 0.078655 0.000000 -0.996902 0.627853 0.627853 0.627853
4600.754883 0.000000 175.653671 0.000000 0.212174 0.000000 -0.977232 0.639438 0.639438 0.639438
4569.411621 0.000000 139.908447 0.000000 0.637915 0.000000 -0.770107 0.618797 0.618797 0.618797
4542.666504 0.000000 154.962997 0.000000 0.035494 0.000000 -0.999370 0.710217 0.710217 0.710217
4563.956055 0.000000 130.994980 0.000000 0.906498 0.000000 -0.422210 0.572743 0.572743 0.572743
4564.603027 0.000000 158.916931 0.000000 0.817333 0.000000 -0.576165 0.582039 0.582039 0.582039
4553.022949 0.000000 185.698090 0.000000 0.768634 0.000000 -0.639689 0.586216 0.586216 0.586216
4553.238770 0.000000 179.196991 0.000000 0.586418 0.000000 -0.810008 0.616118 0.616118 0.616118
4582.435059 0.000000 170.231628 0.000000 0.526941 0.000000 -0.849902 0.603002 0.603002 0.603002
4561.697754 0.000000 162.318726 0.000000 0.788835 0.000000 -0.614605 0.584536 0.584536 0.584536
4559.182129 0.000000 168.044617 0.000000 0.223494 0.000000 -0.974705 0.620200 0.620200 0.620200
4566.291504 0.000000 186.331940 0.000000 0.034770 0.000000 -0.999395 0.630146 0.630146 0.630146
4560.781250 0.000000 181.863083 0.000000 0.741074 0.000000 -0.671424 0.582345 0.582345 0.582345
4550.672363 0.000000 165.537384 0.000000 0.437939 0.000000 -0.899005 0.666617 0.666617 0.666617
4592.901367 0.000000 125.261276 0.000000 0.655157 0.000000 -0.755493 0.594685 0.594685 0.594685
4602.556152 0.000000 154.908447 0.000000 0.863751 0.000000 -0.503918 0.584808 0.584808 0.584808
4574.335938 0.000000 190.786819 0.000000 0.901090 0.000000 -0.433632 0.573403 0.573403 0.573403
4554.950684 0.000000 161.299194 0.000000 0.271389 0.000000 -0.962470 0.685241 0.685241 0.685241
4595.308594 0.000000 130.686066 0.000000 0.955772 0.000000 -0.294108 0.565166 0.565166 0.565166
4551.049805 0.000000 142.275208 0.000000 0.737449 0.000000 -0.675402 0.588690 0.588690 0.588690
4571.187012 0.000000 171.220581 0.000000 0.018972 0.000000 -0.999820 0.630971 0.630971 0.630971
4567.485352 0.000000 126.990685 0.000000 0.324181 0.000000 -0.945995 0.614734 0.614734 0.614734
4582.833984 0.000000 131.042084 0.000000 0.324296 0.000000 -0.945956 0.696490 0.696490 0.696490
4595.548828 0.000000 175.402084 0.000000 0.906797 0.000000 -0.421568 0.572706 0.572706 0.572706
4574.532227 0.000000 143.443604 0.000000 0.727454 0.000000 -0.686157 0.628913 0.628913 0.628913
4567.118164 0.000000 165.886200 0.000000 0.567647 0.000000 -0.823272 0.600464 0.600464 0.600464
4539.176758 0.000000 116.007507 0.000000 0.145274 0.000000 -0.989391 0.698708 0.698708 0.698708
4593.963867 0.000000 118.019966 0.000000 0.634468 0.000000 -0.772949 0.596098 0.596098 0.596098
4562.369141 0.000000 133.648560 0.000000 0.116467 0.000000 -0.993195 0.625870 0.625870 0.625870
4576.625488 0.000000 167.714966 0.000000 0.103628 0.000000 -0.994616 0.626544 0.626544 0.626544
4544.514160 0.000000 162.934906 0.000000 0.556799 0.000000 -0.830647 0.629415 0.629415 0.629415
4584.983887 0.000000 168.613525 0.000000 0.977118 0.000000 -0.212697 0.561184 0.561184 0.561184
4544.233887 0.000000 158.106979 0.000000 0.941413 0.000000 -0.337257 0.577869 0.577869 0.577869
4585.031738 0.000000 153.530533 0.000000 0.142091 0.000000 -0.989854 0.671588 0.671588 0.671588
4596.596680 0.000000 121.243813 0.000000 0.865399 0.000000 -0.501084 0.577386 0.577386 0.577386
4541.666016 0.000000 145.462738 0.000000 0.117897 0.000000 -0.993026 0.637762 0.637762 0.637762
4536.885742 0.000000 184.512451 0.000000 0.491826 0.000000 -0.870693 0.661714 0.661714 0.661714
4595.990723 0.000000 183.338013 0.000000 0.881864 0.000000 -0.471503 0.575619 0.575619 0.575619
4567.943848 0.000000 161.595062 0.000000 0.200255 0.000000 -0.979744 0.621441 0.621441 0.621441
4568.876465 0.000000 142.782013 0.000000 0.622039 0.000000 -0.782986 0.643863 0.643863 0.643863
4563.778320 0.000000 142.656952 0.000000 0.931906 0.000000 -0.362700 0.588733 0.588733 0.588733
4540.526367 0.000000 171.268219 0.000000 0.972308 0.000000 -0.233704 0.562308 0.562308 0.562308
4598.203125 0.000000 115.858116 0.000000 0.089946 0.000000 -0.995947 0.627261 0.627261 0.627261
4589.307617 0.000000 116.949387 0.000000 0.416254 0.000000 -0.909248 0.609560 0.609560 0.609560
4578.542480 0.000000 146.498169 0.000000 0.908087 0.000000 -0.418781 0.595092 0.595092 0.595092
4572.057129 0.000000 179.741180 0.000000 0.271492 0.000000 -0.962441 0.617615 0.617615 0.617615
4595.122070 0.000000 178.018372 0.000000 0.903151 0.000000 -0.429323 0.571326 0.571326 0.571326
4591.044434 0.000000 133.499893 0.000000 0.418867 0.000000 -0.908047 0.651622 0.651622 0.651622
4571.125488 0.000000 184.340454 0.000000 0.090331 0.000000 -0.995912 0.627241 0.627241 0.627241
4555.223145 0.000000 173.140656 0.000000 0.800454 0.000000 -0.599394 0.583537 0.583537 0.583537
4589.858887 0.000000 177.241608 0.000000 0.662193 0.000000 -0.749333 0.594198 0.594198 0.594198
4577.212891 0.000000 171.475800 0.000000 0.023873 0.000000 -0.999715 0.630715 0.630715 0.630715
4562.083008 0.000000 129.191696 0.000000 0.422579 0.000000 -0.906326 0.609196 0.609196 0.609196
4583.258789 0.000000 186.786346 0.000000 0.796390 0.000000 -0.604784 0.583889 0.583889 0.583889
4588.746582 0.000000 166.179153 0.000000 0.923981 0.000000 -0.382438 0.570476 0.570476 0.570476
4580.304688 0.000000 153.895691 0.000000 0.399150 0.000000 -0.916886 0.632840 0.632840 0.632840
4579.296875 0.000000 159.316345 0.000000 0.911348 0.000000 -0.411636 0.572136 0.572136 0.572136
4585.952148 0.000000 191.121353 0.000000 0.652252 0.000000 -0.758002 0.594886 0.594886 0.594886
4538.079102 0.000000 140.921173 0.000000 0.475206 0.000000 -0.879875 0.629753 0.629753 0.629753
4595.173828 0.000000 135.819275 0.000000 0.917777 0.000000 -0.397097 0.590371 0.590371 0.590371
4574.418945 0.000000 131.969879 0.000000 0.340532 0.000000 -0.940233 0.664222 0.664222 0.664222
4605.245605 0.000000 150.133163 0.000000 0.897217 0.000000 -0.441590 0.597101 0.597101 0.597101
4587.701660 0.000000 129.872223 0.000000 0.514679 0.000000 -0.857383 0.617897 0.617897 0.617897
4593.733398 0.000000 153.349518 0.000000 0.937008 0.000000 -0.349308 0.581848 0.581848 0.581848
4550.704590 0.000000 191.068054 0.000000 0.589029 0.000000 -0.808112 0.648192 0.648192 0.648192
4559.690918 0.000000 149.196106 0.000000 0.438811 0.000000 -0.898579 0.646585 0.646585 0.646585
4602.420410 0.000000 159.996826 0.000000 0.750876 0.000000 -0.660443 0.620330 0.620330 0.620330
4580.670410 0.000000 136.570129 0.000000 0.762619 0.000000 -0.646847 0.623408 0.623408 0.623408
4577.862793 0.000000 128.418823 0.000000 0.329483 0.000000 -0.944161 0.633096 0.633096 0.633096
4555.741211 0.000000 163.569519 0.000000 0.915415 0.000000 -0.402512 0.593230 0.593230 0.593230
4588.040039 0.000000 146.821335 0.000000 0.805548 0.000000 -0.592530 0.629244 0.629244 0.629244
4599.488281 0.000000 156.436768 0.000000 0.905480 0.000000 -0.424389 0.593331 0.593331 0.593331
4549.377441 0.000000 178.922028 0.000000 0.265009 0.000000 -0.964246 0.650160 0.650160 0.650160
4594.881348 0.000000 168.491394 0.000000 0.971444 0.000000 -0.237271 0.568091 0.568091 0.568091
4597.235352 0.000000 165.695816 0.000000 0.839289 0.000000 -0.543686 0.609197 0.609197 0.609197
4540.677734 0.000000 114.346756 0.000000 0.707811 0.000000 -0.706402 0.613547 0.613547 0.613547
4594.550293 0.000000 140.328796 0.000000 0.808554 0.000000 -0.588422 0.615651 0.615651 0.615651
4559.533691 0.000000 144.978470 0.000000 0.733759 0.000000 -0.679410 0.627949 0.627949 0.627949
4541.469727 0.000000 120.698868 0.000000 0.558916 0.000000 -0.829224 0.652030 0.652030 0.652030
4546.662109 0.000000 122.945923 0.000000 0.758766 0.000000 -0.651364 0.618184 0.618184 0.618184
4559.076660 0.000000 159.943695 0.000000 0.764637 0.000000 -0.644461 0.605773 0.605773 0.605773
4571.407715 0.000000 139.003479 0.000000 0.196729 0.000000 -0.980458 0.651788 0.651788 0.651788
4560.156250 0.000000 138.357254 0.000000 0.725235 0.000000 -0.688501 0.618822 0.618822 0.618822
4580.920410 0.000000 144.966888 0.000000 0.924341 0.000000 -0.381569 0.590854 0.590854 0.590854
4538.281250 0.000000 118.020157 0.000000 0.093549 0.000000 -0.995615 0.704145 0.704145 0.704145
4605.708984 0.000000 147.692062 0.000000 0.913469 0.000000 -0.406909 0.593732 0.593732 0.593732
4537.457031 0.000000 143.528687 0.000000 0.974062 0.000000 -0.226281 0.574760 0.574760 0.574760
4595.433105 0.000000 156.278503 0.000000 0.942540 0.000000 -0.334093 0.582274 0.582274 0.582274
4576.498047 0.000000 136.217377 0.000000 0.720142 0.000000 -0.693826 0.630019 0.630019 0.630019
4593.391113 0.000000 145.219391 0.000000 0.776459 0.000000 -0.630167 0.630508 0.630508 0.630508
4548.882324 0.000000 126.520081 0.000000 0.626313 0.000000 -0.779572 0.623652 0.623652 0.623652
4584.498047 0.000000 141.285522 0.000000 0.089295 0.000000 -0.996005 0.704591 0.704591 0.704591
4536.132324 0.000000 151.489929 0.000000 0.429483 0.000000 -0.903075 0.672238 0.672238 0.672238
4592.914551 0.000000 165.936630 0.000000 0.364887 0.000000 -0.931052 0.655216 0.655216 0.655216
4539.123047 0.000000 188.198547 0.000000 0.264170 0.000000 -0.964476 0.754034 0.754034 0.754034
4535.541016 0.000000 186.103668 0.000000 0.522004 0.000000 -0.852943 0.687470 0.687470 0.687470
4546.125977 0.000000 190.788147 0.000000 0.834400 0.000000 -0.551160 0.610918 0.610918 0.610918
4559.667480 0.000000 162.906662 0.000000 0.121240 0.000000 -0.992623 0.679349 0.679349 0.679349
4563.778320 0.000000 140.519745 0.000000 0.078510 0.000000 -0.996913 0.705720 0.705720 0.705720
4577.958984 0.000000 141.932495 0.000000 0.982808 0.000000 -0.184630 0.569378 0.569378 0.569378
4545.272461 0.000000 121.384636 0.000000 0.692311 0.000000 -0.721599 0.631908 0.631908 0.631908
4607.105957 0.000000 143.971634 0.000000 0.327950 0.000000 -0.944695 0.679053 0.679053 0.679053
4565.539551 0.000000 138.729492 0.000000 0.765984 0.000000 -0.642860 0.613277 0.613277 0.613277
4537.604492 0.000000 138.999924 0.000000 0.754001 0.000000 -0.656874 0.624788 0.624788 0.624788
4548.885742 0.000000 164.574478 0.000000 0.399199 0.000000 -0.916864 0.671069 0.671069 0.671069
4598.977539 0.000000 168.388260 0.000000 0.611233 0.000000 -0.791451 0.647803 0.647803 0.647803
4542.985352 0.000000 189.518478 0.000000 0.773270 0.000000 -0.634077 0.621673 0.621673 0.621673
4541.466797 0.000000 186.098557 0.000000 0.742582 0.000000 -0.669755 0.652784 0.652784 0.652784
4541.722656 0.000000 142.849991 0.000000 0.976418 0.000000 -0.215887 0.573903 0.573903 0.573903
4544.304199 0.000000 145.303299 0.000000 0.916012 0.000000 -0.401151 0.590808 0.590808 0.590808
4603.410645 0.000000 150.889664 0.000000 0.767079 0.000000 -0.641553 0.622686 0.622686 0.622686
4600.500977 0.000000 140.350708 0.000000 0.760747 0.000000 -0.649049 0.623710 0.623710 0.623710
4576.470215 0.000000 132.163910 0.000000 0.571651 0.000000 -0.820497 0.650419 0.650419 0.650419
4584.808105 0.000000 143.696243 0.000000 0.109400 0.000000 -0.993998 0.702482 0.702482 0.702482
4602.623535 0.000000 142.275558 0.000000 0.385115 0.000000 -0.922869 0.672666 0.672666 0.672666
4591.497559 0.000000 144.458969 0.000000 0.549607 0.000000 -0.835423 0.661345 0.661345 0.661345
4589.987793 0.000000 147.403412 0.000000 0.023836 0.000000 -0.999716 0.743296 0.743296 0.743296
4597.277344 0.000000 161.542252 0.000000 0.187733 0.000000 -0.982220 0.698009 0.698009 0.698009
4580.020020 0.000000 138.366623 0.000000 0.818200 0.000000 -0.574934 0.613920 0.613920 0.613920
4542.479004 0.000000 118.356262 0.000000 0.026687 0.000000 -0.999644 0.709016 0.709016 0.709016
4550.530762 0.000000 161.701416 0.000000 0.060176 0.000000 -0.998188 0.707638 0.707638 0.707638
4570.513672 0.000000 147.233368 0.000000 0.778455 0.000000 -0.627701 0.620815 0.620815 0.620815
4582.416016 0.000000 134.957367 0.000000 0.195642 0.000000 -0.980675 0.710351 0.710351 0.710351
4578.160156 0.000000 130.229401 0.000000 0.276456 0.000000 -0.961027 0.695325 0.695325 0.695325
4569.605957 0.000000 144.462082 0.000000 0.845130 0.000000 -0.534561 0.608855 0.608855 0.608855
4549.036133 0.000000 186.876923 0.000000 0.474266 0.000000 -0.880382 0.662356 0.662356 0.662356
4567.597656 0.000000 141.301147 0.000000 0.447302 0.000000 -0.894383 0.665527 0.665527 0.665527
4596.538086 0.000000 167.395248 0.000000 0.359046 0.000000 -0.933320 0.678903 0.678903 0.678903
4586.541992 0.000000 133.268997 0.000000 0.458858 0.000000 -0.888510 0.679197 0.679197 0.679197
4537.433105 0.000000 189.227478 0.000000 0.512831 0.000000 -0.858490 0.711592 0.711592 0.711592
4536.928223 0.000000 191.199966 0.000000 0.497107 0.000000 -0.867689 0.714444 0.714444 0.714444
4539.906738 0.000000 191.490326 0.000000 0.943537 0.000000 -0.331268 0.602853 0.602853 0.602853
4535.885742 0.000000 188.222748 0.000000 0.565160 0.000000 -0.824982 0.709857 0.709857 0.709857
4387.905273 0.000000 265.409485 0.000000 0.897374 0.000000 -0.441270 0.552510 0.552510 0.552510
4384.688965 0.000000 238.950027 0.000000 0.398409 0.000000 -0.917208 0.610579 0.610579 0.610579
4388.455566 0.000000 228.602325 0.000000 0.948775 0.000000 -0.315952 0.566773 0.566773 0.566773
4388.464844 0.000000 270.715546 0.000000 0.666951 0.000000 -0.745101 0.593865 0.593865 0.593865
4389.547852 0.000000 237.135925 0.000000 0.060264 0.000000 -0.998182 0.628814 0.628814 0.628814
4391.482422 0.000000 244.963058 0.000000 0.207968 0.000000 -0.978136 0.621030 0.621030 0.621030
4380.555664 0.000000 237.611237 0.000000 0.959328 0.000000 -0.282293 0.559038 0.559038 0.559038
4389.830078 0.000000 241.501312 0.000000 0.848531 0.000000 -0.529145 0.579094 0.579094 0.579094
4384.960938 0.000000 229.849075 0.000000 0.880228 0.000000 -0.474551 0.575800 0.575800 0.575800
4386.504883 0.000000 219.459656 0.000000 0.880093 0.000000 -0.474802 0.578532 0.578532 0.578532
4388.020020 0.000000 213.177704 0.000000 0.916807 0.000000 -0.399329 0.570306 0.570306 0.570306
4386.258789 0.000000 241.518646 0.000000 0.981170 0.000000 -0.193148 0.560142 0.560142 0.560142
4388.204590 0.000000 239.430939 0.000000 0.753273 0.000000 -0.657708 0.587452 0.587452 0.587452
4415.110352 0.000000 280.545380 0.000000 0.110190 0.000000 -0.993910 0.626200 0.626200 0.626200
4445.752930 0.000000 227.168610 0.000000 0.972294 0.000000 -0.233761 0.553564 0.553564 0.553564
4407.869629 0.000000 219.397034 0.000000 0.957229 0.000000 -0.289331 0.563300 0.563300 0.563300
4449.359863 0.000000 251.674179 0.000000 0.145454 0.000000 -0.989365 0.641952 0.641952 0.641952
4458.122070 0.000000 233.330246 0.000000 0.935713 0.000000 -0.352762 0.568811 0.568811 0.568811
4402.235840 0.000000 202.008240 0.000000 0.730751 0.000000 -0.682644 0.589205 0.589205 0.589205
4398.492188 0.000000 265.183899 0.000000 0.740953 0.000000 -0.671556 0.588419 0.588419 0.588419
4411.501465 0.000000 272.642029 0.000000 0.848164 0.000000 -0.529734 0.579130 0.579130 0.579130
4449.430176 0.000000 192.007370 0.000000 0.901856 0.000000 -0.432036 0.573310 0.573310 0.573310
4410.390625 0.000000 242.784302 0.000000 0.925004 0.000000 -0.379958 0.570336 0.570336 0.570336
4393.489746 0.000000 249.039825 0.000000 0.945611 0.000000 -0.325301 0.551820 0.551820 0.551820
4449.997070 0.000000 234.047272 0.000000 0.718681 0.000000 -0.695340 0.590119 0.590119 0.590119
4400.046387 0.000000 287.407257 0.000000 0.645101 0.000000 -0.764098 0.595376 0.595376 0.595376
4444.951660 0.000000 244.993652 0.000000 0.885519 0.000000 -0.464603 0.575212 0.575212 0.575212
4455.583496 0.000000 250.021881 0.000000 0.256623 0.000000 -0.966512 0.690440 0.690440 0.690440
4411.165527 0.000000 214.021317 0.000000 0.493987 0.000000 -0.869469 0.605002 0.605002 0.605002
4436.981445 0.000000 269.162537 0.000000 0.238585 0.000000 -0.971122 0.827563 0.827563 0.827563
4398.186523 0.000000 271.380066 0.000000 0.957569 0.000000 -0.288204 0.565254 0.565254 0.565254
4414.168945 0.000000 267.005066 0.000000 0.529966 0.000000 -0.848019 0.665362 0.665362 0.665362
4417.314941 0.000000 255.089447 0.000000 0.854883 0.000000 -0.518820 0.578462 0.578462 0.578462
4422.232910 0.000000 264.627563 0.000000 0.110780 0.000000 -0.993845 0.648217 0.648217 0.648217
4461.474609 0.000000 279.233826 0.000000 0.446021 0.000000 -0.895023 0.607838 0.607838 0.607838
4405.130859 0.000000 240.599518 0.000000 0.004183 0.000000 -0.999991 0.713485 0.713485 0.713485
4452.386230 0.000000 196.720261 0.000000 0.954093 0.000000 -0.299511 0.565871 0.565871 0.565871
4431.850586 0.000000 242.134216 0.000000 0.635933 0.000000 -0.771744 0.595999 0.595999 0.595999
4442.117676 0.000000 230.995300 0.000000 0.236290 0.000000 -0.971682 0.619514 0.619514 0.619514
4437.412109 0.000000 235.742416 0.000000 0.499955 0.000000 -0.866051 0.604643 0.604643 0.604643
4443.859863 0.000000 249.978455 0.000000 0.252072 0.000000 -0.967708 0.618665 0.618665 0.618665
4406.188965 0.000000 253.414520 0.000000 0.839946 0.000000 -0.542670 0.579930 0.579930 0.579930
4395.612305 0.000000 234.756470 0.000000 0.528586 0.000000 -0.848880 0.575058 0.575058 0.575058
4449.590820 0.000000 224.261612 0.000000 0.936808 0.000000 -0.349843 0.568649 0.568649 0.568649
4440.292969 0.000000 246.694733 0.000000 0.557601 0.000000 -0.830109 0.601098 0.601098 0.601098
4404.390625 0.000000 197.861450 0.000000 0.936608 0.000000 -0.350378 0.571628 0.571628 0.571628
4392.107910 0.000000 212.701874 0.000000 0.726357 0.000000 -0.687317 0.629080 0.629080 0.629080
4412.132324 0.000000 261.907104 0.000000 0.621285 0.000000 -0.783584 0.596982 0.596982 0.596982
4449.820312 0.000000 229.521713 0.000000 0.846503 0.000000 -0.532384 0.577752 0.577752 0.577752
4406.778809 0.000000 215.070847 0.000000 0.523519 0.000000 -0.852014 0.656424 0.656424 0.656424
4397.909668 0.000000 247.697876 0.000000 0.652835 0.000000 -0.757500 0.594846 0.594846 0.594846
4391.562500 0.000000 196.945297 0.000000 0.798227 0.000000 -0.602357 0.564202 0.564202 0.564202
4406.467285 0.000000 244.801422 0.000000 0.980927 0.000000 -0.194374 0.569071 0.569071 0.569071
4416.171875 0.000000 272.626221 0.000000 0.902926 0.000000 -0.429796 0.619543 0.619543 0.619543
4413.908691 0.000000 257.783325 0.000000 0.204562 0.000000 -0.978854 0.621211 0.621211 0.621211
4426.008789 0.000000 255.664093 0.000000 0.977216 0.000000 -0.212249 0.572319 0.572319 0.572319
4399.234375 0.000000 198.991104 0.000000 0.114600 0.000000 -0.993412 0.625968 0.625968 0.625968
4419.279785 0.000000 219.542496 0.000000 0.437082 0.000000 -0.899422 0.608358 0.608358 0.608358
4397.232422 0.000000 284.313477 0.000000 0.339848 0.000000 -0.940480 0.613868 0.613868 0.613868
4419.319824 0.000000 250.055618 0.000000 0.442788 0.000000 -0.896627 0.608027 0.608027 0.608027
4414.411621 0.000000 243.139267 0.000000 0.894631 0.000000 -0.446806 0.574168 0.574168 0.574168
4428.620605 0.000000 211.854691 0.000000 0.938127 0.000000 -0.346290 0.567480 0.567480 0.567480
4400.328125 0.000000 243.318405 0.000000 0.833863 0.000000 -0.551971 0.580510 0.580510 0.580510
4404.205078 0.000000 286.983307 0.000000 0.344978 0.000000 -0.938611 0.613583 0.613583 0.613583
4394.705078 0.000000 269.358002 0.000000 0.592815 0.000000 -0.805339 0.598851 0.598851 0.598851
4434.346680 0.000000 233.250626 0.000000 0.427956 0.000000 -0.903800 0.608886 0.608886 0.608886
4434.961426 0.000000 265.440094 0.000000 0.035162 0.000000 -0.999382 0.792486 0.792486 0.792486
4420.940430 0.000000 243.233429 0.000000 0.387162 0.000000 -0.922012 0.611217 0.611217 0.611217
4454.300293 0.000000 192.318253 0.000000 0.798957 0.000000 -0.601388 0.583667 0.583667 0.583667
4461.838867 0.000000 219.233444 0.000000 0.164382 0.000000 -0.986397 0.607904 0.607904 0.607904
4447.647461 0.000000 242.422928 0.000000 0.750929 0.000000 -0.660382 0.587637 0.587637 0.587637
4430.636230 0.000000 233.430649 0.000000 0.785153 0.000000 -0.619302 0.584847 0.584847 0.584847
4423.041504 0.000000 268.180481 0.000000 0.226856 0.000000 -0.973928 0.743476 0.743476 0.743476
4407.060547 0.000000 223.194336 0.000000 0.495546 0.000000 -0.868582 0.604909 0.604909 0.604909
4413.853027 0.000000 206.622955 0.000000 0.703581 0.000000 -0.710615 0.602093 0.602093 0.602093
4452.105957 0.000000 249.108109 0.000000 0.769244 0.000000 -0.638955 0.603298 0.603298 0.603298
4392.618652 0.000000 245.328461 0.000000 0.691996 0.000000 -0.721901 0.592084 0.592084 0.592084
4456.953125 0.000000 229.849075 0.000000 0.970719 0.000000 -0.240218 0.562658 0.562658 0.562658
4428.384766 0.000000 243.369919 0.000000 0.975748 0.000000 -0.218898 0.561515 0.561515 0.561515
4427.992188 0.000000 201.224442 0.000000 0.968661 0.000000 -0.248387 0.563097 0.563097 0.563097
4395.850098 0.000000 281.039612 0.000000 0.975219 0.000000 -0.221242 0.561640 0.561640 0.561640
4446.780273 0.000000 283.997467 0.000000 0.633431 0.000000 -0.773800 0.642336 0.642336 0.642336
4455.018555 0.000000 235.021255 0.000000 0.570288 0.000000 -0.821445 0.600296 0.600296 0.600296
4451.311035 0.000000 211.391205 0.000000 0.426711 0.000000 -0.904388 0.608958 0.608958 0.608958
4391.733887 0.000000 234.274231 0.000000 0.219572 0.000000 -0.975596 0.620410 0.620410 0.620410
4462.503906 0.000000 209.060776 0.000000 0.396035 0.000000 -0.918236 0.610714 0.610714 0.610714
4394.150391 0.000000 227.840363 0.000000 0.491662 0.000000 -0.870786 0.624006 0.624006 0.624006
4441.881836 0.000000 227.573883 0.000000 0.289434 0.000000 -0.957198 0.592088 0.592088 0.592088
4432.282715 0.000000 245.518677 0.000000 0.277799 0.000000 -0.960639 0.617273 0.617273 0.617273
4399.837891 0.000000 268.258270 0.000000 0.952758 0.000000 -0.303732 0.566103 0.566103 0.566103
4449.229980 0.000000 208.565155 0.000000 0.727881 0.000000 -0.685704 0.589424 0.589424 0.589424
4400.458008 0.000000 278.390076 0.000000 0.824697 0.000000 -0.565575 0.581366 0.581366 0.581366
4411.010254 0.000000 266.451660 0.000000 0.818941 0.000000 -0.573878 0.581893 0.581893 0.581893
4425.427246 0.000000 235.892822 0.000000 0.041189 0.000000 -0.999151 0.629811 0.629811 0.629811
4432.631348 0.000000 205.845474 0.000000 0.782959 0.000000 -0.622073 0.585032 0.585032 0.585032
4449.476074 0.000000 195.361694 0.000000 0.233367 0.000000 -0.972389 0.619671 0.619671 0.619671
4405.411133 0.000000 201.052933 0.000000 0.278166 0.000000 -0.960533 0.617253 0.617253 0.617253
4457.507812 0.000000 247.310333 0.000000 0.174959 0.000000 -0.984576 0.760692 0.760692 0.760692
4422.558105 0.000000 277.198883 0.000000 0.852381 0.000000 -0.522921 0.607424 0.607424 0.607424
4458.497070 0.000000 219.459656 0.000000 0.253326 0.000000 -0.967381 0.618597 0.618597 0.618597
4419.971680 0.000000 226.979370 0.000000 0.758181 0.000000 -0.652044 0.622171 0.622171 0.622171
4409.254395 0.000000 275.181396 0.000000 0.959769 0.000000 -0.280792 0.564851 0.564851 0.564851
4409.408691 0.000000 245.897125 0.000000 0.125958 0.000000 -0.992036 0.653139 0.653139 0.653139
4415.197754 0.000000 264.028992 0.000000 0.536954 0.000000 -0.843612 0.592735 0.592735 0.592735
4462.258301 0.000000 282.288879 0.000000 0.329875 0.000000 -0.944025 0.609334 0.609334 0.609334
4460.238770 0.000000 202.916641 0.000000 0.095633 0.000000 -0.995417 0.626963 0.626963 0.626963
4445.009277 0.000000 240.634094 0.000000 0.763805 0.000000 -0.645447 0.579865 0.579865 0.579865
4395.475098 0.000000 224.292572 0.000000 0.920144 0.000000 -0.391580 0.590882 0.590882 0.590882
4448.916992 0.000000 221.245667 0.000000 0.929141 0.000000 -0.369724 0.569760 0.569760 0.569760
4437.343750 0.000000 247.481888 0.000000 0.619433 0.000000 -0.785050 0.597105 0.597105 0.597105
4428.743652 0.000000 204.995453 0.000000 0.263902 0.000000 -0.964549 0.618026 0.618026 0.618026
4458.515137 0.000000 277.804626 0.000000 0.339337 0.000000 -0.940665 0.613896 0.613896 0.613896
4454.605957 0.000000 256.013885 0.000000 0.223166 0.000000 -0.974780 0.690435 0.690435 0.690435
4395.192383 0.000000 211.991882 0.000000 0.813014 0.000000 -0.582244 0.614856 0.614856 0.614856
4419.041504 0.000000 273.297729 0.000000 0.632570 0.000000 -0.774503 0.688678 0.688678 0.688678
4416.511719 0.000000 218.685577 0.000000 0.531552 0.000000 -0.847026 0.602719 0.602719 0.602719
4449.979492 0.000000 214.004349 0.000000 0.096216 0.000000 -0.995360 0.626933 0.626933 0.626933
4432.641113 0.000000 263.699341 0.000000 0.130416 0.000000 -0.991459 0.779364 0.779364 0.779364
4407.592285 0.000000 242.044846 0.000000 0.183772 0.000000 -0.982969 0.694634 0.694634 0.694634
4440.125488 0.000000 212.396332 0.000000 0.861962 0.000000 -0.506973 0.589422 0.589422 0.589422
4404.223633 0.000000 233.556946 0.000000 0.611347 0.000000 -0.791362 0.597640 0.597640 0.597640
4397.681641 0.000000 241.447128 0.000000 0.065149 0.000000 -0.997876 0.628559 0.628559 0.628559
4395.250488 0.000000 246.550766 0.000000 0.971525 0.000000 -0.236938 0.562482 0.562482 0.562482
4435.211914 0.000000 245.246353 0.000000 0.972072 0.000000 -0.234684 0.562361 0.562361 0.562361
4397.536133 0.000000 208.234879 0.000000 0.798833 0.000000 -0.601552 0.596085 0.596085 0.596085
4417.292969 0.000000 252.197998 0.000000 0.985801 0.000000 -0.167917 0.558803 0.558803 0.558803
4452.006348 0.000000 279.322388 0.000000 0.487221 0.000000 -0.873278 0.605407 0.605407 0.605407
4423.959473 0.000000 257.579468 0.000000 0.883094 0.000000 -0.469197 0.600965 0.600965 0.600965
4463.273926 0.000000 247.929245 0.000000 0.972131 0.000000 -0.234440 0.575345 0.575345 0.575345
4424.892090 0.000000 238.766403 0.000000 0.244984 0.000000 -0.969527 0.619047 0.619047 0.619047
4451.831055 0.000000 193.657501 0.000000 0.974753 0.000000 -0.223287 0.561750 0.561750 0.561750
4428.743164 0.000000 254.799042 0.000000 0.945176 0.000000 -0.326562 0.584715 0.584715 0.584715
4419.793945 0.000000 238.641327 0.000000 0.957487 0.000000 -0.288477 0.565269 0.565269 0.565269
4442.205566 0.000000 252.237427 0.000000 0.609099 0.000000 -0.793094 0.634258 0.634258 0.634258
4447.182129 0.000000 193.714035 0.000000 0.499393 0.000000 -0.866376 0.604677 0.604677 0.604677
4443.395996 0.000000 247.272980 0.000000 0.788682 0.000000 -0.614801 0.584549 0.584549 0.584549
4422.134766 0.000000 249.561081 0.000000 0.817599 0.000000 -0.575788 0.593810 0.593810 0.593810
4405.410645 0.000000 212.634171 0.000000 0.110822 0.000000 -0.993840 0.702333 0.702333 0.702333
4446.899902 0.000000 223.755295 0.000000 0.588903 0.000000 -0.808204 0.599104 0.599104 0.599104
4418.050781 0.000000 243.481155 0.000000 0.587408 0.000000 -0.809291 0.599201 0.599201 0.599201
4393.637207 0.000000 195.212158 0.000000 0.897481 0.000000 -0.441053 0.573833 0.573833 0.573833
4407.649414 0.000000 206.894958 0.000000 0.088358 0.000000 -0.996089 0.629380 0.629380 0.629380
4405.609375 0.000000 217.906921 0.000000 0.802269 0.000000 -0.596963 0.616757 0.616757 0.616757
4445.323242 0.000000 212.933762 0.000000 0.720782 0.000000 -0.693161 0.589961 0.589961 0.589961
4444.396973 0.000000 229.566422 0.000000 0.062804 0.000000 -0.998026 0.628682 0.628682 0.628682
4400.952148 0.000000 284.875183 0.000000 0.921290 0.000000 -0.388876 0.570840 0.570840 0.570840
4425.333496 0.000000 253.022430 0.000000 0.637770 0.000000 -0.770227 0.641749 0.641749 0.641749
4447.060059 0.000000 229.484283 0.000000 0.876041 0.000000 -0.482237 0.576256 0.576256 0.576256
4397.863281 0.000000 245.007263 0.000000 0.502959 0.000000 -0.864311 0.604462 0.604462 0.604462
4411.238770 0.000000 269.125031 0.000000 0.851166 0.000000 -0.524896 0.578833 0.578833 0.578833
4424.592773 0.000000 265.918304 0.000000 0.921703 0.000000 -0.387896 0.577349 0.577349 0.577349
4418.098633 0.000000 225.176086 0.000000 0.596388 0.000000 -0.802697 0.605017 0.605017 0.605017
4416.696289 0.000000 275.179474 0.000000 0.631657 0.000000 -0.775248 0.654756 0.654756 0.654756
4402.066895 0.000000 222.127197 0.000000 0.557699 0.000000 -0.830044 0.601092 0.601092 0.601092
4427.593750 0.000000 240.812744 0.000000 0.585391 0.000000 -0.810751 0.599331 0.599331 0.599331
4439.979492 0.000000 229.507553 0.000000 0.164406 0.000000 -0.986393 0.623343 0.623343 0.623343
4402.067871 0.000000 230.772247 0.000000 0.488563 0.000000 -0.872529 0.605327 0.605327 0.605327
4435.312500 0.000000 255.300720 0.000000 0.031593 0.000000 -0.999501 0.710624 0.710624 0.710624
4423.519043 0.000000 244.439636 0.000000 0.826004 0.000000 -0.563665 0.581245 0.581245 0.581245
4441.967773 0.000000 287.105743 0.000000 0.953739 0.000000 -0.300637 0.572642 0.572642 0.572642
4429.487305 0.000000 192.002350 0.000000 0.531936 0.000000 -0.846785 0.619336 0.619336 0.619336
4437.332520 0.000000 217.953384 0.000000 0.230478 0.000000 -0.973078 0.630851 0.630851 0.630851
4424.487305 0.000000 250.653061 0.000000 0.283523 0.000000 -0.958965 0.683923 0.683923 0.683923
4401.273438 0.000000 192.119629 0.000000 0.363898 0.000000 -0.931439 0.624045 0.624045 0.624045
4413.790039 0.000000 273.739502 0.000000 0.487672 0.000000 -0.873027 0.617039 0.617039 0.617039
4437.606445 0.000000 271.812866 0.000000 0.933000 0.000000 -0.359877 0.628856 0.628856 0.628856
4438.353516 0.000000 260.405243 0.000000 0.154456 0.000000 -0.988000 0.845477 0.845477 0.845477
4444.294922 0.000000 278.849640 0.000000 0.967990 0.000000 -0.250989 0.589713 0.589713 0.589713
4461.261230 0.000000 246.117554 0.000000 0.801409 0.000000 -0.598117 0.621309 0.621309 0.621309
4402.686035 0.000000 196.086349 0.000000 0.900283 0.000000 -0.435304 0.577210 0.577210 0.577210
4443.703125 0.000000 255.539368 0.000000 0.698101 0.000000 -0.716000 0.646431 0.646431 0.646431
4428.754883 0.000000 249.349136 0.000000 0.737121 0.000000 -0.675761 0.606036 0.606036 0.606036
4391.732910 0.000000 228.107483 0.000000 0.218256 0.000000 -0.975892 0.642737 0.642737 0.642737
4422.001953 0.000000 270.489014 0.000000 0.956750 0.000000 -0.290912 0.596206 0.596206 0.596206
4423.890137 0.000000 231.009796 0.000000 0.961447 0.000000 -0.274990 0.571804 0.571804 0.571804
4439.502441 0.000000 256.493927 0.000000 0.830478 0.000000 -0.557051 0.616524 0.616524 0.616524
4438.043945 0.000000 199.225861 0.000000 0.970157 0.000000 -0.242476 0.566478 0.566478 0.566478
4454.147949 0.000000 271.279724 0.000000 0.715205 0.000000 -0.698914 0.630759 0.630759 0.630759
4453.426270 0.000000 251.179810 0.000000 0.776153 0.000000 -0.630545 0.621197 0.621197 0.621197
4439.071289 0.000000 210.311386 0.000000 0.547972 0.000000 -0.836497 0.679252 0.679252 0.679252
4422.151367 0.000000 279.577026 0.000000 0.978492 0.000000 -0.206283 0.571682 0.571682 0.571682
4422.925781 0.000000 259.581085 0.000000 0.816160 0.000000 -0.577826 0.609214 0.609214 0.609214
4442.951172 0.000000 193.686295 0.000000 0.434628 0.000000 -0.900610 0.662382 0.662382 0.662382
4434.626465 0.000000 284.676239 0.000000 0.214560 0.000000 -0.976711 0.654157 0.654157 0.654157
4401.650391 0.000000 215.017593 0.000000 0.609415 0.000000 -0.792851 0.645535 0.645535 0.645535
4430.915527 0.000000 262.414001 0.000000 0.414167 0.000000 -0.910201 0.707051 0.707051 0.707051
4441.000488 0.000000 200.788391 0.000000 0.671922 0.000000 -0.740622 0.637032 0.637032 0.637032
4419.964355 0.000000 231.136932 0.000000 0.860354 0.000000 -0.509696 0.605813 0.605813 0.605813
4397.605957 0.000000 223.881348 0.000000 0.839747 0.000000 -0.542978 0.608322 0.608322 0.608322
4461.724609 0.000000 243.676437 0.000000 0.653985 0.000000 -0.756508 0.635999 0.635999 0.635999
4451.748535 0.000000 258.979034 0.000000 0.958655 0.000000 -0.284569 0.595169 0.595169 0.595169
4436.044434 0.000000 195.886566 0.000000 0.718016 0.000000 -0.696026 0.630338 0.630338 0.630338
4439.955566 0.000000 261.982025 0.000000 0.771303 0.000000 -0.636468 0.693992 0.693992 0.693992
4451.555176 0.000000 254.788986 0.000000 0.965761 0.000000 -0.259435 0.589279 0.589279 0.589279
4397.457031 0.000000 212.715897 0.000000 0.822845 0.000000 -0.568265 0.613072 0.613072 0.613072
4400.972656 0.000000 211.246414 0.000000 0.618291 0.000000 -0.785949 0.635670 0.635670 0.635670
4455.791504 0.000000 260.512115 0.000000 0.905560 0.000000 -0.424218 0.595718 0.595718 0.595718
4420.465820 0.000000 271.829651 0.000000 0.056688 0.000000 -0.998392 0.787004 0.787004 0.787004
4435.591797 0.000000 280.790955 0.000000 0.823754 0.000000 -0.566948 0.644358 0.644358 0.644358
4444.312012 0.000000 202.634735 0.000000 0.908588 0.000000 -0.417693 0.594967 0.594967 0.594967
4401.288086 0.000000 217.369019 0.000000 0.446247 0.000000 -0.894910 0.665650 0.665650 0.665650
4444.547852 0.000000 260.030640 0.000000 0.595852 0.000000 -0.803094 0.744617 0.744617 0.744617
4446.958008 0.000000 266.165192 0.000000 0.733501 0.000000 -0.679689 0.664931 0.664931 0.664931
4460.088379 0.000000 242.446136 0.000000 0.240195 0.000000 -0.970725 0.683137 0.683137 0.683137
4429.298828 0.000000 267.053894 0.000000 0.627452 0.000000 -0.778655 0.681131 0.681131 0.681131
4435.664551 0.000000 258.338196 0.000000 0.166489 0.000000 -0.986043 0.779335 0.779335 0.779335
4459.426270 0.000000 246.874039 0.000000 0.378912 0.000000 -0.925433 0.713948 0.713948 0.713948
4399.393066 0.000000 217.949478 0.000000 0.221231 0.000000 -0.975221 0.690642 0.690642 0.690642
4437.562500 0.000000 206.347260 0.000000 0.766412 0.000000 -0.642349 0.633330 0.633330 0.633330
4422.056152 0.000000 266.487640 0.000000 0.917204 0.000000 -0.398417 0.597265 0.597265 0.597265
4456.375488 0.000000 240.801941 0.000000 0.367771 0.000000 -0.929916 0.674620 0.674620 0.674620
4420.852539 0.000000 277.945068 0.000000 0.400044 0.000000 -0.916496 0.670972 0.670972 0.670972
4398.494629 0.000000 214.340652 0.000000 0.856720 0.000000 -0.515782 0.606552 0.606552 0.606552
4415.714355 0.000000 270.821655 0.000000 0.926278 0.000000 -0.376840 0.610482 0.610482 0.610482
4455.474121 0.000000 254.336899 0.000000 0.515837 0.000000 -0.856687 0.657362 0.657362 0.657362
4446.167969 0.000000 285.713318 0.000000 0.563317 0.000000 -0.826241 0.651476 0.651476 0.651476
4436.579102 0.000000 210.105301 0.000000 0.675922 0.000000 -0.736973 0.658084 0.658084 0.658084
4429.244141 0.000000 274.298401 0.000000 0.358330 0.000000 -0.933595 0.801355 0.801355 0.801355
4432.032715 0.000000 282.714722 0.000000 0.514615 0.000000 -0.857421 0.699950 0.699950 0.699950
4449.722168 0.000000 266.575439 0.000000 0.805411 0.000000 -0.592717 0.633629 0.633629 0.633629
4436.711426 0.000000 261.939423 0.000000 0.919545 0.000000 -0.392985 0.634293 0.634293 0.634293
4414.492676 0.000000 272.114136 0.000000 0.803160 0.000000 -0.595764 0.625365 0.625365 0.625365
4445.643066 0.000000 277.558960 0.000000 0.070278 0.000000 -0.997527 0.784872 0.784872 0.784872
4414.857422 0.000000 268.954895 0.000000 0.822999 0.000000 -0.568043 0.644566 0.644566 0.644566
4456.302246 0.000000 248.493362 0.000000 0.895440 0.000000 -0.445182 0.622221 0.622221 0.622221
4444.494141 0.000000 274.285187 0.000000 0.340360 0.000000 -0.940295 0.717999 0.717999 0.717999
4447.085938 0.000000 272.073120 0.000000 0.982669 0.000000 -0.185369 0.574321 0.574321 0.574321
4445.764648 0.000000 280.307556 0.000000 0.585106 0.000000 -0.810956 0.698047 0.698047 0.698047
4443.773926 0.000000 277.290131 0.000000 0.807129 0.000000 -0.590375 0.648855 0.648855 0.648855
4431.156738 0.000000 269.915558 0.000000 0.736695 0.000000 -0.676225 0.712132 0.712132 0.712132
4435.782227 0.000000 278.929840 0.000000 0.148099 0.000000 -0.988973 0.821433 0.821433 0.821433
4427.808594 0.000000 277.323425 0.000000 0.477821 0.000000 -0.878457 0.754722 0.754722 0.754722
4450.300293 0.000000 255.866745 0.000000 0.751044 0.000000 -0.660252 0.657934 0.657934 0.657934
4434.701172 0.000000 267.174072 0.000000 0.519512 0.000000 -0.854463 0.748354 0.748354 0.748354
4441.017578 0.000000 263.063049 0.000000 0.799714 0.000000 -0.600382 0.684406 0.684406 0.684406
4451.782227 0.000000 265.775116 0.000000 0.917722 0.000000 -0.397223 0.628526 0.628526 0.628526
4447.129883 0.000000 264.708496 0.000000 0.787647 0.000000 -0.616127 0.674874 0.674874 0.674874
4429.930176 0.000000 272.963257 0.000000 0.367287 0.000000 -0.930107 0.800989 0.800989 0.800989
4445.744141 0.000000 263.281860 0.000000 0.464193 0.000000 -0.885734 0.777093 0.777093 0.777093
4431.976074 0.000000 271.244995 0.000000 0.471361 0.000000 -0.881940 0.813956 0.813956 0.813956
4448.469727 0.000000 260.583008 0.000000 0.682977 0.000000 -0.730440 0.715305 0.715305 0.715305
4431.953125 0.000000 266.846741 0.000000 0.980698 0.000000 -0.195528 0.591074 0.591074 0.591074
4441.608887 0.000000 258.439667 0.000000 0.207016 0.000000 -0.978337 0.828710 0.828710 0.828710
4438.155273 0.000000 261.731598 0.000000 0.328884 0.000000 -0.944370 0.807899 0.807899 0.807899
4446.533691 0.000000 261.983368 0.000000 0.204838 0.000000 -0.978796 0.834786 0.834786 0.834786
4429.639160 0.000000 270.518982 0.000000 0.909849 0.000000 -0.414940 0.644591 0.644591 0.644591
4436.842285 0.000000 279.757385 0.000000 0.677190 0.000000 -0.735808 0.722575 0.722575 0.722575
4407.467285 0.000000 289.410431 0.000000 0.532268 0.000000 -0.846576 0.602675 0.602675 0.602675
4414.958008 0.000000 293.091003 0.000000 0.956170 0.000000 -0.292813 0.562241 0.562241 0.562241
4430.656738 0.000000 293.718353 0.000000 0.662520 0.000000 -0.749044 0.567437 0.567437 0.567437
4437.829590 0.000000 288.438202 0.000000 0.486506 0.000000 -0.873677 0.605450 0.605450 0.605450
4411.997070 0.000000 289.472595 0.000000 0.416716 0.000000 -0.909037 0.609533 0.609533 0.609533
4433.967773 0.000000 291.540497 0.000000 0.428183 0.000000 -0.903692 0.608873 0.608873 0.608873
4441.392578 0.000000 288.049347 0.000000 0.654912 0.000000 -0.755705 0.594702 0.594702 0.594702
4424.860352 0.000000 288.682129 0.000000 0.886876 0.000000 -0.462008 0.575059 0.575059 0.575059
4504.219238 0.000000 236.787720 0.000000 0.979367 0.000000 -0.202092 0.552235 0.552235 0.552235
4529.516113 0.000000 194.550995 0.000000 0.661498 0.000000 -0.749947 0.672258 0.672258 0.672258
4463.710938 0.000000 257.298553 0.000000 0.782481 0.000000 -0.622675 0.609068 0.609068 0.609068
4483.260254 0.000000 254.281693 0.000000 0.158212 0.000000 -0.987405 0.643058 0.643058 0.643058
4522.145020 0.000000 201.850876 0.000000 0.341896 0.000000 -0.939738 0.702674 0.702674 0.702674
4470.484375 0.000000 265.183899 0.000000 0.353260 0.000000 -0.935525 0.613122 0.613122 0.613122
4482.382812 0.000000 242.784302 0.000000 0.677044 0.000000 -0.735942 0.593154 0.593154 0.593154
4480.395996 0.000000 227.402023 0.000000 0.090729 0.000000 -0.995876 0.566257 0.566257 0.566257
4497.362793 0.000000 198.779373 0.000000 0.486993 0.000000 -0.873406 0.605421 0.605421 0.605421
4486.311523 0.000000 203.101471 0.000000 0.897763 0.000000 -0.440479 0.586326 0.586326 0.586326
4475.574707 0.000000 224.378723 0.000000 0.019256 0.000000 -0.999815 0.571304 0.571304 0.571304
4477.123047 0.000000 240.599518 0.000000 0.924784 0.000000 -0.380493 0.570367 0.570367 0.570367
4499.496094 0.000000 193.723007 0.000000 0.509811 0.000000 -0.860286 0.658095 0.658095 0.658095
4497.587402 0.000000 204.633743 0.000000 0.420416 0.000000 -0.907332 0.609321 0.609321 0.609321
4507.873535 0.000000 205.279022 0.000000 0.721997 0.000000 -0.691897 0.629740 0.629740 0.629740
4489.121094 0.000000 232.278305 0.000000 0.145009 0.000000 -0.989430 0.659595 0.659595 0.659595
4463.599609 0.000000 277.959534 0.000000 0.968509 0.000000 -0.248980 0.563129 0.563129 0.563129
4513.144531 0.000000 209.458984 0.000000 0.707732 0.000000 -0.706481 0.631868 0.631868 0.631868
4484.488770 0.000000 246.765549 0.000000 0.748332 0.000000 -0.663325 0.597801 0.597801 0.597801
4478.459473 0.000000 244.801422 0.000000 0.870848 0.000000 -0.491552 0.576813 0.576813 0.576813
4474.710938 0.000000 235.979645 0.000000 0.492297 0.000000 -0.870427 0.655857 0.655857 0.655857
4491.271973 0.000000 219.542496 0.000000 0.950087 0.000000 -0.311984 0.583546 0.583546 0.583546
4493.683105 0.000000 213.118607 0.000000 0.648020 0.000000 -0.761623 0.628464 0.628464 0.628464
4491.312012 0.000000 250.055618 0.000000 0.314389 0.000000 -0.949294 0.603250 0.603250 0.603250
4467.631836 0.000000 239.109619 0.000000 0.662588 0.000000 -0.748984 0.651126 0.651126 0.651126
4473.630859 0.000000 228.006256 0.000000 0.913394 0.000000 -0.407077 0.570724 0.570724 0.570724
4489.477539 0.000000 200.780533 0.000000 0.942466 0.000000 -0.334302 0.582763 0.582763 0.582763
4486.198242 0.000000 216.779724 0.000000 0.469416 0.000000 -0.882977 0.612409 0.612409 0.612409
4529.023438 0.000000 212.637787 0.000000 0.290447 0.000000 -0.956891 0.616584 0.616584 0.616584
4526.292480 0.000000 192.318253 0.000000 0.605648 0.000000 -0.795733 0.657402 0.657402 0.657402
4505.558105 0.000000 212.899521 0.000000 0.418117 0.000000 -0.908393 0.668906 0.668906 0.668906
4484.712891 0.000000 227.768768 0.000000 0.789310 0.000000 -0.613995 0.598112 0.598112 0.598112
4518.354004 0.000000 202.607147 0.000000 0.819496 0.000000 -0.573085 0.613685 0.613685 0.613685
4516.736816 0.000000 210.023560 0.000000 0.959772 0.000000 -0.280779 0.564850 0.564850 0.564850
4482.813965 0.000000 234.869690 0.000000 0.387929 0.000000 -0.921689 0.611174 0.611174 0.611174
4496.153320 0.000000 195.348358 0.000000 0.436936 0.000000 -0.899493 0.659053 0.659053 0.659053
4486.289062 0.000000 224.453033 0.000000 0.153307 0.000000 -0.988179 0.697860 0.697860 0.697860
4480.330566 0.000000 231.317673 0.000000 0.534068 0.000000 -0.845442 0.602564 0.602564 0.602564
4479.052734 0.000000 223.194336 0.000000 0.666711 0.000000 -0.745316 0.605430 0.605430 0.605430
4495.046387 0.000000 201.650879 0.000000 0.268825 0.000000 -0.963189 0.624892 0.624892 0.624892
4485.845215 0.000000 206.622955 0.000000 0.043792 0.000000 -0.999041 0.652739 0.652739 0.652739
4517.836426 0.000000 215.953293 0.000000 0.326939 0.000000 -0.945045 0.614582 0.614582 0.614582
4489.884277 0.000000 235.731537 0.000000 0.404595 0.000000 -0.914496 0.626076 0.626076 0.626076
4509.747559 0.000000 208.327026 0.000000 0.937929 0.000000 -0.346827 0.586961 0.586961 0.586961
4499.984375 0.000000 201.224442 0.000000 0.131399 0.000000 -0.991330 0.625085 0.625085 0.625085
4489.249512 0.000000 205.612640 0.000000 0.513086 0.000000 -0.858337 0.637858 0.637858 0.637858
4525.467285 0.000000 200.656601 0.000000 0.321217 0.000000 -0.947006 0.701998 0.701998 0.701998
4523.303223 0.000000 211.391205 0.000000 0.961183 0.000000 -0.275913 0.564586 0.564586 0.564586
4470.795410 0.000000 256.611542 0.000000 0.876562 0.000000 -0.481290 0.576200 0.576200 0.576200
4513.384766 0.000000 192.064941 0.000000 0.983565 0.000000 -0.180555 0.571439 0.571439 0.571439
4521.222168 0.000000 208.565155 0.000000 0.052936 0.000000 -0.998598 0.629197 0.629197 0.629197
4504.623535 0.000000 205.845474 0.000000 0.461702 0.000000 -0.887035 0.650359 0.650359 0.650359
4501.928223 0.000000 223.014801 0.000000 0.465203 0.000000 -0.885204 0.663428 0.663428 0.663428
4477.403320 0.000000 201.052933 0.000000 0.808739 0.000000 -0.588168 0.582809 0.582809 0.582809
4491.963867 0.000000 226.979370 0.000000 0.972662 0.000000 -0.232225 0.578641 0.578641 0.578641
4533.993164 0.000000 215.631317 0.000000 0.568748 0.000000 -0.822512 0.600394 0.600394 0.600394
4500.758789 0.000000 229.780060 0.000000 0.751789 0.000000 -0.659404 0.615252 0.615252 0.615252
4463.942383 0.000000 207.168457 0.000000 0.954307 0.000000 -0.298828 0.565834 0.565834 0.565834
4481.400879 0.000000 245.897125 0.000000 0.224472 0.000000 -0.974481 0.620148 0.620148 0.620148
4512.258789 0.000000 198.578735 0.000000 0.425504 0.000000 -0.904957 0.668055 0.668055 0.668055
4532.230957 0.000000 202.916641 0.000000 0.432272 0.000000 -0.901743 0.662644 0.662644 0.662644
4467.467285 0.000000 224.292572 0.000000 0.290619 0.000000 -0.956839 0.616575 0.616575 0.616575
4492.087891 0.000000 233.321609 0.000000 0.327380 0.000000 -0.944893 0.646837 0.646837 0.646837
4502.713867 0.000000 194.618912 0.000000 0.949516 0.000000 -0.313718 0.583301 0.583301 0.583301
4532.004395 0.000000 213.177704 0.000000 0.970009 0.000000 -0.243067 0.562811 0.562811 0.562811
4479.057617 0.000000 238.259598 0.000000 0.852576 0.000000 -0.522604 0.578693 0.578693 0.578693
4495.493164 0.000000 222.975067 0.000000 0.955223 0.000000 -0.295887 0.584647 0.584647 0.584647
4488.503906 0.000000 218.685577 0.000000 0.966904 0.000000 -0.255139 0.569129 0.569129 0.569129
4490.376953 0.000000 229.632935 0.000000 0.831344 0.000000 -0.555759 0.609876 0.609876 0.609876
4499.854980 0.000000 196.955170 0.000000 0.970032 0.000000 -0.242976 0.568872 0.568872 0.568872
4471.267090 0.000000 201.912308 0.000000 0.607575 0.000000 -0.794262 0.597888 0.597888 0.597888
4471.060547 0.000000 229.242950 0.000000 0.918453 0.000000 -0.395531 0.571218 0.571218 0.571218
4472.521973 0.000000 258.919312 0.000000 0.187950 0.000000 -0.982179 0.622095 0.622095 0.622095
4472.241699 0.000000 254.091370 0.000000 0.961157 0.000000 -0.276003 0.571502 0.571502 0.571502
4479.584473 0.000000 242.044846 0.000000 0.852329 0.000000 -0.523005 0.578717 0.578717 0.578717
4524.604492 0.000000 217.228195 0.000000 0.039894 0.000000 -0.999204 0.629879 0.629879 0.629879
4469.673828 0.000000 241.447128 0.000000 0.756648 0.000000 -0.653823 0.661550 0.661550 0.661550
4466.156738 0.000000 232.209396 0.000000 0.890627 0.000000 -0.454734 0.574632 0.574632 0.574632
4504.302734 0.000000 200.181122 0.000000 0.700090 0.000000 -0.714055 0.591496 0.591496 0.591496
4489.285156 0.000000 252.197998 0.000000 0.826838 0.000000 -0.562440 0.581168 0.581168 0.581168
4469.678223 0.000000 218.893860 0.000000 0.293100 0.000000 -0.956082 0.616440 0.616440 0.616440
4515.973633 0.000000 197.852295 0.000000 0.977570 0.000000 -0.210610 0.574184 0.574184 0.574184
4487.060547 0.000000 193.326508 0.000000 0.634106 0.000000 -0.773247 0.643458 0.643458 0.643458
4477.402832 0.000000 212.634171 0.000000 0.075027 0.000000 -0.997181 0.642419 0.642419 0.642419
4475.611816 0.000000 254.162231 0.000000 0.485200 0.000000 -0.874403 0.634753 0.634753 0.634753
4472.510254 0.000000 204.340942 0.000000 0.638143 0.000000 -0.769918 0.595849 0.595849 0.595849
4465.888672 0.000000 259.044983 0.000000 0.944156 0.000000 -0.329499 0.567520 0.567520 0.567520
4526.210938 0.000000 211.842499 0.000000 0.504331 0.000000 -0.863511 0.604379 0.604379 0.604379
4465.629395 0.000000 195.212158 0.000000 0.848962 0.000000 -0.528454 0.579051 0.579051 0.579051
4467.278320 0.000000 205.954269 0.000000 0.796894 0.000000 -0.604119 0.583846 0.583846 0.583846
4477.601562 0.000000 217.906921 0.000000 0.619271 0.000000 -0.785177 0.613234 0.613234 0.613234
4527.859863 0.000000 215.311005 0.000000 0.611804 0.000000 -0.791009 0.597610 0.597610 0.597610
4492.404297 0.000000 200.830505 0.000000 0.190733 0.000000 -0.981642 0.659814 0.659814 0.659814
4467.260742 0.000000 192.990555 0.000000 0.605578 0.000000 -0.795786 0.598019 0.598019 0.598019
4466.224609 0.000000 253.860535 0.000000 0.386886 0.000000 -0.922127 0.686969 0.686969 0.686969
4494.928711 0.000000 204.884552 0.000000 0.637517 0.000000 -0.770436 0.595892 0.595892 0.595892
4466.920898 0.000000 202.533447 0.000000 0.838880 0.000000 -0.544317 0.580032 0.580032 0.580032
4482.666504 0.000000 211.473114 0.000000 0.439971 0.000000 -0.898012 0.608190 0.608190 0.608190
4466.086914 0.000000 236.905563 0.000000 0.031138 0.000000 -0.999515 0.710672 0.710672 0.710672
4487.125977 0.000000 199.830002 0.000000 0.561638 0.000000 -0.827383 0.654364 0.654364 0.654364
4501.479492 0.000000 192.002350 0.000000 0.038771 0.000000 -0.999248 0.709875 0.709875 0.709875
4482.598633 0.000000 226.043503 0.000000 0.842741 0.000000 -0.538319 0.581221 0.581221 0.581221
4484.540527 0.000000 195.947968 0.000000 0.701331 0.000000 -0.712836 0.633899 0.633899 0.633899
4503.119629 0.000000 212.156540 0.000000 0.948687 0.000000 -0.316216 0.575623 0.575623 0.575623
4511.671875 0.000000 194.112991 0.000000 0.719031 0.000000 -0.694978 0.640736 0.640736 0.640736
4519.747070 0.000000 204.640640 0.000000 0.647437 0.000000 -0.762119 0.609495 0.609495 0.609495
4496.020996 0.000000 217.590286 0.000000 0.626386 0.000000 -0.779513 0.611370 0.611370 0.611370
4511.901367 0.000000 207.162888 0.000000 0.214439 0.000000 -0.976737 0.691368 0.691368 0.691368
4488.959961 0.000000 203.153168 0.000000 0.073979 0.000000 -0.997260 0.669201 0.669201 0.669201
4528.975098 0.000000 192.139893 0.000000 0.715139 0.000000 -0.698982 0.635020 0.635020 0.635020
4502.341797 0.000000 206.870895 0.000000 0.188067 0.000000 -0.982156 0.665722 0.665722 0.665722
4484.277832 0.000000 244.334305 0.000000 0.972137 0.000000 -0.234413 0.565595 0.565595 0.565595
4505.300293 0.000000 198.011734 0.000000 0.533707 0.000000 -0.845670 0.635798 0.635798 0.635798
4482.696777 0.000000 248.366898 0.000000 0.823524 0.000000 -0.567282 0.590585 0.590585 0.590585
4497.846680 0.000000 225.068497 0.000000 0.901207 0.000000 -0.433389 0.596777 0.596777 0.596777
4510.036133 0.000000 199.225861 0.000000 0.572075 0.000000 -0.820201 0.650365 0.650365 0.650365
4526.015137 0.000000 198.421783 0.000000 0.474443 0.000000 -0.880286 0.718503 0.718503 0.718503
4482.660156 0.000000 198.617645 0.000000 0.762353 0.000000 -0.647161 0.618619 0.618619 0.618619
4511.063477 0.000000 210.311386 0.000000 0.618697 0.000000 -0.785630 0.644308 0.644308 0.644308
4476.319824 0.000000 214.593628 0.000000 0.628293 0.000000 -0.777977 0.612426 0.612426 0.612426
4505.934082 0.000000 204.097000 0.000000 0.941148 0.000000 -0.337994 0.581719 0.581719 0.581719
4473.642578 0.000000 215.017593 0.000000 0.960252 0.000000 -0.279133 0.572141 0.572141 0.572141
4512.992676 0.000000 200.788391 0.000000 0.677940 0.000000 -0.735118 0.620306 0.620306 0.620306
4491.346191 0.000000 221.908096 0.000000 0.299313 0.000000 -0.954155 0.699595 0.699595 0.699595
4517.279785 0.000000 200.704468 0.000000 0.587935 0.000000 -0.808908 0.676799 0.676799 0.676799
4481.481445 0.000000 194.390045 0.000000 0.295461 0.000000 -0.955355 0.647721 0.647721 0.647721
4493.775879 0.000000 225.664337 0.000000 0.313621 0.000000 -0.949548 0.709852 0.709852 0.709852
4465.464844 0.000000 239.513077 0.000000 0.186703 0.000000 -0.982417 0.715212 0.715212 0.715212
4501.732422 0.000000 225.405594 0.000000 0.782929 0.000000 -0.622111 0.620068 0.620068 0.620068
4498.291504 0.000000 195.580109 0.000000 0.172609 0.000000 -0.984990 0.695818 0.695818 0.695818
4506.305176 0.000000 199.940460 0.000000 0.308984 0.000000 -0.951067 0.675964 0.675964 0.675964
4489.478027 0.000000 220.657257 0.000000 0.453812 0.000000 -0.891097 0.643625 0.643625 0.643625
4529.792969 0.000000 204.603714 0.000000 0.223145 0.000000 -0.974785 0.686742 0.686742 0.686742
4516.304199 0.000000 202.634735 0.000000 0.978616 0.000000 -0.205696 0.571335 0.571335 0.571335
4484.698730 0.000000 201.940079 0.000000 0.968717 0.000000 -0.248170 0.573761 0.573761 0.573761
4489.329102 0.000000 213.714981 0.000000 0.507660 0.000000 -0.861558 0.659781 0.659781 0.659781
4503.863770 0.000000 223.626648 0.000000 0.084843 0.000000 -0.996394 0.703017 0.703017 0.703017
4527.510254 0.000000 204.502090 0.000000 0.248651 0.000000 -0.968593 0.684075 0.684075 0.684075
4527.675293 0.000000 193.812073 0.000000 0.383502 0.000000 -0.923540 0.687397 0.687397 0.687397
4488.592285 0.000000 192.072174 0.000000 0.649814 0.000000 -0.760093 0.655520 0.655520 0.655520
4488.478516 0.000000 198.384476 0.000000 0.238737 0.000000 -0.971084 0.690591 0.690591 0.690591
4514.228516 0.000000 198.776779 0.000000 0.860170 0.000000 -0.510007 0.610995 0.610995 0.610995
4525.644043 0.000000 194.347610 0.000000 0.117170 0.000000 -0.993112 0.777499 0.777499 0.777499
4500.750488 0.000000 195.175125 0.000000 0.653794 0.000000 -0.756672 0.639559 0.639559 0.639559
4520.284180 0.000000 202.770798 0.000000 0.923380 0.000000 -0.383887 0.591116 0.591116 0.591116
4504.554688 0.000000 194.280197 0.000000 0.956800 0.000000 -0.290745 0.580786 0.580786 0.580786
4530.313477 0.000000 198.615936 0.000000 0.935396 0.000000 -0.353602 0.606574 0.606574 0.606574
4486.117676 0.000000 194.933273 0.000000 0.959716 0.000000 -0.280972 0.580503 0.580503 0.580503
4512.025879 0.000000 196.740906 0.000000 0.108347 0.000000 -0.994113 0.702593 0.702593 0.702593
4508.571289 0.000000 210.105301 0.000000 0.658995 0.000000 -0.752147 0.638839 0.638839 0.638839
4522.393066 0.000000 197.045532 0.000000 0.815771 0.000000 -0.578375 0.646540 0.646540 0.646540
4490.221680 0.000000 227.824310 0.000000 0.509794 0.000000 -0.860297 0.676587 0.676587 0.676587
4511.603516 0.000000 192.267334 0.000000 0.711695 0.000000 -0.702488 0.641976 0.641976 0.641976
4492.599609 0.000000 193.349030 0.000000 0.971614 0.000000 -0.236574 0.580827 0.580827 0.580827
4523.237305 0.000000 195.333511 0.000000 0.371277 0.000000 -0.928522 0.736339 0.736339 0.736339
4520.645996 0.000000 197.003311 0.000000 0.842297 0.000000 -0.539013 0.639109 0.639109 0.639109
4527.275391 0.000000 197.369858 0.000000 0.864883 0.000000 -0.501974 0.632318 0.632318 0.632318
4468.302246 0.000000 240.649475 0.000000 0.256219 0.000000 -0.966619 0.755323 0.755323 0.755323
4532.553711 0.000000 196.180359 0.000000 0.153391 0.000000 -0.988166 0.771776 0.771776 0.771776
4525.888672 0.000000 196.720551 0.000000 0.499609 0.000000 -0.866251 0.713992 0.713992 0.713992
4551.854004 0.000000 219.397034 0.000000 0.344019 0.000000 -0.938963 0.613636 0.613636 0.613636
4540.564941 0.000000 214.578339 0.000000 0.143935 0.000000 -0.989587 0.624424 0.624424 0.624424
4548.375000 0.000000 197.861450 0.000000 0.178470 0.000000 -0.983945 0.634061 0.634061 0.634061
4536.092285 0.000000 212.701874 0.000000 0.575842 0.000000 -0.817561 0.599943 0.599943 0.599943
4581.813965 0.000000 192.453812 0.000000 0.191609 0.000000 -0.981471 0.621901 0.621901 0.621901
4550.763184 0.000000 215.070847 0.000000 0.782638 0.000000 -0.622477 0.585059 0.585059 0.585059
4535.546875 0.000000 196.945297 0.000000 0.807841 0.000000 -0.589401 0.629625 0.629625 0.629625
4565.144531 0.000000 208.119659 0.000000 0.657590 0.000000 -0.753376 0.594517 0.594517 0.594517
4540.327148 0.000000 195.534500 0.000000 0.756530 0.000000 -0.653959 0.624385 0.624385 0.624385
4543.218750 0.000000 198.991104 0.000000 0.861902 0.000000 -0.507075 0.577748 0.577748 0.577748
4559.062500 0.000000 212.915588 0.000000 0.830783 0.000000 -0.556596 0.570263 0.570263 0.570263
4558.190430 0.000000 216.779724 0.000000 0.515785 0.000000 -0.856718 0.603684 0.603684 0.603684
4548.153809 0.000000 220.562057 0.000000 0.067782 0.000000 -0.997700 0.628421 0.628421 0.628421
4553.749023 0.000000 196.514587 0.000000 0.857889 0.000000 -0.513834 0.578158 0.578158 0.578158
4567.038574 0.000000 201.650879 0.000000 0.753111 0.000000 -0.657893 0.587465 0.587465 0.587465
4547.157715 0.000000 205.357269 0.000000 0.184802 0.000000 -0.982776 0.622262 0.622262 0.622262
4555.006836 0.000000 218.012909 0.000000 0.518586 0.000000 -0.855025 0.603514 0.603514 0.603514
4539.069824 0.000000 217.638275 0.000000 0.308183 0.000000 -0.951327 0.615614 0.615614 0.615614
4585.376953 0.000000 192.064941 0.000000 0.851899 0.000000 -0.523706 0.575733 0.575733 0.575733
4546.208496 0.000000 209.520508 0.000000 0.345918 0.000000 -0.938265 0.613531 0.613531 0.613531
4539.176758 0.000000 211.991882 0.000000 0.717045 0.000000 -0.697027 0.590242 0.590242 0.590242
4541.520508 0.000000 208.234879 0.000000 0.896022 0.000000 -0.444009 0.574005 0.574005 0.574005
4541.670410 0.000000 218.893860 0.000000 0.713408 0.000000 -0.700749 0.590513 0.590513 0.590513
4555.222656 0.000000 220.786591 0.000000 0.034775 0.000000 -0.999395 0.630146 0.630146 0.630146
4535.838379 0.000000 210.031799 0.000000 0.209731 0.000000 -0.977759 0.620936 0.620936 0.620936
4537.621582 0.000000 195.212158 0.000000 0.175681 0.000000 -0.984447 0.697407 0.697407 0.697407
4551.633789 0.000000 206.894958 0.000000 0.875298 0.000000 -0.483584 0.576336 0.576336 0.576336
4546.079102 0.000000 199.263626 0.000000 0.773566 0.000000 -0.633716 0.585812 0.585812 0.585812
4564.396484 0.000000 200.830505 0.000000 0.154535 0.000000 -0.987987 0.623865 0.623865 0.623865
4566.920898 0.000000 204.884552 0.000000 0.883707 0.000000 -0.468041 0.575414 0.575414 0.575414
4553.189453 0.000000 215.982849 0.000000 0.946271 0.000000 -0.323374 0.567182 0.567182 0.567182
4538.913086 0.000000 202.533447 0.000000 0.923981 0.000000 -0.382438 0.570476 0.570476 0.570476
4544.117188 0.000000 213.381958 0.000000 0.341569 0.000000 -0.939857 0.613772 0.613772 0.613772
4553.838379 0.000000 192.100647 0.000000 0.593326 0.000000 -0.804962 0.616804 0.616804 0.616804
4545.257812 0.000000 192.119629 0.000000 0.065781 0.000000 -0.997834 0.707052 0.707052 0.707052
4544.821777 0.000000 197.335388 0.000000 0.624715 0.000000 -0.780853 0.628742 0.628742 0.628742
4536.814453 0.000000 199.083008 0.000000 0.117986 0.000000 -0.993015 0.683630 0.683630 0.683630
4535.597168 0.000000 194.651367 0.000000 0.274832 0.000000 -0.961492 0.675995 0.675995 0.675995
4546.367676 0.000000 194.015198 0.000000 0.336734 0.000000 -0.941600 0.678081 0.678081 0.678081
4537.901855 0.000000 193.677307 0.000000 0.042747 0.000000 -0.999086 0.789189 0.789189 0.789189
4215.117676 0.000000 465.891510 0.000000 0.115611 0.000000 -0.993295 0.605937 0.605937 0.605937
4222.673828 0.000000 467.680573 0.000000 0.087081 0.000000 -0.996201 0.670191 0.670191 0.670191
4221.004883 0.000000 461.131287 0.000000 0.942167 0.000000 -0.335143 0.555162 0.555162 0.555162
4209.394531 0.000000 467.065796 0.000000 0.333785 0.000000 -0.942649 0.675029 0.675029 0.675029
4206.076660 0.000000 465.044250 0.000000 0.641179 0.000000 -0.767391 0.587235 0.587235 0.587235
4226.165527 0.000000 469.303284 0.000000 0.861334 0.000000 -0.508040 0.604148 0.604148 0.604148
4226.942383 0.000000 465.617310 0.000000 0.870453 0.000000 -0.492252 0.626324 0.626324 0.626324
4212.213379 0.000000 464.767059 0.000000 0.179803 0.000000 -0.983703 0.672152 0.672152 0.672152
4210.375000 0.000000 469.745148 0.000000 0.270305 0.000000 -0.962775 0.681796 0.681796 0.681796
4208.693359 0.000000 464.406494 0.000000 0.152653 0.000000 -0.988280 0.688197 0.688197 0.688197
4212.096191 0.000000 467.694336 0.000000 0.911129 0.000000 -0.412121 0.593162 0.593162 0.593162
4229.897949 0.000000 465.194763 0.000000 0.283781 0.000000 -0.958889 0.662754 0.662754 0.662754
4227.385742 0.000000 467.719727 0.000000 0.405054 0.000000 -0.914293 0.721097 0.721097 0.721097
4195.291504 0.000000 542.234802 0.000000 0.708525 0.000000 -0.705686 0.629600 0.629600 0.629600
4190.490723 0.000000 532.754578 0.000000 0.581353 0.000000 -0.813651 0.743140 0.743140 0.743140
4203.343262 0.000000 538.008728 0.000000 0.925492 0.000000 -0.378767 0.568136 0.568136 0.568136
4215.406738 0.000000 538.278442 0.000000 0.924274 0.000000 -0.381729 0.595175 0.595175 0.595175
4189.046387 0.000000 537.955872 0.000000 0.260812 0.000000 -0.965389 0.652289 0.652289 0.652289
4192.449219 0.000000 543.649963 0.000000 0.892559 0.000000 -0.450931 0.597534 0.597534 0.597534
4194.989746 0.000000 545.236694 0.000000 0.954052 0.000000 -0.299641 0.580921 0.580921 0.580921
4189.106934 0.000000 535.227905 0.000000 0.891379 0.000000 -0.453258 0.588756 0.588756 0.588756
4228.785645 0.000000 550.116699 0.000000 0.953662 0.000000 -0.300882 0.568464 0.568464 0.568464
4219.335938 0.000000 543.253845 0.000000 0.636766 0.000000 -0.771057 0.639467 0.639467 0.639467
4226.585449 0.000000 547.546509 0.000000 0.775194 0.000000 -0.631723 0.619478 0.619478 0.619478
4190.980469 0.000000 539.196289 0.000000 0.911625 0.000000 -0.411024 0.593039 0.593039 0.593039
4192.470703 0.000000 531.959412 0.000000 0.298707 0.000000 -0.954345 0.757102 0.757102 0.757102
4189.447754 0.000000 530.788940 0.000000 0.903890 0.000000 -0.427765 0.586416 0.586416 0.586416
4214.106934 0.000000 544.259583 0.000000 0.751906 0.000000 -0.659270 0.635993 0.635993 0.635993
4228.571289 0.000000 547.983765 0.000000 0.416186 0.000000 -0.909279 0.665992 0.665992 0.665992
4218.016113 0.000000 547.431458 0.000000 0.505670 0.000000 -0.862727 0.651452 0.651452 0.651452
4193.724609 0.000000 538.263184 0.000000 0.012723 0.000000 -0.999919 0.708315 0.708315 0.708315
4192.932617 0.000000 535.324097 0.000000 0.959601 0.000000 -0.281363 0.597387 0.597387 0.597387
4208.504883 0.000000 543.914978 0.000000 0.885960 0.000000 -0.463762 0.650648 0.650648 0.650648
4207.078613 0.000000 538.898743 0.000000 0.343027 0.000000 -0.939326 0.766216 0.766216 0.766216
4205.323242 0.000000 540.590820 0.000000 0.202754 0.000000 -0.979230 0.827725 0.827725 0.827725
4309.325195 0.000000 694.331604 0.000000 0.938165 0.000000 -0.346188 0.585920 0.585920 0.585920
4313.046875 0.000000 692.559692 0.000000 0.469859 0.000000 -0.882741 0.659907 0.659907 0.659907
4308.627930 0.000000 697.150146 0.000000 0.775255 0.000000 -0.631649 0.595999 0.595999 0.595999
4307.208984 0.000000 695.586853 0.000000 0.977660 0.000000 -0.210192 0.571518 0.571518 0.571518
4340.504395 0.000000 534.718689 0.000000 0.968293 0.000000 -0.249817 0.575656 0.575656 0.575656
4373.724121 0.000000 541.859375 0.000000 0.199297 0.000000 -0.979939 0.604560 0.604560 0.604560
4375.096191 0.000000 548.702576 0.000000 0.948000 0.000000 -0.318271 0.567345 0.567345 0.567345
4379.979492 0.000000 532.331604 0.000000 0.976196 0.000000 -0.216889 0.571614 0.571614 0.571614
4362.565918 0.000000 530.435669 0.000000 0.083447 0.000000 -0.996512 0.701119 0.701119 0.701119
4355.601562 0.000000 528.765869 0.000000 0.463177 0.000000 -0.886266 0.660675 0.660675 0.660675
4371.710938 0.000000 543.492493 0.000000 0.976459 0.000000 -0.215705 0.572091 0.572091 0.572091
4340.293457 0.000000 532.287415 0.000000 0.797684 0.000000 -0.603076 0.615777 0.615777 0.615777
4348.076172 0.000000 533.349548 0.000000 0.716335 0.000000 -0.697757 0.608322 0.608322 0.608322
4367.651855 0.000000 541.371094 0.000000 0.323211 0.000000 -0.946327 0.655707 0.655707 0.655707
4368.521484 0.000000 525.223022 0.000000 0.686944 0.000000 -0.726711 0.632662 0.632662 0.632662
4372.436035 0.000000 539.957581 0.000000 0.542144 0.000000 -0.840285 0.641796 0.641796 0.641796
4350.850586 0.000000 529.887329 0.000000 0.160677 0.000000 -0.987007 0.693210 0.693210 0.693210
4360.952148 0.000000 531.663818 0.000000 0.913575 0.000000 -0.406671 0.592555 0.592555 0.592555
4368.831543 0.000000 527.633789 0.000000 0.844095 0.000000 -0.536194 0.629261 0.629261 0.629261
4341.867188 0.000000 533.354736 0.000000 0.561233 0.000000 -0.827658 0.649061 0.649061 0.649061
4368.510254 0.000000 539.445740 0.000000 0.256929 0.000000 -0.966430 0.793010 0.793010 0.793010
4358.246094 0.000000 531.043701 0.000000 0.877781 0.000000 -0.479062 0.636434 0.636434 0.636434
4373.625977 0.000000 537.652161 0.000000 0.159212 0.000000 -0.987244 0.859970 0.859970 0.859970
4377.585938 0.000000 551.388855 0.000000 0.161507 0.000000 -0.986872 0.743412 0.743412 0.743412
4380.002441 0.000000 548.557678 0.000000 0.417333 0.000000 -0.908753 0.781728 0.781728 0.781728
4382.241699 0.000000 550.896301 0.000000 0.917686 0.000000 -0.397307 0.631909 0.631909 0.631909
4368.794434 0.000000 533.030090 0.000000 0.922219 0.000000 -0.386669 0.636133 0.636133 0.636133
4370.936035 0.000000 536.778809 0.000000 0.674464 0.000000 -0.738307 0.724487 0.724487 0.724487
4370.606445 0.000000 530.689392 0.000000 0.890928 0.000000 -0.454144 0.656804 0.656804 0.656804
4371.725586 0.000000 532.119080 0.000000 0.908188 0.000000 -0.418562 0.663854 0.663854 0.663854
4372.540527 0.000000 534.381531 0.000000 0.639121 0.000000 -0.769106 0.793373 0.793373 0.793373
4373.940918 0.000000 536.338928 0.000000 0.041700 0.000000 -0.999130 0.885934 0.885934 0.885934
4522.971191 0.000000 454.060699 0.000000 0.976726 0.000000 -0.214490 0.555343 0.555343 0.555343
4504.219238 0.000000 428.756470 0.000000 0.761345 0.000000 -0.648347 0.550969 0.550969 0.550969
4497.649902 0.000000 451.891083 0.000000 0.704371 0.000000 -0.709832 0.564089 0.564089 0.564089
4502.537109 0.000000 407.342163 0.000000 0.942734 0.000000 -0.333546 0.556070 0.556070 0.556070
4523.466309 0.000000 433.529663 0.000000 0.841640 0.000000 -0.540040 0.552350 0.552350 0.552350
4510.667480 0.000000 443.352905 0.000000 0.985329 0.000000 -0.170668 0.556123 0.556123 0.556123
4517.745117 0.000000 419.137390 0.000000 0.923970 0.000000 -0.382464 0.557006 0.557006 0.557006
4529.873047 0.000000 466.828613 0.000000 0.810297 0.000000 -0.586019 0.565476 0.565476 0.565476
4504.440918 0.000000 476.434326 0.000000 0.147597 0.000000 -0.989048 0.575395 0.575395 0.575395
4527.992188 0.000000 475.626373 0.000000 0.211278 0.000000 -0.977426 0.574239 0.574239 0.574239
4482.382812 0.000000 434.753052 0.000000 0.424938 0.000000 -0.905223 0.570205 0.570205 0.570205
4480.395996 0.000000 419.370789 0.000000 0.458172 0.000000 -0.888864 0.569544 0.569544 0.569544
4502.890625 0.000000 457.913635 0.000000 0.918703 0.000000 -0.394949 0.557247 0.557247 0.557247
4496.782227 0.000000 402.353577 0.000000 0.687002 0.000000 -0.726656 0.564520 0.564520 0.564520
4496.169922 0.000000 412.045776 0.000000 0.834914 0.000000 -0.550381 0.561204 0.561204 0.561204
4528.922852 0.000000 449.840546 0.000000 0.868932 0.000000 -0.494931 0.558531 0.558531 0.558531
4511.130371 0.000000 477.449951 0.000000 0.364982 0.000000 -0.931015 0.610823 0.610823 0.610823
4508.973633 0.000000 461.131287 0.000000 0.891421 0.000000 -0.453177 0.558396 0.558396 0.558396
4486.161133 0.000000 458.973816 0.000000 0.961294 0.000000 -0.275524 0.554983 0.554983 0.554983
4509.208008 0.000000 449.084167 0.000000 0.649248 0.000000 -0.760577 0.576106 0.576106 0.576106
4493.776855 0.000000 421.868958 0.000000 0.729231 0.000000 -0.684268 0.563452 0.563452 0.563452
4468.979004 0.000000 445.671204 0.000000 0.879456 0.000000 -0.475979 0.555449 0.555449 0.555449
4494.225098 0.000000 456.596313 0.000000 0.981283 0.000000 -0.192570 0.553459 0.553459 0.553459
4506.439941 0.000000 440.070526 0.000000 0.727854 0.000000 -0.685732 0.576976 0.576976 0.576976
4489.871094 0.000000 432.782288 0.000000 0.649596 0.000000 -0.760280 0.564232 0.564232 0.564232
4514.109863 0.000000 422.964081 0.000000 0.092141 0.000000 -0.995746 0.576392 0.576392 0.576392
4515.852051 0.000000 441.947235 0.000000 0.911641 0.000000 -0.410987 0.564539 0.564539 0.564539
4521.802734 0.000000 438.344940 0.000000 0.978239 0.000000 -0.207479 0.553731 0.553731 0.553731
4493.149902 0.000000 450.193481 0.000000 0.085361 0.000000 -0.996350 0.588751 0.588751 0.588751
4501.053711 0.000000 470.250275 0.000000 0.955037 0.000000 -0.296488 0.555373 0.555373 0.555373
4501.056152 0.000000 411.846130 0.000000 0.817473 0.000000 -0.575966 0.566856 0.566856 0.566856
4520.936523 0.000000 460.234131 0.000000 0.117982 0.000000 -0.993016 0.583906 0.583906 0.583906
4465.072754 0.000000 453.624207 0.000000 0.978435 0.000000 -0.206553 0.553714 0.553714 0.553714
4484.488770 0.000000 438.734314 0.000000 0.670241 0.000000 -0.742144 0.566076 0.566076 0.566076
4525.737793 0.000000 465.548889 0.000000 0.199068 0.000000 -0.979986 0.623386 0.623386 0.623386
4513.190430 0.000000 446.813751 0.000000 0.980316 0.000000 -0.197437 0.554093 0.554093 0.554093
4512.198730 0.000000 463.790802 0.000000 0.072378 0.000000 -0.997377 0.584976 0.584976 0.584976
4503.860352 0.000000 417.845093 0.000000 0.344680 0.000000 -0.938720 0.593515 0.593515 0.593515
4508.104492 0.000000 474.864319 0.000000 0.335170 0.000000 -0.942158 0.590501 0.590501 0.590501
4506.802734 0.000000 444.278748 0.000000 0.512629 0.000000 -0.858610 0.586863 0.586863 0.586863
4525.255859 0.000000 445.371155 0.000000 0.823208 0.000000 -0.567739 0.566580 0.566580 0.566580
4504.430664 0.000000 410.449921 0.000000 0.020868 0.000000 -0.999782 0.603205 0.603205 0.603205
4514.134277 0.000000 469.303284 0.000000 0.955284 0.000000 -0.295689 0.561541 0.561541 0.561541
4518.772461 0.000000 475.966248 0.000000 0.362624 0.000000 -0.931935 0.614246 0.614246 0.614246
4483.639160 0.000000 442.525543 0.000000 0.959096 0.000000 -0.283082 0.560246 0.560246 0.560246
4513.874023 0.000000 419.542633 0.000000 0.275795 0.000000 -0.961216 0.596103 0.596103 0.596103
4523.129883 0.000000 465.971527 0.000000 0.825128 0.000000 -0.564946 0.582150 0.582150 0.582150
4520.096680 0.000000 467.152649 0.000000 0.938843 0.000000 -0.344345 0.568343 0.568343 0.568343
4511.266602 0.000000 474.739502 0.000000 0.446353 0.000000 -0.894857 0.609340 0.609340 0.609340
4547.417480 0.000000 468.160400 0.000000 0.791384 0.000000 -0.611320 0.561741 0.561741 0.561741
4563.629395 0.000000 461.931580 0.000000 0.934284 0.000000 -0.356530 0.558009 0.558009 0.558009
4555.485840 0.000000 464.610809 0.000000 0.115908 0.000000 -0.993260 0.575966 0.575966 0.575966
4540.971191 0.000000 445.671204 0.000000 0.383681 0.000000 -0.923466 0.571010 0.571010 0.571010
4541.014648 0.000000 451.565735 0.000000 0.889505 0.000000 -0.456925 0.558471 0.558471 0.558471
4552.093262 0.000000 450.678406 0.000000 0.585997 0.000000 -0.810313 0.566863 0.566863 0.566863
4556.116699 0.000000 453.875885 0.000000 0.192352 0.000000 -0.981326 0.599168 0.599168 0.599168
4550.826660 0.000000 465.092834 0.000000 0.509300 0.000000 -0.860589 0.568501 0.568501 0.568501
4541.894043 0.000000 439.666656 0.000000 0.964314 0.000000 -0.264762 0.554783 0.554783 0.554783
4554.994629 0.000000 458.420410 0.000000 0.967111 0.000000 -0.254355 0.559182 0.559182 0.559182
4557.581543 0.000000 462.268921 0.000000 0.970807 0.000000 -0.239861 0.558648 0.558648 0.558648
4513.660156 0.000000 483.538330 0.000000 0.840723 0.000000 -0.541466 0.560214 0.560214 0.560214
4516.689941 0.000000 480.163513 0.000000 0.481008 0.000000 -0.876716 0.569082 0.569082 0.569082
4483.769531 0.000000 571.883667 0.000000 0.838230 0.000000 -0.545317 0.577719 0.577719 0.577719
4472.944336 0.000000 572.828369 0.000000 0.650853 0.000000 -0.759203 0.605636 0.605636 0.605636
4485.962891 0.000000 573.281677 0.000000 0.821833 0.000000 -0.569728 0.611593 0.611593 0.611593
4365.419922 0.000000 619.679932 0.000000 0.967598 0.000000 -0.252497 0.585400 0.585400 0.585400
4371.867676 0.000000 633.916016 0.000000 0.149528 0.000000 -0.988758 0.655342 0.655342 0.655342
4376.952148 0.000000 652.202881 0.000000 0.837552 0.000000 -0.546357 0.608731 0.608731 0.608731
4381.753418 0.000000 657.517700 0.000000 0.035893 0.000000 -0.999356 0.861920 0.861920 0.861920
4376.773438 0.000000 656.482788 0.000000 0.929496 0.000000 -0.368833 0.586309 0.586309 0.586309
4375.096191 0.000000 644.687012 0.000000 0.969883 0.000000 -0.243570 0.563176 0.563176 0.563176
4367.078125 0.000000 616.613342 0.000000 0.958563 0.000000 -0.284882 0.608707 0.608707 0.608707
4369.055176 0.000000 633.452454 0.000000 0.102339 0.000000 -0.994750 0.699191 0.699191 0.699191
4385.840820 0.000000 644.493042 0.000000 0.161059 0.000000 -0.986945 0.693171 0.693171 0.693171
4368.088379 0.000000 619.146729 0.000000 0.053795 0.000000 -0.998552 0.858278 0.858278 0.858278
4367.076660 0.000000 625.544250 0.000000 0.479029 0.000000 -0.877799 0.658849 0.658849 0.658849
4381.258789 0.000000 645.617737 0.000000 0.088735 0.000000 -0.996055 0.771800 0.771800 0.771800
4372.523438 0.000000 668.222168 0.000000 0.624939 0.000000 -0.780674 0.622567 0.622567 0.622567
4377.554688 0.000000 654.323242 0.000000 0.735896 0.000000 -0.677095 0.625578 0.625578 0.625578
4366.860840 0.000000 633.090332 0.000000 0.306751 0.000000 -0.951790 0.677928 0.677928 0.677928
4367.651855 0.000000 637.355469 0.000000 0.841965 0.000000 -0.539533 0.607123 0.607123 0.607123
4365.449219 0.000000 629.270996 0.000000 0.557564 0.000000 -0.830134 0.649511 0.649511 0.649511
4376.937988 0.000000 645.858582 0.000000 0.191503 0.000000 -0.981492 0.671106 0.671106 0.671106
4383.799316 0.000000 644.449646 0.000000 0.649058 0.000000 -0.760739 0.637836 0.637836 0.637836
4369.092285 0.000000 616.698486 0.000000 0.922636 0.000000 -0.385672 0.630462 0.630462 0.630462
4377.523438 0.000000 641.482422 0.000000 0.108243 0.000000 -0.994124 0.704612 0.704612 0.704612
4381.300781 0.000000 641.464172 0.000000 0.904669 0.000000 -0.426116 0.614674 0.614674 0.614674
4380.615723 0.000000 659.033936 0.000000 0.792605 0.000000 -0.609735 0.672452 0.672452 0.672452
4366.063965 0.000000 621.431519 0.000000 0.254975 0.000000 -0.966948 0.773553 0.773553 0.773553
4369.752441 0.000000 619.145447 0.000000 0.910839 0.000000 -0.412763 0.636467 0.636467 0.636467
4380.358398 0.000000 656.684326 0.000000 0.688210 0.000000 -0.725511 0.714969 0.714969 0.714969
4364.616699 0.000000 614.949829 0.000000 0.706355 0.000000 -0.707858 0.665548 0.665548 0.665548
4367.256836 0.000000 620.389893 0.000000 0.344781 0.000000 -0.938683 0.757517 0.757517 0.757517
4378.297363 0.000000 644.773438 0.000000 0.107920 0.000000 -0.994160 0.803057 0.803057 0.803057
4381.937500 0.000000 659.497437 0.000000 0.631480 0.000000 -0.775392 0.715703 0.715703 0.715703
4365.293457 0.000000 617.728027 0.000000 0.963656 0.000000 -0.267147 0.600872 0.600872 0.600872
4382.882812 0.000000 658.516724 0.000000 0.979630 0.000000 -0.200809 0.587756 0.587756 0.587756
4378.729492 0.000000 642.015381 0.000000 0.396350 0.000000 -0.918099 0.786396 0.786396 0.786396
4458.815918 0.000000 592.877014 0.000000 0.984448 0.000000 -0.175678 0.567944 0.567944 0.567944
4453.555664 0.000000 588.131470 0.000000 0.897467 0.000000 -0.441082 0.596416 0.596416 0.596416
4445.844238 0.000000 599.890808 0.000000 0.829273 0.000000 -0.558844 0.610254 0.610254 0.610254
4451.311035 0.000000 595.328735 0.000000 0.489739 0.000000 -0.871869 0.581991 0.581991 0.581991
4455.626953 0.000000 593.434021 0.000000 0.660881 0.000000 -0.750491 0.636247 0.636247 0.636247
4445.323242 0.000000 596.871338 0.000000 0.027670 0.000000 -0.999617 0.706796 0.706796 0.706796
4463.368652 0.000000 634.389526 0.000000 0.189869 0.000000 -0.981809 0.680725 0.680725 0.680725
4460.642578 0.000000 594.711243 0.000000 0.865007 0.000000 -0.501759 0.598357 0.598357 0.598357
4447.699219 0.000000 598.323059 0.000000 0.345306 0.000000 -0.938490 0.673784 0.673784 0.673784
4457.800781 0.000000 588.541260 0.000000 0.470461 0.000000 -0.882421 0.659838 0.659838 0.659838
4456.948242 0.000000 591.950928 0.000000 0.856604 0.000000 -0.515975 0.605087 0.605087 0.605087
4360.859375 0.000000 672.296387 0.000000 0.173884 0.000000 -0.984766 0.574919 0.574919 0.574919
4339.173340 0.000000 693.943237 0.000000 0.550649 0.000000 -0.834737 0.564918 0.564918 0.564918
4324.588379 0.000000 694.500244 0.000000 0.924842 0.000000 -0.380352 0.589646 0.589646 0.589646
4348.292969 0.000000 677.892700 0.000000 0.937295 0.000000 -0.348536 0.589596 0.589596 0.589596
4342.213867 0.000000 696.701660 0.000000 0.855608 0.000000 -0.517624 0.605283 0.605283 0.605283
4339.030273 0.000000 697.934814 0.000000 0.683253 0.000000 -0.730182 0.633176 0.633176 0.633176
4377.483887 0.000000 675.283630 0.000000 0.761159 0.000000 -0.648566 0.586822 0.586822 0.586822
4323.200195 0.000000 691.913818 0.000000 0.808670 0.000000 -0.588263 0.575043 0.575043 0.575043
4352.120605 0.000000 687.416077 0.000000 0.973620 0.000000 -0.228178 0.564224 0.564224 0.564224
4350.944336 0.000000 684.806458 0.000000 0.414389 0.000000 -0.910100 0.765114 0.765114 0.765114
4328.140625 0.000000 693.303894 0.000000 0.983813 0.000000 -0.179199 0.564349 0.564349 0.564349
4367.687500 0.000000 674.034912 0.000000 0.891907 0.000000 -0.452219 0.580284 0.580284 0.580284
4346.662598 0.000000 687.525146 0.000000 0.022385 0.000000 -0.999749 0.690324 0.690324 0.690324
4364.369629 0.000000 680.585571 0.000000 0.723206 0.000000 -0.690633 0.622229 0.622229 0.622229
4370.958984 0.000000 673.608215 0.000000 0.262381 0.000000 -0.964964 0.682632 0.682632 0.682632
4348.176758 0.000000 685.969116 0.000000 0.036447 0.000000 -0.999336 0.779642 0.779642 0.779642
4325.464844 0.000000 692.637817 0.000000 0.282921 0.000000 -0.959143 0.680462 0.680462 0.680462
4362.320801 0.000000 679.862366 0.000000 0.193676 0.000000 -0.981066 0.689803 0.689803 0.689803
4335.711914 0.000000 697.252808 0.000000 0.530579 0.000000 -0.847636 0.652779 0.652779 0.652779
4346.956543 0.000000 682.307983 0.000000 0.863335 0.000000 -0.504631 0.609557 0.609557 0.609557
4350.442383 0.000000 686.618103 0.000000 0.891688 0.000000 -0.452650 0.608694 0.608694 0.608694
4326.502441 0.000000 694.262573 0.000000 0.968546 0.000000 -0.248835 0.575553 0.575553 0.575553
4352.024414 0.000000 683.294556 0.000000 0.020442 0.000000 -0.999791 0.756493 0.756493 0.756493
4479.459473 0.000000 577.363586 0.000000 0.768208 0.000000 -0.640200 0.582435 0.582435 0.582435
4521.352051 0.000000 635.611755 0.000000 0.512406 0.000000 -0.858743 0.595381 0.595381 0.595381
4488.630859 0.000000 645.227478 0.000000 0.804735 0.000000 -0.593634 0.614580 0.614580 0.614580
4474.626465 0.000000 596.655151 0.000000 0.157521 0.000000 -0.987516 0.623707 0.623707 0.623707
4516.943848 0.000000 628.931213 0.000000 0.763760 0.000000 -0.645500 0.571196 0.571196 0.571196
4497.587402 0.000000 588.571289 0.000000 0.882468 0.000000 -0.470373 0.576225 0.576225 0.576225
4483.989258 0.000000 577.425720 0.000000 0.588821 0.000000 -0.808263 0.628834 0.628834 0.628834
4484.124512 0.000000 645.844666 0.000000 0.939457 0.000000 -0.342667 0.564888 0.564888 0.564888
4482.741699 0.000000 607.433228 0.000000 0.749397 0.000000 -0.662121 0.574841 0.574841 0.574841
4517.708496 0.000000 637.843811 0.000000 0.638704 0.000000 -0.769453 0.639212 0.639212 0.639212
4508.109375 0.000000 609.239014 0.000000 0.976098 0.000000 -0.217333 0.572261 0.572261 0.572261
4490.068848 0.000000 649.555298 0.000000 0.538724 0.000000 -0.842482 0.651800 0.651800 0.651800
4493.683105 0.000000 597.056152 0.000000 0.884182 0.000000 -0.467143 0.590044 0.590044 0.590044
4472.320312 0.000000 627.255981 0.000000 0.956440 0.000000 -0.291928 0.580101 0.580101 0.580101
4487.070312 0.000000 596.853149 0.000000 0.022018 0.000000 -0.999758 0.656331 0.656331 0.656331
4475.158691 0.000000 600.498657 0.000000 0.900441 0.000000 -0.434978 0.580896 0.580896 0.580896
4475.723145 0.000000 576.408081 0.000000 0.965242 0.000000 -0.261357 0.576868 0.576868 0.576868
4519.639648 0.000000 626.360474 0.000000 0.777887 0.000000 -0.628405 0.619044 0.619044 0.619044
4492.160156 0.000000 645.526062 0.000000 0.972139 0.000000 -0.234404 0.574041 0.574041 0.574041
4490.461426 0.000000 596.013184 0.000000 0.890214 0.000000 -0.455542 0.598059 0.598059 0.598059
4494.382324 0.000000 623.946289 0.000000 0.872945 0.000000 -0.487819 0.601779 0.601779 0.601779
4477.403320 0.000000 584.990479 0.000000 0.797600 0.000000 -0.603187 0.615791 0.615791 0.615791
4510.841797 0.000000 610.963989 0.000000 0.657488 0.000000 -0.753465 0.636705 0.636705 0.636705
4488.503906 0.000000 602.623108 0.000000 0.681330 0.000000 -0.731976 0.659379 0.659379 0.659379
4477.040039 0.000000 578.997192 0.000000 0.982548 0.000000 -0.186008 0.569011 0.569011 0.569011
4496.884277 0.000000 622.703918 0.000000 0.791350 0.000000 -0.611364 0.594257 0.594257 0.594257
4492.349609 0.000000 651.181641 0.000000 0.953312 0.000000 -0.301988 0.581172 0.581172 0.581172
4514.197754 0.000000 636.174988 0.000000 0.433620 0.000000 -0.901096 0.645543 0.645543 0.645543
4479.104492 0.000000 581.569275 0.000000 0.297812 0.000000 -0.954625 0.771188 0.771188 0.771188
4477.402832 0.000000 596.571716 0.000000 0.724974 0.000000 -0.688777 0.608424 0.608424 0.608424
4474.086914 0.000000 583.201172 0.000000 0.550088 0.000000 -0.835107 0.623282 0.623282 0.623282
4518.559082 0.000000 635.231445 0.000000 0.975340 0.000000 -0.220709 0.572612 0.572612 0.572612
4511.971680 0.000000 613.445068 0.000000 0.933686 0.000000 -0.358094 0.587212 0.587212 0.587212
4486.172363 0.000000 644.280823 0.000000 0.045310 0.000000 -0.998973 0.705002 0.705002 0.705002
4472.006348 0.000000 630.139526 0.000000 0.420229 0.000000 -0.907418 0.665540 0.665540 0.665540
4474.678223 0.000000 580.023926 0.000000 0.333164 0.000000 -0.942869 0.675095 0.675095 0.675095
4521.380371 0.000000 627.969666 0.000000 0.102124 0.000000 -0.994772 0.683082 0.683082 0.683082
4502.204102 0.000000 667.459595 0.000000 0.248776 0.000000 -0.968561 0.651452 0.651452 0.651452
4491.425781 0.000000 575.921021 0.000000 0.152440 0.000000 -0.988313 0.694058 0.694058 0.694058
4491.916992 0.000000 647.947021 0.000000 0.950527 0.000000 -0.310640 0.582095 0.582095 0.582095
4494.146973 0.000000 603.026978 0.000000 0.208443 0.000000 -0.978035 0.804121 0.804121 0.804121
4489.444336 0.000000 647.357056 0.000000 0.679881 0.000000 -0.733323 0.633645 0.633645 0.633645
4476.319824 0.000000 598.531189 0.000000 0.971753 0.000000 -0.235999 0.574208 0.574208 0.574208
4465.616211 0.000000 635.630798 0.000000 0.966347 0.000000 -0.257242 0.574649 0.574649 0.574649
4482.793457 0.000000 585.218506 0.000000 0.943371 0.000000 -0.331740 0.574608 0.574608 0.574608
4464.276855 0.000000 639.126526 0.000000 0.781554 0.000000 -0.623837 0.618449 0.618449 0.618449
4519.693359 0.000000 637.155701 0.000000 0.591439 0.000000 -0.806350 0.645305 0.645305 0.645305
4502.131348 0.000000 660.159424 0.000000 0.977983 0.000000 -0.208684 0.571361 0.571361 0.571361
4494.282715 0.000000 583.634460 0.000000 0.747282 0.000000 -0.664507 0.623853 0.623853 0.623853
4508.604492 0.000000 611.326111 0.000000 0.752294 0.000000 -0.658827 0.623083 0.623083 0.623083
4491.438477 0.000000 643.369568 0.000000 0.604993 0.000000 -0.796231 0.643586 0.643586 0.643586
4487.675293 0.000000 642.828613 0.000000 0.842480 0.000000 -0.538728 0.607808 0.607808 0.607808
4479.600098 0.000000 579.528870 0.000000 0.353863 0.000000 -0.935297 0.682817 0.682817 0.682817
4490.253418 0.000000 651.683228 0.000000 0.817288 0.000000 -0.576230 0.609026 0.609026 0.609026
4494.834961 0.000000 625.871704 0.000000 0.391226 0.000000 -0.920294 0.668765 0.668765 0.668765
4501.291016 0.000000 650.991455 0.000000 0.015656 0.000000 -0.999877 0.708017 0.708017 0.708017
4513.076660 0.000000 616.698486 0.000000 0.538033 0.000000 -0.842924 0.651883 0.651883 0.651883
4519.505371 0.000000 624.380920 0.000000 0.292703 0.000000 -0.956204 0.679425 0.679425 0.679425
4519.381348 0.000000 639.121155 0.000000 0.842957 0.000000 -0.537982 0.607718 0.607718 0.607718
4494.048340 0.000000 650.425171 0.000000 0.470839 0.000000 -0.882219 0.704306 0.704306 0.704306
4499.984863 0.000000 649.490112 0.000000 0.183131 0.000000 -0.983088 0.690894 0.690894 0.690894
4477.239746 0.000000 583.276245 0.000000 0.814209 0.000000 -0.580571 0.649513 0.649513 0.649513
4490.026367 0.000000 602.679199 0.000000 0.171592 0.000000 -0.985168 0.803450 0.803450 0.803450
4494.929688 0.000000 600.628784 0.000000 0.582932 0.000000 -0.812521 0.742746 0.742746 0.742746
4598.932617 0.000000 662.768372 0.000000 0.965110 0.000000 -0.261846 0.562732 0.562732 0.562732
4592.928711 0.000000 652.202881 0.000000 0.943549 0.000000 -0.331232 0.556490 0.556490 0.556490
4597.729980 0.000000 657.517700 0.000000 0.924250 0.000000 -0.381789 0.589804 0.589804 0.589804
4604.245605 0.000000 665.309753 0.000000 0.972745 0.000000 -0.231879 0.576348 0.576348 0.576348
4603.452148 0.000000 669.956177 0.000000 0.322817 0.000000 -0.946461 0.693264 0.693264 0.693264
4604.948242 0.000000 667.518250 0.000000 0.963505 0.000000 -0.267689 0.604699 0.604699 0.604699
4606.864258 0.000000 669.940796 0.000000 0.000123 0.000000 -1.000000 0.869191 0.869191 0.869191
4479.861816 0.000000 699.318970 0.000000 0.980898 0.000000 -0.194523 0.569086 0.569086 0.569086
4474.228027 0.000000 681.930176 0.000000 0.972867 0.000000 -0.231365 0.551282 0.551282 0.551282
4507.695312 0.000000 678.331543 0.000000 0.757358 0.000000 -0.653000 0.592989 0.592989 0.592989
4475.158691 0.000000 696.483032 0.000000 0.665897 0.000000 -0.746044 0.634409 0.634409 0.634409
4477.403320 0.000000 680.974854 0.000000 0.676867 0.000000 -0.736105 0.590895 0.590895 0.590895
4476.215820 0.000000 713.478882 0.000000 0.406918 0.000000 -0.913465 0.667026 0.667026 0.667026
4479.641602 0.000000 686.816895 0.000000 0.789383 0.000000 -0.613900 0.617163 0.617163 0.617163
4481.846191 0.000000 672.022583 0.000000 0.874129 0.000000 -0.485694 0.595961 0.595961 0.595961
4476.367676 0.000000 683.166809 0.000000 0.307671 0.000000 -0.951493 0.677830 0.677830 0.677830
4505.300293 0.000000 677.933655 0.000000 0.473624 0.000000 -0.880727 0.659474 0.659474 0.659474
4477.394043 0.000000 685.836731 0.000000 0.512434 0.000000 -0.858726 0.654940 0.654940 0.654940
4474.669922 0.000000 698.852234 0.000000 0.654929 0.000000 -0.755691 0.624110 0.624110 0.624110
4474.043945 0.000000 713.801086 0.000000 0.455173 0.000000 -0.890403 0.645003 0.645003 0.645003
4504.554688 0.000000 674.202087 0.000000 0.930483 0.000000 -0.366336 0.588111 0.588111 0.588111
4606.350098 0.000000 673.848572 0.000000 0.533271 0.000000 -0.845944 0.682916 0.682916 0.682916
2625.622803 0.000000 1963.611694 0.000000 0.840929 0.000000 -0.541146 0.604174 0.604174 0.604174
2645.939697 0.000000 1991.000732 0.000000 0.975776 0.000000 -0.218771 0.586341 0.586341 0.586341
2636.573486 0.000000 1972.511475 0.000000 0.952695 0.000000 -0.303928 0.628022 0.628022 0.628022
3208.907227 0.000000 1901.736450 0.000000 0.772309 0.000000 -0.635247 0.570793 0.570793 0.570793
3203.335449 0.000000 1898.939453 0.000000 0.470558 0.000000 -0.882369 0.601945 0.601945 0.601945
3200.216309 0.000000 1901.942261 0.000000 0.884774 0.000000 -0.466021 0.592602 0.592602 0.592602
3326.969971 0.000000 1915.685425 0.000000 0.749125 0.000000 -0.662428 0.564913 0.564913 0.564913
3343.158691 0.000000 1899.914917 0.000000 0.982418 0.000000 -0.186694 0.557220 0.557220 0.557220
3329.658691 0.000000 1918.378296 0.000000 0.763467 0.000000 -0.645847 0.630984 0.630984 0.630984
3331.290527 0.000000 1913.566162 0.000000 0.650488 0.000000 -0.759517 0.663702 0.663702 0.663702
3089.650879 0.000000 1981.461304 0.000000 0.276189 0.000000 -0.961103 0.576589 0.576589 0.576589
3094.754150 0.000000 1991.181274 0.000000 0.920554 0.000000 -0.390615 0.578102 0.578102 0.578102
3091.195557 0.000000 1990.611694 0.000000 0.382466 0.000000 -0.923969 0.608247 0.608247 0.608247
3078.715332 0.000000 1979.012817 0.000000 0.942837 0.000000 -0.333253 0.575658 0.575658 0.575658
3087.652588 0.000000 1980.140015 0.000000 0.098885 0.000000 -0.995099 0.653064 0.653064 0.653064
3087.897461 0.000000 1970.480957 0.000000 0.777802 0.000000 -0.628509 0.741307 0.741307 0.741307
3119.250977 0.000000 2008.264282 0.000000 0.381264 0.000000 -0.924466 0.562958 0.562958 0.562958
3143.278809 0.000000 2013.200073 0.000000 0.883038 0.000000 -0.469302 0.560732 0.560732 0.560732
3097.220947 0.000000 1989.374268 0.000000 0.243269 0.000000 -0.969959 0.575472 0.575472 0.575472
3117.966553 0.000000 2004.101318 0.000000 0.172339 0.000000 -0.985038 0.690090 0.690090 0.690090
3163.298584 0.000000 1924.652832 0.000000 0.904313 0.000000 -0.426871 0.579068 0.579068 0.579068
3104.981934 0.000000 1991.657471 0.000000 0.826112 0.000000 -0.563506 0.585345 0.585345 0.585345
3115.935547 0.000000 2005.460571 0.000000 0.775061 0.000000 -0.631886 0.621378 0.621378 0.621378
3114.395508 0.000000 2007.864990 0.000000 0.549075 0.000000 -0.835773 0.668210 0.668210 0.668210
3162.655518 0.000000 2101.507812 0.000000 0.665494 0.000000 -0.746403 0.597438 0.597438 0.597438
3166.118164 0.000000 2095.821533 0.000000 0.106015 0.000000 -0.994365 0.801377 0.801377 0.801377
3081.508301 0.000000 2171.361816 0.000000 0.828791 0.000000 -0.559558 0.593217 0.593217 0.593217
3091.439941 0.000000 2163.995361 0.000000 0.935062 0.000000 -0.354485 0.572888 0.572888 0.572888
3076.290283 0.000000 2177.630859 0.000000 0.763593 0.000000 -0.645698 0.554819 0.554819 0.554819
3085.650879 0.000000 2188.733887 0.000000 0.929639 0.000000 -0.368472 0.562954 0.562954 0.562954
3087.731934 0.000000 2169.709717 0.000000 0.551077 0.000000 -0.834454 0.606929 0.606929 0.606929
3088.829590 0.000000 2158.637695 0.000000 0.631265 0.000000 -0.775567 0.621908 0.621908 0.621908
3088.022949 0.000000 2182.249268 0.000000 0.577733 0.000000 -0.816226 0.627355 0.627355 0.627355
3093.688477 0.000000 2156.823730 0.000000 0.271938 0.000000 -0.962315 0.724313 0.724313 0.724313
3085.412109 0.000000 2173.090088 0.000000 0.159905 0.000000 -0.987132 0.654563 0.654563 0.654563
3089.476807 0.000000 2188.044922 0.000000 0.116026 0.000000 -0.993246 0.699789 0.699789 0.699789
3087.015381 0.000000 2161.586426 0.000000 0.395096 0.000000 -0.918640 0.653944 0.653944 0.653944
3090.399414 0.000000 2161.206299 0.000000 0.923891 0.000000 -0.382656 0.588281 0.588281 0.588281
3084.120117 0.000000 2164.066162 0.000000 0.584104 0.000000 -0.811679 0.660530 0.660530 0.660530
3081.824463 0.000000 2179.170654 0.000000 0.584112 0.000000 -0.811673 0.633222 0.633222 0.633222
3089.981445 0.000000 2180.243164 0.000000 0.596849 0.000000 -0.802353 0.625442 0.625442 0.625442
3091.195557 0.000000 2182.580566 0.000000 0.332755 0.000000 -0.943013 0.612570 0.612570 0.612570
3088.921875 0.000000 2163.464844 0.000000 0.558341 0.000000 -0.829611 0.641355 0.641355 0.641355
3086.403320 0.000000 2167.544434 0.000000 0.984355 0.000000 -0.176198 0.563133 0.563133 0.563133
3086.991211 0.000000 2186.664307 0.000000 0.213721 0.000000 -0.976895 0.667251 0.667251 0.667251
3085.399658 0.000000 2181.367920 0.000000 0.737616 0.000000 -0.675221 0.635498 0.635498 0.635498
3085.574707 0.000000 2170.867432 0.000000 0.977753 0.000000 -0.209760 0.569152 0.569152 0.569152
3087.782959 0.000000 2189.391357 0.000000 0.029404 0.000000 -0.999568 0.672756 0.672756 0.672756
3083.896973 0.000000 2178.666748 0.000000 0.820676 0.000000 -0.571395 0.627667 0.627667 0.627667
3083.596924 0.000000 2171.950684 0.000000 0.501010 0.000000 -0.865441 0.677831 0.677831 0.677831
3087.939697 0.000000 2180.199951 0.000000 0.867224 0.000000 -0.497918 0.603674 0.603674 0.603674
3087.141357 0.000000 2184.060303 0.000000 0.766684 0.000000 -0.642025 0.625622 0.625622 0.625622
3083.212402 0.000000 2170.248535 0.000000 0.697569 0.000000 -0.716517 0.647618 0.647618 0.647618
3095.715820 0.000000 2191.837158 0.000000 0.794390 0.000000 -0.607408 0.551793 0.551793 0.551793
3102.058350 0.000000 2146.030762 0.000000 0.877453 0.000000 -0.479662 0.580911 0.580911 0.580911
3126.840576 0.000000 2172.117432 0.000000 0.003535 0.000000 -0.999994 0.571520 0.571520 0.571520
3104.287598 0.000000 2152.327881 0.000000 0.726314 0.000000 -0.687363 0.572893 0.572893 0.572893
3121.455811 0.000000 2174.777100 0.000000 0.879981 0.000000 -0.475009 0.556117 0.556117 0.556117
3119.255615 0.000000 2170.114258 0.000000 0.978331 0.000000 -0.207048 0.559164 0.559164 0.559164
3099.752930 0.000000 2154.444092 0.000000 0.353034 0.000000 -0.935611 0.629749 0.629749 0.629749
3097.220947 0.000000 2181.343262 0.000000 0.359110 0.000000 -0.933295 0.573135 0.573135 0.573135
3100.603027 0.000000 2150.143311 0.000000 0.374941 0.000000 -0.927049 0.701509 0.701509 0.701509
3105.779541 0.000000 2147.694092 0.000000 0.966852 0.000000 -0.255337 0.563827 0.563827 0.563827
3125.081055 0.000000 2162.921143 0.000000 0.515313 0.000000 -0.857002 0.598059 0.598059 0.598059
3135.523926 0.000000 2170.012939 0.000000 0.940391 0.000000 -0.340094 0.563818 0.563818 0.563818
3130.037598 0.000000 2165.108398 0.000000 0.620928 0.000000 -0.783868 0.619271 0.619271 0.619271
3118.593994 0.000000 2173.460693 0.000000 0.406293 0.000000 -0.913743 0.627536 0.627536 0.627536
3106.389160 0.000000 2160.708984 0.000000 0.380491 0.000000 -0.924784 0.645633 0.645633 0.645633
3128.099854 0.000000 2177.267090 0.000000 0.817459 0.000000 -0.575987 0.577813 0.577813 0.577813
3132.883789 0.000000 2174.486816 0.000000 0.055884 0.000000 -0.998437 0.722647 0.722647 0.722647
3124.498291 0.000000 2186.931885 0.000000 0.771636 0.000000 -0.636064 0.604903 0.604903 0.604903
3129.474121 0.000000 2172.710205 0.000000 0.520637 0.000000 -0.853778 0.604793 0.604793 0.604793
3128.628174 0.000000 2170.340820 0.000000 0.620466 0.000000 -0.784234 0.618079 0.618079 0.618079
3126.142578 0.000000 2190.176758 0.000000 0.101658 0.000000 -0.994819 0.642784 0.642784 0.642784
3129.516602 0.000000 2181.995850 0.000000 0.721411 0.000000 -0.692507 0.625626 0.625626 0.625626
3116.947510 0.000000 2175.553711 0.000000 0.928227 0.000000 -0.372013 0.581404 0.581404 0.581404
3116.961426 0.000000 2172.047363 0.000000 0.499492 0.000000 -0.866318 0.673729 0.673729 0.673729
3108.981201 0.000000 2155.533691 0.000000 0.603083 0.000000 -0.797678 0.676797 0.676797 0.676797
3129.384277 0.000000 2187.877197 0.000000 0.937055 0.000000 -0.349183 0.581836 0.581836 0.581836
3102.514893 0.000000 2150.811035 0.000000 0.880747 0.000000 -0.473587 0.599452 0.599452 0.599452
3128.073975 0.000000 2168.520264 0.000000 0.979899 0.000000 -0.199495 0.575372 0.575372 0.575372
3104.624023 0.000000 2175.555176 0.000000 0.684149 0.000000 -0.729343 0.680189 0.680189 0.680189
3136.367432 0.000000 2252.459717 0.000000 0.509988 0.000000 -0.860181 0.558532 0.558532 0.558532
3155.614746 0.000000 2257.232910 0.000000 0.161660 0.000000 -0.986847 0.559670 0.559670 0.559670
3141.317383 0.000000 2245.259766 0.000000 0.031338 0.000000 -0.999509 0.558455 0.558455 0.558455
3149.092285 0.000000 2260.665771 0.000000 0.975761 0.000000 -0.218840 0.553332 0.553332 0.553332
3151.408447 0.000000 2254.193848 0.000000 0.924798 0.000000 -0.380460 0.555895 0.555895 0.555895
3132.028076 0.000000 2267.446045 0.000000 0.881919 0.000000 -0.471401 0.568199 0.568199 0.568199
3132.525391 0.000000 2259.041992 0.000000 0.849928 0.000000 -0.526899 0.566764 0.566764 0.566764
3130.175537 0.000000 2264.345459 0.000000 0.731790 0.000000 -0.681530 0.577800 0.577800 0.577800
3207.227051 0.000000 2001.641602 0.000000 0.795365 0.000000 -0.606130 0.575930 0.575930 0.575930
3220.954590 0.000000 1998.451172 0.000000 0.863862 0.000000 -0.503729 0.552899 0.552899 0.552899
3229.635254 0.000000 1996.764893 0.000000 0.440120 0.000000 -0.897939 0.571435 0.571435 0.571435
3202.398926 0.000000 1997.860107 0.000000 0.748856 0.000000 -0.662733 0.683298 0.683298 0.683298
3179.565918 0.000000 1989.646240 0.000000 0.949464 0.000000 -0.313874 0.566659 0.566659 0.566659
3201.503662 0.000000 2002.815918 0.000000 0.084994 0.000000 -0.996382 0.619361 0.619361 0.619361
3225.076904 0.000000 1995.984253 0.000000 0.112793 0.000000 -0.993619 0.736154 0.736154 0.736154
3202.788574 0.000000 1991.941772 0.000000 0.250967 0.000000 -0.967996 0.635001 0.635001 0.635001
3216.339355 0.000000 1999.540894 0.000000 0.467218 0.000000 -0.884142 0.672126 0.672126 0.672126
3236.632812 0.000000 1976.207153 0.000000 0.475896 0.000000 -0.879502 0.644453 0.644453 0.644453
3236.920654 0.000000 1984.157593 0.000000 0.961198 0.000000 -0.275858 0.605261 0.605261 0.605261
3199.174316 0.000000 1995.899292 0.000000 0.091398 0.000000 -0.995815 1.017174 1.017174 1.017174
3191.330322 0.000000 1991.747803 0.000000 0.675445 0.000000 -0.737410 0.581881 0.581881 0.581881
3204.322754 0.000000 2000.517212 0.000000 0.393674 0.000000 -0.919250 0.644475 0.644475 0.644475
3238.738525 0.000000 1991.181274 0.000000 0.474864 0.000000 -0.880059 0.646034 0.646034 0.646034
3221.803955 0.000000 1995.542725 0.000000 0.774965 0.000000 -0.632004 0.670242 0.670242 0.670242
3230.738770 0.000000 1983.732788 0.000000 0.707154 0.000000 -0.707059 0.641659 0.641659 0.641659
3232.870361 0.000000 1993.114990 0.000000 0.961084 0.000000 -0.276256 0.609186 0.609186 0.609186
3227.513428 0.000000 1994.915161 0.000000 0.800104 0.000000 -0.599861 0.600351 0.600351 0.600351
3215.634766 0.000000 1996.986694 0.000000 0.747719 0.000000 -0.664016 0.719509 0.719509 0.719509
3176.974121 0.000000 1991.657471 0.000000 0.316856 0.000000 -0.948474 0.659706 0.659706 0.659706
3230.975586 0.000000 1994.695312 0.000000 0.328783 0.000000 -0.944405 0.628055 0.628055 0.628055
3198.134766 0.000000 1998.207886 0.000000 0.551279 0.000000 -0.834321 0.749202 0.749202 0.749202
3238.834473 0.000000 1982.341553 0.000000 0.130960 0.000000 -0.991388 0.644873 0.644873 0.644873
3236.228271 0.000000 1981.830078 0.000000 0.345836 0.000000 -0.938295 0.809157 0.809157 0.809157
3201.376465 0.000000 1995.908203 0.000000 0.818785 0.000000 -0.574100 0.745640 0.745640 0.745640
3219.816650 0.000000 1996.205322 0.000000 0.772808 0.000000 -0.634640 0.681225 0.681225 0.681225
3197.577393 0.000000 1990.623901 0.000000 0.955974 0.000000 -0.293450 0.613388 0.613388 0.613388
3215.280273 0.000000 1992.279419 0.000000 0.617542 0.000000 -0.786538 0.651918 0.651918 0.651918
3199.310303 0.000000 1999.441528 0.000000 0.981353 0.000000 -0.192217 0.589041 0.589041 0.589041
3234.482666 0.000000 1992.691650 0.000000 0.069433 0.000000 -0.997587 0.803558 0.803558 0.803558
3230.366455 0.000000 1990.661987 0.000000 0.642746 0.000000 -0.766080 0.757312 0.757312 0.757312
3202.421143 0.000000 1993.627808 0.000000 0.798712 0.000000 -0.601713 0.646632 0.646632 0.646632
3194.294189 0.000000 1997.153931 0.000000 0.895034 0.000000 -0.445997 0.644580 0.644580 0.644580
3218.119873 0.000000 1993.514648 0.000000 0.849312 0.000000 -0.527891 0.650796 0.650796 0.650796
3221.118408 0.000000 1994.152710 0.000000 0.361269 0.000000 -0.932462 0.761114 0.761114 0.761114
3232.228516 0.000000 1986.798828 0.000000 0.734482 0.000000 -0.678628 0.694410 0.694410 0.694410
3235.062744 0.000000 1989.164062 0.000000 0.885456 0.000000 -0.464723 0.633620 0.633620 0.633620
3237.272461 0.000000 1982.770142 0.000000 0.362239 0.000000 -0.932085 0.835086 0.835086 0.835086
3200.254395 0.000000 1994.946899 0.000000 0.864904 0.000000 -0.501937 0.718232 0.718232 0.718232
3235.249512 0.000000 1975.966431 0.000000 0.582485 0.000000 -0.812841 0.843196 0.843196 0.843196
3199.342285 0.000000 1993.359375 0.000000 0.949800 0.000000 -0.312856 0.644812 0.644812 0.644812
3230.483643 0.000000 1993.414185 0.000000 0.373955 0.000000 -0.927447 0.799481 0.799481 0.799481
3200.268311 0.000000 1996.542969 0.000000 0.776543 0.000000 -0.630064 0.699753 0.699753 0.699753
3231.086914 0.000000 1976.636597 0.000000 0.687647 0.000000 -0.726045 0.767565 0.767565 0.767565
3235.919922 0.000000 1978.757202 0.000000 0.180187 0.000000 -0.983632 1.036563 1.036563 1.036563
3232.640625 0.000000 1977.234619 0.000000 0.518379 0.000000 -0.855151 0.909189 0.909189 0.909189
3309.420898 0.000000 1950.999756 0.000000 0.372629 0.000000 -0.927980 0.634893 0.634893 0.634893
3264.763916 0.000000 1989.008789 0.000000 0.878520 0.000000 -0.477705 0.557522 0.557522 0.557522
3272.960938 0.000000 1969.941040 0.000000 0.939178 0.000000 -0.343431 0.558183 0.558183 0.558183
3245.155518 0.000000 1987.315796 0.000000 0.726947 0.000000 -0.686694 0.591574 0.591574 0.591574
3282.572510 0.000000 1975.820679 0.000000 0.947347 0.000000 -0.320210 0.574168 0.574168 0.574168
3279.975586 0.000000 1969.853027 0.000000 0.904970 0.000000 -0.425475 0.577759 0.577759 0.577759
3263.239990 0.000000 1978.145386 0.000000 0.555239 0.000000 -0.831691 0.624172 0.624172 0.624172
3285.537354 0.000000 1963.461304 0.000000 0.946604 0.000000 -0.322398 0.566227 0.566227 0.566227
3262.033691 0.000000 1985.502197 0.000000 0.247676 0.000000 -0.968843 0.660605 0.660605 0.660605
3267.445068 0.000000 1977.774414 0.000000 0.942942 0.000000 -0.332956 0.579363 0.579363 0.579363
3279.508301 0.000000 1978.044189 0.000000 0.453123 0.000000 -0.891448 0.625557 0.625557 0.625557
3309.963867 0.000000 1946.952271 0.000000 0.222187 0.000000 -0.975004 0.603627 0.603627 0.603627
3305.078369 0.000000 1957.567871 0.000000 0.219117 0.000000 -0.975699 0.700136 0.700136 0.700136
3276.509766 0.000000 1971.088745 0.000000 0.867828 0.000000 -0.496865 0.598551 0.598551 0.598551
3299.449219 0.000000 1954.389282 0.000000 0.962733 0.000000 -0.270454 0.581964 0.581964 0.581964
3290.969482 0.000000 1961.475098 0.000000 0.064746 0.000000 -0.997902 0.674074 0.674074 0.674074
3300.661133 0.000000 1956.926270 0.000000 0.930105 0.000000 -0.367294 0.599576 0.599576 0.599576
3279.913818 0.000000 1975.609741 0.000000 0.933783 0.000000 -0.357840 0.592712 0.592712 0.592712
3276.879883 0.000000 1977.067993 0.000000 0.140933 0.000000 -0.990019 0.703091 0.703091 0.703091
3307.632080 0.000000 1949.410889 0.000000 0.980503 0.000000 -0.196503 0.571184 0.571184 0.571184
3265.656738 0.000000 1976.237183 0.000000 0.664783 0.000000 -0.747036 0.611392 0.611392 0.611392
3304.765625 0.000000 1955.243652 0.000000 0.842963 0.000000 -0.537972 0.631116 0.631116 0.631116
3272.058350 0.000000 1976.551392 0.000000 0.374778 0.000000 -0.927115 0.662427 0.662427 0.662427
3301.074463 0.000000 1953.445312 0.000000 0.421610 0.000000 -0.906777 0.679419 0.679419 0.679419
3310.870605 0.000000 1952.131592 0.000000 0.911397 0.000000 -0.411528 0.598919 0.598919 0.598919
3264.523682 0.000000 1981.361694 0.000000 0.941979 0.000000 -0.335671 0.592303 0.592303 0.592303
3296.456299 0.000000 1956.155396 0.000000 0.216215 0.000000 -0.976346 0.756195 0.756195 0.756195
3194.120605 0.000000 2069.883301 0.000000 0.977491 0.000000 -0.210976 0.575102 0.575102 0.575102
3187.400879 0.000000 2077.984863 0.000000 0.768870 0.000000 -0.639406 0.711934 0.711934 0.711934
3198.832764 0.000000 2076.133057 0.000000 0.562957 0.000000 -0.826486 0.674230 0.674230 0.674230
3221.084473 0.000000 2068.696777 0.000000 0.508403 0.000000 -0.861119 0.575642 0.575642 0.575642
3184.532959 0.000000 2072.538574 0.000000 0.551441 0.000000 -0.834214 0.685485 0.685485 0.685485
3179.565918 0.000000 2085.630615 0.000000 0.862123 0.000000 -0.506700 0.590128 0.590128 0.590128
3207.983398 0.000000 2065.837402 0.000000 0.740776 0.000000 -0.671753 0.585399 0.585399 0.585399
3182.321777 0.000000 2077.117676 0.000000 0.301560 0.000000 -0.953447 0.800019 0.800019 0.800019
3199.140137 0.000000 2070.646484 0.000000 0.200477 0.000000 -0.979698 0.711655 0.711655 0.711655
3188.629395 0.000000 2070.468750 0.000000 0.382613 0.000000 -0.923909 0.715011 0.715011 0.715011
3182.600342 0.000000 2068.504639 0.000000 0.126451 0.000000 -0.991973 0.631293 0.631293 0.631293
3197.073242 0.000000 2066.936768 0.000000 0.452134 0.000000 -0.891950 0.581766 0.581766 0.581766
3178.552979 0.000000 2089.563232 0.000000 0.492356 0.000000 -0.870394 0.645700 0.645700 0.645700
3175.769775 0.000000 2098.677490 0.000000 0.849082 0.000000 -0.528262 0.577511 0.577511 0.577511
3207.516113 0.000000 2074.028564 0.000000 0.178089 0.000000 -0.984014 0.662750 0.662750 0.662750
3205.408936 0.000000 2081.862061 0.000000 0.149207 0.000000 -0.988806 0.620244 0.620244 0.620244
3181.155518 0.000000 2073.706055 0.000000 0.147764 0.000000 -0.989023 0.632035 0.632035 0.632035
3223.313721 0.000000 2072.483154 0.000000 0.288656 0.000000 -0.957433 0.648268 0.648268 0.648268
3175.970703 0.000000 2091.961426 0.000000 0.842759 0.000000 -0.538292 0.595268 0.595268 0.595268
3185.162842 0.000000 2075.954834 0.000000 0.947131 0.000000 -0.320846 0.598436 0.598436 0.598436
3184.558594 0.000000 2079.400146 0.000000 0.452129 0.000000 -0.891952 0.792027 0.792027 0.792027
3213.476807 0.000000 2071.185059 0.000000 0.607118 0.000000 -0.794612 0.663491 0.663491 0.663491
3217.180420 0.000000 2073.218262 0.000000 0.896376 0.000000 -0.443294 0.602973 0.602973 0.602973
3200.092041 0.000000 2081.282715 0.000000 0.917296 0.000000 -0.398206 0.587679 0.587679 0.587679
3204.875977 0.000000 2078.502197 0.000000 0.589548 0.000000 -0.807733 0.614556 0.614556 0.614556
3172.674805 0.000000 2090.955811 0.000000 0.129205 0.000000 -0.991618 0.698422 0.698422 0.698422
3198.267334 0.000000 2073.264404 0.000000 0.970515 0.000000 -0.241041 0.581087 0.581087 0.581087
3179.752197 0.000000 2077.865479 0.000000 0.785620 0.000000 -0.618709 0.582976 0.582976 0.582976
3185.626709 0.000000 2084.733154 0.000000 0.026254 0.000000 -0.999655 0.829947 0.829947 0.829947
3210.690918 0.000000 2066.185791 0.000000 0.861201 0.000000 -0.508264 0.623209 0.623209 0.623209
3222.699707 0.000000 2074.997070 0.000000 0.965528 0.000000 -0.260299 0.642203 0.642203 0.642203
3199.652100 0.000000 2068.142822 0.000000 0.985391 0.000000 -0.170306 0.566920 0.566920 0.566920
3200.620361 0.000000 2074.356201 0.000000 0.982379 0.000000 -0.186902 0.568587 0.568587 0.568587
3188.918945 0.000000 2088.307861 0.000000 0.539605 0.000000 -0.841919 0.618712 0.618712 0.618712
3190.312744 0.000000 2084.046387 0.000000 0.928981 0.000000 -0.370128 0.590087 0.590087 0.590087
3195.984131 0.000000 2076.210205 0.000000 0.107379 0.000000 -0.994218 0.889544 0.889544 0.889544
3191.839355 0.000000 2068.883789 0.000000 0.443083 0.000000 -0.896480 0.669072 0.669072 0.669072
3187.889404 0.000000 2083.257080 0.000000 0.291857 0.000000 -0.956462 0.810779 0.810779 0.810779
3193.664551 0.000000 2072.221680 0.000000 0.384695 0.000000 -0.923044 0.818033 0.818033 0.818033
3186.837402 0.000000 2072.070068 0.000000 0.383437 0.000000 -0.923567 0.766615 0.766615 0.766615
3202.962646 0.000000 2081.591553 0.000000 0.733339 0.000000 -0.679863 0.601325 0.601325 0.601325
3183.090088 0.000000 2074.946289 0.000000 0.033714 0.000000 -0.999431 0.761056 0.761056 0.761056
3206.212158 0.000000 2068.580566 0.000000 0.469249 0.000000 -0.883066 0.640657 0.640657 0.640657
3173.200928 0.000000 2093.150879 0.000000 0.143011 0.000000 -0.989721 0.847893 0.847893 0.847893
3191.225342 0.000000 2079.631348 0.000000 0.984754 0.000000 -0.173953 0.595855 0.595855 0.595855
3188.939697 0.000000 2079.569092 0.000000 0.965768 0.000000 -0.259409 0.624946 0.624946 0.624946
3195.269531 0.000000 2080.244629 0.000000 0.260363 0.000000 -0.965511 0.731314 0.731314 0.731314
3214.985596 0.000000 2072.855957 0.000000 0.444352 0.000000 -0.895852 0.679592 0.679592 0.679592
3176.670654 0.000000 2096.641846 0.000000 0.191326 0.000000 -0.981527 0.673014 0.673014 0.673014
3213.068848 0.000000 2064.654541 0.000000 0.187192 0.000000 -0.982323 0.713254 0.713254 0.713254
3188.953613 0.000000 2076.062988 0.000000 0.237183 0.000000 -0.971465 0.882706 0.882706 0.882706
3213.573975 0.000000 2069.036621 0.000000 0.374843 0.000000 -0.927088 0.753660 0.753660 0.753660
3220.561035 0.000000 2075.707764 0.000000 0.899220 0.000000 -0.437497 0.595388 0.595388 0.595388
3181.034180 0.000000 2084.262207 0.000000 0.905007 0.000000 -0.425398 0.598871 0.598871 0.598871
3182.649414 0.000000 2072.278809 0.000000 0.190204 0.000000 -0.981745 0.686375 0.686375 0.686375
3209.076904 0.000000 2067.413818 0.000000 0.397812 0.000000 -0.917467 0.664846 0.664846 0.664846
3200.066162 0.000000 2072.535889 0.000000 0.549349 0.000000 -0.835593 0.647797 0.647797 0.647797
3190.623779 0.000000 2085.928711 0.000000 0.291095 0.000000 -0.956694 0.684849 0.684849 0.684849
3203.170898 0.000000 2077.575195 0.000000 0.029615 0.000000 -0.999561 0.702366 0.702366 0.702366
3201.026611 0.000000 2070.849121 0.000000 0.108770 0.000000 -0.994067 0.694519 0.694519 0.694519
3182.679199 0.000000 2081.388916 0.000000 0.902798 0.000000 -0.430065 0.636071 0.636071 0.636071
3189.992188 0.000000 2069.104736 0.000000 0.676197 0.000000 -0.736721 0.642114 0.642114 0.642114
3184.523926 0.000000 2086.210938 0.000000 0.494654 0.000000 -0.869090 0.690298 0.690298 0.690298
3186.058838 0.000000 2082.918701 0.000000 0.443312 0.000000 -0.896367 0.777405 0.777405 0.777405
3169.275635 0.000000 2097.022949 0.000000 0.646487 0.000000 -0.762925 0.738275 0.738275 0.738275
3195.060791 0.000000 2077.937256 0.000000 0.622033 0.000000 -0.782991 0.758723 0.758723 0.758723
3175.444336 0.000000 2093.663086 0.000000 0.712801 0.000000 -0.701367 0.638588 0.638588 0.638588
3192.476318 0.000000 2080.874756 0.000000 0.712045 0.000000 -0.702134 0.706046 0.706046 0.706046
3189.527344 0.000000 2074.425781 0.000000 0.612061 0.000000 -0.790811 0.762917 0.762917 0.762917
3227.196777 0.000000 2074.263916 0.000000 0.605114 0.000000 -0.796139 0.710588 0.710588 0.710588
3192.531494 0.000000 2077.346191 0.000000 0.689819 0.000000 -0.723982 0.763428 0.763428 0.763428
3185.151611 0.000000 2080.985840 0.000000 0.585499 0.000000 -0.810673 0.744699 0.744699 0.744699
3209.132568 0.000000 2072.615479 0.000000 0.135705 0.000000 -0.990749 0.762755 0.762755 0.762755
3184.218994 0.000000 2084.059570 0.000000 0.627057 0.000000 -0.778973 0.711861 0.711861 0.711861
3194.901611 0.000000 2071.314941 0.000000 0.647009 0.000000 -0.762483 0.713122 0.713122 0.713122
3194.787109 0.000000 2075.168701 0.000000 0.846834 0.000000 -0.531857 0.668584 0.668584 0.668584
3196.782227 0.000000 2072.809570 0.000000 0.059339 0.000000 -0.998238 0.838472 0.838472 0.838472
3197.951416 0.000000 2071.808350 0.000000 0.748196 0.000000 -0.663478 0.686469 0.686469 0.686469
3183.240234 0.000000 2080.026611 0.000000 0.882703 0.000000 -0.469931 0.644715 0.644715 0.644715
3230.012695 0.000000 2078.431641 0.000000 0.072754 0.000000 -0.997350 1.074503 1.074503 1.074503
3193.818359 0.000000 2080.273438 0.000000 0.572757 0.000000 -0.819725 0.742640 0.742640 0.742640
3197.432861 0.000000 2076.340820 0.000000 0.769164 0.000000 -0.639051 0.672798 0.672798 0.672798
3190.285645 0.000000 2075.563477 0.000000 0.504780 0.000000 -0.863248 0.807457 0.807457 0.807457
3191.624512 0.000000 2078.314697 0.000000 0.608868 0.000000 -0.793271 0.790275 0.790275 0.790275
3230.216064 0.000000 2076.084717 0.000000 0.943801 0.000000 -0.330513 0.667944 0.667944 0.667944
3172.018066 0.000000 2093.720215 0.000000 0.800797 0.000000 -0.598936 0.684029 0.684029 0.684029
3168.059326 0.000000 2097.679688 0.000000 0.918991 0.000000 -0.394278 0.637926 0.637926 0.637926
3190.699219 0.000000 2072.985596 0.000000 0.572038 0.000000 -0.820227 0.765268 0.765268 0.765268
3173.198486 0.000000 2094.510986 0.000000 0.827335 0.000000 -0.561708 0.700693 0.700693 0.700693
3190.020508 0.000000 2080.183105 0.000000 0.970133 0.000000 -0.242574 0.609549 0.609549 0.609549
3228.839600 0.000000 2078.264648 0.000000 0.950958 0.000000 -0.309320 0.660111 0.660111 0.660111
3222.383545 0.000000 2078.713379 0.000000 0.283875 0.000000 -0.958861 0.999218 0.999218 0.999218
3230.431641 0.000000 2080.843018 0.000000 0.673815 0.000000 -0.738900 0.841120 0.841120 0.841120
3231.677979 0.000000 2079.163086 0.000000 0.491414 0.000000 -0.870926 0.920128 0.920128 0.920128
3224.650879 0.000000 2076.305664 0.000000 0.427266 0.000000 -0.904126 0.945424 0.945424 0.945424
3281.172852 0.000000 2039.111816 0.000000 0.881174 0.000000 -0.472792 0.589219 0.589219 0.589219
3279.517090 0.000000 2044.427734 0.000000 0.255403 0.000000 -0.966835 0.692377 0.692377 0.692377
3272.208496 0.000000 2093.911133 0.000000 0.831327 0.000000 -0.555783 0.709408 0.709408 0.709408
3273.368652 0.000000 2091.892578 0.000000 0.384941 0.000000 -0.922941 0.913215 0.913215 0.913215
3270.180908 0.000000 2090.190918 0.000000 0.620299 0.000000 -0.784366 0.655237 0.655237 0.655237
3286.181152 0.000000 2061.197266 0.000000 0.873217 0.000000 -0.487332 0.698877 0.698877 0.698877
3289.869385 0.000000 2058.911133 0.000000 0.215809 0.000000 -0.976436 0.726528 0.726528 0.726528
3274.413330 0.000000 2089.612061 0.000000 0.602828 0.000000 -0.797871 0.722504 0.722504 0.722504
3287.374023 0.000000 2060.155518 0.000000 0.118938 0.000000 -0.992902 0.974543 0.974543 0.974543
3288.487793 0.000000 2064.710449 0.000000 0.190699 0.000000 -0.981649 0.788568 0.788568 0.788568
3278.380127 0.000000 2040.770264 0.000000 0.012049 0.000000 -0.999927 1.095781 1.095781 1.095781
3281.182129 0.000000 2040.549561 0.000000 0.727744 0.000000 -0.685849 0.699436 0.699436 0.699436
3274.626465 0.000000 2092.252197 0.000000 0.206889 0.000000 -0.978364 0.972782 0.972782 0.972782
3273.546387 0.000000 2090.612549 0.000000 0.827818 0.000000 -0.560996 0.734006 0.734006 0.734006
3273.292725 0.000000 2093.272461 0.000000 0.980146 0.000000 -0.198277 0.603992 0.603992 0.603992
3287.459961 0.000000 2061.391113 0.000000 0.970738 0.000000 -0.240143 0.620928 0.620928 0.620928
3314.909180 0.000000 1936.438721 0.000000 0.520896 0.000000 -0.853620 0.639891 0.639891 0.639891
3322.353027 0.000000 1929.727051 0.000000 0.853213 0.000000 -0.521562 0.612532 0.612532 0.612532
3320.562256 0.000000 1947.292358 0.000000 0.755186 0.000000 -0.655511 0.604968 0.604968 0.604968
3334.436523 0.000000 1930.820312 0.000000 0.392562 0.000000 -0.919726 0.636558 0.636558 0.636558
3326.895996 0.000000 1942.789673 0.000000 0.409041 0.000000 -0.912516 0.603660 0.603660 0.603660
3319.351807 0.000000 1926.709961 0.000000 0.704368 0.000000 -0.709835 0.585763 0.585763 0.585763
3318.962158 0.000000 1938.861084 0.000000 0.842470 0.000000 -0.538744 0.610935 0.610935 0.610935
3328.096924 0.000000 1938.769043 0.000000 0.100217 0.000000 -0.994966 0.626723 0.626723 0.626723
3337.602783 0.000000 1928.499390 0.000000 0.412878 0.000000 -0.910786 0.578304 0.578304 0.578304
3323.283447 0.000000 1944.280029 0.000000 0.912502 0.000000 -0.409073 0.583563 0.583563 0.583563
3330.673584 0.000000 1931.341064 0.000000 0.262522 0.000000 -0.964926 0.655735 0.655735 0.655735
3323.290283 0.000000 1933.076172 0.000000 0.543711 0.000000 -0.839273 0.622479 0.622479 0.622479
3333.068604 0.000000 1937.935303 0.000000 0.886540 0.000000 -0.462652 0.581701 0.581701 0.581701
3319.760986 0.000000 1943.788818 0.000000 0.974124 0.000000 -0.226014 0.567531 0.567531 0.567531
3314.267578 0.000000 1955.559204 0.000000 0.389009 0.000000 -0.921234 0.596639 0.596639 0.596639
3325.528564 0.000000 1928.771851 0.000000 0.720367 0.000000 -0.693594 0.632090 0.632090 0.632090
3322.341309 0.000000 1937.239380 0.000000 0.519017 0.000000 -0.854764 0.682311 0.682311 0.682311
3325.165283 0.000000 1922.778564 0.000000 0.806021 0.000000 -0.591887 0.593486 0.593486 0.593486
3317.653320 0.000000 1935.953735 0.000000 0.966969 0.000000 -0.254892 0.574419 0.574419 0.574419
3325.528076 0.000000 1940.353027 0.000000 0.972788 0.000000 -0.231697 0.576648 0.576648 0.576648
3327.766602 0.000000 1934.613770 0.000000 0.448537 0.000000 -0.893764 0.654755 0.654755 0.654755
3322.211670 0.000000 1926.982422 0.000000 0.049075 0.000000 -0.998795 0.692083 0.692083 0.692083
3320.249756 0.000000 1941.100830 0.000000 0.328652 0.000000 -0.944451 0.690855 0.690855 0.690855
3329.971191 0.000000 1919.819458 0.000000 0.716366 0.000000 -0.697724 0.639068 0.639068 0.639068
3331.731689 0.000000 1933.505615 0.000000 0.939305 0.000000 -0.343084 0.572600 0.572600 0.572600
3327.634033 0.000000 1929.680298 0.000000 0.661545 0.000000 -0.749905 0.623350 0.623350 0.623350
3314.414062 0.000000 1941.723389 0.000000 0.594893 0.000000 -0.803805 0.632049 0.632049 0.632049
3325.984619 0.000000 1919.722168 0.000000 0.266951 0.000000 -0.963710 0.721438 0.721438 0.721438
3329.187012 0.000000 1932.914429 0.000000 0.433116 0.000000 -0.901338 0.650216 0.650216 0.650216
3321.089844 0.000000 1938.965332 0.000000 0.933398 0.000000 -0.358842 0.616019 0.616019 0.616019
3333.149658 0.000000 1925.653687 0.000000 0.840279 0.000000 -0.542154 0.602715 0.602715 0.602715
3327.725098 0.000000 1923.310181 0.000000 0.085336 0.000000 -0.996352 0.682570 0.682570 0.682570
3326.315186 0.000000 1937.804199 0.000000 0.626663 0.000000 -0.779291 0.635884 0.635884 0.635884
3321.405029 0.000000 1945.087891 0.000000 0.499209 0.000000 -0.866481 0.662255 0.662255 0.662255
3323.590820 0.000000 1928.318237 0.000000 0.250768 0.000000 -0.968047 0.700132 0.700132 0.700132
3328.766846 0.000000 1931.117432 0.000000 0.611593 0.000000 -0.791173 0.651514 0.651514 0.651514
3325.426025 0.000000 1943.899902 0.000000 0.465797 0.000000 -0.884891 0.685731 0.685731 0.685731
3322.974365 0.000000 1941.899780 0.000000 0.347205 0.000000 -0.937789 0.793817 0.793817 0.793817
3356.106445 0.000000 2032.132324 0.000000 0.915570 0.000000 -0.402159 0.597736 0.597736 0.597736
3357.158691 0.000000 2028.151245 0.000000 0.754350 0.000000 -0.656472 0.706348 0.706348 0.706348
3220.954590 0.000000 2286.404297 0.000000 0.217386 0.000000 -0.976086 0.557424 0.557424 0.557424
3200.490479 0.000000 2295.677979 0.000000 0.332328 0.000000 -0.943164 0.629510 0.629510 0.629510
3236.030518 0.000000 2281.081543 0.000000 0.555320 0.000000 -0.831637 0.566181 0.566181 0.566181
3226.574463 0.000000 2292.438232 0.000000 0.465508 0.000000 -0.885044 0.606696 0.606696 0.606696
3185.708008 0.000000 2294.027344 0.000000 0.472948 0.000000 -0.881091 0.578128 0.578128 0.578128
3220.607666 0.000000 2302.282471 0.000000 0.744020 0.000000 -0.668158 0.591194 0.591194 0.591194
3170.666016 0.000000 2302.300049 0.000000 0.176647 0.000000 -0.984274 0.739390 0.739390 0.739390
3218.329102 0.000000 2299.531982 0.000000 0.669630 0.000000 -0.742695 0.578735 0.578735 0.578735
3179.583740 0.000000 2299.534668 0.000000 0.795646 0.000000 -0.605762 0.575912 0.575912 0.575912
3238.454346 0.000000 2283.108887 0.000000 0.570785 0.000000 -0.821100 0.593651 0.593651 0.593651
3202.484375 0.000000 2293.448486 0.000000 0.621916 0.000000 -0.783084 0.648820 0.648820 0.648820
3203.273682 0.000000 2295.996826 0.000000 0.755078 0.000000 -0.655635 0.601054 0.601054 0.601054
3229.125488 0.000000 2292.549805 0.000000 0.200088 0.000000 -0.979778 0.664696 0.664696 0.664696
3236.069580 0.000000 2283.926270 0.000000 0.405295 0.000000 -0.914186 0.619690 0.619690 0.619690
3193.747070 0.000000 2295.528320 0.000000 0.459203 0.000000 -0.888331 0.679151 0.679151 0.679151
3195.142090 0.000000 2293.856445 0.000000 0.726431 0.000000 -0.687239 0.628028 0.628028 0.628028
3238.248535 0.000000 2285.130615 0.000000 0.364724 0.000000 -0.931116 0.658519 0.658519 0.658519
3191.701172 0.000000 2292.257324 0.000000 0.801266 0.000000 -0.598308 0.638069 0.638069 0.638069
3239.700195 0.000000 2287.821533 0.000000 0.843034 0.000000 -0.537860 0.579632 0.579632 0.579632
3251.558105 0.000000 2291.863770 0.000000 0.352112 0.000000 -0.935958 0.578267 0.578267 0.578267
3255.994629 0.000000 2235.069092 0.000000 0.646437 0.000000 -0.762967 0.608393 0.608393 0.608393
3259.393066 0.000000 2269.953857 0.000000 0.324961 0.000000 -0.945728 0.563619 0.563619 0.563619
3269.968994 0.000000 2252.386475 0.000000 0.928449 0.000000 -0.371461 0.560452 0.560452 0.560452
3250.305176 0.000000 2272.229736 0.000000 0.249596 0.000000 -0.968350 0.586210 0.586210 0.586210
3262.449951 0.000000 2236.376953 0.000000 0.945577 0.000000 -0.325399 0.558647 0.558647 0.558647
3245.155518 0.000000 2275.269043 0.000000 0.985374 0.000000 -0.170405 0.563403 0.563403 0.563403
3251.707520 0.000000 2240.050781 0.000000 0.970491 0.000000 -0.241137 0.557691 0.557691 0.557691
3253.256104 0.000000 2256.271729 0.000000 0.237751 0.000000 -0.971326 0.588372 0.588372 0.588372
3254.903809 0.000000 2230.742920 0.000000 0.772137 0.000000 -0.635456 0.573638 0.573638 0.573638
3258.250977 0.000000 2254.133057 0.000000 0.031087 0.000000 -0.999517 0.585941 0.585941 0.585941
3250.843994 0.000000 2251.651855 0.000000 0.484021 0.000000 -0.875057 0.588041 0.588041 0.588041
3252.294434 0.000000 2236.234131 0.000000 0.829634 0.000000 -0.558308 0.570334 0.570334 0.570334
3243.135498 0.000000 2289.200684 0.000000 0.157939 0.000000 -0.987449 0.660528 0.660528 0.660528
3256.463379 0.000000 2246.989746 0.000000 0.516463 0.000000 -0.856310 0.624818 0.624818 0.624818
3255.185547 0.000000 2238.866455 0.000000 0.218204 0.000000 -0.975903 0.609354 0.609354 0.609354
3250.868408 0.000000 2288.409180 0.000000 0.786345 0.000000 -0.617788 0.572860 0.572860 0.572860
3243.236572 0.000000 2272.289551 0.000000 0.108132 0.000000 -0.994137 0.600202 0.600202 0.600202
3252.967529 0.000000 2274.230225 0.000000 0.447501 0.000000 -0.894283 0.592554 0.592554 0.592554
3243.964600 0.000000 2266.507324 0.000000 0.421535 0.000000 -0.906812 0.604578 0.604578 0.604578
3242.357422 0.000000 2269.532715 0.000000 0.187868 0.000000 -0.982194 0.669534 0.669534 0.669534
3252.289795 0.000000 2253.811279 0.000000 0.220378 0.000000 -0.975415 0.642588 0.642588 0.642588
3240.237549 0.000000 2285.257568 0.000000 0.955487 0.000000 -0.295034 0.575496 0.575496 0.575496
3256.784668 0.000000 2249.294434 0.000000 0.396252 0.000000 -0.918142 0.629871 0.629871 0.629871
3256.836426 0.000000 2240.457031 0.000000 0.131035 0.000000 -0.991378 0.656727 0.656727 0.656727
3254.511963 0.000000 2248.563232 0.000000 0.097052 0.000000 -0.995279 0.655216 0.655216 0.655216
3244.043701 0.000000 2264.308350 0.000000 0.536448 0.000000 -0.843933 0.625866 0.625866 0.625866
3252.965576 0.000000 2251.518066 0.000000 0.753788 0.000000 -0.657118 0.619899 0.619899 0.619899
3249.722656 0.000000 2277.099854 0.000000 0.642174 0.000000 -0.766559 0.635154 0.635154 0.635154
2804.967529 0.000000 2464.079590 0.000000 0.078381 0.000000 -0.996924 0.681144 0.681144 0.681144
2872.629395 0.000000 2406.073486 0.000000 0.920381 0.000000 -0.391023 0.570410 0.570410 0.570410
2875.891113 0.000000 2407.512451 0.000000 0.870086 0.000000 -0.492900 0.564862 0.564862 0.564862
2631.843506 0.000000 2654.613525 0.000000 0.053282 0.000000 -0.998580 0.604175 0.604175 0.604175
2650.005859 0.000000 2645.985840 0.000000 0.499221 0.000000 -0.866475 0.574465 0.574465 0.574465
2641.393555 0.000000 2654.454590 0.000000 0.231068 0.000000 -0.972938 0.579387 0.579387 0.579387
2641.242920 0.000000 2649.124512 0.000000 0.973886 0.000000 -0.227036 0.561950 0.561950 0.561950
2624.682861 0.000000 2650.262695 0.000000 0.696153 0.000000 -0.717894 0.603878 0.603878 0.603878
2628.950195 0.000000 2648.958740 0.000000 0.837292 0.000000 -0.546755 0.591305 0.591305 0.591305
2632.735107 0.000000 2652.048584 0.000000 0.963286 0.000000 -0.268476 0.570154 0.570154 0.570154
2644.623535 0.000000 2651.614014 0.000000 0.808976 0.000000 -0.587842 0.606947 0.606947 0.606947
2723.166748 0.000000 2661.701416 0.000000 0.162051 0.000000 -0.986782 0.590601 0.590601 0.590601
2680.493652 0.000000 2664.023438 0.000000 0.969782 0.000000 -0.243975 0.550338 0.550338 0.550338
2725.689941 0.000000 2668.655762 0.000000 0.518274 0.000000 -0.855215 0.609168 0.609168 0.609168
2720.952881 0.000000 2672.154785 0.000000 0.366170 0.000000 -0.930548 0.600905 0.600905 0.600905
2720.841309 0.000000 2664.679688 0.000000 0.978731 0.000000 -0.205148 0.557944 0.557944 0.557944
2688.984375 0.000000 2677.457031 0.000000 0.174164 0.000000 -0.984717 0.603662 0.603662 0.603662
2688.884033 0.000000 2674.789062 0.000000 0.893089 0.000000 -0.449881 0.580114 0.580114 0.580114
2687.901611 0.000000 2670.431152 0.000000 0.966897 0.000000 -0.255167 0.581886 0.581886 0.581886
2686.680420 0.000000 2671.723633 0.000000 0.803800 0.000000 -0.594900 0.628737 0.628737 0.628737
2661.491211 0.000000 2718.875000 0.000000 0.921870 0.000000 -0.387498 0.552732 0.552732 0.552732
2662.034180 0.000000 2714.827393 0.000000 0.959313 0.000000 -0.282344 0.565328 0.565328 0.565328
2663.825195 0.000000 2713.923340 0.000000 0.975409 0.000000 -0.220403 0.550915 0.550915 0.550915
2664.632324 0.000000 2720.469727 0.000000 0.973809 0.000000 -0.227368 0.556929 0.556929 0.556929
2675.353760 0.000000 2712.155029 0.000000 0.733634 0.000000 -0.679544 0.578725 0.578725 0.578725
2882.956055 0.000000 2416.360596 0.000000 0.337031 0.000000 -0.941494 0.587067 0.587067 0.587067
2887.439209 0.000000 2409.553223 0.000000 0.701996 0.000000 -0.712181 0.608769 0.608769 0.608769
2880.017822 0.000000 2417.672607 0.000000 0.907515 0.000000 -0.420019 0.583331 0.583331 0.583331
2885.480469 0.000000 2408.064209 0.000000 0.672462 0.000000 -0.740132 0.614073 0.614073 0.614073
3155.614746 0.000000 2353.217285 0.000000 0.749283 0.000000 -0.662250 0.648394 0.648394 0.648394
3120.620850 0.000000 2339.008789 0.000000 0.362101 0.000000 -0.932139 0.970265 0.970265 0.970265
3161.664795 0.000000 2306.207520 0.000000 0.374904 0.000000 -0.927064 0.592359 0.592359 0.592359
3153.500488 0.000000 2363.330566 0.000000 0.467773 0.000000 -0.883849 0.596143 0.596143 0.596143
3114.531250 0.000000 2354.440674 0.000000 0.939199 0.000000 -0.343374 0.553850 0.553850 0.553850
3163.432129 0.000000 2355.964111 0.000000 0.418511 0.000000 -0.908212 0.626634 0.626634 0.626634
3141.320312 0.000000 2354.814697 0.000000 0.663993 0.000000 -0.747738 0.717010 0.717010 0.717010
3135.039062 0.000000 2377.601318 0.000000 0.449194 0.000000 -0.893434 0.700201 0.700201 0.700201
3142.791016 0.000000 2387.368164 0.000000 0.949438 0.000000 -0.313956 0.636825 0.636825 0.636825
3128.930664 0.000000 2322.041260 0.000000 0.614590 0.000000 -0.788846 0.613651 0.613651 0.613651
3149.092285 0.000000 2356.650146 0.000000 0.901335 0.000000 -0.433123 0.671787 0.671787 0.671787
3137.515625 0.000000 2333.698975 0.000000 0.156752 0.000000 -0.987638 0.567467 0.567467 0.567467
3118.465576 0.000000 2332.361328 0.000000 0.497892 0.000000 -0.867239 0.679712 0.679712 0.679712
3149.351318 0.000000 2376.353760 0.000000 0.929573 0.000000 -0.368639 0.577476 0.577476 0.577476
3160.821777 0.000000 2350.606445 0.000000 0.041613 0.000000 -0.999134 0.757871 0.757871 0.757871
3138.372803 0.000000 2390.739746 0.000000 0.541851 0.000000 -0.840474 0.685687 0.685687 0.685687
3136.395264 0.000000 2372.219238 0.000000 0.971024 0.000000 -0.238980 0.582804 0.582804 0.582804
3124.558105 0.000000 2335.507080 0.000000 0.077843 0.000000 -0.996966 0.921026 0.921026 0.921026
3136.050781 0.000000 2341.688232 0.000000 0.733697 0.000000 -0.679476 0.644371 0.644371 0.644371
3121.269531 0.000000 2343.934814 0.000000 0.943543 0.000000 -0.331251 0.654310 0.654310 0.654310
3145.914307 0.000000 2353.101074 0.000000 0.619876 0.000000 -0.784700 0.685032 0.685032 0.685032
3145.557129 0.000000 2379.097900 0.000000 0.410574 0.000000 -0.911827 0.805300 0.805300 0.805300
3131.996094 0.000000 2394.562256 0.000000 0.442420 0.000000 -0.896808 0.617213 0.617213 0.617213
3136.915039 0.000000 2381.658447 0.000000 0.284314 0.000000 -0.958731 0.794780 0.794780 0.794780
3145.338867 0.000000 2366.501465 0.000000 0.021155 0.000000 -0.999776 0.760653 0.760653 0.760653
3144.347168 0.000000 2383.478516 0.000000 0.070997 0.000000 -0.997477 0.881546 0.881546 0.881546
3139.515137 0.000000 2384.819824 0.000000 0.959350 0.000000 -0.282220 0.627785 0.627785 0.627785
3146.190186 0.000000 2373.519531 0.000000 0.563084 0.000000 -0.826400 0.682224 0.682224 0.682224
3156.688721 0.000000 2349.267822 0.000000 0.705886 0.000000 -0.708325 0.589990 0.589990 0.589990
3139.102295 0.000000 2377.096680 0.000000 0.921901 0.000000 -0.387425 0.649421 0.649421 0.649421
3140.252930 0.000000 2394.552002 0.000000 0.917540 0.000000 -0.397643 0.605591 0.605591 0.605591
3165.962891 0.000000 2353.157715 0.000000 0.601580 0.000000 -0.798812 0.645292 0.645292 0.645292
3116.861328 0.000000 2339.425293 0.000000 0.271451 0.000000 -0.962452 0.646087 0.646087 0.646087
3157.471680 0.000000 2335.529785 0.000000 0.925779 0.000000 -0.378064 0.685751 0.685751 0.685751
3127.395996 0.000000 2345.052246 0.000000 0.893845 0.000000 -0.448377 0.622780 0.622780 0.622780
3160.704102 0.000000 2317.850342 0.000000 0.681336 0.000000 -0.731971 0.653740 0.653740 0.653740
3139.738770 0.000000 2398.312988 0.000000 0.716787 0.000000 -0.697293 0.654891 0.654891 0.654891
3139.864014 0.000000 2372.004395 0.000000 0.113729 0.000000 -0.993512 0.828050 0.828050 0.828050
3136.423340 0.000000 2357.175049 0.000000 0.689785 0.000000 -0.724014 0.598913 0.598913 0.598913
3121.370361 0.000000 2334.333984 0.000000 0.846214 0.000000 -0.532844 0.746764 0.746764 0.746764
3153.370605 0.000000 2320.221680 0.000000 0.117080 0.000000 -0.993122 0.597898 0.597898 0.597898
3150.906006 0.000000 2390.582764 0.000000 0.122179 0.000000 -0.992508 0.738925 0.738925 0.738925
3160.911377 0.000000 2383.294434 0.000000 0.451731 0.000000 -0.892154 0.790612 0.790612 0.790612
3134.076660 0.000000 2334.671387 0.000000 0.484572 0.000000 -0.874752 0.706460 0.706460 0.706460
3162.637695 0.000000 2331.116211 0.000000 0.392191 0.000000 -0.919884 0.859473 0.859473 0.859473
3132.907471 0.000000 2341.436523 0.000000 0.952848 0.000000 -0.303449 0.657952 0.657952 0.657952
3121.854004 0.000000 2369.959473 0.000000 0.520127 0.000000 -0.854089 0.661056 0.661056 0.661056
3141.484619 0.000000 2359.138428 0.000000 0.753729 0.000000 -0.657186 0.647478 0.647478 0.647478
3141.762451 0.000000 2365.816162 0.000000 0.978280 0.000000 -0.207288 0.578384 0.578384 0.578384
3128.253418 0.000000 2319.150635 0.000000 0.797041 0.000000 -0.603925 0.604311 0.604311 0.604311
3146.334229 0.000000 2355.953857 0.000000 0.227040 0.000000 -0.973885 0.868730 0.868730 0.868730
3145.140381 0.000000 2376.254395 0.000000 0.033086 0.000000 -0.999453 0.913165 0.913165 0.913165
3145.188232 0.000000 2361.171387 0.000000 0.970589 0.000000 -0.240742 0.583050 0.583050 0.583050
3139.352295 0.000000 2356.902832 0.000000 0.711429 0.000000 -0.702758 0.699802 0.699802 0.699802
3154.067871 0.000000 2350.823242 0.000000 0.910386 0.000000 -0.413760 0.597445 0.597445 0.597445
3138.698730 0.000000 2354.139160 0.000000 0.224064 0.000000 -0.974574 0.815905 0.815905 0.815905
3132.213379 0.000000 2387.382080 0.000000 0.832905 0.000000 -0.553416 0.597511 0.597511 0.597511
3137.823730 0.000000 2393.326904 0.000000 0.062585 0.000000 -0.998040 0.755016 0.755016 0.755016
3164.337402 0.000000 2351.087402 0.000000 0.348783 0.000000 -0.937204 0.698422 0.698422 0.698422
3124.432861 0.000000 2359.248047 0.000000 0.799441 0.000000 -0.600745 0.618135 0.618135 0.618135
3124.753906 0.000000 2322.308838 0.000000 0.946977 0.000000 -0.321301 0.664532 0.664532 0.664532
3148.902832 0.000000 2373.820068 0.000000 0.599259 0.000000 -0.800555 0.636669 0.636669 0.636669
3146.484863 0.000000 2381.893066 0.000000 0.049165 0.000000 -0.998791 0.735950 0.735950 0.735950
3159.928711 0.000000 2336.167236 0.000000 0.933473 0.000000 -0.358649 0.628574 0.628574 0.628574
3160.914062 0.000000 2355.433594 0.000000 0.235267 0.000000 -0.971931 0.718430 0.718430 0.718430
3134.575195 0.000000 2339.610840 0.000000 0.982230 0.000000 -0.187679 0.605736 0.605736 0.605736
3129.809814 0.000000 2324.376953 0.000000 0.269327 0.000000 -0.963049 0.631992 0.631992 0.631992
3123.991943 0.000000 2364.163330 0.000000 0.669480 0.000000 -0.742830 0.693710 0.693710 0.693710
3143.209473 0.000000 2353.263184 0.000000 0.535274 0.000000 -0.844678 0.686748 0.686748 0.686748
3147.843506 0.000000 2367.195801 0.000000 0.658197 0.000000 -0.752846 0.665869 0.665869 0.665869
3141.766113 0.000000 2392.525391 0.000000 0.817553 0.000000 -0.575854 0.633418 0.633418 0.633418
3153.529053 0.000000 2355.688721 0.000000 0.273134 0.000000 -0.961976 0.725923 0.725923 0.725923
3134.352539 0.000000 2395.178467 0.000000 0.690995 0.000000 -0.722860 0.659828 0.659828 0.659828
3147.590332 0.000000 2377.893799 0.000000 0.951791 0.000000 -0.306747 0.592382 0.592382 0.592382
3120.077637 0.000000 2326.766602 0.000000 0.977550 0.000000 -0.210704 0.584689 0.584689 0.584689
3158.964111 0.000000 2349.014160 0.000000 0.681397 0.000000 -0.731914 0.619904 0.619904 0.619904
3158.288330 0.000000 2382.936279 0.000000 0.861275 0.000000 -0.508140 0.621726 0.621726 0.621726
3126.295410 0.000000 2330.745850 0.000000 0.407659 0.000000 -0.913134 0.676425 0.676425 0.676425
3147.312012 0.000000 2375.524658 0.000000 0.743663 0.000000 -0.668555 0.649542 0.649542 0.649542
3158.279297 0.000000 2317.986816 0.000000 0.422155 0.000000 -0.906524 0.704285 0.704285 0.704285
3124.561523 0.000000 2326.539307 0.000000 0.062811 0.000000 -0.998025 1.046934 1.046934 1.046934
3141.076660 0.000000 2352.607666 0.000000 0.202520 0.000000 -0.979278 0.735808 0.735808 0.735808
3123.494629 0.000000 2333.564453 0.000000 0.554578 0.000000 -0.832132 0.894168 0.894168 0.894168
3127.766113 0.000000 2323.904297 0.000000 0.211146 0.000000 -0.977454 0.829711 0.829711 0.829711
3143.784424 0.000000 2365.074463 0.000000 0.160050 0.000000 -0.987109 0.741679 0.741679 0.741679
3136.654053 0.000000 2343.858154 0.000000 0.794243 0.000000 -0.607601 0.675536 0.675536 0.675536
3141.581787 0.000000 2356.989990 0.000000 0.337343 0.000000 -0.941382 0.774024 0.774024 0.774024
3134.279785 0.000000 2387.878418 0.000000 0.072690 0.000000 -0.997355 0.753639 0.753639 0.753639
3159.107422 0.000000 2314.234131 0.000000 0.076875 0.000000 -0.997041 0.753069 0.753069 0.753069
3149.836914 0.000000 2367.778809 0.000000 0.946442 0.000000 -0.322873 0.593788 0.593788 0.593788
3138.934814 0.000000 2380.463135 0.000000 0.398294 0.000000 -0.917258 0.865684 0.865684 0.865684
3121.626221 0.000000 2332.313721 0.000000 0.084803 0.000000 -0.996398 0.988660 0.988660 0.988660
3123.089355 0.000000 2314.042480 0.000000 0.152936 0.000000 -0.988236 0.723197 0.723197 0.723197
3148.688232 0.000000 2371.687012 0.000000 0.227359 0.000000 -0.973811 0.728666 0.728666 0.728666
3135.429932 0.000000 2379.677979 0.000000 0.625456 0.000000 -0.780260 0.671675 0.671675 0.671675
3154.869141 0.000000 2318.924561 0.000000 0.399564 0.000000 -0.916705 0.696507 0.696507 0.696507
3119.342285 0.000000 2334.147217 0.000000 0.819036 0.000000 -0.573742 0.680054 0.680054 0.680054
3157.329102 0.000000 2354.528320 0.000000 0.898838 0.000000 -0.438280 0.611673 0.611673 0.611673
3129.529297 0.000000 2345.587402 0.000000 0.935821 0.000000 -0.352476 0.618751 0.618751 0.618751
3139.805176 0.000000 2369.994629 0.000000 0.959464 0.000000 -0.281830 0.587268 0.587268 0.587268
3132.270508 0.000000 2335.938477 0.000000 0.683744 0.000000 -0.729722 0.733062 0.733062 0.733062
3136.626221 0.000000 2339.804688 0.000000 0.732058 0.000000 -0.681242 0.655995 0.655995 0.655995
3157.645020 0.000000 2333.635010 0.000000 0.815055 0.000000 -0.579383 0.759589 0.759589 0.759589
3162.779785 0.000000 2349.916504 0.000000 0.719827 0.000000 -0.694153 0.654297 0.654297 0.654297
3151.654053 0.000000 2352.099854 0.000000 0.277123 0.000000 -0.960835 0.695246 0.695246 0.695246
3126.575195 0.000000 2318.352783 0.000000 0.500986 0.000000 -0.865455 0.785560 0.785560 0.785560
3160.516113 0.000000 2352.458496 0.000000 0.483458 0.000000 -0.875368 0.694936 0.694936 0.694936
3155.588379 0.000000 2336.273926 0.000000 0.791971 0.000000 -0.610559 0.728558 0.728558 0.728558
3152.365967 0.000000 2358.936523 0.000000 0.065913 0.000000 -0.997825 0.754563 0.754563 0.754563
3136.831543 0.000000 2391.770996 0.000000 0.976384 0.000000 -0.216044 0.579602 0.579602 0.579602
3144.642822 0.000000 2363.149170 0.000000 0.966212 0.000000 -0.257748 0.585437 0.585437 0.585437
3136.109131 0.000000 2387.233398 0.000000 0.835321 0.000000 -0.549763 0.647509 0.647509 0.647509
3120.817139 0.000000 2341.812256 0.000000 0.389413 0.000000 -0.921063 0.959946 0.959946 0.959946
3147.633789 0.000000 2365.300537 0.000000 0.065637 0.000000 -0.997844 0.754601 0.754601 0.754601
3143.051025 0.000000 2384.818848 0.000000 0.602064 0.000000 -0.798448 0.801406 0.801406 0.801406
3136.173340 0.000000 2394.371094 0.000000 0.194439 0.000000 -0.980915 0.736929 0.736929 0.736929
3164.335205 0.000000 2331.737305 0.000000 0.933094 0.000000 -0.359634 0.593946 0.593946 0.593946
3122.663330 0.000000 2315.786377 0.000000 0.960218 0.000000 -0.279252 0.584586 0.584586 0.584586
3161.561035 0.000000 2335.457275 0.000000 0.821848 0.000000 -0.569707 0.702312 0.702312 0.702312
3166.662109 0.000000 2329.232422 0.000000 0.751955 0.000000 -0.659215 0.647844 0.647844 0.647844
3124.668945 0.000000 2329.992432 0.000000 0.342068 0.000000 -0.939675 0.900595 0.900595 0.900595
3154.788330 0.000000 2332.689941 0.000000 0.498889 0.000000 -0.866666 0.803382 0.803382 0.803382
3123.949951 0.000000 2324.914551 0.000000 0.739625 0.000000 -0.673020 0.808503 0.808503 0.808503
3146.119873 0.000000 2357.807129 0.000000 0.156339 0.000000 -0.987703 0.992618 0.992618 0.992618
3142.462402 0.000000 2379.707275 0.000000 0.983731 0.000000 -0.179650 0.599109 0.599109 0.599109
3152.569580 0.000000 2334.701416 0.000000 0.362074 0.000000 -0.932149 0.772499 0.772499 0.772499
3167.564209 0.000000 2331.658691 0.000000 0.286296 0.000000 -0.958141 0.724059 0.724059 0.724059
3167.542725 0.000000 2326.016602 0.000000 0.257607 0.000000 -0.966250 0.728112 0.728112 0.728112
3159.143799 0.000000 2355.323486 0.000000 0.742749 0.000000 -0.669570 0.649728 0.649728 0.649728
3141.868652 0.000000 2395.077637 0.000000 0.893981 0.000000 -0.448105 0.613163 0.613163 0.613163
3154.953125 0.000000 2354.826904 0.000000 0.803416 0.000000 -0.595418 0.636699 0.636699 0.636699
3126.025391 0.000000 2334.479248 0.000000 0.771834 0.000000 -0.635825 0.648402 0.648402 0.648402
3147.914795 0.000000 2388.946533 0.000000 0.939939 0.000000 -0.341343 0.671970 0.671970 0.671970
3137.762451 0.000000 2394.977539 0.000000 0.646689 0.000000 -0.762753 0.667934 0.667934 0.667934
3137.744629 0.000000 2389.231201 0.000000 0.117110 0.000000 -0.993119 0.747573 0.747573 0.747573
3141.147217 0.000000 2371.071045 0.000000 0.028600 0.000000 -0.999591 0.969282 0.969282 0.969282
3120.092773 0.000000 2331.869873 0.000000 0.781988 0.000000 -0.623293 0.671971 0.671971 0.671971
3154.120361 0.000000 2337.487549 0.000000 0.533069 0.000000 -0.846072 0.824205 0.824205 0.824205
3141.770508 0.000000 2388.556641 0.000000 0.751343 0.000000 -0.659912 0.683595 0.683595 0.683595
3123.803223 0.000000 2336.895020 0.000000 0.157236 0.000000 -0.987561 1.038895 1.038895 1.038895
3126.752686 0.000000 2335.905762 0.000000 0.939146 0.000000 -0.343517 0.600075 0.600075 0.600075
3120.068848 0.000000 2340.456787 0.000000 0.443274 0.000000 -0.896386 0.939198 0.939198 0.939198
3139.892578 0.000000 2355.384033 0.000000 0.380990 0.000000 -0.924579 0.783303 0.783303 0.783303
3143.959961 0.000000 2379.429932 0.000000 0.176561 0.000000 -0.984290 0.928804 0.928804 0.928804
3138.841553 0.000000 2378.830566 0.000000 0.708684 0.000000 -0.705526 0.762922 0.762922 0.762922
3140.833496 0.000000 2382.287354 0.000000 0.098126 0.000000 -0.995174 0.950338 0.950338 0.950338
3158.459473 0.000000 2336.681396 0.000000 0.960352 0.000000 -0.278790 0.610520 0.610520 0.610520
3147.069092 0.000000 2360.482178 0.000000 0.096482 0.000000 -0.995335 0.841482 0.841482 0.841482
3152.838867 0.000000 2324.910400 0.000000 0.176502 0.000000 -0.984300 0.844638 0.844638 0.844638
3134.699951 0.000000 2341.066895 0.000000 0.867368 0.000000 -0.497667 0.705926 0.705926 0.705926
3124.017822 0.000000 2327.985840 0.000000 0.097158 0.000000 -0.995269 1.035579 1.035579 1.035579
3144.655518 0.000000 2381.989258 0.000000 0.206263 0.000000 -0.978497 0.853198 0.853198 0.853198
3136.116455 0.000000 2382.901367 0.000000 0.912760 0.000000 -0.408496 0.643605 0.643605 0.643605
3124.276855 0.000000 2320.904785 0.000000 0.867464 0.000000 -0.497500 0.732323 0.732323 0.732323
3122.027344 0.000000 2342.656006 0.000000 0.147682 0.000000 -0.989035 0.903554 0.903554 0.903554
3152.334717 0.000000 2336.312500 0.000000 0.114869 0.000000 -0.993381 0.819836 0.819836 0.819836
3124.922363 0.000000 2323.709473 0.000000 0.117026 0.000000 -0.993129 1.058930 1.058930 1.058930
3140.341064 0.000000 2383.666504 0.000000 0.372091 0.000000 -0.928196 0.873404 0.873404 0.873404
3147.858154 0.000000 2355.822510 0.000000 0.949068 0.000000 -0.315071 0.626141 0.626141 0.626141
3142.686523 0.000000 2354.585205 0.000000 0.046014 0.000000 -0.998941 0.878704 0.878704 0.878704
3122.956543 0.000000 2325.877686 0.000000 0.843835 0.000000 -0.536602 0.748322 0.748322 0.748322
3121.476562 0.000000 2318.712646 0.000000 0.590567 0.000000 -0.806988 0.827219 0.827219 0.827219
3134.677979 0.000000 2338.212891 0.000000 0.487172 0.000000 -0.873306 0.863505 0.863505 0.863505
3136.689209 0.000000 2380.330078 0.000000 0.271118 0.000000 -0.962546 0.797402 0.797402 0.797402
3125.987061 0.000000 2326.128906 0.000000 0.107693 0.000000 -0.994184 1.032089 1.032089 1.032089
3143.798828 0.000000 2374.967529 0.000000 0.970441 0.000000 -0.241340 0.616268 0.616268 0.616268
3148.673340 0.000000 2358.084961 0.000000 0.285076 0.000000 -0.958505 0.898464 0.898464 0.898464
3121.403320 0.000000 2340.395020 0.000000 0.058420 0.000000 -0.998292 1.079533 1.079533 1.079533
3123.009521 0.000000 2337.953369 0.000000 0.360166 0.000000 -0.932888 0.966039 0.966039 0.966039
3125.535400 0.000000 2321.200684 0.000000 0.695122 0.000000 -0.718892 0.830886 0.830886 0.830886
3124.671387 0.000000 2334.124512 0.000000 0.114811 0.000000 -0.993387 0.911795 0.911795 0.911795
3136.482422 0.000000 2385.963135 0.000000 0.781919 0.000000 -0.623379 0.699717 0.699717 0.699717
3127.552979 0.000000 2322.606201 0.000000 0.324822 0.000000 -0.945775 0.805391 0.805391 0.805391
3141.110840 0.000000 2372.354980 0.000000 0.061077 0.000000 -0.998133 0.960443 0.960443 0.960443
3160.355469 0.000000 2334.933838 0.000000 0.900170 0.000000 -0.435539 0.663235 0.663235 0.663235
3143.435303 0.000000 2386.040771 0.000000 0.116144 0.000000 -0.993232 0.945411 0.945411 0.945411
3142.128418 0.000000 2355.836670 0.000000 0.598599 0.000000 -0.801049 0.750281 0.750281 0.750281
3135.668457 0.000000 2338.992188 0.000000 0.811568 0.000000 -0.584258 0.734205 0.734205 0.734205
3156.055664 0.000000 2333.253418 0.000000 0.345454 0.000000 -0.938436 0.963117 0.963117 0.963117
3125.281982 0.000000 2318.492432 0.000000 0.734470 0.000000 -0.678641 0.811174 0.811174 0.811174
3161.543701 0.000000 2330.515869 0.000000 0.253982 0.000000 -0.967209 0.865745 0.865745 0.865745
3122.009277 0.000000 2320.255371 0.000000 0.637154 0.000000 -0.770737 0.858123 0.858123 0.858123
3141.625977 0.000000 2387.015869 0.000000 0.973318 0.000000 -0.229460 0.612945 0.612945 0.612945
3140.110840 0.000000 2380.074951 0.000000 0.828249 0.000000 -0.560360 0.711716 0.711716 0.711716
3142.771484 0.000000 2369.020508 0.000000 0.393129 0.000000 -0.919483 0.817548 0.817548 0.817548
3130.655029 0.000000 2337.864502 0.000000 0.857093 0.000000 -0.515162 0.712000 0.712000 0.712000
3141.179932 0.000000 2384.519531 0.000000 0.925328 0.000000 -0.379167 0.655731 0.655731 0.655731
3133.671387 0.000000 2340.435303 0.000000 0.767380 0.000000 -0.641192 0.793716 0.793716 0.793716
3156.694336 0.000000 2334.518066 0.000000 0.734062 0.000000 -0.679083 0.811384 0.811384 0.811384
3119.434814 0.000000 2339.139893 0.000000 0.689014 0.000000 -0.724748 0.785984 0.785984 0.785984
3160.618164 0.000000 2332.525391 0.000000 0.884236 0.000000 -0.467040 0.682114 0.682114 0.682114
3149.768311 0.000000 2393.250488 0.000000 0.346586 0.000000 -0.938018 0.976075 0.976075 0.976075
3142.188965 0.000000 2376.715332 0.000000 0.901213 0.000000 -0.433376 0.671863 0.671863 0.671863
3149.904541 0.000000 2396.209717 0.000000 0.979040 0.000000 -0.203668 0.621815 0.621815 0.621815
3132.630615 0.000000 2337.032227 0.000000 0.965761 0.000000 -0.259435 0.639728 0.639728 0.639728
3120.550049 0.000000 2321.959229 0.000000 0.943274 0.000000 -0.332015 0.647125 0.647125 0.647125
3122.372070 0.000000 2331.476807 0.000000 0.475976 0.000000 -0.879459 0.870228 0.870228 0.870228
3156.759277 0.000000 2336.329834 0.000000 0.747576 0.000000 -0.664177 0.779404 0.779404 0.779404
3122.603271 0.000000 2324.863525 0.000000 0.547027 0.000000 -0.837115 0.897336 0.897336 0.897336
3158.539551 0.000000 2333.112305 0.000000 0.761245 0.000000 -0.648464 0.797047 0.797047 0.797047
3123.756836 0.000000 2334.606201 0.000000 0.830851 0.000000 -0.556495 0.756639 0.756639 0.756639
3125.969727 0.000000 2322.128418 0.000000 0.942866 0.000000 -0.333172 0.668931 0.668931 0.668931
3142.815918 0.000000 2459.024902 0.000000 0.143789 0.000000 -0.989608 0.743915 0.743915 0.743915
3136.992188 0.000000 2400.015381 0.000000 0.242180 0.000000 -0.970231 0.730278 0.730278 0.730278
3126.840576 0.000000 2460.070557 0.000000 0.813422 0.000000 -0.581674 0.634388 0.634388 0.634388
3137.515625 0.000000 2429.683350 0.000000 0.228466 0.000000 -0.973552 0.682506 0.682506 0.682506
3131.157959 0.000000 2440.469971 0.000000 0.235751 0.000000 -0.971814 0.630523 0.630523 0.630523
3121.455811 0.000000 2462.730225 0.000000 0.863208 0.000000 -0.504848 0.614672 0.614672 0.614672
3126.373535 0.000000 2472.268311 0.000000 0.040255 0.000000 -0.999189 0.758056 0.758056 0.758056
3136.395264 0.000000 2468.203613 0.000000 0.141336 0.000000 -0.989962 0.744252 0.744252 0.744252
3112.249512 0.000000 2466.350586 0.000000 0.916538 0.000000 -0.399947 0.577119 0.577119 0.577119
3146.258301 0.000000 2438.636230 0.000000 0.498488 0.000000 -0.866897 0.647941 0.647941 0.647941
3127.147949 0.000000 2454.584229 0.000000 0.552933 0.000000 -0.833225 0.575695 0.575695 0.575695
3125.298584 0.000000 2465.865479 0.000000 0.919697 0.000000 -0.392629 0.604849 0.604849 0.604849
3133.202393 0.000000 2485.922363 0.000000 0.035913 0.000000 -0.999355 0.758647 0.758647 0.758647
3133.204834 0.000000 2427.518311 0.000000 0.849845 0.000000 -0.527033 0.573629 0.573629 0.573629
3145.914307 0.000000 2449.085449 0.000000 0.144578 0.000000 -0.989493 0.659628 0.659628 0.659628
3131.890625 0.000000 2415.502930 0.000000 0.733459 0.000000 -0.679733 0.620812 0.620812 0.620812
3125.081055 0.000000 2450.874268 0.000000 0.087343 0.000000 -0.996178 0.747568 0.747568 0.747568
3128.562012 0.000000 2492.276367 0.000000 0.560936 0.000000 -0.827859 0.682577 0.682577 0.682577
3135.523926 0.000000 2457.966064 0.000000 0.710170 0.000000 -0.704030 0.656175 0.656175 0.656175
3137.706543 0.000000 2420.540283 0.000000 0.384806 0.000000 -0.922998 0.709835 0.709835 0.709835
3116.861328 0.000000 2435.409668 0.000000 0.966289 0.000000 -0.257461 0.641175 0.641175 0.641175
3128.301758 0.000000 2402.989258 0.000000 0.688984 0.000000 -0.724776 0.643508 0.643508 0.643508
3116.742676 0.000000 2407.549805 0.000000 0.329434 0.000000 -0.944179 0.699240 0.699240 0.699240
3136.579102 0.000000 2426.122070 0.000000 0.313306 0.000000 -0.949652 0.720210 0.720210 0.720210
3127.195068 0.000000 2409.291748 0.000000 0.580053 0.000000 -0.814579 0.648040 0.648040 0.648040
3132.132812 0.000000 2408.865234 0.000000 0.481697 0.000000 -0.876338 0.695209 0.695209 0.695209
3136.771729 0.000000 2413.486328 0.000000 0.665095 0.000000 -0.746759 0.664619 0.664619 0.664619
3130.037598 0.000000 2453.061523 0.000000 0.543119 0.000000 -0.839656 0.685482 0.685482 0.685482
3124.759277 0.000000 2462.542236 0.000000 0.963732 0.000000 -0.266870 0.586723 0.586723 0.586723
3117.737793 0.000000 2477.940918 0.000000 0.956011 0.000000 -0.293330 0.570439 0.570439 0.570439
3118.593994 0.000000 2461.413818 0.000000 0.200788 0.000000 -0.979635 0.638326 0.638326 0.638326
3126.447754 0.000000 2489.957275 0.000000 0.965196 0.000000 -0.261529 0.585970 0.585970 0.585970
3112.566406 0.000000 2463.337646 0.000000 0.809489 0.000000 -0.587134 0.604283 0.604283 0.604283
3155.464844 0.000000 2434.311279 0.000000 0.821407 0.000000 -0.570342 0.600835 0.600835 0.600835
3141.762451 0.000000 2461.800537 0.000000 0.500787 0.000000 -0.865570 0.692229 0.692229 0.692229
3132.884277 0.000000 2412.636230 0.000000 0.453845 0.000000 -0.891081 0.699493 0.699493 0.699493
3127.274658 0.000000 2469.511475 0.000000 0.281691 0.000000 -0.959505 0.724712 0.724712 0.724712
3136.781738 0.000000 2471.340088 0.000000 0.054857 0.000000 -0.998494 0.756069 0.756069 0.756069
3147.540283 0.000000 2415.064453 0.000000 0.712731 0.000000 -0.701438 0.595901 0.595901 0.595901
3114.531494 0.000000 2437.000000 0.000000 0.690957 0.000000 -0.722896 0.832908 0.832908 0.832908
3129.000732 0.000000 2400.338623 0.000000 0.447329 0.000000 -0.894370 0.708085 0.708085 0.708085
3151.598633 0.000000 2407.745850 0.000000 0.821955 0.000000 -0.569552 0.614068 0.614068 0.614068
3129.474121 0.000000 2460.663330 0.000000 0.749529 0.000000 -0.661971 0.648343 0.648343 0.648343
3132.213379 0.000000 2483.366455 0.000000 0.642434 0.000000 -0.766341 0.668690 0.668690 0.668690
3127.392822 0.000000 2462.678711 0.000000 0.127411 0.000000 -0.991850 0.746162 0.746162 0.746162
3131.281494 0.000000 2487.965576 0.000000 0.227546 0.000000 -0.973767 0.732324 0.732324 0.732324
3128.733398 0.000000 2473.559082 0.000000 0.943808 0.000000 -0.330495 0.595787 0.595787 0.595787
3140.460938 0.000000 2457.520996 0.000000 0.067084 0.000000 -0.997747 0.754403 0.754403 0.754403
3139.453369 0.000000 2462.941650 0.000000 0.068584 0.000000 -0.997645 0.754199 0.754199 0.754199
3133.627930 0.000000 2399.643311 0.000000 0.819896 0.000000 -0.572512 0.595198 0.595198 0.595198
3135.268066 0.000000 2419.797363 0.000000 0.964399 0.000000 -0.264452 0.586382 0.586382 0.586382
3143.820312 0.000000 2401.753906 0.000000 0.946267 0.000000 -0.323387 0.572156 0.572156 0.572156
3123.991943 0.000000 2460.147705 0.000000 0.454101 0.000000 -0.890950 0.744743 0.744743 0.744743
3131.042969 0.000000 2492.787354 0.000000 0.890880 0.000000 -0.454239 0.614097 0.614097 0.614097
3112.852051 0.000000 2432.425781 0.000000 0.880516 0.000000 -0.474016 0.647647 0.647647 0.647647
3133.660156 0.000000 2417.204834 0.000000 0.097926 0.000000 -0.995194 0.750196 0.750196 0.750196
3124.486572 0.000000 2448.664307 0.000000 0.983469 0.000000 -0.181077 0.574752 0.574752 0.574752
3119.233154 0.000000 2463.568848 0.000000 0.553781 0.000000 -0.832662 0.641867 0.641867 0.641867
3138.082520 0.000000 2411.737793 0.000000 0.292632 0.000000 -0.956225 0.723159 0.723159 0.723159
3116.947510 0.000000 2463.506836 0.000000 0.963824 0.000000 -0.266540 0.571117 0.571117 0.571117
3124.208740 0.000000 2453.037354 0.000000 0.608729 0.000000 -0.793378 0.624235 0.624235 0.624235
3129.344971 0.000000 2494.387939 0.000000 0.868793 0.000000 -0.495176 0.620420 0.620420 0.620420
3133.792969 0.000000 2449.040527 0.000000 0.071267 0.000000 -0.997457 0.753833 0.753833 0.753833
3124.077148 0.000000 2490.311035 0.000000 0.958601 0.000000 -0.284754 0.586873 0.586873 0.586873
3135.056152 0.000000 2470.054932 0.000000 0.729194 0.000000 -0.684307 0.632787 0.632787 0.632787
3149.428223 0.000000 2408.345215 0.000000 0.888739 0.000000 -0.458414 0.607542 0.607542 0.607542
3118.618408 0.000000 2434.187500 0.000000 0.977336 0.000000 -0.211692 0.591591 0.591591 0.591591
3131.419922 0.000000 2410.981934 0.000000 0.136255 0.000000 -0.990674 0.695720 0.695720 0.695720
3128.224121 0.000000 2477.848633 0.000000 0.495144 0.000000 -0.868811 0.693114 0.693114 0.693114
3129.384277 0.000000 2475.830322 0.000000 0.789310 0.000000 -0.613995 0.639870 0.639870 0.639870
3132.486084 0.000000 2406.678711 0.000000 0.306988 0.000000 -0.951713 0.681360 0.681360 0.681360
3123.586914 0.000000 2467.072754 0.000000 0.606359 0.000000 -0.795191 0.749447 0.749447 0.749447
3137.027100 0.000000 2418.457520 0.000000 0.954510 0.000000 -0.298180 0.591160 0.591160 0.591160
3147.830322 0.000000 2423.489746 0.000000 0.291478 0.000000 -0.956578 0.744332 0.744332 0.744332
3132.411865 0.000000 2478.409424 0.000000 0.980392 0.000000 -0.197059 0.572879 0.572879 0.572879
3140.969482 0.000000 2459.813232 0.000000 0.657173 0.000000 -0.753740 0.666054 0.666054 0.666054
3139.456055 0.000000 2419.481689 0.000000 0.291432 0.000000 -0.956591 0.723330 0.723330 0.723330
3120.627197 0.000000 2406.025391 0.000000 0.877296 0.000000 -0.479950 0.600178 0.600178 0.600178
3120.371338 0.000000 2431.997314 0.000000 0.848774 0.000000 -0.528755 0.665515 0.665515 0.665515
3129.529297 0.000000 2441.571777 0.000000 0.757934 0.000000 -0.652332 0.635871 0.635871 0.635871
3136.142822 0.000000 2403.712891 0.000000 0.550042 0.000000 -0.835137 0.684358 0.684358 0.684358
3138.133057 0.000000 2467.119141 0.000000 0.138587 0.000000 -0.990350 0.744630 0.744630 0.744630
3135.051758 0.000000 2486.923828 0.000000 0.808200 0.000000 -0.588907 0.635600 0.635600 0.635600
3134.621582 0.000000 2426.179932 0.000000 0.842612 0.000000 -0.538521 0.614811 0.614811 0.614811
3130.511719 0.000000 2480.996338 0.000000 0.964523 0.000000 -0.263999 0.586318 0.586318 0.586318
3128.722656 0.000000 2484.475342 0.000000 0.724531 0.000000 -0.689242 0.653372 0.653372 0.653372
3119.341797 0.000000 2439.482910 0.000000 0.244914 0.000000 -0.969545 1.013364 1.013364 1.013364
3144.964355 0.000000 2447.321533 0.000000 0.838428 0.000000 -0.545012 0.652890 0.652890 0.652890
3128.073975 0.000000 2456.473389 0.000000 0.303776 0.000000 -0.952744 0.674780 0.674780 0.674780
3124.383057 0.000000 2494.701416 0.000000 0.132509 0.000000 -0.991182 0.700053 0.700053 0.700053
3136.882812 0.000000 2473.300781 0.000000 0.973143 0.000000 -0.230200 0.581576 0.581576 0.581576
3138.282471 0.000000 2425.361328 0.000000 0.107120 0.000000 -0.994246 0.744921 0.744921 0.744921
3116.600830 0.000000 2475.309814 0.000000 0.463561 0.000000 -0.886065 0.675581 0.675581 0.675581
3136.831543 0.000000 2487.755371 0.000000 0.932585 0.000000 -0.360950 0.590566 0.590566 0.590566
3126.265381 0.000000 2410.873291 0.000000 0.899778 0.000000 -0.436348 0.602700 0.602700 0.602700
3131.892334 0.000000 2476.661621 0.000000 0.875373 0.000000 -0.483449 0.618593 0.618593 0.618593
3146.698486 0.000000 2436.894287 0.000000 0.102370 0.000000 -0.994746 0.864504 0.864504 0.864504
3135.840820 0.000000 2424.412354 0.000000 0.739121 0.000000 -0.673573 0.650462 0.650462 0.650462
3133.384521 0.000000 2481.939209 0.000000 0.847992 0.000000 -0.530008 0.625936 0.625936 0.625936
3123.068604 0.000000 2461.874756 0.000000 0.826939 0.000000 -0.562292 0.655774 0.655774 0.655774
3136.738525 0.000000 2409.626465 0.000000 0.947064 0.000000 -0.321043 0.594428 0.594428 0.594428
3135.271973 0.000000 2400.569824 0.000000 0.525614 0.000000 -0.850723 0.688297 0.688297 0.688297
3125.362061 0.000000 2467.860107 0.000000 0.973233 0.000000 -0.229819 0.581523 0.581523 0.581523
3124.746826 0.000000 2473.187256 0.000000 0.549612 0.000000 -0.835420 0.684428 0.684428 0.684428
3139.868408 0.000000 2454.513916 0.000000 0.683434 0.000000 -0.730013 0.661243 0.661243 0.661243
3147.384766 0.000000 2427.313721 0.000000 0.622358 0.000000 -0.782733 0.690731 0.690731 0.690731
3133.582764 0.000000 2489.707520 0.000000 0.963295 0.000000 -0.268446 0.586945 0.586945 0.586945
3127.805420 0.000000 2486.118896 0.000000 0.193756 0.000000 -0.981050 0.737023 0.737023 0.737023
3135.115479 0.000000 2418.056152 0.000000 0.550634 0.000000 -0.834747 0.684261 0.684261 0.684261
3142.819580 0.000000 2454.143799 0.000000 0.792971 0.000000 -0.609260 0.635458 0.635458 0.635458
3142.670898 0.000000 2436.343262 0.000000 0.985436 0.000000 -0.170049 0.590592 0.590592 0.590592
3140.425781 0.000000 2399.627441 0.000000 0.157049 0.000000 -0.987591 0.742092 0.742092 0.742092
3136.300781 0.000000 2411.724609 0.000000 0.184485 0.000000 -0.982835 0.738307 0.738307 0.738307
3128.524414 0.000000 2468.537109 0.000000 0.978474 0.000000 -0.206369 0.578256 0.578256 0.578256
3117.887939 0.000000 2438.753174 0.000000 0.861480 0.000000 -0.507791 0.736492 0.736492 0.736492
3119.995850 0.000000 2433.485840 0.000000 0.793107 0.000000 -0.609082 0.710966 0.710966 0.710966
3120.141602 0.000000 2470.324463 0.000000 0.242092 0.000000 -0.970253 0.799492 0.799492 0.799492
3142.445801 0.000000 2447.921387 0.000000 0.784941 0.000000 -0.619570 0.716985 0.716985 0.716985
3148.387207 0.000000 2407.129150 0.000000 0.900377 0.000000 -0.435110 0.677332 0.677332 0.677332
3123.681641 0.000000 2465.580322 0.000000 0.968549 0.000000 -0.248822 0.606282 0.606282 0.606282
3122.968018 0.000000 2470.726562 0.000000 0.608626 0.000000 -0.793457 0.729952 0.729952 0.729952
3115.809082 0.000000 2436.361084 0.000000 0.475213 0.000000 -0.879871 0.926608 0.926608 0.926608
3115.701660 0.000000 2437.729736 0.000000 0.690182 0.000000 -0.723636 0.833283 0.833283 0.833283
3115.836670 0.000000 2434.493652 0.000000 0.855907 0.000000 -0.517129 0.718657 0.718657 0.718657
3114.181152 0.000000 2432.326660 0.000000 0.006098 0.000000 -0.999981 0.999034 0.999034 0.999034
3123.654053 0.000000 2463.038086 0.000000 0.984287 0.000000 -0.176575 0.593872 0.593872 0.593872
3118.137939 0.000000 2436.935303 0.000000 0.792324 0.000000 -0.610101 0.779758 0.779758 0.779758
3114.076660 0.000000 2434.551270 0.000000 0.044427 0.000000 -0.999013 1.023660 1.023660 1.023660
3117.717285 0.000000 2434.770264 0.000000 0.572606 0.000000 -0.819831 0.886526 0.886526 0.886526
3119.559814 0.000000 2438.466553 0.000000 0.119952 0.000000 -0.992780 1.057899 1.057899 1.057899
3126.175781 0.000000 2495.904297 0.000000 0.971665 0.000000 -0.236362 0.582437 0.582437 0.582437
3132.898682 0.000000 2498.800293 0.000000 0.777916 0.000000 -0.628368 0.618106 0.618106 0.618106
3130.896484 0.000000 2495.674805 0.000000 0.914271 0.000000 -0.405102 0.606698 0.606698 0.606698
3191.243164 0.000000 2392.201904 0.000000 0.921339 0.000000 -0.388761 0.562062 0.562062 0.562062
3168.758301 0.000000 2304.238525 0.000000 0.179307 0.000000 -0.983793 0.624463 0.624463 0.624463
3198.167969 0.000000 2303.935547 0.000000 0.189415 0.000000 -0.981897 0.567057 0.567057 0.567057
3196.437744 0.000000 2315.596924 0.000000 0.142726 0.000000 -0.989762 0.585284 0.585284 0.585284
3178.368652 0.000000 2313.664795 0.000000 0.072530 0.000000 -0.997366 0.957322 0.957322 0.957322
3191.090576 0.000000 2308.763184 0.000000 0.392968 0.000000 -0.919552 0.596467 0.596467 0.596467
3171.166260 0.000000 2311.489014 0.000000 0.842621 0.000000 -0.538507 0.627303 0.627303 0.627303
3176.577881 0.000000 2331.229980 0.000000 0.818191 0.000000 -0.574947 0.570186 0.570186 0.570186
3230.408447 0.000000 2338.971191 0.000000 0.584445 0.000000 -0.811433 0.715072 0.715072 0.715072
3211.835938 0.000000 2310.066162 0.000000 0.859523 0.000000 -0.511097 0.569152 0.569152 0.569152
3192.881104 0.000000 2320.902344 0.000000 0.930036 0.000000 -0.367467 0.561884 0.561884 0.561884
3172.713623 0.000000 2326.234863 0.000000 0.852698 0.000000 -0.522405 0.624720 0.624720 0.624720
3190.452148 0.000000 2314.758057 0.000000 0.008890 0.000000 -0.999960 0.697981 0.697981 0.697981
3176.288330 0.000000 2318.847412 0.000000 0.945791 0.000000 -0.324777 0.594965 0.594965 0.594965
3223.120850 0.000000 2309.101562 0.000000 0.484506 0.000000 -0.874788 0.583634 0.583634 0.583634
3213.545166 0.000000 2347.398926 0.000000 0.067928 0.000000 -0.997690 0.840956 0.840956 0.840956
3180.523682 0.000000 2309.517822 0.000000 0.963863 0.000000 -0.266400 0.590729 0.590729 0.590729
3220.830566 0.000000 2303.866943 0.000000 0.410980 0.000000 -0.911644 0.614588 0.614588 0.614588
3225.952881 0.000000 2341.178223 0.000000 0.920344 0.000000 -0.391110 0.606832 0.606832 0.606832
3175.367432 0.000000 2310.647705 0.000000 0.670549 0.000000 -0.741865 0.777245 0.777245 0.777245
3236.632812 0.000000 2360.144775 0.000000 0.743906 0.000000 -0.668284 0.613313 0.613313 0.613313
3192.458252 0.000000 2396.022705 0.000000 0.412665 0.000000 -0.910883 0.576737 0.576737 0.576737
3220.260498 0.000000 2335.116455 0.000000 0.783417 0.000000 -0.621496 0.686289 0.686289 0.686289
3186.689209 0.000000 2315.278809 0.000000 0.341023 0.000000 -0.940055 0.597013 0.597013 0.597013
3185.897705 0.000000 2308.171143 0.000000 0.192685 0.000000 -0.981261 0.756078 0.756078 0.756078
3200.293945 0.000000 2307.004883 0.000000 0.877506 0.000000 -0.479565 0.567169 0.567169 0.567169
3204.125000 0.000000 2312.880859 0.000000 0.643859 0.000000 -0.765144 0.628958 0.628958 0.628958
3193.390381 0.000000 2317.269043 0.000000 0.976117 0.000000 -0.217247 0.567140 0.567140 0.567140
3175.776611 0.000000 2327.726562 0.000000 0.781162 0.000000 -0.624329 0.641659 0.641659 0.641659
3208.763916 0.000000 2317.501953 0.000000 0.231391 0.000000 -0.972861 0.662010 0.662010 0.662010
3192.929688 0.000000 2389.503906 0.000000 0.240618 0.000000 -0.970620 0.734143 0.734143 0.734143
3171.607910 0.000000 2335.948975 0.000000 0.861665 0.000000 -0.507478 0.598235 0.598235 0.598235
3227.457031 0.000000 2338.326904 0.000000 0.889433 0.000000 -0.457066 0.576072 0.576072 0.576072
3171.324951 0.000000 2323.648438 0.000000 0.866986 0.000000 -0.498332 0.620915 0.620915 0.620915
3203.995605 0.000000 2308.611572 0.000000 0.966332 0.000000 -0.257298 0.565722 0.565722 0.565722
3175.407959 0.000000 2313.568848 0.000000 0.954213 0.000000 -0.299128 0.632590 0.632590 0.632590
3208.443359 0.000000 2311.837646 0.000000 0.008955 0.000000 -0.999960 0.680819 0.680819 0.680819
3173.668945 0.000000 2319.891357 0.000000 0.719630 0.000000 -0.694357 0.642743 0.642743 0.642743
3173.818604 0.000000 2330.550293 0.000000 0.786008 0.000000 -0.618216 0.640598 0.640598 0.640598
3176.650879 0.000000 2315.997314 0.000000 0.458856 0.000000 -0.888511 0.847454 0.847454 0.847454
3171.418945 0.000000 2317.610840 0.000000 0.822739 0.000000 -0.568419 0.623054 0.623054 0.623054
3210.885254 0.000000 2347.514404 0.000000 0.208835 0.000000 -0.977951 0.899313 0.899313 0.899313
3186.806885 0.000000 2323.129639 0.000000 0.048516 0.000000 -0.998822 0.635699 0.635699 0.635699
3191.266846 0.000000 2311.486572 0.000000 0.454150 0.000000 -0.890925 0.645102 0.645102 0.645102
3215.634766 0.000000 2380.924316 0.000000 0.605335 0.000000 -0.795971 0.656184 0.656184 0.656184
3193.100586 0.000000 2314.809570 0.000000 0.578052 0.000000 -0.816000 0.643050 0.643050 0.643050
3211.926025 0.000000 2325.503662 0.000000 0.761972 0.000000 -0.647610 0.604167 0.604167 0.604167
3184.755127 0.000000 2325.060303 0.000000 0.224663 0.000000 -0.974436 0.732726 0.732726 0.732726
3212.935547 0.000000 2314.458740 0.000000 0.482700 0.000000 -0.875786 0.615933 0.615933 0.615933
3169.860352 0.000000 2334.313721 0.000000 0.112315 0.000000 -0.993673 0.682153 0.682153 0.682153
3180.378174 0.000000 2322.259277 0.000000 0.849824 0.000000 -0.527066 0.595736 0.595736 0.595736
3186.800781 0.000000 2310.274170 0.000000 0.124499 0.000000 -0.992220 0.863704 0.863704 0.863704
3174.369385 0.000000 2317.689941 0.000000 0.956302 0.000000 -0.292379 0.590334 0.590334 0.590334
3176.969971 0.000000 2308.991943 0.000000 0.795333 0.000000 -0.606173 0.683239 0.683239 0.683239
3193.747070 0.000000 2391.512695 0.000000 0.150399 0.000000 -0.988625 0.665024 0.665024 0.665024
3204.478271 0.000000 2310.694336 0.000000 0.877566 0.000000 -0.479455 0.598062 0.598062 0.598062
3221.829102 0.000000 2367.778809 0.000000 0.586560 0.000000 -0.809906 0.627772 0.627772 0.627772
3176.895020 0.000000 2312.311035 0.000000 0.646743 0.000000 -0.762708 0.785848 0.785848 0.785848
3175.525879 0.000000 2329.605957 0.000000 0.914371 0.000000 -0.404878 0.606665 0.606665 0.606665
3212.168701 0.000000 2346.007568 0.000000 0.293426 0.000000 -0.955982 0.796460 0.796460 0.796460
3179.606445 0.000000 2312.255859 0.000000 0.187889 0.000000 -0.982190 0.925671 0.925671 0.925671
3196.985352 0.000000 2389.601562 0.000000 0.863337 0.000000 -0.504627 0.637156 0.637156 0.637156
3170.877930 0.000000 2327.494385 0.000000 0.773402 0.000000 -0.633916 0.643335 0.643335 0.643335
3169.382812 0.000000 2328.924561 0.000000 0.685779 0.000000 -0.727810 0.660805 0.660805 0.660805
3172.058594 0.000000 2330.962646 0.000000 0.888383 0.000000 -0.459103 0.614840 0.614840 0.614840
3184.981201 0.000000 2309.899902 0.000000 0.510221 0.000000 -0.860043 0.704959 0.704959 0.704959
3175.017334 0.000000 2315.354492 0.000000 0.897173 0.000000 -0.441680 0.674374 0.674374 0.674374
3171.302246 0.000000 2315.898682 0.000000 0.968439 0.000000 -0.249252 0.606727 0.606727 0.606727
3181.939941 0.000000 2308.225830 0.000000 0.719884 0.000000 -0.694095 0.665873 0.665873 0.665873
3221.703369 0.000000 2334.219482 0.000000 0.933845 0.000000 -0.357678 0.624334 0.624334 0.624334
3180.166504 0.000000 2318.638916 0.000000 0.245762 0.000000 -0.969330 0.729776 0.729776 0.729776
3193.967529 0.000000 2388.224609 0.000000 0.640451 0.000000 -0.767999 0.671446 0.671446 0.671446
3201.292725 0.000000 2335.079346 0.000000 0.015789 0.000000 -0.999875 1.028281 1.028281 1.028281
3176.907471 0.000000 2314.312012 0.000000 0.643077 0.000000 -0.765802 0.787152 0.787152 0.787152
3179.637451 0.000000 2320.168457 0.000000 0.949999 0.000000 -0.312254 0.593169 0.593169 0.593169
3197.359375 0.000000 2388.114746 0.000000 0.738370 0.000000 -0.674396 0.671956 0.671956 0.671956
3180.264648 0.000000 2313.519531 0.000000 0.362767 0.000000 -0.931880 0.876130 0.876130 0.876130
3187.329102 0.000000 2311.599121 0.000000 0.055900 0.000000 -0.998436 0.878650 0.878650 0.878650
3173.839600 0.000000 2310.836182 0.000000 0.610598 0.000000 -0.791941 0.784683 0.784683 0.784683
3178.238037 0.000000 2312.425537 0.000000 0.714569 0.000000 -0.699565 0.760645 0.760645 0.760645
3179.534668 0.000000 2315.759521 0.000000 0.971841 0.000000 -0.235638 0.609446 0.609446 0.609446
3195.965820 0.000000 2389.034668 0.000000 0.075108 0.000000 -0.997175 1.026443 1.026443 1.026443
3191.451172 0.000000 2347.630127 0.000000 0.177842 0.000000 -0.984059 0.945652 0.945652 0.945652
3217.800781 0.000000 2403.226074 0.000000 0.420012 0.000000 -0.907518 0.557808 0.557808 0.557808
3215.955322 0.000000 2426.432617 0.000000 0.445642 0.000000 -0.895211 0.568272 0.568272 0.568272
3217.240967 0.000000 2412.610107 0.000000 0.340106 0.000000 -0.940387 0.588648 0.588648 0.588648
3201.503418 0.000000 2406.420166 0.000000 0.152048 0.000000 -0.988373 0.577262 0.577262 0.577262
3207.910400 0.000000 2416.581543 0.000000 0.248661 0.000000 -0.968591 0.591672 0.591672 0.591672
3203.636719 0.000000 2401.363770 0.000000 0.473703 0.000000 -0.880685 0.581064 0.581064 0.581064
3211.500732 0.000000 2423.985596 0.000000 0.294645 0.000000 -0.955607 0.721127 0.721127 0.721127
3193.261719 0.000000 2439.919189 0.000000 0.736674 0.000000 -0.676248 0.628520 0.628520 0.628520
3174.042480 0.000000 2455.338623 0.000000 0.061830 0.000000 -0.998087 0.705393 0.705393 0.705393
3208.000977 0.000000 2433.517090 0.000000 0.066740 0.000000 -0.997770 0.649127 0.649127 0.649127
3209.698730 0.000000 2420.540283 0.000000 0.958672 0.000000 -0.284512 0.562676 0.562676 0.562676
3200.293945 0.000000 2402.989258 0.000000 0.685167 0.000000 -0.728386 0.573528 0.573528 0.573528
3190.429688 0.000000 2432.093994 0.000000 0.358205 0.000000 -0.933643 0.635999 0.635999 0.635999
3208.571289 0.000000 2426.122070 0.000000 0.845360 0.000000 -0.534196 0.607263 0.607263 0.607263
3204.125000 0.000000 2408.865234 0.000000 0.860004 0.000000 -0.510287 0.565442 0.565442 0.565442
3206.854492 0.000000 2402.259766 0.000000 0.591311 0.000000 -0.806444 0.609254 0.609254 0.609254
3191.029541 0.000000 2437.555908 0.000000 0.089229 0.000000 -0.996011 0.692392 0.692392 0.692392
3171.972412 0.000000 2458.476074 0.000000 0.481305 0.000000 -0.876553 0.616032 0.616032 0.616032
3230.351807 0.000000 2419.483398 0.000000 0.815196 0.000000 -0.579185 0.580535 0.580535 0.580535
3209.180664 0.000000 2423.049316 0.000000 0.349813 0.000000 -0.936820 0.733277 0.733277 0.733277
3201.987061 0.000000 2432.709473 0.000000 0.962106 0.000000 -0.272675 0.584508 0.584508 0.584508
3191.334473 0.000000 2430.131592 0.000000 0.683219 0.000000 -0.730213 0.661283 0.661283 0.661283
3192.363525 0.000000 2431.997314 0.000000 0.505655 0.000000 -0.862736 0.687177 0.687177 0.687177
3189.000977 0.000000 2437.309570 0.000000 0.334409 0.000000 -0.942428 0.703669 0.703669 0.703669
3191.333984 0.000000 2439.482910 0.000000 0.947937 0.000000 -0.318458 0.583822 0.583822 0.583822
3173.703613 0.000000 2457.107910 0.000000 0.246309 0.000000 -0.969191 1.012861 1.012861 1.012861
3233.476074 0.000000 2417.320801 0.000000 0.728306 0.000000 -0.685252 0.737629 0.737629 0.737629
3230.197266 0.000000 2416.540039 0.000000 0.491073 0.000000 -0.871118 0.757639 0.757639 0.757639
3209.189941 0.000000 2424.487061 0.000000 0.911807 0.000000 -0.410619 0.642961 0.642961 0.642961
3217.127686 0.000000 2429.384521 0.000000 0.788282 0.000000 -0.615315 0.731104 0.731104 0.731104
3173.147949 0.000000 2456.043945 0.000000 0.866637 0.000000 -0.498940 0.732905 0.732905 0.732905
4462.879883 0.000000 1725.769043 0.000000 0.919913 0.000000 -0.392123 0.614180 0.614180 0.614180
4529.873047 0.000000 1714.625610 0.000000 0.717887 0.000000 -0.696160 0.794244 0.794244 0.794244
4475.425293 0.000000 1715.957397 0.000000 0.802915 0.000000 -0.596094 0.578061 0.578061 0.578061
4465.205078 0.000000 1723.147217 0.000000 0.952572 0.000000 -0.304313 0.628549 0.628549 0.628549
4521.352051 0.000000 1691.439941 0.000000 0.929964 0.000000 -0.367651 0.591873 0.591873 0.591873
4531.889648 0.000000 1705.175171 0.000000 0.923016 0.000000 -0.384761 0.617788 0.617788 0.617788
4468.365234 0.000000 1716.996948 0.000000 0.601417 0.000000 -0.798935 0.591938 0.591938 0.591938
4473.043945 0.000000 1721.399292 0.000000 0.947526 0.000000 -0.319679 0.561170 0.561170 0.561170
4511.983887 0.000000 1720.051758 0.000000 0.975301 0.000000 -0.220881 0.611469 0.611469 0.611469
4532.609375 0.000000 1700.507080 0.000000 0.497316 0.000000 -0.867570 0.841316 0.841316 0.841316
4507.289062 0.000000 1679.255615 0.000000 0.205514 0.000000 -0.978654 0.782208 0.782208 0.782208
4469.224609 0.000000 1724.079224 0.000000 0.980657 0.000000 -0.195732 0.580567 0.580567 0.580567
4506.802734 0.000000 1692.075684 0.000000 0.739799 0.000000 -0.672827 0.644245 0.644245 0.644245
4533.863281 0.000000 1714.003418 0.000000 0.982686 0.000000 -0.185279 0.572006 0.572006 0.572006
4512.266602 0.000000 1698.591187 0.000000 0.761371 0.000000 -0.648317 0.775671 0.775671 0.775671
4474.735352 0.000000 1712.502808 0.000000 0.675394 0.000000 -0.737457 0.587577 0.587577 0.587577
4466.525391 0.000000 1726.393677 0.000000 0.920201 0.000000 -0.391445 0.627869 0.627869 0.627869
4504.274902 0.000000 1685.284424 0.000000 0.330669 0.000000 -0.943747 0.746517 0.746517 0.746517
4510.442871 0.000000 1705.981689 0.000000 0.494865 0.000000 -0.868970 0.826193 0.826193 0.826193
4534.250488 0.000000 1722.054688 0.000000 0.521790 0.000000 -0.853074 0.858682 0.858682 0.858682
4534.597656 0.000000 1703.228149 0.000000 0.835786 0.000000 -0.549055 0.716003 0.716003 0.716003
4509.335938 0.000000 1687.247559 0.000000 0.347152 0.000000 -0.937809 0.924092 0.924092 0.924092
4509.613770 0.000000 1693.925415 0.000000 0.050534 0.000000 -0.998722 0.986276 0.986276 0.986276
4530.507324 0.000000 1717.570312 0.000000 0.263752 0.000000 -0.964591 0.995802 0.995802 0.995802
4528.729492 0.000000 1705.161865 0.000000 0.498779 0.000000 -0.866729 0.790454 0.790454 0.790454
4514.186035 0.000000 1684.062988 0.000000 0.599637 0.000000 -0.800272 0.598408 0.598408 0.598408
4512.991699 0.000000 1704.363647 0.000000 0.291921 0.000000 -0.956442 0.793264 0.793264 0.793264
4463.658691 0.000000 1725.609375 0.000000 0.949447 0.000000 -0.313928 0.600862 0.600862 0.600862
4506.550293 0.000000 1682.248291 0.000000 0.291452 0.000000 -0.956585 0.831875 0.831875 0.831875
4511.494141 0.000000 1709.033569 0.000000 0.593538 0.000000 -0.804806 0.601373 0.601373 0.601373
4531.318848 0.000000 1698.338501 0.000000 0.897565 0.000000 -0.440883 0.578839 0.578839 0.578839
4509.617676 0.000000 1720.634766 0.000000 0.097132 0.000000 -0.995272 1.033564 1.033564 1.033564
4521.741211 0.000000 1689.099609 0.000000 0.523688 0.000000 -0.851910 0.818808 0.818808 0.818808
4511.615723 0.000000 1717.607056 0.000000 0.845552 0.000000 -0.533894 0.697706 0.697706 0.697706
4523.440918 0.000000 1692.028564 0.000000 0.473814 0.000000 -0.880625 0.652056 0.652056 0.652056
4508.187012 0.000000 1706.980957 0.000000 0.976163 0.000000 -0.217037 0.568625 0.568625 0.568625
4513.208496 0.000000 1721.778076 0.000000 0.904529 0.000000 -0.426411 0.599600 0.599600 0.599600
4476.624512 0.000000 1717.714844 0.000000 0.860669 0.000000 -0.509166 0.610883 0.610883 0.610883
4508.821289 0.000000 1691.938110 0.000000 0.817878 0.000000 -0.575392 0.603877 0.603877 0.603877
4534.107910 0.000000 1709.224243 0.000000 0.380900 0.000000 -0.924616 0.865958 0.865958 0.865958
4530.376465 0.000000 1706.403442 0.000000 0.959488 0.000000 -0.281748 0.600199 0.600199 0.600199
4535.199219 0.000000 1723.786011 0.000000 0.415760 0.000000 -0.909474 0.894983 0.894983 0.894983
4479.373047 0.000000 1715.123047 0.000000 0.311384 0.000000 -0.950284 0.782480 0.782480 0.782480
4531.540039 0.000000 1719.111694 0.000000 0.792868 0.000000 -0.609394 0.756051 0.756051 0.756051
4512.964355 0.000000 1700.217773 0.000000 0.248005 0.000000 -0.968759 0.716772 0.716772 0.716772
4513.758301 0.000000 1687.678101 0.000000 0.702055 0.000000 -0.712123 0.705614 0.705614 0.705614
4505.715820 0.000000 1686.267822 0.000000 0.652582 0.000000 -0.757718 0.763690 0.763690 0.763690
4513.971680 0.000000 1685.916382 0.000000 0.847885 0.000000 -0.530180 0.724179 0.724179 0.724179
4474.438477 0.000000 1717.346558 0.000000 0.687934 0.000000 -0.725773 0.765229 0.765229 0.765229
4512.143066 0.000000 1705.862427 0.000000 0.925229 0.000000 -0.379410 0.624275 0.624275 0.624275
4506.546875 0.000000 1727.702759 0.000000 0.961192 0.000000 -0.275879 0.620617 0.620617 0.620617
4529.485352 0.000000 1712.974243 0.000000 0.974378 0.000000 -0.224917 0.588314 0.588314 0.588314
4512.132812 0.000000 1723.953613 0.000000 0.286142 0.000000 -0.958187 0.855960 0.855960 0.855960
4513.892578 0.000000 1714.895386 0.000000 0.475217 0.000000 -0.879869 0.815840 0.815840 0.815840
4535.390625 0.000000 1713.574707 0.000000 0.649036 0.000000 -0.760758 0.687694 0.687694 0.687694
4512.778809 0.000000 1684.842651 0.000000 0.309332 0.000000 -0.950954 0.941583 0.941583 0.941583
4528.446777 0.000000 1706.791992 0.000000 0.767640 0.000000 -0.640881 0.671309 0.671309 0.671309
4513.979004 0.000000 1705.561523 0.000000 0.551003 0.000000 -0.834503 0.738424 0.738424 0.738424
4507.744141 0.000000 1683.493164 0.000000 0.655072 0.000000 -0.755566 0.739350 0.739350 0.739350
4503.176758 0.000000 1680.542358 0.000000 0.097851 0.000000 -0.995201 1.011082 1.011082 1.011082
4505.720215 0.000000 1684.754272 0.000000 0.591681 0.000000 -0.806172 0.699349 0.699349 0.699349
4477.395508 0.000000 1713.178101 0.000000 0.634672 0.000000 -0.772782 0.763442 0.763442 0.763442
4507.070312 0.000000 1690.513184 0.000000 0.960162 0.000000 -0.279444 0.649165 0.649165 0.649165
4525.872070 0.000000 1694.494141 0.000000 0.677668 0.000000 -0.735368 0.722439 0.722439 0.722439
4471.976562 0.000000 1716.836914 0.000000 0.248499 0.000000 -0.968632 0.906971 0.906971 0.906971
4511.013672 0.000000 1721.052124 0.000000 0.971646 0.000000 -0.236440 0.615880 0.615880 0.615880
4515.877441 0.000000 1704.758057 0.000000 0.325003 0.000000 -0.945713 0.835994 0.835994 0.835994
4520.481934 0.000000 1688.788330 0.000000 0.680367 0.000000 -0.732872 0.766849 0.766849 0.766849
4509.186035 0.000000 1721.937012 0.000000 0.940115 0.000000 -0.340858 0.664147 0.664147 0.664147
4530.210938 0.000000 1718.802368 0.000000 0.920318 0.000000 -0.391172 0.676375 0.676375 0.676375
4505.646973 0.000000 1691.410278 0.000000 0.160643 0.000000 -0.987013 0.921582 0.921582 0.921582
4518.980957 0.000000 1686.536255 0.000000 0.692634 0.000000 -0.721289 0.787845 0.787845 0.787845
4504.428711 0.000000 1690.831421 0.000000 0.978585 0.000000 -0.205844 0.604658 0.604658 0.604658
4528.208496 0.000000 1703.994629 0.000000 0.925527 0.000000 -0.378682 0.674786 0.674786 0.674786
4524.736328 0.000000 1692.027588 0.000000 0.916153 0.000000 -0.400828 0.658729 0.658729 0.658729
4510.623047 0.000000 1697.129883 0.000000 0.307483 0.000000 -0.951554 0.854076 0.854076 0.854076
4474.654785 0.000000 1707.183228 0.000000 0.215426 0.000000 -0.976520 0.953343 0.953343 0.953343
4524.914551 0.000000 1698.417114 0.000000 0.760159 0.000000 -0.649737 0.730626 0.730626 0.730626
4534.039062 0.000000 1724.069458 0.000000 0.793360 0.000000 -0.608753 0.736026 0.736026 0.736026
4529.470215 0.000000 1696.550903 0.000000 0.562912 0.000000 -0.826517 0.873283 0.873283 0.873283
4508.831055 0.000000 1686.148315 0.000000 0.635104 0.000000 -0.772426 0.821482 0.821482 0.821482
4502.634277 0.000000 1681.779419 0.000000 0.916142 0.000000 -0.400854 0.679124 0.679124 0.679124
4510.040527 0.000000 1704.824585 0.000000 0.289361 0.000000 -0.957220 0.884971 0.884971 0.884971
4534.913574 0.000000 1714.643555 0.000000 0.554992 0.000000 -0.831856 0.835987 0.835987 0.835987
4534.059082 0.000000 1726.625366 0.000000 0.939552 0.000000 -0.342405 0.653651 0.653651 0.653651
4505.544434 0.000000 1724.202881 0.000000 0.633885 0.000000 -0.773427 0.843821 0.843821 0.843821
4502.002930 0.000000 1680.129639 0.000000 0.505684 0.000000 -0.862719 0.875784 0.875784 0.875784
4504.558105 0.000000 1689.671631 0.000000 0.977151 0.000000 -0.212548 0.624994 0.624994 0.624994
4513.464844 0.000000 1699.253052 0.000000 0.147291 0.000000 -0.989093 1.005254 1.005254 1.005254
4530.065918 0.000000 1716.595337 0.000000 0.820389 0.000000 -0.571806 0.758118 0.758118 0.758118
4536.531250 0.000000 1714.848633 0.000000 0.708943 0.000000 -0.705265 0.718753 0.718753 0.718753
4535.650879 0.000000 1725.609375 0.000000 0.908652 0.000000 -0.417554 0.672433 0.672433 0.672433
4535.540039 0.000000 1702.647949 0.000000 0.924039 0.000000 -0.382299 0.662038 0.662038 0.662038
4535.509277 0.000000 1704.303955 0.000000 0.784455 0.000000 -0.620186 0.671252 0.671252 0.671252
4535.885742 0.000000 1723.972900 0.000000 0.518879 0.000000 -0.854848 0.859712 0.859712 0.859712
4535.522949 0.000000 1727.014160 0.000000 0.233946 0.000000 -0.972250 0.945847 0.945847 0.945847
4536.962891 0.000000 1716.048462 0.000000 0.090111 0.000000 -0.995932 0.928131 0.928131 0.928131
4536.119141 0.000000 1722.884888 0.000000 0.339148 0.000000 -0.940733 0.889714 0.889714 0.889714
4450.979004 0.000000 1797.842041 0.000000 0.350032 0.000000 -0.936738 0.883167 0.883167 0.883167
4438.085449 0.000000 1798.798950 0.000000 0.914507 0.000000 -0.404570 0.674676 0.674676 0.674676
4424.357422 0.000000 1815.755859 0.000000 0.775489 0.000000 -0.631361 0.564074 0.564074 0.564074
4439.138184 0.000000 1821.231323 0.000000 0.398940 0.000000 -0.916977 0.718900 0.718900 0.718900
4460.617188 0.000000 1796.491455 0.000000 0.278113 0.000000 -0.960549 0.610176 0.610176 0.610176
4460.788086 0.000000 1792.188843 0.000000 0.414981 0.000000 -0.909830 0.735175 0.735175 0.735175
4436.112305 0.000000 1818.645630 0.000000 0.332813 0.000000 -0.942993 0.881434 0.881434 0.881434
4424.421387 0.000000 1820.385498 0.000000 0.489691 0.000000 -0.871896 0.883012 0.883012 0.883012
4423.041504 0.000000 1803.930542 0.000000 0.959618 0.000000 -0.281306 0.562530 0.562530 0.562530
4435.598145 0.000000 1822.406738 0.000000 0.684599 0.000000 -0.728920 0.711492 0.711492 0.711492
4442.196289 0.000000 1819.609985 0.000000 0.477884 0.000000 -0.878423 0.754709 0.754709 0.754709
4438.450684 0.000000 1801.966064 0.000000 0.649758 0.000000 -0.760141 0.777657 0.777657 0.777657
4428.189941 0.000000 1808.548462 0.000000 0.213537 0.000000 -0.976935 0.674712 0.674712 0.674712
4445.670898 0.000000 1803.573975 0.000000 0.886006 0.000000 -0.463674 0.687701 0.687701 0.687701
4454.605957 0.000000 1791.764038 0.000000 0.890860 0.000000 -0.454278 0.709933 0.709933 0.709933
4440.999512 0.000000 1800.348022 0.000000 0.314466 0.000000 -0.949269 0.656492 0.656492 0.656492
4433.683105 0.000000 1817.420532 0.000000 0.917311 0.000000 -0.398172 0.635472 0.635472 0.635472
4431.826172 0.000000 1813.313477 0.000000 0.835667 0.000000 -0.549236 0.584331 0.584331 0.584331
4427.141113 0.000000 1816.074951 0.000000 0.824818 0.000000 -0.565398 0.592906 0.592906 0.592906
4433.228516 0.000000 1803.210327 0.000000 0.235397 0.000000 -0.971899 0.793467 0.793467 0.793467
4439.274414 0.000000 1818.520874 0.000000 0.654256 0.000000 -0.756273 0.839682 0.839682 0.839682
4437.606445 0.000000 1807.562988 0.000000 0.469124 0.000000 -0.883132 0.890381 0.890381 0.890381
4437.625488 0.000000 1816.619141 0.000000 0.974054 0.000000 -0.226317 0.572883 0.572883 0.572883
4422.001953 0.000000 1806.239136 0.000000 0.971848 0.000000 -0.235608 0.598661 0.598661 0.598661
4458.436035 0.000000 1791.731323 0.000000 0.962414 0.000000 -0.271585 0.629686 0.629686 0.629686
4426.902344 0.000000 1820.896484 0.000000 0.369438 0.000000 -0.929255 0.743199 0.743199 0.743199
4436.342773 0.000000 1811.759521 0.000000 0.545149 0.000000 -0.838339 0.738395 0.738395 0.738395
4442.562012 0.000000 1795.343506 0.000000 0.957235 0.000000 -0.289311 0.575390 0.575390 0.575390
4460.261230 0.000000 1817.122314 0.000000 0.503275 0.000000 -0.864127 0.852302 0.852302 0.852302
4437.061523 0.000000 1820.774170 0.000000 0.760282 0.000000 -0.649594 0.609222 0.609222 0.609222
4424.083496 0.000000 1805.957886 0.000000 0.833078 0.000000 -0.553156 0.660263 0.660263 0.660263
4425.243652 0.000000 1803.939453 0.000000 0.945001 0.000000 -0.327068 0.655686 0.655686 0.655686
4430.139160 0.000000 1811.971924 0.000000 0.092079 0.000000 -0.995752 0.700239 0.700239 0.700239
4439.955566 0.000000 1797.732178 0.000000 0.977309 0.000000 -0.211819 0.571980 0.571980 0.571980
4461.434082 0.000000 1794.260864 0.000000 0.806968 0.000000 -0.590595 0.708756 0.708756 0.708756
4448.930176 0.000000 1797.671143 0.000000 0.815293 0.000000 -0.579048 0.647517 0.647517 0.647517
4434.794434 0.000000 1804.556763 0.000000 0.933762 0.000000 -0.357894 0.601262 0.601262 0.601262
4435.591797 0.000000 1816.541016 0.000000 0.982011 0.000000 -0.188825 0.593561 0.593561 0.593561
4429.008789 0.000000 1820.986938 0.000000 0.952722 0.000000 -0.303843 0.616130 0.616130 0.616130
4446.958008 0.000000 1801.915283 0.000000 0.913304 0.000000 -0.407278 0.642156 0.642156 0.642156
4429.298828 0.000000 1802.803955 0.000000 0.977441 0.000000 -0.211209 0.577760 0.577760 0.577760
4460.958984 0.000000 1822.951904 0.000000 0.942373 0.000000 -0.334565 0.609958 0.609958 0.609958
4443.338867 0.000000 1807.590820 0.000000 0.844099 0.000000 -0.536188 0.620712 0.620712 0.620712
4427.992676 0.000000 1801.302734 0.000000 0.845307 0.000000 -0.534281 0.639005 0.639005 0.639005
4432.690918 0.000000 1815.864746 0.000000 0.146577 0.000000 -0.989199 0.737668 0.737668 0.737668
4462.609375 0.000000 1792.878052 0.000000 0.975917 0.000000 -0.218143 0.592274 0.592274 0.592274
4443.036133 0.000000 1817.982910 0.000000 0.073519 0.000000 -0.997294 0.790531 0.790531 0.790531
4452.823242 0.000000 1791.646851 0.000000 0.921869 0.000000 -0.387501 0.613380 0.613380 0.613380
4449.578125 0.000000 1799.185791 0.000000 0.966900 0.000000 -0.255156 0.617312 0.617312 0.617312
4463.398438 0.000000 1809.559082 0.000000 0.509950 0.000000 -0.860204 0.776111 0.776111 0.776111
4441.248047 0.000000 1804.787720 0.000000 0.702322 0.000000 -0.711860 0.669646 0.669646 0.669646
4443.521484 0.000000 1796.980347 0.000000 0.701381 0.000000 -0.712787 0.750469 0.750469 0.750469
4423.100098 0.000000 1816.674072 0.000000 0.372829 0.000000 -0.927900 0.860130 0.860130 0.860130
4426.288574 0.000000 1801.659058 0.000000 0.835805 0.000000 -0.549026 0.641775 0.641775 0.641775
4463.064453 0.000000 1806.467041 0.000000 0.675828 0.000000 -0.737059 0.678583 0.678583 0.678583
4427.808594 0.000000 1813.073486 0.000000 0.555932 0.000000 -0.831228 0.775023 0.775023 0.775023
4439.819336 0.000000 1803.523560 0.000000 0.908367 0.000000 -0.418175 0.689215 0.689215 0.689215
4427.477539 0.000000 1814.577881 0.000000 0.217418 0.000000 -0.976079 0.963871 0.963871 0.963871
4444.985352 0.000000 1802.183960 0.000000 0.761176 0.000000 -0.648545 0.751543 0.751543 0.751543
4434.701172 0.000000 1802.924194 0.000000 0.443289 0.000000 -0.896379 0.752991 0.752991 0.752991
4436.692871 0.000000 1806.381104 0.000000 0.164357 0.000000 -0.986401 0.992006 0.992006 0.992006
4427.570312 0.000000 1810.011108 0.000000 0.930101 0.000000 -0.367305 0.609907 0.609907 0.609907
4459.284180 0.000000 1795.812134 0.000000 0.364348 0.000000 -0.931263 0.869089 0.869089 0.869089
4447.129883 0.000000 1800.458618 0.000000 0.886368 0.000000 -0.462982 0.655752 0.655752 0.655752
4450.289551 0.000000 1796.586060 0.000000 0.884938 0.000000 -0.465709 0.683036 0.683036 0.683036
4461.139648 0.000000 1790.801392 0.000000 0.940876 0.000000 -0.338752 0.631145 0.631145 0.631145
4458.687988 0.000000 1790.257324 0.000000 0.981099 0.000000 -0.193509 0.606420 0.606420 0.606420
4434.355957 0.000000 1821.778809 0.000000 0.927308 0.000000 -0.374299 0.672212 0.672212 0.672212
4459.705566 0.000000 1791.237061 0.000000 0.061894 0.000000 -0.998083 0.987154 0.987154 0.987154
4422.768555 0.000000 1819.520264 0.000000 0.554390 0.000000 -0.832257 0.791648 0.791648 0.791648
4434.282227 0.000000 1816.207031 0.000000 0.721228 0.000000 -0.692697 0.725471 0.725471 0.725471
4439.658203 0.000000 1799.061157 0.000000 0.267931 0.000000 -0.963438 0.939003 0.939003 0.939003
4460.392090 0.000000 1795.082031 0.000000 0.562340 0.000000 -0.826906 0.794640 0.794640 0.794640
4438.823730 0.000000 1819.942627 0.000000 0.492412 0.000000 -0.870362 0.906678 0.906678 0.906678
4425.421387 0.000000 1802.659546 0.000000 0.767146 0.000000 -0.641473 0.770894 0.770894 0.770894
4424.891113 0.000000 1809.592529 0.000000 0.236009 0.000000 -0.971751 0.840924 0.840924 0.840924
4432.771484 0.000000 1812.352173 0.000000 0.513297 0.000000 -0.858211 0.809262 0.809262 0.809262
4443.612305 0.000000 1805.998291 0.000000 0.352571 0.000000 -0.935785 0.897381 0.897381 0.897381
4437.520020 0.000000 1802.811157 0.000000 0.513038 0.000000 -0.858366 0.856103 0.856103 0.856103
4432.937012 0.000000 1821.382324 0.000000 0.812535 0.000000 -0.582913 0.714063 0.714063 0.714063
4462.985840 0.000000 1731.422607 0.000000 0.401465 0.000000 -0.915874 0.820234 0.820234 0.820234
4444.054688 0.000000 1803.067505 0.000000 0.759170 0.000000 -0.650892 0.752425 0.752425 0.752425
4431.415527 0.000000 1819.527466 0.000000 0.909315 0.000000 -0.416108 0.651356 0.651356 0.651356
4442.485352 0.000000 1804.435547 0.000000 0.521408 0.000000 -0.853307 0.843377 0.843377 0.843377
4452.922363 0.000000 1794.401489 0.000000 0.102969 0.000000 -0.994685 0.942969 0.942969 0.942969
4438.958984 0.000000 1798.202148 0.000000 0.961464 0.000000 -0.274930 0.633370 0.633370 0.633370
4441.667969 0.000000 1827.319702 0.000000 0.773125 0.000000 -0.634254 0.628301 0.628301 0.628301
4427.503906 0.000000 1825.457520 0.000000 0.772652 0.000000 -0.634830 0.767213 0.767213 0.767213
4438.291504 0.000000 1827.902954 0.000000 0.731696 0.000000 -0.681631 0.733306 0.733306 0.733306
4454.983887 0.000000 1827.431519 0.000000 0.762162 0.000000 -0.647387 0.681494 0.681494 0.681494
4442.951172 0.000000 1825.420776 0.000000 0.675648 0.000000 -0.737224 0.824315 0.824315 0.824315
4436.044434 0.000000 1827.621094 0.000000 0.573222 0.000000 -0.819400 0.796593 0.796593 0.796593
4455.683105 0.000000 1825.546509 0.000000 0.896423 0.000000 -0.443200 0.638898 0.638898 0.638898
4428.758301 0.000000 1826.909668 0.000000 0.744312 0.000000 -0.667832 0.749824 0.749824 0.749824
4432.562500 0.000000 1826.014648 0.000000 0.771825 0.000000 -0.635835 0.763839 0.763839 0.763839
4426.755859 0.000000 1823.784058 0.000000 0.879936 0.000000 -0.475093 0.624096 0.624096 0.624096
4438.534180 0.000000 1826.574829 0.000000 0.877941 0.000000 -0.478769 0.672023 0.672023 0.672023
4435.325195 0.000000 1826.500977 0.000000 0.585532 0.000000 -0.810649 0.816077 0.816077 0.816077
4426.275391 0.000000 1824.985229 0.000000 0.041863 0.000000 -0.999123 1.032854 1.032854 1.032854
4437.211426 0.000000 1827.281006 0.000000 0.300675 0.000000 -0.953727 0.874916 0.874916 0.874916
4432.871094 0.000000 1827.070435 0.000000 0.667222 0.000000 -0.744858 0.810770 0.810770 0.810770
4431.711914 0.000000 1826.717529 0.000000 0.566275 0.000000 -0.824217 0.851975 0.851975 0.851975
4443.851074 0.000000 1824.587524 0.000000 0.910815 0.000000 -0.412815 0.690819 0.690819 0.690819
4513.660156 0.000000 1731.335327 0.000000 0.769148 0.000000 -0.639071 0.570943 0.570943 0.570943
4464.617676 0.000000 1728.332031 0.000000 0.979772 0.000000 -0.200116 0.571025 0.571025 0.571025
4463.710938 0.000000 1793.048706 0.000000 0.156595 0.000000 -0.987663 0.821733 0.821733 0.821733
4468.365234 0.000000 1812.981323 0.000000 0.220228 0.000000 -0.975448 0.825943 0.825943 0.825943
4507.695312 0.000000 1734.159790 0.000000 0.539821 0.000000 -0.841780 0.654415 0.654415 0.654415
4517.918945 0.000000 1755.837769 0.000000 0.194669 0.000000 -0.980869 0.838840 0.838840 0.838840
4470.178711 0.000000 1807.130127 0.000000 0.436112 0.000000 -0.899892 0.746764 0.746764 0.746764
4493.776855 0.000000 1765.650269 0.000000 0.444332 0.000000 -0.895862 0.687218 0.687218 0.687218
4475.574707 0.000000 1760.128784 0.000000 0.979402 0.000000 -0.201921 0.571217 0.571217 0.571217
4514.762207 0.000000 1749.752441 0.000000 0.983839 0.000000 -0.179057 0.572989 0.572989 0.572989
4492.409668 0.000000 1759.600708 0.000000 0.703648 0.000000 -0.710549 0.601001 0.601001 0.601001
4487.107422 0.000000 1786.176636 0.000000 0.575638 0.000000 -0.817704 0.586809 0.586809 0.586809
4489.121094 0.000000 1768.028442 0.000000 0.942056 0.000000 -0.335455 0.612943 0.612943 0.612943
4497.448730 0.000000 1750.928101 0.000000 0.850879 0.000000 -0.525362 0.591774 0.591774 0.591774
4515.146484 0.000000 1736.229858 0.000000 0.424396 0.000000 -0.905477 0.848568 0.848568 0.848568
4513.144531 0.000000 1745.209106 0.000000 0.255814 0.000000 -0.966726 0.827455 0.827455 0.827455
4468.454590 0.000000 1766.205566 0.000000 0.735051 0.000000 -0.678012 0.596037 0.596037 0.596037
4532.637695 0.000000 1727.762451 0.000000 0.927429 0.000000 -0.373998 0.567895 0.567895 0.567895
4473.630859 0.000000 1763.756348 0.000000 0.330632 0.000000 -0.943760 0.697392 0.697392 0.697392
4474.412109 0.000000 1801.610107 0.000000 0.964934 0.000000 -0.262493 0.558023 0.558023 0.558023
4471.104004 0.000000 1771.643188 0.000000 0.003878 0.000000 -0.999992 0.664032 0.664032 0.664032
4505.959961 0.000000 1731.306274 0.000000 0.900188 0.000000 -0.435502 0.584029 0.584029 0.584029
4510.283691 0.000000 1731.918579 0.000000 0.413967 0.000000 -0.910292 0.634824 0.634824 0.634824
4477.890137 0.000000 1802.439575 0.000000 0.300355 0.000000 -0.953828 0.614305 0.614305 0.614305
4476.798828 0.000000 1763.137207 0.000000 0.964196 0.000000 -0.265190 0.581326 0.581326 0.581326
4504.623535 0.000000 1741.595581 0.000000 0.307087 0.000000 -0.951681 0.679621 0.679621 0.679621
4515.391602 0.000000 1743.173706 0.000000 0.959807 0.000000 -0.280659 0.624999 0.624999 0.624999
4512.117676 0.000000 1748.146484 0.000000 0.332217 0.000000 -0.943203 0.896831 0.896831 0.896831
4481.485840 0.000000 1796.780029 0.000000 0.934624 0.000000 -0.355638 0.598927 0.598927 0.598927
4466.224609 0.000000 1789.610596 0.000000 0.358237 0.000000 -0.933631 0.933679 0.933679 0.933679
4472.946777 0.000000 1806.425537 0.000000 0.958567 0.000000 -0.284868 0.634882 0.634882 0.634882
4534.357910 0.000000 1729.676758 0.000000 0.977254 0.000000 -0.212072 0.613967 0.613967 0.613967
4513.420410 0.000000 1751.901855 0.000000 0.302956 0.000000 -0.953004 0.713018 0.713018 0.713018
4511.901367 0.000000 1742.912964 0.000000 0.526073 0.000000 -0.850440 0.702186 0.702186 0.702186
4468.740723 0.000000 1733.732422 0.000000 0.772948 0.000000 -0.634469 0.693452 0.693452 0.693452
4506.547852 0.000000 1743.158569 0.000000 0.164392 0.000000 -0.986395 0.816355 0.816355 0.816355
4502.341797 0.000000 1742.620972 0.000000 0.043744 0.000000 -0.999043 0.973549 0.973549 0.973549
4466.380371 0.000000 1733.272949 0.000000 0.973210 0.000000 -0.229917 0.575484 0.575484 0.575484
4495.882324 0.000000 1766.759888 0.000000 0.204790 0.000000 -0.978806 0.958458 0.958458 0.958458
4483.749023 0.000000 1795.303955 0.000000 0.537842 0.000000 -0.843046 0.762075 0.762075 0.762075
4487.541504 0.000000 1776.713013 0.000000 0.264829 0.000000 -0.964295 0.875568 0.875568 0.875568
4508.354004 0.000000 1736.413696 0.000000 0.097404 0.000000 -0.995245 0.770497 0.770497 0.770497
4470.572754 0.000000 1812.699097 0.000000 0.974334 0.000000 -0.225107 0.582424 0.582424 0.582424
4514.943359 0.000000 1729.436401 0.000000 0.462511 0.000000 -0.886613 0.668235 0.668235 0.668235
4488.164062 0.000000 1770.091797 0.000000 0.952410 0.000000 -0.304820 0.591681 0.591681 0.591681
4490.940918 0.000000 1753.220947 0.000000 0.631545 0.000000 -0.775339 0.637717 0.637717 0.637717
4463.548828 0.000000 1817.838135 0.000000 0.013352 0.000000 -0.999911 0.710390 0.710390 0.710390
4487.193848 0.000000 1758.240967 0.000000 0.957363 0.000000 -0.288887 0.597082 0.597082 0.597082
4478.555664 0.000000 1804.364380 0.000000 0.192311 0.000000 -0.981334 0.737223 0.737223 0.737223
4493.935059 0.000000 1763.444458 0.000000 0.821228 0.000000 -0.570601 0.605865 0.605865 0.605865
4514.228516 0.000000 1734.526855 0.000000 0.794199 0.000000 -0.607658 0.676446 0.676446 0.676446
4493.728027 0.000000 1767.742554 0.000000 0.851963 0.000000 -0.523603 0.678636 0.678636 0.678636
4512.623047 0.000000 1750.020874 0.000000 0.662432 0.000000 -0.749122 0.659290 0.659290 0.659290
4497.088867 0.000000 1757.479248 0.000000 0.420308 0.000000 -0.907381 0.703001 0.703001 0.703001
4517.568359 0.000000 1734.584595 0.000000 0.874158 0.000000 -0.485642 0.627289 0.627289 0.627289
4508.571289 0.000000 1745.855469 0.000000 0.011592 0.000000 -0.999933 0.883987 0.883987 0.883987
4469.413574 0.000000 1770.792114 0.000000 0.984372 0.000000 -0.176103 0.600803 0.600803 0.600803
4467.359863 0.000000 1788.273560 0.000000 0.978415 0.000000 -0.206647 0.616307 0.616307 0.616307
4485.386719 0.000000 1786.472778 0.000000 0.960289 0.000000 -0.279007 0.598144 0.598144 0.598144
4471.054199 0.000000 1773.379639 0.000000 0.607666 0.000000 -0.794193 0.798233 0.798233 0.798233
4477.115723 0.000000 1798.058716 0.000000 0.152750 0.000000 -0.988265 0.884763 0.884763 0.884763
4504.805664 0.000000 1743.262085 0.000000 0.702830 0.000000 -0.711358 0.784730 0.784730 0.784730
4469.950684 0.000000 1811.091919 0.000000 0.099130 0.000000 -0.995074 0.891468 0.891468 0.891468
4508.277344 0.000000 1727.736572 0.000000 0.561745 0.000000 -0.827311 0.852347 0.852347 0.852347
4465.088867 0.000000 1814.588745 0.000000 0.245471 0.000000 -0.969404 0.784306 0.784306 0.784306
4463.529297 0.000000 1815.383057 0.000000 0.920050 0.000000 -0.391800 0.663323 0.663323 0.663323
4513.637695 0.000000 1748.619141 0.000000 0.585918 0.000000 -0.810371 0.815943 0.815943 0.815943
4490.731934 0.000000 1768.066040 0.000000 0.947793 0.000000 -0.318887 0.643586 0.643586 0.643586
4514.620117 0.000000 1741.070068 0.000000 0.853820 0.000000 -0.520569 0.684572 0.684572 0.684572
4511.514160 0.000000 1741.408081 0.000000 0.893534 0.000000 -0.448996 0.702810 0.702810 0.702810
4508.033203 0.000000 1742.628052 0.000000 0.972201 0.000000 -0.234148 0.601599 0.601599 0.601599
4487.823242 0.000000 1784.802979 0.000000 0.971504 0.000000 -0.237025 0.592716 0.592716 0.592716
4500.829590 0.000000 1742.300415 0.000000 0.979968 0.000000 -0.199157 0.618000 0.618000 0.618000
4470.828613 0.000000 1776.214111 0.000000 0.368425 0.000000 -0.929657 0.784344 0.784344 0.784344
4466.344727 0.000000 1786.128906 0.000000 0.220826 0.000000 -0.975313 0.864691 0.864691 0.864691
4516.712891 0.000000 1752.740845 0.000000 0.308084 0.000000 -0.951359 0.986890 0.986890 0.986890
4468.387695 0.000000 1808.513428 0.000000 0.272021 0.000000 -0.962291 0.854138 0.854138 0.854138
4477.127441 0.000000 1804.034790 0.000000 0.944702 0.000000 -0.327929 0.649094 0.649094 0.649094
4482.612305 0.000000 1797.816528 0.000000 0.548052 0.000000 -0.836445 0.743180 0.743180 0.743180
4513.962402 0.000000 1744.010742 0.000000 0.528587 0.000000 -0.848879 0.764389 0.764389 0.764389
4469.549805 0.000000 1813.677368 0.000000 0.979930 0.000000 -0.199344 0.591059 0.591059 0.591059
4482.771973 0.000000 1796.288696 0.000000 0.033591 0.000000 -0.999436 0.849724 0.849724 0.849724
4465.137207 0.000000 1788.770386 0.000000 0.779768 0.000000 -0.626069 0.733923 0.733923 0.733923
4473.544434 0.000000 1807.679443 0.000000 0.406580 0.000000 -0.913615 0.888534 0.888534 0.888534
4502.576660 0.000000 1743.978882 0.000000 0.941024 0.000000 -0.338339 0.645733 0.645733 0.645733
4489.484863 0.000000 1777.941162 0.000000 0.940411 0.000000 -0.340040 0.647188 0.647188 0.647188
4468.440430 0.000000 1769.474609 0.000000 0.522426 0.000000 -0.852685 0.799570 0.799570 0.799570
4483.865234 0.000000 1799.192383 0.000000 0.239049 0.000000 -0.971008 0.895003 0.895003 0.895003
4511.863281 0.000000 1740.116455 0.000000 0.527882 0.000000 -0.849317 0.882993 0.882993 0.882993
4495.099609 0.000000 1767.818604 0.000000 0.301609 0.000000 -0.953432 0.928486 0.928486 0.928486
4509.845703 0.000000 1745.524170 0.000000 0.910919 0.000000 -0.412585 0.641099 0.641099 0.641099
4487.608887 0.000000 1779.666748 0.000000 0.276897 0.000000 -0.960899 0.902552 0.902552 0.902552
4476.411621 0.000000 1799.134033 0.000000 0.880660 0.000000 -0.473748 0.666562 0.666562 0.666562
4464.970703 0.000000 1812.032837 0.000000 0.563181 0.000000 -0.826334 0.826434 0.826434 0.826434
4508.114746 0.000000 1732.904297 0.000000 0.702914 0.000000 -0.711275 0.757531 0.757531 0.757531
4495.006836 0.000000 1765.823242 0.000000 0.528149 0.000000 -0.849152 0.905175 0.905175 0.905175
4469.722656 0.000000 1808.267944 0.000000 0.979354 0.000000 -0.202155 0.597795 0.597795 0.597795
4494.366699 0.000000 1756.037720 0.000000 0.851153 0.000000 -0.524917 0.699484 0.699484 0.699484
4495.230957 0.000000 1763.285034 0.000000 0.938809 0.000000 -0.344438 0.647533 0.647533 0.647533
4470.122559 0.000000 1772.368652 0.000000 0.478399 0.000000 -0.878142 0.839968 0.839968 0.839968
4494.357910 0.000000 1764.572632 0.000000 0.324232 0.000000 -0.945978 0.984383 0.984383 0.984383
4464.395020 0.000000 1789.703979 0.000000 0.515740 0.000000 -0.856745 0.829738 0.829738 0.829738
4463.547363 0.000000 1791.888794 0.000000 0.903926 0.000000 -0.427689 0.684107 0.684107 0.684107
4494.423340 0.000000 1766.860962 0.000000 0.341176 0.000000 -0.939999 0.915977 0.915977 0.915977
4468.437500 0.000000 1771.348755 0.000000 0.799856 0.000000 -0.600192 0.734740 0.734740 0.734740
4494.483398 0.000000 1762.408325 0.000000 0.755353 0.000000 -0.655318 0.748207 0.748207 0.748207
4505.521484 0.000000 1742.403687 0.000000 0.597047 0.000000 -0.802206 0.826120 0.826120 0.826120
4469.930664 0.000000 1773.455078 0.000000 0.321094 0.000000 -0.947047 0.949676 0.949676 0.949676
4471.402344 0.000000 1767.171143 0.000000 0.681478 0.000000 -0.731838 0.788996 0.788996 0.788996
4496.806152 0.000000 1764.466675 0.000000 0.838464 0.000000 -0.544957 0.751800 0.751800 0.751800
4483.836914 0.000000 1787.404541 0.000000 0.692099 0.000000 -0.721802 0.785849 0.785849 0.785849
4510.434082 0.000000 1741.392334 0.000000 0.772124 0.000000 -0.635472 0.775985 0.775985 0.775985
4471.582031 0.000000 1809.433716 0.000000 0.968547 0.000000 -0.248829 0.633216 0.633216 0.633216
4535.546875 0.000000 1732.695435 0.000000 0.689246 0.000000 -0.724528 0.708002 0.708002 0.708002
4537.621582 0.000000 1730.962280 0.000000 0.980268 0.000000 -0.197675 0.569399 0.569399 0.569399
4535.597168 0.000000 1730.401489 0.000000 0.764999 0.000000 -0.644032 0.730637 0.730637 0.730637
4535.517578 0.000000 1727.875610 0.000000 0.305727 0.000000 -0.952119 0.923731 0.923731 0.923731
4613.894531 0.000000 130.358765 0.000000 0.930810 0.000000 -0.365504 0.569524 0.569524 0.569524
4622.834961 0.000000 139.235123 0.000000 0.491656 0.000000 -0.870790 0.605142 0.605142 0.605142
4627.244629 0.000000 158.297302 0.000000 0.575011 0.000000 -0.818146 0.592102 0.592102 0.592102
4626.367188 0.000000 146.799927 0.000000 0.976413 0.000000 -0.215913 0.554482 0.554482 0.554482
4609.466309 0.000000 153.055450 0.000000 0.305247 0.000000 -0.952273 0.671165 0.671165 0.671165
4615.812500 0.000000 143.343140 0.000000 0.690370 0.000000 -0.723456 0.632181 0.632181 0.632181
4630.239746 0.000000 140.374939 0.000000 0.900483 0.000000 -0.434891 0.573476 0.573476 0.573476
4616.421875 0.000000 123.589111 0.000000 0.316815 0.000000 -0.948487 0.615140 0.615140 0.615140
4612.557129 0.000000 118.593964 0.000000 0.681132 0.000000 -0.732161 0.590608 0.590608 0.590608
4624.376953 0.000000 152.850983 0.000000 0.731601 0.000000 -0.681733 0.589140 0.589140 0.589140
4611.674805 0.000000 147.520401 0.000000 0.296263 0.000000 -0.955106 0.682534 0.682534 0.682534
4613.006836 0.000000 163.612595 0.000000 0.602623 0.000000 -0.798026 0.598213 0.598213 0.598213
4619.559082 0.000000 128.394348 0.000000 0.948490 0.000000 -0.316808 0.566820 0.566820 0.566820
4621.107422 0.000000 144.615128 0.000000 0.899458 0.000000 -0.437008 0.582914 0.582914 0.582914
4619.409668 0.000000 165.943039 0.000000 0.948841 0.000000 -0.315753 0.566762 0.566762 0.566762
4628.167969 0.000000 135.457520 0.000000 0.541659 0.000000 -0.840598 0.602094 0.602094 0.602094
4611.588867 0.000000 138.772095 0.000000 0.590922 0.000000 -0.806728 0.604129 0.604129 0.604129
4633.105469 0.000000 136.293915 0.000000 0.821110 0.000000 -0.570770 0.564179 0.564179 0.564179
4611.493652 0.000000 125.128555 0.000000 0.459814 0.000000 -0.888015 0.607031 0.607031 0.607031
4608.084473 0.000000 116.717499 0.000000 0.924441 0.000000 -0.381325 0.563967 0.563967 0.563967
4617.826660 0.000000 155.756531 0.000000 0.959598 0.000000 -0.281375 0.578198 0.578198 0.578198
4609.057129 0.000000 165.671082 0.000000 0.946295 0.000000 -0.323304 0.558137 0.558137 0.558137
4622.443848 0.000000 148.817032 0.000000 0.490488 0.000000 -0.871448 0.624100 0.624100 0.624100
4612.438965 0.000000 134.471115 0.000000 0.858881 0.000000 -0.512176 0.563290 0.563290 0.563290
4628.697266 0.000000 131.784393 0.000000 0.900890 0.000000 -0.434048 0.561713 0.561713 0.561713
4615.632324 0.000000 127.182159 0.000000 0.845852 0.000000 -0.533418 0.579357 0.579357 0.579357
4623.037109 0.000000 127.209961 0.000000 0.442325 0.000000 -0.896855 0.608053 0.608053 0.608053
4608.595215 0.000000 149.344086 0.000000 0.840294 0.000000 -0.542131 0.609793 0.609793 0.609793
4620.999512 0.000000 154.018356 0.000000 0.232596 0.000000 -0.972573 0.641727 0.641727 0.641727
4615.742188 0.000000 165.772858 0.000000 0.533446 0.000000 -0.845834 0.602602 0.602602 0.602602
4607.710449 0.000000 138.289841 0.000000 0.553239 0.000000 -0.833023 0.640576 0.640576 0.640576
4611.087891 0.000000 160.632996 0.000000 0.956721 0.000000 -0.291007 0.565407 0.565407 0.565407
4629.225098 0.000000 143.905823 0.000000 0.159735 0.000000 -0.987160 0.623590 0.623590 0.623590
4611.062012 0.000000 121.653885 0.000000 0.488449 0.000000 -0.872592 0.605334 0.605334 0.605334
4620.783203 0.000000 131.402740 0.000000 0.435411 0.000000 -0.900232 0.608455 0.608455 0.608455
4620.819336 0.000000 162.573685 0.000000 0.298021 0.000000 -0.954559 0.616171 0.616171 0.616171
4614.658691 0.000000 154.962997 0.000000 0.736654 0.000000 -0.676270 0.623425 0.623425 0.623425
4611.451660 0.000000 128.308182 0.000000 0.072115 0.000000 -0.997396 0.628195 0.628195 0.628195
4624.402344 0.000000 159.712448 0.000000 0.976251 0.000000 -0.216641 0.561394 0.561394 0.561394
4623.041992 0.000000 142.275208 0.000000 0.108823 0.000000 -0.994061 0.626271 0.626271 0.626271
4608.704590 0.000000 119.554543 0.000000 0.218775 0.000000 -0.975775 0.620453 0.620453 0.620453
4615.044922 0.000000 133.258575 0.000000 0.981571 0.000000 -0.191096 0.560033 0.560033 0.560033
4616.506348 0.000000 162.934906 0.000000 0.087489 0.000000 -0.996165 0.627390 0.627390 0.627390
4616.226074 0.000000 158.106979 0.000000 0.009835 0.000000 -0.999952 0.631448 0.631448 0.631448
4631.849609 0.000000 142.752319 0.000000 0.267978 0.000000 -0.963425 0.617805 0.617805 0.617805
4620.200195 0.000000 137.572556 0.000000 0.211424 0.000000 -0.977394 0.620845 0.620845 0.620845
4611.227051 0.000000 150.566391 0.000000 0.796877 0.000000 -0.604141 0.617694 0.617694 0.617694
4610.141113 0.000000 136.225021 0.000000 0.700014 0.000000 -0.714129 0.591501 0.591501 0.591501
4613.662598 0.000000 122.909485 0.000000 0.356720 0.000000 -0.934211 0.612929 0.612929 0.612929
4630.049316 0.000000 137.586182 0.000000 0.760465 0.000000 -0.649379 0.586878 0.586878 0.586878
4609.873047 0.000000 163.060608 0.000000 0.674030 0.000000 -0.738704 0.593367 0.593367 0.593367
4616.559082 0.000000 153.150986 0.000000 0.286720 0.000000 -0.958015 0.683575 0.683575 0.683575
4620.141113 0.000000 142.154709 0.000000 0.219676 0.000000 -0.975573 0.622257 0.622257 0.622257
4610.071289 0.000000 140.921173 0.000000 0.393377 0.000000 -0.919377 0.654111 0.654111 0.654111
4610.852051 0.000000 145.479156 0.000000 0.953347 0.000000 -0.301876 0.582002 0.582002 0.582002
4621.400879 0.000000 146.851425 0.000000 0.499990 0.000000 -0.866031 0.657844 0.657844 0.657844
4609.382324 0.000000 147.408432 0.000000 0.168252 0.000000 -0.985744 0.696280 0.696280 0.696280
4617.538574 0.000000 148.982956 0.000000 0.879275 0.000000 -0.476314 0.601808 0.601808 0.601808
4613.714844 0.000000 142.849991 0.000000 0.801937 0.000000 -0.597408 0.616815 0.616815 0.616815
4616.296387 0.000000 145.303299 0.000000 0.855577 0.000000 -0.517676 0.606783 0.606783 0.606783
4608.200195 0.000000 140.198914 0.000000 0.839523 0.000000 -0.543324 0.609941 0.609941 0.609941
4643.609375 0.000000 526.177917 0.000000 0.165786 0.000000 -0.986162 0.598204 0.598204 0.598204
4628.473145 0.000000 534.718689 0.000000 0.738684 0.000000 -0.674052 0.631252 0.631252 0.631252
4636.916992 0.000000 531.186584 0.000000 0.102635 0.000000 -0.994719 0.699161 0.699161 0.699161
4624.402344 0.000000 543.649963 0.000000 0.074782 0.000000 -0.997200 0.778003 0.778003 0.778003
4640.868652 0.000000 526.719543 0.000000 0.405400 0.000000 -0.914140 0.626018 0.626018 0.626018
4622.933594 0.000000 539.196289 0.000000 0.092411 0.000000 -0.995721 0.765158 0.765158 0.765158
4624.423828 0.000000 531.959412 0.000000 0.011133 0.000000 -0.999938 0.708477 0.708477 0.708477
4638.819336 0.000000 529.887329 0.000000 0.309437 0.000000 -0.950920 0.677641 0.677641 0.677641
4625.315918 0.000000 542.071960 0.000000 0.895822 0.000000 -0.444414 0.620190 0.620190 0.620190
4626.117676 0.000000 543.762024 0.000000 0.753224 0.000000 -0.657764 0.644625 0.644625 0.644625
4623.860840 0.000000 541.402283 0.000000 0.842998 0.000000 -0.537917 0.644365 0.644365 0.644365
4610.509766 0.000000 670.565491 0.000000 0.917470 0.000000 -0.397806 0.564044 0.564044 0.564044
4607.643066 0.000000 669.781189 0.000000 0.513988 0.000000 -0.857798 0.759513 0.759513 0.759513
4607.877930 0.000000 668.144653 0.000000 0.812349 0.000000 -0.583171 0.676530 0.676530 0.676530
4607.515137 0.000000 671.185974 0.000000 0.040478 0.000000 -0.999180 0.860988 0.860988 0.860988
4689.818848 0.000000 635.678467 0.000000 0.620629 0.000000 -0.784104 0.641576 0.641576 0.641576
4686.650879 0.000000 634.884949 0.000000 0.948971 0.000000 -0.315362 0.582600 0.582600 0.582600
4687.982910 0.000000 630.139526 0.000000 0.378829 0.000000 -0.925467 0.679870 0.679870 0.679870
4689.530762 0.000000 628.904907 0.000000 0.515667 0.000000 -0.856789 0.677164 0.677164 0.677164
4691.773438 0.000000 629.900818 0.000000 0.397116 0.000000 -0.917768 0.676094 0.676094 0.676094
4607.627930 0.000000 680.905396 0.000000 0.263437 0.000000 -0.964676 0.616260 0.616260 0.616260
4787.816406 0.000000 666.843384 0.000000 0.840454 0.000000 -0.541883 0.561795 0.561795 0.561795
4782.214355 0.000000 671.001099 0.000000 0.964832 0.000000 -0.262868 0.566801 0.566801 0.566801
4790.982422 0.000000 682.870178 0.000000 0.401231 0.000000 -0.915977 0.613599 0.613599 0.613599
4791.738281 0.000000 688.862549 0.000000 0.935711 0.000000 -0.352769 0.586633 0.586633 0.586633
4787.464844 0.000000 673.644897 0.000000 0.967113 0.000000 -0.254347 0.576131 0.576131 0.576131
4785.556152 0.000000 684.555664 0.000000 0.885715 0.000000 -0.464229 0.574527 0.574527 0.574527
4795.842285 0.000000 685.200928 0.000000 0.436127 0.000000 -0.899885 0.613025 0.613025 0.613025
4793.526855 0.000000 692.821411 0.000000 0.844718 0.000000 -0.535211 0.595753 0.595753 0.595753
4792.592285 0.000000 685.767395 0.000000 0.103021 0.000000 -0.994679 0.699121 0.699121 0.699121
4795.754395 0.000000 693.769043 0.000000 0.016351 0.000000 -0.999866 0.675930 0.675930 0.675930
4787.240234 0.000000 683.263062 0.000000 0.937748 0.000000 -0.347317 0.586042 0.586042 0.586042
4873.727051 0.000000 721.366516 0.000000 0.730413 0.000000 -0.683005 0.595425 0.595425 0.595425
4867.250000 0.000000 719.411743 0.000000 0.442103 0.000000 -0.896964 0.635571 0.635571 0.635571
4866.511230 0.000000 722.404480 0.000000 0.570665 0.000000 -0.821183 0.622763 0.622763 0.622763
4869.394531 0.000000 725.255371 0.000000 0.826527 0.000000 -0.562897 0.604183 0.604183 0.604183
4961.826172 0.000000 754.781799 0.000000 0.924570 0.000000 -0.381013 0.551610 0.551610 0.551610
4960.626465 0.000000 718.871948 0.000000 0.905390 0.000000 -0.424581 0.573482 0.573482 0.573482
4953.536133 0.000000 704.183533 0.000000 0.888829 0.000000 -0.458240 0.598368 0.598368 0.598368
4965.767578 0.000000 721.423218 0.000000 0.531614 0.000000 -0.846987 0.652655 0.652655 0.652655
4965.512207 0.000000 712.009155 0.000000 0.981185 0.000000 -0.193070 0.569742 0.569742 0.569742
4960.898438 0.000000 709.770996 0.000000 0.912647 0.000000 -0.408749 0.592786 0.592786 0.592786
4946.006348 0.000000 700.974609 0.000000 0.149630 0.000000 -0.988742 0.649482 0.649482 0.649482
4952.862305 0.000000 701.167603 0.000000 0.632664 0.000000 -0.774427 0.640007 0.640007 0.640007
4962.460449 0.000000 757.726562 0.000000 0.347092 0.000000 -0.937831 0.673590 0.673590 0.673590
4950.845215 0.000000 703.677246 0.000000 0.893276 0.000000 -0.449509 0.597372 0.597372 0.597372
4955.257812 0.000000 702.670715 0.000000 0.295130 0.000000 -0.955457 0.679166 0.679166 0.679166
4965.669922 0.000000 723.598389 0.000000 0.028296 0.000000 -0.999600 0.683434 0.683434 0.683434
4951.899414 0.000000 699.562500 0.000000 0.659933 0.000000 -0.751324 0.636375 0.636375 0.636375
4951.071777 0.000000 705.595459 0.000000 0.764766 0.000000 -0.644308 0.618255 0.618255 0.618255
4955.393066 0.000000 704.539246 0.000000 0.190848 0.000000 -0.981620 0.690096 0.690096 0.690096
4949.103516 0.000000 698.351379 0.000000 0.641016 0.000000 -0.767528 0.638906 0.638906 0.638906
4991.047852 0.000000 760.467285 0.000000 0.549757 0.000000 -0.835325 0.583940 0.583940 0.583940
4967.722168 0.000000 717.949890 0.000000 0.372915 0.000000 -0.927866 0.559793 0.559793 0.559793
5014.022949 0.000000 742.970825 0.000000 0.581371 0.000000 -0.813639 0.646568 0.646568 0.646568
4995.582520 0.000000 749.884705 0.000000 0.967770 0.000000 -0.251836 0.554894 0.554894 0.554894
5008.386230 0.000000 764.387512 0.000000 0.192270 0.000000 -0.981342 0.608627 0.608627 0.608627
5000.294922 0.000000 759.927734 0.000000 0.547537 0.000000 -0.836782 0.564974 0.564974 0.564974
4982.790527 0.000000 763.872864 0.000000 0.940277 0.000000 -0.340411 0.557631 0.557631 0.557631
5006.835938 0.000000 745.866760 0.000000 0.970040 0.000000 -0.242946 0.574935 0.574935 0.574935
4967.530762 0.000000 710.515015 0.000000 0.146751 0.000000 -0.989173 0.604730 0.604730 0.604730
4990.115723 0.000000 767.847046 0.000000 0.302239 0.000000 -0.953232 0.678410 0.678410 0.678410
5002.203613 0.000000 750.063110 0.000000 0.757737 0.000000 -0.652560 0.622240 0.622240 0.622240
5010.169434 0.000000 759.005127 0.000000 0.336988 0.000000 -0.941509 0.614026 0.614026 0.614026
5003.379395 0.000000 767.367798 0.000000 0.142948 0.000000 -0.989730 0.695033 0.695033 0.695033
5001.308594 0.000000 755.018982 0.000000 0.469081 0.000000 -0.883155 0.659997 0.659997 0.659997
5002.593262 0.000000 744.144836 0.000000 0.982621 0.000000 -0.185626 0.568715 0.568715 0.568715
5017.987305 0.000000 741.784912 0.000000 0.348356 0.000000 -0.937362 0.608390 0.608390 0.608390
4992.263184 0.000000 764.288147 0.000000 0.208148 0.000000 -0.978097 0.688302 0.688302 0.688302
5000.358887 0.000000 764.557373 0.000000 0.418174 0.000000 -0.908367 0.665770 0.665770 0.665770
4998.979004 0.000000 748.102417 0.000000 0.657833 0.000000 -0.753164 0.636659 0.636659 0.636659
4967.671387 0.000000 714.196167 0.000000 0.457715 0.000000 -0.889099 0.589106 0.589106 0.589106
4984.976074 0.000000 761.604370 0.000000 0.667535 0.000000 -0.744578 0.618043 0.618043 0.618043
4993.650879 0.000000 738.225037 0.000000 0.858908 0.000000 -0.512130 0.583222 0.583222 0.583222
4991.135254 0.000000 743.950928 0.000000 0.490816 0.000000 -0.871263 0.657480 0.657480 0.657480
4994.979004 0.000000 753.219666 0.000000 0.684168 0.000000 -0.729325 0.583668 0.583668 0.583668
5008.578613 0.000000 743.621277 0.000000 0.518742 0.000000 -0.854931 0.654192 0.654192 0.654192
4974.504883 0.000000 760.303162 0.000000 0.779405 0.000000 -0.626520 0.584399 0.584399 0.584399
5000.530273 0.000000 745.840210 0.000000 0.384260 0.000000 -0.923225 0.658225 0.658225 0.658225
5015.211914 0.000000 762.692627 0.000000 0.653236 0.000000 -0.757154 0.637277 0.637277 0.637277
4989.908203 0.000000 765.250488 0.000000 0.791525 0.000000 -0.611137 0.616808 0.616808 0.616808
4990.117676 0.000000 740.265198 0.000000 0.354922 0.000000 -0.934896 0.672741 0.672741 0.672741
4969.860352 0.000000 757.079224 0.000000 0.082052 0.000000 -0.996628 0.656292 0.656292 0.656292
5010.897949 0.000000 742.584778 0.000000 0.013796 0.000000 -0.999905 0.830067 0.830067 0.830067
5013.562988 0.000000 760.790894 0.000000 0.328433 0.000000 -0.944527 0.675605 0.675605 0.675605
5002.839844 0.000000 765.068298 0.000000 0.274147 0.000000 -0.961688 0.681391 0.681391 0.681391
5015.561035 0.000000 757.763306 0.000000 0.226663 0.000000 -0.973973 0.669789 0.669789 0.669789
4993.389648 0.000000 743.341431 0.000000 0.772732 0.000000 -0.634732 0.617040 0.617040 0.617040
4998.088867 0.000000 759.498962 0.000000 0.385723 0.000000 -0.922615 0.645174 0.645174 0.645174
5001.142090 0.000000 766.668945 0.000000 0.612226 0.000000 -0.790683 0.642660 0.642660 0.642660
5010.563965 0.000000 764.598145 0.000000 0.448376 0.000000 -0.893845 0.662365 0.662365 0.662365
4991.887695 0.000000 766.495239 0.000000 0.150574 0.000000 -0.988599 0.694250 0.694250 0.694250
5006.853027 0.000000 742.335938 0.000000 0.405584 0.000000 -0.914058 0.667174 0.667174 0.667174
4984.934082 0.000000 764.472778 0.000000 0.641435 0.000000 -0.767178 0.638850 0.638850 0.638850
5001.181152 0.000000 748.111328 0.000000 0.245168 0.000000 -0.969481 0.684440 0.684440 0.684440
5015.893066 0.000000 741.903931 0.000000 0.945052 0.000000 -0.326921 0.583840 0.583840 0.583840
5006.172852 0.000000 740.006042 0.000000 0.834267 0.000000 -0.551360 0.601321 0.601321 0.601321
5011.529297 0.000000 760.712891 0.000000 0.968832 0.000000 -0.247720 0.575436 0.575436 0.575436
4996.930664 0.000000 754.770020 0.000000 0.515840 0.000000 -0.856685 0.654537 0.654537 0.654537
4972.607422 0.000000 759.116516 0.000000 0.659243 0.000000 -0.751930 0.636468 0.636468 0.636468
4997.993652 0.000000 746.409546 0.000000 0.964020 0.000000 -0.265829 0.577339 0.577339 0.577339
4997.972656 0.000000 768.185364 0.000000 0.979936 0.000000 -0.199311 0.569011 0.569011 0.569011
4996.901855 0.000000 770.990662 0.000000 0.274023 0.000000 -0.961723 0.635235 0.635235 0.635235
5000.797852 0.000000 768.604004 0.000000 0.693428 0.000000 -0.720526 0.631751 0.631751 0.631751
5005.424805 0.000000 767.908630 0.000000 0.840575 0.000000 -0.541695 0.608167 0.608167 0.608167
4992.537598 0.000000 767.978455 0.000000 0.346898 0.000000 -0.937903 0.673611 0.673611 0.673611
4893.249023 0.000000 1279.109131 0.000000 0.444438 0.000000 -0.895810 0.560671 0.560671 0.560671
4892.400879 0.000000 1284.430542 0.000000 0.090114 0.000000 -0.995931 0.600824 0.600824 0.600824
4887.340820 0.000000 1273.879639 0.000000 0.393607 0.000000 -0.919279 0.582027 0.582027 0.582027
4993.925293 0.000000 1206.023926 0.000000 0.609998 0.000000 -0.792403 0.571352 0.571352 0.571352
4995.257324 0.000000 1209.899414 0.000000 0.706433 0.000000 -0.707780 0.578073 0.578073 0.578073
4898.737305 0.000000 1264.548096 0.000000 0.919809 0.000000 -0.392367 0.554429 0.554429 0.554429
4910.803711 0.000000 1291.047729 0.000000 0.846520 0.000000 -0.532358 0.555396 0.555396 0.555396
4947.099609 0.000000 1256.307983 0.000000 0.761784 0.000000 -0.647831 0.564515 0.564515 0.564515
4958.676270 0.000000 1301.169434 0.000000 0.468334 0.000000 -0.883552 0.572314 0.572314 0.572314
4913.709961 0.000000 1252.342773 0.000000 0.985236 0.000000 -0.171199 0.555906 0.555906 0.555906
4931.937500 0.000000 1257.052734 0.000000 0.117701 0.000000 -0.993049 0.605856 0.605856 0.605856
4947.926758 0.000000 1253.680542 0.000000 0.724884 0.000000 -0.688871 0.586521 0.586521 0.586521
4990.895508 0.000000 1252.934814 0.000000 0.700986 0.000000 -0.713175 0.555451 0.555451 0.555451
4984.788086 0.000000 1255.927368 0.000000 0.944417 0.000000 -0.328749 0.552760 0.552760 0.552760
4978.656250 0.000000 1291.807861 0.000000 0.058971 0.000000 -0.998260 0.581138 0.581138 0.581138
4974.782715 0.000000 1266.970459 0.000000 0.897870 0.000000 -0.440261 0.563146 0.563146 0.563146
7756.125488 0.000000 473.289551 0.000000 0.060382 0.000000 -0.998175 0.587330 0.587330 0.587330
7742.734863 0.000000 465.891510 0.000000 0.766275 0.000000 -0.642513 0.552874 0.552874 0.552874
7767.640625 0.000000 475.626373 0.000000 0.607064 0.000000 -0.794653 0.613055 0.613055 0.613055
7732.063965 0.000000 476.762482 0.000000 0.196068 0.000000 -0.980590 0.638637 0.638637 0.638637
7739.082520 0.000000 479.414673 0.000000 0.451018 0.000000 -0.892515 0.631777 0.631777 0.631777
7769.804199 0.000000 472.713226 0.000000 0.921623 0.000000 -0.388086 0.574626 0.574626 0.574626
7740.528809 0.000000 453.690582 0.000000 0.853160 0.000000 -0.521650 0.568085 0.568085 0.568085
7733.947754 0.000000 474.285095 0.000000 0.961654 0.000000 -0.274264 0.567930 0.567930 0.567930
7766.916992 0.000000 467.831818 0.000000 0.246766 0.000000 -0.969075 0.637096 0.637096 0.637096
7722.879395 0.000000 461.093811 0.000000 0.078188 0.000000 -0.996939 0.650420 0.650420 0.650420
7752.199707 0.000000 466.142029 0.000000 0.975655 0.000000 -0.219312 0.566395 0.566395 0.566395
7738.542969 0.000000 477.115173 0.000000 0.033700 0.000000 -0.999432 0.663971 0.663971 0.663971
7729.901855 0.000000 459.714447 0.000000 0.818611 0.000000 -0.574348 0.613846 0.613846 0.613846
7739.144531 0.000000 481.676147 0.000000 0.862169 0.000000 -0.506620 0.585744 0.585744 0.585744
7741.127930 0.000000 479.955475 0.000000 0.765927 0.000000 -0.642927 0.601778 0.601778 0.601778
7798.590820 0.000000 485.059753 0.000000 0.295231 0.000000 -0.955426 0.595379 0.595379 0.595379
7788.023438 0.000000 485.814606 0.000000 0.106806 0.000000 -0.994280 0.620347 0.620347 0.620347
7844.250000 0.000000 548.694458 0.000000 0.116341 0.000000 -0.993209 0.603912 0.603912 0.603912
7804.792969 0.000000 496.072815 0.000000 0.795841 0.000000 -0.605506 0.583937 0.583937 0.583937
7815.500977 0.000000 513.829468 0.000000 0.712112 0.000000 -0.702066 0.590610 0.590610 0.590610
7798.710938 0.000000 500.868744 0.000000 0.586878 0.000000 -0.809675 0.599235 0.599235 0.599235
7841.741211 0.000000 513.549988 0.000000 0.280067 0.000000 -0.959980 0.617149 0.617149 0.617149
7793.397461 0.000000 484.467712 0.000000 0.496891 0.000000 -0.867813 0.604828 0.604828 0.604828
7816.071289 0.000000 506.434296 0.000000 0.184940 0.000000 -0.982750 0.614649 0.614649 0.614649
7790.745117 0.000000 485.584900 0.000000 0.764276 0.000000 -0.644889 0.586570 0.586570 0.586570
7832.207031 0.000000 514.823303 0.000000 0.922255 0.000000 -0.386583 0.591421 0.591421 0.591421
7804.246094 0.000000 498.605408 0.000000 0.092353 0.000000 -0.995726 0.627135 0.627135 0.627135
7836.168945 0.000000 517.160522 0.000000 0.857970 0.000000 -0.513699 0.579631 0.579631 0.579631
7794.307129 0.000000 499.426270 0.000000 0.548049 0.000000 -0.836446 0.601696 0.601696 0.601696
7800.600586 0.000000 491.106293 0.000000 0.350777 0.000000 -0.936459 0.671526 0.671526 0.671526
7833.840820 0.000000 507.025665 0.000000 0.805056 0.000000 -0.593199 0.611909 0.611909 0.611909
7834.945312 0.000000 510.701935 0.000000 0.755403 0.000000 -0.655261 0.624565 0.624565 0.624565
7798.901855 0.000000 492.944946 0.000000 0.285407 0.000000 -0.958406 0.683718 0.683718 0.683718
7830.696289 0.000000 509.667145 0.000000 0.983411 0.000000 -0.181390 0.568784 0.568784 0.568784
7830.759277 0.000000 513.626709 0.000000 0.281543 0.000000 -0.959549 0.684138 0.684138 0.684138
7847.409668 0.000000 525.981140 0.000000 0.780631 0.000000 -0.624992 0.558343 0.558343 0.558343
7871.950684 0.000000 572.319397 0.000000 0.803534 0.000000 -0.595259 0.579766 0.579766 0.579766
7852.692871 0.000000 557.400879 0.000000 0.825079 0.000000 -0.565018 0.612661 0.612661 0.612661
7854.512207 0.000000 551.338013 0.000000 0.841369 0.000000 -0.540461 0.609586 0.609586 0.609586
7914.916504 0.000000 628.245178 0.000000 0.698342 0.000000 -0.715764 0.565335 0.565335 0.565335
7873.416016 0.000000 577.687866 0.000000 0.931718 0.000000 -0.363182 0.569394 0.569394 0.569394
7903.272461 0.000000 626.360474 0.000000 0.836273 0.000000 -0.548313 0.569922 0.569922 0.569922
7907.596680 0.000000 628.316040 0.000000 0.849880 0.000000 -0.526976 0.578961 0.578961 0.578961
7904.199219 0.000000 610.807739 0.000000 0.782714 0.000000 -0.622381 0.585052 0.585052 0.585052
7912.398438 0.000000 627.714783 0.000000 0.414681 0.000000 -0.909967 0.614359 0.614359 0.614359
7905.013184 0.000000 627.969666 0.000000 0.103954 0.000000 -0.994582 0.642638 0.642638 0.642638
7905.031738 0.000000 625.141296 0.000000 0.722201 0.000000 -0.691683 0.621318 0.621318 0.621318
"}
