object={
	name="tree_mangrove_generator_1_0"
	render_pass=Map
	clamp_to_water_level=no
	generated_content=yes
	layer="tree_high_layer"
	pdxmesh="tree_mangrove_01_a_mesh"
	count=3788
	transform="4420.423340 0.000000 188.809326 0.000000 0.997744 0.000000 0.067127 0.798658 0.798658 0.798658
4432.254395 0.000000 164.578323 0.000000 0.064376 0.000000 0.997926 0.760888 0.760888 0.760888
4431.910156 0.000000 134.047409 0.000000 0.782615 0.000000 -0.622505 0.821472 0.821472 0.821472
4460.447754 0.000000 132.617935 0.000000 0.350964 0.000000 0.936389 0.758842 0.758842 0.758842
4425.371094 0.000000 179.112671 0.000000 0.953170 0.000000 -0.302435 0.808591 0.808591 0.808591
4461.540039 0.000000 141.151550 0.000000 0.464779 0.000000 0.885427 0.765251 0.765251 0.765251
4432.774414 0.000000 174.017532 0.000000 0.996985 0.000000 -0.077600 0.802948 0.802948 0.802948
4453.263672 0.000000 157.418015 0.000000 0.961368 0.000000 -0.275266 0.818380 0.818380 0.818380
4461.822266 0.000000 145.516922 0.000000 0.098425 0.000000 -0.995144 0.882330 0.882330 0.882330
4457.328613 0.000000 172.372742 0.000000 0.999731 0.000000 0.023208 0.798795 0.798795 0.798795
4437.178711 0.000000 125.674263 0.000000 0.992959 0.000000 0.118456 0.794071 0.794071 0.794071
4458.108398 0.000000 129.612488 0.000000 0.998973 0.000000 0.045308 0.797103 0.797103 0.797103
4453.120605 0.000000 169.122391 0.000000 0.944418 0.000000 -0.328748 0.822078 0.822078 0.822078
4452.105957 0.000000 153.123718 0.000000 0.650341 0.000000 -0.759643 0.849971 0.849971 0.849971
4456.953125 0.000000 133.864685 0.000000 0.491718 0.000000 0.870754 0.715578 0.715578 0.715578
4442.142090 0.000000 181.350143 0.000000 0.721184 0.000000 0.692744 0.738862 0.738862 0.738862
4435.598145 0.000000 190.672211 0.000000 0.383065 0.000000 -0.923721 0.879972 0.879972 0.879972
4453.821777 0.000000 163.453842 0.000000 0.476559 0.000000 -0.879143 0.885806 0.885806 0.885806
4446.780273 0.000000 188.013092 0.000000 0.989675 0.000000 -0.143328 0.809192 0.809192 0.809192
4430.992676 0.000000 185.259933 0.000000 0.998773 0.000000 -0.049529 0.803958 0.803958 0.803958
4455.018555 0.000000 139.036865 0.000000 0.782083 0.000000 0.623175 0.757001 0.757001 0.757001
4443.194824 0.000000 122.026176 0.000000 0.911712 0.000000 -0.410830 0.837205 0.837205 0.837205
4442.196289 0.000000 187.875519 0.000000 0.429310 0.000000 0.903157 0.725716 0.725716 0.725716
4446.765625 0.000000 182.941925 0.000000 0.756994 0.000000 -0.653422 0.846933 0.846933 0.846933
4456.770508 0.000000 175.653671 0.000000 0.338683 0.000000 -0.940900 0.878310 0.878310 0.878310
4442.918945 0.000000 177.664154 0.000000 0.423570 0.000000 0.905863 0.700397 0.700397 0.700397
4448.653809 0.000000 169.085754 0.000000 0.435706 0.000000 -0.900089 0.889474 0.889474 0.889474
4462.321777 0.000000 171.452515 0.000000 0.940462 0.000000 -0.339900 0.829785 0.829785 0.829785
4462.605469 0.000000 167.477997 0.000000 0.926923 0.000000 -0.375252 0.833804 0.833804 0.833804
4458.571777 0.000000 154.908447 0.000000 0.105505 0.000000 -0.994419 0.914120 0.914120 0.914120
4437.309570 0.000000 182.474091 0.000000 0.546366 0.000000 -0.837547 0.887244 0.887244 0.887244
4437.621582 0.000000 158.175278 0.000000 0.680154 0.000000 0.733069 0.711258 0.711258 0.711258
4434.581543 0.000000 132.032379 0.000000 0.980244 0.000000 0.197791 0.782105 0.782105 0.782105
4454.605957 0.000000 160.029510 0.000000 0.998546 0.000000 0.053913 0.795799 0.795799 0.795799
4449.439453 0.000000 158.615738 0.000000 0.459816 0.000000 -0.888014 0.896052 0.896052 0.896052
4449.675781 0.000000 163.498596 0.000000 0.278386 0.000000 0.960469 0.689326 0.689326 0.689326
4463.273926 0.000000 151.944855 0.000000 0.660841 0.000000 -0.750526 0.884769 0.884769 0.884769
4434.558105 0.000000 146.498169 0.000000 0.278096 0.000000 -0.960553 0.967337 0.967337 0.967337
4434.752441 0.000000 139.873520 0.000000 0.879780 0.000000 0.475381 0.744592 0.744592 0.744592
4446.566895 0.000000 155.309540 0.000000 0.494272 0.000000 0.869307 0.694766 0.694766 0.694766
4436.320312 0.000000 153.895691 0.000000 0.938247 0.000000 -0.345965 0.850800 0.850800 0.850800
4439.979492 0.000000 133.523163 0.000000 0.394868 0.000000 0.918738 0.627837 0.627837 0.627837
4452.536133 0.000000 133.222977 0.000000 0.961004 0.000000 0.276534 0.764186 0.764186 0.764186
4460.849609 0.000000 180.707184 0.000000 0.896177 0.000000 -0.443697 0.861517 0.861517 0.861517
4451.189453 0.000000 135.819275 0.000000 0.998341 0.000000 0.057576 0.791601 0.791601 0.791601
4463.059570 0.000000 163.799240 0.000000 0.657079 0.000000 -0.753822 0.892089 0.892089 0.892089
4455.788086 0.000000 128.526260 0.000000 0.930156 0.000000 0.367164 0.756449 0.756449 0.756449
4463.368652 0.000000 154.467621 0.000000 0.167543 0.000000 0.985865 0.645943 0.645943 0.645943
4447.436523 0.000000 149.408997 0.000000 0.002697 0.000000 0.999996 0.612088 0.612088 0.612088
4443.717285 0.000000 129.872223 0.000000 0.853539 0.000000 -0.521029 0.888663 0.888663 0.888663
4443.703125 0.000000 159.554977 0.000000 0.108510 0.000000 -0.994095 0.981047 0.981047 0.981047
4462.701660 0.000000 158.638306 0.000000 0.167914 0.000000 0.985802 0.629182 0.629182 0.629182
4436.686035 0.000000 136.570129 0.000000 0.335145 0.000000 0.942166 0.623263 0.623263 0.623263
4448.659180 0.000000 136.066315 0.000000 0.080601 0.000000 -0.996746 1.044040 1.044040 1.044040
4451.312500 0.000000 126.764404 0.000000 0.791028 0.000000 0.611780 0.700075 0.700075 0.700075
4438.853027 0.000000 153.168381 0.000000 0.004484 0.000000 0.999990 0.552864 0.552864 0.552864
4460.261230 0.000000 185.387848 0.000000 0.997537 0.000000 -0.070138 0.810935 0.810935 0.810935
4447.468262 0.000000 137.920242 0.000000 0.752676 0.000000 -0.658391 0.936360 0.936360 0.936360
4436.936035 0.000000 144.966888 0.000000 0.219288 0.000000 0.975660 0.592431 0.592431 0.592431
4436.247559 0.000000 141.562164 0.000000 0.939971 0.000000 0.341255 0.747139 0.747139 0.747139
4444.129395 0.000000 135.880432 0.000000 0.302280 0.000000 0.953219 0.534987 0.534987 0.534987
4437.441406 0.000000 149.349091 0.000000 0.997697 0.000000 -0.067830 0.810711 0.810711 0.810711
4440.513672 0.000000 141.285522 0.000000 0.788352 0.000000 0.615225 0.661031 0.661031 0.661031
4444.818359 0.000000 137.691513 0.000000 0.937856 0.000000 0.347025 0.724264 0.724264 0.724264
4441.084473 0.000000 136.776581 0.000000 0.437436 0.000000 0.899250 0.572233 0.572233 0.572233
4440.823730 0.000000 143.696243 0.000000 0.406329 0.000000 -0.913727 1.034757 1.034757 1.034757
4447.126465 0.000000 129.689178 0.000000 0.080790 0.000000 0.996731 0.520282 0.520282 0.520282
4443.893066 0.000000 139.295792 0.000000 0.294913 0.000000 -0.955524 1.079329 1.079329 1.079329
4516.813965 0.000000 78.763550 0.000000 0.164283 0.000000 0.986413 0.788769 0.788769 0.788769
4517.381348 0.000000 83.842598 0.000000 0.815431 0.000000 -0.578855 0.820960 0.820960 0.820960
4498.647949 0.000000 72.254150 0.000000 0.383277 0.000000 -0.923633 0.842330 0.842330 0.842330
4491.954590 0.000000 88.188950 0.000000 0.998449 0.000000 0.055678 0.797552 0.797552 0.797552
4508.104492 0.000000 90.926804 0.000000 0.999094 0.000000 -0.042567 0.802636 0.802636 0.802636
4496.413574 0.000000 92.666672 0.000000 0.971807 0.000000 -0.235779 0.813786 0.813786 0.813786
4518.772461 0.000000 92.028709 0.000000 0.746950 0.000000 -0.664880 0.855201 0.855201 0.855201
4494.550293 0.000000 85.230118 0.000000 0.193526 0.000000 0.981095 0.695565 0.695565 0.695565
4513.959961 0.000000 95.136971 0.000000 0.803337 0.000000 0.595525 0.729926 0.729926 0.729926
4550.826660 0.000000 81.155296 0.000000 0.648973 0.000000 -0.760811 0.837988 0.837988 0.837988
4538.517578 0.000000 94.659164 0.000000 0.927096 0.000000 0.374824 0.770841 0.770841 0.770841
4574.977051 0.000000 89.275551 0.000000 0.078137 0.000000 -0.996943 0.916260 0.916260 0.916260
4601.402344 0.000000 94.801743 0.000000 0.985383 0.000000 0.170354 0.789401 0.789401 0.789401
4586.180664 0.000000 91.891144 0.000000 0.373203 0.000000 -0.927750 0.887815 0.887815 0.887815
4550.522461 0.000000 85.056694 0.000000 0.999033 0.000000 0.043956 0.796136 0.796136 0.796136
4557.581543 0.000000 78.331375 0.000000 0.994575 0.000000 -0.104025 0.807285 0.807285 0.807285
4563.025879 0.000000 81.328979 0.000000 0.025254 0.000000 -0.999681 0.948167 0.948167 0.948167
4544.936523 0.000000 92.906433 0.000000 0.996995 0.000000 0.077465 0.791637 0.791637 0.791637
4571.125488 0.000000 88.356071 0.000000 0.666245 0.000000 0.745733 0.705867 0.705867 0.705867
4560.680664 0.000000 83.210716 0.000000 0.275073 0.000000 -0.961423 0.954842 0.954842 0.954842
4585.952148 0.000000 95.136971 0.000000 0.488850 0.000000 0.872368 0.675090 0.675090 0.675090
4566.237793 0.000000 95.094772 0.000000 0.342375 0.000000 -0.939564 0.968314 0.968314 0.968314
4569.442871 0.000000 90.411118 0.000000 0.591530 0.000000 0.806283 0.667010 0.667010 0.667010
4570.886719 0.000000 93.177635 0.000000 0.573091 0.000000 0.819492 0.669549 0.669549 0.669549
4566.135742 0.000000 87.608276 0.000000 0.511781 0.000000 0.859116 0.661697 0.661697 0.661697
4569.188965 0.000000 94.778252 0.000000 0.564946 0.000000 -0.825128 0.949240 0.949240 0.949240
4557.841797 0.000000 86.571808 0.000000 0.972413 0.000000 -0.233265 0.834796 0.834796 0.834796
4559.934570 0.000000 94.604576 0.000000 0.426337 0.000000 -0.904565 1.014471 1.014471 1.014471
4561.598633 0.000000 87.887413 0.000000 0.786269 0.000000 -0.617884 0.903760 0.903760 0.903760
4555.157715 0.000000 89.862907 0.000000 0.935132 0.000000 0.354300 0.741410 0.741410 0.741410
4552.980957 0.000000 92.582123 0.000000 0.300668 0.000000 0.953729 0.567487 0.567487 0.567487
4562.993652 0.000000 86.215530 0.000000 0.572475 0.000000 -0.819922 0.949752 0.949752 0.949752
4549.115723 0.000000 93.177063 0.000000 0.546324 0.000000 -0.837574 0.958633 0.958633 0.958633
4528.673340 0.000000 142.965637 0.000000 0.084903 0.000000 0.996389 0.764390 0.764390 0.764390
4472.147949 0.000000 111.206467 0.000000 0.232156 0.000000 -0.972679 0.834701 0.834701 0.834701
4464.437012 0.000000 128.891388 0.000000 0.384028 0.000000 -0.923321 0.835250 0.835250 0.835250
4467.604492 0.000000 138.772095 0.000000 0.899984 0.000000 -0.435923 0.817117 0.817117 0.817117
4532.609375 0.000000 164.756912 0.000000 0.986490 0.000000 -0.163822 0.805916 0.805916 0.805916
4508.109375 0.000000 129.317108 0.000000 0.140375 0.000000 0.990098 0.742881 0.742881 0.742881
4468.454590 0.000000 134.471115 0.000000 0.981917 0.000000 -0.189314 0.810271 0.810271 0.810271
4490.068848 0.000000 169.633362 0.000000 0.411186 0.000000 0.911551 0.751891 0.751891 0.751891
4532.492188 0.000000 152.503937 0.000000 0.152702 0.000000 -0.988272 0.870777 0.870777 0.870777
4470.837402 0.000000 115.157822 0.000000 0.691447 0.000000 -0.722427 0.833860 0.833860 0.833860
4486.403809 0.000000 147.154877 0.000000 0.956405 0.000000 -0.292043 0.817757 0.817757 0.817757
4519.080566 0.000000 164.765076 0.000000 0.948725 0.000000 -0.316102 0.816059 0.816059 0.816059
4467.631836 0.000000 143.125229 0.000000 0.667023 0.000000 0.745037 0.759707 0.759707 0.759707
4532.637695 0.000000 96.027962 0.000000 0.739481 0.000000 -0.673178 0.835399 0.835399 0.835399
4492.932617 0.000000 147.249054 0.000000 0.988204 0.000000 -0.153140 0.808598 0.808598 0.808598
4525.547852 0.000000 108.209549 0.000000 0.049638 0.000000 0.998767 0.702782 0.702782 0.702782
4505.558105 0.000000 116.915138 0.000000 0.480131 0.000000 -0.877197 0.851289 0.851289 0.851289
4518.354004 0.000000 106.622757 0.000000 0.380643 0.000000 -0.924722 0.870721 0.870721 0.870721
4533.559082 0.000000 136.102859 0.000000 0.925218 0.000000 -0.379436 0.828760 0.828760 0.828760
4496.153320 0.000000 99.363976 0.000000 0.563879 0.000000 0.825858 0.732073 0.732073 0.732073
4464.600098 0.000000 145.527969 0.000000 0.684235 0.000000 0.729262 0.754298 0.754298 0.754298
4484.594238 0.000000 103.924454 0.000000 0.583791 0.000000 -0.811904 0.858658 0.858658 0.858658
4519.619629 0.000000 161.100342 0.000000 0.731319 0.000000 -0.682036 0.853964 0.853964 0.853964
4524.786133 0.000000 186.033264 0.000000 0.928095 0.000000 -0.372344 0.830481 0.830481 0.830481
4514.134277 0.000000 181.350143 0.000000 0.641948 0.000000 0.766748 0.731941 0.731941 0.731941
4489.884277 0.000000 139.747162 0.000000 0.979324 0.000000 0.202299 0.784540 0.784540 0.784540
4509.747559 0.000000 112.342636 0.000000 0.018921 0.000000 -0.999821 0.911581 0.911581 0.911581
4518.772461 0.000000 188.013092 0.000000 0.920447 0.000000 -0.390868 0.824863 0.824863 0.824863
4471.635742 0.000000 120.085617 0.000000 0.701343 0.000000 0.712824 0.741361 0.741361 0.741361
4483.639160 0.000000 154.572388 0.000000 0.580507 0.000000 -0.814256 0.874110 0.874110 0.874110
4485.240723 0.000000 143.905823 0.000000 0.146473 0.000000 -0.989215 0.905215 0.905215 0.905215
4477.890137 0.000000 170.705139 0.000000 0.938778 0.000000 0.344523 0.777520 0.777520 0.777520
4514.911133 0.000000 177.664154 0.000000 0.994891 0.000000 0.100951 0.793133 0.793133 0.793133
4527.619141 0.000000 113.512062 0.000000 0.879301 0.000000 -0.476266 0.840649 0.840649 0.840649
4501.928223 0.000000 127.030426 0.000000 0.414865 0.000000 -0.909883 0.886748 0.886748 0.886748
4494.382324 0.000000 144.024323 0.000000 0.693441 0.000000 -0.720513 0.862668 0.862668 0.862668
4476.834961 0.000000 162.573685 0.000000 0.998284 0.000000 0.058557 0.794851 0.794851 0.794851
4470.674316 0.000000 154.962997 0.000000 0.080433 0.000000 -0.996760 0.936916 0.936916 0.936916
4533.993164 0.000000 119.646942 0.000000 0.213960 0.000000 -0.976842 0.935330 0.935330 0.935330
4475.385742 0.000000 148.157120 0.000000 0.047981 0.000000 -0.998848 0.933821 0.933821 0.933821
4481.400879 0.000000 149.912750 0.000000 0.975659 0.000000 -0.219293 0.818987 0.818987 0.818987
4506.747559 0.000000 113.886421 0.000000 0.574397 0.000000 0.818577 0.729137 0.729137 0.729137
4517.001465 0.000000 144.649719 0.000000 0.771077 0.000000 0.636742 0.740719 0.740719 0.740719
4492.087891 0.000000 137.337234 0.000000 0.649280 0.000000 -0.760549 0.889748 0.889748 0.889748
4502.713867 0.000000 98.634529 0.000000 0.795534 0.000000 0.605909 0.731099 0.731099 0.731099
4478.680176 0.000000 165.537384 0.000000 0.992364 0.000000 0.123348 0.788886 0.788886 0.788886
4481.021973 0.000000 156.267120 0.000000 0.561355 0.000000 0.827575 0.714338 0.714338 0.714338
4480.417969 0.000000 159.712448 0.000000 0.403297 0.000000 -0.915069 0.910792 0.910792 0.910792
4534.597656 0.000000 167.477997 0.000000 0.981856 0.000000 -0.189629 0.814861 0.814861 0.814861
4520.909180 0.000000 125.261276 0.000000 0.991996 0.000000 -0.126268 0.809356 0.809356 0.809356
4502.343750 0.000000 190.786819 0.000000 0.972546 0.000000 0.232710 0.778892 0.778892 0.778892
4482.958496 0.000000 161.299194 0.000000 0.848046 0.000000 -0.529923 0.849081 0.849081 0.849081
4523.316406 0.000000 130.686066 0.000000 0.908106 0.000000 0.418740 0.760306 0.760306 0.760306
4479.057617 0.000000 142.275208 0.000000 0.356519 0.000000 0.934288 0.698814 0.698814 0.698814
4499.194824 0.000000 171.220581 0.000000 0.712437 0.000000 -0.701736 0.876122 0.876122 0.876122
4506.573730 0.000000 132.032379 0.000000 0.418533 0.000000 -0.908202 0.900091 0.900091 0.900091
4500.735840 0.000000 109.011063 0.000000 0.857961 0.000000 0.513714 0.741814 0.741814 0.741814
4495.493164 0.000000 126.990685 0.000000 0.887897 0.000000 0.460043 0.757990 0.757990 0.757990
4516.694336 0.000000 99.188126 0.000000 0.868658 0.000000 -0.495413 0.844513 0.844513 0.844513
4530.507324 0.000000 181.820251 0.000000 0.977980 0.000000 0.208698 0.776905 0.776905 0.776905
4490.106934 0.000000 190.758484 0.000000 0.541429 0.000000 -0.840746 0.893744 0.893744 0.893744
4490.376953 0.000000 133.648560 0.000000 0.610922 0.000000 -0.791691 0.893056 0.893056 0.893056
4499.854980 0.000000 100.970787 0.000000 0.469560 0.000000 -0.882900 0.905890 0.905890 0.905890
4496.104980 0.000000 111.509781 0.000000 0.767849 0.000000 -0.640631 0.880546 0.880546 0.880546
4471.060547 0.000000 133.258575 0.000000 0.593309 0.000000 0.804974 0.723384 0.723384 0.723384
4472.521973 0.000000 162.934906 0.000000 0.914249 0.000000 -0.405152 0.847489 0.847489 0.847489
4512.991699 0.000000 168.613525 0.000000 0.999936 0.000000 -0.011324 0.801267 0.801267 0.801267
4472.241699 0.000000 158.106979 0.000000 0.521682 0.000000 -0.853140 0.908180 0.908180 0.908180
4467.831543 0.000000 154.850800 0.000000 0.620099 0.000000 0.784523 0.706329 0.706329 0.706329
4479.584473 0.000000 146.060471 0.000000 0.036777 0.000000 0.999323 0.671321 0.671321 0.671321
4476.215820 0.000000 137.572556 0.000000 0.307064 0.000000 0.951689 0.684360 0.684360 0.684360
4467.242676 0.000000 150.566391 0.000000 0.211035 0.000000 -0.977479 0.922066 0.922066 0.922066
4507.204102 0.000000 149.261963 0.000000 0.983724 0.000000 0.179686 0.778711 0.778711 0.778711
4496.884277 0.000000 142.782013 0.000000 0.693339 0.000000 0.720611 0.719643 0.719643 0.719643
4500.735352 0.000000 158.814667 0.000000 0.966957 0.000000 -0.254939 0.822654 0.822654 0.822654
4468.534180 0.000000 171.268219 0.000000 0.872330 0.000000 -0.488917 0.854075 0.854075 0.854075
4515.973633 0.000000 101.867905 0.000000 0.573117 0.000000 -0.819473 0.899753 0.899753 0.899753
4512.072754 0.000000 139.224792 0.000000 0.214789 0.000000 -0.976660 0.924426 0.924426 0.924426
4475.611816 0.000000 158.177856 0.000000 0.899464 0.000000 0.436995 0.756643 0.756643 0.756643
4465.888672 0.000000 163.060608 0.000000 0.221432 0.000000 -0.975176 0.956096 0.956096 0.956096
4496.662109 0.000000 176.453339 0.000000 0.704842 0.000000 0.709365 0.700774 0.700774 0.700774
4492.404297 0.000000 104.846115 0.000000 0.523587 0.000000 -0.851972 0.920163 0.920163 0.920163
4506.550293 0.000000 146.498169 0.000000 0.977561 0.000000 0.210652 0.772447 0.772447 0.772447
4493.395020 0.000000 125.275406 0.000000 0.026388 0.000000 -0.999652 0.972735 0.972735 0.972735
4505.675293 0.000000 185.686005 0.000000 0.787268 0.000000 -0.616611 0.886257 0.886257 0.886257
4469.187500 0.000000 166.389404 0.000000 0.888616 0.000000 0.458652 0.749563 0.749563 0.749563
4503.818359 0.000000 181.579041 0.000000 0.335157 0.000000 -0.942162 0.947279 0.947279 0.947279
4466.224609 0.000000 157.876144 0.000000 0.281987 0.000000 0.959418 0.656286 0.656286 0.656286
4510.447754 0.000000 108.530273 0.000000 0.988068 0.000000 -0.154020 0.818531 0.818531 0.818531
4472.946777 0.000000 174.691101 0.000000 0.985132 0.000000 0.171800 0.778965 0.778965 0.778965
4494.928711 0.000000 108.900169 0.000000 0.047785 0.000000 0.998858 0.605326 0.605326 0.605326
4477.536133 0.000000 160.016663 0.000000 0.473060 0.000000 -0.881030 0.903348 0.903348 0.903348
4531.345703 0.000000 109.977676 0.000000 0.049335 0.000000 0.998782 0.617679 0.617679 0.617679
4499.133301 0.000000 184.340454 0.000000 0.980359 0.000000 -0.197221 0.822600 0.822600 0.822600
4502.318848 0.000000 156.718964 0.000000 0.678016 0.000000 0.735048 0.714242 0.714242 0.714242
4490.090820 0.000000 129.191696 0.000000 0.913498 0.000000 -0.406843 0.844352 0.844352 0.844352
4488.688477 0.000000 179.195099 0.000000 0.919703 0.000000 0.392615 0.759708 0.759708 0.759708
4511.266602 0.000000 186.786346 0.000000 0.971659 0.000000 0.236386 0.767589 0.767589 0.767589
4474.059082 0.000000 126.142807 0.000000 0.916775 0.000000 -0.399404 0.851698 0.851698 0.851698
4492.605469 0.000000 114.667885 0.000000 0.977321 0.000000 0.211765 0.771447 0.771447 0.771447
4508.312500 0.000000 153.895691 0.000000 0.497781 0.000000 0.867303 0.653237 0.653237 0.653237
4482.666504 0.000000 115.488731 0.000000 0.209607 0.000000 0.977786 0.599054 0.599054 0.599054
4474.060059 0.000000 134.787872 0.000000 0.789254 0.000000 0.614067 0.731330 0.731330 0.731330
4513.959961 0.000000 191.121353 0.000000 0.995470 0.000000 -0.095078 0.812172 0.812172 0.812172
4532.841797 0.000000 180.707184 0.000000 0.279041 0.000000 -0.960279 0.967209 0.967209 0.967209
4507.428223 0.000000 97.450775 0.000000 0.515680 0.000000 -0.856781 0.908923 0.908923 0.908923
4527.780273 0.000000 128.526260 0.000000 0.974750 0.000000 0.223300 0.768516 0.768516 0.768516
4472.395996 0.000000 129.758957 0.000000 0.620911 0.000000 -0.783881 0.897162 0.897162 0.897162
4506.872559 0.000000 134.798279 0.000000 0.042136 0.000000 0.999112 0.638187 0.638187 0.638187
4511.494141 0.000000 173.283447 0.000000 0.862362 0.000000 -0.506293 0.859376 0.859376 0.859376
4511.671875 0.000000 98.128609 0.000000 0.687282 0.000000 0.726391 0.696073 0.696073 0.696073
4478.745605 0.000000 133.312775 0.000000 0.728326 0.000000 0.685231 0.706519 0.706519 0.706519
4497.465820 0.000000 106.182472 0.000000 0.797790 0.000000 -0.602936 0.878846 0.878846 0.878846
4502.528320 0.000000 175.522034 0.000000 0.815121 0.000000 -0.579291 0.895019 0.895019 0.895019
4509.598633 0.000000 175.828476 0.000000 0.882065 0.000000 -0.471127 0.861726 0.861726 0.861726
4510.345703 0.000000 164.420868 0.000000 0.268840 0.000000 -0.963185 0.989335 0.989335 0.989335
4478.561035 0.000000 129.674225 0.000000 0.757018 0.000000 -0.653394 0.899551 0.899551 0.899551
4488.959961 0.000000 107.168777 0.000000 0.212255 0.000000 -0.977214 0.976155 0.976155 0.976155
4511.061035 0.000000 145.622330 0.000000 0.949677 0.000000 0.313231 0.754822 0.754822 0.754822
4515.695312 0.000000 159.554977 0.000000 0.991951 0.000000 0.126620 0.783011 0.783011 0.783011
4465.915039 0.000000 181.172943 0.000000 0.455436 0.000000 -0.890268 0.979813 0.979813 0.979813
4506.952637 0.000000 166.678497 0.000000 0.719462 0.000000 -0.694532 0.918073 0.918073 0.918073
4480.614746 0.000000 117.419388 0.000000 0.752656 0.000000 0.658414 0.702390 0.702390 0.702390
4532.634766 0.000000 114.789291 0.000000 0.996759 0.000000 -0.080450 0.809973 0.809973 0.809973
4483.994629 0.000000 190.800507 0.000000 0.461385 0.000000 0.887200 0.645258 0.645258 0.645258
4509.617676 0.000000 184.884598 0.000000 0.736086 0.000000 0.676888 0.693080 0.693080 0.693080
4501.183594 0.000000 168.153351 0.000000 0.890698 0.000000 -0.454595 0.859379 0.859379 0.859379
4469.494629 0.000000 177.730255 0.000000 0.949177 0.000000 0.314744 0.755875 0.755875 0.755875
4486.138184 0.000000 186.789398 0.000000 0.141895 0.000000 0.989882 0.583180 0.583180 0.583180
4481.056641 0.000000 125.807243 0.000000 0.874329 0.000000 -0.485334 0.878943 0.878943 0.878943
4526.636230 0.000000 124.416214 0.000000 0.988436 0.000000 0.151641 0.780846 0.780846 0.780846
4508.794922 0.000000 106.817986 0.000000 0.754198 0.000000 -0.656648 0.898722 0.898722 0.898722
4531.499512 0.000000 125.707703 0.000000 0.496028 0.000000 -0.868307 0.944945 0.944945 0.944945
4504.982422 0.000000 144.069748 0.000000 0.020292 0.000000 -0.999794 0.988900 0.988900 0.988900
4490.646973 0.000000 111.618866 0.000000 0.390162 0.000000 0.920746 0.617734 0.617734 0.617734
4503.595703 0.000000 162.171692 0.000000 0.188915 0.000000 -0.981993 0.973733 0.973733 0.973733
4505.300293 0.000000 102.027351 0.000000 0.430843 0.000000 -0.902427 0.948344 0.948344 0.948344
4487.929199 0.000000 119.125847 0.000000 0.490385 0.000000 0.871506 0.635139 0.635139 0.635139
4513.913574 0.000000 161.135559 0.000000 0.389246 0.000000 -0.921134 0.970727 0.970727 0.970727
4504.877930 0.000000 176.390106 0.000000 0.714371 0.000000 0.699768 0.685448 0.685448 0.685448
4508.334961 0.000000 180.025024 0.000000 0.790589 0.000000 -0.612347 0.892136 0.892136 0.892136
4528.632812 0.000000 131.540421 0.000000 0.782342 0.000000 0.622849 0.711369 0.711369 0.711369
4511.494629 0.000000 160.509552 0.000000 0.765614 0.000000 0.643300 0.689742 0.689742 0.689742
4477.385254 0.000000 178.922028 0.000000 0.986877 0.000000 0.161471 0.776678 0.776678 0.776678
4480.703613 0.000000 128.800537 0.000000 0.294424 0.000000 0.955675 0.609472 0.609472 0.609472
4510.036133 0.000000 103.241470 0.000000 0.943099 0.000000 0.332512 0.752610 0.752610 0.752610
4483.787109 0.000000 181.757294 0.000000 0.652632 0.000000 -0.757675 0.911612 0.911612 0.911612
4479.704102 0.000000 183.821442 0.000000 0.761258 0.000000 -0.648449 0.919777 0.919777 0.919777
4507.169922 0.000000 174.878387 0.000000 0.982918 0.000000 0.184046 0.773752 0.773752 0.773752
4484.917969 0.000000 126.502716 0.000000 0.830078 0.000000 0.557648 0.714935 0.714935 0.714935
4486.592285 0.000000 112.773827 0.000000 0.443747 0.000000 -0.896152 0.988613 0.988613 0.988613
4485.121094 0.000000 122.742943 0.000000 0.968382 0.000000 0.249471 0.758707 0.758707 0.758707
4508.354004 0.000000 104.679268 0.000000 0.186566 0.000000 0.982442 0.603867 0.603867 0.603867
4470.572754 0.000000 180.964630 0.000000 0.554165 0.000000 0.832407 0.611441 0.611441 0.611441
4532.850586 0.000000 111.561043 0.000000 0.980171 0.000000 -0.198154 0.829880 0.829880 0.829880
4510.845215 0.000000 153.168381 0.000000 0.552534 0.000000 -0.833490 0.951541 0.951541 0.951541
4534.375488 0.000000 107.379074 0.000000 0.061993 0.000000 -0.998077 1.013949 1.013949 1.013949
4532.253418 0.000000 185.387848 0.000000 0.132604 0.000000 0.991169 0.596114 0.596114 0.596114
4472.529785 0.000000 176.954193 0.000000 0.679126 0.000000 -0.734022 0.923463 0.923463 0.923463
4478.410645 0.000000 125.097900 0.000000 0.909593 0.000000 -0.415499 0.863329 0.863329 0.863329
4485.849609 0.000000 182.556183 0.000000 0.997581 0.000000 -0.069519 0.810005 0.810005 0.810005
4484.728027 0.000000 116.411301 0.000000 0.638492 0.000000 -0.769629 0.935065 0.935065 0.935065
4508.928223 0.000000 144.966888 0.000000 0.910186 0.000000 0.414199 0.736029 0.736029 0.736029
4502.907715 0.000000 166.429611 0.000000 0.292263 0.000000 -0.956338 0.983232 0.983232 0.983232
4466.650879 0.000000 183.276489 0.000000 0.928472 0.000000 -0.371402 0.872959 0.872959 0.872959
4504.615723 0.000000 138.543198 0.000000 0.168007 0.000000 0.985786 0.595592 0.595592 0.595592
4485.470703 0.000000 118.448013 0.000000 0.896659 0.000000 0.442723 0.726720 0.726720 0.726720
4487.322266 0.000000 114.839951 0.000000 0.632759 0.000000 -0.774349 0.945052 0.945052 0.945052
4509.053711 0.000000 189.039703 0.000000 0.759860 0.000000 -0.650087 0.911662 0.911662 0.911662
4478.590820 0.000000 185.842880 0.000000 0.918875 0.000000 -0.394550 0.875333 0.875333 0.875333
4483.165527 0.000000 185.847290 0.000000 0.376340 0.000000 0.926482 0.594103 0.594103 0.594103
4511.636230 0.000000 157.433548 0.000000 0.662943 0.000000 -0.748670 0.935182 0.935182 0.935182
4531.215332 0.000000 127.816109 0.000000 0.634323 0.000000 0.773069 0.660574 0.660574 0.660574
4531.459961 0.000000 190.034256 0.000000 0.106534 0.000000 0.994309 0.571922 0.571922 0.571922
4473.331055 0.000000 180.374771 0.000000 0.695003 0.000000 -0.719007 0.957048 0.957048 0.957048
4480.988770 0.000000 188.566498 0.000000 0.205034 0.000000 -0.978755 1.050684 1.050684 1.050684
4484.109863 0.000000 120.188377 0.000000 0.878443 0.000000 -0.477846 0.881592 0.881592 0.881592
4484.312988 0.000000 112.036636 0.000000 0.768333 0.000000 0.640051 0.690410 0.690410 0.690410
4477.123535 0.000000 189.161438 0.000000 0.452386 0.000000 -0.891822 1.050763 1.050763 1.050763
4467.130859 0.000000 188.198547 0.000000 0.329320 0.000000 0.944218 0.563167 0.563167 0.563167
4463.548828 0.000000 186.103668 0.000000 0.819287 0.000000 -0.573383 0.903664 0.903664 0.903664
4476.624512 0.000000 181.964691 0.000000 0.938069 0.000000 -0.346448 0.858647 0.858647 0.858647
4468.662109 0.000000 183.210205 0.000000 0.998044 0.000000 -0.062514 0.811869 0.811869 0.811869
4470.993164 0.000000 189.518478 0.000000 0.988570 0.000000 -0.150760 0.832946 0.832946 0.832946
4469.474609 0.000000 186.098557 0.000000 0.243476 0.000000 0.969907 0.535396 0.535396 0.535396
4477.043945 0.000000 186.876923 0.000000 0.746327 0.000000 -0.665580 0.958544 0.958544 0.958544
4473.765625 0.000000 187.316086 0.000000 0.679305 0.000000 0.733856 0.609100 0.609100 0.609100
4575.834961 0.000000 146.149841 0.000000 0.954297 0.000000 -0.298859 0.809092 0.809092 0.809092
4589.373535 0.000000 179.826981 0.000000 0.485508 0.000000 -0.874232 0.831872 0.831872 0.831872
4604.432129 0.000000 132.617935 0.000000 0.875163 0.000000 0.483827 0.782853 0.782853 0.782853
4584.277344 0.000000 150.710358 0.000000 0.999402 0.000000 -0.034574 0.801450 0.801450 0.801450
4575.852539 0.000000 129.891937 0.000000 0.686207 0.000000 0.727407 0.760956 0.760956 0.760956
4560.310059 0.000000 188.381866 0.000000 0.818308 0.000000 -0.574780 0.836689 0.836689 0.836689
4535.657715 0.000000 156.996155 0.000000 0.682973 0.000000 0.730444 0.750930 0.750930 0.750930
4588.111816 0.000000 127.475647 0.000000 0.590449 0.000000 -0.807075 0.863776 0.863776 0.863776
4605.551270 0.000000 136.102859 0.000000 0.981593 0.000000 -0.190985 0.811514 0.811514 0.811514
4570.695801 0.000000 126.815773 0.000000 0.724066 0.000000 0.689731 0.760477 0.760477 0.760477
4538.517578 0.000000 190.643555 0.000000 0.990966 0.000000 -0.134116 0.811553 0.811553 0.811553
4535.718262 0.000000 138.289841 0.000000 0.946103 0.000000 0.323866 0.778921 0.778921 0.778921
4606.488281 0.000000 113.076385 0.000000 0.225376 0.000000 -0.974272 0.883180 0.883180 0.883180
4547.157715 0.000000 109.372879 0.000000 0.664561 0.000000 0.747234 0.729211 0.729211 0.729211
4556.936035 0.000000 114.232056 0.000000 0.365315 0.000000 -0.930884 0.881272 0.881272 0.881272
4586.180664 0.000000 187.875519 0.000000 0.920141 0.000000 -0.391587 0.828930 0.828930 0.828930
4599.611328 0.000000 113.512062 0.000000 0.332361 0.000000 0.943152 0.708959 0.708959 0.708959
4593.460449 0.000000 99.377304 0.000000 0.159157 0.000000 -0.987253 0.918357 0.918357 0.918357
4566.374512 0.000000 144.024323 0.000000 0.743218 0.000000 0.669049 0.750230 0.750230 0.750230
4586.045410 0.000000 125.068283 0.000000 0.286750 0.000000 0.958006 0.674737 0.674737 0.674737
4553.022949 0.000000 185.698090 0.000000 0.768634 0.000000 -0.639689 0.851292 0.851292 0.851292
4566.291504 0.000000 186.331940 0.000000 0.034770 0.000000 -0.999395 0.953390 0.953390 0.953390
4606.589844 0.000000 167.477997 0.000000 0.047692 0.000000 0.998862 0.638776 0.638776 0.638776
4581.293945 0.000000 182.474091 0.000000 0.091584 0.000000 0.995797 0.684791 0.684791 0.684791
4570.486816 0.000000 122.057175 0.000000 0.991915 0.000000 -0.126902 0.811182 0.811182 0.811182
4556.173828 0.000000 184.007431 0.000000 0.905302 0.000000 -0.424768 0.836800 0.836800 0.836800
4589.655273 0.000000 171.839447 0.000000 0.961154 0.000000 0.276013 0.771516 0.771516 0.771516
4588.686523 0.000000 99.188126 0.000000 0.541274 0.000000 0.840846 0.704243 0.704243 0.704243
4598.590332 0.000000 160.029510 0.000000 0.396986 0.000000 -0.917825 0.930028 0.930028 0.930028
4560.496094 0.000000 122.701195 0.000000 0.999949 0.000000 0.010151 0.799209 0.799209 0.799209
4593.963867 0.000000 118.019966 0.000000 0.634468 0.000000 -0.772949 0.870580 0.870580 0.870580
4539.823730 0.000000 154.850800 0.000000 0.304747 0.000000 0.952433 0.663987 0.663987 0.663987
4559.857422 0.000000 142.752319 0.000000 0.415994 0.000000 0.909367 0.697383 0.697383 0.697383
4539.234863 0.000000 150.566391 0.000000 0.650807 0.000000 0.759243 0.700129 0.700129 0.700129
4538.148926 0.000000 136.225021 0.000000 0.351559 0.000000 0.936166 0.698369 0.698369 0.698369
4541.520508 0.000000 112.250496 0.000000 0.916569 0.000000 -0.399877 0.847655 0.847655 0.847655
4586.189941 0.000000 156.253052 0.000000 0.252000 0.000000 -0.967727 0.939309 0.939309 0.939309
4601.817383 0.000000 164.571091 0.000000 0.678978 0.000000 -0.734159 0.898795 0.898795 0.898795
4598.968262 0.000000 99.712593 0.000000 0.811220 0.000000 -0.584740 0.863617 0.863617 0.863617
4549.067871 0.000000 151.290405 0.000000 0.698391 0.000000 0.715716 0.704414 0.704414 0.704414
4587.965820 0.000000 101.867905 0.000000 0.498038 0.000000 -0.867155 0.929954 0.929954 0.929954
4562.035156 0.000000 147.496765 0.000000 0.335751 0.000000 -0.941951 0.934937 0.934937 0.934937
4544.502441 0.000000 108.356552 0.000000 0.045503 0.000000 -0.998964 0.955364 0.955364 0.955364
4537.621582 0.000000 99.227768 0.000000 0.526465 0.000000 0.850197 0.702564 0.702564 0.702564
4589.307617 0.000000 116.949387 0.000000 0.416254 0.000000 -0.909248 0.934508 0.934508 0.934508
4591.442383 0.000000 104.120522 0.000000 0.242415 0.000000 0.970173 0.622569 0.622569 0.622569
4539.252930 0.000000 97.006165 0.000000 0.438878 0.000000 -0.898546 0.904801 0.904801 0.904801
4603.031738 0.000000 166.908432 0.000000 0.956547 0.000000 0.291577 0.769271 0.769271 0.769271
4577.667480 0.000000 185.686005 0.000000 0.233864 0.000000 0.972269 0.632054 0.632054 0.632054
4538.216797 0.000000 157.876144 0.000000 0.998219 0.000000 -0.059649 0.806079 0.806079 0.806079
4597.645508 0.000000 189.091568 0.000000 0.661664 0.000000 0.749800 0.701796 0.701796 0.701796
4541.847656 0.000000 149.022873 0.000000 0.995255 0.000000 -0.097297 0.813624 0.813624 0.813624
4549.528320 0.000000 160.016663 0.000000 0.965119 0.000000 0.261811 0.763495 0.763495 0.763495
4603.337891 0.000000 109.977676 0.000000 0.997519 0.000000 -0.070397 0.807599 0.807599 0.807599
4564.276855 0.000000 151.607285 0.000000 0.883501 0.000000 -0.468429 0.864263 0.864263 0.864263
4590.551270 0.000000 155.309540 0.000000 0.912506 0.000000 0.409062 0.752865 0.752865 0.752865
4577.212891 0.000000 171.475800 0.000000 0.023873 0.000000 -0.999715 1.016270 1.016270 1.016270
4546.939453 0.000000 183.253220 0.000000 0.964396 0.000000 0.264461 0.772203 0.772203 0.772203
4567.503418 0.000000 148.455261 0.000000 0.409709 0.000000 -0.912216 0.919296 0.919296 0.919296
4585.412598 0.000000 120.167389 0.000000 0.978207 0.000000 0.207630 0.772430 0.772430 0.772430
4585.952148 0.000000 191.121353 0.000000 0.652252 0.000000 -0.758002 0.899651 0.899651 0.899651
4604.833984 0.000000 180.707184 0.000000 0.254093 0.000000 0.967180 0.618934 0.618934 0.618934
4538.079102 0.000000 140.921173 0.000000 0.475206 0.000000 -0.879875 0.918152 0.918152 0.918152
4581.316895 0.000000 121.968994 0.000000 0.696512 0.000000 -0.717545 0.916678 0.916678 0.916678
4592.011719 0.000000 190.315125 0.000000 0.892642 0.000000 0.450766 0.744897 0.744897 0.744897
4571.838867 0.000000 118.301575 0.000000 0.183404 0.000000 -0.983038 0.955057 0.955057 0.955057
4607.353027 0.000000 154.467621 0.000000 0.793388 0.000000 -0.608717 0.892803 0.892803 0.892803
4575.111816 0.000000 116.172150 0.000000 0.971629 0.000000 -0.236512 0.827183 0.827183 0.827183
4583.486328 0.000000 173.283447 0.000000 0.497679 0.000000 0.867361 0.688867 0.688867 0.688867
4545.257812 0.000000 96.135246 0.000000 0.981856 0.000000 0.189629 0.774851 0.774851 0.774851
4569.653809 0.000000 116.736191 0.000000 0.163374 0.000000 -0.986564 0.988236 0.988236 0.988236
4558.164551 0.000000 164.358887 0.000000 0.350997 0.000000 0.936377 0.647479 0.647479 0.647479
4583.645020 0.000000 125.820511 0.000000 0.406672 0.000000 0.913574 0.659652 0.659652 0.659652
4591.739258 0.000000 108.656265 0.000000 0.530403 0.000000 -0.847746 0.951549 0.951549 0.951549
4568.013184 0.000000 121.605896 0.000000 0.650390 0.000000 0.759601 0.696619 0.696619 0.696619
4598.239258 0.000000 151.872192 0.000000 0.990488 0.000000 0.137599 0.784837 0.784837 0.784837
4563.835938 0.000000 156.522507 0.000000 0.158799 0.000000 -0.987311 1.005769 1.005769 1.005769
4586.662109 0.000000 115.518707 0.000000 0.286536 0.000000 -0.958070 0.973865 0.973865 0.973865
4605.245605 0.000000 150.133163 0.000000 0.897217 0.000000 -0.441590 0.860290 0.860290 0.860290
4583.893555 0.000000 111.178497 0.000000 0.726680 0.000000 0.686976 0.685046 0.685046 0.685046
4546.670410 0.000000 100.101967 0.000000 0.033218 0.000000 -0.999448 1.045672 1.045672 1.045672
4540.732910 0.000000 101.997902 0.000000 0.457611 0.000000 -0.889152 0.953157 0.953157 0.953157
4560.952148 0.000000 107.168777 0.000000 0.363423 0.000000 0.931624 0.641969 0.641969 0.641969
4540.963867 0.000000 141.055389 0.000000 0.957874 0.000000 0.287187 0.765094 0.765094 0.765094
4587.687500 0.000000 159.554977 0.000000 0.339443 0.000000 -0.940627 0.949179 0.949179 0.949179
4579.777832 0.000000 117.862747 0.000000 0.851468 0.000000 0.524407 0.717312 0.717312 0.717312
4537.907227 0.000000 181.172943 0.000000 0.966345 0.000000 -0.257248 0.841051 0.841051 0.841051
4577.032227 0.000000 119.424179 0.000000 0.474396 0.000000 0.880311 0.668846 0.668846 0.668846
4586.257324 0.000000 106.764679 0.000000 0.996900 0.000000 0.078684 0.788673 0.788673 0.788673
4603.921387 0.000000 172.269714 0.000000 0.998913 0.000000 0.046623 0.794132 0.794132 0.794132
4535.717285 0.000000 132.123093 0.000000 0.999996 0.000000 0.002685 0.799689 0.799689 0.799689
4578.540039 0.000000 111.424133 0.000000 0.913287 0.000000 0.407317 0.741349 0.741349 0.741349
4574.333984 0.000000 110.886513 0.000000 0.363649 0.000000 0.931536 0.632426 0.632426 0.632426
4556.270020 0.000000 148.349915 0.000000 0.427750 0.000000 0.903897 0.619642 0.619642 0.619642
4565.986328 0.000000 174.504608 0.000000 0.894568 0.000000 -0.446932 0.873106 0.873106 0.873106
4559.690918 0.000000 149.196106 0.000000 0.438811 0.000000 -0.898579 0.956097 0.956097 0.956097
4537.471191 0.000000 123.872452 0.000000 0.971728 0.000000 -0.236102 0.834275 0.834275 0.834275
4538.372559 0.000000 101.538452 0.000000 0.884982 0.000000 0.465624 0.739057 0.739057 0.739057
4580.787109 0.000000 106.817986 0.000000 0.997766 0.000000 0.066811 0.790118 0.790118 0.790118
4574.196289 0.000000 187.537689 0.000000 0.896514 0.000000 -0.443016 0.866916 0.866916 0.866916
4542.142578 0.000000 125.219330 0.000000 0.957783 0.000000 0.287492 0.753407 0.753407 0.753407
4555.741211 0.000000 163.569519 0.000000 0.915415 0.000000 -0.402512 0.867017 0.867017 0.867017
4605.931152 0.000000 103.088013 0.000000 0.946396 0.000000 -0.323009 0.847297 0.847297 0.847297
4575.587891 0.000000 162.171692 0.000000 0.987062 0.000000 -0.160337 0.820584 0.820584 0.820584
4577.292480 0.000000 102.027351 0.000000 0.702128 0.000000 0.712050 0.698711 0.698711 0.698711
4561.516113 0.000000 152.533981 0.000000 0.673996 0.000000 0.738735 0.678814 0.678814 0.678814
4541.300781 0.000000 104.439095 0.000000 0.901871 0.000000 -0.432006 0.872268 0.872268 0.872268
4554.688965 0.000000 152.382507 0.000000 0.931364 0.000000 -0.364089 0.858798 0.858798 0.858798
4563.417969 0.000000 95.999107 0.000000 0.628236 0.000000 -0.778023 0.919298 0.919298 0.919298
4585.905762 0.000000 161.135559 0.000000 0.878872 0.000000 0.477058 0.735440 0.735440 0.735440
4576.870117 0.000000 176.390106 0.000000 0.999680 0.000000 -0.025299 0.803638 0.803638 0.803638
4537.711914 0.000000 126.672966 0.000000 0.371524 0.000000 0.928423 0.633610 0.633610 0.633610
4542.604004 0.000000 100.434753 0.000000 0.823175 0.000000 -0.567788 0.892859 0.892859 0.892859
4599.488281 0.000000 156.436768 0.000000 0.905480 0.000000 -0.424389 0.865652 0.865652 0.865652
4583.486816 0.000000 160.509552 0.000000 0.345499 0.000000 0.938419 0.641875 0.641875 0.641875
4546.744629 0.000000 163.679977 0.000000 0.958200 0.000000 0.286098 0.747265 0.747265 0.747265
4595.729980 0.000000 191.129227 0.000000 0.385440 0.000000 0.922733 0.652140 0.652140 0.652140
4537.756348 0.000000 175.453018 0.000000 0.927981 0.000000 -0.372627 0.860247 0.860247 0.860247
4591.294922 0.000000 113.806519 0.000000 0.508742 0.000000 0.860919 0.655010 0.655010 0.655010
4582.028320 0.000000 103.241470 0.000000 0.771638 0.000000 -0.636062 0.900511 0.900511 0.900511
4551.500977 0.000000 105.977036 0.000000 0.645827 0.000000 -0.763484 0.911039 0.911039 0.911039
4594.881348 0.000000 168.491394 0.000000 0.971444 0.000000 -0.237271 0.830621 0.830621 0.830621
4554.532715 0.000000 167.662292 0.000000 0.264446 0.000000 0.964400 0.570959 0.570959 0.570959
4555.779297 0.000000 181.757294 0.000000 0.345370 0.000000 0.938467 0.622394 0.622394 0.622394
4598.007324 0.000000 102.437408 0.000000 0.358201 0.000000 0.933645 0.626798 0.626798 0.626798
4586.546387 0.000000 163.609009 0.000000 0.602375 0.000000 0.798213 0.667081 0.667081 0.667081
4557.270996 0.000000 152.929977 0.000000 0.993389 0.000000 -0.114796 0.816315 0.816315 0.816315
4570.813965 0.000000 161.903885 0.000000 0.462535 0.000000 0.886601 0.647618 0.647618 0.647618
4599.765137 0.000000 104.640205 0.000000 0.957047 0.000000 -0.289932 0.845237 0.845237 0.845237
4597.410645 0.000000 155.195419 0.000000 0.729476 0.000000 0.684006 0.694692 0.694692 0.694692
4553.458984 0.000000 144.631866 0.000000 0.238099 0.000000 0.971241 0.621974 0.621974 0.621974
4567.106934 0.000000 119.123222 0.000000 0.856646 0.000000 -0.515904 0.880115 0.880115 0.880115
4583.055664 0.000000 114.327003 0.000000 0.999945 0.000000 0.010507 0.798363 0.798363 0.798363
4544.821777 0.000000 101.350998 0.000000 0.997224 0.000000 0.074462 0.788538 0.788538 0.788538
4566.135742 0.000000 183.592651 0.000000 0.677829 0.000000 0.735220 0.677922 0.677922 0.677922
4554.785645 0.000000 105.296555 0.000000 0.240381 0.000000 -0.970679 0.980364 0.980364 0.980364
4566.910156 0.000000 163.596710 0.000000 0.287317 0.000000 0.957836 0.626246 0.626246 0.626246
4551.348633 0.000000 150.871704 0.000000 0.055429 0.000000 -0.998463 1.005802 1.005802 1.005802
4541.469727 0.000000 120.698868 0.000000 0.558916 0.000000 -0.829224 0.948408 0.948408 0.948408
4587.155762 0.000000 167.883804 0.000000 0.971100 0.000000 -0.238672 0.834656 0.834656 0.834656
4559.076660 0.000000 159.943695 0.000000 0.764637 0.000000 -0.644461 0.906301 0.906301 0.906301
4577.926270 0.000000 108.112617 0.000000 0.405124 0.000000 0.914262 0.627187 0.627187 0.627187
4556.791504 0.000000 159.881470 0.000000 0.959975 0.000000 0.280087 0.756909 0.756909 0.756909
4566.642090 0.000000 113.899620 0.000000 0.578612 0.000000 0.815603 0.664752 0.664752 0.664752
4556.437500 0.000000 146.032562 0.000000 0.136717 0.000000 0.990610 0.602430 0.602430 0.602430
4563.121094 0.000000 160.557129 0.000000 0.601950 0.000000 -0.798534 0.931148 0.931148 0.931148
4580.346191 0.000000 104.679268 0.000000 0.353569 0.000000 -0.935408 0.971499 0.971499 0.971499
4539.950684 0.000000 175.362396 0.000000 0.505006 0.000000 0.863116 0.598246 0.598246 0.598246
4604.245605 0.000000 185.387848 0.000000 0.405911 0.000000 -0.913913 0.977289 0.977289 0.977289
4577.180176 0.000000 190.874756 0.000000 0.463585 0.000000 0.886052 0.639086 0.639086 0.639086
4567.224609 0.000000 178.886444 0.000000 0.092691 0.000000 -0.995695 1.056812 1.056812 1.056812
4538.281250 0.000000 118.020157 0.000000 0.093549 0.000000 -0.995615 1.021261 1.021261 1.021261
4538.514160 0.000000 170.273499 0.000000 0.073669 0.000000 0.997283 0.557811 0.557811 0.557811
4574.899902 0.000000 166.429611 0.000000 0.641953 0.000000 -0.766744 0.927392 0.927392 0.927392
4584.984863 0.000000 104.804016 0.000000 0.727571 0.000000 0.686032 0.680714 0.680714 0.680714
4553.473633 0.000000 98.405655 0.000000 0.211529 0.000000 -0.977372 1.057599 1.057599 1.057599
4567.609863 0.000000 116.263397 0.000000 0.891458 0.000000 0.453104 0.728622 0.728622 0.728622
4560.087891 0.000000 99.331772 0.000000 0.434486 0.000000 -0.900678 1.001560 1.001560 1.001560
4564.153320 0.000000 110.062813 0.000000 0.282588 0.000000 0.959241 0.599925 0.599925 0.599925
4568.067871 0.000000 174.223419 0.000000 0.942131 0.000000 0.335244 0.739232 0.739232 0.739232
4569.228027 0.000000 172.204987 0.000000 0.129573 0.000000 0.991570 0.549637 0.549637 0.549637
4580.028809 0.000000 99.902184 0.000000 0.764537 0.000000 0.644580 0.692276 0.692276 0.692276
4552.431641 0.000000 148.021881 0.000000 0.298899 0.000000 -0.954285 0.994888 0.994888 0.994888
4572.330078 0.000000 103.053589 0.000000 0.793095 0.000000 -0.609098 0.902027 0.902027 0.902027
4584.192871 0.000000 107.132233 0.000000 0.325674 0.000000 -0.945482 0.995503 0.995503 0.995503
4557.017090 0.000000 101.950417 0.000000 0.993560 0.000000 -0.113310 0.819958 0.819958 0.819958
4546.367676 0.000000 98.030807 0.000000 0.814377 0.000000 -0.580336 0.907582 0.907582 0.907582
4547.281250 0.000000 168.025940 0.000000 0.979868 0.000000 -0.199647 0.848976 0.848976 0.848976
4575.273438 0.000000 172.037064 0.000000 0.957714 0.000000 0.287722 0.751037 0.751037 0.751037
4564.977539 0.000000 178.863739 0.000000 0.876177 0.000000 -0.481990 0.884375 0.884375 0.884375
4548.885742 0.000000 164.574478 0.000000 0.399199 0.000000 -0.916864 1.022442 1.022442 1.022442
4540.106445 0.000000 179.244598 0.000000 0.537518 0.000000 -0.843253 0.972330 0.972330 0.972330
4544.114746 0.000000 170.313705 0.000000 0.992457 0.000000 0.122591 0.770054 0.770054 0.770054
4560.584473 0.000000 96.087784 0.000000 0.988256 0.000000 -0.152807 0.826962 0.826962 0.826962
4545.945801 0.000000 178.525803 0.000000 0.970458 0.000000 0.241269 0.756199 0.756199 0.756199
4545.582031 0.000000 165.443359 0.000000 0.034188 0.000000 0.999415 0.505380 0.505380 0.505380
4546.915527 0.000000 174.861465 0.000000 0.280771 0.000000 -0.959775 1.151932 1.151932 1.151932
4543.295898 0.000000 173.975586 0.000000 0.481416 0.000000 0.876492 0.548176 0.548176 0.548176
4550.785645 0.000000 169.274719 0.000000 0.353886 0.000000 0.935289 0.517467 0.517467 0.517467
4440.420898 0.000000 224.462875 0.000000 0.189884 0.000000 -0.981806 0.838580 0.838580 0.838580
4435.881348 0.000000 205.279022 0.000000 0.209849 0.000000 -0.977734 0.840725 0.840725 0.840725
4427.855469 0.000000 282.905853 0.000000 0.085103 0.000000 0.996372 0.728790 0.728790 0.728790
4453.745605 0.000000 273.580139 0.000000 0.683605 0.000000 0.729852 0.755883 0.755883 0.755883
4463.474609 0.000000 244.963058 0.000000 0.308006 0.000000 0.951384 0.744738 0.744738 0.744738
4453.263672 0.000000 253.402405 0.000000 0.928711 0.000000 0.370803 0.781791 0.781791 0.781791
4431.383301 0.000000 250.325333 0.000000 0.978030 0.000000 0.208465 0.788675 0.788675 0.788675
4438.917969 0.000000 215.163834 0.000000 0.956756 0.000000 -0.290891 0.815327 0.815327 0.815327
4452.105957 0.000000 249.108109 0.000000 0.769244 0.000000 -0.638955 0.840147 0.840147 0.840147
4437.755371 0.000000 208.327026 0.000000 0.960682 0.000000 -0.277650 0.815734 0.815734 0.815734
4439.070312 0.000000 232.675781 0.000000 0.472132 0.000000 0.881528 0.735344 0.735344 0.735344
4435.723145 0.000000 260.347931 0.000000 0.856109 0.000000 -0.516796 0.835795 0.835795 0.835795
4453.821777 0.000000 259.438232 0.000000 0.332525 0.000000 0.943094 0.701591 0.701591 0.701591
4438.291504 0.000000 196.168411 0.000000 0.638489 0.000000 0.769631 0.735098 0.735098 0.735098
4432.282715 0.000000 245.518677 0.000000 0.277799 0.000000 -0.960639 0.895276 0.895276 0.895276
4441.392578 0.000000 192.064941 0.000000 0.937041 0.000000 0.349218 0.773638 0.773638 0.773638
4429.596191 0.000000 269.188812 0.000000 0.548816 0.000000 0.835943 0.734760 0.734760 0.734760
4446.765625 0.000000 278.926300 0.000000 0.012606 0.000000 -0.999921 0.908923 0.908923 0.908923
4449.476074 0.000000 195.361694 0.000000 0.233367 0.000000 -0.972389 0.922674 0.922674 0.922674
4442.061035 0.000000 221.052673 0.000000 0.892429 0.000000 0.451188 0.762604 0.762604 0.762604
4440.266602 0.000000 198.578735 0.000000 0.680023 0.000000 -0.733191 0.882187 0.882187 0.882187
4460.238770 0.000000 202.916641 0.000000 0.095633 0.000000 -0.995417 0.920784 0.920784 0.920784
4428.189941 0.000000 272.798309 0.000000 0.992261 0.000000 -0.124167 0.810940 0.810940 0.810940
4430.351562 0.000000 286.771210 0.000000 0.999110 0.000000 -0.042184 0.803540 0.803540 0.803540
4437.621582 0.000000 254.159668 0.000000 0.293098 0.000000 -0.956082 0.939873 0.939873 0.939873
4458.250977 0.000000 241.518646 0.000000 0.791803 0.000000 -0.610776 0.868238 0.868238 0.868238
4444.702148 0.000000 195.172516 0.000000 0.253488 0.000000 -0.967339 0.912892 0.912892 0.912892
4451.564453 0.000000 271.386475 0.000000 0.324937 0.000000 0.945736 0.695996 0.695996 0.695996
4462.076172 0.000000 226.089050 0.000000 0.334875 0.000000 0.942262 0.701790 0.701790 0.701790
4440.999512 0.000000 264.597900 0.000000 0.170194 0.000000 0.985411 0.635055 0.635055 0.635055
4440.125488 0.000000 212.396332 0.000000 0.861962 0.000000 -0.506973 0.854155 0.854155 0.854155
4435.211914 0.000000 245.246353 0.000000 0.972072 0.000000 -0.234684 0.822237 0.822237 0.822237
4459.158203 0.000000 196.934021 0.000000 0.418788 0.000000 0.908084 0.677192 0.677192 0.677192
4451.971680 0.000000 244.378464 0.000000 0.662693 0.000000 0.748891 0.710407 0.710407 0.710407
4454.983887 0.000000 195.696976 0.000000 0.097472 0.000000 0.995238 0.635233 0.635233 0.635233
4443.981445 0.000000 197.852295 0.000000 0.995820 0.000000 0.091337 0.790684 0.790684 0.790684
4460.196777 0.000000 239.430939 0.000000 0.592058 0.000000 -0.805896 0.893589 0.893589 0.893589
4438.455566 0.000000 204.514648 0.000000 0.801393 0.000000 0.598138 0.737252 0.737252 0.737252
4451.380371 0.000000 267.196320 0.000000 0.911537 0.000000 -0.411217 0.845706 0.845706 0.845706
4459.353516 0.000000 205.962067 0.000000 0.765436 0.000000 0.643512 0.719019 0.719019 0.719019
4445.874512 0.000000 273.225983 0.000000 0.332647 0.000000 0.943051 0.659782 0.659782 0.659782
4462.365723 0.000000 193.926666 0.000000 0.901315 0.000000 0.433165 0.738261 0.738261 0.738261
4444.762207 0.000000 262.163544 0.000000 0.344367 0.000000 0.938835 0.624673 0.624673 0.624673
4442.344238 0.000000 270.236542 0.000000 0.966811 0.000000 0.255494 0.762848 0.762848 0.762848
4451.189453 0.000000 231.803650 0.000000 0.687336 0.000000 0.726339 0.712319 0.712319 0.712319
4459.284668 0.000000 230.927231 0.000000 0.354248 0.000000 -0.935152 0.954498 0.954498 0.954498
4452.551270 0.000000 234.167191 0.000000 0.818656 0.000000 -0.574284 0.878193 0.878193 0.878193
4447.436523 0.000000 245.393372 0.000000 0.242513 0.000000 -0.970148 0.956233 0.956233 0.956233
4439.501953 0.000000 269.267822 0.000000 0.831058 0.000000 0.556186 0.723433 0.723433 0.723433
4442.677734 0.000000 211.503098 0.000000 0.174171 0.000000 0.984715 0.582566 0.582566 0.582566
4444.889160 0.000000 237.767456 0.000000 0.282014 0.000000 0.959410 0.651157 0.651157 0.651157
4447.332031 0.000000 270.346741 0.000000 0.775016 0.000000 0.631942 0.722125 0.722125 0.722125
4442.719238 0.000000 239.156464 0.000000 0.977013 0.000000 -0.213181 0.828747 0.828747 0.828747
4439.068848 0.000000 241.606720 0.000000 0.986442 0.000000 -0.164109 0.821072 0.821072 0.821072
4443.703125 0.000000 255.539368 0.000000 0.698101 0.000000 -0.716000 0.916355 0.916355 0.916355
4454.157715 0.000000 239.534088 0.000000 0.228044 0.000000 0.973651 0.609879 0.609879 0.609879
4442.272949 0.000000 202.749054 0.000000 0.929774 0.000000 -0.368132 0.857978 0.857978 0.857978
4460.642578 0.000000 210.773682 0.000000 0.570206 0.000000 0.821502 0.672923 0.672923 0.672923
4456.982910 0.000000 192.139893 0.000000 0.755771 0.000000 0.654836 0.711591 0.711591 0.711591
4437.625488 0.000000 280.868988 0.000000 0.469234 0.000000 0.883074 0.637868 0.637868 0.637868
4442.372070 0.000000 280.245850 0.000000 0.956767 0.000000 0.290855 0.765224 0.765224 0.765224
4440.559082 0.000000 274.173248 0.000000 0.834518 0.000000 -0.550981 0.872259 0.872259 0.872259
4454.644043 0.000000 220.400604 0.000000 0.967446 0.000000 -0.253079 0.839348 0.839348 0.839348
4447.196289 0.000000 263.123657 0.000000 0.822230 0.000000 0.569156 0.703257 0.703257 0.703257
4459.507324 0.000000 221.692078 0.000000 0.996720 0.000000 -0.080929 0.810032 0.810032 0.810032
4443.449707 0.000000 266.237244 0.000000 0.968854 0.000000 0.247631 0.763017 0.763017 0.763017
4441.921387 0.000000 257.119934 0.000000 0.971282 0.000000 0.237929 0.765934 0.765934 0.765934
4432.885742 0.000000 272.374481 0.000000 0.594441 0.000000 -0.804139 0.917550 0.917550 0.917550
4439.623535 0.000000 277.841370 0.000000 0.091274 0.000000 -0.995826 0.989101 0.989101 0.989101
4456.640625 0.000000 227.524796 0.000000 0.013546 0.000000 -0.999908 1.011494 1.011494 1.011494
4451.312500 0.000000 222.748779 0.000000 0.254450 0.000000 0.967086 0.613738 0.613738 0.613738
4442.562012 0.000000 259.593384 0.000000 0.662831 0.000000 0.748769 0.674935 0.674935 0.674935
4455.780762 0.000000 200.624588 0.000000 0.233909 0.000000 -0.972258 0.975937 0.975937 0.975937
4438.853027 0.000000 249.152771 0.000000 0.060368 0.000000 -0.998176 1.017196 1.017196 1.017196
4454.818848 0.000000 229.462341 0.000000 0.250498 0.000000 0.968117 0.600001 0.600001 0.600001
4445.287598 0.000000 200.704468 0.000000 0.990017 0.000000 -0.140947 0.823161 0.823161 0.823161
4451.857910 0.000000 199.118088 0.000000 0.602772 0.000000 0.797914 0.656082 0.656082 0.656082
4460.586426 0.000000 217.529572 0.000000 0.941956 0.000000 0.335736 0.748713 0.748713 0.748713
4452.213867 0.000000 202.343094 0.000000 0.956886 0.000000 0.290464 0.750557 0.750557 0.750557
4458.348633 0.000000 211.001556 0.000000 0.340292 0.000000 -0.940320 0.985726 0.985726 0.985726
4451.193359 0.000000 215.664917 0.000000 0.665971 0.000000 0.745978 0.618379 0.618379 0.618379
4457.364258 0.000000 217.608902 0.000000 0.489824 0.000000 -0.871821 1.005144 1.005144 1.005144
4444.312012 0.000000 202.634735 0.000000 0.908588 0.000000 -0.417693 0.876595 0.876595 0.876595
4452.169922 0.000000 205.821365 0.000000 0.940007 0.000000 0.341156 0.734639 0.734639 0.734639
4448.423828 0.000000 206.571426 0.000000 0.892438 0.000000 0.451171 0.688751 0.688751 0.688751
4450.728516 0.000000 207.268173 0.000000 0.000302 0.000000 1.000000 0.439285 0.439285 0.439285
4458.070312 0.000000 214.335297 0.000000 0.177996 0.000000 0.984031 0.555373 0.555373 0.555373
4453.504395 0.000000 221.978485 0.000000 0.425688 0.000000 -0.904870 1.010089 1.010089 1.010089
4448.291992 0.000000 202.770798 0.000000 0.510075 0.000000 0.860130 0.597317 0.597317 0.597317
4454.347168 0.000000 216.478851 0.000000 0.957136 0.000000 -0.289639 0.857515 0.857515 0.857515
4455.235352 0.000000 213.560623 0.000000 0.920234 0.000000 0.391369 0.718884 0.718884 0.718884
4445.314453 0.000000 208.248276 0.000000 0.149775 0.000000 0.988720 0.513464 0.513464 0.513464
4451.881348 0.000000 213.163300 0.000000 0.418135 0.000000 0.908385 0.545126 0.545126 0.545126
4453.720215 0.000000 218.788834 0.000000 0.879395 0.000000 -0.476092 0.902077 0.902077 0.902077
4451.719727 0.000000 204.087738 0.000000 0.301752 0.000000 0.953386 0.539921 0.539921 0.539921
4447.613281 0.000000 208.102188 0.000000 0.015339 0.000000 -0.999882 1.172794 1.172794 1.172794
4443.154297 0.000000 296.464111 0.000000 0.978828 0.000000 -0.204683 0.806176 0.806176 0.806176
4438.789062 0.000000 297.394470 0.000000 0.865475 0.000000 -0.500953 0.820959 0.820959 0.820959
4435.436035 0.000000 289.419556 0.000000 0.052348 0.000000 0.998629 0.627139 0.627139 0.627139
4467.690430 0.000000 243.504776 0.000000 0.197703 0.000000 0.980262 0.769862 0.769862 0.769862
4529.023438 0.000000 212.637787 0.000000 0.290447 0.000000 -0.956891 0.863717 0.863717 0.863717
4464.600098 0.000000 241.512360 0.000000 0.999743 0.000000 0.022679 0.798822 0.798822 0.798822
4479.052734 0.000000 223.194336 0.000000 0.666711 0.000000 -0.745316 0.853750 0.853750 0.853750
4495.046387 0.000000 201.650879 0.000000 0.268825 0.000000 -0.963189 0.898559 0.898559 0.898559
4517.836426 0.000000 215.953293 0.000000 0.326939 0.000000 -0.945045 0.884050 0.884050 0.884050
4509.747559 0.000000 208.327026 0.000000 0.937929 0.000000 -0.346827 0.826174 0.826174 0.826174
4534.496094 0.000000 209.060776 0.000000 0.116619 0.000000 0.993177 0.678040 0.678040 0.678040
4475.165527 0.000000 205.357269 0.000000 0.993937 0.000000 0.109951 0.791418 0.791418 0.791418
4463.643555 0.000000 200.983475 0.000000 0.255013 0.000000 0.966937 0.705599 0.705599 0.705599
4521.468262 0.000000 195.361694 0.000000 0.561525 0.000000 -0.827460 0.875911 0.875911 0.875911
4521.771484 0.000000 198.777802 0.000000 0.770543 0.000000 0.637388 0.730985 0.730985 0.730985
4532.230957 0.000000 202.916641 0.000000 0.432272 0.000000 -0.901743 0.912223 0.912223 0.912223
4502.713867 0.000000 194.618912 0.000000 0.949516 0.000000 -0.313718 0.824856 0.824856 0.824856
4474.216309 0.000000 209.520508 0.000000 0.625399 0.000000 0.780305 0.707033 0.707033 0.707033
4516.694336 0.000000 195.172516 0.000000 0.599879 0.000000 0.800091 0.705531 0.705531 0.705531
4488.503906 0.000000 218.685577 0.000000 0.966904 0.000000 -0.255139 0.825248 0.825248 0.825248
4496.104980 0.000000 207.494156 0.000000 0.338077 0.000000 0.941119 0.682474 0.682474 0.682474
4469.528320 0.000000 208.234879 0.000000 0.992509 0.000000 0.122175 0.788258 0.788258 0.788258
4523.823242 0.000000 193.657501 0.000000 0.951244 0.000000 0.308441 0.773072 0.773072 0.773072
4469.678223 0.000000 218.893860 0.000000 0.293100 0.000000 -0.956082 0.952589 0.952589 0.952589
4489.750000 0.000000 196.916824 0.000000 0.066188 0.000000 0.997807 0.664777 0.664777 0.664777
4515.973633 0.000000 197.852295 0.000000 0.977570 0.000000 -0.210610 0.827548 0.827548 0.827548
4477.601562 0.000000 217.906921 0.000000 0.619271 0.000000 -0.785177 0.919029 0.919029 0.919029
4519.450195 0.000000 200.104904 0.000000 0.989958 0.000000 -0.141362 0.815864 0.815864 0.815864
4492.404297 0.000000 200.830505 0.000000 0.190733 0.000000 -0.981642 0.926682 0.926682 0.926682
4510.447754 0.000000 204.514648 0.000000 0.431845 0.000000 0.901948 0.672011 0.672011 0.672011
4494.928711 0.000000 204.884552 0.000000 0.637517 0.000000 -0.770436 0.891344 0.891344 0.891344
4531.345703 0.000000 205.962067 0.000000 0.999431 0.000000 -0.033720 0.803301 0.803301 0.803301
4534.357910 0.000000 193.926666 0.000000 0.993280 0.000000 0.115732 0.786332 0.786332 0.786332
4492.605469 0.000000 210.652267 0.000000 0.984117 0.000000 0.177522 0.774693 0.774693 0.774693
4481.197266 0.000000 215.982849 0.000000 0.945401 0.000000 0.325910 0.751599 0.751599 0.751599
4482.666504 0.000000 211.473114 0.000000 0.439971 0.000000 -0.898012 0.951462 0.951462 0.951462
4487.125977 0.000000 199.830002 0.000000 0.561638 0.000000 -0.827383 0.916770 0.916770 0.916770
4507.428223 0.000000 193.435165 0.000000 0.978561 0.000000 0.205956 0.774313 0.774313 0.774313
4511.671875 0.000000 194.112991 0.000000 0.719031 0.000000 -0.694978 0.919703 0.919703 0.919703
4519.747070 0.000000 204.640640 0.000000 0.647437 0.000000 -0.762119 0.926346 0.926346 0.926346
4468.740723 0.000000 197.982285 0.000000 0.999724 0.000000 -0.023510 0.803334 0.803334 0.803334
4488.959961 0.000000 203.153168 0.000000 0.073979 0.000000 -0.997260 1.000288 1.000288 1.000288
4514.265137 0.000000 202.749054 0.000000 0.650620 0.000000 0.759403 0.667374 0.667374 0.667374
4480.614746 0.000000 213.403778 0.000000 0.263149 0.000000 -0.964755 0.998012 0.998012 0.998012
4528.975098 0.000000 192.139893 0.000000 0.715139 0.000000 -0.698982 0.912844 0.912844 0.912844
4483.606445 0.000000 205.786697 0.000000 0.592727 0.000000 0.805404 0.682182 0.682182 0.682182
4466.380371 0.000000 197.522827 0.000000 0.722419 0.000000 -0.691456 0.897593 0.897593 0.897593
4490.646973 0.000000 207.603256 0.000000 0.898091 0.000000 0.439810 0.732696 0.732696 0.732696
4487.929199 0.000000 215.110229 0.000000 0.955312 0.000000 0.295598 0.758047 0.758047 0.758047
4470.611816 0.000000 196.419128 0.000000 0.932363 0.000000 0.361523 0.744591 0.744591 0.744591
4532.108887 0.000000 194.642105 0.000000 0.039125 0.000000 0.999234 0.601159 0.601159 0.601159
4476.237793 0.000000 210.602798 0.000000 0.429561 0.000000 0.903038 0.655970 0.655970 0.655970
4519.302734 0.000000 209.790894 0.000000 0.989980 0.000000 0.141205 0.780758 0.780758 0.780758
4510.036133 0.000000 199.225861 0.000000 0.572075 0.000000 -0.820201 0.938303 0.938303 0.938303
4479.508789 0.000000 201.961426 0.000000 0.102318 0.000000 0.994752 0.585924 0.585924 0.585924
4526.015137 0.000000 198.421783 0.000000 0.474443 0.000000 -0.880286 0.967697 0.967697 0.967697
4482.660156 0.000000 198.617645 0.000000 0.762353 0.000000 -0.647161 0.918084 0.918084 0.918084
4527.772949 0.000000 200.624588 0.000000 0.262920 0.000000 0.964818 0.594134 0.594134 0.594134
4484.728027 0.000000 212.395676 0.000000 0.344309 0.000000 -0.938856 0.992382 0.992382 0.992382
4466.289062 0.000000 214.004547 0.000000 0.948011 0.000000 0.318237 0.750840 0.750840 0.750840
4470.411621 0.000000 194.286102 0.000000 0.999460 0.000000 -0.032871 0.805910 0.805910 0.805910
4512.992676 0.000000 200.788391 0.000000 0.677940 0.000000 -0.735118 0.927004 0.927004 0.927004
4477.859375 0.000000 192.003296 0.000000 0.163215 0.000000 -0.986591 1.097840 1.097840 1.097840
4481.481445 0.000000 194.390045 0.000000 0.295461 0.000000 -0.955355 1.025900 1.025900 1.025900
4524.206055 0.000000 202.343094 0.000000 0.362115 0.000000 0.932133 0.608224 0.608224 0.608224
4474.375488 0.000000 194.015198 0.000000 0.320640 0.000000 0.947201 0.558921 0.558921 0.558921
4479.600098 0.000000 195.591339 0.000000 0.700928 0.000000 0.713232 0.644572 0.644572 0.644572
4558.247559 0.000000 236.359329 0.000000 0.997250 0.000000 0.074111 0.798667 0.798667 0.798667
4547.566895 0.000000 224.378723 0.000000 0.088003 0.000000 -0.996120 0.832574 0.832574 0.832574
4564.269531 0.000000 197.970749 0.000000 0.571884 0.000000 -0.820334 0.828820 0.828820 0.828820
4566.991699 0.000000 246.943298 0.000000 0.319923 0.000000 0.947443 0.757723 0.757723 0.757723
4571.871582 0.000000 251.773865 0.000000 0.442823 0.000000 0.896609 0.757800 0.757800 0.757800
4593.280762 0.000000 216.826447 0.000000 0.855704 0.000000 -0.517466 0.821725 0.821725 0.821725
4597.729980 0.000000 273.580139 0.000000 0.999692 0.000000 0.024815 0.798860 0.798860 0.798860
4565.144531 0.000000 208.119659 0.000000 0.657590 0.000000 -0.753376 0.835784 0.835784 0.835784
4540.327148 0.000000 195.534500 0.000000 0.756530 0.000000 -0.653959 0.837015 0.837015 0.837015
4607.458984 0.000000 244.963058 0.000000 0.893647 0.000000 -0.448771 0.825096 0.825096 0.825096
4597.540039 0.000000 204.193939 0.000000 0.075922 0.000000 -0.997114 0.874637 0.874637 0.874637
4548.153809 0.000000 220.562057 0.000000 0.067782 0.000000 -0.997700 0.899059 0.899059 0.899059
4575.367676 0.000000 250.325333 0.000000 0.924689 0.000000 -0.380723 0.826523 0.826523 0.826523
4591.631836 0.000000 242.422928 0.000000 0.847925 0.000000 0.530116 0.760942 0.760942 0.760942
4554.540527 0.000000 203.622253 0.000000 0.331635 0.000000 0.943408 0.721212 0.721212 0.721212
4551.044922 0.000000 223.194336 0.000000 0.992770 0.000000 0.120032 0.791829 0.791829 0.791829
4596.090332 0.000000 249.108109 0.000000 0.917522 0.000000 -0.397686 0.830224 0.830224 0.830224
4594.174316 0.000000 205.332153 0.000000 0.795209 0.000000 -0.606336 0.836431 0.836431 0.836431
4584.258789 0.000000 258.825409 0.000000 0.906049 0.000000 0.423174 0.764220 0.764220 0.764220
4578.502930 0.000000 201.983887 0.000000 0.766979 0.000000 -0.641672 0.858440 0.858440 0.858440
4543.627930 0.000000 216.069992 0.000000 0.346048 0.000000 0.938217 0.702739 0.702739 0.702739
4587.179199 0.000000 218.010559 0.000000 0.966174 0.000000 0.257892 0.783329 0.783329 0.783329
4562.453613 0.000000 212.075653 0.000000 0.678814 0.000000 0.734310 0.730825 0.730825 0.730825
4600.754883 0.000000 271.638062 0.000000 0.995522 0.000000 0.094534 0.791680 0.791680 0.791680
4592.638184 0.000000 265.070129 0.000000 0.999349 0.000000 0.036077 0.796829 0.796829 0.796829
4566.374512 0.000000 240.008713 0.000000 0.691580 0.000000 0.722300 0.740355 0.740355 0.740355
4549.395508 0.000000 201.052933 0.000000 0.474348 0.000000 0.880338 0.724744 0.724744 0.724744
4535.934570 0.000000 207.168457 0.000000 0.705569 0.000000 0.708641 0.726071 0.726071 0.726071
4606.242676 0.000000 282.288879 0.000000 0.070155 0.000000 -0.997536 0.913887 0.913887 0.913887
4604.223145 0.000000 202.916641 0.000000 0.521749 0.000000 -0.853099 0.906130 0.906130 0.906130
4564.080078 0.000000 233.321609 0.000000 0.885214 0.000000 0.465184 0.748784 0.748784 0.748784
4558.880859 0.000000 229.915161 0.000000 0.334389 0.000000 -0.942435 0.917902 0.917902 0.917902
4581.605957 0.000000 254.159668 0.000000 0.840266 0.000000 -0.542174 0.849212 0.849212 0.849212
4539.176758 0.000000 211.991882 0.000000 0.717045 0.000000 -0.697027 0.870856 0.870856 0.870856
4586.828613 0.000000 233.756256 0.000000 0.536031 0.000000 -0.844198 0.914420 0.914420 0.914420
4603.142578 0.000000 196.934021 0.000000 0.390051 0.000000 -0.920793 0.921523 0.921523 0.921523
4568.876465 0.000000 238.766403 0.000000 0.771581 0.000000 0.636131 0.729771 0.729771 0.729771
4555.222656 0.000000 220.786591 0.000000 0.034775 0.000000 -0.999395 0.977932 0.977932 0.977932
4590.884277 0.000000 223.755295 0.000000 0.023416 0.000000 -0.999726 0.942162 0.942162 0.942162
4537.621582 0.000000 195.212158 0.000000 0.175681 0.000000 -0.984447 0.925305 0.925305 0.925305
4549.593750 0.000000 217.906921 0.000000 0.999641 0.000000 -0.026799 0.802569 0.802569 0.802569
4591.442383 0.000000 200.104904 0.000000 0.756761 0.000000 0.653691 0.727430 0.727430 0.727430
4592.558594 0.000000 226.870163 0.000000 0.187908 0.000000 0.982187 0.626138 0.626138 0.626138
4578.736816 0.000000 235.857910 0.000000 0.430724 0.000000 -0.902484 0.919138 0.919138 0.919138
4590.551270 0.000000 251.293915 0.000000 0.760587 0.000000 -0.649237 0.893140 0.893140 0.893140
4553.189453 0.000000 215.982849 0.000000 0.946271 0.000000 -0.323374 0.846037 0.846037 0.846037
4571.578125 0.000000 240.812744 0.000000 0.430933 0.000000 -0.902384 0.921361 0.921361 0.921361
4580.304688 0.000000 249.880066 0.000000 0.586831 0.000000 0.809709 0.677494 0.677494 0.677494
4583.963867 0.000000 229.507553 0.000000 0.270505 0.000000 -0.962718 0.981312 0.981312 0.981312
4596.520508 0.000000 229.207367 0.000000 0.408754 0.000000 0.912645 0.636967 0.636967 0.636967
4554.658691 0.000000 211.473114 0.000000 0.478925 0.000000 -0.877856 0.945505 0.945505 0.945505
4544.117188 0.000000 213.381958 0.000000 0.341569 0.000000 -0.939857 0.953786 0.953786 0.953786
4595.173828 0.000000 231.803650 0.000000 0.700690 0.000000 -0.713466 0.915827 0.915827 0.915827
4603.269043 0.000000 230.927231 0.000000 0.999208 0.000000 -0.039790 0.805008 0.805008 0.805008
4596.535645 0.000000 234.167191 0.000000 0.999922 0.000000 0.012471 0.798331 0.798331 0.798331
4578.864746 0.000000 230.782654 0.000000 0.999646 0.000000 0.026618 0.796916 0.796916 0.796916
4574.418945 0.000000 227.954269 0.000000 0.997349 0.000000 0.072772 0.788508 0.788508 0.788508
4583.664062 0.000000 194.112991 0.000000 0.849012 0.000000 0.528374 0.714389 0.714389 0.714389
4568.013184 0.000000 217.590286 0.000000 0.860738 0.000000 0.509049 0.740266 0.740266 0.740266
4583.053223 0.000000 241.606720 0.000000 0.523293 0.000000 -0.852153 0.920204 0.920204 0.920204
4587.701660 0.000000 225.856613 0.000000 0.614847 0.000000 0.788646 0.685674 0.685674 0.685674
4587.687500 0.000000 255.539368 0.000000 0.997019 0.000000 -0.077163 0.809873 0.809873 0.809873
4598.827148 0.000000 266.976501 0.000000 0.996714 0.000000 -0.081002 0.809070 0.809070 0.809070
4598.142090 0.000000 239.534088 0.000000 0.929858 0.000000 0.367919 0.757107 0.757107 0.757107
4603.311035 0.000000 258.572754 0.000000 0.730169 0.000000 -0.683266 0.887138 0.887138 0.887138
4603.921387 0.000000 268.254089 0.000000 0.302307 0.000000 0.953211 0.651091 0.651091 0.651091
4552.606934 0.000000 213.403778 0.000000 0.450392 0.000000 0.892831 0.628077 0.628077 0.628077
4600.967285 0.000000 192.139893 0.000000 0.613762 0.000000 -0.789491 0.936308 0.936308 0.936308
4600.059082 0.000000 232.124710 0.000000 0.722605 0.000000 0.691261 0.685673 0.685673 0.685673
4567.874512 0.000000 231.009796 0.000000 0.678075 0.000000 -0.734993 0.915432 0.915432 0.915432
4603.491699 0.000000 221.692078 0.000000 0.953338 0.000000 -0.301904 0.837364 0.837364 0.837364
4592.643555 0.000000 232.050690 0.000000 0.991386 0.000000 0.130969 0.782162 0.782162 0.782162
4577.862793 0.000000 224.403198 0.000000 0.997080 0.000000 -0.076363 0.810534 0.810534 0.810534
4576.974609 0.000000 240.054138 0.000000 0.047566 0.000000 0.998868 0.559665 0.559665 0.559665
4559.921387 0.000000 215.110229 0.000000 0.292701 0.000000 0.956204 0.634642 0.634642 0.634642
4604.101074 0.000000 194.642105 0.000000 0.999999 0.000000 -0.001048 0.800138 0.800138 0.800138
4600.625000 0.000000 227.524796 0.000000 0.755510 0.000000 0.655137 0.698700 0.698700 0.698700
4548.229980 0.000000 210.602798 0.000000 0.587156 0.000000 0.809474 0.662475 0.662475 0.662475
4598.808105 0.000000 237.357773 0.000000 0.620894 0.000000 -0.783894 0.913358 0.913358 0.913358
4569.838867 0.000000 225.068497 0.000000 0.634306 0.000000 -0.773082 0.955314 0.955314 0.955314
4597.235352 0.000000 261.680206 0.000000 0.999335 0.000000 -0.036476 0.805392 0.805392 0.805392
4566.139160 0.000000 219.089447 0.000000 0.284131 0.000000 -0.958786 0.989577 0.989577 0.989577
4557.113281 0.000000 218.727325 0.000000 0.701411 0.000000 0.712757 0.685905 0.685905 0.685905
4571.407715 0.000000 234.987869 0.000000 0.700786 0.000000 0.713372 0.688952 0.688952 0.688952
4582.837402 0.000000 249.152771 0.000000 0.201499 0.000000 0.979489 0.603293 0.603293 0.603293
4598.803223 0.000000 229.462341 0.000000 0.809481 0.000000 0.587146 0.698481 0.698481 0.698481
4563.338379 0.000000 221.908096 0.000000 0.365491 0.000000 -0.930815 1.015097 1.015097 1.015097
4557.462891 0.000000 214.432404 0.000000 0.234844 0.000000 -0.972033 0.997121 0.997121 0.997121
4565.768066 0.000000 225.664337 0.000000 0.865288 0.000000 -0.501275 0.894382 0.894382 0.894382
4573.724609 0.000000 225.405594 0.000000 0.225611 0.000000 -0.974217 1.006571 1.006571 1.006571
4569.756348 0.000000 227.197784 0.000000 0.440418 0.000000 -0.897793 1.000375 1.000375 1.000375
4567.565430 0.000000 228.738785 0.000000 0.490624 0.000000 0.871371 0.628842 0.628842 0.628842
4580.596680 0.000000 227.388550 0.000000 0.582123 0.000000 0.813101 0.652089 0.652089 0.652089
4561.470215 0.000000 220.657257 0.000000 0.573174 0.000000 -0.819434 0.972637 0.972637 0.972637
2723.629395 0.000000 2080.576660 0.000000 0.321540 0.000000 -0.946896 1.433279 1.433279 1.433279
2697.558350 0.000000 2098.800293 0.000000 0.272885 0.000000 0.962047 0.753466 0.753466 0.753466
2733.727539 0.000000 2060.839111 0.000000 0.335496 0.000000 -0.942042 0.844171 0.844171 0.844171
2698.843262 0.000000 2087.926270 0.000000 0.358200 0.000000 0.933645 0.186575 0.186575 0.186575
2686.096191 0.000000 2081.486572 0.000000 0.855645 0.000000 -0.517563 0.827162 0.827162 0.827162
2690.264160 0.000000 2089.321045 0.000000 0.143579 0.000000 0.989639 0.073378 0.073378 0.073378
2732.975342 0.000000 2080.142090 0.000000 0.517068 0.000000 0.855944 0.748702 0.748702 0.748702
2734.009766 0.000000 2065.204590 0.000000 0.995006 0.000000 -0.099819 0.806191 0.806191 0.806191
2701.463623 0.000000 2081.862061 0.000000 0.258211 0.000000 -0.966089 1.406828 1.406828 1.406828
2719.815186 0.000000 2080.787842 0.000000 0.999620 0.000000 0.027561 0.785961 0.785961 0.785961
2668.037598 0.000000 2104.742920 0.000000 0.650984 0.000000 0.759092 0.748356 0.748356 0.748356
2726.009033 0.000000 2083.141357 0.000000 0.588295 0.000000 0.808647 0.386159 0.386159 0.386159
2703.180176 0.000000 2104.947510 0.000000 0.998609 0.000000 0.052726 0.795891 0.795891 0.795891
2692.355469 0.000000 2085.291748 0.000000 0.943557 0.000000 0.331211 0.628069 0.628069 0.628069
2701.075684 0.000000 2085.425049 0.000000 0.239217 0.000000 0.970966 0.123025 0.123025 0.123025
2687.385010 0.000000 2087.732178 0.000000 0.938752 0.000000 -0.344593 0.979173 0.979173 0.979173
2699.390137 0.000000 2090.908203 0.000000 0.997392 0.000000 -0.072173 0.834337 0.834337 0.834337
2709.809326 0.000000 2077.862793 0.000000 0.481839 0.000000 -0.876260 1.237293 1.237293 1.237293
2695.321533 0.000000 2085.573730 0.000000 0.841403 0.000000 0.540408 0.509232 0.509232 0.509232
2726.793457 0.000000 2079.717041 0.000000 0.475505 0.000000 -0.879713 1.347625 1.347625 1.347625
2721.626953 0.000000 2078.303467 0.000000 0.219254 0.000000 -0.975668 1.487420 1.487420 1.487420
2713.235107 0.000000 2073.218262 0.000000 0.227358 0.000000 -0.973811 0.923241 0.923241 0.923241
2721.863525 0.000000 2083.186279 0.000000 0.147879 0.000000 0.989005 0.092636 0.092636 0.092636
2692.545166 0.000000 2090.947266 0.000000 0.281879 0.000000 -0.959450 1.356939 1.356939 1.356939
2670.754639 0.000000 2104.084473 0.000000 0.294810 0.000000 0.955556 0.642547 0.642547 0.642547
2696.780273 0.000000 2089.621582 0.000000 0.972725 0.000000 0.231962 0.694803 0.694803 0.694803
2705.415771 0.000000 2091.163330 0.000000 0.895549 0.000000 -0.444964 1.015512 1.015512 1.015512
2716.949707 0.000000 2085.866699 0.000000 0.767688 0.000000 -0.640824 1.102850 1.102850 1.102850
2707.500244 0.000000 2079.003906 0.000000 0.966170 0.000000 0.257906 0.671316 0.671316 0.671316
2714.531738 0.000000 2093.939697 0.000000 0.574220 0.000000 0.818701 0.424534 0.424534 0.424534
2669.696289 0.000000 2110.732666 0.000000 0.016657 0.000000 0.999861 0.008484 0.008484 0.008484
2711.689453 0.000000 2092.971191 0.000000 0.549152 0.000000 -0.835722 1.167566 1.167566 1.167566
2684.973633 0.000000 2088.307861 0.000000 0.942446 0.000000 -0.334358 0.973631 0.973631 0.973631
2725.180176 0.000000 2100.580811 0.000000 0.591249 0.000000 0.806489 0.661340 0.661340 0.661340
2686.367432 0.000000 2084.046387 0.000000 0.873142 0.000000 -0.487466 1.025766 1.025766 1.025766
2726.442383 0.000000 2071.559814 0.000000 0.584671 0.000000 -0.811271 0.939862 0.939862 0.939862
2716.482666 0.000000 2102.552979 0.000000 0.587826 0.000000 -0.808988 0.946816 0.946816 0.946816
2715.890381 0.000000 2079.242676 0.000000 0.035392 0.000000 -0.999373 1.413311 1.413311 1.413311
2731.598877 0.000000 2096.679443 0.000000 0.101023 0.000000 -0.994884 0.970238 0.970238 0.970238
2701.378662 0.000000 2087.841064 0.000000 0.016295 0.000000 0.999867 0.008299 0.008299 0.008299
2714.559326 0.000000 2103.948975 0.000000 0.408069 0.000000 -0.912951 0.976926 0.976926 0.976926
2694.189453 0.000000 2094.192139 0.000000 0.991356 0.000000 0.131202 0.782655 0.782655 0.782655
2719.384033 0.000000 2086.826904 0.000000 0.787123 0.000000 0.616796 0.539811 0.539811 0.539811
2671.377441 0.000000 2106.725342 0.000000 0.990225 0.000000 -0.139482 0.850308 0.850308 0.850308
2715.637207 0.000000 2089.940430 0.000000 0.859634 0.000000 0.510910 0.587941 0.587941 0.587941
2703.791260 0.000000 2081.859375 0.000000 0.655302 0.000000 0.755367 0.372484 0.372484 0.372484
2692.112061 0.000000 2087.712646 0.000000 0.390072 0.000000 0.920785 0.204080 0.204080 0.204080
2727.691650 0.000000 2076.124268 0.000000 0.134768 0.000000 -0.990877 1.531154 1.531154 1.531154
2697.563477 0.000000 2086.011230 0.000000 0.513235 0.000000 0.858248 0.274485 0.274485 0.274485
2724.504150 0.000000 2070.339600 0.000000 0.010764 0.000000 -0.999942 1.027450 1.027450 1.027450
2721.291992 0.000000 2102.338867 0.000000 0.864291 0.000000 -0.502992 0.867370 0.867370 0.867370
2723.084473 0.000000 2088.178955 0.000000 0.612535 0.000000 -0.790443 1.109493 1.109493 1.109493
2707.364990 0.000000 2094.565918 0.000000 0.256810 0.000000 0.966462 0.378416 0.378416 0.378416
2699.017334 0.000000 2081.591553 0.000000 0.975941 0.000000 0.218034 0.715275 0.715275 0.715275
2725.613770 0.000000 2074.883057 0.000000 0.980483 0.000000 0.196602 0.699215 0.699215 0.699215
2689.639404 0.000000 2087.122803 0.000000 0.334840 0.000000 -0.942275 1.426108 1.426108 1.426108
2695.113281 0.000000 2083.284424 0.000000 0.578335 0.000000 -0.815799 1.251624 1.251624 1.251624
2715.358887 0.000000 2087.571533 0.000000 0.982353 0.000000 0.187038 0.716954 0.716954 0.716954
2704.727295 0.000000 2076.142090 0.000000 0.382368 0.000000 0.924010 0.611710 0.611710 0.611710
2691.324219 0.000000 2080.244629 0.000000 0.954598 0.000000 -0.297898 0.848936 0.848936 0.848936
2721.734131 0.000000 2094.088867 0.000000 0.536517 0.000000 0.843889 0.462957 0.462957 0.462957
2703.103027 0.000000 2086.117188 0.000000 0.621408 0.000000 0.783487 0.341502 0.341502 0.341502
2718.440430 0.000000 2082.449707 0.000000 0.181256 0.000000 0.983436 0.134424 0.134424 0.134424
2711.831299 0.000000 2077.121094 0.000000 0.709924 0.000000 0.704278 0.455095 0.455095 0.455095
2723.936035 0.000000 2082.682373 0.000000 0.176549 0.000000 -0.984292 1.509610 1.509610 1.509610
2723.635986 0.000000 2075.966064 0.000000 0.876911 0.000000 -0.480653 1.055361 1.055361 1.055361
2719.888672 0.000000 2076.921387 0.000000 0.993931 0.000000 0.110003 0.748045 0.748045 0.748045
2708.382324 0.000000 2090.918457 0.000000 0.922226 0.000000 0.386652 0.638248 0.638248 0.638248
2696.270996 0.000000 2093.911133 0.000000 0.170050 0.000000 -0.985435 1.202619 1.202619 1.202619
2697.431152 0.000000 2091.892578 0.000000 0.167785 0.000000 0.985824 0.183878 0.183878 0.183878
2688.481445 0.000000 2090.592529 0.000000 0.490939 0.000000 0.871194 0.261354 0.261354 0.261354
2723.742920 0.000000 2078.492188 0.000000 0.333524 0.000000 0.942742 0.173180 0.173180 0.173180
2691.633789 0.000000 2083.135254 0.000000 0.999699 0.000000 0.024537 0.790737 0.790737 0.790737
2734.165039 0.000000 2095.821533 0.000000 0.984752 0.000000 0.173962 0.770665 0.770665 0.770665
2709.522705 0.000000 2097.767822 0.000000 0.379835 0.000000 -0.925054 1.175096 1.175096 1.175096
2709.120117 0.000000 2088.494141 0.000000 0.986045 0.000000 0.166476 0.714818 0.714818 0.714818
2715.871338 0.000000 2092.189697 0.000000 0.187981 0.000000 0.982173 0.259125 0.259125 0.259125
2717.883789 0.000000 2079.825684 0.000000 0.755324 0.000000 0.655351 0.537373 0.537373 0.537373
2702.423096 0.000000 2083.787354 0.000000 0.997857 0.000000 -0.065428 0.833346 0.833346 0.833346
2699.990723 0.000000 2083.474854 0.000000 0.217466 0.000000 0.976068 0.111647 0.111647 0.111647
2706.981689 0.000000 2092.510010 0.000000 0.691504 0.000000 -0.722372 1.074078 1.074078 1.074078
2674.329102 0.000000 2110.475830 0.000000 0.906020 0.000000 0.423236 0.577431 0.577431 0.577431
2687.870361 0.000000 2082.594238 0.000000 0.971886 0.000000 -0.235451 0.848895 0.848895 0.848895
2690.448730 0.000000 2091.448975 0.000000 0.471665 0.000000 0.881778 0.250155 0.250155 0.250155
2702.270996 0.000000 2080.009766 0.000000 0.310431 0.000000 -0.950596 1.426709 1.426709 1.426709
2716.735107 0.000000 2083.733887 0.000000 0.268186 0.000000 0.963367 0.138279 0.138279 0.138279
2703.476807 0.000000 2091.724609 0.000000 0.368180 0.000000 -0.929754 1.357901 1.357901 1.357901
2700.458740 0.000000 2094.471924 0.000000 0.593127 0.000000 -0.805109 1.061679 1.061679 1.061679
2709.016357 0.000000 2075.875488 0.000000 0.771991 0.000000 0.635634 0.645915 0.645915 0.645915
2719.145508 0.000000 2089.868408 0.000000 0.300563 0.000000 -0.953762 1.295396 1.295396 1.295396
2705.777100 0.000000 2078.024658 0.000000 0.941259 0.000000 0.337684 0.683047 0.683047 0.683047
2719.968994 0.000000 2100.870850 0.000000 0.923036 0.000000 0.384715 0.719552 0.719552 0.719552
2727.180420 0.000000 2088.075928 0.000000 0.390569 0.000000 0.920574 0.447285 0.447285 0.447285
2734.085449 0.000000 2089.047607 0.000000 0.676790 0.000000 0.736176 0.633095 0.633095 0.633095
2671.188721 0.000000 2109.206055 0.000000 0.813629 0.000000 -0.581384 1.115982 1.115982 1.115982
2696.263428 0.000000 2087.702393 0.000000 0.622459 0.000000 -0.782653 1.257814 1.257814 1.257814
2734.303223 0.000000 2093.161865 0.000000 0.498282 0.000000 0.867015 0.603026 0.603026 0.603026
2701.486328 0.000000 2090.757080 0.000000 0.129297 0.000000 -0.991606 1.533965 1.533965 1.533965
2706.179932 0.000000 2083.181641 0.000000 0.545550 0.000000 0.838079 0.293886 0.293886 0.293886
2707.852051 0.000000 2082.041504 0.000000 0.148265 0.000000 -0.988948 1.524210 1.524210 1.524210
2723.372803 0.000000 2093.041748 0.000000 0.918508 0.000000 0.395402 0.675781 0.675781 0.675781
2730.571777 0.000000 2090.340820 0.000000 0.353601 0.000000 -0.935396 1.164728 1.164728 1.164728
2698.558594 0.000000 2097.058594 0.000000 0.330044 0.000000 -0.943966 1.061341 1.061341 1.061341
2721.703125 0.000000 2081.248047 0.000000 0.670075 0.000000 -0.742293 1.226019 1.226019 1.226019
2735.491943 0.000000 2059.840576 0.000000 0.570862 0.000000 -0.821046 1.030859 1.030859 1.030859
2686.678467 0.000000 2085.928711 0.000000 0.949904 0.000000 -0.312543 0.940939 0.940939 0.940939
2725.480469 0.000000 2081.229980 0.000000 0.701723 0.000000 0.712450 0.396137 0.396137 0.396137
2694.202148 0.000000 2080.212402 0.000000 0.971715 0.000000 -0.236157 0.848092 0.848092 0.848092
2707.369873 0.000000 2101.169434 0.000000 0.104048 0.000000 0.994572 0.471944 0.471944 0.471944
2719.576416 0.000000 2078.886963 0.000000 0.689134 0.000000 -0.724634 1.144798 1.144798 1.144798
2694.243408 0.000000 2090.190918 0.000000 0.918186 0.000000 0.396151 0.633229 0.633229 0.633229
2687.901611 0.000000 2094.524902 0.000000 0.932609 0.000000 -0.360888 0.881854 0.881854 0.881854
2727.661621 0.000000 2078.040039 0.000000 0.003861 0.000000 -0.999993 1.598034 1.598034 1.598034
2704.929688 0.000000 2089.363281 0.000000 0.289957 0.000000 0.957040 0.157475 0.157475 0.157475
2715.526611 0.000000 2095.543945 0.000000 0.470015 0.000000 0.882658 0.376642 0.376642 0.376642
2700.180176 0.000000 2089.255859 0.000000 0.939533 0.000000 0.342458 0.633154 0.633154 0.633154
2684.647705 0.000000 2091.372314 0.000000 0.651968 0.000000 -0.758246 1.179869 1.179869 1.179869
2699.205078 0.000000 2085.212402 0.000000 0.197531 0.000000 0.980297 0.101268 0.101268 0.101268
2733.005127 0.000000 2087.528076 0.000000 0.113599 0.000000 0.993527 0.392617 0.392617 0.392617
2705.881104 0.000000 2097.739258 0.000000 0.966304 0.000000 -0.257403 0.872793 0.872793 0.872793
2693.632080 0.000000 2086.608154 0.000000 0.111293 0.000000 0.993788 0.056799 0.056799 0.056799
2712.689697 0.000000 2075.195801 0.000000 0.938913 0.000000 -0.344155 0.880696 0.880696 0.880696
2677.239258 0.000000 2106.564453 0.000000 0.995546 0.000000 0.094278 0.760776 0.760776 0.760776
2699.939209 0.000000 2092.724121 0.000000 0.012419 0.000000 0.999923 0.298896 0.298896 0.298896
2710.550781 0.000000 2082.276611 0.000000 0.997945 0.000000 -0.064074 0.832655 0.832655 0.832655
2727.272461 0.000000 2081.626221 0.000000 0.997367 0.000000 -0.072515 0.836964 0.836964 0.836964
2700.403320 0.000000 2080.370850 0.000000 0.992700 0.000000 -0.120608 0.856021 0.856021 0.856021
2704.156006 0.000000 2099.280029 0.000000 0.446690 0.000000 -0.894689 1.109737 1.109737 1.109737
2734.547119 0.000000 2057.404785 0.000000 0.554303 0.000000 0.832315 0.562377 0.562377 0.562377
2715.680664 0.000000 2077.347412 0.000000 0.226769 0.000000 0.973949 0.338977 0.338977 0.338977
2724.741211 0.000000 2087.082764 0.000000 0.999745 0.000000 -0.022589 0.807670 0.807670 0.807670
2711.334961 0.000000 2088.263916 0.000000 0.944028 0.000000 -0.329865 0.963820 0.963820 0.963820
2728.709229 0.000000 2079.805908 0.000000 0.980412 0.000000 -0.196959 0.893447 0.893447 0.893447
2711.097900 0.000000 2096.865479 0.000000 0.458708 0.000000 0.888587 0.441580 0.441580 0.441580
2693.538574 0.000000 2092.492676 0.000000 0.876006 0.000000 0.482301 0.673349 0.673349 0.673349
2721.909912 0.000000 2090.278564 0.000000 0.204017 0.000000 -0.978967 1.323565 1.323565 1.323565
2720.342529 0.000000 2073.976562 0.000000 0.974971 0.000000 -0.222332 0.868512 0.868512 0.868512
2708.899170 0.000000 2085.642578 0.000000 0.999750 0.000000 0.022367 0.788608 0.788608 0.788608
2686.680420 0.000000 2095.817383 0.000000 0.744836 0.000000 0.667247 0.638051 0.638051 0.638051
2729.580566 0.000000 2087.405518 0.000000 0.511752 0.000000 -0.859133 1.146801 1.146801 1.146801
2687.044678 0.000000 2092.658203 0.000000 0.650590 0.000000 -0.759429 1.161723 1.161723 1.161723
2668.389648 0.000000 2109.499023 0.000000 0.212597 0.000000 -0.977140 1.387936 1.387936 1.387936
2673.960693 0.000000 2107.003662 0.000000 0.897194 0.000000 0.441636 0.585309 0.585309 0.585309
2713.159668 0.000000 2084.155273 0.000000 0.921802 0.000000 0.387662 0.597253 0.597253 0.597253
2720.153320 0.000000 2082.940674 0.000000 0.963536 0.000000 0.267578 0.665289 0.665289 0.665289
2690.571045 0.000000 2085.416504 0.000000 0.288394 0.000000 0.957512 0.148994 0.148994 0.148994
2683.054443 0.000000 2109.197754 0.000000 0.696864 0.000000 -0.717203 1.042798 1.042798 1.042798
2729.354004 0.000000 2075.631104 0.000000 0.383534 0.000000 -0.923527 1.378371 1.378371 1.378371
2705.499023 0.000000 2085.719971 0.000000 0.815017 0.000000 0.579437 0.485236 0.485236 0.485236
2693.408936 0.000000 2083.922607 0.000000 0.343774 0.000000 0.939052 0.283492 0.283492 0.283492
2723.251465 0.000000 2074.263916 0.000000 0.914475 0.000000 -0.404642 1.012166 1.012166 1.012166
2682.048828 0.000000 2088.898926 0.000000 0.937856 0.000000 -0.347025 0.894139 0.894139 0.894139
2704.593750 0.000000 2080.263672 0.000000 0.535193 0.000000 0.844730 0.287618 0.287618 0.287618
2680.090088 0.000000 2109.543701 0.000000 0.869414 0.000000 0.494084 0.536806 0.536806 0.536806
2710.509277 0.000000 2091.754150 0.000000 0.994371 0.000000 0.105951 0.757175 0.757175 0.757175
2689.929443 0.000000 2083.693604 0.000000 0.493743 0.000000 0.869608 0.473585 0.473585 0.473585
2721.975586 0.000000 2098.807861 0.000000 0.108786 0.000000 0.994065 0.440895 0.440895 0.440895
2708.207520 0.000000 2077.349854 0.000000 0.733924 0.000000 0.679232 0.494269 0.494269 0.494269
2719.409180 0.000000 2092.311279 0.000000 0.810373 0.000000 0.585915 0.557444 0.557444 0.557444
2692.793701 0.000000 2089.249756 0.000000 0.237338 0.000000 -0.971427 1.477960 1.477960 1.477960
2725.010986 0.000000 2079.599854 0.000000 0.171711 0.000000 -0.985147 1.512113 1.512113 1.512113
2728.489746 0.000000 2072.196533 0.000000 0.982756 0.000000 -0.184905 0.855344 0.855344 0.855344
2675.492188 0.000000 2109.278076 0.000000 0.786063 0.000000 0.618147 0.460614 0.460614 0.460614
2712.338379 0.000000 2089.800049 0.000000 0.604352 0.000000 0.796718 0.405995 0.405995 0.405995
2688.664307 0.000000 2088.767578 0.000000 0.991097 0.000000 0.133144 0.731988 0.731988 0.731988
2699.050049 0.000000 2095.459961 0.000000 0.775019 0.000000 -0.631938 0.968044 0.968044 0.968044
2726.067383 0.000000 2073.260498 0.000000 0.980262 0.000000 -0.197705 0.874727 0.874727 0.874727
2725.213135 0.000000 2090.605713 0.000000 0.929385 0.000000 0.369112 0.675415 0.675415 0.675415
2700.036865 0.000000 2086.750000 0.000000 0.726346 0.000000 -0.687329 1.185947 1.185947 1.185947
2721.765869 0.000000 2087.138916 0.000000 0.937995 0.000000 0.346648 0.664254 0.664254 0.664254
2713.951904 0.000000 2096.118164 0.000000 0.071046 0.000000 -0.997473 1.351124 1.351124 1.351124
2703.252686 0.000000 2087.963623 0.000000 0.902457 0.000000 0.430779 0.573182 0.573182 0.573182
2719.273193 0.000000 2095.776367 0.000000 0.246596 0.000000 -0.969118 1.306805 1.306805 1.306805
2680.450928 0.000000 2111.450439 0.000000 0.994876 0.000000 -0.101106 0.851581 0.851581 0.851581
2856.163330 0.000000 2008.004883 0.000000 0.781561 0.000000 -0.623829 1.143078 1.143078 1.143078
2876.789062 0.000000 1988.460205 0.000000 0.993087 0.000000 0.117384 0.740079 0.740079 0.740079
2873.500244 0.000000 1996.075928 0.000000 0.438254 0.000000 0.898851 0.293518 0.293518 0.293518
2870.777832 0.000000 1983.732788 0.000000 0.882973 0.000000 -0.469424 1.011776 1.011776 1.011776
2874.004883 0.000000 1988.274292 0.000000 0.227258 0.000000 -0.973835 1.483238 1.483238 1.483238
2875.218994 0.000000 1990.611694 0.000000 0.315434 0.000000 0.948947 0.280767 0.280767 0.280767
2869.833252 0.000000 2012.794800 0.000000 0.561771 0.000000 0.827293 0.663790 0.663790 0.663790
2855.446289 0.000000 2010.489624 0.000000 0.727212 0.000000 -0.686413 1.082557 1.082557 1.082557
2858.139648 0.000000 2014.824585 0.000000 0.711150 0.000000 0.703040 0.689441 0.689441 0.689441
2879.231201 0.000000 1987.502441 0.000000 0.744859 0.000000 0.667222 0.427973 0.427973 0.427973
2860.467041 0.000000 2006.568481 0.000000 0.734848 0.000000 -0.678232 1.079866 1.079866 1.079866
2875.498779 0.000000 1986.291626 0.000000 0.684046 0.000000 0.729438 0.383650 0.383650 0.383650
2876.108643 0.000000 1995.972900 0.000000 0.917702 0.000000 0.397269 0.591933 0.591933 0.591933
2858.543701 0.000000 2007.964722 0.000000 0.899057 0.000000 -0.437832 1.017229 1.017229 1.017229
2867.917480 0.000000 2014.832520 0.000000 0.428660 0.000000 0.903466 0.266167 0.266167 0.266167
2871.806396 0.000000 1997.422485 0.000000 0.992337 0.000000 -0.123557 0.824988 0.824988 0.824988
2872.061768 0.000000 2001.380981 0.000000 0.633965 0.000000 0.773362 0.365610 0.365610 0.365610
2878.149414 0.000000 1999.837158 0.000000 0.275354 0.000000 -0.961343 1.457928 1.457928 1.457928
2877.605957 0.000000 1986.229614 0.000000 0.013830 0.000000 -0.999904 1.592956 1.592956 1.592956
2874.682617 0.000000 1997.774048 0.000000 0.822975 0.000000 0.568078 0.492299 0.492299 0.492299
2857.388428 0.000000 2009.731201 0.000000 0.742395 0.000000 -0.669963 1.173904 1.173904 1.173904
2878.069824 0.000000 1993.063232 0.000000 0.771310 0.000000 -0.636460 1.151363 1.151363 1.151363
2874.556152 0.000000 1994.356567 0.000000 0.980788 0.000000 -0.195078 0.899994 0.899994 0.899994
2862.739990 0.000000 2015.521118 0.000000 0.960234 0.000000 0.279198 0.719186 0.719186 0.719186
2869.464844 0.000000 1985.245483 0.000000 0.595971 0.000000 -0.803006 1.036483 1.036483 1.036483
2878.746582 0.000000 1989.299927 0.000000 0.769557 0.000000 0.638578 0.447237 0.447237 0.447237
2871.645996 0.000000 1982.055786 0.000000 0.656271 0.000000 -0.754526 1.170528 1.170528 1.170528
2876.989502 0.000000 1991.543701 0.000000 0.655929 0.000000 0.754823 0.364357 0.364357 0.364357
2857.334717 0.000000 2013.168457 0.000000 0.305030 0.000000 -0.952343 1.218017 1.218017 1.218017
2871.256836 0.000000 1985.641846 0.000000 0.035954 0.000000 -0.999353 1.486657 1.486657 1.486657
2865.903809 0.000000 2014.744263 0.000000 0.692506 0.000000 -0.721412 1.131548 1.131548 1.131548
2857.326904 0.000000 2006.545776 0.000000 0.995967 0.000000 -0.089724 0.843604 0.843604 0.843604
2859.270020 0.000000 2013.146729 0.000000 0.107080 0.000000 -0.994250 1.305676 1.305676 1.305676
2873.564941 0.000000 1991.421143 0.000000 0.938781 0.000000 -0.344515 0.892024 0.892024 0.892024
2861.670410 0.000000 2010.554688 0.000000 0.057330 0.000000 0.998355 0.165235 0.165235 0.165235
2859.207764 0.000000 2009.951660 0.000000 0.507871 0.000000 -0.861433 1.328692 1.328692 1.328692
2864.824951 0.000000 2012.388550 0.000000 0.151687 0.000000 -0.988429 1.134309 1.134309 1.134309
2868.995361 0.000000 1983.615601 0.000000 0.200923 0.000000 0.979607 0.431016 0.431016 0.431016
2873.664795 0.000000 2000.927368 0.000000 0.748720 0.000000 -0.662886 1.156044 1.156044 1.156044
2861.936768 0.000000 2008.026367 0.000000 0.125533 0.000000 -0.992089 1.509925 1.509925 1.509925
2856.312256 0.000000 2011.906738 0.000000 0.937630 0.000000 -0.347635 0.980824 0.980824 0.980824
2786.949463 0.000000 2037.705566 0.000000 0.618524 0.000000 0.785766 0.339630 0.339630 0.339630
2786.297363 0.000000 2054.698486 0.000000 0.364559 0.000000 -0.931180 1.409951 1.409951 1.409951
2781.592041 0.000000 2059.445557 0.000000 0.952485 0.000000 0.304587 0.643607 0.643607 0.643607
2750.368652 0.000000 2077.117676 0.000000 0.851766 0.000000 0.523923 0.519149 0.519149 0.519149
2771.812500 0.000000 2061.927979 0.000000 0.573322 0.000000 0.819330 0.310953 0.310953 0.310953
2780.296875 0.000000 2049.004639 0.000000 0.996764 0.000000 0.080383 0.759017 0.759017 0.759017
2746.898682 0.000000 2059.682861 0.000000 0.999850 0.000000 0.017342 0.799203 0.799203 0.799203
2778.526123 0.000000 2056.953857 0.000000 0.049727 0.000000 0.998763 0.025336 0.025336 0.025336
2799.567383 0.000000 2041.754639 0.000000 0.719961 0.000000 -0.694015 1.190656 1.190656 1.190656
2783.097656 0.000000 2038.867065 0.000000 0.252154 0.000000 0.967687 0.129822 0.129822 0.129822
2790.541260 0.000000 2026.310425 0.000000 0.874377 0.000000 0.485247 0.774703 0.774703 0.774703
2767.221191 0.000000 2091.883789 0.000000 0.249403 0.000000 0.968400 0.726253 0.726253 0.726253
2765.774902 0.000000 2040.437744 0.000000 0.422447 0.000000 0.906388 0.734281 0.734281 0.734281
2783.249756 0.000000 2056.378906 0.000000 0.220436 0.000000 0.975401 0.113197 0.113197 0.113197
2786.061523 0.000000 2051.277100 0.000000 0.968437 0.000000 -0.249260 0.928300 0.928300 0.928300
2773.067871 0.000000 2085.425049 0.000000 0.958631 0.000000 -0.284652 0.825942 0.825942 0.825942
2787.374268 0.000000 2041.713745 0.000000 0.860403 0.000000 0.509614 0.553293 0.553293 0.553293
2769.607178 0.000000 2059.595947 0.000000 0.538230 0.000000 0.842798 0.333498 0.333498 0.333498
2766.570068 0.000000 2063.711914 0.000000 0.010575 0.000000 -0.999944 1.594614 1.594614 1.594614
2742.861816 0.000000 2074.650635 0.000000 0.982490 0.000000 -0.186317 0.895448 0.895448 0.895448
2806.180664 0.000000 2039.334595 0.000000 0.626597 0.000000 0.779344 0.375225 0.375225 0.375225
2753.209717 0.000000 2075.954834 0.000000 0.989427 0.000000 0.145029 0.725876 0.725876 0.725876
2752.605469 0.000000 2079.400146 0.000000 0.151793 0.000000 -0.988412 1.522392 1.522392 1.522392
2755.145996 0.000000 2080.986816 0.000000 0.968491 0.000000 -0.249049 0.819103 0.819103 0.819103
2778.761475 0.000000 2051.719971 0.000000 0.478375 0.000000 0.878156 0.254038 0.254038 0.254038
2783.029541 0.000000 2050.729736 0.000000 0.809519 0.000000 -0.587093 1.119565 1.119565 1.119565
2793.619141 0.000000 2078.303467 0.000000 0.693016 0.000000 0.720922 0.717990 0.717990 0.717990
2806.255615 0.000000 2049.792236 0.000000 0.155493 0.000000 0.987837 0.087991 0.087991 0.087991
2794.158936 0.000000 2037.707520 0.000000 0.256634 0.000000 0.966509 0.147895 0.147895 0.147895
2787.024170 0.000000 2057.459473 0.000000 0.394098 0.000000 -0.919068 1.393691 1.393691 1.393691
2784.305176 0.000000 2036.099609 0.000000 0.144427 0.000000 -0.989515 1.526186 1.526186 1.526186
2796.791992 0.000000 2040.931396 0.000000 0.373367 0.000000 -0.927684 1.405125 1.405125 1.405125
2803.337646 0.000000 2020.637207 0.000000 0.290442 0.000000 0.956893 0.664919 0.664919 0.664919
2769.071777 0.000000 2062.469727 0.000000 0.995264 0.000000 0.097205 0.750416 0.750416 0.750416
2764.537354 0.000000 2090.947266 0.000000 0.876057 0.000000 -0.482208 0.850248 0.850248 0.850248
2786.385254 0.000000 2075.940674 0.000000 0.974058 0.000000 0.226298 0.775836 0.775836 0.775836
2784.260254 0.000000 2058.912354 0.000000 0.909519 0.000000 0.415663 0.602227 0.602227 0.602227
2747.799072 0.000000 2077.865479 0.000000 0.998391 0.000000 0.056698 0.771109 0.771109 0.771109
2753.673584 0.000000 2084.733154 0.000000 0.724792 0.000000 0.688968 0.467552 0.467552 0.467552
2788.576660 0.000000 2053.269531 0.000000 0.977858 0.000000 -0.209272 0.907375 0.907375 0.907375
2800.047119 0.000000 2039.014282 0.000000 0.429240 0.000000 0.903191 0.270973 0.270973 0.270973
2791.239746 0.000000 2053.187500 0.000000 0.648754 0.000000 0.760998 0.433810 0.433810 0.433810
2792.754150 0.000000 2050.573486 0.000000 0.053941 0.000000 0.998544 0.194106 0.194106 0.194106
2742.042969 0.000000 2068.710449 0.000000 0.224362 0.000000 0.974506 0.115247 0.115247 0.115247
2749.723633 0.000000 2079.704346 0.000000 0.857104 0.000000 0.515143 0.524382 0.524382 0.524382
2778.932129 0.000000 2059.561035 0.000000 0.998281 0.000000 0.058605 0.771424 0.771424 0.771424
2784.159180 0.000000 2053.210693 0.000000 0.995501 0.000000 -0.094752 0.848329 0.848329 0.848329
2785.607910 0.000000 2039.854980 0.000000 0.273458 0.000000 -0.961884 1.458932 1.458932 1.458932
2738.274658 0.000000 2060.608887 0.000000 0.915671 0.000000 0.401928 0.601736 0.601736 0.601736
2779.060059 0.000000 2054.485840 0.000000 0.101006 0.000000 -0.994886 1.548470 1.548470 1.548470
2756.965820 0.000000 2088.307861 0.000000 0.100601 0.000000 -0.994927 1.375454 1.375454 1.375454
2786.857422 0.000000 2035.206299 0.000000 0.063867 0.000000 -0.997958 1.516287 1.516287 1.516287
2784.088867 0.000000 2030.866089 0.000000 0.894707 0.000000 0.446653 0.738966 0.738966 0.738966
2741.159424 0.000000 2060.742920 0.000000 0.807501 0.000000 -0.589866 1.073429 1.073429 1.073429
2787.896729 0.000000 2049.559814 0.000000 0.219216 0.000000 0.975676 0.147606 0.147606 0.147606
2794.387695 0.000000 2042.775757 0.000000 0.566874 0.000000 -0.823804 1.293044 1.293044 1.293044
2772.934570 0.000000 2073.052490 0.000000 0.938854 0.000000 0.344314 0.662399 0.662399 0.662399
2793.928711 0.000000 2073.037109 0.000000 0.550430 0.000000 -0.834881 0.967714 0.967714 0.967714
2802.615723 0.000000 2079.684326 0.000000 0.451225 0.000000 -0.892410 0.991598 0.991598 0.991598
2780.865723 0.000000 2056.257812 0.000000 0.991029 0.000000 0.133650 0.731728 0.731728 0.731728
2778.058105 0.000000 2048.106445 0.000000 0.673216 0.000000 -0.739446 1.213887 1.213887 1.213887
2791.297119 0.000000 2041.623535 0.000000 0.744368 0.000000 -0.667770 1.157797 1.157797 1.157797
2737.951660 0.000000 2095.140625 0.000000 0.642058 0.000000 0.766656 0.662159 0.662159 0.662159
2770.033936 0.000000 2048.771729 0.000000 0.802068 0.000000 -0.597233 1.023707 1.023707 1.023707
2791.878662 0.000000 2038.088745 0.000000 0.765779 0.000000 -0.643103 1.079032 1.079032 1.079032
2754.727783 0.000000 2087.349854 0.000000 0.539250 0.000000 -0.842146 1.191948 1.191948 1.191948
2764.525635 0.000000 2064.726807 0.000000 0.551812 0.000000 -0.833968 1.302298 1.302298 1.302298
2745.137695 0.000000 2061.078125 0.000000 0.968878 0.000000 -0.247538 0.848460 0.848460 0.848460
2799.960449 0.000000 2024.327881 0.000000 0.881879 0.000000 -0.471476 0.885310 0.885310 0.885310
2751.136963 0.000000 2074.946289 0.000000 0.956891 0.000000 0.290447 0.649914 0.649914 0.649914
2783.251221 0.000000 2034.014648 0.000000 0.646718 0.000000 -0.762729 1.241825 1.241825 1.241825
2794.745850 0.000000 2060.016357 0.000000 0.941667 0.000000 0.336546 0.739672 0.739672 0.739672
2774.259033 0.000000 2068.580566 0.000000 0.762678 0.000000 0.646778 0.564000 0.564000 0.564000
2789.855957 0.000000 2070.818848 0.000000 0.719438 0.000000 0.694557 0.668120 0.668120 0.668120
2751.543945 0.000000 2070.559326 0.000000 0.388287 0.000000 -0.921538 1.396907 1.396907 1.396907
2776.719482 0.000000 2076.142090 0.000000 0.386460 0.000000 0.922306 0.434216 0.434216 0.434216
2756.986572 0.000000 2079.569092 0.000000 0.998854 0.000000 -0.047869 0.819607 0.819607 0.819607
2777.814697 0.000000 2074.071533 0.000000 0.685717 0.000000 -0.727868 1.073532 1.073532 1.073532
2739.054932 0.000000 2065.166748 0.000000 0.409876 0.000000 0.912141 0.437582 0.437582 0.437582
2806.562988 0.000000 2027.066650 0.000000 0.138637 0.000000 -0.990343 1.286110 1.286110 1.286110
2791.647705 0.000000 2057.607910 0.000000 0.188733 0.000000 -0.982028 1.224738 1.224738 1.224738
2798.318359 0.000000 2030.033447 0.000000 0.901387 0.000000 0.433014 0.630058 0.630058 0.630058
2781.115723 0.000000 2064.654541 0.000000 0.985734 0.000000 -0.168309 0.856744 0.856744 0.856744
2773.832031 0.000000 2065.103027 0.000000 0.084259 0.000000 -0.996444 1.331410 1.331410 1.331410
2780.427246 0.000000 2061.249756 0.000000 0.709467 0.000000 -0.704739 1.103019 1.103019 1.103019
2740.098389 0.000000 2072.339600 0.000000 0.938510 0.000000 0.345252 0.723963 0.723963 0.723963
2776.803223 0.000000 2058.230713 0.000000 0.606491 0.000000 0.795091 0.370428 0.370428 0.370428
2763.533691 0.000000 2045.611328 0.000000 0.210201 0.000000 0.977658 0.550286 0.550286 0.550286
2804.766357 0.000000 2041.232788 0.000000 0.633606 0.000000 -0.773656 1.250518 1.250518 1.250518
2765.963379 0.000000 2049.367676 0.000000 0.986503 0.000000 0.163744 0.748423 0.748423 0.748423
2737.652588 0.000000 2063.216309 0.000000 0.064757 0.000000 0.997901 0.345818 0.345818 0.345818
2796.393799 0.000000 2026.046387 0.000000 0.768091 0.000000 -0.640340 0.940184 0.940184 0.940184
2788.308838 0.000000 2055.568115 0.000000 0.800004 0.000000 -0.599995 1.127729 1.127729 1.127729
2773.919922 0.000000 2049.108887 0.000000 0.864889 0.000000 0.501962 0.630905 0.630905 0.630905
2797.245361 0.000000 2033.753052 0.000000 0.535264 0.000000 -0.844685 1.205853 1.205853 1.205853
2748.517578 0.000000 2075.708496 0.000000 0.860236 0.000000 -0.509897 1.072506 1.072506 1.072506
2795.628174 0.000000 2075.966064 0.000000 0.772665 0.000000 0.634814 0.679120 0.679120 0.679120
2776.693115 0.000000 2055.905029 0.000000 0.303695 0.000000 -0.952769 1.316799 1.316799 1.316799
2769.951416 0.000000 2050.901123 0.000000 0.616584 0.000000 -0.787290 1.057062 1.057062 1.057062
2767.760986 0.000000 2052.441895 0.000000 0.633578 0.000000 0.773678 0.633920 0.633920 0.633920
2752.626953 0.000000 2067.709473 0.000000 0.880172 0.000000 -0.474655 0.883961 0.883961 0.883961
2793.586426 0.000000 2064.906982 0.000000 0.797841 0.000000 0.602868 0.684977 0.684977 0.684977
2780.792236 0.000000 2051.091797 0.000000 0.988943 0.000000 0.148299 0.724192 0.724192 0.724192
2786.219238 0.000000 2046.817627 0.000000 0.995249 0.000000 0.097364 0.765526 0.765526 0.765526
2784.693115 0.000000 2060.973145 0.000000 0.346280 0.000000 -0.938131 1.208412 1.208412 1.208412
2787.869385 0.000000 2039.552246 0.000000 0.669014 0.000000 0.743249 0.373254 0.373254 0.373254
2774.415283 0.000000 2083.787354 0.000000 0.868181 0.000000 -0.496248 0.887117 0.887117 0.887117
2795.373047 0.000000 2039.368164 0.000000 0.741572 0.000000 0.670874 0.425471 0.425471 0.425471
2763.973633 0.000000 2060.207275 0.000000 0.974877 0.000000 0.222746 0.728666 0.728666 0.728666
2795.302246 0.000000 2033.078491 0.000000 0.723754 0.000000 -0.690058 1.085955 1.085955 1.085955
2801.980225 0.000000 2028.307007 0.000000 0.931423 0.000000 -0.363938 0.927217 0.927217 0.927217
2778.154297 0.000000 2061.620117 0.000000 0.948713 0.000000 -0.316137 0.936836 0.936836 0.936836
2801.543945 0.000000 2041.312134 0.000000 0.430992 0.000000 0.902356 0.226938 0.226938 0.226938
2788.366943 0.000000 2044.901855 0.000000 0.857103 0.000000 0.515144 0.561130 0.561130 0.561130
2807.301270 0.000000 2063.659180 0.000000 0.257332 0.000000 0.966323 0.373355 0.373355 0.373355
2765.734619 0.000000 2058.416992 0.000000 0.175493 0.000000 -0.984481 1.315212 1.315212 1.315212
2796.349854 0.000000 2029.524536 0.000000 0.895378 0.000000 -0.445307 0.930890 0.930890 0.930890
2737.799805 0.000000 2058.687500 0.000000 0.216348 0.000000 0.976316 0.238044 0.238044 0.238044
2767.678711 0.000000 2059.168213 0.000000 0.997458 0.000000 0.071250 0.766388 0.766388 0.766388
2767.022217 0.000000 2065.637451 0.000000 0.998756 0.000000 0.049863 0.774595 0.774595 0.774595
2746.422852 0.000000 2062.708496 0.000000 0.061352 0.000000 -0.998116 1.330577 1.330577 1.330577
2796.075439 0.000000 2063.295654 0.000000 0.835411 0.000000 0.549626 0.654722 0.654722 0.654722
2794.908203 0.000000 2030.971436 0.000000 0.797862 0.000000 0.602841 0.593228 0.593228 0.593228
2776.051270 0.000000 2047.329834 0.000000 0.275545 0.000000 -0.961288 1.279827 1.279827 1.279827
2802.249756 0.000000 2038.038574 0.000000 0.854836 0.000000 0.518898 0.560285 0.560285 0.560285
2799.697754 0.000000 2028.205322 0.000000 0.994624 0.000000 -0.103554 0.833358 0.833358 0.833358
2802.905273 0.000000 2025.238159 0.000000 0.997513 0.000000 -0.070478 0.818173 0.818173 0.818173
2788.998047 0.000000 2057.379150 0.000000 0.468573 0.000000 -0.883425 1.254283 1.254283 1.254283
2766.122559 0.000000 2051.397461 0.000000 0.959064 0.000000 0.283190 0.722585 0.722585 0.722585
2797.368164 0.000000 2066.575195 0.000000 0.931017 0.000000 0.364976 0.706727 0.706727 0.706727
2793.516846 0.000000 2034.328979 0.000000 0.822092 0.000000 0.569354 0.582242 0.582242 0.582242
2804.268066 0.000000 2066.149414 0.000000 0.906322 0.000000 0.422588 0.678005 0.678005 0.678005
2782.375244 0.000000 2043.577637 0.000000 0.998626 0.000000 0.052394 0.785029 0.785029 0.785029
2769.568359 0.000000 2057.634277 0.000000 0.245908 0.000000 0.969293 0.369512 0.369512 0.369512
2741.917969 0.000000 2062.537598 0.000000 0.446998 0.000000 0.894535 0.302363 0.302363 0.302363
2744.499512 0.000000 2064.990967 0.000000 0.183445 0.000000 0.983030 0.093960 0.093960 0.093960
2785.264160 0.000000 2056.464111 0.000000 0.220163 0.000000 -0.975463 1.486946 1.486946 1.486946
2772.309570 0.000000 2047.985229 0.000000 0.942763 0.000000 0.333465 0.692716 0.692716 0.692716
2803.605957 0.000000 2070.577393 0.000000 0.892878 0.000000 -0.450299 0.930608 0.930608 0.930608
2800.696289 0.000000 2060.038330 0.000000 0.998060 0.000000 0.062260 0.782580 0.782580 0.782580
2800.609375 0.000000 2043.392212 0.000000 0.325738 0.000000 -0.945460 1.431019 1.431019 1.431019
2776.665283 0.000000 2051.851562 0.000000 0.798607 0.000000 -0.601853 1.109565 1.109565 1.109565
2750.696289 0.000000 2072.278809 0.000000 0.980702 0.000000 -0.195507 0.900216 0.900216 0.900216
2777.123779 0.000000 2067.413818 0.000000 0.476496 0.000000 0.879176 0.488932 0.488932 0.488932
2805.364746 0.000000 2024.792236 0.000000 0.596196 0.000000 0.802839 0.522635 0.522635 0.522635
2753.880859 0.000000 2074.013184 0.000000 0.405569 0.000000 -0.914064 1.387317 1.387317 1.387317
2768.113037 0.000000 2072.535889 0.000000 0.478696 0.000000 0.877981 0.374081 0.374081 0.374081
2802.818848 0.000000 2061.963135 0.000000 0.478186 0.000000 0.878258 0.500196 0.500196 0.500196
2791.693115 0.000000 2064.146484 0.000000 0.386318 0.000000 0.922366 0.537351 0.537351 0.537351
2807.484131 0.000000 2059.840576 0.000000 0.235868 0.000000 0.971785 0.366145 0.366145 0.366145
2790.183350 0.000000 2067.091064 0.000000 0.076381 0.000000 0.997079 0.486622 0.486622 0.486622
2771.309570 0.000000 2070.584961 0.000000 0.978179 0.000000 -0.207765 0.882346 0.882346 0.882346
2780.215576 0.000000 2058.054199 0.000000 0.361493 0.000000 -0.932375 1.406830 1.406830 1.406830
2770.570557 0.000000 2074.262451 0.000000 0.997462 0.000000 0.071206 0.779788 0.779788 0.779788
2791.243164 0.000000 2045.417236 0.000000 0.999414 0.000000 -0.034242 0.817443 0.817443 0.817443
2769.073486 0.000000 2070.849121 0.000000 0.993583 0.000000 0.113108 0.753364 0.753364 0.753364
2784.810547 0.000000 2037.973999 0.000000 0.522205 0.000000 0.852820 0.279825 0.279825 0.279825
2792.133789 0.000000 2043.343750 0.000000 0.342995 0.000000 0.939337 0.178306 0.178306 0.178306
2801.813721 0.000000 2069.158691 0.000000 0.569761 0.000000 0.821811 0.530290 0.530290 0.530290
2791.306152 0.000000 2049.376709 0.000000 0.994109 0.000000 0.108382 0.744693 0.744693 0.744693
2772.649902 0.000000 2045.521362 0.000000 0.119685 0.000000 -0.992812 1.159308 1.159308 1.159308
2802.177734 0.000000 2072.810791 0.000000 0.002757 0.000000 0.999996 0.361555 0.361555 0.361555
2769.967529 0.000000 2055.072510 0.000000 0.999159 0.000000 -0.041001 0.809420 0.809420 0.809420
2788.063721 0.000000 2051.475586 0.000000 0.999518 0.000000 -0.031030 0.815806 0.815806 0.815806
2798.526611 0.000000 2040.182129 0.000000 0.113958 0.000000 0.993486 0.058165 0.058165 0.058165
2800.555176 0.000000 2064.505127 0.000000 0.544597 0.000000 0.838698 0.521816 0.521816 0.521816
2769.276367 0.000000 2045.432373 0.000000 0.467506 0.000000 0.883990 0.542286 0.542286 0.542286
2783.602295 0.000000 2040.656372 0.000000 0.948133 0.000000 -0.317874 0.946014 0.946014 0.946014
2799.415039 0.000000 2037.263916 0.000000 0.200841 0.000000 -0.979624 1.404077 1.404077 1.404077
2742.902588 0.000000 2076.635986 0.000000 0.806693 0.000000 0.590970 0.477992 0.477992 0.477992
2789.562500 0.000000 2048.689209 0.000000 0.800265 0.000000 0.599647 0.476345 0.476345 0.476345
2781.261719 0.000000 2039.202148 0.000000 0.999994 0.000000 0.003488 0.798426 0.798426 0.798426
2770.708984 0.000000 2066.920898 0.000000 0.997567 0.000000 0.069718 0.767669 0.767669 0.767669
2781.914307 0.000000 2037.376831 0.000000 0.958245 0.000000 0.285948 0.652306 0.652306 0.652306
2801.128174 0.000000 2031.716553 0.000000 0.675608 0.000000 0.737261 0.505281 0.505281 0.505281
2797.129150 0.000000 2049.429688 0.000000 0.886867 0.000000 0.462026 0.609113 0.609113 0.609113
2795.627441 0.000000 2048.320557 0.000000 0.208738 0.000000 -0.977972 1.403233 1.403233 1.403233
2796.061035 0.000000 2036.866577 0.000000 0.869822 0.000000 0.493365 0.545470 0.545470 0.545470
2782.611572 0.000000 2054.645020 0.000000 0.910538 0.000000 -0.413426 1.017069 1.017069 1.017069
2788.072754 0.000000 2058.983398 0.000000 0.600193 0.000000 -0.799855 1.044404 1.044404 1.044404
2756.639893 0.000000 2091.372314 0.000000 0.355633 0.000000 -0.934626 1.229172 1.229172 1.229172
2789.337891 0.000000 2042.132690 0.000000 0.939446 0.000000 0.342697 0.651197 0.651197 0.651197
2747.984375 0.000000 2069.666504 0.000000 0.878488 0.000000 0.477764 0.546316 0.546316 0.546316
2797.454590 0.000000 2059.634277 0.000000 0.479350 0.000000 0.877624 0.579703 0.579703 0.579703
2780.758789 0.000000 2033.808594 0.000000 0.924631 0.000000 0.380864 0.707915 0.707915 0.707915
2797.899658 0.000000 2042.492065 0.000000 0.642364 0.000000 -0.766400 1.244726 1.244726 1.244726
2772.412842 0.000000 2068.924072 0.000000 0.072127 0.000000 0.997395 0.297164 0.297164 0.297164
2778.355469 0.000000 2049.916992 0.000000 0.916809 0.000000 0.399326 0.595713 0.595713 0.595713
2787.211182 0.000000 2032.938965 0.000000 0.997176 0.000000 -0.075094 0.820567 0.820567 0.820567
2784.725830 0.000000 2050.001465 0.000000 0.997028 0.000000 -0.077045 0.839277 0.839277 0.839277
2773.618164 0.000000 2061.583252 0.000000 0.417397 0.000000 -0.908724 1.314667 1.314667 1.314667
2741.600830 0.000000 2058.745361 0.000000 0.176406 0.000000 0.984317 0.324094 0.324094 0.324094
2769.801025 0.000000 2064.149658 0.000000 0.974245 0.000000 -0.225490 0.915837 0.915837 0.915837
2736.403076 0.000000 2059.886475 0.000000 0.058453 0.000000 -0.998290 1.428252 1.428252 1.428252
2767.792969 0.000000 2060.988770 0.000000 0.966260 0.000000 0.257569 0.667326 0.667326 0.667326
2752.570801 0.000000 2086.210938 0.000000 0.994994 0.000000 0.099937 0.764012 0.764012 0.764012
2753.518799 0.000000 2077.822021 0.000000 0.835394 0.000000 0.549651 0.503617 0.503617 0.503617
2805.883545 0.000000 2037.514526 0.000000 0.200396 0.000000 0.979715 0.346108 0.346108 0.346108
2806.539307 0.000000 2057.404785 0.000000 0.581048 0.000000 -0.813869 1.138011 1.138011 1.138011
2742.497559 0.000000 2066.973389 0.000000 0.197172 0.000000 -0.980369 1.498919 1.498919 1.498919
2806.925293 0.000000 2030.887573 0.000000 0.815161 0.000000 -0.579234 0.953000 0.953000 0.953000
2786.737549 0.000000 2052.956543 0.000000 0.857419 0.000000 -0.514620 1.075307 1.075307 1.075307
2804.069092 0.000000 2056.625244 0.000000 0.197485 0.000000 0.980306 0.391707 0.391707 0.391707
2735.928467 0.000000 2056.087402 0.000000 0.929067 0.000000 -0.369912 0.891571 0.891571 0.891571
2804.464600 0.000000 2038.746704 0.000000 0.410132 0.000000 0.912026 0.290904 0.290904 0.290904
2806.582764 0.000000 2051.645996 0.000000 0.950870 0.000000 0.309590 0.700673 0.700673 0.700673
2784.738525 0.000000 2066.490967 0.000000 0.259109 0.000000 -0.965848 1.260025 1.260025 1.260025
2750.786133 0.000000 2083.425537 0.000000 0.851193 0.000000 0.524852 0.553907 0.553907 0.553907
2785.730469 0.000000 2043.004150 0.000000 0.987917 0.000000 -0.154987 0.853147 0.853147 0.853147
2798.799316 0.000000 2056.902588 0.000000 0.935130 0.000000 0.354305 0.718262 0.718262 0.718262
2746.277344 0.000000 2066.527588 0.000000 0.621871 0.000000 0.783120 0.341803 0.341803 0.341803
2741.750488 0.000000 2073.170166 0.000000 0.925631 0.000000 -0.378427 0.883713 0.883713 0.883713
2790.384521 0.000000 2034.950317 0.000000 0.956447 0.000000 -0.291907 0.876911 0.876911 0.876911
2800.985352 0.000000 2058.251465 0.000000 0.513368 0.000000 -0.858168 1.088475 1.088475 1.088475
2744.663086 0.000000 2079.570801 0.000000 0.772301 0.000000 -0.635257 1.150569 1.150569 1.150569
2755.054443 0.000000 2075.972168 0.000000 0.698453 0.000000 0.715656 0.537168 0.537168 0.537168
2747.928955 0.000000 2065.691406 0.000000 0.989599 0.000000 0.143854 0.726481 0.726481 0.726481
2806.925293 0.000000 2048.115967 0.000000 0.388037 0.000000 -0.921644 1.390021 1.390021 1.390021
2782.235840 0.000000 2061.197266 0.000000 0.998508 0.000000 0.054611 0.779921 0.779921 0.779921
2774.417969 0.000000 2066.793701 0.000000 0.899373 0.000000 0.437182 0.657219 0.657219 0.657219
2773.109375 0.000000 2057.713379 0.000000 0.885065 0.000000 -0.465468 0.933445 0.933445 0.933445
2807.594727 0.000000 2066.682129 0.000000 0.013494 0.000000 -0.999909 1.235443 1.235443 1.235443
2773.788330 0.000000 2074.694336 0.000000 0.239350 0.000000 -0.970933 1.312324 1.312324 1.312324
2804.374268 0.000000 2043.784058 0.000000 0.994756 0.000000 0.102278 0.747819 0.747819 0.747819
2786.307129 0.000000 2048.704590 0.000000 0.797612 0.000000 -0.603171 1.112943 1.112943 1.112943
2782.693604 0.000000 2058.044434 0.000000 0.375730 0.000000 0.926729 0.210381 0.210381 0.210381
2748.138428 0.000000 2080.566650 0.000000 0.152002 0.000000 -0.988380 1.522285 1.522285 1.522285
2799.964111 0.000000 2070.464844 0.000000 0.792601 0.000000 -0.609741 0.968946 0.968946 0.968946
2797.333740 0.000000 2064.683350 0.000000 0.173546 0.000000 0.984826 0.451390 0.451390 0.451390
2801.600098 0.000000 2047.504028 0.000000 0.834495 0.000000 -0.551015 1.097215 1.097215 1.097215
2780.168945 0.000000 2032.132324 0.000000 0.784558 0.000000 -0.620055 0.957622 0.957622 0.957622
2795.119385 0.000000 2071.473389 0.000000 0.510783 0.000000 0.859710 0.568547 0.568547 0.568547
2806.701172 0.000000 2041.279175 0.000000 0.999917 0.000000 -0.012919 0.806580 0.806580 0.806580
2793.245361 0.000000 2061.334229 0.000000 0.790834 0.000000 0.612031 0.652671 0.652671 0.652671
2803.983643 0.000000 2075.939453 0.000000 0.427266 0.000000 -0.904126 1.115776 1.115776 1.115776
2791.769531 0.000000 2039.936401 0.000000 0.920848 0.000000 0.389922 0.640002 0.640002 0.640002
2774.884521 0.000000 2055.059082 0.000000 0.510926 0.000000 0.859625 0.483869 0.483869 0.483869
2799.290283 0.000000 2031.516724 0.000000 0.176012 0.000000 -0.984388 1.328936 1.328936 1.328936
2746.119873 0.000000 2078.554199 0.000000 0.878023 0.000000 0.478619 0.545820 0.545820 0.545820
2777.794678 0.000000 2053.320312 0.000000 0.976475 0.000000 -0.215631 0.907217 0.907217 0.907217
2762.563232 0.000000 2085.416504 0.000000 0.923026 0.000000 -0.384737 0.948286 0.948286 0.948286
2806.269531 0.000000 2072.961670 0.000000 0.508258 0.000000 -0.861205 1.071485 1.071485 1.071485
2801.346191 0.000000 2075.631104 0.000000 0.037106 0.000000 -0.999311 1.195144 1.195144 1.195144
2785.945801 0.000000 2071.615723 0.000000 0.850332 0.000000 0.526247 0.614052 0.614052 0.614052
2777.903320 0.000000 2070.205322 0.000000 0.587211 0.000000 0.809434 0.502364 0.502364 0.502364
2781.466797 0.000000 2062.845703 0.000000 0.923636 0.000000 0.383271 0.659380 0.659380 0.659380
2743.241699 0.000000 2061.332764 0.000000 0.783678 0.000000 0.621168 0.597870 0.597870 0.597870
2794.827393 0.000000 2044.736694 0.000000 0.232867 0.000000 -0.972508 1.480303 1.480303 1.480303
2775.280273 0.000000 2059.088867 0.000000 0.712743 0.000000 0.701426 0.432023 0.432023 0.432023
2800.082275 0.000000 2034.898193 0.000000 0.984187 0.000000 -0.177130 0.861171 0.861171 0.861171
2774.904541 0.000000 2070.214355 0.000000 0.317268 0.000000 -0.948336 1.218732 1.218732 1.218732
2768.279053 0.000000 2048.427246 0.000000 0.467695 0.000000 -0.883890 1.178916 1.178916 1.178916
2786.158936 0.000000 2069.854004 0.000000 0.753071 0.000000 -0.657939 1.029468 1.029468 1.029468
2765.745117 0.000000 2062.128906 0.000000 0.473798 0.000000 0.880634 0.251387 0.251387 0.251387
2754.041016 0.000000 2088.898926 0.000000 0.720903 0.000000 -0.693036 1.040095 1.040095 1.040095
2794.237061 0.000000 2051.477783 0.000000 0.825439 0.000000 0.564491 0.613116 0.613116 0.613116
2795.082764 0.000000 2041.207397 0.000000 0.961881 0.000000 0.273470 0.658926 0.658926 0.658926
2771.632812 0.000000 2054.767334 0.000000 0.671547 0.000000 -0.740962 1.001671 1.001671 1.001671
2784.615234 0.000000 2054.844971 0.000000 0.638482 0.000000 0.769637 0.352700 0.352700 0.352700
2754.320801 0.000000 2079.512207 0.000000 0.967613 0.000000 -0.252440 0.925895 0.925895 0.925895
2805.947510 0.000000 2062.524414 0.000000 0.977318 0.000000 -0.211776 0.859667 0.859667 0.859667
2792.608643 0.000000 2046.748047 0.000000 0.736025 0.000000 0.676954 0.421279 0.421279 0.421279
2807.603271 0.000000 2043.705444 0.000000 0.528433 0.000000 0.848975 0.283553 0.283553 0.283553
2753.198486 0.000000 2080.985840 0.000000 0.114075 0.000000 0.993472 0.058225 0.058225 0.058225
2776.259033 0.000000 2062.283691 0.000000 0.734855 0.000000 -0.678225 1.029249 1.029249 1.029249
2789.750244 0.000000 2046.266235 0.000000 0.081779 0.000000 0.996651 0.119013 0.119013 0.119013
2779.907471 0.000000 2070.576416 0.000000 0.270266 0.000000 -0.962786 1.175647 1.175647 1.175647
2773.053711 0.000000 2063.375732 0.000000 0.985657 0.000000 0.168760 0.733281 0.733281 0.733281
2771.179688 0.000000 2060.343018 0.000000 0.870107 0.000000 0.492864 0.537520 0.537520 0.537520
2804.668945 0.000000 2028.333374 0.000000 0.963245 0.000000 -0.268625 0.892340 0.892340 0.892340
2807.581787 0.000000 2038.063477 0.000000 0.799095 0.000000 0.601205 0.493400 0.493400 0.493400
2800.481934 0.000000 2072.196533 0.000000 0.218114 0.000000 -0.975923 1.177734 1.177734 1.177734
2799.182861 0.000000 2067.370361 0.000000 0.962667 0.000000 -0.270688 0.876644 0.876644 0.876644
2768.126221 0.000000 2064.296875 0.000000 0.199355 0.000000 0.979927 0.102216 0.102216 0.102216
2787.423828 0.000000 2043.376221 0.000000 0.641068 0.000000 0.767484 0.469742 0.469742 0.469742
2779.081787 0.000000 2044.875732 0.000000 0.134107 0.000000 0.990967 0.415607 0.415607 0.415607
2769.339600 0.000000 2047.126221 0.000000 0.767353 0.000000 0.641225 0.563655 0.563655 0.563655
2774.556152 0.000000 2072.562012 0.000000 0.959928 0.000000 0.280246 0.704691 0.704691 0.704691
2798.059570 0.000000 2073.260498 0.000000 0.891817 0.000000 -0.452397 0.917201 0.917201 0.917201
2785.924072 0.000000 2058.911133 0.000000 0.018826 0.000000 -0.999823 1.516020 1.516020 1.516020
2781.878174 0.000000 2049.475098 0.000000 0.999327 0.000000 0.036669 0.781321 0.781321 0.781321
2799.651123 0.000000 2049.837158 0.000000 0.236643 0.000000 0.971597 0.278621 0.278621 0.278621
2794.027588 0.000000 2035.951538 0.000000 0.261713 0.000000 -0.965146 1.350371 1.350371 1.350371
2806.599365 0.000000 2034.614746 0.000000 0.106011 0.000000 0.994365 0.428509 0.428509 0.428509
2740.373535 0.000000 2068.808838 0.000000 0.887856 0.000000 -0.460121 0.959476 0.959476 0.959476
2801.522949 0.000000 2033.383179 0.000000 0.487635 0.000000 -0.873048 1.177343 1.177343 1.177343
2803.271240 0.000000 2058.393555 0.000000 0.278321 0.000000 0.960488 0.439648 0.439648 0.439648
2789.120850 0.000000 2038.248169 0.000000 0.268863 0.000000 -0.963178 1.318716 1.318716 1.318716
2766.064453 0.000000 2046.526001 0.000000 0.842481 0.000000 -0.538726 1.006802 1.006802 1.006802
2751.250488 0.000000 2078.507324 0.000000 0.903002 0.000000 -0.429636 1.026173 1.026173 1.026173
2802.328857 0.000000 2063.522949 0.000000 0.743393 0.000000 0.668855 0.595136 0.595136 0.595136
2782.858643 0.000000 2070.206055 0.000000 0.823732 0.000000 -0.566980 1.009497 1.009497 1.009497
2782.709961 0.000000 2052.405518 0.000000 0.728246 0.000000 0.685316 0.415462 0.415462 0.415462
2747.749023 0.000000 2063.749268 0.000000 0.946650 0.000000 -0.322264 0.915339 0.915339 0.915339
2787.623047 0.000000 2064.997803 0.000000 0.036217 0.000000 -0.999344 1.290385 1.290385 1.290385
2804.681641 0.000000 2032.834106 0.000000 0.027985 0.000000 -0.999608 1.197495 1.197495 1.197495
2819.604980 0.000000 2085.630615 0.000000 0.884853 0.000000 0.465870 0.784514 0.784514 0.784514
2852.052979 0.000000 2028.982300 0.000000 0.096135 0.000000 -0.995368 0.844174 0.844174 0.844174
2865.762695 0.000000 2047.964844 0.000000 0.369009 0.000000 0.929426 0.761881 0.761881 0.761881
2857.370117 0.000000 2078.548096 0.000000 0.316108 0.000000 0.948723 0.737628 0.737628 0.737628
2812.634277 0.000000 2054.158691 0.000000 0.296699 0.000000 -0.954971 0.870997 0.870997 0.870997
2830.377686 0.000000 2040.482910 0.000000 0.888843 0.000000 -0.458212 1.042416 1.042416 1.042416
2869.727539 0.000000 2027.897217 0.000000 0.710116 0.000000 0.704085 0.757877 0.757877 0.757877
2819.338135 0.000000 2040.264404 0.000000 0.045103 0.000000 0.998982 0.022979 0.022979 0.022979
2870.472412 0.000000 2016.021484 0.000000 0.180485 0.000000 -0.983578 1.504798 1.504798 1.504798
2828.892578 0.000000 2051.471924 0.000000 0.551023 0.000000 -0.834490 1.302780 1.302780 1.302780
2824.510254 0.000000 2055.020996 0.000000 0.258766 0.000000 0.965940 0.133305 0.133305 0.133305
2811.283447 0.000000 2080.320557 0.000000 0.735690 0.000000 -0.677318 0.862419 0.862419 0.862419
2827.194336 0.000000 2041.716187 0.000000 0.441719 0.000000 -0.897153 1.366990 1.366990 1.366990
2811.257080 0.000000 2041.341553 0.000000 0.020992 0.000000 -0.999780 1.589308 1.589308 1.589308
2833.401611 0.000000 2046.380737 0.000000 0.828406 0.000000 -0.560128 1.102797 1.102797 1.102797
2834.641357 0.000000 2035.778931 0.000000 0.109800 0.000000 0.993954 0.692052 0.692052 0.692052
2838.562256 0.000000 2063.711914 0.000000 0.388570 0.000000 0.921419 0.259414 0.259414 0.259414
2842.068848 0.000000 2069.124023 0.000000 0.400027 0.000000 0.916503 0.313787 0.313787 0.313787
2844.915527 0.000000 2028.698730 0.000000 0.999620 0.000000 -0.027583 0.802975 0.802975 0.802975
2839.305908 0.000000 2085.573730 0.000000 0.352935 0.000000 -0.935648 0.913591 0.913591 0.913591
2832.683594 0.000000 2042.388794 0.000000 0.502289 0.000000 0.864700 0.268014 0.268014 0.268014
2808.899902 0.000000 2039.242188 0.000000 0.906584 0.000000 0.422026 0.587682 0.587682 0.587682
2851.391357 0.000000 2043.195312 0.000000 0.532246 0.000000 0.846590 0.285843 0.285843 0.285843
2868.784180 0.000000 2040.931396 0.000000 0.813468 0.000000 0.581609 0.734296 0.734296 0.734296
2832.044922 0.000000 2062.439941 0.000000 0.943020 0.000000 0.332737 0.652989 0.652989 0.652989
2810.336182 0.000000 2055.912598 0.000000 0.556394 0.000000 0.830919 0.717730 0.717730 0.717730
2841.063965 0.000000 2062.469727 0.000000 0.539332 0.000000 0.842093 0.370099 0.370099 0.370099
2868.002686 0.000000 2017.360718 0.000000 0.999927 0.000000 -0.012079 0.806152 0.806152 0.806152
2835.965820 0.000000 2062.344482 0.000000 0.896405 0.000000 0.443237 0.566128 0.566128 0.566128
2826.562744 0.000000 2053.062500 0.000000 0.984201 0.000000 0.177053 0.709350 0.709350 0.709350
2827.409912 0.000000 2044.489868 0.000000 0.323706 0.000000 -0.946158 1.432114 1.432114 1.432114
2821.582764 0.000000 2036.337402 0.000000 0.871844 0.000000 -0.489784 1.060679 1.060679 1.060679
2834.222900 0.000000 2067.184326 0.000000 0.940219 0.000000 -0.340571 0.933265 0.933265 0.933265
2825.665771 0.000000 2084.733154 0.000000 0.951132 0.000000 0.308786 0.764890 0.764890 0.764890
2861.494873 0.000000 2036.636963 0.000000 0.136007 0.000000 -0.990708 0.963292 0.963292 0.963292
2872.039307 0.000000 2039.014282 0.000000 0.603688 0.000000 -0.797220 1.269915 1.269915 1.269915
2863.231934 0.000000 2053.187500 0.000000 0.921037 0.000000 -0.389475 0.949416 0.949416 0.949416
2834.270752 0.000000 2048.879395 0.000000 0.586782 0.000000 -0.809745 1.280631 1.280631 1.280631
2843.765625 0.000000 2064.515869 0.000000 0.973137 0.000000 -0.230225 0.890939 0.890939 0.890939
2826.845947 0.000000 2035.176392 0.000000 0.003035 0.000000 -0.999995 1.457551 1.457551 1.457551
2851.484619 0.000000 2079.003906 0.000000 0.443748 0.000000 -0.896152 0.950890 0.950890 0.950890
2839.691162 0.000000 2068.142822 0.000000 0.997387 0.000000 -0.072246 0.827873 0.827873 0.827873
2857.600098 0.000000 2039.854980 0.000000 0.995318 0.000000 -0.096658 0.837317 0.837317 0.837317
2816.575439 0.000000 2049.446533 0.000000 0.967098 0.000000 -0.254405 0.931008 0.931008 0.931008
2872.945312 0.000000 2067.480469 0.000000 0.564916 0.000000 -0.825148 0.941492 0.941492 0.941492
2830.351807 0.000000 2084.046387 0.000000 0.352582 0.000000 -0.935781 0.942638 0.942638 0.942638
2870.426758 0.000000 2071.559814 0.000000 0.435287 0.000000 -0.900292 0.965596 0.965596 0.965596
2858.849609 0.000000 2035.206299 0.000000 0.992342 0.000000 0.123522 0.782934 0.782934 0.782934
2877.433105 0.000000 2069.820801 0.000000 0.959116 0.000000 -0.283012 0.832092 0.832092 0.832092
2847.960693 0.000000 2071.593994 0.000000 0.873957 0.000000 0.486004 0.601330 0.601330 0.601330
2851.965088 0.000000 2037.550415 0.000000 0.999762 0.000000 0.021828 0.788882 0.788882 0.788882
2849.219727 0.000000 2039.111816 0.000000 0.662822 0.000000 -0.748777 1.230974 1.230974 1.230974
2846.521484 0.000000 2030.574097 0.000000 0.933002 0.000000 -0.359872 0.928668 0.928668 0.928668
2825.236084 0.000000 2045.494873 0.000000 0.946942 0.000000 0.321404 0.633352 0.633352 0.633352
2865.560303 0.000000 2067.735352 0.000000 0.086732 0.000000 0.996232 0.551040 0.551040 0.551040
2865.920898 0.000000 2073.037109 0.000000 0.985885 0.000000 0.167423 0.779506 0.779506 0.779506
2809.658691 0.000000 2043.560059 0.000000 0.952942 0.000000 -0.303152 0.956862 0.956862 0.956862
2850.050293 0.000000 2048.106445 0.000000 0.708051 0.000000 0.706162 0.684119 0.684119 0.684119
2860.227539 0.000000 2066.509033 0.000000 0.570594 0.000000 -0.821232 1.123311 1.123311 1.123311
2828.433838 0.000000 2061.244873 0.000000 0.830468 0.000000 -0.557066 1.050174 1.050174 1.050174
2809.899414 0.000000 2046.360596 0.000000 0.448080 0.000000 -0.893993 1.363373 1.363373 1.363373
2824.831543 0.000000 2057.325439 0.000000 0.496086 0.000000 0.868273 0.400902 0.400902 0.400902
2814.791504 0.000000 2020.122314 0.000000 0.025823 0.000000 -0.999667 1.080796 1.080796 1.080796
2823.688721 0.000000 2025.664673 0.000000 0.361217 0.000000 0.932482 0.612868 0.612868 0.612868
2845.691406 0.000000 2033.267212 0.000000 0.881866 0.000000 0.471501 0.606816 0.606816 0.606816
2836.517822 0.000000 2064.726807 0.000000 0.998290 0.000000 0.058455 0.772782 0.772782 0.772782
2843.001709 0.000000 2081.591553 0.000000 0.290596 0.000000 -0.956846 1.014063 1.014063 1.014063
2829.097900 0.000000 2046.190308 0.000000 0.852385 0.000000 -0.522915 1.080249 1.080249 1.080249
2825.646484 0.000000 2064.319580 0.000000 0.991238 0.000000 0.132088 0.755021 0.755021 0.755021
2825.125732 0.000000 2059.888428 0.000000 0.922943 0.000000 -0.384937 0.930216 0.930216 0.930216
2812.865234 0.000000 2034.034424 0.000000 0.689109 0.000000 0.724657 0.652686 0.652686 0.652686
2855.243408 0.000000 2034.014648 0.000000 0.817552 0.000000 0.575854 0.589196 0.589196 0.589196
2817.009033 0.000000 2021.038574 0.000000 0.386113 0.000000 -0.922452 0.982951 0.982951 0.982951
2820.499268 0.000000 2038.296875 0.000000 0.992373 0.000000 -0.123275 0.862944 0.862944 0.862944
2831.721436 0.000000 2064.666016 0.000000 0.762813 0.000000 -0.646619 1.037334 1.037334 1.037334
2839.097656 0.000000 2083.284424 0.000000 0.999708 0.000000 -0.024170 0.803524 0.803524 0.803524
2823.536133 0.000000 2070.559326 0.000000 0.818339 0.000000 -0.574736 1.005443 1.005443 1.005443
2813.657227 0.000000 2040.386475 0.000000 0.806468 0.000000 0.591278 0.477798 0.477798 0.477798
2831.264404 0.000000 2079.631348 0.000000 0.625896 0.000000 0.779907 0.642782 0.642782 0.642782
2830.771973 0.000000 2032.461426 0.000000 0.508896 0.000000 -0.860828 0.996738 0.996738 0.996738
2829.300537 0.000000 2042.430542 0.000000 0.497121 0.000000 0.867681 0.264975 0.264975 0.264975
2828.978760 0.000000 2079.569092 0.000000 0.866007 0.000000 0.500031 0.712151 0.712151 0.712151
2836.239990 0.000000 2069.099609 0.000000 0.092078 0.000000 0.995752 0.265490 0.265490 0.265490
2849.806885 0.000000 2074.071533 0.000000 0.023827 0.000000 0.999716 0.311833 0.311833 0.311833
2812.565674 0.000000 2051.879395 0.000000 0.256816 0.000000 0.966460 0.532911 0.532911 0.532911
2828.625000 0.000000 2065.720215 0.000000 0.999525 0.000000 0.030826 0.789409 0.789409 0.789409
2835.308594 0.000000 2080.244629 0.000000 0.811775 0.000000 -0.583970 0.913341 0.913341 0.913341
2808.456543 0.000000 2078.892334 0.000000 0.726769 0.000000 -0.686882 0.927032 0.927032 0.927032
2832.343750 0.000000 2058.044922 0.000000 0.952674 0.000000 0.303993 0.671683 0.671683 0.671683
2822.590332 0.000000 2044.785522 0.000000 0.424483 0.000000 0.905436 0.223271 0.223271 0.223271
2809.854004 0.000000 2053.753906 0.000000 0.920784 0.000000 0.390072 0.724771 0.724771 0.724771
2828.907715 0.000000 2036.098877 0.000000 0.010821 0.000000 0.999941 0.102096 0.102096 0.102096
2845.824219 0.000000 2065.103027 0.000000 0.316017 0.000000 -0.948754 1.239135 1.239135 1.239135
2810.468750 0.000000 2037.707764 0.000000 0.952607 0.000000 -0.304202 0.891985 0.891985 0.891985
2836.136230 0.000000 2054.840088 0.000000 0.935003 0.000000 -0.354640 0.966533 0.966533 0.966533
2835.525879 0.000000 2045.611328 0.000000 0.520068 0.000000 -0.854125 1.268283 1.268283 1.268283
2825.241699 0.000000 2028.898804 0.000000 0.540632 0.000000 -0.841259 1.009628 1.009628 1.009628
2829.650635 0.000000 2038.135620 0.000000 0.574109 0.000000 0.818779 0.311442 0.311442 0.311442
2837.955566 0.000000 2049.367676 0.000000 0.829310 0.000000 0.558789 0.538289 0.538289 0.538289
2809.644775 0.000000 2063.216309 0.000000 0.539516 0.000000 0.841975 0.464151 0.464151 0.464151
2860.301025 0.000000 2055.568115 0.000000 0.976800 0.000000 -0.214153 0.909919 0.909919 0.909919
2828.992676 0.000000 2076.062988 0.000000 0.399260 0.000000 -0.916838 1.003893 1.003893 1.003893
2830.649658 0.000000 2050.249756 0.000000 0.180099 0.000000 0.983649 0.092227 0.092227 0.092227
2841.943604 0.000000 2050.901123 0.000000 0.670647 0.000000 0.741777 0.648110 0.648110 0.648110
2828.289551 0.000000 2039.875977 0.000000 0.756097 0.000000 -0.654459 1.163366 1.163366 1.163366
2839.753174 0.000000 2052.441895 0.000000 0.982987 0.000000 -0.183676 0.863458 0.863458 0.863458
2824.619141 0.000000 2067.709473 0.000000 0.911214 0.000000 -0.411934 0.936525 0.936525 0.936525
2865.578613 0.000000 2064.906982 0.000000 0.983128 0.000000 0.182918 0.764730 0.764730 0.764730
2821.596436 0.000000 2066.539062 0.000000 0.681210 0.000000 -0.732088 1.037872 1.037872 1.037872
2852.784424 0.000000 2051.091797 0.000000 0.884812 0.000000 -0.465948 0.891967 0.891967 0.891967
2835.618164 0.000000 2083.135254 0.000000 0.548473 0.000000 -0.836168 0.966134 0.966134 0.966134
2813.628662 0.000000 2036.419189 0.000000 0.871631 0.000000 -0.490162 0.946309 0.946309 0.946309
2849.058350 0.000000 2034.520020 0.000000 0.878807 0.000000 -0.477177 1.053344 1.053344 1.053344
2808.319824 0.000000 2071.177490 0.000000 0.641893 0.000000 0.766795 0.597551 0.597551 0.597551
2826.407471 0.000000 2055.948730 0.000000 0.029191 0.000000 -0.999574 1.585131 1.585131 1.585131
2876.136963 0.000000 2050.262207 0.000000 0.646724 0.000000 0.762725 0.559164 0.559164 0.559164
2828.492676 0.000000 2031.724243 0.000000 0.756636 0.000000 -0.653836 0.942332 0.942332 0.942332
2824.562988 0.000000 2032.582764 0.000000 0.895654 0.000000 0.444752 0.629703 0.629703 0.629703
2816.084229 0.000000 2033.015259 0.000000 0.792673 0.000000 -0.609646 0.936180 0.936180 0.936180
2833.955566 0.000000 2061.680664 0.000000 0.947937 0.000000 -0.318458 0.965064 0.965064 0.965064
2835.965820 0.000000 2060.207275 0.000000 0.220511 0.000000 -0.975384 1.486764 1.486764 1.486764
2822.369873 0.000000 2033.788574 0.000000 0.770227 0.000000 -0.637770 1.034819 1.034819 1.034819
2823.875977 0.000000 2041.034180 0.000000 0.404146 0.000000 0.914694 0.211890 0.211890 0.211890
2833.657471 0.000000 2044.360474 0.000000 0.514966 0.000000 -0.857210 1.324487 1.324487 1.324487
2873.536133 0.000000 2041.312134 0.000000 0.540415 0.000000 0.841398 0.346688 0.346688 0.346688
2878.218506 0.000000 2045.100952 0.000000 0.714695 0.000000 0.699436 0.653028 0.653028 0.653028
2860.359131 0.000000 2044.901855 0.000000 0.143763 0.000000 0.989612 0.392575 0.392575 0.392575
2809.577881 0.000000 2067.095947 0.000000 0.856135 0.000000 0.516752 0.623209 0.623209 0.623209
2817.459717 0.000000 2041.072266 0.000000 0.607493 0.000000 0.794325 0.332520 0.332520 0.332520
2875.017090 0.000000 2016.692383 0.000000 0.753619 0.000000 -0.657311 0.963306 0.963306 0.963306
2809.791992 0.000000 2058.687500 0.000000 0.214150 0.000000 -0.976801 1.214050 1.214050 1.214050
2833.509033 0.000000 2037.418213 0.000000 0.825645 0.000000 -0.564190 0.924514 0.924514 0.924514
2849.761475 0.000000 2078.024658 0.000000 0.909897 0.000000 -0.414833 0.890560 0.890560 0.890560
2839.014404 0.000000 2065.637451 0.000000 0.147272 0.000000 -0.989096 1.388303 1.388303 1.388303
2818.415039 0.000000 2062.708496 0.000000 0.259684 0.000000 0.965694 0.470814 0.470814 0.470814
2868.067627 0.000000 2063.295654 0.000000 0.997134 0.000000 -0.075660 0.816941 0.816941 0.816941
2831.373535 0.000000 2046.194092 0.000000 0.113244 0.000000 -0.993567 1.542201 1.542201 1.542201
2874.241943 0.000000 2038.038574 0.000000 0.318480 0.000000 -0.947929 1.163525 1.163525 1.163525
2851.487305 0.000000 2035.544067 0.000000 0.993414 0.000000 0.114576 0.741518 0.741518 0.741518
2871.854980 0.000000 2017.515259 0.000000 0.428521 0.000000 0.903532 0.227797 0.227797 0.227797
2811.669189 0.000000 2050.074219 0.000000 0.372452 0.000000 -0.928051 1.118251 1.118251 1.118251
2817.733643 0.000000 2068.670654 0.000000 0.021639 0.000000 0.999766 0.283297 0.283297 0.283297
2845.839600 0.000000 2037.293823 0.000000 0.555615 0.000000 0.831440 0.552955 0.552955 0.552955
2874.897461 0.000000 2025.238159 0.000000 0.070732 0.000000 0.997495 0.338636 0.338636 0.338636
2860.990234 0.000000 2057.379150 0.000000 0.788672 0.000000 0.614814 0.462770 0.462770 0.462770
2838.114746 0.000000 2051.397461 0.000000 0.894296 0.000000 -0.447475 0.939916 0.939916 0.939916
2832.402588 0.000000 2048.059570 0.000000 0.613687 0.000000 0.789550 0.336503 0.336503 0.336503
2869.360352 0.000000 2066.575195 0.000000 0.904583 0.000000 -0.426299 0.879162 0.879162 0.879162
2873.058350 0.000000 2020.127441 0.000000 0.243190 0.000000 -0.969979 1.474890 1.474890 1.474890
2841.560547 0.000000 2057.634277 0.000000 0.437127 0.000000 0.899400 0.560994 0.560994 0.560994
2813.910156 0.000000 2062.537598 0.000000 0.757301 0.000000 0.653066 0.601020 0.601020 0.601020
2816.491699 0.000000 2064.990967 0.000000 0.972454 0.000000 0.233094 0.734219 0.734219 0.734219
2857.256348 0.000000 2056.464111 0.000000 0.673052 0.000000 0.739596 0.376027 0.376027 0.376027
2837.907715 0.000000 2055.695801 0.000000 0.141593 0.000000 0.989925 0.143693 0.143693 0.143693
2829.040039 0.000000 2053.372070 0.000000 0.736240 0.000000 0.676721 0.421441 0.421441 0.421441
2872.601562 0.000000 2043.392212 0.000000 0.999752 0.000000 0.022290 0.790739 0.790739 0.790739
2869.823486 0.000000 2018.050781 0.000000 0.913197 0.000000 0.407519 0.586230 0.586230 0.586230
2831.373047 0.000000 2055.545166 0.000000 0.749697 0.000000 0.661781 0.431682 0.431682 0.431682
2822.688477 0.000000 2072.278809 0.000000 0.461855 0.000000 -0.886955 1.150724 1.150724 1.150724
2827.185303 0.000000 2033.290649 0.000000 0.210410 0.000000 -0.977613 1.258641 1.258641 1.258641
2827.535400 0.000000 2064.006104 0.000000 0.997834 0.000000 -0.065777 0.821561 0.821561 0.821561
2877.356934 0.000000 2024.792236 0.000000 0.817989 0.000000 -0.575234 0.957907 0.957907 0.957907
2816.934082 0.000000 2024.357910 0.000000 0.981581 0.000000 -0.191048 0.856438 0.856438 0.856438
2825.873047 0.000000 2074.013184 0.000000 0.777236 0.000000 -0.629209 0.931842 0.931842 0.931842
2840.105225 0.000000 2072.535889 0.000000 0.962264 0.000000 0.272116 0.699823 0.699823 0.699823
2832.394775 0.000000 2060.426025 0.000000 0.669579 0.000000 -0.742741 1.226359 1.226359 1.226359
2863.685303 0.000000 2064.146484 0.000000 0.246702 0.000000 0.969091 0.451600 0.451600 0.451600
2879.476318 0.000000 2059.840576 0.000000 0.549113 0.000000 -0.835748 1.021341 1.021341 1.021341
2862.175537 0.000000 2067.091064 0.000000 0.999064 0.000000 0.043246 0.791101 0.791101 0.791101
2823.147949 0.000000 2063.858398 0.000000 0.946222 0.000000 0.323519 0.688801 0.688801 0.688801
2809.624756 0.000000 2034.843018 0.000000 0.826781 0.000000 -0.562524 0.931254 0.931254 0.931254
2843.301758 0.000000 2070.584961 0.000000 0.833541 0.000000 0.552458 0.552171 0.552171 0.552171
2815.564941 0.000000 2041.652710 0.000000 0.510296 0.000000 0.859999 0.272742 0.272742 0.272742
2838.186523 0.000000 2080.212402 0.000000 0.620220 0.000000 0.784428 0.598282 0.598282 0.598282
2847.994629 0.000000 2037.647461 0.000000 0.991345 0.000000 0.131285 0.741621 0.741621 0.741621
2843.209961 0.000000 2077.575195 0.000000 0.967615 0.000000 -0.252429 0.871355 0.871355 0.871355
2842.562744 0.000000 2074.262451 0.000000 0.856629 0.000000 -0.515933 0.986224 0.986224 0.986224
2856.802734 0.000000 2037.973999 0.000000 0.352698 0.000000 0.935737 0.434981 0.434981 0.434981
2841.959717 0.000000 2055.072510 0.000000 0.983668 0.000000 0.179991 0.756987 0.756987 0.756987
2819.645508 0.000000 2024.302612 0.000000 0.488469 0.000000 -0.872581 1.077457 1.077457 1.077457
2870.518799 0.000000 2040.182129 0.000000 0.917258 0.000000 0.398294 0.648637 0.648637 0.648637
2828.786133 0.000000 2059.121582 0.000000 0.691756 0.000000 0.722132 0.389060 0.389060 0.389060
2815.871826 0.000000 2051.194580 0.000000 0.307010 0.000000 0.951706 0.515916 0.515916 0.515916
2874.492920 0.000000 2022.319214 0.000000 0.394984 0.000000 0.918688 0.362660 0.362660 0.362660
2814.666504 0.000000 2038.043823 0.000000 0.214417 0.000000 -0.976742 1.354661 1.354661 1.354661
2862.731201 0.000000 2019.258911 0.000000 0.919866 0.000000 0.392232 0.655100 0.655100 0.655100
2871.407227 0.000000 2037.263916 0.000000 0.153264 0.000000 0.988185 0.234012 0.234012 0.234012
2814.894775 0.000000 2076.635986 0.000000 0.931128 0.000000 -0.364693 0.880522 0.880522 0.880522
2861.554688 0.000000 2048.689209 0.000000 0.547927 0.000000 -0.836526 1.241336 1.241336 1.241336
2853.253906 0.000000 2039.202148 0.000000 0.678261 0.000000 0.734821 0.379626 0.379626 0.379626
2842.701172 0.000000 2066.920898 0.000000 0.438303 0.000000 -0.898827 1.239525 1.239525 1.239525
2830.031250 0.000000 2069.104736 0.000000 0.558477 0.000000 -0.829520 1.098930 1.098930 1.098930
2809.803223 0.000000 2024.903442 0.000000 0.913381 0.000000 -0.407107 0.939848 0.939848 0.939848
2833.007080 0.000000 2040.470093 0.000000 0.659968 0.000000 0.751294 0.446880 0.446880 0.446880
2853.906494 0.000000 2037.376831 0.000000 0.628842 0.000000 -0.777533 1.253647 1.253647 1.253647
2836.322754 0.000000 2052.537109 0.000000 0.548398 0.000000 0.836218 0.319355 0.319355 0.319355
2825.894287 0.000000 2043.353149 0.000000 0.135783 0.000000 0.990739 0.069368 0.069368 0.069368
2832.426025 0.000000 2066.431641 0.000000 0.625568 0.000000 0.780170 0.480055 0.480055 0.480055
2854.603760 0.000000 2054.645020 0.000000 0.998608 0.000000 -0.052747 0.822871 0.822871 0.822871
2860.064941 0.000000 2058.983398 0.000000 0.946088 0.000000 -0.323910 0.967996 0.967996 0.967996
2861.330078 0.000000 2042.132690 0.000000 0.156992 0.000000 0.987600 0.517760 0.517760 0.517760
2837.301025 0.000000 2074.791504 0.000000 0.024992 0.000000 0.999688 0.370860 0.370860 0.370860
2819.976562 0.000000 2069.666504 0.000000 0.341532 0.000000 0.939870 0.409420 0.409420 0.409420
2816.500488 0.000000 2058.190186 0.000000 0.658015 0.000000 0.753004 0.628009 0.628009 0.628009
2869.446777 0.000000 2059.634277 0.000000 0.998687 0.000000 -0.051229 0.811362 0.811362 0.811362
2852.750977 0.000000 2033.808594 0.000000 0.666301 0.000000 -0.745683 1.052119 1.052119 1.052119
2844.405029 0.000000 2068.924072 0.000000 0.301434 0.000000 0.953487 0.304961 0.304961 0.304961
2830.210693 0.000000 2061.900146 0.000000 0.939259 0.000000 0.343210 0.635571 0.635571 0.635571
2813.593018 0.000000 2058.745361 0.000000 0.609402 0.000000 0.792862 0.595213 0.595213 0.595213
2841.793213 0.000000 2064.149658 0.000000 0.914928 0.000000 0.403616 0.629894 0.629894 0.629894
2827.964355 0.000000 2056.952393 0.000000 0.785528 0.000000 0.618826 0.492157 0.492157 0.492157
2808.395264 0.000000 2059.886475 0.000000 0.385182 0.000000 -0.922841 1.159173 1.159173 1.159173
2839.785156 0.000000 2060.988770 0.000000 0.918456 0.000000 -0.395524 1.007099 1.007099 1.007099
2810.916992 0.000000 2039.541138 0.000000 0.226325 0.000000 -0.974052 1.422057 1.422057 1.422057
2832.848389 0.000000 2053.859131 0.000000 0.509432 0.000000 0.860511 0.272231 0.272231 0.272231
2833.081299 0.000000 2073.927246 0.000000 0.812227 0.000000 -0.583342 0.955494 0.955494 0.955494
2878.531494 0.000000 2057.404785 0.000000 0.979941 0.000000 0.199289 0.751113 0.751113 0.751113
2809.421875 0.000000 2040.971313 0.000000 0.947739 0.000000 0.319046 0.634620 0.634620 0.634620
2814.489746 0.000000 2066.973389 0.000000 0.991953 0.000000 0.126606 0.765265 0.765265 0.765265
2858.729736 0.000000 2052.956543 0.000000 0.074172 0.000000 -0.997245 1.562190 1.562190 1.562190
2866.572754 0.000000 2020.748779 0.000000 0.745791 0.000000 0.666180 0.428685 0.428685 0.428685
2834.401123 0.000000 2051.527588 0.000000 0.002586 0.000000 0.999997 0.001317 0.001317 0.001317
2876.061279 0.000000 2056.625244 0.000000 0.841497 0.000000 -0.540261 0.919692 0.919692 0.919692
2807.920654 0.000000 2056.087402 0.000000 0.052151 0.000000 -0.998639 1.339883 1.339883 1.339883
2831.635986 0.000000 2075.928955 0.000000 0.815580 0.000000 -0.578645 0.938032 0.938032 0.938032
2878.574951 0.000000 2051.645996 0.000000 0.013580 0.000000 0.999908 0.392573 0.392573 0.392573
2857.722656 0.000000 2043.004150 0.000000 0.991426 0.000000 -0.130669 0.857841 0.857841 0.857841
2818.269531 0.000000 2066.527588 0.000000 0.770573 0.000000 -0.637352 1.020833 1.020833 1.020833
2813.742676 0.000000 2073.170166 0.000000 0.735220 0.000000 0.677828 0.634882 0.634882 0.634882
2818.405518 0.000000 2027.527466 0.000000 0.591636 0.000000 -0.806206 1.071561 1.071561 1.071561
2835.099854 0.000000 2077.937256 0.000000 0.593442 0.000000 -0.804876 1.009255 1.009255 1.009255
2812.097656 0.000000 2043.009399 0.000000 0.220051 0.000000 -0.975488 1.487004 1.487004 1.487004
2819.921143 0.000000 2065.691406 0.000000 0.999978 0.000000 0.006684 0.797877 0.797877 0.797877
2878.917480 0.000000 2048.115967 0.000000 0.998401 0.000000 -0.056535 0.816720 0.816720 0.816720
2807.706543 0.000000 2063.785156 0.000000 0.270973 0.000000 -0.962587 1.222040 1.222040 1.222040
2816.524170 0.000000 2045.124268 0.000000 0.575897 0.000000 -0.817522 1.287444 1.287444 1.287444
2845.780518 0.000000 2074.694336 0.000000 0.934610 0.000000 -0.355675 0.931455 0.931455 0.931455
2813.089355 0.000000 2025.830322 0.000000 0.201252 0.000000 -0.979539 1.234474 1.234474 1.234474
2876.829834 0.000000 2021.536621 0.000000 0.669331 0.000000 -0.742965 1.094389 1.094389 1.094389
2858.299316 0.000000 2048.704590 0.000000 0.557729 0.000000 -0.830023 1.298676 1.298676 1.298676
2826.819580 0.000000 2060.470703 0.000000 0.999999 0.000000 0.001182 0.799551 0.799551 0.799551
2837.914062 0.000000 2068.495361 0.000000 0.930278 0.000000 -0.366855 0.935789 0.935789 0.935789
2876.773682 0.000000 2048.608643 0.000000 0.835445 0.000000 -0.549573 0.982450 0.982450 0.982450
2810.609131 0.000000 2068.636719 0.000000 0.999886 0.000000 0.015087 0.795902 0.795902 0.795902
2821.480713 0.000000 2039.884277 0.000000 0.999955 0.000000 -0.009446 0.804811 0.804811 0.804811
2809.928467 0.000000 2049.788086 0.000000 0.511553 0.000000 0.859252 0.285876 0.285876 0.285876
2819.458008 0.000000 2055.771240 0.000000 0.973363 0.000000 0.229268 0.746407 0.746407 0.746407
2873.592285 0.000000 2047.504028 0.000000 0.855241 0.000000 0.518231 0.669433 0.669433 0.669433
2852.161133 0.000000 2032.132324 0.000000 0.902319 0.000000 0.431069 0.666481 0.666481 0.666481
2807.842529 0.000000 2029.141479 0.000000 0.765260 0.000000 0.643722 0.583500 0.583500 0.583500
2865.237549 0.000000 2061.334229 0.000000 0.878437 0.000000 0.477859 0.676613 0.676613 0.676613
2849.604248 0.000000 2043.892090 0.000000 0.654611 0.000000 -0.755966 1.031105 1.031105 1.031105
2817.633789 0.000000 2029.516235 0.000000 0.930232 0.000000 -0.366973 0.899062 0.899062 0.899062
2827.337646 0.000000 2069.350830 0.000000 0.994012 0.000000 -0.109267 0.833894 0.833894 0.833894
2807.700684 0.000000 2050.051758 0.000000 0.985156 0.000000 0.171659 0.745561 0.745561 0.745561
2815.056396 0.000000 2027.401123 0.000000 0.360830 0.000000 0.932631 0.418407 0.418407 0.418407
2807.914062 0.000000 2026.529419 0.000000 0.170799 0.000000 -0.985306 1.275056 1.275056 1.275056
2867.417236 0.000000 2019.036743 0.000000 0.961821 0.000000 0.273678 0.658816 0.658816 0.658816
2811.341309 0.000000 2027.945557 0.000000 0.999973 0.000000 -0.007365 0.802236 0.802236 0.802236
2866.203857 0.000000 2017.395020 0.000000 0.097723 0.000000 -0.995214 1.550150 1.550150 1.550150
2864.825439 0.000000 2020.706543 0.000000 0.502683 0.000000 -0.864471 1.262939 1.262939 1.262939
2846.896729 0.000000 2070.214355 0.000000 0.357882 0.000000 0.933767 0.328371 0.328371 0.328371
2858.151123 0.000000 2069.854004 0.000000 0.433781 0.000000 -0.901019 1.151857 1.151857 1.151857
2837.737305 0.000000 2062.128906 0.000000 0.967011 0.000000 0.254736 0.668818 0.668818 0.668818
2835.564209 0.000000 2066.173584 0.000000 0.708090 0.000000 0.706122 0.499357 0.499357 0.499357
2824.734375 0.000000 2062.875488 0.000000 0.991206 0.000000 0.132325 0.749638 0.749638 0.749638
2830.539795 0.000000 2051.964844 0.000000 0.886842 0.000000 -0.462073 1.044631 1.044631 1.044631
2856.607422 0.000000 2054.844971 0.000000 0.998744 0.000000 -0.050101 0.825527 0.825527 0.825527
2816.361816 0.000000 2075.722412 0.000000 0.240303 0.000000 -0.970698 1.150139 1.150139 1.150139
2862.887695 0.000000 2060.613770 0.000000 0.555723 0.000000 -0.831367 1.141113 1.141113 1.141113
2812.782227 0.000000 2046.201538 0.000000 0.996841 0.000000 0.079420 0.759509 0.759509 0.759509
2861.742432 0.000000 2046.266235 0.000000 0.294660 0.000000 0.955602 0.352981 0.352981 0.352981
2820.205566 0.000000 2030.685669 0.000000 0.150013 0.000000 0.988684 0.411398 0.411398 0.411398
2843.171875 0.000000 2060.343018 0.000000 0.224796 0.000000 -0.974406 1.320776 1.320776 1.320776
2834.909912 0.000000 2047.217896 0.000000 0.997468 0.000000 0.071114 0.763752 0.763752 0.763752
2830.973145 0.000000 2042.597900 0.000000 0.608754 0.000000 -0.793359 1.266671 1.266671 1.266671
2848.985352 0.000000 2031.215210 0.000000 0.524967 0.000000 0.851123 0.470585 0.470585 0.470585
2840.118408 0.000000 2064.296875 0.000000 0.070138 0.000000 -0.997537 1.414397 1.414397 1.414397
2859.416016 0.000000 2043.376221 0.000000 0.931510 0.000000 -0.363716 0.918957 0.918957 0.918957
2825.481689 0.000000 2041.546509 0.000000 0.475286 0.000000 -0.879831 1.347751 1.347751 1.347751
2822.453125 0.000000 2060.494385 0.000000 0.286372 0.000000 -0.958119 1.252621 1.252621 1.252621
2851.073975 0.000000 2044.875732 0.000000 0.251482 0.000000 -0.967862 1.281205 1.281205 1.281205
2821.888916 0.000000 2043.252686 0.000000 0.979858 0.000000 -0.199693 0.902391 0.902391 0.902391
2867.347168 0.000000 2015.822388 0.000000 0.998310 0.000000 0.058120 0.772474 0.772474 0.772474
2815.070801 0.000000 2048.672119 0.000000 0.729161 0.000000 0.684342 0.482377 0.482377 0.482377
2838.144531 0.000000 2077.658691 0.000000 0.496435 0.000000 -0.868074 1.089761 1.089761 1.089761
2846.548340 0.000000 2072.562012 0.000000 0.913359 0.000000 0.407156 0.635847 0.635847 0.635847
2857.916260 0.000000 2058.911133 0.000000 0.642654 0.000000 -0.766156 1.164343 1.164343 1.164343
2853.870361 0.000000 2049.475098 0.000000 0.053152 0.000000 0.998586 0.302908 0.302908 0.302908
2826.828369 0.000000 2051.418701 0.000000 0.122936 0.000000 0.992415 0.062770 0.062770 0.062770
2818.043945 0.000000 2044.187988 0.000000 0.506895 0.000000 0.862008 0.270731 0.270731 0.270731
2812.365723 0.000000 2068.808838 0.000000 0.880526 0.000000 0.473997 0.638249 0.638249 0.638249
2825.663574 0.000000 2033.988037 0.000000 0.140711 0.000000 -0.990051 1.328228 1.328228 1.328228
2823.239258 0.000000 2036.303345 0.000000 0.022240 0.000000 0.999753 0.011328 0.011328 0.011328
2861.936768 0.000000 2062.849854 0.000000 0.360386 0.000000 0.932803 0.379841 0.379841 0.379841
2822.434326 0.000000 2054.970703 0.000000 0.957293 0.000000 0.289118 0.676396 0.676396 0.676396
2807.818359 0.000000 2047.171631 0.000000 0.948880 0.000000 0.315636 0.636452 0.636452 0.636452
2830.199707 0.000000 2065.244873 0.000000 0.678542 0.000000 0.734562 0.521528 0.521528 0.521528
2807.717773 0.000000 2040.342773 0.000000 0.316502 0.000000 -0.948592 1.435987 1.435987 1.435987
2822.927979 0.000000 2032.024170 0.000000 0.967511 0.000000 -0.252830 0.886785 0.886785 0.886785
2854.702148 0.000000 2052.405518 0.000000 0.853154 0.000000 0.521658 0.520502 0.520502 0.520502
2826.191406 0.000000 2068.086426 0.000000 0.988208 0.000000 -0.153119 0.847589 0.847589 0.847589
2859.615234 0.000000 2064.997803 0.000000 0.173394 0.000000 -0.984853 1.302054 1.302054 1.302054
2663.158691 0.000000 2132.200195 0.000000 0.284847 0.000000 0.958573 0.147109 0.147109 0.147109
2662.149658 0.000000 2125.217773 0.000000 0.792037 0.000000 -0.610473 1.134433 1.134433 1.134433
2657.226562 0.000000 2132.325439 0.000000 0.977795 0.000000 -0.209565 0.907528 0.907528 0.907528
2662.699463 0.000000 2128.748535 0.000000 0.997815 0.000000 -0.066071 0.833674 0.833674 0.833674
2662.196289 0.000000 2135.319092 0.000000 0.458490 0.000000 0.888700 0.242575 0.242575 0.242575
2660.207520 0.000000 2132.865479 0.000000 0.572271 0.000000 0.820065 0.310300 0.310300 0.310300
2652.807617 0.000000 2136.916016 0.000000 0.536165 0.000000 0.844113 0.683591 0.683591 0.683591
2654.414307 0.000000 2131.530273 0.000000 0.570244 0.000000 -0.821475 1.192766 1.192766 1.192766
2656.062744 0.000000 2134.998779 0.000000 0.118126 0.000000 0.992999 0.170531 0.170531 0.170531
2660.837891 0.000000 2130.461426 0.000000 0.170926 0.000000 -0.985284 1.512519 1.512519 1.512519
2661.053955 0.000000 2127.233154 0.000000 0.890505 0.000000 -0.454974 1.040562 1.040562 1.040562
2662.578613 0.000000 2123.051270 0.000000 0.741859 0.000000 -0.670556 1.080366 1.080366 1.080366
2660.781982 0.000000 2137.217285 0.000000 0.199620 0.000000 -0.979873 1.311608 1.311608 1.311608
2658.543945 0.000000 2130.689209 0.000000 0.780710 0.000000 -0.624893 1.143772 1.143772 1.143772
2653.260986 0.000000 2129.737549 0.000000 0.018702 0.000000 0.999825 0.465211 0.465211 0.465211
2657.995850 0.000000 2124.291504 0.000000 0.580730 0.000000 -0.814096 1.003270 1.003270 1.003270
2657.559570 0.000000 2137.296631 0.000000 0.033918 0.000000 0.999425 0.327297 0.327297 0.327297
2658.265381 0.000000 2134.022949 0.000000 0.708562 0.000000 -0.705648 1.198951 1.198951 1.198951
2654.542236 0.000000 2136.166504 0.000000 0.027323 0.000000 0.999627 0.460905 0.460905 0.460905
2655.430664 0.000000 2133.248291 0.000000 0.631562 0.000000 -0.775325 1.147314 1.147314 1.147314
2657.143799 0.000000 2127.701172 0.000000 0.616547 0.000000 -0.787318 1.124060 1.124060 1.124060
2652.076660 0.000000 2132.851074 0.000000 0.786955 0.000000 -0.617010 0.963349 0.963349 0.963349
2661.899170 0.000000 2133.499023 0.000000 0.999466 0.000000 0.032663 0.783362 0.783362 0.783362
2662.940918 0.000000 2126.872070 0.000000 0.826757 0.000000 0.562560 0.495707 0.495707 0.495707
2662.716797 0.000000 2137.263672 0.000000 0.978013 0.000000 0.208542 0.719859 0.719859 0.719859
2655.305908 0.000000 2127.501221 0.000000 0.410688 0.000000 0.911776 0.511207 0.511207 0.511207
2656.097900 0.000000 2130.882812 0.000000 0.990536 0.000000 -0.137256 0.870125 0.870125 0.870125
2660.684570 0.000000 2124.317871 0.000000 0.668135 0.000000 -0.744040 1.180424 1.180424 1.180424
2663.597412 0.000000 2134.047852 0.000000 0.253074 0.000000 0.967447 0.130307 0.130307 0.130307
2662.614990 0.000000 2130.599365 0.000000 0.229823 0.000000 0.973232 0.118104 0.118104 0.118104
2657.538574 0.000000 2129.367676 0.000000 0.639467 0.000000 -0.768819 1.220375 1.220375 1.220375
2660.697266 0.000000 2128.818604 0.000000 0.831945 0.000000 0.554858 0.500436 0.500436 0.500436
2664.632324 0.000000 2144.563477 0.000000 0.638782 0.000000 0.769388 0.775453 0.775453 0.775453
2699.691406 0.000000 2113.410645 0.000000 0.336236 0.000000 0.941778 0.763215 0.763215 0.763215
2664.295410 0.000000 2132.389648 0.000000 0.986264 0.000000 0.165175 0.715490 0.715490 0.715490
2679.082031 0.000000 2123.886230 0.000000 0.805623 0.000000 -0.592429 1.120397 1.120397 1.120397
2681.952393 0.000000 2116.202393 0.000000 0.346728 0.000000 -0.937966 1.419668 1.419668 1.419668
2680.525879 0.000000 2151.005371 0.000000 0.073643 0.000000 0.997285 0.716279 0.716279 0.716279
2663.713135 0.000000 2141.491943 0.000000 0.131335 0.000000 0.991338 0.679284 0.679284 0.679284
2664.137451 0.000000 2126.856201 0.000000 0.655070 0.000000 0.755568 0.363778 0.363778 0.363778
2667.662598 0.000000 2143.980225 0.000000 0.138677 0.000000 -0.990338 0.948688 0.948688 0.948688
2674.411621 0.000000 2129.208252 0.000000 0.996718 0.000000 -0.080948 0.841271 0.841271 0.841271
2667.379639 0.000000 2131.679688 0.000000 0.993022 0.000000 0.117931 0.739798 0.739798 0.739798
2664.915527 0.000000 2135.226562 0.000000 0.425548 0.000000 -0.904936 1.360315 1.360315 1.360315
2669.723633 0.000000 2127.922607 0.000000 0.174398 0.000000 0.984675 0.089277 0.089277 0.089277
2682.578369 0.000000 2149.046875 0.000000 0.102198 0.000000 0.994764 0.656294 0.656294 0.656294
2697.047607 0.000000 2112.385498 0.000000 0.889852 0.000000 -0.456249 0.852043 0.852043 0.852043
2667.473633 0.000000 2125.642090 0.000000 0.286800 0.000000 -0.957991 1.451854 1.451854 1.451854
2667.456299 0.000000 2112.678223 0.000000 0.154514 0.000000 0.987991 0.135558 0.135558 0.135558
2695.124268 0.000000 2124.572266 0.000000 0.922086 0.000000 0.386985 0.753970 0.753970 0.753970
2695.060059 0.000000 2117.312012 0.000000 0.290333 0.000000 -0.956926 0.952935 0.952935 0.952935
2672.320068 0.000000 2133.069580 0.000000 0.229946 0.000000 0.973203 0.211753 0.211753 0.211753
2682.041504 0.000000 2111.788330 0.000000 0.930201 0.000000 0.367052 0.637863 0.637863 0.637863
2668.935791 0.000000 2117.669922 0.000000 0.296747 0.000000 -0.954956 1.446557 1.446557 1.446557
2666.575439 0.000000 2117.210449 0.000000 0.992836 0.000000 -0.119486 0.860999 0.860999 0.860999
2670.345947 0.000000 2140.891357 0.000000 0.604052 0.000000 -0.796945 0.956561 0.956561 0.956561
2676.562744 0.000000 2122.932617 0.000000 0.165840 0.000000 -0.986153 1.515146 1.515146 1.515146
2670.807129 0.000000 2116.106934 0.000000 0.917839 0.000000 -0.396952 1.007891 1.007891 1.007891
2676.432861 0.000000 2130.290527 0.000000 0.994995 0.000000 -0.099928 0.833186 0.833186 0.833186
2680.898926 0.000000 2144.472656 0.000000 0.445998 0.000000 -0.895034 0.985972 0.985972 0.985972
2677.589355 0.000000 2125.602539 0.000000 0.998930 0.000000 0.046248 0.777269 0.777269 0.777269
2679.704346 0.000000 2121.649170 0.000000 0.006593 0.000000 0.999978 0.003358 0.003358 0.003358
2682.855469 0.000000 2118.305420 0.000000 0.618898 0.000000 0.785471 0.437312 0.437312 0.437312
2685.113525 0.000000 2142.174805 0.000000 0.954089 0.000000 0.299525 0.748966 0.748966 0.748966
2668.880859 0.000000 2130.018799 0.000000 0.521745 0.000000 -0.853101 1.320450 1.320450 1.320450
2682.989014 0.000000 2120.968750 0.000000 0.809570 0.000000 -0.587023 1.016773 1.016773 1.016773
2669.672852 0.000000 2136.371094 0.000000 0.649894 0.000000 0.760025 0.534455 0.534455 0.534455
2686.787598 0.000000 2128.446045 0.000000 0.834652 0.000000 -0.550778 0.991057 0.991057 0.991057
2673.838135 0.000000 2134.705322 0.000000 0.251965 0.000000 0.967736 0.374177 0.374177 0.374177
2692.608398 0.000000 2134.570557 0.000000 0.000159 0.000000 1.000000 0.508265 0.508265 0.508265
2666.484375 0.000000 2133.692383 0.000000 0.985079 0.000000 -0.172104 0.888091 0.888091 0.888091
2691.541504 0.000000 2141.595703 0.000000 0.256317 0.000000 0.966593 0.582577 0.582577 0.582577
2669.793457 0.000000 2143.569092 0.000000 0.849501 0.000000 -0.527586 0.891018 0.891018 0.891018
2681.257324 0.000000 2124.883301 0.000000 0.773455 0.000000 -0.633851 1.034467 1.034467 1.034467
2681.676758 0.000000 2114.077881 0.000000 0.990600 0.000000 0.136793 0.730113 0.730113 0.730113
2687.517822 0.000000 2130.511963 0.000000 0.392286 0.000000 0.919843 0.459508 0.459508 0.459508
2692.356689 0.000000 2125.734863 0.000000 0.926761 0.000000 0.375652 0.733085 0.733085 0.733085
2694.477783 0.000000 2119.384521 0.000000 0.988991 0.000000 0.147977 0.777159 0.777159 0.777159
2677.085205 0.000000 2142.192139 0.000000 0.753030 0.000000 0.657987 0.679519 0.679519 0.679519
2669.644287 0.000000 2132.403564 0.000000 0.134734 0.000000 -0.990882 1.482426 1.482426 1.482426
2687.456543 0.000000 2124.679443 0.000000 0.298114 0.000000 0.954530 0.415036 0.415036 0.415036
2684.508301 0.000000 2127.708740 0.000000 0.575186 0.000000 -0.818023 1.121432 1.121432 1.121432
2674.530273 0.000000 2127.072998 0.000000 0.740181 0.000000 0.672407 0.424417 0.424417 0.424417
2673.160156 0.000000 2130.934082 0.000000 0.767242 0.000000 -0.641358 1.154606 1.154606 1.154606
2680.578613 0.000000 2128.567139 0.000000 0.627862 0.000000 -0.778325 1.099296 1.099296 1.099296
2672.099854 0.000000 2128.999756 0.000000 0.476313 0.000000 -0.879276 1.347156 1.347156 1.347156
2685.219971 0.000000 2117.622559 0.000000 0.946416 0.000000 0.322951 0.709364 0.709364 0.709364
2678.385498 0.000000 2129.772949 0.000000 0.706882 0.000000 -0.707332 1.068344 1.068344 1.068344
2679.891602 0.000000 2137.018555 0.000000 0.598512 0.000000 -0.801114 1.007843 1.007843 1.007843
2689.673096 0.000000 2140.344971 0.000000 0.202329 0.000000 -0.979318 1.029349 1.029349 1.029349
2674.909424 0.000000 2145.893555 0.000000 0.196822 0.000000 0.980439 0.569708 0.569708 0.569708
2691.136230 0.000000 2122.073730 0.000000 0.132516 0.000000 0.991181 0.512819 0.512819 0.512819
2690.658203 0.000000 2118.546875 0.000000 0.909252 0.000000 -0.416247 0.872025 0.872025 0.872025
2684.894287 0.000000 2121.627930 0.000000 0.995644 0.000000 -0.093238 0.823125 0.823125 0.823125
2684.399170 0.000000 2144.515869 0.000000 0.764781 0.000000 -0.644291 0.917454 0.917454 0.917454
2689.524658 0.000000 2133.402832 0.000000 0.286557 0.000000 -0.958063 1.132383 1.132383 1.132383
2688.194336 0.000000 2127.045166 0.000000 0.434001 0.000000 -0.900912 1.140577 1.140577 1.140577
2684.773926 0.000000 2123.745361 0.000000 0.595745 0.000000 -0.803174 1.060768 1.060768 1.060768
2679.118164 0.000000 2119.264404 0.000000 0.243952 0.000000 -0.969787 1.474490 1.474490 1.474490
2688.674072 0.000000 2118.072266 0.000000 0.585410 0.000000 0.810737 0.635726 0.635726 0.635726
2683.200928 0.000000 2129.275146 0.000000 0.976044 0.000000 0.217575 0.726407 0.726407 0.726407
2691.146729 0.000000 2115.063232 0.000000 0.803070 0.000000 -0.595885 0.942797 0.942797 0.942797
2672.949707 0.000000 2120.342285 0.000000 0.998668 0.000000 -0.051597 0.826290 0.826290 0.826290
2665.640381 0.000000 2130.827393 0.000000 0.465936 0.000000 0.884818 0.246852 0.246852 0.246852
2671.580566 0.000000 2137.637207 0.000000 0.802795 0.000000 0.596255 0.613720 0.613720 0.613720
2675.661133 0.000000 2120.287109 0.000000 0.693259 0.000000 0.720689 0.390121 0.390121 0.390121
2670.682129 0.000000 2134.028320 0.000000 0.642093 0.000000 -0.766627 1.115796 1.115796 1.115796
2687.823730 0.000000 2121.416504 0.000000 0.020584 0.000000 -0.999788 1.168441 1.168441 1.168441
2665.818848 0.000000 2120.887939 0.000000 0.710687 0.000000 0.703509 0.538174 0.538174 0.538174
2689.022705 0.000000 2136.454590 0.000000 0.946201 0.000000 -0.323579 0.873708 0.873708 0.873708
2686.312988 0.000000 2114.621094 0.000000 0.409101 0.000000 0.912489 0.533724 0.533724 0.533724
2666.932617 0.000000 2135.525635 0.000000 0.971375 0.000000 -0.237553 0.897243 0.897243 0.897243
2666.073486 0.000000 2126.847412 0.000000 0.393498 0.000000 0.919325 0.205976 0.205976 0.205976
2665.437500 0.000000 2136.955811 0.000000 0.924814 0.000000 0.380418 0.621513 0.621513 0.621513
2680.837158 0.000000 2123.086182 0.000000 0.822497 0.000000 0.568770 0.564372 0.564372 0.564372
2674.421143 0.000000 2123.511963 0.000000 0.711809 0.000000 0.702374 0.403398 0.403398 0.403398
2688.861328 0.000000 2131.751953 0.000000 0.727517 0.000000 -0.686090 1.011416 1.011416 1.011416
2681.035889 0.000000 2117.931152 0.000000 0.771043 0.000000 0.636783 0.448424 0.448424 0.448424
2665.176025 0.000000 2128.349609 0.000000 0.650378 0.000000 0.759610 0.360623 0.360623 0.360623
2677.496338 0.000000 2135.868896 0.000000 0.999982 0.000000 -0.006076 0.801468 0.801468 0.801468
2663.858154 0.000000 2125.125977 0.000000 0.566451 0.000000 -0.824096 1.293306 1.293306 1.293306
2673.649414 0.000000 2125.500732 0.000000 0.614970 0.000000 -0.788551 1.262669 1.262669 1.262669
2685.656250 0.000000 2112.229736 0.000000 0.627545 0.000000 0.778580 0.530867 0.530867 0.530867
2671.072021 0.000000 2123.385742 0.000000 0.956466 0.000000 -0.291843 0.950829 0.950829 0.950829
2663.929688 0.000000 2122.513916 0.000000 0.993365 0.000000 0.115006 0.756031 0.756031 0.756031
2667.356934 0.000000 2123.929932 0.000000 0.669420 0.000000 -0.742884 1.226468 1.226468 1.226468
2691.996826 0.000000 2132.945801 0.000000 0.985483 0.000000 -0.169776 0.840888 0.840888 0.840888
2677.435303 0.000000 2119.026367 0.000000 0.723681 0.000000 -0.690135 1.187918 1.187918 1.187918
2683.279785 0.000000 2114.685059 0.000000 0.999563 0.000000 -0.029557 0.815056 0.815056 0.815056
2668.949707 0.000000 2113.487549 0.000000 0.638708 0.000000 0.769449 0.352850 0.352850 0.352850
2677.994629 0.000000 2116.257080 0.000000 0.724118 0.000000 0.689677 0.412404 0.412404 0.412404
2676.221191 0.000000 2126.670166 0.000000 0.021100 0.000000 -0.999777 1.484019 1.484019 1.484019
2668.166504 0.000000 2127.258789 0.000000 0.960385 0.000000 -0.278677 0.943833 0.943833 0.943833
2683.582275 0.000000 2116.825684 0.000000 0.985984 0.000000 -0.166837 0.876330 0.876330 0.876330
2681.679199 0.000000 2129.972412 0.000000 0.706006 0.000000 0.708206 0.535949 0.535949 0.535949
2679.254883 0.000000 2132.287842 0.000000 0.992212 0.000000 0.124562 0.765080 0.765080 0.765080
2678.135986 0.000000 2122.500977 0.000000 0.680563 0.000000 0.732690 0.384508 0.384508 0.384508
2663.733398 0.000000 2136.327148 0.000000 0.687661 0.000000 0.726032 0.490041 0.490041 0.490041
2678.943604 0.000000 2128.008789 0.000000 0.453653 0.000000 -0.891179 1.175659 1.175659 1.175659
3161.558350 0.000000 1918.505005 0.000000 0.409199 0.000000 -0.912445 1.385293 1.385293 1.385293
3157.802002 0.000000 1916.810425 0.000000 0.345173 0.000000 -0.938539 1.420513 1.420513 1.420513
3155.886230 0.000000 1918.848145 0.000000 0.717646 0.000000 0.696409 0.521507 0.521507 0.521507
3159.723633 0.000000 1917.544678 0.000000 0.995356 0.000000 0.096266 0.750896 0.750896 0.750896
3166.899658 0.000000 1919.509033 0.000000 0.895978 0.000000 0.444099 0.565638 0.565638 0.565638
3165.099854 0.000000 1918.936279 0.000000 0.036932 0.000000 -0.999318 1.581186 1.581186 1.581186
3156.177979 0.000000 1915.980225 0.000000 0.684860 0.000000 -0.728674 1.212520 1.212520 1.212520
3158.420410 0.000000 1914.909424 0.000000 0.926818 0.000000 0.375510 0.693901 0.693901 0.693901
3198.365723 0.000000 1896.362061 0.000000 0.299860 0.000000 -0.953983 0.827819 0.827819 0.827819
3201.503662 0.000000 1906.831543 0.000000 0.963794 0.000000 -0.266646 0.937465 0.937465 0.937465
3192.304443 0.000000 1904.360718 0.000000 0.419613 0.000000 0.907703 0.220535 0.220535 0.220535
3189.958740 0.000000 1908.116943 0.000000 0.961987 0.000000 -0.273094 0.940875 0.940875 0.940875
3198.186035 0.000000 1904.809937 0.000000 0.434892 0.000000 -0.900482 1.370858 1.370858 1.370858
3199.174316 0.000000 1899.914917 0.000000 0.466341 0.000000 -0.884605 0.862881 0.862881 0.862881
3216.407227 0.000000 1890.559937 0.000000 0.638382 0.000000 0.769719 0.408774 0.408774 0.408774
3205.729004 0.000000 1900.923340 0.000000 0.706710 0.000000 0.707503 0.399714 0.399714 0.399714
3198.690918 0.000000 1908.933350 0.000000 0.769310 0.000000 -0.638876 1.152960 1.152960 1.152960
3192.755615 0.000000 1900.748901 0.000000 0.960816 0.000000 0.277186 0.780367 0.780367 0.780367
3204.322754 0.000000 1904.532837 0.000000 0.362970 0.000000 -0.931801 1.410821 1.410821 1.410821
3188.322021 0.000000 1911.726318 0.000000 0.328006 0.000000 -0.944676 1.429797 1.429797 1.429797
3195.174316 0.000000 1905.032227 0.000000 0.062959 0.000000 0.998016 0.032086 0.032086 0.032086
3208.773926 0.000000 1895.433838 0.000000 0.211523 0.000000 -0.977373 1.491452 1.491452 1.491452
3202.484375 0.000000 1909.510864 0.000000 0.845163 0.000000 0.534508 0.512795 0.512795 0.512795
3200.802734 0.000000 1904.172241 0.000000 0.776033 0.000000 -0.630693 1.147567 1.147567 1.147567
3204.205566 0.000000 1907.460083 0.000000 0.644991 0.000000 -0.764190 1.242978 1.242978 1.242978
3207.959229 0.000000 1909.297852 0.000000 0.216412 0.000000 -0.976302 1.367332 1.367332 1.367332
3192.829346 0.000000 1906.913940 0.000000 0.561279 0.000000 0.827627 0.303505 0.303505 0.303505
3206.668945 0.000000 1903.240967 0.000000 0.914931 0.000000 0.403610 0.588408 0.588408 0.588408
3214.486084 0.000000 1892.139771 0.000000 0.246676 0.000000 -0.969098 1.470419 1.470419 1.470419
3211.093262 0.000000 1894.397339 0.000000 0.687608 0.000000 0.726082 0.386143 0.386143 0.386143
3188.135498 0.000000 1918.519409 0.000000 0.999961 0.000000 0.008831 0.795503 0.795503 0.795503
3190.278809 0.000000 1914.508301 0.000000 0.364233 0.000000 -0.931308 1.410130 1.410130 1.410130
3198.134766 0.000000 1902.223511 0.000000 0.853618 0.000000 -0.520899 1.079045 1.079045 1.079045
3209.018311 0.000000 1904.109009 0.000000 0.760764 0.000000 -0.649029 1.141381 1.141381 1.141381
3215.635010 0.000000 1888.228394 0.000000 0.988888 0.000000 0.148665 0.773774 0.773774 0.773774
3211.310303 0.000000 1902.597290 0.000000 0.666038 0.000000 0.745917 0.438478 0.438478 0.438478
3199.373047 0.000000 1906.605347 0.000000 0.912052 0.000000 -0.410075 1.015196 1.015196 1.015196
3189.989990 0.000000 1910.275024 0.000000 0.961962 0.000000 -0.273184 0.940923 0.940923 0.940923
3207.048340 0.000000 1894.148438 0.000000 0.999996 0.000000 -0.002809 0.801178 0.801178 0.801178
3187.306152 0.000000 1913.566162 0.000000 0.814662 0.000000 -0.579936 1.057003 1.057003 1.057003
3212.327637 0.000000 1898.949707 0.000000 0.598582 0.000000 -0.801062 1.169258 1.169258 1.169258
3201.376465 0.000000 1899.923828 0.000000 0.622264 0.000000 0.782807 0.342059 0.342059 0.342059
3206.271973 0.000000 1907.956299 0.000000 0.740062 0.000000 -0.672539 1.156522 1.156522 1.156522
3216.088623 0.000000 1893.716553 0.000000 0.715352 0.000000 -0.698765 1.045687 1.045687 1.045687
3195.142090 0.000000 1909.918823 0.000000 0.842697 0.000000 -0.538387 1.089546 1.089546 1.089546
3213.065430 0.000000 1896.525513 0.000000 0.009627 0.000000 -0.999954 1.582625 1.582625 1.582625
3210.927002 0.000000 1900.541138 0.000000 0.317667 0.000000 -0.948202 1.435361 1.435361 1.435361
3196.598633 0.000000 1903.564209 0.000000 0.348889 0.000000 0.937164 0.181505 0.181505 0.181505
3207.422119 0.000000 1899.755981 0.000000 0.476719 0.000000 0.879056 0.253079 0.253079 0.253079
3197.125977 0.000000 1906.582642 0.000000 0.044794 0.000000 -0.998996 1.577179 1.577179 1.577179
3204.404053 0.000000 1902.503052 0.000000 0.961660 0.000000 -0.274246 0.941485 0.941485 0.941485
3205.287598 0.000000 1912.130859 0.000000 0.491246 0.000000 -0.871021 1.146308 1.146308 1.146308
3205.431641 0.000000 1898.788330 0.000000 0.905024 0.000000 -0.425360 1.023764 1.023764 1.023764
3207.043945 0.000000 1911.017334 0.000000 0.049629 0.000000 -0.998768 1.267866 1.267866 1.267866
3202.503906 0.000000 1905.089844 0.000000 0.147069 0.000000 0.989126 0.075175 0.075175 0.075175
3200.714844 0.000000 1908.568848 0.000000 0.447847 0.000000 -0.894110 1.363505 1.363505 1.363505
3186.387695 0.000000 1911.880615 0.000000 0.820047 0.000000 0.572297 0.489684 0.489684 0.489684
3196.985352 0.000000 1909.679565 0.000000 0.999980 0.000000 0.006377 0.796752 0.796752 0.796752
3208.875000 0.000000 1897.394409 0.000000 0.975154 0.000000 -0.221529 0.913767 0.913767 0.913767
3204.125488 0.000000 1897.287109 0.000000 0.543084 0.000000 -0.839678 1.307610 1.307610 1.307610
3209.826416 0.000000 1905.770630 0.000000 0.883871 0.000000 -0.467731 1.035248 1.035248 1.035248
3203.884521 0.000000 1900.755371 0.000000 0.985151 0.000000 0.171689 0.712124 0.712124 0.712124
3214.496094 0.000000 1890.307739 0.000000 0.842794 0.000000 -0.538236 1.089455 1.089455 1.089455
3208.101318 0.000000 1907.311279 0.000000 0.270997 0.000000 0.962580 0.305471 0.305471 0.305471
3205.376709 0.000000 1906.032837 0.000000 0.697369 0.000000 0.716713 0.393033 0.393033 0.393033
3197.483887 0.000000 1900.524048 0.000000 0.998874 0.000000 0.047439 0.787299 0.787299 0.787299
3212.844482 0.000000 1893.673950 0.000000 0.917975 0.000000 0.396639 0.592282 0.592282 0.592282
3191.701172 0.000000 1908.319580 0.000000 0.939654 0.000000 -0.342126 0.977835 0.977835 0.977835
3217.104980 0.000000 1892.186523 0.000000 0.512514 0.000000 0.858679 0.472059 0.472059 0.472059
3186.999756 0.000000 1917.228882 0.000000 0.775534 0.000000 0.631306 0.636250 0.636250 0.636250
3189.288330 0.000000 1913.145874 0.000000 0.414246 0.000000 -0.910165 1.382473 1.382473 1.382473
3191.063721 0.000000 1906.740601 0.000000 0.415613 0.000000 -0.909541 1.381707 1.381707 1.381707
3199.310303 0.000000 1903.457153 0.000000 0.951093 0.000000 0.308905 0.640060 0.640060 0.640060
3193.967529 0.000000 1908.302612 0.000000 0.756015 0.000000 -0.654554 1.163430 1.163430 1.163430
3205.574951 0.000000 1913.801270 0.000000 0.979601 0.000000 -0.200951 0.866272 0.866272 0.866272
3194.537842 0.000000 1906.567627 0.000000 0.211866 0.000000 0.977299 0.108727 0.108727 0.108727
3202.995361 0.000000 1903.491211 0.000000 0.978370 0.000000 0.206861 0.693880 0.693880 0.693880
3207.197998 0.000000 1895.994995 0.000000 0.074410 0.000000 -0.997228 1.427585 1.427585 1.427585
3191.666016 0.000000 1910.641602 0.000000 0.973280 0.000000 0.229622 0.682002 0.682002 0.682002
3169.076416 0.000000 1918.918823 0.000000 0.044968 0.000000 -0.998988 1.577090 1.577090 1.577090
2922.611572 0.000000 1975.820679 0.000000 0.862666 0.000000 0.505774 0.529931 0.529931 0.529931
2916.051514 0.000000 1979.492676 0.000000 0.824678 0.000000 0.565602 0.493830 0.493830 0.493830
2944.038574 0.000000 1990.280273 0.000000 0.692267 0.000000 0.721641 0.391031 0.391031 0.391031
2881.244385 0.000000 1989.374268 0.000000 0.632311 0.000000 -0.774715 1.251371 1.251371 1.251371
2945.666504 0.000000 1981.461304 0.000000 0.765056 0.000000 -0.643963 0.839127 0.839127 0.839127
2922.510498 0.000000 1960.969482 0.000000 0.836564 0.000000 -0.547869 0.828951 0.828951 0.828951
2922.974609 0.000000 1980.028809 0.000000 0.513650 0.000000 0.858000 0.311809 0.311809 0.311809
2919.547363 0.000000 1978.044189 0.000000 0.881431 0.000000 0.472313 0.549471 0.549471 0.549471
2918.800537 0.000000 1961.149536 0.000000 0.791196 0.000000 0.611562 0.764515 0.764515 0.764515
2887.929443 0.000000 1989.476074 0.000000 0.287401 0.000000 0.957810 0.148466 0.148466 0.148466
2899.811279 0.000000 1978.275635 0.000000 0.661275 0.000000 -0.750144 0.869463 0.869463 0.869463
2886.967529 0.000000 1984.330444 0.000000 0.375045 0.000000 -0.927007 1.404204 1.404204 1.404204
2920.446777 0.000000 1973.237549 0.000000 0.944061 0.000000 0.329771 0.628846 0.628846 0.628846
2950.422607 0.000000 2010.007812 0.000000 0.670350 0.000000 0.742045 0.395878 0.395878 0.395878
2942.770020 0.000000 1983.732788 0.000000 0.829183 0.000000 -0.558977 0.867526 0.867526 0.867526
2888.693604 0.000000 1986.638184 0.000000 0.959580 0.000000 0.281436 0.654703 0.654703 0.654703
2917.645020 0.000000 1963.777222 0.000000 0.710307 0.000000 -0.703892 0.873300 0.873300 0.873300
2923.375732 0.000000 1972.965210 0.000000 0.970598 0.000000 -0.240707 0.923807 0.923807 0.923807
2905.457031 0.000000 1979.916870 0.000000 0.993760 0.000000 -0.111540 0.812278 0.812278 0.812278
2912.123291 0.000000 1985.298340 0.000000 0.859611 0.000000 0.510948 0.535440 0.535440 0.535440
2945.997070 0.000000 1988.274292 0.000000 0.589213 0.000000 -0.807978 1.202069 1.202069 1.202069
2910.298584 0.000000 1977.279907 0.000000 0.823772 0.000000 -0.566921 0.854174 0.854174 0.854174
2891.783447 0.000000 1981.881104 0.000000 0.970500 0.000000 -0.241100 0.826262 0.826262 0.826262
2882.060547 0.000000 1986.763794 0.000000 0.515907 0.000000 0.856645 0.276072 0.276072 0.276072
2893.752930 0.000000 1991.682373 0.000000 0.280461 0.000000 -0.959865 1.455220 1.455220 1.455220
2922.722168 0.000000 1970.201416 0.000000 0.821721 0.000000 0.569890 0.503288 0.503288 0.503288
2947.211182 0.000000 1990.611694 0.000000 0.935804 0.000000 0.352521 0.643862 0.643862 0.643862
2911.416260 0.000000 1982.756714 0.000000 0.964470 0.000000 -0.264192 0.899857 0.899857 0.899857
2922.916504 0.000000 1963.576782 0.000000 0.502319 0.000000 -0.864682 0.918911 0.918911 0.918911
2936.268555 0.000000 2002.902710 0.000000 0.459075 0.000000 0.888398 0.242910 0.242910 0.242910
2899.403076 0.000000 1996.843872 0.000000 0.747623 0.000000 -0.664123 1.090127 1.090127 1.090127
2934.038574 0.000000 2000.944824 0.000000 0.046793 0.000000 -0.998905 1.493978 1.493978 1.493978
2897.135254 0.000000 1999.328613 0.000000 0.050528 0.000000 0.998723 0.192741 0.192741 0.192741
2904.860596 0.000000 2002.898315 0.000000 0.463297 0.000000 0.886203 0.373669 0.373669 0.373669
2949.013428 0.000000 2004.410400 0.000000 0.866324 0.000000 0.499483 0.588999 0.588999 0.588999
2894.657227 0.000000 1998.350708 0.000000 0.035143 0.000000 0.999382 0.238729 0.238729 0.238729
2941.156738 0.000000 2004.596558 0.000000 0.420666 0.000000 -0.907216 1.315312 1.315312 1.315312
2901.954346 0.000000 2001.458374 0.000000 0.309624 0.000000 0.950859 0.293277 0.293277 0.293277
2932.459229 0.000000 2006.568481 0.000000 0.007979 0.000000 0.999968 0.569022 0.569022 0.569022
2889.005371 0.000000 1991.657471 0.000000 1.000000 0.000000 0.000130 0.799934 0.799934 0.799934
2943.006836 0.000000 1994.695312 0.000000 0.999995 0.000000 0.003139 0.798401 0.798401 0.798401
2899.906250 0.000000 2002.786987 0.000000 0.303675 0.000000 0.952776 0.235293 0.235293 0.235293
2916.918945 0.000000 1977.067993 0.000000 0.728349 0.000000 0.685207 0.415539 0.415539 0.415539
2879.718750 0.000000 1987.486938 0.000000 0.686102 0.000000 -0.727506 1.214913 1.214913 1.214913
2935.196045 0.000000 2009.355225 0.000000 0.999912 0.000000 -0.013299 0.804489 0.804489 0.804489
2921.154541 0.000000 1967.772949 0.000000 0.273102 0.000000 0.961985 0.352832 0.352832 0.352832
2921.049561 0.000000 2000.093384 0.000000 0.567127 0.000000 -0.823630 0.968162 0.968162 0.968162
2915.066406 0.000000 2012.865234 0.000000 0.954298 0.000000 -0.298857 0.841218 0.841218 0.841218
2890.924561 0.000000 1987.383179 0.000000 0.012875 0.000000 0.999917 0.006557 0.006557 0.006557
2893.557129 0.000000 2002.625244 0.000000 0.353472 0.000000 0.935445 0.374838 0.374838 0.374838
2881.936035 0.000000 1999.156250 0.000000 0.932793 0.000000 0.360412 0.612218 0.612218 0.612218
2942.311768 0.000000 1998.998535 0.000000 0.903078 0.000000 -0.429476 1.026083 1.026083 1.026083
2937.268555 0.000000 2006.354614 0.000000 0.440411 0.000000 0.897796 0.270116 0.270116 0.270116
2941.415283 0.000000 1989.399048 0.000000 0.622965 0.000000 -0.782250 1.135489 1.135489 1.135489
2895.875732 0.000000 2007.524658 0.000000 0.315769 0.000000 0.948836 0.395711 0.395711 0.395711
2923.341553 0.000000 1998.581665 0.000000 0.666976 0.000000 -0.745079 0.946072 0.946072 0.946072
2890.204102 0.000000 1996.322998 0.000000 0.907772 0.000000 0.419464 0.593381 0.593381 0.593381
2910.315430 0.000000 2007.295898 0.000000 0.951839 0.000000 -0.306598 0.898335 0.898335 0.898335
2883.473633 0.000000 1988.741455 0.000000 0.527632 0.000000 -0.849473 1.316928 1.316928 1.316928
2920.703857 0.000000 1980.157715 0.000000 0.687958 0.000000 -0.725751 1.213612 1.213612 1.213612
2921.799072 0.000000 1978.087158 0.000000 0.866064 0.000000 0.499932 0.533373 0.533373 0.533373
2907.300781 0.000000 1984.260376 0.000000 0.042346 0.000000 0.999103 0.198627 0.198627 0.198627
2896.837158 0.000000 1994.286011 0.000000 0.988526 0.000000 0.151050 0.729741 0.729741 0.729741
2948.425293 0.000000 2009.091064 0.000000 0.311823 0.000000 0.950140 0.299218 0.299218 0.299218
2921.360107 0.000000 2014.578003 0.000000 0.880538 0.000000 -0.473976 0.895665 0.895665 0.895665
2888.701904 0.000000 2000.657471 0.000000 0.123864 0.000000 -0.992299 1.302727 1.302727 1.302727
2917.816406 0.000000 1969.118652 0.000000 0.788680 0.000000 0.614803 0.556670 0.556670 0.556670
2908.100586 0.000000 2010.389160 0.000000 0.954816 0.000000 -0.297196 0.895223 0.895223 0.895223
2943.798584 0.000000 1997.422485 0.000000 0.999457 0.000000 -0.032951 0.816785 0.816785 0.816785
2882.693848 0.000000 1993.976807 0.000000 0.028042 0.000000 -0.999607 1.585716 1.585716 1.585716
2919.079590 0.000000 1990.132812 0.000000 0.735433 0.000000 -0.677597 1.023039 1.023039 1.023039
2881.197510 0.000000 1991.659302 0.000000 0.999573 0.000000 0.029228 0.785112 0.785112 0.785112
2905.898193 0.000000 1998.661743 0.000000 0.880677 0.000000 -0.473718 0.985303 0.985303 0.985303
2905.778320 0.000000 2007.575073 0.000000 0.999933 0.000000 -0.011598 0.804540 0.804540 0.804540
2927.807861 0.000000 1981.136841 0.000000 0.917664 0.000000 0.397357 0.719202 0.719202 0.719202
2900.984863 0.000000 1980.078491 0.000000 0.399506 0.000000 -0.916731 1.024694 1.024694 1.024694
2889.503174 0.000000 2004.078003 0.000000 0.097112 0.000000 0.995273 0.343836 0.343836 0.343836
2944.053955 0.000000 2001.380981 0.000000 0.951985 0.000000 0.306146 0.641537 0.641537 0.641537
2892.031982 0.000000 1995.100464 0.000000 0.483379 0.000000 -0.875411 1.343055 1.343055 1.343055
2913.407715 0.000000 1995.908203 0.000000 0.519183 0.000000 0.854663 0.476578 0.476578 0.476578
2918.303223 0.000000 2003.940674 0.000000 0.388243 0.000000 -0.921557 0.996636 0.996636 0.996636
2907.610352 0.000000 1987.150879 0.000000 0.257316 0.000000 -0.966327 1.331350 1.331350 1.331350
2950.141602 0.000000 1999.837158 0.000000 0.825705 0.000000 0.564102 0.510318 0.510318 0.510318
2907.173340 0.000000 2005.903198 0.000000 0.040755 0.000000 -0.999169 1.374497 1.374497 1.374497
2925.096680 0.000000 1992.509888 0.000000 0.959620 0.000000 -0.281300 0.851256 0.851256 0.851256
2918.399658 0.000000 1987.802979 0.000000 0.359375 0.000000 0.933193 0.201634 0.201634 0.201634
2946.674805 0.000000 1997.774048 0.000000 0.999968 0.000000 -0.007976 0.804062 0.804062 0.804062
2922.958252 0.000000 1996.525513 0.000000 0.998845 0.000000 -0.048043 0.810847 0.810847 0.810847
2950.923096 0.000000 2015.493408 0.000000 0.944432 0.000000 0.328707 0.692300 0.692300 0.692300
2943.955322 0.000000 1988.230957 0.000000 0.677972 0.000000 0.735088 0.407464 0.407464 0.407464
2892.796143 0.000000 2005.667969 0.000000 0.414666 0.000000 -0.909974 1.181309 1.181309 1.181309
2908.629883 0.000000 1999.548584 0.000000 0.989000 0.000000 0.147916 0.752262 0.752262 0.752262
2917.172852 0.000000 2012.955688 0.000000 0.503770 0.000000 -0.863838 0.983286 0.983286 0.983286
2906.518311 0.000000 2011.891113 0.000000 0.715997 0.000000 -0.698103 1.082434 1.082434 1.082434
2922.138672 0.000000 1965.635742 0.000000 0.996694 0.000000 0.081250 0.784404 0.784404 0.784404
2936.720459 0.000000 2010.709961 0.000000 0.909486 0.000000 0.415735 0.644150 0.644150 0.644150
2918.247559 0.000000 1984.025269 0.000000 0.965297 0.000000 0.261153 0.665436 0.665436 0.665436
2891.461182 0.000000 1991.729126 0.000000 0.475585 0.000000 -0.879670 1.347578 1.347578 1.347578
2919.453369 0.000000 1995.740356 0.000000 0.997532 0.000000 0.070220 0.780630 0.780630 0.780630
2909.157227 0.000000 2002.567017 0.000000 0.879510 0.000000 -0.475880 0.966414 0.966414 0.966414
2916.435303 0.000000 1998.487427 0.000000 0.748781 0.000000 -0.662817 0.921561 0.921561 0.921561
2924.992920 0.000000 1979.891235 0.000000 0.257583 0.000000 -0.966256 1.291984 1.291984 1.291984
2921.753662 0.000000 1982.040283 0.000000 0.196596 0.000000 -0.980485 1.499218 1.499218 1.499218
2893.065430 0.000000 1988.277710 0.000000 0.991202 0.000000 -0.132359 0.867608 0.867608 0.867608
2917.318848 0.000000 2008.115234 0.000000 0.807032 0.000000 -0.590508 0.914808 0.914808 0.914808
2948.151855 0.000000 2002.631470 0.000000 0.478574 0.000000 0.878047 0.367604 0.367604 0.367604
2884.286377 0.000000 2002.947876 0.000000 0.326867 0.000000 0.945071 0.394559 0.394559 0.394559
2888.294434 0.000000 1994.016968 0.000000 0.990295 0.000000 -0.138984 0.871014 0.871014 0.871014
2935.945557 0.000000 2004.886597 0.000000 0.369550 0.000000 0.929211 0.195162 0.195162 0.195162
2950.062012 0.000000 1993.063232 0.000000 0.998039 0.000000 0.062595 0.771728 0.771728 0.771728
2945.074707 0.000000 2006.893188 0.000000 0.992375 0.000000 -0.123258 0.836527 0.836527 0.836527
2885.137695 0.000000 1985.314819 0.000000 0.021994 0.000000 0.999758 0.011202 0.011202 0.011202
2912.239990 0.000000 1991.718140 0.000000 0.850619 0.000000 -0.525783 0.966967 0.966967 0.966967
2890.125244 0.000000 2002.229004 0.000000 0.944067 0.000000 0.329753 0.689259 0.689259 0.689259
2950.279785 0.000000 1997.177368 0.000000 0.944869 0.000000 0.327450 0.654083 0.654083 0.654083
2950.916992 0.000000 2003.762207 0.000000 0.990366 0.000000 -0.138478 0.858268 0.858268 0.858268
2917.462891 0.000000 1994.772705 0.000000 0.812197 0.000000 0.583383 0.628320 0.628320 0.628320
2919.075195 0.000000 2007.001709 0.000000 0.464608 0.000000 -0.885516 1.032426 1.032426 1.032426
2939.349365 0.000000 1997.057373 0.000000 0.988263 0.000000 0.152764 0.722199 0.722199 0.722199
2946.548340 0.000000 1994.356567 0.000000 0.608764 0.000000 -0.793351 1.266665 1.266665 1.266665
2914.535156 0.000000 2001.074219 0.000000 0.998093 0.000000 0.061728 0.786183 0.786183 0.786183
2912.746094 0.000000 2004.553223 0.000000 0.999951 0.000000 0.009873 0.797515 0.797515 0.797515
2921.108154 0.000000 1971.429565 0.000000 0.812162 0.000000 0.583431 0.482736 0.482736 0.482736
2934.732178 0.000000 2015.521118 0.000000 0.165490 0.000000 0.986211 0.222128 0.222128 0.222128
2912.097412 0.000000 1976.551392 0.000000 0.560799 0.000000 0.827952 0.570113 0.570113 0.570113
2915.293945 0.000000 1974.600586 0.000000 0.559867 0.000000 0.828582 0.423564 0.423564 0.423564
2941.457031 0.000000 1985.245483 0.000000 0.511579 0.000000 -0.859236 1.006469 1.006469 1.006469
2910.178711 0.000000 1984.228027 0.000000 0.836161 0.000000 -0.548485 1.062047 1.062047 1.062047
2915.202148 0.000000 1981.590820 0.000000 0.839795 0.000000 -0.542904 1.076234 1.076234 1.076234
2914.554932 0.000000 1978.278198 0.000000 0.742271 0.000000 -0.670099 1.118265 1.118265 1.118265
2913.057861 0.000000 1974.864746 0.000000 0.366525 0.000000 0.930408 0.556450 0.556450 0.556450
2886.828125 0.000000 1986.225586 0.000000 0.804849 0.000000 0.593479 0.476406 0.476406 0.476406
2889.761719 0.000000 1989.146606 0.000000 0.828583 0.000000 -0.559867 1.102636 1.102636 1.102636
2910.219971 0.000000 1994.206543 0.000000 0.929064 0.000000 0.369918 0.679669 0.679669 0.679669
2950.738770 0.000000 1989.299927 0.000000 0.765381 0.000000 0.643578 0.587748 0.587748 0.587748
2945.231934 0.000000 2004.250488 0.000000 0.811624 0.000000 0.584181 0.574471 0.574471 0.574471
2903.878174 0.000000 1998.540527 0.000000 0.649724 0.000000 -0.760170 1.138054 1.138054 1.138054
2894.710449 0.000000 1985.404663 0.000000 0.048046 0.000000 -0.998845 1.390004 1.390004 1.390004
2949.123291 0.000000 2014.920654 0.000000 0.998064 0.000000 -0.062201 0.818025 0.818025 0.818025
2951.371338 0.000000 2011.739136 0.000000 0.946449 0.000000 -0.322852 0.958891 0.958891 0.958891
2914.693359 0.000000 1970.936646 0.000000 0.984337 0.000000 0.176295 0.745137 0.745137 0.745137
2892.606934 0.000000 1993.205566 0.000000 0.395254 0.000000 0.918572 0.206950 0.206950 0.206950
2895.544678 0.000000 2003.076172 0.000000 0.437800 0.000000 0.899072 0.424989 0.424989 0.424989
2920.906250 0.000000 1993.378784 0.000000 0.960592 0.000000 -0.277963 0.899575 0.899575 0.899575
2916.156738 0.000000 1993.271484 0.000000 0.614599 0.000000 0.788839 0.469611 0.469611 0.469611
2900.624268 0.000000 1995.387939 0.000000 0.345920 0.000000 -0.938264 1.334994 1.334994 1.334994
2915.181641 0.000000 1989.228027 0.000000 0.637482 0.000000 -0.770466 1.184720 1.184720 1.184720
2934.331787 0.000000 2013.432129 0.000000 0.994736 0.000000 -0.102472 0.834034 0.834034 0.834034
2948.981689 0.000000 1991.543701 0.000000 0.752538 0.000000 -0.658549 1.091466 1.091466 1.091466
2940.771973 0.000000 2002.815186 0.000000 0.821176 0.000000 0.570675 0.490691 0.490691 0.490691
2947.711914 0.000000 2007.064819 0.000000 0.598392 0.000000 -0.801203 1.076550 1.076550 1.076550
2945.014160 0.000000 2009.729248 0.000000 0.295721 0.000000 -0.955274 1.155273 1.155273 1.155273
2940.201416 0.000000 2011.964600 0.000000 0.810331 0.000000 -0.585973 1.026328 1.026328 1.026328
2916.397217 0.000000 1972.939819 0.000000 0.090654 0.000000 0.995882 0.046233 0.046233 0.046233
2887.051514 0.000000 1991.103760 0.000000 0.833973 0.000000 0.551805 0.502303 0.502303 0.502303
2920.854980 0.000000 2007.833496 0.000000 0.726297 0.000000 -0.687381 0.995262 0.995262 0.995262
2909.608643 0.000000 1990.623901 0.000000 0.734777 0.000000 -0.678309 1.172214 1.172214 1.172214
2896.555176 0.000000 1990.226562 0.000000 0.932694 0.000000 -0.360667 0.936335 0.936335 0.936335
2898.090088 0.000000 1986.934326 0.000000 0.759164 0.000000 -0.650899 1.094441 1.094441 1.094441
2915.915771 0.000000 1996.739746 0.000000 0.963145 0.000000 0.268984 0.729834 0.729834 0.729834
2926.527344 0.000000 1986.292114 0.000000 0.735132 0.000000 -0.677924 0.981513 0.981513 0.981513
2945.704590 0.000000 2012.573608 0.000000 0.793940 0.000000 -0.607996 0.982737 0.982737 0.982737
2916.379883 0.000000 1984.386597 0.000000 0.966235 0.000000 -0.257663 0.932724 0.932724 0.932724
2891.095215 0.000000 1998.564697 0.000000 0.110475 0.000000 0.993879 0.251762 0.251762 0.251762
2881.306885 0.000000 2001.038452 0.000000 0.308848 0.000000 -0.951111 1.440091 1.440091 1.440091
2942.443848 0.000000 2010.893799 0.000000 0.996093 0.000000 0.088314 0.774391 0.774391 0.774391
2940.717773 0.000000 1991.098511 0.000000 0.480949 0.000000 -0.876748 1.218493 1.218493 1.218493
2950.992188 0.000000 2008.243652 0.000000 0.276117 0.000000 0.961124 0.160526 0.160526 0.160526
2941.844727 0.000000 2007.854248 0.000000 0.994916 0.000000 -0.100704 0.836064 0.836064 0.836064
2897.432861 0.000000 2001.093872 0.000000 0.938522 0.000000 -0.345220 0.937275 0.937275 0.937275
2894.770508 0.000000 1987.441040 0.000000 0.545275 0.000000 0.838257 0.307618 0.307618 0.307618
2898.899902 0.000000 1998.587158 0.000000 0.841760 0.000000 0.539852 0.559682 0.559682 0.559682
2879.719727 0.000000 1990.601074 0.000000 0.960317 0.000000 -0.278912 0.943958 0.943958 0.943958
2907.092041 0.000000 1981.952759 0.000000 0.537595 0.000000 -0.843203 1.014392 1.014392 1.014392
2888.647461 0.000000 1983.586304 0.000000 0.699432 0.000000 -0.714699 1.041709 1.041709 1.041709
2918.402344 0.000000 1970.809448 0.000000 0.185709 0.000000 -0.982605 1.504867 1.504867 1.504867
2917.772705 0.000000 1978.709961 0.000000 0.999507 0.000000 -0.031411 0.816000 0.816000 0.816000
2887.475586 0.000000 1997.678833 0.000000 0.976164 0.000000 -0.217032 0.911420 0.911420 0.911420
2924.875732 0.000000 1989.658325 0.000000 0.918894 0.000000 -0.394505 0.912581 0.912581 0.912581
2892.122803 0.000000 1984.582275 0.000000 0.558969 0.000000 0.829188 0.397763 0.397763 0.397763
2891.892578 0.000000 2001.981445 0.000000 0.669554 0.000000 0.742764 0.524109 0.524109 0.524109
2898.630127 0.000000 2004.232666 0.000000 0.750800 0.000000 0.660530 0.490173 0.490173 0.490173
2886.736816 0.000000 1988.150391 0.000000 0.993789 0.000000 0.111281 0.743207 0.743207 0.743207
2904.507568 0.000000 1984.890503 0.000000 0.957753 0.000000 -0.287592 0.913028 0.913028 0.913028
2902.656982 0.000000 1999.833008 0.000000 0.743772 0.000000 0.668433 0.513413 0.513413 0.513413
2933.807373 0.000000 2005.277832 0.000000 0.845007 0.000000 -0.534755 0.939733 0.939733 0.939733
2945.557129 0.000000 1991.421143 0.000000 0.895741 0.000000 -0.444576 1.033713 1.033713 1.033713
2949.127930 0.000000 2011.299561 0.000000 0.716891 0.000000 -0.697186 1.081966 1.081966 1.081966
2896.676270 0.000000 2004.599731 0.000000 0.885504 0.000000 -0.464633 0.975649 0.975649 0.975649
2903.021240 0.000000 1996.673828 0.000000 0.868498 0.000000 -0.495693 0.996808 0.996808 0.996808
2886.468262 0.000000 1994.721069 0.000000 0.989130 0.000000 -0.147047 0.875163 0.875163 0.875163
2903.732422 0.000000 2004.303955 0.000000 0.288262 0.000000 0.957552 0.299565 0.299565 0.299565
2890.104248 0.000000 1982.569824 0.000000 0.631986 0.000000 -0.774980 1.033761 1.033761 1.033761
2906.547607 0.000000 1989.432251 0.000000 0.566954 0.000000 0.823750 0.471337 0.471337 0.471337
2899.031006 0.000000 2013.213257 0.000000 0.336369 0.000000 -0.941730 1.162909 1.162909 1.162909
2921.887695 0.000000 1974.220947 0.000000 0.372388 0.000000 0.928077 0.194337 0.194337 0.194337
2885.167969 0.000000 1991.927979 0.000000 0.908803 0.000000 -0.417224 1.019195 1.019195 1.019195
2898.124512 0.000000 1995.578369 0.000000 0.585672 0.000000 -0.810548 1.224702 1.224702 1.224702
2921.475586 0.000000 1989.735474 0.000000 0.269497 0.000000 0.963001 0.320430 0.320430 0.320430
2909.385498 0.000000 1987.938232 0.000000 0.138091 0.000000 -0.990420 1.403581 1.403581 1.403581
2918.888916 0.000000 1974.230103 0.000000 0.894143 0.000000 -0.447781 1.036457 1.036457 1.036457
2893.287598 0.000000 1990.027466 0.000000 0.935052 0.000000 -0.354511 0.984564 0.984564 0.984564
2898.025391 0.000000 1992.914551 0.000000 0.110317 0.000000 0.993896 0.091296 0.091296 0.091296
2920.570312 0.000000 1984.279419 0.000000 0.354937 0.000000 0.934890 0.196859 0.196859 0.196859
2896.066650 0.000000 2013.559326 0.000000 0.532103 0.000000 -0.846680 1.082330 1.082330 1.082330
2901.319580 0.000000 2009.130249 0.000000 0.308717 0.000000 -0.951154 1.339743 1.339743 1.339743
2898.107910 0.000000 2010.880249 0.000000 0.258973 0.000000 0.965885 0.347767 0.347767 0.347767
2905.906006 0.000000 1987.709229 0.000000 0.996632 0.000000 0.082009 0.767697 0.767697 0.767697
2937.952148 0.000000 2002.823486 0.000000 0.747385 0.000000 0.664391 0.429906 0.429906 0.429906
2924.184082 0.000000 1981.365601 0.000000 0.749086 0.000000 -0.662473 1.042967 1.042967 1.042967
2894.965088 0.000000 1992.977905 0.000000 0.722776 0.000000 0.691082 0.411415 0.411415 0.411415
2898.305176 0.000000 1983.527710 0.000000 0.606794 0.000000 0.794859 0.546768 0.546768 0.546768
2936.817139 0.000000 2012.388550 0.000000 0.848595 0.000000 0.529043 0.588453 0.588453 0.588453
2882.886719 0.000000 1990.324707 0.000000 0.076432 0.000000 0.997075 0.038964 0.038964 0.038964
2882.534424 0.000000 2002.810791 0.000000 0.736712 0.000000 -0.676207 1.081799 1.081799 1.081799
2897.182861 0.000000 1985.001587 0.000000 0.779409 0.000000 0.626516 0.557942 0.557942 0.557942
2920.243408 0.000000 1966.299316 0.000000 0.980936 0.000000 -0.194331 0.867576 0.867576 0.867576
2908.770264 0.000000 1993.265259 0.000000 0.109956 0.000000 0.993936 0.199057 0.199057 0.199057
2923.891846 0.000000 1974.592041 0.000000 0.823649 0.000000 -0.567100 1.107095 1.107095 1.107095
2883.569580 0.000000 1986.016235 0.000000 0.269894 0.000000 0.962890 0.139182 0.139182 0.139182
2917.038086 0.000000 1967.391235 0.000000 0.895681 0.000000 0.444696 0.679428 0.679428 0.679428
2903.094971 0.000000 2002.724976 0.000000 0.622884 0.000000 0.782314 0.448324 0.448324 0.448324
2886.122559 0.000000 2003.060669 0.000000 0.156563 0.000000 -0.987668 1.274309 1.274309 1.274309
2911.341553 0.000000 1999.441528 0.000000 0.402048 0.000000 0.915619 0.469542 0.469542 0.469542
2890.610352 0.000000 2005.299683 0.000000 0.954385 0.000000 -0.298577 0.901130 0.901130 0.901130
2905.998779 0.000000 2004.286987 0.000000 0.833145 0.000000 -0.553055 1.029405 1.029405 1.029405
2906.569092 0.000000 2002.552002 0.000000 0.602418 0.000000 0.798181 0.452954 0.452954 0.452954
2904.640869 0.000000 1992.783325 0.000000 0.726715 0.000000 -0.686939 1.137275 1.137275 1.137275
2910.136719 0.000000 1981.674316 0.000000 0.912678 0.000000 -0.408678 0.912674 0.912674 0.912674
2918.540527 0.000000 1976.577515 0.000000 0.310920 0.000000 -0.950436 1.438980 1.438980 1.438980
2941.189697 0.000000 1994.621216 0.000000 0.153242 0.000000 0.988189 0.081184 0.081184 0.081184
2947.064941 0.000000 2003.914917 0.000000 0.678895 0.000000 0.734235 0.457465 0.457465 0.457465
2911.828857 0.000000 2006.197021 0.000000 0.431138 0.000000 -0.902286 1.155023 1.155023 1.155023
2916.013428 0.000000 1990.765503 0.000000 0.313673 0.000000 0.949531 0.399997 0.399997 0.399997
2945.656982 0.000000 2000.927368 0.000000 0.312259 0.000000 0.949997 0.161737 0.161737 0.161737
2950.527344 0.000000 2005.343140 0.000000 0.839316 0.000000 -0.543643 1.054846 1.054846 1.054846
2936.040039 0.000000 2007.897827 0.000000 0.372965 0.000000 -0.927845 1.364989 1.364989 1.364989
2919.229248 0.000000 1991.979370 0.000000 0.127385 0.000000 0.991853 0.367678 0.367678 0.367678
2903.697266 0.000000 2006.625977 0.000000 0.781569 0.000000 0.623819 0.536306 0.536306 0.536306
2879.725830 0.000000 1995.784790 0.000000 0.426054 0.000000 0.904698 0.224155 0.224155 0.224155
2935.249756 0.000000 1999.791992 0.000000 0.795009 0.000000 -0.606598 1.060350 1.060350 1.060350
2896.427490 0.000000 2015.466064 0.000000 0.855552 0.000000 -0.517717 0.952160 0.952160 0.952160
2879.688965 0.000000 1992.257080 0.000000 0.998043 0.000000 -0.062527 0.831865 0.831865 0.831865
2884.203613 0.000000 1993.402588 0.000000 0.614511 0.000000 -0.788908 1.262965 1.262965 1.262965
2977.471436 0.000000 1982.808350 0.000000 0.896726 0.000000 0.442586 0.789927 0.789927 0.789927
3020.613281 0.000000 1998.434448 0.000000 0.965034 0.000000 0.262127 0.664922 0.664922 0.664922
3001.572754 0.000000 1995.160278 0.000000 0.743281 0.000000 -0.668979 1.173229 1.173229 1.173229
2966.998779 0.000000 2000.842896 0.000000 0.079348 0.000000 -0.996847 1.559546 1.559546 1.559546
2968.754639 0.000000 1996.687866 0.000000 0.602203 0.000000 -0.798343 1.270864 1.270864 1.270864
2976.327881 0.000000 2000.345093 0.000000 0.428612 0.000000 0.903489 0.225595 0.225595 0.225595
2973.982178 0.000000 2004.101318 0.000000 0.019307 0.000000 0.999814 0.062511 0.062511 0.062511
3001.354492 0.000000 1982.563843 0.000000 0.362729 0.000000 0.931895 0.189048 0.189048 0.189048
2986.165283 0.000000 1983.382935 0.000000 0.724316 0.000000 0.689468 0.768092 0.768092 0.768092
3000.362793 0.000000 1999.540894 0.000000 0.217938 0.000000 -0.975963 1.488107 1.488107 1.488107
3002.205811 0.000000 1989.581909 0.000000 0.157085 0.000000 0.987585 0.085980 0.085980 0.085980
2978.232910 0.000000 1993.336548 0.000000 0.262814 0.000000 0.964847 0.135441 0.135441 0.135441
2951.829590 0.000000 1980.699341 0.000000 0.033263 0.000000 -0.999447 0.870629 0.870629 0.870629
2994.966797 0.000000 1980.028809 0.000000 0.845331 0.000000 -0.534242 1.087045 1.087045 1.087045
2962.576416 0.000000 1993.578857 0.000000 0.761683 0.000000 -0.647950 1.157590 1.157590 1.157590
2962.899658 0.000000 2000.455933 0.000000 0.594562 0.000000 0.804050 0.324279 0.324279 0.324279
2995.879639 0.000000 1988.066772 0.000000 0.414704 0.000000 -0.909956 1.382216 1.382216 1.382216
3017.573975 0.000000 2014.489380 0.000000 0.782901 0.000000 0.622147 0.506297 0.506297 0.506297
2955.428223 0.000000 1991.926392 0.000000 0.019098 0.000000 -0.999818 1.466309 1.466309 1.466309
2994.058594 0.000000 1985.206177 0.000000 0.963416 0.000000 0.268012 0.661813 0.661813 0.661813
2989.752441 0.000000 1996.907715 0.000000 0.964285 0.000000 -0.264865 0.936524 0.936524 0.936524
2960.614502 0.000000 2006.108887 0.000000 0.851470 0.000000 0.524403 0.562962 0.562962 0.562962
2966.054199 0.000000 1994.408325 0.000000 0.442563 0.000000 -0.896738 1.366511 1.366511 1.366511
2966.694336 0.000000 2004.744263 0.000000 0.135743 0.000000 0.990744 0.204017 0.204017 0.204017
2973.753418 0.000000 1998.019043 0.000000 0.935943 0.000000 0.352150 0.616721 0.616721 0.616721
2969.410400 0.000000 2002.900269 0.000000 0.331148 0.000000 0.943579 0.243329 0.243329 0.243329
2976.779053 0.000000 1996.733276 0.000000 0.994001 0.000000 -0.109367 0.855812 0.855812 0.855812
2975.353760 0.000000 1991.747803 0.000000 0.693807 0.000000 0.720161 0.404961 0.404961 0.404961
3022.477783 0.000000 1995.155762 0.000000 0.925850 0.000000 0.377890 0.622762 0.622762 0.622762
2976.953125 0.000000 2005.566284 0.000000 0.659973 0.000000 -0.751289 1.175187 1.175187 1.175187
2971.122559 0.000000 1985.002441 0.000000 0.646685 0.000000 0.762757 0.728958 0.728958 0.728958
2972.345459 0.000000 2007.710693 0.000000 0.939621 0.000000 0.342217 0.650716 0.650716 0.650716
2987.358887 0.000000 1994.923828 0.000000 0.736691 0.000000 -0.676229 1.132240 1.132240 1.132240
2997.500244 0.000000 1975.200684 0.000000 0.793070 0.000000 -0.609131 1.089094 1.089094 1.089094
3005.827393 0.000000 1995.542725 0.000000 0.079511 0.000000 -0.996834 1.559463 1.559463 1.559463
2979.197754 0.000000 2001.016602 0.000000 0.872203 0.000000 0.489145 0.539694 0.539694 0.539694
2992.797363 0.000000 1991.418213 0.000000 0.116832 0.000000 -0.993152 1.540362 1.540362 1.540362
3001.156006 0.000000 1992.316772 0.000000 0.638415 0.000000 -0.769692 1.247345 1.247345 1.247345
2953.057373 0.000000 2008.215698 0.000000 0.989224 0.000000 -0.146413 0.865739 0.865739 0.865739
3009.832275 0.000000 1987.201782 0.000000 0.904280 0.000000 0.426941 0.762998 0.762998 0.762998
2980.513916 0.000000 1994.963013 0.000000 0.179794 0.000000 0.983704 0.161474 0.161474 0.161474
2984.826172 0.000000 2000.156616 0.000000 0.958598 0.000000 0.284762 0.682926 0.682926 0.682926
2957.351562 0.000000 1990.092651 0.000000 0.119773 0.000000 0.992801 0.171250 0.171250 0.171250
2961.110840 0.000000 1998.394287 0.000000 0.995550 0.000000 0.094231 0.751937 0.751937 0.751937
2971.395264 0.000000 1996.843872 0.000000 0.683794 0.000000 -0.729675 1.216526 1.216526 1.216526
2969.127441 0.000000 1999.328613 0.000000 0.599857 0.000000 0.800107 0.327641 0.327641 0.327641
2976.852783 0.000000 2002.898315 0.000000 0.940466 0.000000 -0.339887 0.973851 0.973851 0.973851
3004.918457 0.000000 1989.882446 0.000000 0.006835 0.000000 0.999977 0.200268 0.200268 0.200268
2996.476562 0.000000 1977.598877 0.000000 0.253802 0.000000 0.967256 0.130690 0.130690 0.130690
2995.468994 0.000000 1983.019531 0.000000 0.689945 0.000000 -0.723862 1.212216 1.212216 1.212216
3002.500488 0.000000 1997.955444 0.000000 0.947799 0.000000 -0.318869 0.965285 0.965285 0.965285
3002.124023 0.000000 2014.824585 0.000000 0.865179 0.000000 0.501464 0.532472 0.532472 0.532472
2966.649414 0.000000 1998.350708 0.000000 0.755767 0.000000 -0.654840 1.163623 1.163623 1.163623
2999.658203 0.000000 1996.986694 0.000000 0.979032 0.000000 0.203705 0.695522 0.695522 0.695522
2972.942383 0.000000 1992.323364 0.000000 0.850867 0.000000 -0.525381 1.081723 1.081723 1.081723
2973.946533 0.000000 2001.458374 0.000000 0.619654 0.000000 -0.784875 1.259637 1.259637 1.259637
3007.488037 0.000000 1998.065552 0.000000 0.999847 0.000000 0.017501 0.792694 0.792694 0.792694
2990.692383 0.000000 1999.225342 0.000000 0.925514 0.000000 0.378714 0.602186 0.602186 0.602186
2997.762695 0.000000 1999.531738 0.000000 0.719814 0.000000 0.694167 0.409237 0.409237 0.409237
2998.509521 0.000000 1988.124146 0.000000 0.941035 0.000000 0.338308 0.624233 0.624233 0.624233
3004.451416 0.000000 2006.568481 0.000000 0.076262 0.000000 -0.997088 1.561122 1.561122 1.561122
2960.997559 0.000000 1991.657471 0.000000 0.909615 0.000000 -0.415453 0.977130 0.977130 0.977130
2954.079102 0.000000 2004.876221 0.000000 0.943031 0.000000 0.332704 0.645552 0.645552 0.645552
2971.898438 0.000000 2002.786987 0.000000 0.725676 0.000000 0.688037 0.413556 0.413556 0.413556
2995.116699 0.000000 1990.381714 0.000000 0.189792 0.000000 0.981824 0.097250 0.097250 0.097250
3020.093018 0.000000 1995.972900 0.000000 0.827128 0.000000 -0.562014 1.046742 1.046742 1.046742
3019.567627 0.000000 2000.695190 0.000000 0.707980 0.000000 -0.706233 1.199371 1.199371 1.199371
2988.911133 0.000000 1977.067993 0.000000 0.798777 0.000000 -0.601628 0.899275 0.899275 0.899275
2974.302246 0.000000 2010.492676 0.000000 0.374863 0.000000 0.927080 0.335516 0.335516 0.335516
3000.715332 0.000000 2001.892090 0.000000 0.576638 0.000000 0.817000 0.313017 0.313017 0.313017
2982.158203 0.000000 1998.207886 0.000000 0.742883 0.000000 -0.669421 1.094432 1.094432 1.094432
2990.368164 0.000000 2011.240967 0.000000 0.845613 0.000000 0.533796 0.513224 0.513224 0.513224
2959.346191 0.000000 2010.740967 0.000000 0.998613 0.000000 0.052646 0.781065 0.781065 0.781065
3003.605957 0.000000 1993.956055 0.000000 0.837288 0.000000 0.546762 0.505376 0.505376 0.505376
2980.080811 0.000000 1991.728394 0.000000 0.848210 0.000000 0.529660 0.589292 0.589292 0.589292
2962.916748 0.000000 1987.383179 0.000000 0.945419 0.000000 0.325856 0.741663 0.741663 0.741663
2965.549316 0.000000 2002.625244 0.000000 0.809832 0.000000 -0.586662 1.104268 1.104268 1.104268
2970.704346 0.000000 1991.365479 0.000000 0.611736 0.000000 0.791062 0.366229 0.366229 0.366229
2971.951172 0.000000 2005.460571 0.000000 0.082406 0.000000 0.996599 0.107411 0.107411 0.107411
3004.671875 0.000000 2012.003418 0.000000 0.712101 0.000000 -0.702077 1.140429 1.140429 1.140429
2967.867920 0.000000 2007.524658 0.000000 0.995000 0.000000 0.099870 0.763237 0.763237 0.763237
3002.718262 0.000000 1987.312256 0.000000 0.248770 0.000000 -0.968563 1.450877 1.450877 1.450877
2977.608154 0.000000 1991.138428 0.000000 0.878444 0.000000 -0.477846 1.027861 1.027861 1.027861
3005.832520 0.000000 1974.834595 0.000000 0.028897 0.000000 0.999582 0.492047 0.492047 0.492047
2982.307617 0.000000 2007.295898 0.000000 0.715180 0.000000 0.698940 0.501681 0.501681 0.501681
2957.224365 0.000000 1997.166626 0.000000 0.645708 0.000000 0.763585 0.383530 0.383530 0.383530
2955.465820 0.000000 1988.741455 0.000000 0.627195 0.000000 0.778863 0.498633 0.498633 0.498633
3003.327637 0.000000 1991.587036 0.000000 0.229610 0.000000 0.973283 0.117992 0.117992 0.117992
2992.696045 0.000000 1980.157715 0.000000 0.969109 0.000000 -0.246634 0.913480 0.913480 0.913480
2993.791260 0.000000 1978.087158 0.000000 0.985051 0.000000 -0.172264 0.875033 0.875033 0.875033
2985.360596 0.000000 2014.465820 0.000000 0.077350 0.000000 -0.997004 1.301079 1.301079 1.301079
2958.736816 0.000000 2004.667847 0.000000 0.892690 0.000000 -0.450670 0.985815 0.985815 0.985815
2999.009033 0.000000 1976.871582 0.000000 0.997979 0.000000 0.063538 0.767619 0.767619 0.767619
2956.122803 0.000000 1999.065674 0.000000 0.656296 0.000000 -0.754504 1.235396 1.235396 1.235396
2994.782715 0.000000 2012.395142 0.000000 0.650045 0.000000 -0.759896 1.239600 1.239600 1.239600
2964.982910 0.000000 1999.784180 0.000000 0.698662 0.000000 0.715452 0.393953 0.393953 0.393953
2960.694092 0.000000 2000.657471 0.000000 0.801853 0.000000 0.597521 0.501983 0.501983 0.501983
2983.396484 0.000000 2002.589722 0.000000 0.306289 0.000000 0.951939 0.382422 0.382422 0.382422
2974.013428 0.000000 2006.259399 0.000000 0.498741 0.000000 -0.866751 1.277524 1.277524 1.277524
2976.106689 0.000000 2014.292236 0.000000 0.974547 0.000000 -0.224181 0.875866 0.875866 0.875866
2954.686035 0.000000 1993.976807 0.000000 0.795322 0.000000 0.606187 0.478723 0.478723 0.478723
2991.071777 0.000000 1990.132812 0.000000 0.985799 0.000000 0.167929 0.730917 0.730917 0.730917
2953.189697 0.000000 1991.659302 0.000000 0.342995 0.000000 -0.939337 1.304669 1.304669 1.304669
2954.814941 0.000000 2006.979736 0.000000 0.902088 0.000000 0.431551 0.599482 0.599482 0.599482
2977.890381 0.000000 1998.661743 0.000000 0.982324 0.000000 -0.187191 0.895901 0.895901 0.895901
2977.770508 0.000000 2007.575073 0.000000 0.984693 0.000000 0.174295 0.730720 0.730720 0.730720
2997.217773 0.000000 2012.742920 0.000000 0.240427 0.000000 -0.970667 1.476340 1.476340 1.476340
2966.754883 0.000000 2009.546143 0.000000 0.962868 0.000000 0.269974 0.703908 0.703908 0.703908
2971.329590 0.000000 2009.550537 0.000000 0.782581 0.000000 -0.622548 1.038900 1.038900 1.038900
2999.800049 0.000000 1981.136841 0.000000 0.978763 0.000000 0.204993 0.694852 0.694852 0.694852
3019.624023 0.000000 2013.737549 0.000000 0.952619 0.000000 -0.304166 0.957405 0.957405 0.957405
2961.495361 0.000000 2004.078003 0.000000 0.501399 0.000000 0.865216 0.323873 0.323873 0.323873
2997.597412 0.000000 1973.052368 0.000000 0.867947 0.000000 -0.496657 0.961936 0.961936 0.961936
3007.857422 0.000000 1980.937012 0.000000 0.546972 0.000000 0.837151 0.605826 0.605826 0.605826
2984.239746 0.000000 1997.926636 0.000000 0.976811 0.000000 -0.214105 0.886622 0.886622 0.886622
2985.399902 0.000000 1995.908203 0.000000 0.860990 0.000000 0.508622 0.579401 0.579401 0.579401
3000.112061 0.000000 1989.700928 0.000000 0.693391 0.000000 -0.720562 1.209786 1.209786 1.209786
2979.602539 0.000000 1987.150879 0.000000 0.893182 0.000000 -0.449694 0.890361 0.890361 0.890361
3022.133789 0.000000 1999.837158 0.000000 0.999916 0.000000 0.012939 0.793410 0.793410 0.793410
2997.491455 0.000000 2001.783447 0.000000 0.806796 0.000000 -0.590830 1.121919 1.121919 1.121919
2979.165527 0.000000 2005.903198 0.000000 0.078328 0.000000 0.996928 0.218772 0.218772 0.218772
3004.584473 0.000000 1979.723267 0.000000 0.760445 0.000000 0.649402 0.581195 0.581195 0.581195
2997.088867 0.000000 1992.509888 0.000000 0.882383 0.000000 -0.470532 1.049501 1.049501 1.049501
3003.840088 0.000000 1996.205322 0.000000 0.150123 0.000000 0.988667 0.076747 0.076747 0.076747
3005.852539 0.000000 1983.841309 0.000000 0.776754 0.000000 -0.629804 1.034044 1.034044 1.034044
2965.287598 0.000000 2012.864746 0.000000 0.276683 0.000000 0.960961 0.367005 0.367005 0.367005
3018.666992 0.000000 1997.774048 0.000000 0.265461 0.000000 0.964122 0.584147 0.584147 0.584147
2955.295166 0.000000 2011.901855 0.000000 0.481518 0.000000 -0.876436 1.277987 1.277987 1.277987
2951.712891 0.000000 2009.806885 0.000000 0.147367 0.000000 -0.989082 1.504779 1.504779 1.504779
2994.950439 0.000000 1996.525513 0.000000 0.712280 0.000000 -0.701896 1.196260 1.196260 1.196260
2962.297852 0.000000 2014.491455 0.000000 0.953976 0.000000 0.299882 0.711189 0.711189 0.711189
2975.839111 0.000000 1986.609863 0.000000 0.983500 0.000000 0.180908 0.762215 0.762215 0.762215
3001.372803 0.000000 2009.731201 0.000000 0.869690 0.000000 -0.493598 1.062909 1.062909 1.062909
3022.915283 0.000000 2015.493408 0.000000 0.877838 0.000000 0.478958 0.573555 0.573555 0.573555
2964.788330 0.000000 2005.667969 0.000000 0.849220 0.000000 -0.528039 1.008876 1.008876 1.008876
2978.417480 0.000000 1995.464478 0.000000 0.417937 0.000000 0.908476 0.219594 0.219594 0.219594
2980.622070 0.000000 1999.548584 0.000000 0.441460 0.000000 0.897281 0.301809 0.301809 0.301809
2995.748291 0.000000 2008.509766 0.000000 0.190923 0.000000 -0.981605 1.502163 1.502163 1.502163
2978.510498 0.000000 2011.891113 0.000000 0.549287 0.000000 -0.835634 1.163554 1.163554 1.163554
2990.239746 0.000000 1984.025269 0.000000 0.730903 0.000000 0.682481 0.597469 0.597469 0.597469
3004.703857 0.000000 1987.749512 0.000000 0.405729 0.000000 0.913993 0.385486 0.385486 0.385486
2963.453369 0.000000 1991.729126 0.000000 0.614972 0.000000 -0.788549 1.171948 1.171948 1.171948
2991.445557 0.000000 1995.740356 0.000000 0.579349 0.000000 0.815080 0.314709 0.314709 0.314709
2981.149414 0.000000 2002.567017 0.000000 0.126594 0.000000 0.991955 0.185764 0.185764 0.185764
2988.427490 0.000000 1998.487427 0.000000 0.560562 0.000000 0.828113 0.303064 0.303064 0.303064
2996.985107 0.000000 1979.891235 0.000000 0.906417 0.000000 0.422385 0.577909 0.577909 0.577909
3007.114258 0.000000 1993.884033 0.000000 0.996669 0.000000 -0.081553 0.832123 0.832123 0.832123
2993.745850 0.000000 1982.040283 0.000000 0.139780 0.000000 0.990183 0.162852 0.162852 0.162852
2965.057617 0.000000 1988.277710 0.000000 0.466270 0.000000 -0.884642 1.116594 1.116594 1.116594
2989.311035 0.000000 2008.115234 0.000000 0.657114 0.000000 -0.753791 1.156401 1.156401 1.156401
3020.144043 0.000000 2002.631470 0.000000 0.072849 0.000000 -0.997343 1.562865 1.562865 1.562865
2956.278564 0.000000 2002.947876 0.000000 0.977449 0.000000 -0.211170 0.897740 0.897740 0.897740
2960.286621 0.000000 1994.016968 0.000000 0.487428 0.000000 -0.873163 1.340696 1.340696 1.340696
3007.937744 0.000000 2004.886597 0.000000 0.663241 0.000000 -0.748406 1.156374 1.156374 1.156374
2953.408447 0.000000 1995.565430 0.000000 0.994517 0.000000 -0.104577 0.846872 0.846872 0.846872
3022.054199 0.000000 1993.063232 0.000000 0.879179 0.000000 0.476491 0.643272 0.643272 0.643272
2956.826172 0.000000 2006.913452 0.000000 0.866347 0.000000 0.499442 0.577529 0.577529 0.577529
2959.157471 0.000000 2013.221680 0.000000 0.756387 0.000000 -0.654124 1.036397 1.036397 1.036397
2957.638428 0.000000 2009.801758 0.000000 0.863882 0.000000 0.503694 0.577547 0.577547 0.577547
2997.747070 0.000000 2014.655884 0.000000 0.999996 0.000000 -0.002778 0.801415 0.801415 0.801415
2984.232178 0.000000 1991.718140 0.000000 0.557701 0.000000 -0.830042 1.054236 1.054236 1.054236
2962.117432 0.000000 2002.229004 0.000000 0.942595 0.000000 -0.333938 0.951644 0.951644 0.951644
3022.271973 0.000000 1997.177368 0.000000 0.854955 0.000000 -0.518702 1.077735 1.077735 1.077735
3022.909180 0.000000 2003.762207 0.000000 0.657823 0.000000 -0.753172 1.234364 1.234364 1.234364
2982.504639 0.000000 2012.820557 0.000000 0.281464 0.000000 -0.959572 1.272402 1.272402 1.272402
2989.455078 0.000000 1994.772705 0.000000 0.381131 0.000000 0.924521 0.199145 0.199145 0.199145
2994.148682 0.000000 1987.197144 0.000000 0.992731 0.000000 0.120351 0.738557 0.738557 0.738557
2995.820801 0.000000 1986.057129 0.000000 0.791496 0.000000 0.611174 0.465116 0.465116 0.465116
2991.067383 0.000000 2007.001709 0.000000 0.942660 0.000000 -0.333754 0.955635 0.955635 0.955635
2986.527344 0.000000 2001.074219 0.000000 0.538860 0.000000 -0.842395 1.274156 1.274156 1.274156
2984.738281 0.000000 2004.553223 0.000000 0.641806 0.000000 -0.766867 1.098477 1.098477 1.098477
3003.518555 0.000000 2003.469849 0.000000 0.590264 0.000000 -0.807210 1.248418 1.248418 1.248418
2974.647217 0.000000 1989.944458 0.000000 0.376401 0.000000 -0.926457 1.209405 1.209405 1.209405
2970.411133 0.000000 2007.864990 0.000000 0.407977 0.000000 -0.912992 1.271078 1.271078 1.271078
3000.780029 0.000000 2003.819458 0.000000 0.597380 0.000000 -0.801958 1.273934 1.273934 1.273934
2958.820312 0.000000 1986.225586 0.000000 0.087383 0.000000 -0.996175 1.105138 1.105138 1.105138
2961.753906 0.000000 1989.146606 0.000000 0.836429 0.000000 0.548075 0.622746 0.622746 0.622746
3007.545166 0.000000 1982.902466 0.000000 0.121033 0.000000 -0.992648 1.095283 1.095283 1.095283
2980.398682 0.000000 2014.779419 0.000000 0.614153 0.000000 0.789187 0.456690 0.456690 0.456690
2982.212158 0.000000 1994.206543 0.000000 0.531440 0.000000 -0.847096 1.217768 1.217768 1.217768
2999.652832 0.000000 2015.209351 0.000000 0.939916 0.000000 0.341405 0.622555 0.622555 0.622555
2981.008789 0.000000 2005.663940 0.000000 0.423260 0.000000 0.906008 0.367503 0.367503 0.367503
2975.870361 0.000000 1998.540527 0.000000 0.997881 0.000000 0.065070 0.766837 0.766837 0.766837
3021.115479 0.000000 2014.920654 0.000000 0.519815 0.000000 0.854279 0.278399 0.278399 0.278399
3023.363525 0.000000 2011.739136 0.000000 0.503156 0.000000 0.864196 0.268525 0.268525 0.268525
2964.599121 0.000000 1993.205566 0.000000 0.899160 0.000000 0.437619 0.569315 0.569315 0.569315
2967.536865 0.000000 2003.076172 0.000000 0.355977 0.000000 0.934495 0.197414 0.197414 0.197414
2992.898438 0.000000 1993.378784 0.000000 0.988314 0.000000 0.152431 0.722064 0.722064 0.722064
3003.495361 0.000000 1999.559570 0.000000 0.132287 0.000000 0.991211 0.067571 0.067571 0.067571
2988.148926 0.000000 1993.271484 0.000000 0.292216 0.000000 0.956352 0.250283 0.250283 0.250283
3001.319092 0.000000 2013.168457 0.000000 0.025718 0.000000 -0.999669 1.586900 1.586900 1.586900
2993.849854 0.000000 2001.755005 0.000000 0.605311 0.000000 0.795989 0.331122 0.331122 0.331122
2959.043701 0.000000 1991.103760 0.000000 0.970109 0.000000 0.242670 0.695235 0.695235 0.695235
2992.847168 0.000000 2007.833496 0.000000 0.375245 0.000000 -0.926926 1.404094 1.404094 1.404094
2981.600830 0.000000 1990.623901 0.000000 0.778423 0.000000 -0.627740 1.056174 1.056174 1.056174
3000.658447 0.000000 1979.211426 0.000000 0.999989 0.000000 0.004773 0.797569 0.797569 0.797569
2965.208008 0.000000 2010.580200 0.000000 0.568281 0.000000 0.822834 0.475744 0.475744 0.475744
2968.547363 0.000000 1990.226562 0.000000 0.999817 0.000000 0.019130 0.791174 0.791174 0.791174
2987.907959 0.000000 1996.739746 0.000000 0.309078 0.000000 -0.951037 1.374716 1.374716 1.374716
2998.519531 0.000000 1986.292114 0.000000 0.516025 0.000000 0.856574 0.276142 0.276142 0.276142
2963.087402 0.000000 1998.564697 0.000000 0.790478 0.000000 -0.612490 1.135731 1.135731 1.135731
2953.299072 0.000000 2001.038452 0.000000 0.892771 0.000000 -0.450510 1.038013 1.038013 1.038013
3003.649414 0.000000 1981.362915 0.000000 0.927779 0.000000 0.373131 0.618238 0.618238 0.618238
3022.984375 0.000000 2008.243652 0.000000 0.518581 0.000000 0.855029 0.277663 0.277663 0.277663
2999.303711 0.000000 1992.279419 0.000000 0.626707 0.000000 0.779255 0.344956 0.344956 0.344956
2969.425049 0.000000 2001.093872 0.000000 0.239862 0.000000 -0.970807 1.476637 1.476637 1.476637
2954.398926 0.000000 2009.642334 0.000000 0.146963 0.000000 0.989142 0.163242 0.163242 0.163242
2970.892090 0.000000 1998.587158 0.000000 0.814372 0.000000 -0.580343 1.115330 1.115330 1.115330
2989.400146 0.000000 2002.017212 0.000000 0.965176 0.000000 0.261602 0.680001 0.680001 0.680001
2951.711914 0.000000 1990.601074 0.000000 0.885599 0.000000 0.464452 0.607061 0.607061 0.607061
3001.311279 0.000000 2006.545776 0.000000 0.801043 0.000000 -0.598607 1.126846 1.126846 1.126846
2999.066650 0.000000 2000.881226 0.000000 0.402460 0.000000 0.915437 0.210952 0.210952 0.210952
2981.507324 0.000000 1996.508423 0.000000 0.335843 0.000000 0.941918 0.297094 0.297094 0.297094
2992.188965 0.000000 2010.433594 0.000000 0.712052 0.000000 0.702127 0.403574 0.403574 0.403574
3003.254395 0.000000 2013.146729 0.000000 0.193335 0.000000 0.981133 0.099088 0.099088 0.099088
3005.774414 0.000000 1977.417847 0.000000 0.624398 0.000000 -0.781106 1.038123 1.038123 1.038123
2959.467773 0.000000 1997.678833 0.000000 0.156546 0.000000 0.987671 0.096997 0.096997 0.096997
2996.867920 0.000000 1989.658325 0.000000 0.181606 0.000000 -0.983371 1.506993 1.506993 1.506993
2963.884766 0.000000 2001.981445 0.000000 0.981531 0.000000 -0.191304 0.898034 0.898034 0.898034
2970.622314 0.000000 2004.232666 0.000000 0.253990 0.000000 -0.967207 1.411475 1.411475 1.411475
2958.729004 0.000000 1988.150391 0.000000 0.983571 0.000000 0.180522 0.742357 0.742357 0.742357
2974.649170 0.000000 1999.833008 0.000000 0.989458 0.000000 -0.144819 0.874016 0.874016 0.874016
3005.799561 0.000000 2005.277832 0.000000 0.371179 0.000000 -0.928561 1.406326 1.406326 1.406326
3021.120117 0.000000 2011.299561 0.000000 0.927911 0.000000 -0.372801 0.994564 0.994564 0.994564
2968.668457 0.000000 2004.599731 0.000000 0.457236 0.000000 -0.889345 1.296857 1.296857 1.296857
2975.013428 0.000000 1996.673828 0.000000 0.549520 0.000000 0.835480 0.296303 0.296303 0.296303
2956.358398 0.000000 2013.514771 0.000000 0.955886 0.000000 0.293739 0.696392 0.696392 0.696392
2975.724609 0.000000 2004.303955 0.000000 0.900529 0.000000 -0.434795 1.019205 1.019205 1.019205
2961.929443 0.000000 2011.019287 0.000000 0.073243 0.000000 -0.997314 1.365269 1.365269 1.365269
3001.128418 0.000000 1988.170898 0.000000 0.998729 0.000000 0.050409 0.774316 0.774316 0.774316
2978.539795 0.000000 1989.432251 0.000000 0.908150 0.000000 0.418644 0.671456 0.671456 0.671456
2971.023193 0.000000 2013.213257 0.000000 0.313784 0.000000 -0.949494 1.169968 1.169968 1.169968
3001.922363 0.000000 1975.631226 0.000000 0.156175 0.000000 -0.987729 1.339394 1.339394 1.339394
2993.879883 0.000000 1974.220947 0.000000 0.120954 0.000000 -0.992658 1.251634 1.251634 1.251634
2957.160156 0.000000 1991.927979 0.000000 0.373920 0.000000 -0.927461 1.314691 1.314691 1.314691
2970.116699 0.000000 1995.578369 0.000000 0.233785 0.000000 -0.972288 1.479822 1.479822 1.479822
2993.467773 0.000000 1989.735474 0.000000 0.075867 0.000000 0.997118 0.173027 0.173027 0.173027
3005.654785 0.000000 2010.554688 0.000000 0.655562 0.000000 0.755141 0.364109 0.364109 0.364109
2965.279785 0.000000 1990.027466 0.000000 0.266080 0.000000 0.963951 0.251537 0.251537 0.251537
2970.017578 0.000000 1992.914551 0.000000 0.995866 0.000000 -0.090838 0.846327 0.846327 0.846327
2992.562500 0.000000 1984.279419 0.000000 0.701900 0.000000 -0.712276 1.124573 1.124573 1.124573
2968.058838 0.000000 2013.559326 0.000000 0.881681 0.000000 -0.471846 0.931509 0.931509 0.931509
2970.100098 0.000000 2010.880249 0.000000 0.069128 0.000000 0.997608 0.293156 0.293156 0.293156
2998.478027 0.000000 1995.769775 0.000000 0.653400 0.000000 -0.757013 1.237347 1.237347 1.237347
3003.192139 0.000000 2009.951660 0.000000 0.678982 0.000000 -0.734155 1.219875 1.219875 1.219875
2996.176270 0.000000 1981.365601 0.000000 0.154068 0.000000 -0.988060 1.521220 1.521220 1.521220
2966.957275 0.000000 1992.977905 0.000000 0.919247 0.000000 0.393682 0.593922 0.593922 0.593922
2954.878906 0.000000 1990.324707 0.000000 0.758700 0.000000 -0.651440 1.104656 1.104656 1.104656
2954.526611 0.000000 2002.810791 0.000000 0.121738 0.000000 0.992562 0.076622 0.076622 0.076622
3007.377930 0.000000 1996.326904 0.000000 0.097487 0.000000 0.995237 0.123285 0.123285 0.123285
2980.762451 0.000000 1993.265259 0.000000 0.333314 0.000000 0.942816 0.246824 0.246824 0.246824
2995.884033 0.000000 1974.592041 0.000000 0.556332 0.000000 -0.830960 1.183955 1.183955 1.183955
2991.045166 0.000000 2012.807861 0.000000 0.953939 0.000000 0.300002 0.644820 0.644820 0.644820
2975.087158 0.000000 2002.724976 0.000000 0.867166 0.000000 -0.498020 1.065503 1.065503 1.065503
3004.650146 0.000000 2002.004028 0.000000 0.997422 0.000000 0.071760 0.766864 0.766864 0.766864
2958.114746 0.000000 2003.060669 0.000000 0.189341 0.000000 0.981911 0.187991 0.187991 0.187991
2984.041504 0.000000 2010.704590 0.000000 0.538686 0.000000 -0.842507 1.136180 1.136180 1.136180
2983.333740 0.000000 1999.441528 0.000000 0.954934 0.000000 0.296817 0.679021 0.679021 0.679021
2963.460938 0.000000 2013.293701 0.000000 0.416839 0.000000 -0.908980 1.175954 1.175954 1.175954
2962.602539 0.000000 2005.299683 0.000000 0.473734 0.000000 -0.880668 1.191585 1.191585 1.191585
2977.990967 0.000000 2004.286987 0.000000 0.845413 0.000000 0.534113 0.551295 0.551295 0.551295
2989.598389 0.000000 2009.785645 0.000000 0.988220 0.000000 0.153043 0.735864 0.735864 0.735864
3000.307129 0.000000 1993.815552 0.000000 0.249232 0.000000 0.968444 0.128285 0.128285 0.128285
2978.561279 0.000000 2002.552002 0.000000 0.578786 0.000000 0.815479 0.363874 0.363874 0.363874
2976.633057 0.000000 1992.783325 0.000000 0.691818 0.000000 0.722072 0.389104 0.389104 0.389104
2987.018799 0.000000 1999.475586 0.000000 0.728620 0.000000 0.684918 0.483551 0.483551 0.483551
2990.532715 0.000000 1976.577515 0.000000 0.458815 0.000000 0.888532 0.500621 0.500621 0.500621
3019.057129 0.000000 2003.914917 0.000000 0.745158 0.000000 -0.666888 1.101813 1.101813 1.101813
2994.711182 0.000000 2015.655884 0.000000 0.881908 0.000000 0.471421 0.549986 0.549986 0.549986
2983.821045 0.000000 2006.197021 0.000000 0.066997 0.000000 -0.997753 1.379646 1.379646 1.379646
2988.005615 0.000000 1990.765503 0.000000 0.970728 0.000000 -0.240183 0.872181 0.872181 0.872181
2960.520020 0.000000 2007.838745 0.000000 0.887582 0.000000 0.460651 0.594431 0.594431 0.594431
2997.884277 0.000000 2011.140137 0.000000 0.422954 0.000000 -0.906151 1.377589 1.377589 1.377589
3001.920654 0.000000 2000.133667 0.000000 0.460147 0.000000 -0.887843 1.356474 1.356474 1.356474
3022.519531 0.000000 2005.343140 0.000000 0.960690 0.000000 -0.277623 0.943275 0.943275 0.943275
2991.221436 0.000000 1991.979370 0.000000 0.459941 0.000000 0.887949 0.352543 0.352543 0.352543
2995.399658 0.000000 2002.534424 0.000000 0.961722 0.000000 -0.274026 0.941369 0.941369 0.941369
2975.689453 0.000000 2006.625977 0.000000 0.904695 0.000000 0.426060 0.599576 0.599576 0.599576
2951.718018 0.000000 1995.784790 0.000000 0.812744 0.000000 -0.582621 1.065827 1.065827 1.065827
2983.753906 0.000000 2013.883423 0.000000 0.229242 0.000000 -0.973369 1.292254 1.292254 1.292254
2998.835205 0.000000 1974.221802 0.000000 0.627677 0.000000 -0.778474 1.190257 1.190257 1.190257
2953.099854 0.000000 2014.903198 0.000000 0.936967 0.000000 0.349417 0.663121 0.663121 0.663121
3004.776855 0.000000 1976.149048 0.000000 0.910961 0.000000 0.412492 0.687056 0.687056 0.687056
3007.241943 0.000000 1999.791992 0.000000 0.979017 0.000000 -0.203777 0.885661 0.885661 0.885661
3005.921143 0.000000 2008.026367 0.000000 0.999000 0.000000 -0.044715 0.822781 0.822781 0.822781
2951.681152 0.000000 1992.257080 0.000000 0.561860 0.000000 0.827232 0.360286 0.360286 0.360286
2956.195801 0.000000 1993.402588 0.000000 0.529391 0.000000 0.848378 0.286150 0.286150 0.286150
3000.296631 0.000000 2011.906738 0.000000 0.780602 0.000000 0.625028 0.456140 0.456140 0.456140
2953.252930 0.000000 2006.557495 0.000000 0.991359 0.000000 -0.131176 0.858855 0.858855 0.858855
2897.928955 0.000000 2020.217773 0.000000 0.228822 0.000000 0.973468 0.727744 0.727744 0.727744
2918.885742 0.000000 2018.322144 0.000000 0.773730 0.000000 0.633515 0.730116 0.730116 0.730116
2885.849854 0.000000 2042.597046 0.000000 0.173282 0.000000 0.984872 0.668898 0.668898 0.668898
2895.276367 0.000000 2021.334961 0.000000 0.812508 0.000000 -0.582951 0.863393 0.863393 0.863393
2903.232422 0.000000 2017.029785 0.000000 0.632762 0.000000 -0.774347 0.904366 0.904366 0.904366
2892.539307 0.000000 2026.948120 0.000000 0.688892 0.000000 -0.724864 0.913360 0.913360 0.913360
2907.597656 0.000000 2015.686768 0.000000 0.216946 0.000000 0.976184 0.589362 0.589362 0.589362
2926.207764 0.000000 2022.929077 0.000000 0.107689 0.000000 0.994185 0.560416 0.560416 0.560416
2893.565918 0.000000 2029.618042 0.000000 0.580561 0.000000 0.814216 0.657490 0.657490 0.657490
2931.115234 0.000000 2017.389526 0.000000 0.070636 0.000000 0.997502 0.509382 0.509382 0.509382
2897.653320 0.000000 2018.093262 0.000000 0.967443 0.000000 -0.253091 0.846505 0.846505 0.846505
2879.776611 0.000000 2018.354614 0.000000 0.595395 0.000000 -0.803433 1.068344 1.068344 1.068344
2890.506836 0.000000 2031.088623 0.000000 0.952345 0.000000 0.305024 0.747998 0.747998 0.747998
2895.771973 0.000000 2019.294556 0.000000 0.859558 0.000000 -0.511038 0.907130 0.907130 0.907130
2947.009277 0.000000 2016.692383 0.000000 0.999107 0.000000 -0.042258 0.807767 0.807767 0.807767
2881.784180 0.000000 2058.687500 0.000000 0.557155 0.000000 0.830409 0.592561 0.592561 0.592561
2883.661377 0.000000 2050.074219 0.000000 0.439283 0.000000 -0.898349 1.071927 1.071927 1.071927
2889.698242 0.000000 2047.742188 0.000000 0.415457 0.000000 -0.909613 1.060097 1.060097 1.060097
2888.926270 0.000000 2024.357910 0.000000 0.819551 0.000000 0.573006 0.665948 0.665948 0.665948
2891.637695 0.000000 2024.302612 0.000000 0.389886 0.000000 -0.920863 1.024385 1.024385 1.024385
2881.795410 0.000000 2024.903442 0.000000 0.680886 0.000000 0.732389 0.616165 0.616165 0.616165
2880.387451 0.000000 2059.886475 0.000000 0.246302 0.000000 -0.969193 1.079863 1.079863 1.079863
2879.912842 0.000000 2056.087402 0.000000 0.352688 0.000000 0.935741 0.505081 0.505081 0.505081
2885.081543 0.000000 2025.830322 0.000000 0.828178 0.000000 0.560465 0.666916 0.666916 0.666916
2881.920654 0.000000 2049.788086 0.000000 0.887137 0.000000 -0.461505 0.941793 0.941793 0.941793
2879.834717 0.000000 2029.141479 0.000000 0.838762 0.000000 -0.544498 0.983999 0.983999 0.983999
2879.692871 0.000000 2050.051758 0.000000 0.464268 0.000000 -0.885695 1.084659 1.084659 1.084659
2879.906250 0.000000 2026.529419 0.000000 0.889338 0.000000 -0.457250 0.929943 0.929943 0.929943
2883.333496 0.000000 2027.945557 0.000000 0.194598 0.000000 0.980883 0.451245 0.451245 0.451245
2938.196045 0.000000 2017.395020 0.000000 0.130392 0.000000 -0.991462 1.222785 1.222785 1.222785
2884.774414 0.000000 2046.201538 0.000000 0.810573 0.000000 -0.585638 0.982442 0.982442 0.982442
2931.407715 0.000000 2019.913940 0.000000 0.592703 0.000000 -0.805421 1.069307 1.069307 1.069307
2939.339355 0.000000 2015.822388 0.000000 0.828906 0.000000 0.559388 0.605552 0.605552 0.605552
2879.810547 0.000000 2047.171631 0.000000 0.615997 0.000000 -0.787749 1.104380 1.104380 1.104380
2993.531250 0.000000 2045.745605 0.000000 0.502091 0.000000 0.864815 0.783307 0.783307 0.783307
2997.985596 0.000000 2016.157104 0.000000 0.016766 0.000000 0.999859 0.008539 0.008539 0.008539
3016.613770 0.000000 2022.135864 0.000000 0.830318 0.000000 0.557291 0.502487 0.502487 0.502487
3020.801758 0.000000 2015.715576 0.000000 0.999951 0.000000 0.009868 0.794974 0.794974 0.794974
3006.000488 0.000000 2039.656494 0.000000 0.869411 0.000000 -0.494090 0.831997 0.831997 0.831997
2998.447754 0.000000 2019.871704 0.000000 0.760607 0.000000 0.649213 0.440158 0.440158 0.440158
3001.548828 0.000000 2015.768188 0.000000 0.992169 0.000000 -0.124900 0.863777 0.863777 0.863777
2992.787354 0.000000 2029.548706 0.000000 0.999736 0.000000 0.022961 0.789452 0.789452 0.789452
2988.899902 0.000000 2028.698730 0.000000 0.532042 0.000000 -0.846718 0.882688 0.882688 0.882688
3019.314209 0.000000 2020.637207 0.000000 0.622708 0.000000 -0.782454 1.230731 1.230731 1.230731
3022.521729 0.000000 2017.629883 0.000000 0.298183 0.000000 -0.954509 1.273580 1.273580 1.273580
2999.835938 0.000000 2017.816284 0.000000 0.771341 0.000000 -0.636422 1.151338 1.151338 1.151338
3017.138916 0.000000 2015.843140 0.000000 0.870579 0.000000 0.492028 0.574996 0.574996 0.574996
2993.464355 0.000000 2021.714966 0.000000 0.999794 0.000000 -0.020292 0.810335 0.810335 0.810335
2979.589844 0.000000 2015.686768 0.000000 0.984399 0.000000 0.175953 0.736767 0.736767 0.736767
3020.272949 0.000000 2018.345337 0.000000 0.763054 0.000000 0.646334 0.488401 0.488401 0.488401
3014.178955 0.000000 2022.125000 0.000000 0.930040 0.000000 -0.367459 0.989381 0.989381 0.989381
3015.937012 0.000000 2024.327881 0.000000 0.682015 0.000000 -0.731338 1.212851 1.212851 1.212851
3003.107422 0.000000 2017.389526 0.000000 0.007742 0.000000 -0.999970 1.514890 1.514890 1.514890
2958.575684 0.000000 2017.989380 0.000000 0.856014 0.000000 -0.516952 0.891146 0.891146 0.891146
2996.200684 0.000000 2019.589844 0.000000 0.973561 0.000000 0.228428 0.682626 0.682626 0.682626
3015.123047 0.000000 2026.281006 0.000000 0.991717 0.000000 0.128445 0.744178 0.744178 0.744178
2994.469482 0.000000 2023.643677 0.000000 0.991535 0.000000 0.129840 0.734466 0.734466 0.734466
2962.539795 0.000000 2017.718384 0.000000 0.309364 0.000000 -0.950944 1.025817 1.025817 1.025817
3019.001465 0.000000 2016.692383 0.000000 0.136074 0.000000 0.990699 0.069518 0.069518 0.069518
2976.756348 0.000000 2015.775391 0.000000 0.600103 0.000000 -0.799922 1.111098 1.111098 1.111098
2989.823975 0.000000 2037.293823 0.000000 0.264301 0.000000 0.964440 0.524078 0.524078 0.524078
3009.493408 0.000000 2034.328979 0.000000 0.652615 0.000000 0.757690 0.633436 0.633436 0.633436
3017.042725 0.000000 2020.127441 0.000000 0.853730 0.000000 0.520716 0.521064 0.521064 0.521064
2992.158447 0.000000 2019.775269 0.000000 0.202598 0.000000 0.979262 0.103901 0.103901 0.103901
2997.386475 0.000000 2018.008179 0.000000 0.268707 0.000000 0.963222 0.138554 0.138554 0.138554
2988.914307 0.000000 2018.878418 0.000000 0.309179 0.000000 -0.951004 1.226609 1.226609 1.226609
2982.802734 0.000000 2017.839844 0.000000 0.871520 0.000000 -0.490360 0.953538 0.953538 0.953538
2991.979004 0.000000 2037.647461 0.000000 0.513391 0.000000 -0.858155 1.069923 1.069923 1.069923
3000.787109 0.000000 2037.973999 0.000000 0.782973 0.000000 0.622056 0.569369 0.569369 0.569369
3018.477295 0.000000 2022.319214 0.000000 0.903863 0.000000 -0.427822 0.943037 0.943037 0.943037
2999.578857 0.000000 2040.656372 0.000000 0.999955 0.000000 -0.009535 0.802552 0.802552 0.802552
2997.238281 0.000000 2039.202148 0.000000 0.864238 0.000000 0.503083 0.649440 0.649440 0.649440
2990.952637 0.000000 2028.604614 0.000000 0.964298 0.000000 -0.264820 0.918300 0.918300 0.918300
2994.298096 0.000000 2041.423584 0.000000 0.271990 0.000000 0.962300 0.533529 0.533529 0.533529
3000.190186 0.000000 2020.444092 0.000000 0.579637 0.000000 0.814875 0.398594 0.398594 0.398594
2986.912109 0.000000 2015.752808 0.000000 0.916819 0.000000 0.399304 0.649870 0.649870 0.649870
2999.767578 0.000000 2015.970581 0.000000 0.978824 0.000000 -0.204703 0.904997 0.904997 0.904997
2992.754150 0.000000 2025.688843 0.000000 0.809871 0.000000 -0.586608 1.089211 1.089211 1.089211
3020.814209 0.000000 2021.536621 0.000000 0.818179 0.000000 -0.574963 1.053249 1.053249 1.053249
2980.763916 0.000000 2017.052246 0.000000 0.818102 0.000000 0.575073 0.618893 0.618893 0.618893
2991.287598 0.000000 2016.632202 0.000000 0.999985 0.000000 -0.005407 0.802754 0.802754 0.802754
3017.625244 0.000000 2023.992432 0.000000 0.962135 0.000000 0.272573 0.661055 0.661055 0.661055
3003.399902 0.000000 2019.913940 0.000000 0.074733 0.000000 -0.997204 1.263118 1.263118 1.263118
2992.969727 0.000000 2031.215210 0.000000 0.823401 0.000000 -0.567460 1.069958 1.069958 1.069958
2994.855469 0.000000 2020.800781 0.000000 0.326454 0.000000 0.945213 0.169366 0.169366 0.169366
3001.461670 0.000000 2017.540649 0.000000 0.670632 0.000000 -0.741790 1.225636 1.225636 1.225636
2991.131104 0.000000 2034.118530 0.000000 0.545054 0.000000 0.838401 0.478278 0.478278 0.478278
2990.265137 0.000000 2019.873535 0.000000 0.999036 0.000000 -0.043903 0.822367 0.822367 0.822367
2994.458252 0.000000 2029.467041 0.000000 0.240648 0.000000 0.970612 0.243110 0.243110 0.243110
3001.871338 0.000000 2020.945068 0.000000 0.258590 0.000000 -0.965987 1.351734 1.351734 1.351734
2996.441406 0.000000 2015.689697 0.000000 0.916817 0.000000 -0.399308 1.009199 1.009199 1.009199
3057.519287 0.000000 2002.815918 0.000000 0.945864 0.000000 0.324564 0.634293 0.634293 0.634293
3050.225098 0.000000 1993.336548 0.000000 0.993180 0.000000 -0.116594 0.859516 0.859516 0.859516
3026.853760 0.000000 1997.076904 0.000000 0.998837 0.000000 0.048207 0.775439 0.775439 0.775439
3054.201660 0.000000 2000.794312 0.000000 0.932033 0.000000 0.362374 0.611146 0.611146 0.611146
3027.158936 0.000000 2001.247314 0.000000 0.366056 0.000000 -0.930593 1.409132 1.409132 1.409132
3084.254395 0.000000 1976.826904 0.000000 0.988900 0.000000 0.148584 0.724046 0.724046 0.724046
3026.681641 0.000000 2014.346802 0.000000 0.964386 0.000000 -0.264499 0.926172 0.926172 0.926172
3027.260010 0.000000 1984.336182 0.000000 0.015460 0.000000 0.999880 0.706809 0.706809 0.706809
3066.011230 0.000000 2003.600464 0.000000 0.853183 0.000000 0.521612 0.752874 0.752874 0.752874
3051.189941 0.000000 2001.016602 0.000000 0.547777 0.000000 0.836624 0.295241 0.295241 0.295241
3025.049561 0.000000 2008.215698 0.000000 0.912837 0.000000 -0.408324 1.014218 1.014218 1.014218
3028.690430 0.000000 1994.971436 0.000000 0.065294 0.000000 -0.997866 1.410371 1.410371 1.410371
3030.715576 0.000000 2008.100098 0.000000 0.638191 0.000000 0.769878 0.426212 0.426212 0.426212
3026.044922 0.000000 1986.763794 0.000000 0.747852 0.000000 -0.663865 0.888447 0.888447 0.888447
3056.818359 0.000000 2000.156616 0.000000 0.523211 0.000000 -0.852203 1.319574 1.319574 1.319574
3033.103027 0.000000 1998.394287 0.000000 0.311427 0.000000 -0.950270 1.391119 1.391119 1.391119
3048.844971 0.000000 2002.898315 0.000000 0.997083 0.000000 -0.076325 0.833112 0.833112 0.833112
3071.422852 0.000000 2010.489624 0.000000 0.976891 0.000000 0.213737 0.717401 0.717401 0.717401
3024.260986 0.000000 1997.304443 0.000000 0.828773 0.000000 -0.559584 1.102463 1.102463 1.102463
3054.401855 0.000000 2014.782349 0.000000 0.636213 0.000000 -0.771513 1.167840 1.167840 1.167840
3095.207764 0.000000 1987.502441 0.000000 0.518716 0.000000 -0.854947 1.322256 1.322256 1.322256
3079.584961 0.000000 1973.112183 0.000000 0.610912 0.000000 0.791699 0.345663 0.345663 0.345663
3029.657227 0.000000 2014.748291 0.000000 0.248589 0.000000 0.968609 0.238638 0.238638 0.238638
3086.403320 0.000000 1975.575439 0.000000 0.161398 0.000000 -0.986889 1.517440 1.517440 1.517440
3087.314453 0.000000 2008.962280 0.000000 0.067444 0.000000 -0.997723 1.010172 1.010172 1.010172
3061.339600 0.000000 1991.856567 0.000000 0.299266 0.000000 -0.954170 0.949285 0.949285 0.949285
3079.180420 0.000000 2009.355225 0.000000 0.128550 0.000000 -0.991703 1.036143 1.036143 1.036143
3054.150391 0.000000 1998.207886 0.000000 0.765002 0.000000 -0.644028 1.156381 1.156381 1.156381
3031.338379 0.000000 2010.740967 0.000000 0.977393 0.000000 -0.211432 0.885949 0.885949 0.885949
3052.072998 0.000000 1991.728394 0.000000 0.029085 0.000000 0.999577 0.190327 0.190327 0.190327
3065.033936 0.000000 2000.093384 0.000000 0.923547 0.000000 -0.383486 0.858954 0.858954 0.858954
3025.920410 0.000000 1999.156250 0.000000 0.531901 0.000000 -0.846807 1.314365 1.314365 1.314365
3081.252930 0.000000 2006.354614 0.000000 0.999394 0.000000 0.034810 0.795411 0.795411 0.795411
3076.664062 0.000000 2012.003418 0.000000 0.939210 0.000000 -0.343344 0.949796 0.949796 0.949796
3049.600342 0.000000 1991.138428 0.000000 0.182146 0.000000 0.983272 0.351029 0.351029 0.351029
3054.299805 0.000000 2007.295898 0.000000 0.999713 0.000000 0.023946 0.791151 0.791151 0.791151
3029.216553 0.000000 1997.166626 0.000000 0.836743 0.000000 -0.547596 1.093973 1.093973 1.093973
3055.074219 0.000000 1987.299927 0.000000 0.921186 0.000000 -0.389122 0.857474 0.857474 0.857474
3057.352783 0.000000 2014.465820 0.000000 0.179221 0.000000 0.983809 0.222308 0.222308 0.222308
3030.729004 0.000000 2004.667847 0.000000 0.442305 0.000000 0.896865 0.255565 0.255565 0.255565
3028.114990 0.000000 1999.065674 0.000000 0.356152 0.000000 0.934428 0.185458 0.185458 0.185458
3066.774902 0.000000 2012.395142 0.000000 0.891855 0.000000 0.452321 0.604076 0.604076 0.604076
3032.686279 0.000000 2000.657471 0.000000 0.763629 0.000000 0.645656 0.467767 0.467767 0.467767
3055.388672 0.000000 2002.589722 0.000000 0.228060 0.000000 -0.973647 1.482819 1.482819 1.482819
3052.084961 0.000000 2010.389160 0.000000 0.629665 0.000000 0.776867 0.519251 0.519251 0.519251
3048.098877 0.000000 2014.292236 0.000000 0.941195 0.000000 0.337863 0.674722 0.674722 0.674722
3026.678223 0.000000 1993.976807 0.000000 0.635877 0.000000 -0.771790 1.208522 1.208522 1.208522
3026.807129 0.000000 2006.979736 0.000000 0.177371 0.000000 0.984144 0.090815 0.090815 0.090815
3049.882568 0.000000 1998.661743 0.000000 0.165082 0.000000 -0.986280 1.335952 1.335952 1.335952
3049.762695 0.000000 2007.575073 0.000000 0.982856 0.000000 0.184377 0.740001 0.740001 0.740001
3043.321777 0.000000 2009.550537 0.000000 0.490396 0.000000 -0.871500 0.962746 0.962746 0.962746
3091.616211 0.000000 2013.737549 0.000000 0.947766 0.000000 0.318966 0.732569 0.732569 0.732569
3033.487549 0.000000 2004.078003 0.000000 0.089759 0.000000 0.995964 0.220282 0.220282 0.220282
3079.849609 0.000000 1980.937012 0.000000 0.190168 0.000000 -0.981752 1.502555 1.502555 1.502555
3062.287598 0.000000 2003.940674 0.000000 0.795013 0.000000 0.606592 0.651602 0.651602 0.651602
3048.442383 0.000000 1994.608154 0.000000 0.892481 0.000000 -0.451086 0.992542 0.992542 0.992542
3051.594727 0.000000 1987.150879 0.000000 0.326497 0.000000 0.945198 0.579904 0.579904 0.579904
3051.157715 0.000000 2005.903198 0.000000 0.820382 0.000000 -0.571816 1.066250 1.066250 1.066250
3076.576660 0.000000 1979.723267 0.000000 0.996868 0.000000 0.079078 0.781976 0.781976 0.781976
3087.731445 0.000000 2013.529053 0.000000 0.619233 0.000000 -0.785208 1.012821 1.012821 1.012821
3027.287354 0.000000 2011.901855 0.000000 0.791168 0.000000 -0.611598 1.135157 1.135157 1.135157
3094.907471 0.000000 2015.493408 0.000000 0.969438 0.000000 0.245336 0.707921 0.707921 0.707921
3050.409668 0.000000 1995.464478 0.000000 0.316158 0.000000 0.948706 0.163829 0.163829 0.163829
3052.614258 0.000000 1999.548584 0.000000 0.859372 0.000000 -0.511351 1.073367 1.073367 1.073367
3067.740479 0.000000 2008.509766 0.000000 0.455192 0.000000 -0.890393 1.050046 1.050046 1.050046
3061.157227 0.000000 2012.955688 0.000000 0.152320 0.000000 -0.988331 1.261591 1.261591 1.261591
3050.502686 0.000000 2011.891113 0.000000 0.986217 0.000000 -0.165459 0.850794 0.850794 0.850794
3080.704834 0.000000 2010.709961 0.000000 0.668216 0.000000 0.743967 0.612326 0.612326 0.612326
3053.141602 0.000000 2002.567017 0.000000 0.956608 0.000000 -0.291377 0.950582 0.950582 0.950582
3060.419678 0.000000 1998.487427 0.000000 0.995373 0.000000 0.096082 0.766366 0.766366 0.766366
3061.303223 0.000000 2008.115234 0.000000 0.938240 0.000000 0.345985 0.689926 0.689926 0.689926
3028.270752 0.000000 2002.947876 0.000000 0.296438 0.000000 0.955052 0.153278 0.153278 0.153278
3025.400635 0.000000 1995.565430 0.000000 0.450739 0.000000 -0.892656 1.361857 1.361857 1.361857
3094.046387 0.000000 1993.063232 0.000000 0.944427 0.000000 0.328722 0.629411 0.629411 0.629411
3028.818359 0.000000 2006.913452 0.000000 0.880716 0.000000 -0.473644 1.051298 1.051298 1.051298
3031.149658 0.000000 2013.221680 0.000000 0.894937 0.000000 -0.446193 0.958883 0.958883 0.958883
3029.630615 0.000000 2009.801758 0.000000 0.706701 0.000000 0.707512 0.399708 0.399708 0.399708
3056.224365 0.000000 1991.718140 0.000000 0.985510 0.000000 -0.169616 0.851742 0.851742 0.851742
3034.109619 0.000000 2002.229004 0.000000 0.994136 0.000000 0.108140 0.765592 0.765592 0.765592
3094.264160 0.000000 1997.177368 0.000000 0.923540 0.000000 0.383502 0.726108 0.726108 0.726108
3054.496826 0.000000 2012.820557 0.000000 0.911373 0.000000 0.411581 0.659364 0.659364 0.659364
3061.447266 0.000000 1994.772705 0.000000 0.074917 0.000000 -0.997190 1.221236 1.221236 1.221236
3063.059570 0.000000 2007.001709 0.000000 0.994538 0.000000 0.104377 0.773685 0.773685 0.773685
3058.519531 0.000000 2001.074219 0.000000 0.500878 0.000000 0.865518 0.306883 0.306883 0.306883
3056.730469 0.000000 2004.553223 0.000000 0.979054 0.000000 0.203601 0.714414 0.714414 0.714414
3081.664062 0.000000 1985.263672 0.000000 0.893918 0.000000 0.448231 0.620840 0.620840 0.620840
3089.782471 0.000000 1973.174438 0.000000 0.724206 0.000000 -0.689584 1.075071 1.075071 1.075071
3090.146484 0.000000 1976.826538 0.000000 0.672286 0.000000 0.740291 0.410459 0.410459 0.410459
3079.537354 0.000000 1982.902466 0.000000 0.989544 0.000000 0.144232 0.758662 0.758662 0.758662
3052.390869 0.000000 2014.779419 0.000000 0.449562 0.000000 -0.893249 1.236786 1.236786 1.236786
3054.204346 0.000000 1994.206543 0.000000 0.573553 0.000000 0.819168 0.311097 0.311097 0.311097
3094.723145 0.000000 1989.299927 0.000000 0.999399 0.000000 -0.034659 0.817655 0.817655 0.817655
3071.645020 0.000000 2015.209351 0.000000 0.523463 0.000000 0.852048 0.280576 0.280576 0.280576
3053.000977 0.000000 2005.663940 0.000000 0.579046 0.000000 -0.815295 1.239788 1.239788 1.239788
3087.622559 0.000000 1982.055786 0.000000 0.724136 0.000000 0.689657 0.619129 0.619129 0.619129
3093.107666 0.000000 2014.920654 0.000000 0.191099 0.000000 -0.981571 1.188204 1.188204 1.188204
3048.205078 0.000000 2010.120605 0.000000 0.842471 0.000000 0.538742 0.637507 0.637507 0.637507
3060.141113 0.000000 1993.271484 0.000000 0.505659 0.000000 0.862734 0.585922 0.585922 0.585922
3078.316162 0.000000 2013.432129 0.000000 0.091437 0.000000 -0.995811 1.331788 1.331788 1.331788
3092.966064 0.000000 1991.543701 0.000000 0.984557 0.000000 0.175067 0.710377 0.710377 0.710377
3073.311279 0.000000 2013.168457 0.000000 0.913379 0.000000 0.407111 0.586458 0.586458 0.586458
3080.373779 0.000000 1974.998901 0.000000 0.661790 0.000000 -0.749689 1.231675 1.231675 1.231675
3084.185791 0.000000 2011.964600 0.000000 0.964237 0.000000 -0.265043 0.861076 0.861076 0.861076
3053.593018 0.000000 1990.623901 0.000000 0.924646 0.000000 0.380828 0.645500 0.645500 0.645500
3059.900146 0.000000 1996.739746 0.000000 0.970077 0.000000 -0.242796 0.912658 0.912658 0.912658
3089.688965 0.000000 2012.573608 0.000000 0.670658 0.000000 -0.741767 0.983600 0.983600 0.983600
3035.079590 0.000000 1998.564697 0.000000 0.605638 0.000000 0.795741 0.573936 0.573936 0.573936
3025.291260 0.000000 2001.038452 0.000000 0.934823 0.000000 0.355114 0.615107 0.615107 0.615107
3086.428223 0.000000 2010.893799 0.000000 0.744721 0.000000 -0.667376 0.960528 0.960528 0.960528
3094.757812 0.000000 1984.846802 0.000000 0.027928 0.000000 0.999610 0.269987 0.269987 0.269987
3081.880371 0.000000 2014.744263 0.000000 0.854078 0.000000 0.520145 0.572754 0.572754 0.572754
3026.391113 0.000000 2009.642334 0.000000 0.983885 0.000000 -0.178801 0.891555 0.891555 0.891555
3061.392334 0.000000 2002.017212 0.000000 0.953943 0.000000 -0.299989 0.896146 0.896146 0.896146
3023.704102 0.000000 1990.601074 0.000000 0.874400 0.000000 -0.485206 0.910286 0.910286 0.910286
3053.499512 0.000000 1996.508423 0.000000 0.962073 0.000000 0.272792 0.659285 0.659285 0.659285
3064.181152 0.000000 2010.433594 0.000000 0.983958 0.000000 -0.178399 0.856599 0.856599 0.856599
3075.246582 0.000000 2013.146729 0.000000 0.805196 0.000000 0.593009 0.488114 0.488114 0.488114
3077.766602 0.000000 1977.417847 0.000000 0.966976 0.000000 -0.254867 0.887500 0.887500 0.887500
3031.459961 0.000000 1997.678833 0.000000 0.382356 0.000000 0.924015 0.352807 0.352807 0.352807
3035.876953 0.000000 2001.981445 0.000000 0.346089 0.000000 0.938202 0.362342 0.362342 0.362342
3087.932861 0.000000 1974.480347 0.000000 0.524526 0.000000 0.851395 0.281212 0.281212 0.281212
3025.597168 0.000000 2012.930664 0.000000 0.212537 0.000000 -0.977153 1.490924 1.490924 1.490924
3028.350586 0.000000 2013.514771 0.000000 0.945403 0.000000 -0.325904 0.969070 0.969070 0.969070
3047.716797 0.000000 2004.303955 0.000000 0.287963 0.000000 0.957641 0.437352 0.437352 0.437352
3050.531982 0.000000 1989.432251 0.000000 0.925334 0.000000 0.379153 0.691264 0.691264 0.691264
3089.314941 0.000000 1979.646729 0.000000 0.021806 0.000000 0.999762 0.190541 0.190541 0.190541
3029.152344 0.000000 1991.927979 0.000000 0.678367 0.000000 -0.734723 0.992844 0.992844 0.992844
3077.646973 0.000000 2010.554688 0.000000 0.369078 0.000000 0.929398 0.430749 0.430749 0.430749
3083.212402 0.000000 1978.279663 0.000000 0.359554 0.000000 -0.933124 1.412686 1.412686 1.412686
3045.303955 0.000000 2009.130249 0.000000 0.122344 0.000000 -0.992488 1.161536 1.161536 1.161536
3080.801514 0.000000 2012.388550 0.000000 0.790785 0.000000 0.612094 0.596083 0.596083 0.596083
3026.871094 0.000000 1990.324707 0.000000 0.906624 0.000000 0.421939 0.650366 0.650366 0.650366
3026.518799 0.000000 2002.810791 0.000000 0.995122 0.000000 -0.098656 0.850327 0.850327 0.850327
3052.754639 0.000000 1993.265259 0.000000 0.975661 0.000000 -0.219284 0.912595 0.912595 0.912595
3084.971924 0.000000 1983.615601 0.000000 0.358804 0.000000 0.933413 0.186905 0.186905 0.186905
3063.037354 0.000000 2012.807861 0.000000 0.941260 0.000000 0.337683 0.676168 0.676168 0.676168
3088.450684 0.000000 1976.212280 0.000000 0.965533 0.000000 0.260280 0.665896 0.665896 0.665896
3030.106934 0.000000 2003.060669 0.000000 0.999789 0.000000 0.020550 0.789739 0.789739 0.789739
3056.033691 0.000000 2010.704590 0.000000 0.937789 0.000000 0.347207 0.686688 0.686688 0.686688
3055.325928 0.000000 1999.441528 0.000000 0.863122 0.000000 0.504996 0.530390 0.530390 0.530390
3049.983154 0.000000 2004.286987 0.000000 0.591890 0.000000 0.806019 0.442409 0.442409 0.442409
3061.590576 0.000000 2009.785645 0.000000 0.724953 0.000000 -0.688798 1.036740 1.036740 1.036740
3050.553467 0.000000 2002.552002 0.000000 0.020388 0.000000 0.999792 0.016577 0.016577 0.016577
3048.625244 0.000000 1992.783325 0.000000 0.718935 0.000000 -0.695078 1.093172 1.093172 1.093172
3059.010986 0.000000 1999.475586 0.000000 0.234075 0.000000 0.972219 0.160310 0.160310 0.160310
3086.028320 0.000000 1977.276245 0.000000 0.275247 0.000000 -0.961373 1.457984 1.457984 1.457984
3066.703369 0.000000 2015.655884 0.000000 0.960931 0.000000 -0.276787 0.938910 0.938910 0.938910
3055.813232 0.000000 2006.197021 0.000000 0.300977 0.000000 -0.953631 1.267433 1.267433 1.267433
3069.876465 0.000000 2011.140137 0.000000 0.181452 0.000000 0.983400 0.303663 0.303663 0.303663
3047.681641 0.000000 2006.625977 0.000000 0.848229 0.000000 -0.529630 0.950496 0.950496 0.950496
3023.710205 0.000000 1995.784790 0.000000 0.998692 0.000000 0.051137 0.776601 0.776601 0.776601
3055.746094 0.000000 2013.883423 0.000000 0.388542 0.000000 -0.921431 1.188483 1.188483 1.188483
3025.092041 0.000000 2014.903198 0.000000 0.590340 0.000000 0.807154 0.357255 0.357255 0.357255
3076.769043 0.000000 1976.149048 0.000000 0.850345 0.000000 -0.526226 0.988153 0.988153 0.988153
3023.673340 0.000000 1992.257080 0.000000 0.875123 0.000000 -0.483901 0.959393 0.959393 0.959393
3028.187988 0.000000 1993.402588 0.000000 0.940680 0.000000 0.339296 0.703898 0.703898 0.703898
3072.288818 0.000000 2011.906738 0.000000 0.119872 0.000000 0.992789 0.237931 0.237931 0.237931
3025.245117 0.000000 2006.557495 0.000000 0.004014 0.000000 0.999992 0.002044 0.002044 0.002044
3129.511475 0.000000 2002.815918 0.000000 0.981940 0.000000 0.189193 0.703061 0.703061 0.703061
3166.180176 0.000000 1924.331787 0.000000 0.999495 0.000000 -0.031787 0.816192 0.816192 0.816192
3145.557129 0.000000 1995.160278 0.000000 0.101023 0.000000 0.994884 0.051538 0.051538 0.051538
3130.796387 0.000000 1991.941772 0.000000 0.480844 0.000000 0.876806 0.255472 0.255472 0.255472
3130.149658 0.000000 1983.382935 0.000000 0.724097 0.000000 0.689698 0.412389 0.412389 0.412389
3109.549072 0.000000 2007.716309 0.000000 0.485580 0.000000 0.874192 0.258226 0.258226 0.258226
3139.515137 0.000000 2000.882202 0.000000 0.803429 0.000000 0.595401 0.475189 0.475189 0.475189
3160.598145 0.000000 1926.151489 0.000000 0.142238 0.000000 -0.989833 1.527312 1.527312 1.527312
3140.252930 0.000000 2010.614380 0.000000 0.220419 0.000000 -0.975405 1.435638 1.435638 1.435638
3164.786133 0.000000 1919.731201 0.000000 0.997872 0.000000 0.065202 0.766769 0.766769 0.766769
3161.171875 0.000000 1940.356689 0.000000 0.836686 0.000000 -0.547683 1.095184 1.095184 1.095184
3126.193848 0.000000 2000.794312 0.000000 0.981554 0.000000 -0.191183 0.897972 0.897972 0.897972
3106.560791 0.000000 1993.578857 0.000000 0.980142 0.000000 -0.198297 0.901666 0.901666 0.901666
3103.777588 0.000000 2002.693115 0.000000 0.641967 0.000000 -0.766733 1.190893 1.190893 1.190893
3133.416748 0.000000 1985.877686 0.000000 0.632578 0.000000 -0.774496 1.245886 1.245886 1.245886
3158.441162 0.000000 1920.037109 0.000000 0.862497 0.000000 0.506063 0.529761 0.529761 0.529761
3163.859863 0.000000 1927.590332 0.000000 0.987844 0.000000 0.155450 0.720507 0.720507 0.720507
3156.934326 0.000000 2009.736572 0.000000 0.907643 0.000000 -0.419743 0.828549 0.828549 0.828549
3160.704102 0.000000 1933.912598 0.000000 0.756474 0.000000 -0.654024 1.163073 1.163073 1.163073
3133.028809 0.000000 1989.440674 0.000000 0.423223 0.000000 0.906026 0.222562 0.222562 0.222562
3110.038574 0.000000 1994.408325 0.000000 0.305986 0.000000 0.952036 0.158378 0.158378 0.158378
3126.698730 0.000000 2004.917725 0.000000 0.222137 0.000000 -0.975015 1.485915 1.485915 1.485915
3110.678711 0.000000 2004.744263 0.000000 0.929079 0.000000 0.369881 0.607037 0.607037 0.607037
3166.141602 0.000000 1943.350220 0.000000 0.350202 0.000000 0.936674 0.182220 0.182220 0.182220
3113.178955 0.000000 2009.401367 0.000000 0.852559 0.000000 -0.522631 1.080079 1.080079 1.080079
3142.591309 0.000000 1993.934814 0.000000 0.861832 0.000000 -0.507194 1.070907 1.070907 1.070907
3164.379395 0.000000 1930.635498 0.000000 0.169191 0.000000 -0.985583 1.513415 1.513415 1.513415
3141.449951 0.000000 2006.177368 0.000000 0.603519 0.000000 0.797348 0.346565 0.346565 0.346565
3131.343262 0.000000 1994.923828 0.000000 0.995540 0.000000 -0.094336 0.848117 0.848117 0.848117
3145.140381 0.000000 1992.316772 0.000000 0.025195 0.000000 0.999683 0.012833 0.012833 0.012833
3128.099854 0.000000 1985.298340 0.000000 0.144241 0.000000 0.989543 0.073718 0.073718 0.073718
3155.971436 0.000000 1921.376343 0.000000 0.389814 0.000000 -0.920893 1.393725 1.393725 1.393725
3159.124268 0.000000 1923.415894 0.000000 0.706103 0.000000 -0.708109 1.200723 1.200723 1.200723
3098.037109 0.000000 1986.763794 0.000000 0.916622 0.000000 0.399754 0.590553 0.590553 0.590553
3158.359619 0.000000 1939.561401 0.000000 0.381784 0.000000 0.924252 0.345507 0.345507 0.345507
3160.008057 0.000000 1943.029907 0.000000 0.666177 0.000000 -0.745794 1.122776 1.122776 1.122776
3128.810547 0.000000 2000.156616 0.000000 0.987928 0.000000 -0.154915 0.879216 0.879216 0.879216
3109.729492 0.000000 1991.682373 0.000000 0.782995 0.000000 0.622028 0.458094 0.458094 0.458094
3129.474121 0.000000 1980.741333 0.000000 0.849125 0.000000 0.528193 0.516592 0.516592 0.516592
3098.373047 0.000000 1981.579346 0.000000 0.198218 0.000000 0.980158 0.101625 0.101625 0.101625
3105.095215 0.000000 1998.394287 0.000000 0.984670 0.000000 -0.174428 0.889292 0.889292 0.889292
3107.095459 0.000000 2006.956421 0.000000 0.171013 0.000000 -0.985269 1.333657 1.333657 1.333657
3128.628174 0.000000 1978.371948 0.000000 0.602367 0.000000 0.798219 0.473238 0.473238 0.473238
3118.320557 0.000000 1988.062134 0.000000 0.956683 0.000000 -0.291131 0.845430 0.845430 0.845430
3117.930908 0.000000 2001.458374 0.000000 0.979577 0.000000 -0.201067 0.903105 0.903105 0.903105
3151.472412 0.000000 1998.065552 0.000000 0.701027 0.000000 0.713135 0.519326 0.519326 0.519326
3141.747070 0.000000 1999.531738 0.000000 0.062592 0.000000 -0.998039 1.022900 1.022900 1.022900
3148.435791 0.000000 2006.568481 0.000000 0.131699 0.000000 0.991290 0.277031 0.277031 0.277031
3115.882812 0.000000 2002.786987 0.000000 0.753810 0.000000 -0.657092 1.165142 1.165142 1.165142
3161.123291 0.000000 1919.858765 0.000000 0.999258 0.000000 -0.038505 0.819615 0.819615 0.819615
3141.766113 0.000000 2008.587891 0.000000 0.958445 0.000000 0.285278 0.653818 0.653818 0.653818
3133.331787 0.000000 1991.856567 0.000000 0.988825 0.000000 -0.149081 0.876210 0.876210 0.876210
3101.643066 0.000000 2001.433472 0.000000 0.851229 0.000000 0.524795 0.518627 0.518627 0.518627
3095.695312 0.000000 1987.486938 0.000000 0.833739 0.000000 -0.552159 1.097914 1.097914 1.097914
3118.286621 0.000000 2010.492676 0.000000 0.997472 0.000000 0.071068 0.768605 0.768605 0.768605
3146.512451 0.000000 2007.964722 0.000000 0.769660 0.000000 -0.638454 1.091826 1.091826 1.091826
3126.142578 0.000000 1998.207886 0.000000 0.893644 0.000000 0.448776 0.629901 0.629901 0.629901
3166.087158 0.000000 1926.791260 0.000000 0.807754 0.000000 0.589520 0.478907 0.478907 0.478907
3147.590332 0.000000 1993.956055 0.000000 0.841804 0.000000 0.539784 0.509610 0.509610 0.509610
3164.257324 0.000000 1922.360962 0.000000 0.874217 0.000000 -0.485536 1.058201 1.058201 1.058201
3143.764160 0.000000 2005.560181 0.000000 0.989767 0.000000 -0.142690 0.854333 0.854333 0.854333
3140.483398 0.000000 2003.728271 0.000000 0.685192 0.000000 -0.728362 1.160142 1.160142 1.160142
3153.245117 0.000000 2006.354614 0.000000 0.923262 0.000000 -0.384171 0.874815 0.874815 0.874815
3111.852295 0.000000 2007.524658 0.000000 0.826045 0.000000 -0.563605 1.104937 1.104937 1.104937
3158.163330 0.000000 1926.140625 0.000000 0.896259 0.000000 -0.443532 1.034039 1.034039 1.034039
3139.318115 0.000000 1998.581665 0.000000 0.368415 0.000000 0.929662 0.192159 0.192159 0.192159
3106.180664 0.000000 1996.322998 0.000000 0.517300 0.000000 -0.855804 1.323100 1.323100 1.323100
3130.970459 0.000000 1985.607178 0.000000 0.750771 0.000000 0.660563 0.432508 0.432508 0.432508
3159.921387 0.000000 1928.343506 0.000000 0.955085 0.000000 -0.296333 0.905753 0.905753 0.905753
3126.291992 0.000000 2007.295898 0.000000 0.994053 0.000000 -0.108900 0.855572 0.855572 0.855572
3127.066406 0.000000 1987.299927 0.000000 0.943477 0.000000 -0.331438 0.925498 0.925498 0.925498
3119.233154 0.000000 1983.646973 0.000000 0.263579 0.000000 0.964638 0.570801 0.570801 0.570801
3123.277344 0.000000 1984.260376 0.000000 0.801119 0.000000 -0.598505 1.026825 1.026825 1.026825
3153.687256 0.000000 1998.104492 0.000000 0.224724 0.000000 -0.974422 1.275167 1.275167 1.275167
3096.425293 0.000000 1982.907837 0.000000 0.556025 0.000000 0.831165 0.300279 0.300279 0.300279
3164.999268 0.000000 1935.264282 0.000000 0.001922 0.000000 0.999998 0.000979 0.000979 0.000979
3166.523926 0.000000 1931.082275 0.000000 0.018898 0.000000 0.999821 0.009625 0.009625 0.009625
3104.678467 0.000000 2000.657471 0.000000 0.095316 0.000000 0.995447 0.048618 0.048618 0.048618
3127.380859 0.000000 2002.589722 0.000000 0.069239 0.000000 -0.997600 1.564709 1.564709 1.564709
3124.077148 0.000000 2010.389160 0.000000 0.386103 0.000000 0.922455 0.201887 0.201887 0.201887
3121.874756 0.000000 1998.661743 0.000000 0.531645 0.000000 -0.846968 1.177314 1.177314 1.177314
3164.727295 0.000000 1945.248413 0.000000 0.675305 0.000000 -0.737538 1.222419 1.222419 1.222419
3110.739258 0.000000 2009.546143 0.000000 0.998487 0.000000 -0.054986 0.810768 0.810768 0.810768
3115.313965 0.000000 2009.550537 0.000000 0.473873 0.000000 -0.880593 1.348569 1.348569 1.348569
3162.489258 0.000000 1938.720459 0.000000 0.680264 0.000000 -0.732967 1.200911 1.200911 1.200911
3105.479736 0.000000 2004.078003 0.000000 0.303962 0.000000 0.952684 0.220305 0.220305 0.220305
3108.008545 0.000000 1995.100464 0.000000 0.573411 0.000000 0.819268 0.311008 0.311008 0.311008
3128.224121 0.000000 1997.926636 0.000000 0.076703 0.000000 0.997054 0.358381 0.358381 0.358381
3129.384277 0.000000 1995.908203 0.000000 0.058101 0.000000 0.998311 0.491843 0.491843 0.491843
3123.586914 0.000000 1987.150879 0.000000 0.030480 0.000000 -0.999535 1.344518 1.344518 1.344518
3147.824463 0.000000 1996.205322 0.000000 0.938968 0.000000 -0.344005 0.923444 0.923444 0.923444
3134.376221 0.000000 1987.802979 0.000000 0.189895 0.000000 -0.981804 1.502696 1.502696 1.502696
3131.943848 0.000000 1987.490479 0.000000 0.974469 0.000000 0.224521 0.684669 0.684669 0.684669
3119.823486 0.000000 1986.609863 0.000000 0.728255 0.000000 -0.685306 0.944764 0.944764 0.944764
3145.357178 0.000000 2009.731201 0.000000 0.191894 0.000000 0.981416 0.202902 0.202902 0.202902
3108.772705 0.000000 2005.667969 0.000000 0.572751 0.000000 -0.819730 1.289402 1.289402 1.289402
3124.606445 0.000000 1999.548584 0.000000 0.767562 0.000000 -0.640975 1.119611 1.119611 1.119611
3139.732666 0.000000 2008.509766 0.000000 0.872074 0.000000 0.489374 0.558966 0.558966 0.558966
3161.941162 0.000000 1932.322632 0.000000 0.585144 0.000000 0.810930 0.318339 0.318339 0.318339
3122.494873 0.000000 2011.891113 0.000000 0.951839 0.000000 -0.306597 0.943768 0.943768 0.943768
3134.224121 0.000000 1984.025269 0.000000 0.887115 0.000000 -0.461548 0.917853 0.917853 0.917853
3148.688232 0.000000 1987.749512 0.000000 0.756187 0.000000 -0.654356 1.084938 1.084938 1.084938
3107.437744 0.000000 1991.729126 0.000000 0.988979 0.000000 -0.148056 0.875683 0.875683 0.875683
3162.985840 0.000000 1920.708008 0.000000 0.637523 0.000000 -0.770431 1.247934 1.247934 1.247934
3125.133789 0.000000 2002.567017 0.000000 0.995017 0.000000 0.099708 0.749134 0.749134 0.749134
3151.098633 0.000000 1993.884033 0.000000 0.087931 0.000000 -0.996127 1.208674 1.208674 1.208674
3104.270996 0.000000 1994.016968 0.000000 0.988392 0.000000 0.151928 0.722323 0.722323 0.722323
3151.922119 0.000000 2004.886597 0.000000 0.033082 0.000000 -0.999453 1.162398 1.162398 1.162398
3097.392822 0.000000 1995.565430 0.000000 0.506573 0.000000 0.862197 0.270541 0.270541 0.270541
3162.210693 0.000000 1942.054199 0.000000 0.800424 0.000000 -0.599434 1.120953 1.120953 1.120953
3159.823730 0.000000 1921.530884 0.000000 0.941334 0.000000 -0.337477 0.975318 0.975318 0.975318
3110.703857 0.000000 1996.333130 0.000000 0.999986 0.000000 0.005341 0.797280 0.797280 0.797280
3101.114258 0.000000 1985.314819 0.000000 0.793444 0.000000 -0.608644 1.133258 1.133258 1.133258
3162.866211 0.000000 1929.253784 0.000000 0.694368 0.000000 -0.719620 1.209095 1.209095 1.209095
3141.731445 0.000000 2014.655884 0.000000 0.380544 0.000000 0.924763 0.576032 0.576032 0.576032
3128.216553 0.000000 1991.718140 0.000000 0.857704 0.000000 0.514145 0.659791 0.659791 0.659791
3106.101807 0.000000 2002.229004 0.000000 0.022899 0.000000 0.999738 0.011663 0.011663 0.011663
3161.027100 0.000000 1924.143066 0.000000 0.999518 0.000000 -0.031054 0.815818 0.815818 0.815818
3133.439453 0.000000 1994.772705 0.000000 0.956514 0.000000 -0.291685 0.950746 0.950746 0.950746
3155.325928 0.000000 1997.057373 0.000000 0.819835 0.000000 -0.572600 0.955861 0.955861 0.955861
3157.792236 0.000000 1922.066406 0.000000 0.749851 0.000000 0.661606 0.431800 0.431800 0.431800
3128.722656 0.000000 2004.553223 0.000000 0.018639 0.000000 0.999826 0.034293 0.034293 0.034293
3165.325684 0.000000 1928.807861 0.000000 0.669903 0.000000 0.742449 0.373863 0.373863 0.373863
3147.502930 0.000000 2003.469849 0.000000 0.210403 0.000000 -0.977615 1.082242 1.082242 1.082242
3126.155273 0.000000 1984.228027 0.000000 0.999306 0.000000 -0.037237 0.816142 0.816142 0.816142
3144.764404 0.000000 2003.819458 0.000000 0.170156 0.000000 -0.985417 1.132694 1.132694 1.132694
3131.178711 0.000000 1981.590820 0.000000 0.827954 0.000000 -0.560797 1.074671 1.074671 1.074671
3130.531494 0.000000 1978.278198 0.000000 0.444520 0.000000 0.895769 0.436371 0.436371 0.436371
3102.804688 0.000000 1986.225586 0.000000 0.516910 0.000000 -0.856040 1.323331 1.323331 1.323331
3139.322998 0.000000 2005.185181 0.000000 0.997355 0.000000 -0.072683 0.837050 0.837050 0.837050
3105.738281 0.000000 1989.146606 0.000000 0.931710 0.000000 0.363203 0.610693 0.610693 0.610693
3143.637207 0.000000 2015.209351 0.000000 0.065512 0.000000 -0.997852 1.115663 1.115663 1.115663
3124.993164 0.000000 2005.663940 0.000000 0.210637 0.000000 0.977564 0.108086 0.108086 0.108086
3162.461670 0.000000 1926.334839 0.000000 0.994572 0.000000 0.104049 0.746912 0.746912 0.746912
3119.854736 0.000000 1998.540527 0.000000 0.181204 0.000000 -0.983446 1.507201 1.507201 1.507201
3159.375977 0.000000 1941.279541 0.000000 0.845221 0.000000 -0.534418 1.087150 1.087150 1.087150
3161.089111 0.000000 1935.732178 0.000000 0.879679 0.000000 -0.475568 1.052412 1.052412 1.052412
3108.583496 0.000000 1993.205566 0.000000 0.763349 0.000000 0.645987 0.442314 0.442314 0.442314
3111.521240 0.000000 2003.076172 0.000000 0.979133 0.000000 0.203219 0.695775 0.695775 0.695775
3156.021973 0.000000 1940.882202 0.000000 0.876546 0.000000 0.481318 0.644546 0.644546 0.644546
3120.197266 0.000000 2010.120605 0.000000 0.767733 0.000000 0.640770 0.499958 0.499958 0.499958
3132.133301 0.000000 1993.271484 0.000000 0.262330 0.000000 0.964978 0.135186 0.135186 0.135186
3131.158203 0.000000 1989.228027 0.000000 0.978265 0.000000 -0.207358 0.906379 0.906379 0.906379
3145.303467 0.000000 2013.168457 0.000000 0.018976 0.000000 -0.999820 1.348585 1.348585 1.348585
3156.748535 0.000000 2002.815186 0.000000 0.174523 0.000000 -0.984653 1.128854 1.128854 1.128854
3103.028076 0.000000 1991.103760 0.000000 0.748126 0.000000 -0.663557 1.169526 1.169526 1.169526
3136.831543 0.000000 2007.833496 0.000000 0.999245 0.000000 0.038862 0.780203 0.780203 0.780203
3101.354004 0.000000 1983.228149 0.000000 0.195482 0.000000 -0.980707 1.499797 1.499797 1.499797
3125.585205 0.000000 1990.623901 0.000000 0.603253 0.000000 -0.797550 1.017580 1.017580 1.017580
3131.892334 0.000000 1996.739746 0.000000 0.023380 0.000000 -0.999727 1.381024 1.381024 1.381024
3132.356445 0.000000 1984.386597 0.000000 0.849797 0.000000 -0.527110 1.079432 1.079432 1.079432
3107.071777 0.000000 1998.564697 0.000000 0.851514 0.000000 0.524332 0.518904 0.518904 0.518904
3136.109131 0.000000 2003.295654 0.000000 0.280272 0.000000 -0.959921 1.283138 1.283138 1.283138
3165.844482 0.000000 1941.530151 0.000000 0.462992 0.000000 -0.886362 1.230818 1.230818 1.230818
3154.541504 0.000000 1924.764404 0.000000 0.558718 0.000000 0.829358 0.567568 0.567568 0.567568
3164.425537 0.000000 1942.762329 0.000000 0.961763 0.000000 -0.273883 0.923008 0.923008 0.923008
3143.288086 0.000000 1992.279419 0.000000 0.998389 0.000000 0.056735 0.771089 0.771089 0.771089
3113.409424 0.000000 2001.093872 0.000000 0.622190 0.000000 0.782866 0.342011 0.342011 0.342011
3114.876465 0.000000 1998.587158 0.000000 0.832464 0.000000 -0.554079 1.099087 1.099087 1.099087
3095.696289 0.000000 1990.601074 0.000000 0.804061 0.000000 0.594547 0.475730 0.475730 0.475730
3123.068604 0.000000 1981.952759 0.000000 0.973545 0.000000 -0.228497 0.861698 0.861698 0.861698
3104.624023 0.000000 1983.586304 0.000000 0.624189 0.000000 0.781274 0.563597 0.563597 0.563597
3145.295654 0.000000 2006.545776 0.000000 0.998674 0.000000 0.051489 0.777675 0.777675 0.777675
3136.173340 0.000000 2010.433594 0.000000 0.995981 0.000000 -0.089569 0.830452 0.830452 0.830452
3147.238770 0.000000 2013.146729 0.000000 0.615338 0.000000 0.788263 0.575131 0.575131 0.575131
3153.863037 0.000000 1994.294312 0.000000 0.981995 0.000000 0.188905 0.755211 0.755211 0.755211
3164.798584 0.000000 1925.552246 0.000000 0.990862 0.000000 0.134877 0.731098 0.731098 0.731098
3164.335205 0.000000 1947.799683 0.000000 0.834945 0.000000 -0.550333 0.972260 0.972260 0.972260
3103.452148 0.000000 1997.678833 0.000000 0.978470 0.000000 -0.206391 0.905875 0.905875 0.905875
3107.869141 0.000000 2001.981445 0.000000 0.154047 0.000000 0.988063 0.078769 0.078769 0.078769
3114.606689 0.000000 2004.232666 0.000000 0.959056 0.000000 0.283217 0.653757 0.653757 0.653757
3102.713379 0.000000 1988.150391 0.000000 0.870785 0.000000 -0.491664 1.061778 1.061778 1.061778
3120.484131 0.000000 1984.890503 0.000000 0.780262 0.000000 0.625452 0.561129 0.561129 0.561129
3099.508545 0.000000 1980.242310 0.000000 0.402193 0.000000 -0.915555 1.389197 1.389197 1.389197
3118.633545 0.000000 1999.833008 0.000000 0.178209 0.000000 -0.983993 1.508752 1.508752 1.508752
3149.783936 0.000000 2005.277832 0.000000 0.970661 0.000000 0.240452 0.735981 0.735981 0.735981
3166.662109 0.000000 1945.294800 0.000000 0.998980 0.000000 0.045162 0.776992 0.776992 0.776992
3112.652832 0.000000 2004.599731 0.000000 0.977605 0.000000 -0.210448 0.907988 0.907988 0.907988
3118.997803 0.000000 1996.673828 0.000000 0.925222 0.000000 0.379426 0.683408 0.683408 0.683408
3102.444824 0.000000 1994.721069 0.000000 0.803990 0.000000 -0.594643 1.124331 1.124331 1.124331
3119.708984 0.000000 2004.303955 0.000000 0.433720 0.000000 -0.901048 1.371521 1.371521 1.371521
3145.112793 0.000000 1988.170898 0.000000 0.707740 0.000000 -0.706473 1.199544 1.199544 1.199544
3122.524170 0.000000 1989.432251 0.000000 0.937314 0.000000 0.348485 0.694783 0.694783 0.694783
3101.144531 0.000000 1991.927979 0.000000 0.452029 0.000000 -0.892003 1.361121 1.361121 1.361121
3114.101074 0.000000 1995.578369 0.000000 0.860536 0.000000 0.509389 0.634541 0.634541 0.634541
3097.509766 0.000000 1984.254028 0.000000 0.305377 0.000000 0.952231 0.158052 0.158052 0.158052
3155.385986 0.000000 1923.052368 0.000000 0.927249 0.000000 -0.374444 0.978603 0.978603 0.978603
3125.362061 0.000000 1987.938232 0.000000 0.898449 0.000000 -0.439077 0.960696 0.960696 0.960696
3160.043213 0.000000 1938.913818 0.000000 0.217596 0.000000 0.976039 0.111715 0.111715 0.111715
3154.172607 0.000000 1921.410645 0.000000 0.664538 0.000000 0.747255 0.371880 0.371880 0.371880
3149.639160 0.000000 2010.554688 0.000000 0.417165 0.000000 0.908831 0.535776 0.535776 0.535776
3161.609619 0.000000 1928.008057 0.000000 0.843794 0.000000 0.536668 0.511492 0.511492 0.511492
3109.264160 0.000000 1990.027466 0.000000 0.839810 0.000000 -0.542880 1.092266 1.092266 1.092266
3099.823730 0.000000 1982.497925 0.000000 0.430827 0.000000 0.902435 0.226845 0.226845 0.226845
3117.296143 0.000000 2009.130249 0.000000 0.837140 0.000000 -0.546989 1.094762 1.094762 1.094762
3114.084473 0.000000 2010.880249 0.000000 0.119392 0.000000 -0.992847 1.333274 1.333274 1.333274
3142.462402 0.000000 1995.769775 0.000000 0.341409 0.000000 0.939915 0.177446 0.177446 0.177446
3147.176514 0.000000 2009.951660 0.000000 0.190376 0.000000 -0.981711 1.309618 1.309618 1.309618
3121.882568 0.000000 1987.709229 0.000000 0.732532 0.000000 0.680733 0.559231 0.559231 0.559231
3153.928711 0.000000 2002.823486 0.000000 0.834808 0.000000 0.550540 0.662599 0.662599 0.662599
3120.539307 0.000000 1981.361694 0.000000 0.363883 0.000000 0.931445 0.512790 0.512790 0.512790
3110.941650 0.000000 1992.977905 0.000000 0.567661 0.000000 -0.823262 1.273242 1.273242 1.273242
3098.863281 0.000000 1990.324707 0.000000 0.310611 0.000000 0.950537 0.160854 0.160854 0.160854
3167.564209 0.000000 1947.721069 0.000000 0.855332 0.000000 -0.518080 1.041470 1.041470 1.041470
3151.362305 0.000000 1996.326904 0.000000 0.995640 0.000000 0.093280 0.772201 0.772201 0.772201
3099.546143 0.000000 1986.016235 0.000000 0.908883 0.000000 0.417051 0.580902 0.580902 0.580902
3164.629883 0.000000 1932.348999 0.000000 0.093403 0.000000 -0.995628 1.552361 1.552361 1.552361
3167.542725 0.000000 1942.079102 0.000000 0.086451 0.000000 0.996256 0.044084 0.044084 0.044084
3119.071533 0.000000 2002.724976 0.000000 0.747448 0.000000 0.664320 0.429954 0.429954 0.429954
3102.099121 0.000000 2003.060669 0.000000 0.744676 0.000000 0.667426 0.473077 0.473077 0.473077
3127.318115 0.000000 1999.441528 0.000000 0.968741 0.000000 -0.248074 0.891626 0.891626 0.891626
3106.586914 0.000000 2005.299683 0.000000 0.999982 0.000000 0.006056 0.796916 0.796916 0.796916
3121.975342 0.000000 2004.286987 0.000000 0.299175 0.000000 -0.954198 1.445261 1.445261 1.445261
3144.291504 0.000000 1993.815552 0.000000 0.996194 0.000000 -0.087167 0.844450 0.844450 0.844450
3122.545654 0.000000 2002.552002 0.000000 0.246500 0.000000 0.969143 0.126849 0.126849 0.126849
3155.315918 0.000000 1919.838013 0.000000 0.802661 0.000000 -0.596435 1.031017 1.031017 1.031017
3126.113281 0.000000 1981.674316 0.000000 0.925051 0.000000 -0.379843 0.964195 0.964195 0.964195
3127.805420 0.000000 2006.197021 0.000000 0.990424 0.000000 -0.138062 0.870540 0.870540 0.870540
3131.989990 0.000000 1990.765503 0.000000 0.844505 0.000000 -0.535548 1.087832 1.087832 1.087832
3102.841797 0.000000 1982.431641 0.000000 0.670868 0.000000 -0.741577 1.076976 1.076976 1.076976
3166.560303 0.000000 1938.630371 0.000000 0.112498 0.000000 -0.993652 1.190220 1.190220 1.190220
3141.868652 0.000000 2011.140137 0.000000 0.961742 0.000000 0.273958 0.669198 0.669198 0.669198
3161.483887 0.000000 1937.398804 0.000000 0.975099 0.000000 -0.221769 0.913893 0.913893 0.913893
3139.384033 0.000000 2002.534424 0.000000 0.670251 0.000000 -0.742134 1.225898 1.225898 1.225898
3119.673828 0.000000 2006.625977 0.000000 0.965581 0.000000 0.260103 0.665990 0.665990 0.665990
3095.702393 0.000000 1995.784790 0.000000 0.957521 0.000000 -0.288364 0.948978 0.948978 0.948978
3097.084229 0.000000 2014.903198 0.000000 0.565840 0.000000 -0.824515 1.148482 1.148482 1.148482
3151.226318 0.000000 1999.791992 0.000000 0.835791 0.000000 0.549048 0.594531 0.594531 0.594531
3149.905518 0.000000 2008.026367 0.000000 0.878016 0.000000 0.478631 0.644497 0.644497 0.644497
3095.665527 0.000000 1992.257080 0.000000 0.860984 0.000000 -0.508631 1.071757 1.071757 1.071757
3100.180176 0.000000 1993.402588 0.000000 0.436528 0.000000 0.899690 0.230067 0.230067 0.230067
3144.281006 0.000000 2011.906738 0.000000 0.814568 0.000000 0.580068 0.567648 0.567648 0.567648
3164.642578 0.000000 1936.849731 0.000000 0.320237 0.000000 -0.947337 1.433980 1.433980 1.433980
3094.187988 0.000000 2020.316162 0.000000 0.792073 0.000000 0.610427 0.465597 0.465597 0.465597
3070.937500 0.000000 2025.113281 0.000000 0.492902 0.000000 0.870085 0.273041 0.273041 0.273041
3053.839111 0.000000 2036.821777 0.000000 0.414489 0.000000 0.910054 0.731490 0.731490 0.731490
3044.750488 0.000000 2023.612061 0.000000 0.999375 0.000000 -0.035351 0.817443 0.817443 0.817443
3091.867676 0.000000 2023.574707 0.000000 0.227679 0.000000 -0.973736 1.458911 1.458911 1.458911
3088.711914 0.000000 2029.896973 0.000000 0.527103 0.000000 -0.849802 1.311160 1.311160 1.311160
3094.652588 0.000000 2032.764038 0.000000 0.858391 0.000000 -0.512996 1.074343 1.074343 1.074343
3066.115967 0.000000 2019.259399 0.000000 0.307133 0.000000 -0.951667 1.413357 1.413357 1.413357
3092.387207 0.000000 2026.619873 0.000000 0.169355 0.000000 -0.985555 1.513331 1.513331 1.513331
3091.306396 0.000000 2020.637207 0.000000 0.285049 0.000000 0.958513 0.218894 0.218894 0.218894
3049.906494 0.000000 2020.619995 0.000000 0.486902 0.000000 -0.873457 1.209465 1.209465 1.209465
3047.216797 0.000000 2017.029785 0.000000 0.979163 0.000000 -0.203078 0.879645 0.879645 0.879645
3094.513916 0.000000 2017.629883 0.000000 0.999963 0.000000 0.008633 0.796707 0.796707 0.796707
3061.635742 0.000000 2015.705566 0.000000 0.039550 0.000000 -0.999218 1.344367 1.344367 1.344367
3067.584473 0.000000 2017.138428 0.000000 0.072015 0.000000 -0.997404 1.563291 1.563291 1.563291
3071.828125 0.000000 2017.816284 0.000000 0.648755 0.000000 0.760997 0.359536 0.359536 0.359536
3067.941650 0.000000 2037.550415 0.000000 0.771907 0.000000 0.635735 0.691295 0.691295 0.691295
3074.421631 0.000000 2026.452271 0.000000 0.238820 0.000000 0.971064 0.263565 0.263565 0.263565
3092.791016 0.000000 2034.476929 0.000000 0.248877 0.000000 0.968535 0.238765 0.238765 0.238765
3068.951172 0.000000 2026.505615 0.000000 0.911913 0.000000 0.410383 0.648820 0.648820 0.648820
3094.094971 0.000000 2022.775635 0.000000 0.965249 0.000000 -0.261331 0.934658 0.934658 0.934658
3065.456543 0.000000 2021.714966 0.000000 0.298636 0.000000 -0.954367 1.326566 1.326566 1.326566
3092.265137 0.000000 2018.345337 0.000000 0.500197 0.000000 -0.865911 1.203572 1.203572 1.203572
3070.192139 0.000000 2022.929077 0.000000 0.802258 0.000000 -0.596977 1.125811 1.125811 1.125811
3061.667969 0.000000 2033.267212 0.000000 0.936656 0.000000 -0.350252 0.854317 0.854317 0.854317
3086.171143 0.000000 2022.125000 0.000000 0.183792 0.000000 -0.982965 1.356384 1.356384 1.356384
3042.816406 0.000000 2022.320923 0.000000 0.994715 0.000000 0.102670 0.755424 0.755424 0.755424
3087.929199 0.000000 2024.327881 0.000000 0.049101 0.000000 -0.998794 1.465574 1.465574 1.465574
3062.208740 0.000000 2023.970459 0.000000 0.052962 0.000000 0.998596 0.290720 0.290720 0.290720
3042.949951 0.000000 2024.984131 0.000000 0.754902 0.000000 -0.655837 1.045720 1.045720 1.045720
3054.806152 0.000000 2033.587280 0.000000 0.879035 0.000000 0.476757 0.708685 0.708685 0.708685
3068.510254 0.000000 2024.366821 0.000000 0.703564 0.000000 -0.710632 1.177287 1.177287 1.177287
3093.007080 0.000000 2031.248657 0.000000 0.660523 0.000000 0.750805 0.367465 0.367465 0.367465
3075.099609 0.000000 2017.389526 0.000000 0.961949 0.000000 -0.273230 0.940947 0.940947 0.940947
3094.531738 0.000000 2027.066650 0.000000 0.948983 0.000000 -0.315329 0.963384 0.963384 0.963384
3086.287109 0.000000 2030.033447 0.000000 0.990170 0.000000 -0.139870 0.847646 0.847646 0.847646
3073.148926 0.000000 2024.491577 0.000000 0.184087 0.000000 -0.982910 1.478032 1.478032 1.478032
3077.436035 0.000000 2024.407715 0.000000 0.866458 0.000000 -0.499250 1.046389 1.046389 1.046389
3084.006348 0.000000 2022.821289 0.000000 0.851698 0.000000 -0.524033 1.003803 1.003803 1.003803
3092.735107 0.000000 2041.232788 0.000000 0.627052 0.000000 -0.778977 1.071107 1.071107 1.071107
3084.362549 0.000000 2026.046387 0.000000 0.969000 0.000000 -0.247061 0.898225 0.898225 0.898225
3048.251709 0.000000 2019.019409 0.000000 0.578783 0.000000 -0.815481 1.152330 1.152330 1.152330
3052.317627 0.000000 2029.750488 0.000000 0.774278 0.000000 0.632846 0.512604 0.512604 0.512604
3090.497070 0.000000 2034.704834 0.000000 0.608564 0.000000 0.793505 0.454024 0.454024 0.454024
3068.192871 0.000000 2019.589844 0.000000 0.914750 0.000000 -0.404021 1.011821 1.011821 1.011821
3087.115234 0.000000 2026.281006 0.000000 0.016495 0.000000 -0.999864 1.470531 1.470531 1.470531
3054.438721 0.000000 2023.400146 0.000000 0.138208 0.000000 -0.990403 1.352044 1.352044 1.352044
3023.760986 0.000000 2018.354614 0.000000 0.739065 0.000000 0.673634 0.546096 0.546096 0.546096
3060.493896 0.000000 2022.741211 0.000000 0.909929 0.000000 -0.414764 0.938378 0.938378 0.938378
3058.447754 0.000000 2019.283325 0.000000 0.677822 0.000000 -0.735226 1.156339 1.156339 1.156339
3072.357178 0.000000 2026.819824 0.000000 0.946772 0.000000 -0.321905 0.927643 0.927643 0.927643
3065.034912 0.000000 2034.520020 0.000000 0.070783 0.000000 0.997492 0.491436 0.491436 0.491436
3047.417480 0.000000 2028.695068 0.000000 0.999984 0.000000 -0.005593 0.802346 0.802346 0.802346
3045.180908 0.000000 2021.638062 0.000000 0.701853 0.000000 -0.712322 1.149934 1.149934 1.149934
3066.461670 0.000000 2023.643677 0.000000 0.570191 0.000000 -0.821512 1.179314 1.179314 1.179314
3057.970459 0.000000 2032.281616 0.000000 0.163651 0.000000 0.986518 0.482591 0.482591 0.482591
3089.948975 0.000000 2028.307007 0.000000 0.993740 0.000000 -0.111716 0.856345 0.856345 0.856345
3051.097168 0.000000 2026.089233 0.000000 0.347376 0.000000 -0.937726 1.344027 1.344027 1.344027
3076.460693 0.000000 2026.338013 0.000000 0.458566 0.000000 -0.888660 1.256834 1.256834 1.256834
3050.619141 0.000000 2022.562378 0.000000 0.580961 0.000000 -0.813931 1.242502 1.242502 1.242502
3090.993652 0.000000 2016.692383 0.000000 0.937766 0.000000 0.347269 0.700833 0.700833 0.700833
3084.318604 0.000000 2029.524536 0.000000 0.062038 0.000000 0.998074 0.251585 0.251585 0.251585
3044.855225 0.000000 2025.643311 0.000000 0.894361 0.000000 -0.447346 1.027873 1.027873 1.027873
3080.572021 0.000000 2030.274658 0.000000 0.934768 0.000000 0.355260 0.681763 0.681763 0.681763
3082.876953 0.000000 2030.971436 0.000000 0.697506 0.000000 0.716579 0.536732 0.536732 0.536732
3090.218506 0.000000 2038.038574 0.000000 0.821741 0.000000 0.569861 0.625616 0.625616 0.625616
3067.463867 0.000000 2035.544067 0.000000 0.521683 0.000000 -0.853140 1.055141 1.055141 1.055141
3087.666504 0.000000 2028.205322 0.000000 0.974277 0.000000 -0.225354 0.894429 0.894429 0.894429
3048.748535 0.000000 2015.775391 0.000000 0.997667 0.000000 -0.068269 0.824835 0.824835 0.824835
3044.734863 0.000000 2027.760742 0.000000 0.095496 0.000000 -0.995430 1.477634 1.477634 1.477634
3048.635010 0.000000 2022.087769 0.000000 0.085492 0.000000 0.996339 0.123684 0.123684 0.123684
3090.874023 0.000000 2025.238159 0.000000 0.999955 0.000000 0.009532 0.795145 0.795145 0.795145
3089.034912 0.000000 2020.127441 0.000000 0.977242 0.000000 -0.212128 0.894775 0.894775 0.894775
3064.150635 0.000000 2019.775269 0.000000 0.902712 0.000000 -0.430246 0.989208 0.989208 0.989208
3074.384521 0.000000 2022.479980 0.000000 0.535596 0.000000 -0.844474 1.312139 1.312139 1.312139
3069.378662 0.000000 2018.008179 0.000000 0.458990 0.000000 -0.888441 1.357138 1.357138 1.357138
3088.578125 0.000000 2043.392212 0.000000 0.293561 0.000000 -0.955940 1.072013 1.072013 1.072013
3085.800049 0.000000 2018.050781 0.000000 0.746149 0.000000 0.665779 0.507532 0.507532 0.507532
3060.906494 0.000000 2018.878418 0.000000 0.999885 0.000000 -0.015160 0.806358 0.806358 0.806358
3054.794922 0.000000 2017.839844 0.000000 0.584721 0.000000 0.811235 0.361541 0.361541 0.361541
3093.333496 0.000000 2024.792236 0.000000 0.961007 0.000000 0.276525 0.657307 0.657307 0.657307
3051.107666 0.000000 2019.078735 0.000000 0.183808 0.000000 0.982962 0.210406 0.210406 0.210406
3080.440186 0.000000 2026.473999 0.000000 0.823542 0.000000 -0.567255 1.039730 1.039730 1.039730
3064.710938 0.000000 2017.983398 0.000000 0.401909 0.000000 -0.915680 1.301530 1.301530 1.301530
3086.495361 0.000000 2040.182129 0.000000 0.478887 0.000000 0.877877 0.560336 0.560336 0.560336
3090.469482 0.000000 2022.319214 0.000000 0.918867 0.000000 -0.394567 0.999278 0.999278 0.999278
3056.164795 0.000000 2027.075806 0.000000 0.999824 0.000000 -0.018787 0.806642 0.806642 0.806642
3078.707764 0.000000 2019.258911 0.000000 0.977418 0.000000 0.211314 0.691561 0.691561 0.691561
3087.383789 0.000000 2037.263916 0.000000 0.854954 0.000000 0.518705 0.648606 0.648606 0.648606
3047.784668 0.000000 2025.432007 0.000000 0.794038 0.000000 0.607868 0.507693 0.507693 0.507693
3069.230469 0.000000 2039.202148 0.000000 0.367419 0.000000 -0.930055 1.050512 1.050512 1.050512
3062.944824 0.000000 2028.604614 0.000000 0.262362 0.000000 -0.964970 1.073740 1.073740 1.073740
3077.724609 0.000000 2022.537720 0.000000 0.573652 0.000000 -0.819099 1.288842 1.288842 1.288842
3069.883057 0.000000 2037.376831 0.000000 0.678687 0.000000 -0.734428 0.989448 0.989448 0.989448
3089.096924 0.000000 2031.716553 0.000000 0.707686 0.000000 0.706527 0.459963 0.459963 0.459963
3046.273926 0.000000 2018.636475 0.000000 0.804453 0.000000 -0.594016 1.027389 1.027389 1.027389
3077.462891 0.000000 2031.951538 0.000000 0.404039 0.000000 0.914742 0.412500 0.412500 0.412500
3078.004395 0.000000 2028.687866 0.000000 0.516250 0.000000 0.856438 0.457012 0.457012 0.457012
3084.029785 0.000000 2036.866577 0.000000 0.996724 0.000000 -0.080875 0.820860 0.820860 0.820860
3061.244141 0.000000 2026.843750 0.000000 0.897496 0.000000 -0.441023 0.896695 0.896695 0.896695
3072.182373 0.000000 2020.444092 0.000000 0.036985 0.000000 -0.999316 1.581159 1.581159 1.581159
3068.727539 0.000000 2033.808594 0.000000 0.943712 0.000000 0.330767 0.708431 0.708431 0.708431
3058.436523 0.000000 2024.067261 0.000000 0.873443 0.000000 0.486926 0.639515 0.639515 0.639515
3054.273193 0.000000 2026.935547 0.000000 0.261219 0.000000 -0.965279 1.235772 1.235772 1.235772
3056.594971 0.000000 2024.100098 0.000000 0.350005 0.000000 -0.936748 1.231310 1.231310 1.231310
3093.852295 0.000000 2037.514526 0.000000 0.013374 0.000000 0.999911 0.252544 0.252544 0.252544
3083.868164 0.000000 2027.791016 0.000000 0.193527 0.000000 0.981095 0.239351 0.239351 0.239351
3094.894043 0.000000 2030.887573 0.000000 0.853160 0.000000 0.521649 0.520507 0.520507 0.520507
3058.904297 0.000000 2015.752808 0.000000 0.642892 0.000000 0.765957 0.493294 0.493294 0.493294
3082.549316 0.000000 2020.748779 0.000000 0.949912 0.000000 -0.312518 0.926327 0.926327 0.926327
3092.433350 0.000000 2038.746704 0.000000 0.566625 0.000000 0.823976 0.469267 0.469267 0.469267
3057.090576 0.000000 2020.672119 0.000000 0.566612 0.000000 -0.823984 1.184894 1.184894 1.184894
3071.759766 0.000000 2015.970581 0.000000 0.896391 0.000000 0.443264 0.566112 0.566112 0.566112
3078.353271 0.000000 2034.950317 0.000000 0.315857 0.000000 -0.948807 1.159341 1.159341 1.159341
3064.746338 0.000000 2025.688843 0.000000 0.312246 0.000000 0.950001 0.417038 0.417038 0.417038
3092.806396 0.000000 2021.536621 0.000000 0.130844 0.000000 -0.991403 1.513044 1.513044 1.513044
3092.343018 0.000000 2043.784058 0.000000 0.337205 0.000000 0.941431 0.503512 0.503512 0.503512
3050.671143 0.000000 2027.833252 0.000000 0.950589 0.000000 0.310454 0.658775 0.658775 0.658775
3073.936523 0.000000 2030.376709 0.000000 0.532355 0.000000 -0.846521 1.086278 1.086278 1.086278
3052.756104 0.000000 2017.052246 0.000000 0.587988 0.000000 -0.808869 1.163197 1.163197 1.163197
3068.137695 0.000000 2032.132324 0.000000 0.670260 0.000000 0.742126 0.572858 0.572858 0.572858
3094.669922 0.000000 2041.279175 0.000000 0.760245 0.000000 -0.649637 1.016076 1.016076 1.016076
3079.738281 0.000000 2039.936401 0.000000 0.813113 0.000000 0.582106 0.626272 0.626272 0.626272
3087.259033 0.000000 2031.516724 0.000000 0.756374 0.000000 0.654140 0.557899 0.557899 0.557899
3045.617188 0.000000 2016.245361 0.000000 0.877301 0.000000 -0.479940 0.962966 0.962966 0.962966
3069.422363 0.000000 2021.375488 0.000000 0.835761 0.000000 -0.549094 1.096043 1.096043 1.096043
3063.279785 0.000000 2016.632202 0.000000 0.560678 0.000000 -0.828034 1.195543 1.195543 1.195543
3083.393799 0.000000 2019.036743 0.000000 0.556602 0.000000 -0.830779 1.219077 1.219077 1.219077
3027.317871 0.000000 2027.945557 0.000000 0.040441 0.000000 -0.999182 1.166776 1.166776 1.166776
3088.051025 0.000000 2034.898193 0.000000 0.238789 0.000000 -0.971072 1.206320 1.206320 1.206320
3082.180420 0.000000 2017.395020 0.000000 0.386292 0.000000 0.922376 0.321593 0.321593 0.321593
3080.802002 0.000000 2020.706543 0.000000 0.790443 0.000000 -0.612535 1.085726 1.085726 1.085726
3089.617432 0.000000 2023.992432 0.000000 0.398396 0.000000 -0.917214 1.317104 1.317104 1.317104
3081.990234 0.000000 2027.267700 0.000000 0.728255 0.000000 -0.685306 1.100085 1.100085 1.100085
3054.574707 0.000000 2019.656494 0.000000 0.140309 0.000000 -0.990108 1.416917 1.416917 1.416917
3079.761963 0.000000 2031.805420 0.000000 0.993568 0.000000 0.113239 0.766456 0.766456 0.766456
3081.263916 0.000000 2024.214722 0.000000 0.007201 0.000000 -0.999974 1.546367 1.546367 1.546367
3095.572021 0.000000 2043.705444 0.000000 0.063762 0.000000 -0.997965 1.215355 1.215355 1.215355
3043.240723 0.000000 2018.700684 0.000000 0.797657 0.000000 0.603111 0.607342 0.607342 0.607342
3077.468994 0.000000 2020.516113 0.000000 0.623398 0.000000 -0.781905 1.242859 1.242859 1.242859
3028.910645 0.000000 2017.503052 0.000000 0.244433 0.000000 -0.969666 1.196610 1.196610 1.196610
3076.791992 0.000000 2029.981445 0.000000 0.897502 0.000000 -0.441011 0.964194 0.964194 0.964194
3075.392090 0.000000 2019.913940 0.000000 0.955344 0.000000 0.295495 0.647225 0.647225 0.647225
3083.675293 0.000000 2024.506958 0.000000 0.314020 0.000000 -0.949416 1.359841 1.359841 1.359841
3092.637695 0.000000 2028.333374 0.000000 0.262368 0.000000 0.964968 0.135206 0.135206 0.135206
3095.550537 0.000000 2038.063477 0.000000 0.001682 0.000000 0.999999 0.248434 0.248434 0.248434
3066.847656 0.000000 2020.800781 0.000000 0.355552 0.000000 0.934657 0.218889 0.218889 0.218889
3083.323730 0.000000 2015.822388 0.000000 0.993310 0.000000 0.115476 0.760242 0.760242 0.760242
3073.453857 0.000000 2017.540649 0.000000 0.377765 0.000000 0.925901 0.197292 0.197292 0.197292
3028.127441 0.000000 2031.274414 0.000000 0.999961 0.000000 -0.008838 0.802171 0.802171 0.802171
3081.996338 0.000000 2035.951538 0.000000 0.460560 0.000000 0.887628 0.444444 0.444444 0.444444
3062.257324 0.000000 2019.873535 0.000000 0.472682 0.000000 0.881233 0.343362 0.343362 0.343362
3094.568115 0.000000 2034.614746 0.000000 0.613054 0.000000 0.790041 0.336094 0.336094 0.336094
3043.543213 0.000000 2020.841187 0.000000 0.883954 0.000000 0.467574 0.584273 0.584273 0.584273
3089.491699 0.000000 2033.383179 0.000000 0.606025 0.000000 -0.795445 1.132487 1.132487 1.132487
3077.089600 0.000000 2038.248169 0.000000 0.945805 0.000000 -0.324736 0.895119 0.895119 0.895119
3066.450439 0.000000 2029.467041 0.000000 0.935477 0.000000 -0.353388 0.903158 0.903158 0.903158
3056.452393 0.000000 2029.571533 0.000000 0.996482 0.000000 -0.083801 0.828151 0.828151 0.828151
3073.863525 0.000000 2020.945068 0.000000 0.983576 0.000000 -0.180492 0.892430 0.892430 0.892430
3080.265625 0.000000 2022.303833 0.000000 0.525793 0.000000 -0.850612 1.192077 1.192077 1.192077
3046.203857 0.000000 2024.753662 0.000000 0.814601 0.000000 0.580022 0.523180 0.523180 0.523180
3068.433594 0.000000 2015.689697 0.000000 0.993232 0.000000 0.116144 0.740715 0.740715 0.740715
3092.650391 0.000000 2032.834106 0.000000 0.026972 0.000000 -0.999636 1.586262 1.586262 1.586262
3142.815918 0.000000 2075.087402 0.000000 0.768015 0.000000 0.640432 0.797224 0.797224 0.797224
3135.991211 0.000000 2065.837402 0.000000 0.639269 0.000000 0.768983 0.353221 0.353221 0.353221
3121.269531 0.000000 2055.981445 0.000000 0.937985 0.000000 0.346676 0.619697 0.619697 0.619697
3097.047363 0.000000 2027.855835 0.000000 0.244750 0.000000 0.969586 0.125930 0.125930 0.125930
3158.871582 0.000000 2069.044434 0.000000 0.000099 0.000000 -1.000000 1.599950 1.599950 1.599950
3145.914307 0.000000 2065.147705 0.000000 0.999904 0.000000 0.013882 0.792930 0.792930 0.792930
3095.703125 0.000000 2020.648560 0.000000 0.877017 0.000000 0.480460 0.544751 0.544751 0.544751
3157.874268 0.000000 2055.351807 0.000000 0.315888 0.000000 0.948796 0.163684 0.163684 0.163684
3150.429199 0.000000 2055.745605 0.000000 0.059670 0.000000 -0.998218 1.569592 1.569592 1.569592
3139.437500 0.000000 2063.193115 0.000000 0.542568 0.000000 -0.840012 1.307923 1.307923 1.307923
3119.218994 0.000000 2036.618774 0.000000 0.978737 0.000000 0.205118 0.700564 0.700564 0.700564
3165.707520 0.000000 2055.790527 0.000000 0.093843 0.000000 0.995587 0.047864 0.047864 0.047864
3122.032471 0.000000 2059.434814 0.000000 0.940298 0.000000 0.340352 0.623126 0.623126 0.623126
3143.210693 0.000000 2056.378906 0.000000 0.974717 0.000000 0.223442 0.685233 0.685233 0.685233
3129.785645 0.000000 2053.109619 0.000000 0.822940 0.000000 -0.568128 1.107731 1.107731 1.107731
3151.321533 0.000000 2072.483154 0.000000 0.778326 0.000000 0.627861 0.496317 0.496317 0.496317
3146.022461 0.000000 2051.277100 0.000000 0.636805 0.000000 -0.771025 0.865063 0.865063 0.865063
3149.852051 0.000000 2059.144775 0.000000 0.190979 0.000000 0.981594 0.097866 0.097866 0.097866
3121.370361 0.000000 2046.380737 0.000000 0.702705 0.000000 -0.711481 0.866403 0.866403 0.866403
3159.007568 0.000000 2065.601807 0.000000 0.237494 0.000000 0.971389 0.122122 0.122122 0.122122
3095.791992 0.000000 2024.686768 0.000000 0.377327 0.000000 0.926080 0.197051 0.197051 0.197051
3149.149658 0.000000 2064.337402 0.000000 0.629225 0.000000 -0.777223 1.253396 1.253396 1.253396
3124.236328 0.000000 2057.024902 0.000000 0.980511 0.000000 0.196463 0.699287 0.699287 0.699287
3162.712646 0.000000 2074.595947 0.000000 0.530464 0.000000 0.847707 0.302956 0.302956 0.302956
3134.688477 0.000000 2063.131104 0.000000 0.706173 0.000000 -0.708039 1.200672 1.200672 1.200672
3099.332764 0.000000 2035.695068 0.000000 0.111715 0.000000 0.993740 0.057015 0.057015 0.057015
3122.525391 0.000000 2053.336182 0.000000 0.760469 0.000000 -0.649375 1.159951 1.159951 1.159951
3103.415771 0.000000 2025.615601 0.000000 0.937325 0.000000 0.348457 0.618729 0.618729 0.618729
3146.334229 0.000000 2068.000488 0.000000 0.964551 0.000000 0.263898 0.663987 0.663987 0.663987
3146.985107 0.000000 2057.459473 0.000000 0.843651 0.000000 -0.536892 1.088643 1.088643 1.088643
3156.112305 0.000000 2068.081787 0.000000 0.429883 0.000000 -0.902885 1.373688 1.373688 1.373688
3101.676758 0.000000 2031.938110 0.000000 0.841542 0.000000 -0.540191 1.090637 1.090637 1.090637
3123.934570 0.000000 2062.344482 0.000000 0.985430 0.000000 -0.170081 0.881583 0.881583 0.881583
3151.322754 0.000000 2017.417236 0.000000 0.990057 0.000000 0.140666 0.787597 0.787597 0.787597
3147.536621 0.000000 2070.976318 0.000000 0.884873 0.000000 -0.465832 0.994530 0.994530 0.994530
3144.221191 0.000000 2058.912354 0.000000 0.644543 0.000000 -0.764568 1.243276 1.243276 1.243276
3095.994385 0.000000 2033.734985 0.000000 0.804146 0.000000 0.594432 0.475803 0.475803 0.475803
3099.426758 0.000000 2029.657471 0.000000 0.396010 0.000000 0.918246 0.207369 0.207369 0.207369
3109.750000 0.000000 2041.610107 0.000000 0.987757 0.000000 -0.155999 0.858815 0.858815 0.858815
3164.337402 0.000000 2063.134277 0.000000 0.981770 0.000000 -0.190074 0.897397 0.897397 0.897397
3152.408936 0.000000 2059.741699 0.000000 0.201703 0.000000 -0.979447 1.496564 1.496564 1.496564
3164.916504 0.000000 2058.292725 0.000000 0.508473 0.000000 0.861078 0.271664 0.271664 0.271664
3138.893066 0.000000 2059.561035 0.000000 0.839763 0.000000 -0.542953 1.092310 1.092310 1.092310
3106.207764 0.000000 2045.830444 0.000000 0.796391 0.000000 0.604782 0.709197 0.709197 0.709197
3099.069092 0.000000 2026.236694 0.000000 0.766662 0.000000 -0.642050 1.155066 1.155066 1.155066
3144.120117 0.000000 2053.210693 0.000000 0.952576 0.000000 0.304300 0.761094 0.761094 0.761094
3156.676758 0.000000 2052.910645 0.000000 0.999761 0.000000 0.021851 0.792057 0.792057 0.792057
3143.620117 0.000000 2067.917725 0.000000 0.996752 0.000000 0.080529 0.758943 0.758943 0.758943
3155.330322 0.000000 2055.506836 0.000000 0.913846 0.000000 0.406062 0.587043 0.587043 0.587043
3163.425293 0.000000 2054.630371 0.000000 0.590597 0.000000 0.806967 0.321772 0.321772 0.321772
3156.691650 0.000000 2057.870361 0.000000 0.547733 0.000000 -0.836653 1.304785 1.304785 1.304785
3149.029785 0.000000 2061.470703 0.000000 0.989024 0.000000 0.147758 0.724471 0.724471 0.724471
3146.859619 0.000000 2062.859619 0.000000 0.569158 0.000000 -0.822228 1.291631 1.291631 1.291631
3165.401855 0.000000 2069.820801 0.000000 0.261054 0.000000 0.965324 0.134512 0.134512 0.134512
3143.209473 0.000000 2065.310059 0.000000 0.660901 0.000000 -0.750473 1.232279 1.232279 1.232279
3158.298584 0.000000 2063.237305 0.000000 0.072172 0.000000 0.997392 0.036789 0.036789 0.036789
3153.889648 0.000000 2073.037109 0.000000 0.937588 0.000000 0.347748 0.619114 0.619114 0.619114
3166.768555 0.000000 2053.416260 0.000000 0.477244 0.000000 0.878771 0.253383 0.253383 0.253383
3140.826660 0.000000 2056.257812 0.000000 0.998346 0.000000 -0.057493 0.829297 0.829297 0.829297
3160.215332 0.000000 2055.827881 0.000000 0.711816 0.000000 -0.702366 1.196597 1.196597 1.196597
3128.030518 0.000000 2054.713135 0.000000 0.940981 0.000000 0.338459 0.624151 0.624151 0.624151
3152.800049 0.000000 2055.753906 0.000000 0.995328 0.000000 -0.096556 0.849252 0.849252 0.849252
3137.131104 0.000000 2063.757324 0.000000 0.726890 0.000000 0.686754 0.414456 0.414456 0.414456
3102.299072 0.000000 2044.906982 0.000000 0.903840 0.000000 -0.427871 0.873293 0.873293 0.873293
3148.196289 0.000000 2066.509033 0.000000 0.306541 0.000000 -0.951857 1.441325 1.441325 1.441325
3120.077637 0.000000 2038.813477 0.000000 0.860190 0.000000 -0.509973 1.041555 1.041555 1.041555
3102.760254 0.000000 2020.122314 0.000000 0.216175 0.000000 -0.976355 1.370136 1.370136 1.370136
3159.644775 0.000000 2076.124268 0.000000 0.463416 0.000000 -0.886141 1.295876 1.295876 1.295876
3108.385986 0.000000 2034.306030 0.000000 0.997856 0.000000 -0.065446 0.821583 0.821583 0.821583
3117.066650 0.000000 2046.190308 0.000000 0.160032 0.000000 -0.987112 0.997138 0.997138 0.997138
3157.566895 0.000000 2074.883057 0.000000 0.942438 0.000000 -0.334382 0.973644 0.973644 0.973644
3127.263184 0.000000 2038.810791 0.000000 0.845731 0.000000 -0.533609 0.898927 0.898927 0.898927
3100.833984 0.000000 2034.034424 0.000000 0.404607 0.000000 -0.914491 1.387854 1.387854 1.387854
3134.219971 0.000000 2068.580566 0.000000 0.966966 0.000000 0.254906 0.668729 0.668729 0.668729
3108.468018 0.000000 2038.296875 0.000000 0.689549 0.000000 0.724239 0.466770 0.466770 0.466770
3149.816895 0.000000 2070.818848 0.000000 0.824824 0.000000 -0.565390 1.101238 1.101238 1.101238
3101.625977 0.000000 2040.386475 0.000000 0.283144 0.000000 -0.959077 1.230736 1.230736 1.230736
3106.818604 0.000000 2042.633545 0.000000 0.669496 0.000000 -0.742816 1.070900 1.070900 1.070900
3118.740723 0.000000 2032.461426 0.000000 0.210149 0.000000 0.977669 0.159405 0.159405 0.159405
3117.269287 0.000000 2042.430542 0.000000 0.449622 0.000000 -0.893219 1.148526 1.148526 1.148526
3131.563965 0.000000 2058.691162 0.000000 0.576051 0.000000 0.817414 0.312651 0.312651 0.312651
3151.608643 0.000000 2057.607910 0.000000 0.249986 0.000000 0.968249 0.128682 0.128682 0.128682
3120.312500 0.000000 2058.044922 0.000000 0.997917 0.000000 0.064507 0.767124 0.767124 0.767124
3096.970703 0.000000 2022.786255 0.000000 0.757674 0.000000 -0.652633 1.162137 1.162137 1.162137
3110.559082 0.000000 2044.785522 0.000000 0.820075 0.000000 0.572256 0.696570 0.696570 0.696570
3133.179688 0.000000 2055.610352 0.000000 0.371821 0.000000 -0.928305 1.405974 1.405974 1.405974
3116.876465 0.000000 2036.098877 0.000000 0.854286 0.000000 -0.519803 1.078391 1.078391 1.078391
3158.959473 0.000000 2053.165527 0.000000 0.750922 0.000000 0.660391 0.524829 0.524829 0.524829
3136.764160 0.000000 2058.230713 0.000000 0.003830 0.000000 -0.999993 1.598050 1.598050 1.598050
3165.865479 0.000000 2067.379639 0.000000 0.994281 0.000000 -0.106797 0.854495 0.854495 0.854495
3117.619385 0.000000 2038.135620 0.000000 0.955538 0.000000 -0.294868 0.952441 0.952441 0.952441
3125.924316 0.000000 2049.367676 0.000000 0.861997 0.000000 -0.506914 0.966692 0.966692 0.966692
3119.470947 0.000000 2034.527588 0.000000 0.997401 0.000000 0.072050 0.766010 0.766010 0.766010
3123.089355 0.000000 2041.174072 0.000000 0.832189 0.000000 -0.554492 1.005429 1.005429 1.005429
3148.269775 0.000000 2055.568115 0.000000 0.182267 0.000000 0.983249 0.140459 0.140459 0.140459
3118.618408 0.000000 2050.249756 0.000000 0.004656 0.000000 0.999989 0.455925 0.455925 0.455925
3155.589111 0.000000 2075.966064 0.000000 0.893590 0.000000 -0.448884 1.037085 1.037085 1.037085
3136.654053 0.000000 2055.905029 0.000000 0.112923 0.000000 -0.993604 1.358958 1.358958 1.358958
3129.912354 0.000000 2050.901123 0.000000 0.885697 0.000000 0.464264 0.589788 0.589788 0.589788
3141.581787 0.000000 2069.036621 0.000000 0.979147 0.000000 -0.203153 0.904190 0.904190 0.904190
3151.841797 0.000000 2076.921387 0.000000 0.307585 0.000000 -0.951521 1.011076 1.011076 1.011076
3116.258301 0.000000 2039.875977 0.000000 0.170451 0.000000 0.985366 0.087236 0.087236 0.087236
3127.721924 0.000000 2052.441895 0.000000 0.200865 0.000000 0.979619 0.103000 0.103000 0.103000
3095.753174 0.000000 2018.354614 0.000000 0.827987 0.000000 -0.560747 1.035409 1.035409 1.035409
3155.696045 0.000000 2078.492188 0.000000 0.762257 0.000000 0.647274 0.648145 0.648145 0.648145
3144.654053 0.000000 2060.973145 0.000000 0.888334 0.000000 0.459198 0.557019 0.557019 0.557019
3101.597412 0.000000 2036.419189 0.000000 0.973855 0.000000 -0.227171 0.901154 0.901154 0.901154
3148.568848 0.000000 2075.707764 0.000000 0.817309 0.000000 0.576200 0.701884 0.701884 0.701884
3119.409668 0.000000 2028.695068 0.000000 0.572594 0.000000 0.819839 0.646432 0.646432 0.646432
3164.105713 0.000000 2050.262207 0.000000 0.682648 0.000000 0.730747 0.536513 0.536513 0.536513
3106.483398 0.000000 2031.088623 0.000000 0.414330 0.000000 -0.910127 1.233964 1.233964 1.233964
3105.113281 0.000000 2034.949707 0.000000 0.022386 0.000000 -0.999749 1.393768 1.393768 1.393768
3112.531738 0.000000 2032.582764 0.000000 0.004205 0.000000 0.999991 0.280610 0.280610 0.280610
3164.998047 0.000000 2074.263672 0.000000 0.670849 0.000000 0.741594 0.523016 0.523016 0.523016
3104.052979 0.000000 2033.015259 0.000000 0.631697 0.000000 -0.775215 1.203939 1.203939 1.203939
3121.924316 0.000000 2061.680664 0.000000 0.978338 0.000000 0.207014 0.718789 0.718789 0.718789
3123.934570 0.000000 2060.207275 0.000000 0.422756 0.000000 0.906243 0.222300 0.222300 0.222300
3122.863037 0.000000 2033.382202 0.000000 0.359591 0.000000 0.933110 0.369933 0.369933 0.369933
3111.844727 0.000000 2041.034180 0.000000 0.358595 0.000000 -0.933493 1.232854 1.232854 1.232854
3138.115234 0.000000 2061.620117 0.000000 0.155702 0.000000 -0.987804 1.520378 1.520378 1.520378
3105.428467 0.000000 2041.072266 0.000000 0.942516 0.000000 0.334161 0.684997 0.684997 0.684997
3167.262207 0.000000 2063.659180 0.000000 0.945637 0.000000 -0.325225 0.968704 0.968704 0.968704
3125.695557 0.000000 2058.416992 0.000000 0.228654 0.000000 0.973508 0.117492 0.117492 0.117492
3121.477783 0.000000 2037.418213 0.000000 0.970586 0.000000 0.240754 0.685395 0.685395 0.685395
3127.639648 0.000000 2059.168213 0.000000 0.855426 0.000000 0.517926 0.522727 0.522727 0.522727
3126.983154 0.000000 2065.637451 0.000000 0.880178 0.000000 -0.474644 1.051877 1.051877 1.051877
3156.036377 0.000000 2063.295654 0.000000 0.976533 0.000000 -0.215367 0.910552 0.910552 0.910552
3120.147461 0.000000 2031.060791 0.000000 0.608731 0.000000 0.793377 0.474235 0.474235 0.474235
3116.727051 0.000000 2027.760742 0.000000 0.993711 0.000000 0.111972 0.768177 0.768177 0.768177
3111.071289 0.000000 2023.279907 0.000000 0.631232 0.000000 -0.775594 1.012743 1.012743 1.012743
3148.958984 0.000000 2057.379150 0.000000 0.976797 0.000000 0.214167 0.690074 0.690074 0.690074
3126.083496 0.000000 2051.397461 0.000000 0.354984 0.000000 0.934872 0.184822 0.184822 0.184822
3120.371338 0.000000 2048.059570 0.000000 0.216457 0.000000 -0.976292 1.078254 1.078254 1.078254
3131.531250 0.000000 2051.987793 0.000000 0.921091 0.000000 -0.389348 0.922208 0.922208 0.922208
3157.329102 0.000000 2066.575195 0.000000 0.113461 0.000000 -0.993542 1.542090 1.542090 1.542090
3164.229004 0.000000 2066.149414 0.000000 0.820215 0.000000 -0.572056 1.110166 1.110166 1.110166
3162.697998 0.000000 2051.840332 0.000000 0.682423 0.000000 -0.730957 0.994825 0.994825 0.994825
3145.225098 0.000000 2056.464111 0.000000 0.771164 0.000000 0.636636 0.448520 0.448520 0.448520
3163.566895 0.000000 2070.577393 0.000000 0.645605 0.000000 0.763672 0.357431 0.357431 0.357431
3160.657227 0.000000 2060.038330 0.000000 0.681301 0.000000 0.732003 0.381737 0.381737 0.381737
3125.876465 0.000000 2055.695801 0.000000 0.994510 0.000000 0.104646 0.746607 0.746607 0.746607
3119.341797 0.000000 2055.545166 0.000000 0.543689 0.000000 -0.839287 1.164022 1.164022 1.164022
3115.154053 0.000000 2033.290649 0.000000 0.001690 0.000000 0.999999 0.119948 0.119948 0.119948
3144.964355 0.000000 2063.383789 0.000000 0.465226 0.000000 0.885192 0.246443 0.246443 0.246443
3162.779785 0.000000 2061.963135 0.000000 0.293552 0.000000 -0.955943 1.448260 1.448260 1.448260
3120.363525 0.000000 2060.426025 0.000000 0.875708 0.000000 0.482841 0.603752 0.603752 0.603752
3151.654053 0.000000 2064.146484 0.000000 0.777240 0.000000 0.629204 0.453410 0.453410 0.453410
3167.445068 0.000000 2059.840576 0.000000 0.883590 0.000000 0.468262 0.551809 0.551809 0.551809
3150.144287 0.000000 2067.091064 0.000000 0.620684 0.000000 0.784061 0.341032 0.341032 0.341032
3097.593506 0.000000 2034.843018 0.000000 0.951057 0.000000 0.309016 0.640001 0.640001 0.640001
3131.270508 0.000000 2070.584961 0.000000 0.441489 0.000000 -0.897267 1.046864 1.046864 1.046864
3103.533691 0.000000 2041.652710 0.000000 0.741061 0.000000 -0.671438 1.019069 1.019069 1.019069
3140.176514 0.000000 2058.054199 0.000000 0.842061 0.000000 0.539382 0.509853 0.509853 0.509853
3162.138672 0.000000 2072.810791 0.000000 0.788665 0.000000 0.614824 0.462764 0.462764 0.462764
3129.928467 0.000000 2055.072510 0.000000 0.041375 0.000000 0.999144 0.021078 0.021078 0.021078
3107.614258 0.000000 2024.302612 0.000000 0.899652 0.000000 -0.436607 0.939872 0.939872 0.939872
3159.614746 0.000000 2078.040039 0.000000 0.407625 0.000000 0.913149 0.501168 0.501168 0.501168
3122.421631 0.000000 2057.520020 0.000000 0.996571 0.000000 -0.082741 0.842188 0.842188 0.842188
3130.669922 0.000000 2066.920898 0.000000 0.999812 0.000000 -0.019410 0.809886 0.809886 0.809886
3097.771973 0.000000 2024.903442 0.000000 0.517401 0.000000 0.855743 0.276961 0.276961 0.276961
3120.975830 0.000000 2040.470093 0.000000 0.090320 0.000000 0.995913 0.223459 0.223459 0.223459
3124.291504 0.000000 2052.537109 0.000000 0.943673 0.000000 -0.330881 0.971753 0.971753 0.971753
3142.572510 0.000000 2054.645020 0.000000 0.706364 0.000000 -0.707849 1.026184 1.026184 1.026184
3148.033691 0.000000 2058.983398 0.000000 0.691943 0.000000 -0.721952 1.210808 1.210808 1.210808
3152.365967 0.000000 2070.983154 0.000000 0.196287 0.000000 -0.980546 1.499378 1.499378 1.499378
3157.415527 0.000000 2059.634277 0.000000 0.907926 0.000000 -0.419131 1.020265 1.020265 1.020265
3132.373779 0.000000 2068.924072 0.000000 0.949900 0.000000 -0.312554 0.961895 0.961895 0.961895
3129.761963 0.000000 2064.149658 0.000000 0.660167 0.000000 -0.751119 1.232777 1.232777 1.232777
3098.885742 0.000000 2039.541138 0.000000 0.823488 0.000000 0.567333 0.560232 0.560232 0.560232
3120.817139 0.000000 2053.859131 0.000000 0.290627 0.000000 -0.956836 1.439625 1.439625 1.439625
3166.500244 0.000000 2057.404785 0.000000 0.541677 0.000000 -0.840587 1.308463 1.308463 1.308463
3098.026611 0.000000 2030.862915 0.000000 0.390884 0.000000 0.920440 0.204529 0.204529 0.204529
3097.390625 0.000000 2040.971313 0.000000 0.199326 0.000000 -0.979933 1.259727 1.259727 1.259727
3122.369873 0.000000 2051.527588 0.000000 0.714727 0.000000 0.699403 0.431817 0.431817 0.431817
3164.030029 0.000000 2056.625244 0.000000 0.907269 0.000000 -0.420551 1.021061 1.021061 1.021061
3166.543701 0.000000 2051.645996 0.000000 0.884697 0.000000 0.466166 0.594664 0.594664 0.594664
3143.751953 0.000000 2015.970581 0.000000 0.387847 0.000000 -0.921724 1.045885 1.045885 1.045885
3144.699463 0.000000 2066.490967 0.000000 0.117760 0.000000 -0.993042 1.539886 1.539886 1.539886
3158.760254 0.000000 2056.902588 0.000000 0.189866 0.000000 0.981810 0.097289 0.097289 0.097289
3106.374268 0.000000 2027.527466 0.000000 0.151668 0.000000 0.988432 0.295697 0.295697 0.295697
3160.946289 0.000000 2058.251465 0.000000 0.819125 0.000000 0.573616 0.488865 0.488865 0.488865
3160.662354 0.000000 2079.805908 0.000000 0.434976 0.000000 -0.900442 1.064140 1.064140 1.064140
3100.066406 0.000000 2043.009399 0.000000 0.134123 0.000000 -0.990965 1.224548 1.224548 1.224548
3166.886230 0.000000 2048.115967 0.000000 0.999046 0.000000 -0.043671 0.810732 0.810732 0.810732
3142.196777 0.000000 2061.197266 0.000000 0.901417 0.000000 -0.432952 1.028045 1.028045 1.028045
3133.070312 0.000000 2057.713379 0.000000 0.773913 0.000000 -0.633292 1.149275 1.149275 1.149275
3167.555664 0.000000 2066.682129 0.000000 0.847569 0.000000 -0.530686 1.018986 1.018986 1.018986
3101.058105 0.000000 2025.830322 0.000000 0.308902 0.000000 0.951094 0.159939 0.159939 0.159939
3120.814453 0.000000 2035.767456 0.000000 0.966530 0.000000 0.256555 0.677706 0.677706 0.677706
3149.758789 0.000000 2073.402344 0.000000 0.458635 0.000000 -0.888625 1.125662 1.125662 1.125662
3152.295654 0.000000 2073.976562 0.000000 0.460491 0.000000 0.887664 0.243723 0.243723 0.243723
3142.654541 0.000000 2058.044434 0.000000 0.085013 0.000000 -0.996380 1.556651 1.556651 1.556651
3097.129150 0.000000 2032.365112 0.000000 0.414148 0.000000 0.910209 0.217473 0.217473 0.217473
3109.449463 0.000000 2039.884277 0.000000 0.653302 0.000000 -0.757097 1.153361 1.153361 1.153361
3159.925049 0.000000 2070.464844 0.000000 0.986308 0.000000 0.164916 0.715623 0.715623 0.715623
3157.294678 0.000000 2064.683350 0.000000 0.973666 0.000000 0.227978 0.682862 0.682862 0.682862
3155.080322 0.000000 2071.473389 0.000000 0.865717 0.000000 0.500533 0.533020 0.533020 0.533020
3095.811279 0.000000 2029.141479 0.000000 0.535661 0.000000 -0.844433 1.312100 1.312100 1.312100
3153.206299 0.000000 2061.334229 0.000000 0.277619 0.000000 0.960691 0.143273 0.143273 0.143273
3163.944580 0.000000 2075.939453 0.000000 0.997427 0.000000 -0.071693 0.835254 0.835254 0.835254
3134.845459 0.000000 2055.059082 0.000000 0.905249 0.000000 0.424881 0.576506 0.576506 0.576506
3166.230469 0.000000 2072.961670 0.000000 0.935359 0.000000 0.353701 0.701801 0.701801 0.701801
3161.307129 0.000000 2075.631104 0.000000 0.926747 0.000000 -0.375685 0.996148 0.996148 0.996148
3145.906738 0.000000 2071.615723 0.000000 0.606944 0.000000 0.794744 0.473435 0.473435 0.473435
3137.864258 0.000000 2070.205322 0.000000 0.937450 0.000000 -0.348121 0.929957 0.929957 0.929957
3095.882812 0.000000 2026.529419 0.000000 0.951083 0.000000 0.308936 0.640043 0.640043 0.640043
3141.427734 0.000000 2062.845703 0.000000 0.962492 0.000000 -0.271310 0.939931 0.939931 0.939931
3099.310059 0.000000 2027.945557 0.000000 0.888121 0.000000 -0.459609 1.043217 1.043217 1.043217
3165.118164 0.000000 2054.001221 0.000000 0.895146 0.000000 0.445772 0.564687 0.564687 0.564687
3135.241211 0.000000 2059.088867 0.000000 0.071668 0.000000 0.997429 0.036531 0.036531 0.036531
3155.204590 0.000000 2074.263916 0.000000 0.998476 0.000000 0.055183 0.771881 0.771881 0.771881
3123.949951 0.000000 2036.961426 0.000000 0.832350 0.000000 -0.554250 1.065166 1.065166 1.065166
3134.865479 0.000000 2070.214355 0.000000 0.698892 0.000000 0.715227 0.526228 0.526228 0.526228
3146.119873 0.000000 2069.854004 0.000000 0.655472 0.000000 -0.755220 1.235952 1.235952 1.235952
3125.706055 0.000000 2062.128906 0.000000 0.444690 0.000000 -0.895685 1.365302 1.365302 1.365302
3131.593750 0.000000 2054.767334 0.000000 0.997996 0.000000 -0.063277 0.832248 0.832248 0.832248
3144.576172 0.000000 2054.844971 0.000000 0.488228 0.000000 0.872716 0.425017 0.425017 0.425017
3165.908447 0.000000 2062.524414 0.000000 0.991544 0.000000 0.129767 0.733723 0.733723 0.733723
3109.388428 0.000000 2023.041992 0.000000 0.676187 0.000000 -0.736730 1.041507 1.041507 1.041507
3150.856445 0.000000 2060.613770 0.000000 0.994918 0.000000 0.100684 0.748635 0.748635 0.748635
3100.902832 0.000000 2017.503052 0.000000 0.842392 0.000000 -0.538866 0.986404 0.986404 0.986404
3136.219971 0.000000 2062.283691 0.000000 0.783297 0.000000 0.621647 0.458342 0.458342 0.458342
3139.868408 0.000000 2070.576416 0.000000 0.477815 0.000000 -0.878461 1.177045 1.177045 1.177045
3156.964111 0.000000 2079.599854 0.000000 0.597749 0.000000 -0.801683 1.037778 1.037778 1.037778
3133.014648 0.000000 2063.375732 0.000000 0.449430 0.000000 -0.893316 1.362604 1.362604 1.362604
3131.140625 0.000000 2060.343018 0.000000 0.356994 0.000000 -0.934107 1.414082 1.414082 1.414082
3118.941895 0.000000 2042.597900 0.000000 0.670575 0.000000 0.741842 0.412718 0.412718 0.412718
3160.442871 0.000000 2072.196533 0.000000 0.522575 0.000000 0.852593 0.280046 0.280046 0.280046
3159.143799 0.000000 2067.370361 0.000000 0.279420 0.000000 -0.960169 1.455773 1.455773 1.455773
3128.087158 0.000000 2064.296875 0.000000 0.949945 0.000000 -0.312417 0.961822 0.961822 0.961822
3161.789307 0.000000 2055.201660 0.000000 0.598842 0.000000 0.800867 0.326995 0.326995 0.326995
3113.450439 0.000000 2041.546509 0.000000 0.248436 0.000000 -0.968648 1.219095 1.219095 1.219095
3109.857666 0.000000 2043.252686 0.000000 0.901212 0.000000 0.433378 0.654076 0.654076 0.654076
3158.020508 0.000000 2073.260498 0.000000 0.148911 0.000000 0.988851 0.076123 0.076123 0.076123
3100.119629 0.000000 2031.274414 0.000000 0.647323 0.000000 -0.762216 1.241422 1.241422 1.241422
3145.885010 0.000000 2058.911133 0.000000 0.711508 0.000000 0.702678 0.403180 0.403180 0.403180
3113.632324 0.000000 2033.988037 0.000000 0.156666 0.000000 0.987652 0.331372 0.331372 0.331372
3111.208008 0.000000 2036.303345 0.000000 0.485288 0.000000 0.874354 0.366445 0.366445 0.366445
3149.905518 0.000000 2062.849854 0.000000 0.859370 0.000000 0.511354 0.526631 0.526631 0.526631
3154.953125 0.000000 2066.873535 0.000000 0.965329 0.000000 0.261038 0.665497 0.665497 0.665497
3163.232178 0.000000 2058.393555 0.000000 0.283305 0.000000 -0.959030 1.453711 1.453711 1.453711
3162.289795 0.000000 2063.522949 0.000000 0.177077 0.000000 -0.984197 1.509337 1.509337 1.509337
3142.819580 0.000000 2070.206055 0.000000 0.573036 0.000000 -0.819530 1.141498 1.141498 1.141498
3148.761230 0.000000 2072.133545 0.000000 0.113884 0.000000 0.993494 0.366513 0.366513 0.366513
3095.686523 0.000000 2040.342773 0.000000 0.052001 0.000000 0.998647 0.335898 0.335898 0.335898
3110.896729 0.000000 2032.024170 0.000000 0.999495 0.000000 -0.031763 0.809137 0.809137 0.809137
3155.105713 0.000000 2061.624023 0.000000 0.351191 0.000000 0.936304 0.182757 0.182757 0.182757
3147.583984 0.000000 2064.997803 0.000000 0.083272 0.000000 0.996527 0.042459 0.042459 0.042459
3218.250488 0.000000 1958.714111 0.000000 0.833846 0.000000 -0.551997 0.818686 0.818686 0.818686
3167.695312 0.000000 1924.664185 0.000000 0.235214 0.000000 -0.971944 1.479074 1.479074 1.479074
3184.112549 0.000000 1938.769043 0.000000 0.952599 0.000000 -0.304228 0.950028 0.950028 0.950028
3178.552979 0.000000 1993.578857 0.000000 0.651858 0.000000 -0.758341 1.238384 1.238384 1.238384
3207.516113 0.000000 1978.044189 0.000000 0.033360 0.000000 -0.999443 0.873695 0.873695 0.873695
3189.986084 0.000000 1934.341797 0.000000 0.303663 0.000000 -0.952779 1.432780 1.432780 1.432780
3193.390381 0.000000 1933.331543 0.000000 0.889511 0.000000 0.456913 0.576335 0.576335 0.576335
3175.776611 0.000000 1943.788818 0.000000 0.695035 0.000000 -0.718976 1.205418 1.205418 1.205418
3187.780029 0.000000 1978.275635 0.000000 0.741065 0.000000 -0.671433 0.855869 0.855869 0.855869
3171.218018 0.000000 1945.357178 0.000000 0.289443 0.000000 -0.957195 1.442796 1.442796 1.442796
3230.999756 0.000000 1969.617432 0.000000 0.817484 0.000000 0.575951 0.487411 0.487411 0.487411
3167.784180 0.000000 1928.702393 0.000000 0.665649 0.000000 -0.746265 1.229047 1.229047 1.229047
3182.030762 0.000000 1994.408325 0.000000 0.814816 0.000000 -0.579719 1.114941 1.114941 1.114941
3180.975342 0.000000 1986.276978 0.000000 0.943739 0.000000 0.330692 0.628348 0.628348 0.628348
3182.670898 0.000000 2004.744263 0.000000 0.995824 0.000000 -0.091289 0.846558 0.846558 0.846558
3187.099121 0.000000 1985.002441 0.000000 0.648668 0.000000 -0.761072 1.240523 1.240523 1.240523
3168.860840 0.000000 1943.257812 0.000000 0.978893 0.000000 -0.204375 0.904826 0.904826 0.904826
3218.326416 0.000000 1972.016113 0.000000 0.964634 0.000000 -0.263593 0.831432 0.831432 0.831432
3211.344482 0.000000 1972.965210 0.000000 0.989938 0.000000 0.141503 0.727690 0.727690 0.727690
3169.770264 0.000000 1922.931030 0.000000 0.437035 0.000000 0.899444 0.230354 0.230354 0.230354
3183.782227 0.000000 1934.613770 0.000000 0.552078 0.000000 0.833793 0.388445 0.388445 0.388445
3181.721680 0.000000 1991.682373 0.000000 0.626915 0.000000 0.779087 0.345093 0.345093 0.345093
3171.401611 0.000000 1920.709351 0.000000 0.700047 0.000000 0.714097 0.394940 0.394940 0.394940
3173.328125 0.000000 1990.092651 0.000000 0.707728 0.000000 -0.706485 1.199552 1.199552 1.199552
3199.385010 0.000000 1982.756714 0.000000 0.758025 0.000000 0.652226 0.709179 0.709179 0.709179
3224.401123 0.000000 1963.757324 0.000000 0.997641 0.000000 0.068650 0.790669 0.790669 0.790669
3181.676758 0.000000 1983.719849 0.000000 0.012025 0.000000 0.999928 0.006125 0.006125 0.006125
3171.061279 0.000000 1930.252319 0.000000 0.222207 0.000000 0.974999 0.114122 0.114122 0.114122
3186.806885 0.000000 1939.192017 0.000000 0.197533 0.000000 0.980296 0.265676 0.265676 0.265676
3188.681152 0.000000 1923.666870 0.000000 0.922552 0.000000 0.385872 0.743033 0.743033 0.743033
3190.312744 0.000000 1988.062134 0.000000 0.788120 0.000000 0.615522 0.470258 0.470258 0.470258
3189.923096 0.000000 2001.458374 0.000000 0.536248 0.000000 0.844060 0.288254 0.288254 0.288254
3218.851807 0.000000 1966.875366 0.000000 0.010208 0.000000 -0.999948 1.485711 1.485711 1.485711
3193.100586 0.000000 1930.872070 0.000000 0.849274 0.000000 0.527952 0.516736 0.516736 0.516736
3187.875000 0.000000 2002.786987 0.000000 0.672075 0.000000 -0.740483 1.224645 1.224645 1.224645
3187.747314 0.000000 1933.505615 0.000000 0.874640 0.000000 0.484773 0.599859 0.599859 0.599859
3170.520752 0.000000 1925.241699 0.000000 0.561033 0.000000 0.827793 0.303354 0.303354 0.303354
3173.449219 0.000000 1928.142334 0.000000 0.377276 0.000000 0.926101 0.197023 0.197023 0.197023
3174.752441 0.000000 1924.137939 0.000000 0.269887 0.000000 -0.962892 1.460822 1.460822 1.460822
3181.525879 0.000000 2002.625244 0.000000 0.521540 0.000000 -0.853227 1.320572 1.320572 1.320572
3186.680908 0.000000 1991.365479 0.000000 0.068097 0.000000 -0.997679 1.565291 1.565291 1.565291
3187.927734 0.000000 2005.460571 0.000000 0.814684 0.000000 -0.579906 1.115057 1.115057 1.115057
3172.826172 0.000000 1938.050049 0.000000 0.728323 0.000000 -0.685234 1.041242 1.041242 1.041242
3226.698975 0.000000 1964.031982 0.000000 0.974976 0.000000 -0.222309 0.893131 0.893131 0.893131
3176.969971 0.000000 1925.054199 0.000000 0.572409 0.000000 -0.819968 1.287694 1.287694 1.287694
3173.200928 0.000000 1997.166626 0.000000 0.752964 0.000000 -0.658062 1.099811 1.099811 1.099811
3173.618164 0.000000 1944.402100 0.000000 0.911198 0.000000 -0.411969 0.998445 0.998445 0.998445
3196.200928 0.000000 1973.115234 0.000000 0.257103 0.000000 -0.966384 1.027760 1.027760 1.027760
3195.269531 0.000000 1984.260376 0.000000 0.821026 0.000000 0.570891 0.613120 0.613120 0.613120
3184.805908 0.000000 1994.286011 0.000000 0.582177 0.000000 0.813062 0.316478 0.316478 0.316478
3176.670654 0.000000 2000.657471 0.000000 0.934124 0.000000 0.356949 0.614107 0.614107 0.614107
3168.962891 0.000000 1926.801880 0.000000 0.703899 0.000000 -0.710300 1.202305 1.202305 1.202305
3177.783447 0.000000 1942.736450 0.000000 0.892450 0.000000 -0.451146 1.019679 1.019679 1.019679
3213.068848 0.000000 1968.670166 0.000000 0.979010 0.000000 -0.203814 0.904534 0.904534 0.904534
3205.785156 0.000000 1969.118652 0.000000 0.987206 0.000000 -0.159448 0.869401 0.869401 0.869401
3174.552246 0.000000 1922.005005 0.000000 0.834652 0.000000 -0.550777 1.097070 1.097070 1.097070
3193.866943 0.000000 1998.661743 0.000000 0.881508 0.000000 0.472169 0.561339 0.561339 0.561339
3188.953613 0.000000 1980.078491 0.000000 0.878464 0.000000 0.477808 0.606982 0.606982 0.606982
3213.573975 0.000000 1973.052368 0.000000 0.470299 0.000000 0.882507 0.478257 0.478257 0.478257
3180.000732 0.000000 1995.100464 0.000000 0.437389 0.000000 0.899272 0.230555 0.230555 0.230555
3225.539551 0.000000 1968.922607 0.000000 0.907234 0.000000 -0.420627 0.878904 0.878904 0.878904
3167.745361 0.000000 1922.370239 0.000000 0.998225 0.000000 -0.059558 0.830350 0.830350 0.830350
3195.579102 0.000000 1987.150879 0.000000 0.360808 0.000000 -0.932640 1.037601 1.037601 1.037601
3191.401855 0.000000 1932.710693 0.000000 0.769991 0.000000 -0.638055 1.151035 1.151035 1.151035
3188.453613 0.000000 1935.739868 0.000000 0.956209 0.000000 0.292685 0.651095 0.651095 0.651095
3177.105469 0.000000 1938.965332 0.000000 0.557564 0.000000 0.830134 0.463569 0.463569 0.463569
3184.523926 0.000000 1936.598389 0.000000 0.548378 0.000000 0.836231 0.295607 0.295607 0.295607
3191.815674 0.000000 1986.609863 0.000000 0.506339 0.000000 -0.862335 1.207063 1.207063 1.207063
3182.330811 0.000000 1937.804199 0.000000 0.963408 0.000000 0.268040 0.661799 0.661799 0.661799
3180.764893 0.000000 2005.667969 0.000000 0.938487 0.000000 0.345316 0.620435 0.620435 0.620435
3210.107422 0.000000 1965.635742 0.000000 0.929279 0.000000 -0.369379 0.963973 0.963973 0.963973
3179.429932 0.000000 1991.729126 0.000000 0.044106 0.000000 0.999027 0.022470 0.022470 0.022470
3197.125977 0.000000 2002.567017 0.000000 0.113158 0.000000 0.993577 0.473994 0.473994 0.473994
3181.034180 0.000000 1988.277710 0.000000 0.270901 0.000000 -0.962607 1.460286 1.460286 1.460286
3228.028564 0.000000 1967.311279 0.000000 0.306860 0.000000 0.951755 0.158845 0.158845 0.158845
3176.263184 0.000000 1994.016968 0.000000 0.752041 0.000000 0.659116 0.433489 0.433489 0.433489
3192.139648 0.000000 1935.076416 0.000000 0.224420 0.000000 -0.974493 1.280648 1.280648 1.280648
3182.696045 0.000000 1996.333130 0.000000 0.821199 0.000000 0.570642 0.490711 0.490711 0.490711
3188.719238 0.000000 1931.776367 0.000000 0.426970 0.000000 -0.904266 1.226421 1.226421 1.226421
3229.321289 0.000000 1970.590698 0.000000 0.992269 0.000000 0.124107 0.777385 0.777385 0.777385
3178.093994 0.000000 2002.229004 0.000000 0.255544 0.000000 0.966797 0.131607 0.131607 0.131607
3232.649414 0.000000 1964.053955 0.000000 0.987697 0.000000 0.156378 0.765816 0.765816 0.765816
3187.146240 0.000000 1937.306274 0.000000 0.235895 0.000000 0.971779 0.142577 0.142577 0.142577
3209.076904 0.000000 1971.429565 0.000000 0.951193 0.000000 0.308597 0.640225 0.640225 0.640225
3176.895020 0.000000 1928.373535 0.000000 0.833336 0.000000 -0.552767 1.098285 1.098285 1.098285
3200.066162 0.000000 1976.551392 0.000000 0.960210 0.000000 -0.279280 0.944153 0.944153 0.944153
3169.585693 0.000000 1938.858643 0.000000 0.203299 0.000000 0.979117 0.497151 0.497151 0.497151
3190.623779 0.000000 1989.944458 0.000000 0.730690 0.000000 -0.682709 1.173713 1.173713 1.173713
3175.525879 0.000000 1945.668335 0.000000 0.381906 0.000000 -0.924201 1.266215 1.266215 1.266215
3186.387695 0.000000 2007.864990 0.000000 0.056055 0.000000 -0.998428 1.541184 1.541184 1.541184
3212.168701 0.000000 1962.069824 0.000000 0.953635 0.000000 -0.300966 0.867162 0.867162 0.867162
3202.523682 0.000000 1978.278198 0.000000 0.977963 0.000000 0.208778 0.692882 0.692882 0.692882
3201.026611 0.000000 1974.864746 0.000000 0.687816 0.000000 -0.725885 1.213712 1.213712 1.213712
3179.606445 0.000000 1928.318237 0.000000 0.552884 0.000000 -0.833258 1.189512 1.189512 1.189512
3196.985352 0.000000 2005.663940 0.000000 0.808540 0.000000 -0.588441 0.953296 0.953296 0.953296
3174.627441 0.000000 1942.059448 0.000000 0.881193 0.000000 0.472756 0.551181 0.551181 0.551181
3191.846924 0.000000 1998.540527 0.000000 0.253073 0.000000 0.967447 0.130306 0.130306 0.130306
3182.679199 0.000000 1985.404663 0.000000 0.705805 0.000000 0.708407 0.399063 0.399063 0.399063
3191.769043 0.000000 1929.447632 0.000000 0.219003 0.000000 -0.975724 1.320382 1.320382 1.320382
3202.662109 0.000000 1970.936646 0.000000 0.276611 0.000000 -0.960982 1.457262 1.457262 1.457262
3169.764160 0.000000 1928.919067 0.000000 0.963261 0.000000 0.268569 0.661519 0.661519 0.661519
3180.575684 0.000000 1993.205566 0.000000 0.989027 0.000000 0.147735 0.724483 0.724483 0.724483
3183.513428 0.000000 2003.076172 0.000000 0.480777 0.000000 -0.876843 1.344567 1.344567 1.344567
3220.025879 0.000000 1962.999023 0.000000 0.661099 0.000000 -0.750299 1.064371 1.064371 1.064371
3188.593018 0.000000 1995.387939 0.000000 0.243885 0.000000 -0.969804 1.474525 1.474525 1.474525
3197.261963 0.000000 1978.807129 0.000000 0.724688 0.000000 0.689077 0.412826 0.412826 0.412826
3229.407715 0.000000 1963.649780 0.000000 0.740686 0.000000 -0.671852 0.988336 0.988336 0.988336
3175.020264 0.000000 1991.103760 0.000000 0.302216 0.000000 -0.953240 1.443638 1.443638 1.443638
3184.523926 0.000000 1990.226562 0.000000 0.991198 0.000000 0.132390 0.732376 0.732376 0.732376
3185.471924 0.000000 1981.837646 0.000000 0.435792 0.000000 0.900047 0.229651 0.229651 0.229651
3186.058838 0.000000 1986.934326 0.000000 0.726269 0.000000 -0.687410 1.186004 1.186004 1.186004
3170.877930 0.000000 1943.556763 0.000000 0.509511 0.000000 0.860464 0.272278 0.272278 0.272278
3193.042236 0.000000 1977.942871 0.000000 0.337151 0.000000 0.941451 0.459391 0.459391 0.459391
3170.018799 0.000000 1934.878540 0.000000 0.886393 0.000000 -0.462934 0.979758 0.979758 0.979758
3169.382812 0.000000 1944.986938 0.000000 0.998159 0.000000 0.060655 0.769090 0.769090 0.769090
3191.596924 0.000000 1979.944458 0.000000 0.168202 0.000000 0.985753 0.251257 0.251257 0.251257
3216.691650 0.000000 1970.506470 0.000000 0.814933 0.000000 0.579555 0.585169 0.585169 0.585169
3182.739258 0.000000 1987.441040 0.000000 0.836422 0.000000 0.548086 0.504570 0.504570 0.504570
3186.868652 0.000000 1998.587158 0.000000 0.398912 0.000000 0.916989 0.208979 0.208979 0.208979
3195.060791 0.000000 1981.952759 0.000000 0.837959 0.000000 -0.545734 1.082469 1.082469 1.082469
3176.616211 0.000000 1983.586304 0.000000 0.068853 0.000000 -0.997627 1.564906 1.564906 1.564906
3172.058594 0.000000 1947.025024 0.000000 0.993952 0.000000 0.109818 0.774286 0.774286 0.774286
3206.371094 0.000000 1970.809448 0.000000 0.933665 0.000000 0.358147 0.613454 0.613454 0.613454
3205.741455 0.000000 1978.709961 0.000000 0.976815 0.000000 -0.214084 0.852571 0.852571 0.852571
3173.050293 0.000000 1929.845947 0.000000 0.217960 0.000000 -0.975958 1.488096 1.488096 1.488096
3175.444336 0.000000 1997.678833 0.000000 0.905274 0.000000 0.424828 0.576535 0.576535 0.576535
3214.646729 0.000000 1962.060059 0.000000 0.959893 0.000000 0.280367 0.728487 0.728487 0.728487
3180.091553 0.000000 1984.582275 0.000000 0.957465 0.000000 -0.288548 0.949076 0.949076 0.949076
3169.121338 0.000000 1936.380737 0.000000 0.560083 0.000000 -0.828437 1.053490 1.053490 1.053490
3179.861328 0.000000 2001.981445 0.000000 0.973045 0.000000 0.230617 0.681481 0.681481 0.681481
3181.441650 0.000000 1943.899902 0.000000 0.062979 0.000000 -0.998015 1.134264 1.134264 1.134264
3186.598877 0.000000 2004.232666 0.000000 0.863474 0.000000 0.504394 0.530746 0.530746 0.530746
3174.705566 0.000000 1988.150391 0.000000 0.926853 0.000000 0.375425 0.603995 0.603995 0.603995
3229.286865 0.000000 1968.698853 0.000000 0.626452 0.000000 -0.779460 1.255210 1.255210 1.255210
3192.476318 0.000000 1984.890503 0.000000 0.598618 0.000000 0.801034 0.595898 0.595898 0.595898
3190.625732 0.000000 1999.833008 0.000000 0.852824 0.000000 -0.522198 1.079821 1.079821 1.079821
3167.803467 0.000000 1933.157104 0.000000 0.116609 0.000000 -0.993178 1.540476 1.540476 1.540476
3225.198486 0.000000 1965.349854 0.000000 0.693858 0.000000 0.720112 0.565567 0.565567 0.565567
3184.645020 0.000000 2004.599731 0.000000 0.868702 0.000000 0.495335 0.536073 0.536073 0.536073
3190.989990 0.000000 1996.673828 0.000000 0.332350 0.000000 -0.943156 1.427454 1.427454 1.427454
3189.601562 0.000000 1920.260986 0.000000 0.997769 0.000000 -0.066765 0.833095 0.833095 0.833095
3174.437012 0.000000 1994.721069 0.000000 0.912628 0.000000 0.408792 0.585520 0.585520 0.585520
3191.701172 0.000000 2004.303955 0.000000 0.459804 0.000000 0.888020 0.243329 0.243329 0.243329
3178.072998 0.000000 1982.569824 0.000000 0.814941 0.000000 -0.579544 1.114831 1.114831 1.114831
3209.856445 0.000000 1974.220947 0.000000 0.247476 0.000000 -0.968894 1.171929 1.171929 1.171929
3173.136719 0.000000 1991.927979 0.000000 0.999763 0.000000 0.021773 0.788910 0.788910 0.788910
3189.527344 0.000000 1978.441528 0.000000 0.937537 0.000000 -0.347886 0.885158 0.885158 0.885158
3167.875000 0.000000 1930.545044 0.000000 0.219541 0.000000 0.975603 0.112729 0.112729 0.112729
3213.419922 0.000000 1966.861328 0.000000 0.965453 0.000000 0.260576 0.665740 0.665740 0.665740
3171.302246 0.000000 1931.961182 0.000000 0.863929 0.000000 0.503613 0.531206 0.531206 0.531206
3206.857666 0.000000 1974.230103 0.000000 0.739894 0.000000 -0.672724 1.082956 1.082956 1.082956
3181.256348 0.000000 1990.027466 0.000000 0.628717 0.000000 -0.777634 1.253729 1.253729 1.253729
3185.994141 0.000000 1992.914551 0.000000 0.948806 0.000000 -0.315859 0.963668 0.963668 0.963668
3193.874756 0.000000 1987.709229 0.000000 0.786437 0.000000 -0.617670 0.959566 0.959566 0.959566
3192.531494 0.000000 1981.361694 0.000000 0.168645 0.000000 -0.985677 1.466118 1.466118 1.466118
3182.933838 0.000000 1992.977905 0.000000 0.385040 0.000000 0.922900 0.201300 0.201300 0.201300
3186.273926 0.000000 1983.527710 0.000000 0.310668 0.000000 0.950519 0.160884 0.160884 0.160884
3222.848633 0.000000 1964.629272 0.000000 0.621410 0.000000 -0.783486 1.073300 1.073300 1.073300
3185.151611 0.000000 1985.001587 0.000000 0.454900 0.000000 -0.890543 1.359480 1.359480 1.359480
3172.895020 0.000000 1921.518677 0.000000 0.323604 0.000000 -0.946193 1.414815 1.414815 1.414815
3208.212158 0.000000 1966.299316 0.000000 0.805965 0.000000 -0.591963 1.122635 1.122635 1.122635
3191.063721 0.000000 2002.724976 0.000000 0.702645 0.000000 0.711541 0.396796 0.396796 0.396796
3231.135986 0.000000 1971.385986 0.000000 0.719869 0.000000 0.694110 0.487422 0.487422 0.487422
3178.579102 0.000000 2005.299683 0.000000 0.616013 0.000000 0.787736 0.535485 0.535485 0.535485
3193.967529 0.000000 2004.286987 0.000000 0.934955 0.000000 0.354765 0.615297 0.615297 0.615297
3192.609619 0.000000 1992.783325 0.000000 0.825512 0.000000 -0.564385 0.986844 0.986844 0.986844
3198.105469 0.000000 1981.674316 0.000000 0.712817 0.000000 0.701350 0.469332 0.469332 0.469332
3217.877197 0.000000 1962.926758 0.000000 0.148723 0.000000 -0.988879 1.169085 1.169085 1.169085
3185.624512 0.000000 1938.003662 0.000000 0.470549 0.000000 0.882374 0.275416 0.275416 0.275416
3183.200195 0.000000 1940.318970 0.000000 0.910343 0.000000 0.413855 0.620188 0.620188 0.620188
3221.897705 0.000000 1966.865601 0.000000 0.899711 0.000000 0.436487 0.619573 0.619573 0.619573
3191.666016 0.000000 2006.625977 0.000000 0.638350 0.000000 -0.769746 1.110540 1.110540 1.110540
3183.203613 0.000000 1982.523071 0.000000 0.256767 0.000000 0.966473 0.132252 0.132252 0.132252
3167.678711 0.000000 1944.358398 0.000000 0.890318 0.000000 -0.455339 1.040771 1.040771 1.040771
3182.888916 0.000000 1936.039795 0.000000 0.383303 0.000000 0.923623 0.200342 0.200342 0.200342
3227.097900 0.000000 1965.639648 0.000000 0.546626 0.000000 -0.837377 1.212296 1.212296 1.212296
3172.172363 0.000000 1993.402588 0.000000 0.550033 0.000000 -0.835143 1.303384 1.303384 1.303384
3190.188232 0.000000 1928.769287 0.000000 0.925027 0.000000 -0.379901 0.950212 0.950212 0.950212
3219.576172 0.000000 1969.013428 0.000000 0.834675 0.000000 -0.550743 1.097049 1.097049 1.097049
3176.577881 0.000000 2043.276733 0.000000 0.863280 0.000000 -0.504726 0.809510 0.809510 0.809510
3171.745117 0.000000 2058.459717 0.000000 0.998237 0.000000 0.059357 0.769752 0.769752 0.769752
3172.595215 0.000000 2054.158691 0.000000 0.660426 0.000000 -0.750891 1.232601 1.232601 1.232601
3177.771729 0.000000 2051.709473 0.000000 0.942672 0.000000 -0.333721 0.969210 0.969210 0.969210
3167.866699 0.000000 2057.977539 0.000000 0.802763 0.000000 0.596298 0.474620 0.474620 0.474620
3170.283203 0.000000 2051.543701 0.000000 0.924067 0.000000 -0.382230 0.999750 0.999750 0.999750
3175.201172 0.000000 2052.946289 0.000000 0.721439 0.000000 -0.692478 1.189569 1.189569 1.189569
3170.297119 0.000000 2055.912598 0.000000 0.173140 0.000000 0.984897 0.088626 0.088626 0.088626
3178.200928 0.000000 2054.475586 0.000000 0.967041 0.000000 0.254619 0.705388 0.705388 0.705388
3170.227783 0.000000 2060.608887 0.000000 0.640365 0.000000 0.768070 0.474644 0.474644 0.474644
3176.536377 0.000000 2049.446533 0.000000 0.867850 0.000000 -0.496825 0.994188 0.994188 0.994188
3173.682617 0.000000 2056.650635 0.000000 0.611235 0.000000 -0.791449 1.265077 1.265077 1.265077
3167.865723 0.000000 2051.810791 0.000000 0.275969 0.000000 -0.961167 1.346712 1.346712 1.346712
3174.291260 0.000000 2044.906982 0.000000 0.045114 0.000000 -0.998982 0.991969 0.991969 0.991969
3172.526611 0.000000 2051.879395 0.000000 0.021272 0.000000 -0.999774 1.589166 1.589166 1.589166
3169.814941 0.000000 2053.753906 0.000000 0.952869 0.000000 0.303383 0.643014 0.643014 0.643014
3173.738770 0.000000 2047.584595 0.000000 0.808170 0.000000 0.588950 0.615107 0.615107 0.615107
3169.605713 0.000000 2063.216309 0.000000 0.295780 0.000000 0.955256 0.320405 0.320405 0.320405
3179.563721 0.000000 2052.716309 0.000000 0.077524 0.000000 0.996990 0.209512 0.209512 0.209512
3168.280762 0.000000 2071.177490 0.000000 0.997173 0.000000 -0.075143 0.812919 0.812919 0.812919
3178.854736 0.000000 2049.909180 0.000000 0.810492 0.000000 0.585750 0.631266 0.631266 0.631266
3169.538818 0.000000 2067.095947 0.000000 0.968828 0.000000 0.247732 0.746501 0.746501 0.746501
3174.507080 0.000000 2054.826416 0.000000 0.452185 0.000000 0.891924 0.238968 0.238968 0.238968
3169.752930 0.000000 2058.687500 0.000000 0.819899 0.000000 0.572509 0.489552 0.489552 0.489552
3171.630127 0.000000 2050.074219 0.000000 0.197335 0.000000 0.980336 0.101166 0.101166 0.101166
3177.666992 0.000000 2047.742188 0.000000 0.636023 0.000000 -0.771670 1.011259 1.011259 1.011259
3175.832764 0.000000 2051.194580 0.000000 0.039321 0.000000 0.999227 0.020031 0.020031 0.020031
3173.553955 0.000000 2058.745361 0.000000 0.996086 0.000000 0.088392 0.758459 0.758459 0.758459
3168.356201 0.000000 2059.886475 0.000000 0.994867 0.000000 -0.101189 0.851623 0.851623 0.851623
3167.881592 0.000000 2056.087402 0.000000 0.638459 0.000000 0.769655 0.352685 0.352685 0.352685
3167.667480 0.000000 2063.785156 0.000000 0.477434 0.000000 -0.878668 1.346507 1.346507 1.346507
3169.889404 0.000000 2049.788086 0.000000 0.991072 0.000000 0.133328 0.752993 0.752993 0.752993
3179.418945 0.000000 2055.771240 0.000000 0.959906 0.000000 -0.280322 0.904415 0.904415 0.904415
3176.407227 0.000000 2054.405762 0.000000 0.976379 0.000000 -0.216063 0.910915 0.910915 0.910915
3167.661621 0.000000 2050.051758 0.000000 0.201747 0.000000 -0.979438 1.379085 1.379085 1.379085
3172.051514 0.000000 2056.154297 0.000000 0.870310 0.000000 0.492504 0.537731 0.537731 0.537731
3172.743164 0.000000 2046.201538 0.000000 0.959589 0.000000 -0.281406 0.883750 0.883750 0.883750
3175.031738 0.000000 2048.672119 0.000000 0.184965 0.000000 -0.982745 1.422282 1.422282 1.422282
3171.359375 0.000000 2053.021240 0.000000 0.398802 0.000000 -0.917037 1.391081 1.391081 1.391081
2545.000000 0.000000 2677.457031 0.000000 0.970830 0.000000 0.239767 0.781624 0.781624 0.781624
2547.244629 0.000000 2672.907227 0.000000 0.557952 0.000000 -0.829873 0.889933 0.889933 0.889933
2544.899658 0.000000 2674.789062 0.000000 0.551448 0.000000 0.834209 0.697525 0.697525 0.697525
2547.212402 0.000000 2677.793945 0.000000 0.608093 0.000000 -0.793866 0.952035 0.952035 0.952035
2546.557373 0.000000 2683.781982 0.000000 0.926502 0.000000 -0.376289 0.920200 0.920200 0.920200
2543.917236 0.000000 2670.431152 0.000000 0.473019 0.000000 -0.881052 1.056229 1.056229 1.056229
2542.696045 0.000000 2671.723633 0.000000 0.019657 0.000000 -0.999807 1.168661 1.168661 1.168661
2577.120117 0.000000 2716.839600 0.000000 0.725303 0.000000 -0.688430 0.860662 0.860662 0.860662
2543.271484 0.000000 2688.920410 0.000000 0.543384 0.000000 -0.839484 1.227832 1.227832 1.227832
2588.979004 0.000000 2730.183350 0.000000 0.637998 0.000000 -0.770038 0.905322 0.905322 0.905322
2544.803223 0.000000 2687.666260 0.000000 0.987493 0.000000 0.157660 0.763320 0.763320 0.763320
2542.328613 0.000000 2690.527344 0.000000 0.183785 0.000000 -0.982967 1.356387 1.356387 1.356387
2575.792969 0.000000 2711.827148 0.000000 0.677273 0.000000 0.735732 0.598552 0.598552 0.598552
2598.058594 0.000000 2740.601318 0.000000 0.988575 0.000000 0.150731 0.779148 0.779148 0.779148
2603.020020 0.000000 2745.000732 0.000000 0.118878 0.000000 -0.992909 0.991352 0.991352 0.991352
2655.583008 0.000000 2809.629883 0.000000 0.156230 0.000000 0.987721 0.720930 0.720930 0.720930
2652.026123 0.000000 2785.235840 0.000000 0.696877 0.000000 0.717190 0.726524 0.726524 0.726524
2647.377441 0.000000 2785.292480 0.000000 0.150988 0.000000 0.988536 0.655439 0.655439 0.655439
2647.255371 0.000000 2821.062744 0.000000 0.995943 0.000000 -0.089984 0.810978 0.810978 0.810978
2652.091064 0.000000 2831.170898 0.000000 0.941256 0.000000 0.337694 0.726386 0.726386 0.726386
2653.699707 0.000000 2813.556885 0.000000 0.767427 0.000000 0.641136 0.617905 0.617905 0.617905
2651.643066 0.000000 2816.195801 0.000000 0.951179 0.000000 -0.308639 0.861412 0.861412 0.861412
2650.596191 0.000000 2788.623779 0.000000 0.036422 0.000000 0.999336 0.239197 0.239197 0.239197
2649.260986 0.000000 2829.209229 0.000000 0.999705 0.000000 -0.024273 0.806351 0.806351 0.806351
2650.843018 0.000000 2812.611816 0.000000 0.618651 0.000000 0.785666 0.536463 0.536463 0.536463
2648.848877 0.000000 2788.581787 0.000000 0.150958 0.000000 0.988540 0.371975 0.371975 0.371975
2650.252686 0.000000 2819.352783 0.000000 0.837978 0.000000 -0.545704 0.960248 0.960248 0.960248
2651.160400 0.000000 2829.499268 0.000000 0.566547 0.000000 -0.824029 1.066933 1.066933 1.066933
3878.885986 0.000000 1581.139160 0.000000 0.997379 0.000000 -0.072358 0.823866 0.823866 0.823866
3880.579102 0.000000 1580.116455 0.000000 0.981468 0.000000 0.191624 0.763030 0.763030 0.763030
3882.701660 0.000000 1582.041260 0.000000 0.503242 0.000000 0.864146 0.566590 0.566590 0.566590
3885.830322 0.000000 1582.602539 0.000000 0.121214 0.000000 -0.992626 1.208134 1.208134 1.208134
3887.788574 0.000000 1578.055542 0.000000 0.365720 0.000000 -0.930725 0.881242 0.881242 0.881242
3895.754639 0.000000 1571.272583 0.000000 0.810306 0.000000 -0.586007 0.952563 0.952563 0.952563
3905.980713 0.000000 1602.996826 0.000000 0.998878 0.000000 -0.047359 0.819397 0.819397 0.819397
3500.349121 0.000000 2061.249756 0.000000 0.468153 0.000000 0.883647 0.642013 0.642013 0.642013
3496.725098 0.000000 2058.230713 0.000000 0.281977 0.000000 0.959421 0.530535 0.530535 0.530535
3508.529785 0.000000 2075.707764 0.000000 0.815320 0.000000 -0.579011 0.999799 0.999799 0.999799
4640.333984 0.000000 88.037041 0.000000 0.826043 0.000000 0.563607 0.792825 0.792825 0.792825
4635.451172 0.000000 84.213455 0.000000 0.762973 0.000000 0.646430 0.784558 0.784558 0.784558
4629.802246 0.000000 84.413689 0.000000 0.967544 0.000000 -0.252704 0.810715 0.810715 0.810715
4613.208984 0.000000 92.344719 0.000000 0.508245 0.000000 -0.861212 0.845594 0.845594 0.845594
4635.938965 0.000000 88.188950 0.000000 0.784910 0.000000 -0.619610 0.837370 0.837370 0.837370
4651.574707 0.000000 94.687828 0.000000 0.702018 0.000000 -0.712159 0.863318 0.863318 0.863318
4610.509766 0.000000 94.659164 0.000000 0.955689 0.000000 0.294379 0.779709 0.779709 0.779709
4619.427734 0.000000 91.893921 0.000000 0.393407 0.000000 0.919365 0.716131 0.716131 0.716131
4628.166016 0.000000 88.023048 0.000000 0.973670 0.000000 -0.227962 0.819751 0.819751 0.819751
4634.091309 0.000000 94.774101 0.000000 0.866864 0.000000 -0.498544 0.853162 0.853162 0.853162
4633.823242 0.000000 90.061874 0.000000 0.507596 0.000000 0.861595 0.708747 0.708747 0.708747
4629.947266 0.000000 93.359787 0.000000 0.962310 0.000000 0.271954 0.764795 0.764795 0.764795
4627.979004 0.000000 94.816116 0.000000 0.384991 0.000000 0.922920 0.621556 0.621556 0.621556
4622.696777 0.000000 95.083664 0.000000 0.998759 0.000000 0.049813 0.793431 0.793431 0.793431
4641.634277 0.000000 163.937927 0.000000 0.428349 0.000000 0.903613 0.797747 0.797747 0.797747
4623.846191 0.000000 123.412659 0.000000 0.654012 0.000000 0.756484 0.794860 0.794860 0.794860
4634.239258 0.000000 119.498177 0.000000 0.982568 0.000000 -0.185903 0.801494 0.801494 0.801494
4638.676758 0.000000 156.445435 0.000000 0.154061 0.000000 0.988061 0.783030 0.783030 0.783030
4669.479004 0.000000 173.061691 0.000000 0.006062 0.000000 0.999982 0.778124 0.778124 0.778124
4638.209473 0.000000 168.643158 0.000000 0.380305 0.000000 -0.924861 0.835371 0.835371 0.835371
4608.421387 0.000000 128.891388 0.000000 0.915796 0.000000 0.401644 0.789269 0.789269 0.789269
4668.362793 0.000000 100.735886 0.000000 0.353599 0.000000 -0.935397 0.833816 0.833816 0.833816
4631.091797 0.000000 154.442184 0.000000 0.482947 0.000000 0.875650 0.768041 0.768041 0.768041
4633.105469 0.000000 136.293915 0.000000 0.821110 0.000000 -0.570770 0.818198 0.818198 0.818198
4641.433105 0.000000 119.193596 0.000000 0.941544 0.000000 -0.336891 0.810980 0.810980 0.810980
4645.040527 0.000000 123.892982 0.000000 0.513130 0.000000 -0.858311 0.832977 0.832977 0.832977
4622.755371 0.000000 119.086472 0.000000 0.879104 0.000000 -0.476629 0.820837 0.820837 0.820837
4642.632324 0.000000 168.238525 0.000000 0.683013 0.000000 0.730406 0.759111 0.759111 0.759111
4665.298340 0.000000 185.047333 0.000000 0.843779 0.000000 -0.536690 0.828286 0.828286 0.828286
4614.821777 0.000000 115.157822 0.000000 0.097114 0.000000 -0.995273 0.879461 0.879461 0.879461
4630.388184 0.000000 147.154877 0.000000 0.246799 0.000000 0.969067 0.720824 0.720824 0.720824
4647.844727 0.000000 129.891937 0.000000 0.985007 0.000000 0.172517 0.790650 0.790650 0.790650
4640.397949 0.000000 188.651062 0.000000 0.621364 0.000000 -0.783522 0.855742 0.855742 0.855742
4677.798828 0.000000 145.516922 0.000000 0.537539 0.000000 0.843239 0.749905 0.749905 0.749905
4639.018066 0.000000 172.196075 0.000000 0.994080 0.000000 -0.108648 0.806958 0.806958 0.806958
4648.415039 0.000000 122.496765 0.000000 0.918967 0.000000 0.394333 0.769237 0.769237 0.769237
4639.231934 0.000000 137.411285 0.000000 0.574338 0.000000 -0.818618 0.855545 0.855545 0.855545
4668.082520 0.000000 153.123718 0.000000 0.972315 0.000000 0.233674 0.782100 0.782100 0.782100
4658.118652 0.000000 181.350143 0.000000 0.914552 0.000000 0.404469 0.772556 0.772556 0.772556
4618.719727 0.000000 176.752716 0.000000 0.769232 0.000000 0.638969 0.759852 0.759852 0.759852
4670.995117 0.000000 139.036865 0.000000 0.994299 0.000000 -0.106625 0.809175 0.809175 0.809175
4667.287598 0.000000 115.406815 0.000000 0.796999 0.000000 -0.603981 0.853103 0.853103 0.853103
4628.928223 0.000000 114.232056 0.000000 0.330760 0.000000 -0.943715 0.888703 0.888703 0.888703
4627.623535 0.000000 154.572388 0.000000 0.213860 0.000000 0.976864 0.702555 0.702555 0.702555
4642.011719 0.000000 152.688858 0.000000 0.923444 0.000000 0.383733 0.772470 0.772470 0.772470
4629.225098 0.000000 143.905823 0.000000 0.159735 0.000000 -0.987160 0.915491 0.915491 0.915491
4649.878906 0.000000 161.502945 0.000000 0.963853 0.000000 0.266435 0.778454 0.778454 0.778454
4665.206543 0.000000 112.580780 0.000000 0.547064 0.000000 0.837091 0.710848 0.710848 0.710848
4658.895508 0.000000 177.664154 0.000000 0.990743 0.000000 0.135749 0.787490 0.787490 0.787490
4641.403809 0.000000 139.908447 0.000000 0.934922 0.000000 0.354854 0.768121 0.768121 0.768121
4620.783203 0.000000 131.402740 0.000000 0.435411 0.000000 -0.900232 0.887263 0.887263 0.887263
4664.630371 0.000000 169.085754 0.000000 0.536684 0.000000 0.843783 0.733808 0.733808 0.733808
4638.366699 0.000000 144.024323 0.000000 0.606319 0.000000 -0.795222 0.882629 0.882629 0.882629
4673.484375 0.000000 151.325958 0.000000 0.953061 0.000000 0.302778 0.779112 0.779112 0.779112
4641.873535 0.000000 149.436325 0.000000 0.991399 0.000000 -0.130872 0.811796 0.811796 0.811796
4620.819336 0.000000 162.573685 0.000000 0.298021 0.000000 -0.954559 0.919044 0.919044 0.919044
4607.926758 0.000000 111.184082 0.000000 0.496031 0.000000 0.868305 0.711773 0.711773 0.711773
4625.006348 0.000000 156.267120 0.000000 0.732861 0.000000 0.680378 0.738726 0.738726 0.738726
4618.200684 0.000000 113.536118 0.000000 0.789402 0.000000 0.613876 0.740596 0.740596 0.740596
4624.402344 0.000000 159.712448 0.000000 0.976251 0.000000 -0.216641 0.816137 0.816137 0.816137
4664.893555 0.000000 125.261276 0.000000 0.735156 0.000000 0.677898 0.728588 0.728588 0.728588
4646.328125 0.000000 190.786819 0.000000 0.999872 0.000000 -0.016028 0.801441 0.801441 0.801441
4667.300781 0.000000 130.686066 0.000000 0.511262 0.000000 -0.859425 0.884683 0.884683 0.884683
4650.558105 0.000000 132.032379 0.000000 0.796707 0.000000 -0.604366 0.853142 0.853142 0.853142
4661.647461 0.000000 171.839447 0.000000 0.787276 0.000000 0.616600 0.733650 0.733650 0.733650
4660.678711 0.000000 99.188126 0.000000 0.349376 0.000000 0.936983 0.678778 0.678778 0.678778
4660.019043 0.000000 108.655418 0.000000 0.764086 0.000000 -0.645114 0.871421 0.871421 0.871421
4665.416016 0.000000 158.615738 0.000000 0.075622 0.000000 -0.997137 0.934373 0.934373 0.934373
4665.956055 0.000000 118.019966 0.000000 0.963814 0.000000 -0.266576 0.830719 0.830719 0.830719
4643.839355 0.000000 100.970787 0.000000 0.271647 0.000000 0.962397 0.652495 0.652495 0.652495
4640.089355 0.000000 111.509781 0.000000 0.603718 0.000000 0.797198 0.702335 0.702335 0.702335
4648.617676 0.000000 167.714966 0.000000 0.095679 0.000000 -0.995412 0.923726 0.923726 0.923726
4658.170410 0.000000 148.312881 0.000000 0.991458 0.000000 0.130427 0.784587 0.784587 0.784587
4615.044922 0.000000 133.258575 0.000000 0.981571 0.000000 -0.191096 0.818433 0.818433 0.818433
4659.375977 0.000000 111.439194 0.000000 0.518268 0.000000 0.855219 0.679102 0.679102 0.679102
4651.195801 0.000000 123.507698 0.000000 0.254711 0.000000 -0.967017 0.928521 0.928521 0.928521
4610.141113 0.000000 136.225021 0.000000 0.700014 0.000000 -0.714129 0.887371 0.887371 0.887371
4667.948242 0.000000 148.394089 0.000000 0.577362 0.000000 0.816488 0.683614 0.683614 0.683614
4665.652344 0.000000 163.498596 0.000000 0.965749 0.000000 0.259477 0.777982 0.777982 0.777982
4640.868652 0.000000 142.782013 0.000000 0.333212 0.000000 -0.942852 0.937692 0.937692 0.937692
4659.372559 0.000000 151.288605 0.000000 0.083099 0.000000 0.996541 0.633619 0.633619 0.633619
4659.958008 0.000000 101.867905 0.000000 0.972611 0.000000 -0.232438 0.830454 0.830454 0.830454
4662.876465 0.000000 127.770920 0.000000 0.005030 0.000000 0.999987 0.643640 0.643640 0.643640
4656.057129 0.000000 139.224792 0.000000 0.891542 0.000000 0.452939 0.751181 0.751181 0.751181
4619.596191 0.000000 158.177856 0.000000 0.291850 0.000000 0.956464 0.631980 0.631980 0.631980
4616.494629 0.000000 108.356552 0.000000 0.951406 0.000000 0.307939 0.761864 0.761864 0.761864
4609.873047 0.000000 163.060608 0.000000 0.674030 0.000000 -0.738704 0.891300 0.891300 0.891300
4609.613770 0.000000 99.227768 0.000000 0.576050 0.000000 0.817415 0.694885 0.694885 0.694885
4618.071289 0.000000 103.279236 0.000000 0.531957 0.000000 0.846771 0.666879 0.666879 0.666879
4611.262695 0.000000 109.969879 0.000000 0.257792 0.000000 0.966200 0.663942 0.663942 0.663942
4663.434570 0.000000 104.120522 0.000000 0.999991 0.000000 -0.004170 0.800408 0.800408 0.800408
4640.646484 0.000000 176.453339 0.000000 0.630457 0.000000 -0.776224 0.894067 0.894067 0.894067
4610.208984 0.000000 157.876144 0.000000 0.863709 0.000000 0.503991 0.743032 0.743032 0.743032
4663.036621 0.000000 133.499893 0.000000 0.762538 0.000000 -0.646944 0.891338 0.891338 0.891338
4664.550781 0.000000 130.885773 0.000000 0.999985 0.000000 0.005512 0.799450 0.799450 0.799450
4638.913086 0.000000 108.900169 0.000000 0.013926 0.000000 -0.999903 0.974129 0.974129 0.974129
4621.520508 0.000000 160.016663 0.000000 0.977434 0.000000 0.211240 0.777895 0.777895 0.777895
4643.117676 0.000000 184.340454 0.000000 0.960350 0.000000 -0.278799 0.830473 0.830473 0.830473
4650.729004 0.000000 139.873520 0.000000 0.792942 0.000000 0.609297 0.731956 0.731956 0.731956
4662.543457 0.000000 155.309540 0.000000 0.886798 0.000000 -0.462158 0.847017 0.847017 0.847017
4638.849121 0.000000 101.639999 0.000000 0.577922 0.000000 -0.816092 0.925835 0.925835 0.925835
4649.205078 0.000000 171.475800 0.000000 0.735047 0.000000 0.678016 0.721133 0.721133 0.721133
4655.250977 0.000000 186.786346 0.000000 0.977446 0.000000 0.211188 0.770251 0.770251 0.770251
4660.738770 0.000000 166.179153 0.000000 0.189432 0.000000 -0.981894 0.954370 0.954370 0.954370
4643.570312 0.000000 144.828369 0.000000 0.059723 0.000000 -0.998215 0.999182 0.999182 0.999182
4610.905273 0.000000 106.549065 0.000000 0.646723 0.000000 -0.762725 0.909156 0.909156 0.909156
4652.296875 0.000000 153.895691 0.000000 0.429140 0.000000 -0.903238 0.962101 0.962101 0.962101
4655.956055 0.000000 133.523163 0.000000 0.022214 0.000000 0.999753 0.617520 0.617520 0.617520
4618.044434 0.000000 134.787872 0.000000 0.056151 0.000000 0.998422 0.615472 0.615472 0.615472
4658.320801 0.000000 174.252167 0.000000 0.721657 0.000000 0.692250 0.722118 0.722118 0.722118
4657.404785 0.000000 120.167389 0.000000 0.431267 0.000000 -0.902224 0.948282 0.948282 0.948282
4655.456055 0.000000 148.230225 0.000000 0.523234 0.000000 -0.852189 0.934475 0.934475 0.934475
4667.166016 0.000000 135.819275 0.000000 0.857798 0.000000 0.513988 0.743936 0.743936 0.743936
4631.110352 0.000000 103.845627 0.000000 0.420949 0.000000 0.907084 0.652484 0.652484 0.652484
4653.309082 0.000000 121.968994 0.000000 0.996370 0.000000 0.085126 0.790808 0.790808 0.790808
4668.527832 0.000000 138.182800 0.000000 0.929972 0.000000 -0.367631 0.839850 0.839850 0.839850
4628.524902 0.000000 99.963593 0.000000 0.081007 0.000000 0.996714 0.591730 0.591730 0.591730
4663.413086 0.000000 149.408997 0.000000 0.146241 0.000000 -0.989249 0.970648 0.970648 0.970648
4613.526367 0.000000 136.962906 0.000000 0.998627 0.000000 -0.052379 0.806280 0.806280 0.806280
4655.478516 0.000000 173.283447 0.000000 0.760909 0.000000 0.648859 0.699875 0.699875 0.699875
4655.656250 0.000000 98.128609 0.000000 0.653431 0.000000 -0.756986 0.908045 0.908045 0.908045
4655.637207 0.000000 125.820511 0.000000 0.965791 0.000000 0.259323 0.762802 0.762802 0.762802
4658.654297 0.000000 115.518707 0.000000 0.987373 0.000000 -0.158413 0.824465 0.824465 0.824465
4646.512695 0.000000 175.522034 0.000000 0.305960 0.000000 0.952044 0.638962 0.638962 0.638962
4654.330078 0.000000 164.420868 0.000000 0.095373 0.000000 -0.995442 1.012147 1.012147 1.012147
4655.885742 0.000000 111.178497 0.000000 0.406150 0.000000 -0.913807 0.963437 0.963437 0.963437
4647.765137 0.000000 151.906464 0.000000 0.965557 0.000000 -0.260192 0.830491 0.830491 0.830491
4615.990723 0.000000 150.217621 0.000000 0.774484 0.000000 0.632593 0.689200 0.689200 0.689200
4618.662598 0.000000 100.101967 0.000000 0.994421 0.000000 -0.105484 0.811820 0.811820 0.811820
4616.817871 0.000000 167.954239 0.000000 0.764564 0.000000 -0.644548 0.882537 0.882537 0.882537
4612.725098 0.000000 101.997902 0.000000 0.585126 0.000000 0.810943 0.679110 0.679110 0.679110
4632.944336 0.000000 107.168777 0.000000 0.875417 0.000000 0.483368 0.739544 0.739544 0.739544
4659.693848 0.000000 129.872223 0.000000 0.454502 0.000000 -0.890746 0.955840 0.955840 0.955840
4659.679688 0.000000 159.554977 0.000000 0.628738 0.000000 0.777617 0.666554 0.666554 0.666554
4609.899414 0.000000 181.172943 0.000000 0.173815 0.000000 -0.984778 1.003548 1.003548 1.003548
4658.249512 0.000000 106.764679 0.000000 0.677819 0.000000 0.735229 0.691118 0.691118 0.691118
4653.602051 0.000000 184.884598 0.000000 0.624961 0.000000 -0.780656 0.925227 0.925227 0.925227
4650.532227 0.000000 111.424133 0.000000 0.932332 0.000000 -0.361603 0.857638 0.857638 0.857638
4613.479004 0.000000 177.730255 0.000000 0.562435 0.000000 0.826842 0.685289 0.685289 0.685289
4607.525879 0.000000 154.574600 0.000000 0.625409 0.000000 -0.780297 0.926934 0.926934 0.926934
4665.364746 0.000000 148.047760 0.000000 0.924624 0.000000 -0.380880 0.846825 0.846825 0.846825
4610.364746 0.000000 101.538452 0.000000 0.648562 0.000000 0.761161 0.685964 0.685964 0.685964
4652.779297 0.000000 106.817986 0.000000 0.136572 0.000000 -0.990630 1.006182 1.006182 1.006182
4646.188477 0.000000 187.537689 0.000000 0.792084 0.000000 -0.610412 0.878681 0.878681 0.878681
4664.635742 0.000000 136.066315 0.000000 0.587070 0.000000 -0.809536 0.926236 0.926236 0.926236
4660.032227 0.000000 146.821335 0.000000 0.994372 0.000000 0.105942 0.785161 0.785161 0.785161
4649.284668 0.000000 102.027351 0.000000 0.474441 0.000000 0.880287 0.632303 0.632303 0.632303
4654.134277 0.000000 127.937469 0.000000 0.395459 0.000000 0.918484 0.632583 0.632583 0.632583
4613.292969 0.000000 104.439095 0.000000 0.998416 0.000000 -0.056258 0.808431 0.808431 0.808431
4657.897949 0.000000 161.135559 0.000000 0.999293 0.000000 -0.037608 0.805860 0.805860 0.805860
4663.093750 0.000000 121.935944 0.000000 0.258885 0.000000 0.965908 0.627460 0.627460 0.627460
4614.596191 0.000000 100.434753 0.000000 0.393467 0.000000 -0.919339 0.944433 0.944433 0.944433
4655.479004 0.000000 160.509552 0.000000 0.295639 0.000000 -0.955300 0.982724 0.982724 0.982724
4609.748535 0.000000 175.453018 0.000000 0.494419 0.000000 0.869224 0.633756 0.633756 0.633756
4654.020508 0.000000 103.241470 0.000000 0.913669 0.000000 -0.406459 0.864371 0.864371 0.864371
4621.378418 0.000000 109.930420 0.000000 0.395407 0.000000 -0.918506 0.960450 0.960450 0.960450
4663.675781 0.000000 118.401123 0.000000 0.995349 0.000000 0.096330 0.786897 0.786897 0.786897
4626.644531 0.000000 102.633270 0.000000 0.825862 0.000000 0.563872 0.716246 0.716246 0.716246
4658.538574 0.000000 163.609009 0.000000 0.400849 0.000000 0.916144 0.640368 0.640368 0.640368
4651.154297 0.000000 174.878387 0.000000 0.658891 0.000000 0.752238 0.672459 0.672459 0.672459
4616.934570 0.000000 141.390625 0.000000 0.971352 0.000000 0.237644 0.766455 0.766455 0.766455
4618.801270 0.000000 153.422272 0.000000 0.058981 0.000000 0.998259 0.573546 0.573546 0.573546
4646.036621 0.000000 104.282890 0.000000 0.999765 0.000000 0.021660 0.797058 0.797058 0.797058
4655.047852 0.000000 114.327003 0.000000 0.281419 0.000000 -0.959585 0.982292 0.982292 0.982292
4666.542480 0.000000 140.328796 0.000000 0.978846 0.000000 -0.204597 0.827573 0.827573 0.827573
4609.600586 0.000000 155.708862 0.000000 0.657498 0.000000 -0.753456 0.915889 0.915889 0.915889
4626.777832 0.000000 105.296555 0.000000 0.980821 0.000000 -0.194911 0.827425 0.827425 0.827425
4611.286133 0.000000 165.038239 0.000000 0.961069 0.000000 0.276309 0.761420 0.761420 0.761420
4649.918457 0.000000 108.112617 0.000000 0.955015 0.000000 0.296558 0.753697 0.753697 0.753697
4610.852051 0.000000 145.479156 0.000000 0.953347 0.000000 -0.301876 0.842261 0.842261 0.842261
4654.829590 0.000000 153.168381 0.000000 0.945264 0.000000 -0.326306 0.852446 0.852446 0.852446
4611.942871 0.000000 175.362396 0.000000 0.564950 0.000000 -0.825125 0.941486 0.941486 0.941486
4663.444824 0.000000 137.920242 0.000000 0.422612 0.000000 0.906310 0.636862 0.636862 0.636862
4608.806641 0.000000 103.098625 0.000000 0.299283 0.000000 0.954164 0.607704 0.607704 0.607704
4652.912598 0.000000 144.966888 0.000000 0.734349 0.000000 -0.678772 0.919209 0.919209 0.919209
4645.628906 0.000000 145.415344 0.000000 0.007558 0.000000 -0.999971 1.034162 1.034162 1.034162
4610.506348 0.000000 170.273499 0.000000 0.909275 0.000000 0.416195 0.731414 0.731414 0.731414
4611.895020 0.000000 152.651962 0.000000 0.896643 0.000000 0.442755 0.730379 0.730379 0.730379
4656.977051 0.000000 104.804016 0.000000 0.871327 0.000000 0.490704 0.716001 0.716001 0.716001
4625.046387 0.000000 109.211151 0.000000 0.751175 0.000000 0.660103 0.692006 0.692006 0.692006
4625.465820 0.000000 98.405655 0.000000 0.994030 0.000000 0.109108 0.783187 0.783187 0.783187
4653.038086 0.000000 189.039703 0.000000 0.292348 0.000000 0.956312 0.611691 0.611691 0.611691
4643.255859 0.000000 107.356735 0.000000 0.565876 0.000000 -0.824490 0.949066 0.949066 0.949066
4621.400879 0.000000 146.851425 0.000000 0.499990 0.000000 -0.866031 0.971505 0.971505 0.971505
4667.450684 0.000000 241.560913 0.000000 0.962667 0.000000 -0.270689 0.800548 0.800548 0.800548
4623.443848 0.000000 193.426056 0.000000 0.999991 0.000000 0.004159 0.799983 0.799983 0.799983
4634.239258 0.000000 215.482559 0.000000 0.422484 0.000000 -0.906370 0.806798 0.806798 0.806798
4636.394043 0.000000 223.850647 0.000000 0.645879 0.000000 -0.763440 0.824288 0.824288 0.824288
4638.983887 0.000000 246.943298 0.000000 0.435294 0.000000 0.900288 0.761958 0.761958 0.761958
4665.787109 0.000000 246.376160 0.000000 0.882466 0.000000 0.470376 0.783373 0.783373 0.783373
4637.134277 0.000000 258.224731 0.000000 0.968257 0.000000 -0.249956 0.810091 0.810091 0.810091
4665.567383 0.000000 224.261612 0.000000 0.329955 0.000000 0.943996 0.755618 0.755618 0.755618
4620.367188 0.000000 197.861450 0.000000 0.738354 0.000000 -0.674413 0.825131 0.825131 0.825131
4665.272949 0.000000 216.826447 0.000000 0.974182 0.000000 -0.225765 0.810461 0.810461 0.810461
4622.871094 0.000000 204.198563 0.000000 0.995072 0.000000 0.099152 0.796033 0.796033 0.796033
4623.956055 0.000000 211.050171 0.000000 0.674360 0.000000 0.738402 0.750227 0.750227 0.750227
4636.916992 0.000000 243.233429 0.000000 0.073520 0.000000 0.997294 0.722253 0.722253 0.722253
4660.721191 0.000000 210.023560 0.000000 0.486635 0.000000 -0.873605 0.872154 0.872154 0.872154
4640.137695 0.000000 195.348358 0.000000 0.599513 0.000000 0.800365 0.748109 0.748109 0.748109
4608.584473 0.000000 241.512360 0.000000 0.769093 0.000000 -0.639137 0.852624 0.852624 0.852624
4663.604004 0.000000 257.084717 0.000000 0.930430 0.000000 0.366469 0.776020 0.776020 0.776020
4658.118652 0.000000 277.334534 0.000000 0.997094 0.000000 0.076186 0.793908 0.793908 0.793908
4655.046875 0.000000 232.675781 0.000000 0.973499 0.000000 -0.228690 0.817051 0.817051 0.817051
4618.719727 0.000000 272.737122 0.000000 0.665574 0.000000 0.746332 0.731008 0.731008 0.731008
4663.157715 0.000000 248.779907 0.000000 0.842417 0.000000 -0.538826 0.832959 0.832959 0.832959
4619.149902 0.000000 205.357269 0.000000 0.363499 0.000000 0.931594 0.701836 0.701836 0.701836
4649.944336 0.000000 195.556122 0.000000 0.739090 0.000000 -0.673607 0.861997 0.861997 0.861997
4626.999023 0.000000 218.012909 0.000000 0.025583 0.000000 0.999673 0.676554 0.676554 0.676554
4633.206055 0.000000 222.677475 0.000000 0.569439 0.000000 0.822033 0.734472 0.734472 0.734472
4658.895508 0.000000 273.648560 0.000000 0.932568 0.000000 -0.360995 0.830981 0.830981 0.830981
4645.912598 0.000000 223.014801 0.000000 0.995837 0.000000 0.091149 0.791067 0.791067 0.791067
4625.015137 0.000000 281.682465 0.000000 0.201659 0.000000 -0.979456 0.928391 0.928391 0.928391
4633.689941 0.000000 258.303101 0.000000 0.670670 0.000000 0.741756 0.729899 0.729899 0.729899
4632.599121 0.000000 269.014435 0.000000 0.014501 0.000000 0.999895 0.657019 0.657019 0.657019
4632.773438 0.000000 277.847473 0.000000 0.415307 0.000000 -0.909681 0.895839 0.895839 0.895839
4644.166504 0.000000 272.798309 0.000000 0.718311 0.000000 0.695722 0.729311 0.729311 0.729311
4646.698242 0.000000 194.618912 0.000000 0.608260 0.000000 -0.793738 0.869590 0.869590 0.869590
4618.200684 0.000000 209.520508 0.000000 0.998401 0.000000 0.056532 0.794691 0.794691 0.794691
4654.826172 0.000000 227.026474 0.000000 0.427537 0.000000 -0.903998 0.926277 0.926277 0.926277
4660.019043 0.000000 204.639801 0.000000 0.614892 0.000000 -0.788611 0.870769 0.870769 0.870769
4608.704590 0.000000 215.538925 0.000000 0.996949 0.000000 0.078049 0.791730 0.791730 0.791730
4643.839355 0.000000 196.955170 0.000000 0.136217 0.000000 -0.990679 0.923167 0.923167 0.923167
4656.976074 0.000000 264.597900 0.000000 0.963616 0.000000 -0.267290 0.825940 0.825940 0.825940
4656.102051 0.000000 212.396332 0.000000 0.579967 0.000000 0.814640 0.689708 0.689708 0.689708
4631.849609 0.000000 238.736694 0.000000 0.916813 0.000000 0.399316 0.752416 0.752416 0.752416
4631.278320 0.000000 247.559723 0.000000 0.814552 0.000000 0.580090 0.732022 0.732022 0.732022
4608.877930 0.000000 280.496826 0.000000 0.885901 0.000000 0.463875 0.747977 0.747977 0.747977
4633.269531 0.000000 252.197998 0.000000 0.964158 0.000000 0.265328 0.776937 0.776937 0.776937
4640.868652 0.000000 238.766403 0.000000 0.972469 0.000000 -0.233032 0.822078 0.822078 0.822078
4630.049316 0.000000 233.570572 0.000000 0.843195 0.000000 -0.537608 0.864617 0.864617 0.864617
4663.158691 0.000000 193.714035 0.000000 0.721693 0.000000 0.692214 0.717542 0.717542 0.717542
4659.372559 0.000000 247.272980 0.000000 0.969454 0.000000 -0.245274 0.824251 0.824251 0.824251
4627.214844 0.000000 220.786591 0.000000 0.572419 0.000000 0.819961 0.705918 0.705918 0.705918
4619.596191 0.000000 254.162231 0.000000 0.516170 0.000000 -0.856486 0.904754 0.904754 0.904754
4616.494629 0.000000 204.340942 0.000000 0.032308 0.000000 0.999478 0.643291 0.643291 0.643291
4607.830566 0.000000 210.031799 0.000000 0.993382 0.000000 -0.114859 0.811265 0.811265 0.811265
4621.585938 0.000000 217.906921 0.000000 0.155253 0.000000 0.987875 0.661530 0.661530 0.661530
4621.565430 0.000000 263.963562 0.000000 0.504420 0.000000 -0.863459 0.916553 0.916553 0.916553
4647.802734 0.000000 277.563416 0.000000 0.117910 0.000000 0.993024 0.634631 0.634631 0.634631
4654.432129 0.000000 204.514648 0.000000 0.587465 0.000000 0.809250 0.694544 0.694544 0.694544
4621.520508 0.000000 256.001038 0.000000 0.984410 0.000000 0.175889 0.779165 0.779165 0.779165
4650.729004 0.000000 235.857910 0.000000 0.121268 0.000000 -0.992620 0.962090 0.962090 0.962090
4649.205078 0.000000 267.460175 0.000000 0.961497 0.000000 0.274815 0.762190 0.762190 0.762190
4655.250977 0.000000 282.770721 0.000000 0.984824 0.000000 -0.173558 0.820207 0.820207 0.820207
4618.043457 0.000000 222.127197 0.000000 0.895740 0.000000 -0.444579 0.864410 0.864410 0.864410
4643.570312 0.000000 240.812744 0.000000 0.995481 0.000000 -0.094956 0.809877 0.809877 0.809877
4655.956055 0.000000 229.507553 0.000000 0.787124 0.000000 -0.616795 0.866375 0.866375 0.866375
4616.109375 0.000000 213.381958 0.000000 0.920349 0.000000 -0.391099 0.851363 0.851363 0.851363
4618.931641 0.000000 279.237610 0.000000 0.522054 0.000000 -0.852912 0.918335 0.918335 0.918335
4657.404785 0.000000 216.151764 0.000000 0.998936 0.000000 -0.046117 0.805989 0.805989 0.805989
4626.583008 0.000000 226.043503 0.000000 0.977803 0.000000 0.209528 0.770488 0.770488 0.770488
4651.412598 0.000000 193.435165 0.000000 0.812187 0.000000 0.583397 0.735307 0.735307 0.735307
4653.309082 0.000000 217.953384 0.000000 0.967660 0.000000 -0.252258 0.837181 0.837181 0.837181
4616.380371 0.000000 225.743347 0.000000 0.972064 0.000000 0.234715 0.764037 0.764037 0.764037
4647.104004 0.000000 212.156540 0.000000 0.146219 0.000000 -0.989252 0.967806 0.967806 0.967806
4655.478516 0.000000 269.267822 0.000000 0.834641 0.000000 -0.550794 0.868736 0.868736 0.868736
4646.411133 0.000000 227.954269 0.000000 0.950718 0.000000 0.310057 0.756555 0.756555 0.756555
4628.762695 0.000000 264.604553 0.000000 0.762826 0.000000 0.646604 0.707316 0.707316 0.707316
4655.656250 0.000000 194.112991 0.000000 0.736055 0.000000 0.676921 0.706439 0.706439 0.706439
4629.766602 0.000000 273.739502 0.000000 0.588908 0.000000 0.808200 0.672189 0.672189 0.672189
4622.729980 0.000000 229.297165 0.000000 0.932778 0.000000 -0.360451 0.855973 0.855973 0.855973
4641.450195 0.000000 202.166855 0.000000 0.860414 0.000000 -0.509595 0.859805 0.859805 0.859805
4646.512695 0.000000 271.506409 0.000000 0.143466 0.000000 0.989655 0.634716 0.634716 0.634716
4622.545410 0.000000 225.658600 0.000000 0.967043 0.000000 0.254612 0.761951 0.761951 0.761951
4612.725098 0.000000 197.982285 0.000000 0.837043 0.000000 -0.547137 0.867064 0.867064 0.867064
4651.770020 0.000000 213.847122 0.000000 0.336028 0.000000 -0.941852 0.986413 0.986413 0.986413
4609.899414 0.000000 277.157318 0.000000 0.807214 0.000000 -0.590258 0.878183 0.878183 0.878183
4649.024414 0.000000 215.408554 0.000000 0.100858 0.000000 -0.994901 0.979064 0.979064 0.979064
4627.979004 0.000000 286.784882 0.000000 0.830372 0.000000 -0.557209 0.874366 0.874366 0.874366
4653.602051 0.000000 280.868988 0.000000 0.553055 0.000000 0.833144 0.662323 0.662323 0.662323
4650.532227 0.000000 207.408508 0.000000 0.507252 0.000000 0.861798 0.669292 0.669292 0.669292
4613.479004 0.000000 273.714630 0.000000 0.840708 0.000000 -0.541489 0.881141 0.881141 0.881141
4646.326172 0.000000 206.870895 0.000000 0.925496 0.000000 -0.378757 0.860515 0.860515 0.860515
4628.262207 0.000000 244.334305 0.000000 0.881880 0.000000 0.471474 0.733321 0.733321 0.733321
4622.696777 0.000000 287.052429 0.000000 0.810871 0.000000 0.585225 0.702610 0.702610 0.702610
4610.364746 0.000000 197.522827 0.000000 0.996463 0.000000 0.084030 0.788574 0.788574 0.788574
4652.779297 0.000000 202.802368 0.000000 0.787629 0.000000 -0.616149 0.890158 0.890158 0.890158
4646.188477 0.000000 283.522064 0.000000 0.576601 0.000000 0.817026 0.685410 0.685410 0.685410
4649.854980 0.000000 224.403198 0.000000 0.931885 0.000000 0.362753 0.747360 0.747360 0.747360
4614.134766 0.000000 221.203705 0.000000 0.981311 0.000000 -0.192430 0.827845 0.827845 0.827845
4615.166504 0.000000 283.022064 0.000000 0.784525 0.000000 -0.620098 0.893512 0.893512 0.893512
4627.733398 0.000000 259.553894 0.000000 0.997761 0.000000 0.066885 0.790107 0.790107 0.790107
4649.284668 0.000000 198.011734 0.000000 0.325986 0.000000 0.945375 0.646608 0.646608 0.646608
4654.134277 0.000000 223.921860 0.000000 0.973584 0.000000 -0.228331 0.832666 0.832666 0.832666
4613.292969 0.000000 200.423477 0.000000 0.073182 0.000000 0.997319 0.605587 0.605587 0.605587
4626.681152 0.000000 248.366898 0.000000 0.292951 0.000000 0.956127 0.609241 0.609241 0.609241
4657.897949 0.000000 257.119934 0.000000 0.865211 0.000000 -0.501408 0.866087 0.866087 0.866087
4628.238281 0.000000 237.541748 0.000000 0.588202 0.000000 -0.808714 0.931693 0.931693 0.931693
4648.862305 0.000000 272.374481 0.000000 0.769492 0.000000 -0.638656 0.889933 0.889933 0.889933
4624.636230 0.000000 233.622253 0.000000 0.996633 0.000000 -0.081989 0.811475 0.811475 0.811475
4619.542969 0.000000 281.541138 0.000000 0.227805 0.000000 0.973707 0.620558 0.620558 0.620558
4652.319336 0.000000 276.009399 0.000000 0.972254 0.000000 -0.233929 0.834425 0.834425 0.834425
4655.479004 0.000000 256.493927 0.000000 0.275393 0.000000 -0.961332 0.985762 0.985762 0.985762
4609.748535 0.000000 271.437408 0.000000 0.940969 0.000000 -0.338494 0.848967 0.848967 0.848967
4624.687988 0.000000 224.784912 0.000000 0.929476 0.000000 0.368881 0.744917 0.744917 0.744917
4654.020508 0.000000 199.225861 0.000000 0.257063 0.000000 -0.966395 0.998969 0.998969 0.998969
4645.496094 0.000000 209.564011 0.000000 0.949605 0.000000 0.313450 0.759247 0.759247 0.759247
4626.524902 0.000000 263.646667 0.000000 0.955895 0.000000 -0.293709 0.844654 0.844654 0.844654
4629.263184 0.000000 248.914352 0.000000 0.574489 0.000000 0.818512 0.675526 0.675526 0.675526
4622.933594 0.000000 251.243118 0.000000 0.992718 0.000000 0.120466 0.782152 0.782152 0.782152
4625.451172 0.000000 240.616257 0.000000 0.950154 0.000000 -0.311781 0.844328 0.844328 0.844328
4646.036621 0.000000 200.267273 0.000000 0.962601 0.000000 0.270922 0.761096 0.761096 0.761096
4624.930176 0.000000 236.185211 0.000000 0.774293 0.000000 0.632827 0.702836 0.702836 0.702836
4612.669922 0.000000 210.331131 0.000000 0.561918 0.000000 -0.827193 0.949803 0.949803 0.949803
4623.340820 0.000000 246.856094 0.000000 0.913662 0.000000 0.406475 0.738134 0.738134 0.738134
4613.461914 0.000000 216.683243 0.000000 0.999576 0.000000 0.029111 0.795930 0.795930 0.795930
4618.028320 0.000000 233.879150 0.000000 0.669715 0.000000 -0.742618 0.930387 0.930387 0.930387
4628.429688 0.000000 242.016937 0.000000 0.902134 0.000000 -0.431457 0.862369 0.862369 0.862369
4652.338379 0.000000 200.663651 0.000000 0.217076 0.000000 -0.976155 1.010617 1.010617 1.010617
4654.829590 0.000000 249.152771 0.000000 0.701719 0.000000 -0.712453 0.915616 0.915616 0.915616
4658.927734 0.000000 193.686295 0.000000 0.995744 0.000000 -0.092161 0.813456 0.813456 0.813456
4611.942871 0.000000 271.346802 0.000000 0.115610 0.000000 -0.993295 1.023749 1.023749 1.023749
4649.172363 0.000000 286.859131 0.000000 0.358901 0.000000 -0.933376 0.980307 0.980307 0.980307
4608.806641 0.000000 199.083008 0.000000 0.876906 0.000000 -0.480662 0.877110 0.877110 0.877110
4620.817383 0.000000 235.845856 0.000000 0.060652 0.000000 -0.998159 1.032235 1.032235 1.032235
4619.407227 0.000000 229.013092 0.000000 0.742534 0.000000 -0.669808 0.915804 0.915804 0.915804
4655.799316 0.000000 314.776154 0.000000 0.974463 0.000000 0.224550 0.798191 0.798191 0.798191
4611.010254 0.000000 295.817017 0.000000 0.784841 0.000000 0.619697 0.787986 0.787986 0.787986
4654.765625 0.000000 297.394470 0.000000 0.722810 0.000000 -0.691046 0.835047 0.835047 0.835047
4615.210938 0.000000 294.975494 0.000000 0.841021 0.000000 0.541002 0.773741 0.773741 0.773741
4629.829590 0.000000 302.607361 0.000000 0.871114 0.000000 0.491081 0.760015 0.760015 0.760015
4653.731934 0.000000 304.311401 0.000000 0.879010 0.000000 0.476804 0.768235 0.768235 0.768235
4650.495117 0.000000 297.968292 0.000000 0.874311 0.000000 0.485366 0.761538 0.761538 0.761538
4654.268066 0.000000 292.152802 0.000000 0.519383 0.000000 0.854542 0.722233 0.722233 0.722233
4657.369141 0.000000 288.049347 0.000000 0.967564 0.000000 -0.252625 0.821423 0.821423 0.821423
4634.445801 0.000000 308.060028 0.000000 0.317874 0.000000 -0.948133 0.879718 0.879718 0.879718
4621.387695 0.000000 297.037323 0.000000 0.867134 0.000000 0.498075 0.763554 0.763554 0.763554
4650.731934 0.000000 305.855194 0.000000 0.892320 0.000000 -0.451403 0.840221 0.840221 0.840221
4636.940918 0.000000 291.068756 0.000000 0.974751 0.000000 0.223296 0.778861 0.778861 0.778861
4621.024414 0.000000 291.044067 0.000000 0.975703 0.000000 0.219099 0.773530 0.773530 0.773530
4648.287109 0.000000 296.165527 0.000000 0.516161 0.000000 -0.856492 0.892431 0.892431 0.892431
4623.088867 0.000000 293.616150 0.000000 0.318564 0.000000 0.947901 0.653106 0.653106 0.653106
4631.044922 0.000000 289.310913 0.000000 0.008126 0.000000 -0.999967 0.977898 0.977898 0.977898
4640.836914 0.000000 288.682129 0.000000 0.780320 0.000000 0.625381 0.729833 0.729833 0.729833
4638.849121 0.000000 293.608765 0.000000 0.256295 0.000000 0.966599 0.637585 0.637585 0.637585
4645.463867 0.000000 287.986725 0.000000 0.863482 0.000000 -0.504380 0.865464 0.865464 0.865464
4651.412598 0.000000 289.419556 0.000000 0.255964 0.000000 -0.966686 0.975559 0.975559 0.975559
4625.830566 0.000000 288.085022 0.000000 0.924269 0.000000 -0.381743 0.860236 0.860236 0.860236
4628.524902 0.000000 291.932373 0.000000 0.989871 0.000000 -0.141971 0.820485 0.820485 0.820485
4647.104004 0.000000 308.140930 0.000000 0.995063 0.000000 -0.099243 0.811118 0.811118 0.811118
4617.250000 0.000000 288.104004 0.000000 0.610735 0.000000 -0.791835 0.898555 0.898555 0.898555
4641.645996 0.000000 308.704956 0.000000 0.491655 0.000000 0.870790 0.681801 0.681801 0.681801
4632.944336 0.000000 299.137543 0.000000 0.923944 0.000000 -0.382527 0.852526 0.852526 0.852526
4646.326172 0.000000 302.855286 0.000000 0.484091 0.000000 0.875017 0.665936 0.665936 0.665936
4649.284668 0.000000 293.996124 0.000000 0.072027 0.000000 0.997403 0.617410 0.617410 0.617410
4645.496094 0.000000 305.548401 0.000000 0.016365 0.000000 0.999866 0.570262 0.570262 0.570262
4643.275879 0.000000 306.035492 0.000000 0.993546 0.000000 -0.113433 0.816120 0.816120 0.816120
4621.843750 0.000000 287.987701 0.000000 0.968759 0.000000 -0.248003 0.838041 0.838041 0.838041
4625.465820 0.000000 290.374420 0.000000 0.942720 0.000000 -0.333585 0.850266 0.850266 0.850266
"}
