object={
	name="tree_swamp_barren_01_generator_1_0"
	render_pass=Map
	clamp_to_water_level=no
	generated_content=yes
	layer="tree_high_layer"
	pdxmesh="tree_swamp_01_a_mesh"
	count=1472
	transform="4415.110352 0.000000 184.561005 0.000000 0.454196 0.000000 -0.890902 0.553019 0.553019 0.553019
4431.094238 0.000000 177.938354 0.000000 0.413066 0.000000 -0.910701 0.570438 0.570438 0.570438
4461.669922 0.000000 156.469299 0.000000 0.596973 0.000000 0.802261 0.533380 0.533380 0.533380
4457.880859 0.000000 178.875473 0.000000 0.995784 0.000000 -0.091727 0.551640 0.551640 0.551640
4432.448730 0.000000 188.481201 0.000000 0.889650 0.000000 -0.456644 0.557814 0.557814 0.557814
4449.359863 0.000000 155.689804 0.000000 0.934706 0.000000 0.355422 0.548503 0.548503 0.548503
4444.821777 0.000000 174.747925 0.000000 0.006866 0.000000 0.999976 0.522083 0.522083 0.522083
4456.000000 0.000000 187.673218 0.000000 0.957087 0.000000 0.289801 0.544752 0.544752 0.544752
4424.357422 0.000000 184.021423 0.000000 0.682305 0.000000 -0.731067 0.564635 0.564635 0.564635
4444.142090 0.000000 161.958862 0.000000 0.693407 0.000000 -0.720546 0.564362 0.564362 0.564362
4430.898438 0.000000 169.960480 0.000000 0.509870 0.000000 0.860252 0.531511 0.531511 0.531511
4438.650391 0.000000 179.727417 0.000000 0.909162 0.000000 0.416443 0.546461 0.546461 0.546461
4453.502441 0.000000 173.061691 0.000000 0.879296 0.000000 -0.476276 0.558861 0.558861 0.558861
4456.930664 0.000000 161.887390 0.000000 0.472534 0.000000 0.881313 0.530746 0.530746 0.530746
4414.178223 0.000000 191.940735 0.000000 0.597352 0.000000 0.801979 0.534666 0.534666 0.534666
4455.583496 0.000000 154.037506 0.000000 0.161742 0.000000 -0.986833 0.573206 0.573206 0.573206
4436.981445 0.000000 173.178131 0.000000 0.998245 0.000000 -0.059220 0.551058 0.551058 0.551058
4426.266113 0.000000 174.156830 0.000000 0.088783 0.000000 -0.996051 0.576452 0.576452 0.576452
4419.474609 0.000000 180.197845 0.000000 0.922728 0.000000 0.385451 0.542937 0.542937 0.542937
4420.423340 0.000000 188.809326 0.000000 0.997744 0.000000 0.067127 0.548801 0.548801 0.548801
4445.210938 0.000000 168.712799 0.000000 0.985423 0.000000 0.170120 0.546948 0.546948 0.546948
4461.474609 0.000000 183.249451 0.000000 0.421874 0.000000 0.906655 0.529735 0.529735 0.529735
4461.446289 0.000000 189.333923 0.000000 0.819841 0.000000 0.572591 0.539117 0.539117 0.539117
4434.231934 0.000000 183.098816 0.000000 0.985854 0.000000 0.167607 0.546994 0.546994 0.546994
4427.441895 0.000000 191.461517 0.000000 0.789992 0.000000 0.613117 0.538219 0.538219 0.538219
4451.441895 0.000000 160.888977 0.000000 0.802672 0.000000 -0.596421 0.561407 0.561407 0.561407
4445.389160 0.000000 179.826981 0.000000 0.982448 0.000000 -0.186537 0.553349 0.553349 0.553349
4425.371094 0.000000 179.112671 0.000000 0.953170 0.000000 -0.302435 0.555484 0.555484 0.555484
4429.061523 0.000000 182.297119 0.000000 0.207115 0.000000 0.978317 0.525685 0.525685 0.525685
4454.948242 0.000000 182.846436 0.000000 0.633952 0.000000 -0.773373 0.565782 0.565782 0.565782
4448.944336 0.000000 172.280975 0.000000 0.448462 0.000000 0.893802 0.530262 0.530262 0.530262
4460.617188 0.000000 164.756912 0.000000 0.976250 0.000000 -0.216647 0.553598 0.553598 0.553598
4441.416504 0.000000 171.456985 0.000000 0.978826 0.000000 0.204692 0.546320 0.546320 0.546320
4427.855469 0.000000 186.921478 0.000000 0.962868 0.000000 -0.269973 0.554880 0.554880 0.554880
4522.971191 0.000000 166.107544 0.000000 0.956816 0.000000 0.290693 0.544735 0.544735 0.544735
4463.567383 0.000000 176.165131 0.000000 0.083500 0.000000 -0.996508 0.554084 0.554084 0.554084
4502.537109 0.000000 119.389023 0.000000 0.592197 0.000000 -0.805793 0.551287 0.551287 0.551287
4523.466309 0.000000 145.576523 0.000000 0.989893 0.000000 0.141817 0.548437 0.548437 0.548437
4488.472656 0.000000 131.367996 0.000000 0.864628 0.000000 -0.502413 0.559396 0.559396 0.559396
4480.298340 0.000000 168.429535 0.000000 0.786660 0.000000 -0.617386 0.561878 0.561878 0.561878
4489.979980 0.000000 150.195740 0.000000 0.991712 0.000000 -0.128482 0.550531 0.550531 0.550531
4517.745117 0.000000 131.184235 0.000000 0.896915 0.000000 -0.442202 0.558176 0.558176 0.558176
4463.710938 0.000000 161.314163 0.000000 0.995984 0.000000 -0.089529 0.551600 0.551600 0.551600
4478.850586 0.000000 139.235123 0.000000 0.953978 0.000000 0.299876 0.544563 0.544563 0.544563
4479.861816 0.000000 123.412659 0.000000 0.793698 0.000000 -0.608312 0.561673 0.561673 0.561673
4491.637207 0.000000 173.978424 0.000000 0.818394 0.000000 0.574657 0.539072 0.539072 0.539072
4465.205078 0.000000 187.397034 0.000000 0.952518 0.000000 0.304482 0.544477 0.544477 0.544477
4499.763184 0.000000 130.352173 0.000000 0.405791 0.000000 -0.913966 0.570581 0.570581 0.570581
4521.352051 0.000000 155.689804 0.000000 0.536945 0.000000 0.843617 0.532079 0.532079 0.532079
4530.114258 0.000000 137.345856 0.000000 0.603082 0.000000 -0.797679 0.566484 0.566484 0.566484
4470.484375 0.000000 169.199524 0.000000 0.088472 0.000000 -0.996079 0.564247 0.564247 0.564247
4474.172363 0.000000 160.573303 0.000000 0.714197 0.000000 0.699945 0.536160 0.536160 0.536160
4524.265137 0.000000 124.406441 0.000000 0.929043 0.000000 0.369973 0.543235 0.543235 0.543235
4488.630859 0.000000 165.305542 0.000000 0.836501 0.000000 -0.547965 0.560352 0.560352 0.560352
4509.168945 0.000000 133.603363 0.000000 0.441514 0.000000 0.897255 0.530123 0.530123 0.530123
4483.493652 0.000000 176.657654 0.000000 0.964238 0.000000 -0.265040 0.554052 0.554052 0.554052
4531.889648 0.000000 169.425110 0.000000 0.359824 0.000000 0.933020 0.528531 0.528531 0.528531
4482.382812 0.000000 146.799927 0.000000 0.524167 0.000000 -0.851616 0.568191 0.568191 0.568191
4531.283691 0.000000 148.323273 0.000000 0.674096 0.000000 -0.738644 0.564835 0.564835 0.564835
4480.395996 0.000000 131.417648 0.000000 0.266259 0.000000 0.963901 0.526772 0.526772 0.526772
4516.134277 0.000000 161.958862 0.000000 0.982873 0.000000 -0.184286 0.553308 0.553308 0.553308
4521.989258 0.000000 138.062897 0.000000 0.945889 0.000000 0.324491 0.544101 0.544101 0.544101
4486.255371 0.000000 140.374939 0.000000 0.586828 0.000000 0.809711 0.533155 0.533155 0.533155
4496.169922 0.000000 124.092636 0.000000 0.958492 0.000000 -0.285121 0.555161 0.555161 0.555161
4528.922852 0.000000 161.887390 0.000000 0.998578 0.000000 0.053301 0.549048 0.549048 0.549048
4505.367188 0.000000 126.058052 0.000000 0.993083 0.000000 0.117417 0.547899 0.547899 0.547899
4526.268066 0.000000 131.330444 0.000000 0.962434 0.000000 -0.271514 0.554908 0.554908 0.554908
4486.316895 0.000000 124.720566 0.000000 0.946251 0.000000 -0.323432 0.555879 0.555879 0.555879
4476.133789 0.000000 173.487717 0.000000 0.995984 0.000000 -0.089529 0.550739 0.550739 0.550739
4527.575684 0.000000 154.037506 0.000000 0.936580 0.000000 -0.350454 0.556391 0.556391 0.556391
4499.009766 0.000000 136.844757 0.000000 0.655759 0.000000 0.754970 0.537077 0.537077 0.537077
4517.918945 0.000000 124.103226 0.000000 0.189399 0.000000 -0.981900 0.574638 0.574638 0.574638
4480.392578 0.000000 152.850983 0.000000 0.478033 0.000000 0.878342 0.530858 0.530858 0.530858
4491.466797 0.000000 180.197845 0.000000 0.081865 0.000000 -0.996643 0.576576 0.576576 0.576576
4486.161133 0.000000 171.020691 0.000000 0.689723 0.000000 -0.724074 0.564453 0.564453 0.564453
4489.307129 0.000000 159.105072 0.000000 0.487429 0.000000 0.873162 0.535422 0.535422 0.535422
4493.776855 0.000000 133.915817 0.000000 0.982660 0.000000 -0.185415 0.553329 0.553329 0.553329
4468.979004 0.000000 157.718048 0.000000 0.998004 0.000000 -0.063147 0.551128 0.551128 0.551128
4528.673340 0.000000 142.965637 0.000000 0.084903 0.000000 0.996389 0.523478 0.523478 0.523478
4469.022461 0.000000 163.612595 0.000000 0.741484 0.000000 -0.670971 0.563129 0.563129 0.563129
4512.413086 0.000000 128.478500 0.000000 0.999876 0.000000 -0.015744 0.550281 0.550281 0.550281
4475.425293 0.000000 165.943039 0.000000 0.999995 0.000000 -0.003214 0.550057 0.550057 0.550057
4480.101074 0.000000 162.725250 0.000000 0.741781 0.000000 -0.670643 0.563121 0.563121 0.563121
4484.183594 0.000000 135.457520 0.000000 0.701008 0.000000 -0.713153 0.564173 0.564173 0.564173
4492.409668 0.000000 127.866257 0.000000 0.730113 0.000000 -0.683327 0.563429 0.563429 0.563429
4523.434082 0.000000 160.888977 0.000000 0.952325 0.000000 -0.305085 0.555534 0.555534 0.555534
4503.902344 0.000000 134.047409 0.000000 0.868910 0.000000 0.494970 0.540757 0.540757 0.540757
4519.260254 0.000000 142.537445 0.000000 0.476458 0.000000 -0.879197 0.566225 0.566225 0.566225
4487.107422 0.000000 154.442184 0.000000 0.992698 0.000000 0.120627 0.547841 0.547841 0.547841
4514.109863 0.000000 135.010925 0.000000 0.202575 0.000000 -0.979267 0.574398 0.574398 0.574398
4509.404297 0.000000 139.758026 0.000000 0.997967 0.000000 0.063729 0.548862 0.548862 0.548862
4532.439941 0.000000 132.617935 0.000000 0.450768 0.000000 0.892641 0.530308 0.530308 0.530308
4478.181152 0.000000 157.430130 0.000000 0.988811 0.000000 -0.149173 0.552673 0.552673 0.552673
4521.802734 0.000000 150.391785 0.000000 0.564650 0.000000 -0.825331 0.567329 0.567329 0.567329
4527.866699 0.000000 166.577057 0.000000 0.913812 0.000000 -0.406138 0.557465 0.557465 0.557465
4532.449219 0.000000 174.731171 0.000000 0.998498 0.000000 0.054788 0.549022 0.549022 0.549022
4463.599609 0.000000 181.975159 0.000000 0.818578 0.000000 0.574395 0.539078 0.539078 0.539078
4521.583008 0.000000 128.277222 0.000000 0.783584 0.000000 0.621286 0.538033 0.538033 0.538033
4528.715332 0.000000 126.082314 0.000000 0.993134 0.000000 0.116982 0.547907 0.547907 0.547907
4501.056152 0.000000 123.892982 0.000000 0.722034 0.000000 0.691858 0.536361 0.536361 0.536361
4533.532227 0.000000 141.151550 0.000000 0.425696 0.000000 0.904866 0.529810 0.529810 0.529810
4526.723145 0.000000 149.356812 0.000000 0.867700 0.000000 0.497088 0.540714 0.540714 0.540714
4532.609375 0.000000 164.756912 0.000000 0.986490 0.000000 -0.163822 0.552938 0.552938 0.552938
4484.124512 0.000000 165.922729 0.000000 0.991202 0.000000 -0.132356 0.552370 0.552370 0.552370
4482.741699 0.000000 127.511330 0.000000 0.932008 0.000000 -0.362438 0.556620 0.556620 0.556620
4521.812500 0.000000 133.537323 0.000000 0.311743 0.000000 -0.950166 0.572380 0.572380 0.572380
4465.072754 0.000000 165.671082 0.000000 0.467609 0.000000 -0.883936 0.569354 0.569354 0.569354
4480.590820 0.000000 172.984619 0.000000 0.924004 0.000000 0.382383 0.542996 0.542996 0.542996
4546.287109 0.000000 151.144608 0.000000 0.180726 0.000000 0.983533 0.525205 0.525205 0.525205
4535.559570 0.000000 176.165131 0.000000 0.308100 0.000000 -0.951354 0.556907 0.556907 0.556907
4541.902344 0.000000 130.358765 0.000000 0.773774 0.000000 0.633462 0.537754 0.537754 0.537754
4552.290527 0.000000 168.429535 0.000000 0.358003 0.000000 0.933720 0.528496 0.528496 0.528496
4535.703125 0.000000 161.314163 0.000000 0.822067 0.000000 -0.569391 0.552495 0.552495 0.552495
4535.769043 0.000000 142.043610 0.000000 0.851920 0.000000 0.523671 0.540162 0.540162 0.540162
4547.417480 0.000000 180.207245 0.000000 0.902180 0.000000 -0.431360 0.557961 0.557961 0.557961
4555.485840 0.000000 176.657654 0.000000 0.012409 0.000000 -0.999923 0.569258 0.569258 0.569258
4554.375000 0.000000 146.799927 0.000000 0.505300 0.000000 -0.862944 0.568583 0.568583 0.568583
4537.474121 0.000000 153.055450 0.000000 0.159823 0.000000 0.987146 0.524826 0.524826 0.524826
4543.820312 0.000000 143.343140 0.000000 0.397803 0.000000 -0.917471 0.570736 0.570736 0.570736
4544.030762 0.000000 191.422867 0.000000 0.809440 0.000000 0.587203 0.538797 0.538797 0.538797
4535.577637 0.000000 134.608734 0.000000 0.790352 0.000000 0.612652 0.538229 0.538229 0.538229
4552.384766 0.000000 152.850983 0.000000 0.224944 0.000000 -0.974372 0.573989 0.573989 0.573989
4536.375000 0.000000 170.059448 0.000000 0.603260 0.000000 0.797545 0.533520 0.533520 0.533520
4553.559570 0.000000 182.370941 0.000000 0.821226 0.000000 0.570603 0.539161 0.539161 0.539161
4539.682617 0.000000 147.520401 0.000000 0.810864 0.000000 0.585235 0.538841 0.538841 0.538841
4545.036133 0.000000 185.649170 0.000000 0.153687 0.000000 -0.988120 0.575285 0.575285 0.575285
4536.429199 0.000000 128.891388 0.000000 0.406152 0.000000 -0.913806 0.570574 0.570574 0.570574
4549.115234 0.000000 144.615128 0.000000 0.794166 0.000000 -0.607701 0.561659 0.561659 0.561659
4547.417480 0.000000 165.943039 0.000000 0.126678 0.000000 0.991944 0.524228 0.524228 0.524228
4539.596680 0.000000 138.772095 0.000000 0.421733 0.000000 0.906720 0.529732 0.529732 0.529732
4545.834473 0.000000 155.756531 0.000000 0.969821 0.000000 -0.243817 0.554397 0.554397 0.554397
4550.826660 0.000000 177.139679 0.000000 0.952311 0.000000 -0.305130 0.555535 0.555535 0.555535
4541.894043 0.000000 151.713501 0.000000 0.473834 0.000000 -0.880614 0.569228 0.569228 0.569228
4537.064941 0.000000 165.671082 0.000000 0.426491 0.000000 -0.904492 0.570174 0.570174 0.570174
4552.583008 0.000000 172.984619 0.000000 0.406669 0.000000 0.913576 0.529437 0.529437 0.529437
4461.295898 0.000000 223.280930 0.000000 0.057301 0.000000 -0.998357 0.577016 0.577016 0.577016
4441.667969 0.000000 195.585190 0.000000 0.047227 0.000000 0.998884 0.522804 0.522804 0.522804
4425.657715 0.000000 259.922302 0.000000 0.013840 0.000000 0.999904 0.522208 0.522208 0.522208
4430.544922 0.000000 215.373398 0.000000 0.996279 0.000000 0.086192 0.549052 0.549052 0.549052
4416.480469 0.000000 227.352386 0.000000 0.099067 0.000000 0.995081 0.523732 0.523732 0.523732
4447.840332 0.000000 212.031250 0.000000 0.961508 0.000000 0.274778 0.545031 0.545031 0.545031
4417.987793 0.000000 246.180130 0.000000 0.613883 0.000000 0.789397 0.542504 0.542504 0.542504
4431.021484 0.000000 202.948242 0.000000 0.990071 0.000000 -0.140568 0.552518 0.552518 0.552518
4438.085449 0.000000 263.048889 0.000000 0.888190 0.000000 -0.459477 0.558522 0.558522 0.558522
4458.815918 0.000000 208.939499 0.000000 0.740802 0.000000 0.671724 0.536853 0.536853 0.536853
4418.262695 0.000000 215.482559 0.000000 0.662545 0.000000 -0.749022 0.565112 0.565112 0.565112
4429.025391 0.000000 246.934235 0.000000 0.621357 0.000000 0.783527 0.533929 0.533929 0.533929
4420.305176 0.000000 203.940430 0.000000 0.761325 0.000000 -0.648371 0.562592 0.562592 0.562592
4421.843750 0.000000 236.714310 0.000000 0.259319 0.000000 0.965792 0.526643 0.526643 0.526643
4439.822754 0.000000 218.791748 0.000000 0.258562 0.000000 -0.965995 0.573371 0.573371 0.573371
4441.108398 0.000000 204.969269 0.000000 0.957295 0.000000 0.289113 0.544362 0.544362 0.544362
4452.272949 0.000000 220.390823 0.000000 0.529997 0.000000 -0.847999 0.568068 0.568068 0.568068
4432.851562 0.000000 192.374451 0.000000 0.863867 0.000000 -0.503720 0.560873 0.560873 0.560873
4463.128418 0.000000 201.217972 0.000000 0.984555 0.000000 -0.175076 0.553141 0.553141 0.553141
4414.958008 0.000000 197.106628 0.000000 0.292649 0.000000 -0.956220 0.572738 0.572738 0.572738
4422.700195 0.000000 252.429810 0.000000 0.217899 0.000000 -0.975971 0.574118 0.574118 0.574118
4431.648438 0.000000 255.003967 0.000000 0.196811 0.000000 -0.980441 0.574503 0.574503 0.574503
4430.898438 0.000000 265.944855 0.000000 0.912013 0.000000 -0.410161 0.557544 0.557544 0.557544
4414.263184 0.000000 236.359329 0.000000 0.569234 0.000000 -0.822175 0.556627 0.556627 0.556627
4424.790039 0.000000 210.384796 0.000000 0.429996 0.000000 -0.902831 0.557733 0.557733 0.557733
4437.316406 0.000000 211.821854 0.000000 0.718931 0.000000 0.695081 0.536281 0.536281 0.536281
4458.895020 0.000000 216.231232 0.000000 0.950314 0.000000 -0.311293 0.555651 0.555651 0.555651
4424.177734 0.000000 220.077026 0.000000 0.263652 0.000000 0.964618 0.530304 0.530304 0.530304
4454.275879 0.000000 227.314835 0.000000 0.841474 0.000000 0.540297 0.540595 0.540595 0.540595
4425.370605 0.000000 198.779373 0.000000 0.997895 0.000000 0.064843 0.548842 0.548842 0.548842
4435.703125 0.000000 198.409637 0.000000 0.961277 0.000000 -0.275586 0.558051 0.558051 0.558051
4414.324707 0.000000 220.704941 0.000000 0.651952 0.000000 -0.758260 0.565363 0.565363 0.565363
4427.017578 0.000000 232.829132 0.000000 0.782588 0.000000 0.622540 0.541696 0.541696 0.541696
4424.835938 0.000000 242.222244 0.000000 0.422283 0.000000 -0.906464 0.570257 0.570257 0.570257
4416.748047 0.000000 209.245850 0.000000 0.835063 0.000000 -0.550154 0.560399 0.560399 0.560399
4445.926758 0.000000 220.087601 0.000000 0.685521 0.000000 0.728053 0.535443 0.535443 0.535443
4452.709473 0.000000 207.959183 0.000000 0.662744 0.000000 0.748846 0.534893 0.534893 0.534893
4457.086426 0.000000 202.608688 0.000000 0.917869 0.000000 -0.396883 0.557285 0.557285 0.557285
4431.777344 0.000000 208.940598 0.000000 0.703598 0.000000 -0.710598 0.564108 0.564108 0.564108
4437.215820 0.000000 257.115417 0.000000 0.046712 0.000000 -0.998908 0.577205 0.577205 0.577205
4421.784668 0.000000 229.900208 0.000000 0.521570 0.000000 -0.853208 0.568245 0.568245 0.568245
4414.319336 0.000000 203.101471 0.000000 0.697665 0.000000 0.716424 0.535744 0.535744 0.535744
4453.309570 0.000000 214.409714 0.000000 0.814008 0.000000 0.580853 0.538937 0.538937 0.538937
4446.987793 0.000000 197.444977 0.000000 0.196032 0.000000 0.980597 0.525483 0.525483 0.525483
4446.414551 0.000000 206.756332 0.000000 0.967288 0.000000 0.253679 0.545422 0.545422 0.545422
4442.770020 0.000000 214.002319 0.000000 0.647099 0.000000 -0.762406 0.565477 0.565477 0.565477
4432.254395 0.000000 260.562714 0.000000 0.567522 0.000000 0.823358 0.532733 0.532733 0.532733
4427.503906 0.000000 193.723007 0.000000 0.108271 0.000000 0.994121 0.523897 0.523897 0.523897
4425.595215 0.000000 204.633743 0.000000 0.912791 0.000000 -0.408427 0.557510 0.557510 0.557510
4417.878906 0.000000 240.813538 0.000000 0.388584 0.000000 0.921413 0.529085 0.529085 0.529085
4420.417480 0.000000 223.850647 0.000000 0.872200 0.000000 0.489150 0.540876 0.540876 0.540876
4435.881348 0.000000 205.279022 0.000000 0.209849 0.000000 -0.977734 0.576132 0.576132 0.576132
4420.285156 0.000000 197.970749 0.000000 0.840793 0.000000 0.541357 0.539789 0.539789 0.539789
4423.007324 0.000000 246.943298 0.000000 0.524272 0.000000 0.851551 0.531812 0.531812 0.531812
4427.887207 0.000000 251.773865 0.000000 0.170038 0.000000 0.985438 0.525011 0.525011 0.525011
4435.368164 0.000000 216.344864 0.000000 0.983202 0.000000 0.182521 0.547228 0.547228 0.547228
4417.128906 0.000000 232.278305 0.000000 0.303234 0.000000 0.952916 0.527460 0.527460 0.527460
4430.656738 0.000000 197.733978 0.000000 0.157763 0.000000 -0.987477 0.575211 0.575211 0.575211
4427.632812 0.000000 238.224777 0.000000 0.324972 0.000000 -0.945724 0.572131 0.572131 0.572131
4443.154297 0.000000 200.479721 0.000000 0.775772 0.000000 -0.631014 0.562189 0.562189 0.562189
4456.723145 0.000000 222.066696 0.000000 0.228911 0.000000 -0.973447 0.573917 0.573917 0.573917
4437.829590 0.000000 192.453812 0.000000 0.209514 0.000000 0.977806 0.525729 0.525729 0.525729
4462.039551 0.000000 196.612961 0.000000 0.827242 0.000000 -0.561845 0.560650 0.560650 0.560650
4449.296387 0.000000 216.826447 0.000000 0.594128 0.000000 0.804370 0.533317 0.533317 0.533317
4441.152344 0.000000 209.458984 0.000000 0.171615 0.000000 -0.985164 0.574961 0.574961 0.574961
4461.954590 0.000000 205.529938 0.000000 0.955582 0.000000 -0.294724 0.555340 0.555340 0.555340
4434.518555 0.000000 201.983887 0.000000 0.933298 0.000000 0.359102 0.536887 0.536887 0.536887
4433.967773 0.000000 195.556122 0.000000 0.872731 0.000000 0.488201 0.533893 0.533893 0.533893
4462.000977 0.000000 215.631317 0.000000 0.678407 0.000000 -0.734686 0.579460 0.579460 0.579460
4464.617676 0.000000 192.581970 0.000000 0.782550 0.000000 0.622587 0.538004 0.538004 0.538004
4502.537109 0.000000 215.373398 0.000000 0.627333 0.000000 0.778751 0.534066 0.534066 0.534066
4469.910156 0.000000 226.343140 0.000000 0.389417 0.000000 0.921061 0.540354 0.540354 0.540354
4519.832520 0.000000 212.031250 0.000000 0.990125 0.000000 -0.140188 0.552511 0.552511 0.552511
4466.784180 0.000000 208.719849 0.000000 0.332241 0.000000 -0.943194 0.593987 0.593987 0.593987
4479.861816 0.000000 219.397034 0.000000 0.448392 0.000000 0.893837 0.530261 0.530261 0.530261
4490.254883 0.000000 215.482559 0.000000 0.921463 0.000000 0.388466 0.542878 0.542878 0.542878
4463.629883 0.000000 218.329300 0.000000 0.738349 0.000000 0.674418 0.536788 0.536788 0.536788
4511.814941 0.000000 218.791748 0.000000 0.379254 0.000000 -0.925292 0.571096 0.571096 0.571096
4474.228027 0.000000 202.008240 0.000000 0.530747 0.000000 -0.847530 0.558332 0.558332 0.558332
4474.626465 0.000000 212.717590 0.000000 0.358245 0.000000 0.933627 0.515271 0.515271 0.515271
4535.120605 0.000000 201.217972 0.000000 0.731201 0.000000 -0.682162 0.563401 0.563401 0.563401
4496.782227 0.000000 210.384796 0.000000 0.731553 0.000000 0.681784 0.538669 0.538669 0.538669
4509.308594 0.000000 211.821854 0.000000 0.419688 0.000000 -0.907668 0.570308 0.570308 0.570308
4467.025879 0.000000 199.832626 0.000000 0.125363 0.000000 -0.992111 0.575796 0.575796 0.575796
4496.169922 0.000000 220.077026 0.000000 0.177901 0.000000 0.984048 0.525153 0.525153 0.525153
4472.437500 0.000000 219.573502 0.000000 0.502504 0.000000 0.864575 0.515586 0.515586 0.515586
4486.316895 0.000000 220.704941 0.000000 0.212562 0.000000 0.977148 0.525784 0.525784 0.525784
4483.157715 0.000000 214.021317 0.000000 0.852722 0.000000 -0.522365 0.559811 0.559811 0.559811
4524.701660 0.000000 207.959183 0.000000 0.993269 0.000000 -0.115832 0.552072 0.552072 0.552072
4529.078613 0.000000 202.608688 0.000000 0.471305 0.000000 0.881971 0.530721 0.530721 0.530721
4468.572754 0.000000 214.578339 0.000000 0.518138 0.000000 0.855297 0.513367 0.513367 0.513367
4525.301758 0.000000 214.409714 0.000000 0.314880 0.000000 -0.949132 0.572321 0.572321 0.572321
4464.437012 0.000000 224.875778 0.000000 0.931975 0.000000 0.362522 0.543378 0.543378 0.543378
4518.406738 0.000000 206.756332 0.000000 0.820956 0.000000 -0.570992 0.560848 0.560848 0.560848
4514.762207 0.000000 214.002319 0.000000 0.583434 0.000000 0.812160 0.533081 0.533081 0.533081
4477.101562 0.000000 208.275696 0.000000 0.931332 0.000000 0.364171 0.543346 0.543346 0.543346
4507.360352 0.000000 216.344864 0.000000 0.237052 0.000000 0.971497 0.526233 0.526233 0.526233
4497.448730 0.000000 215.177979 0.000000 0.902887 0.000000 -0.429877 0.557932 0.557932 0.557932
4467.509277 0.000000 221.112946 0.000000 0.796975 0.000000 -0.604012 0.561576 0.561576 0.561576
4464.898926 0.000000 204.152649 0.000000 0.729268 0.000000 0.684228 0.525167 0.525167 0.525167
4501.056152 0.000000 219.877365 0.000000 0.810915 0.000000 0.585164 0.538842 0.538842 0.538842
4464.100098 0.000000 212.701874 0.000000 0.357658 0.000000 -0.933853 0.593021 0.593021 0.593021
4534.031738 0.000000 196.612961 0.000000 0.301219 0.000000 -0.953555 0.572578 0.572578 0.572578
4521.288574 0.000000 216.826447 0.000000 0.999990 0.000000 0.004416 0.549921 0.549921 0.549921
4478.770996 0.000000 215.070847 0.000000 0.398380 0.000000 0.917221 0.529275 0.529275 0.529275
4533.946777 0.000000 205.529938 0.000000 0.423086 0.000000 0.906090 0.529759 0.529759 0.529759
4469.167480 0.000000 204.043533 0.000000 0.163407 0.000000 -0.986559 0.586698 0.586698 0.586698
4470.837402 0.000000 211.142197 0.000000 0.186505 0.000000 -0.982454 0.599381 0.599381 0.599381
4475.158691 0.000000 216.561111 0.000000 0.275717 0.000000 0.961239 0.516307 0.516307 0.516307
4471.635742 0.000000 216.069992 0.000000 0.993826 0.000000 -0.110953 0.553969 0.553969 0.553969
4467.077637 0.000000 217.638275 0.000000 0.238472 0.000000 -0.971150 0.597482 0.597482 0.597482
4536.609863 0.000000 192.581970 0.000000 0.555486 0.000000 0.831526 0.532474 0.532474 0.532474
4551.451660 0.000000 193.426056 0.000000 0.318573 0.000000 -0.947898 0.555135 0.555135 0.555135
4539.018066 0.000000 199.832626 0.000000 0.688006 0.000000 0.725705 0.535505 0.535505 0.535505
4544.503906 0.000000 194.904312 0.000000 0.985042 0.000000 0.172317 0.546909 0.546909 0.546909
4536.891113 0.000000 204.152649 0.000000 0.020726 0.000000 0.999785 0.522331 0.522331 0.522331
2722.629150 0.000000 2100.469482 0.000000 0.452367 0.000000 0.891832 0.515217 0.515217 0.515217
2733.662354 0.000000 2102.937012 0.000000 0.503538 0.000000 0.863973 0.519922 0.519922 0.519922
2716.662354 0.000000 2110.313477 0.000000 0.421617 0.000000 0.906774 0.518815 0.518815 0.518815
2727.135986 0.000000 2102.533936 0.000000 0.893402 0.000000 -0.449259 0.564715 0.564715 0.564715
2721.509277 0.000000 2104.734863 0.000000 0.452112 0.000000 0.891961 0.524284 0.524284 0.524284
2802.060547 0.000000 2098.562988 0.000000 0.999209 0.000000 -0.039755 0.552402 0.552402 0.552402
2782.265137 0.000000 2086.752197 0.000000 0.798129 0.000000 -0.602487 0.553551 0.553551 0.553551
2789.001465 0.000000 2094.435547 0.000000 0.448415 0.000000 0.893826 0.515077 0.515077 0.515077
2768.537354 0.000000 2103.708984 0.000000 0.053236 0.000000 -0.998582 0.558335 0.558335 0.558335
2775.078125 0.000000 2089.648193 0.000000 0.633980 0.000000 0.773349 0.528149 0.528149 0.528149
2782.830078 0.000000 2099.415039 0.000000 0.405166 0.000000 -0.914243 0.565841 0.565841 0.565841
2794.621338 0.000000 2100.469482 0.000000 0.131468 0.000000 -0.991320 0.595444 0.595444 0.595444
2797.682129 0.000000 2092.749268 0.000000 0.905228 0.000000 -0.424927 0.563860 0.563860 0.563860
2781.161133 0.000000 2092.865723 0.000000 0.905113 0.000000 0.425172 0.537337 0.537337 0.537337
2805.654541 0.000000 2102.937012 0.000000 0.485408 0.000000 0.874288 0.516398 0.516398 0.516398
2778.411865 0.000000 2102.786377 0.000000 0.127742 0.000000 -0.991808 0.595563 0.595563 0.595563
2789.568848 0.000000 2099.514648 0.000000 0.793550 0.000000 0.608505 0.541018 0.541018 0.541018
2804.636719 0.000000 2094.418701 0.000000 0.997560 0.000000 0.069819 0.546258 0.546258 0.546258
2785.596191 0.000000 2091.144531 0.000000 0.362484 0.000000 0.931990 0.512107 0.512107 0.512107
2772.035156 0.000000 2106.609131 0.000000 0.420738 0.000000 -0.907182 0.585893 0.585893 0.585893
2784.386230 0.000000 2095.525146 0.000000 0.208911 0.000000 0.977935 0.484624 0.484624 0.484624
2779.141357 0.000000 2089.143311 0.000000 0.771549 0.000000 0.636170 0.528224 0.528224 0.528224
2801.508057 0.000000 2092.060303 0.000000 0.978941 0.000000 0.204144 0.536168 0.536168 0.536168
2806.051025 0.000000 2097.940918 0.000000 0.687161 0.000000 0.726505 0.524317 0.524317 0.524317
2775.172363 0.000000 2104.947510 0.000000 0.951744 0.000000 0.306894 0.540149 0.540149 0.540149
2802.694580 0.000000 2101.507812 0.000000 0.799367 0.000000 0.600843 0.523449 0.523449 0.523449
2805.029053 0.000000 2100.394775 0.000000 0.593952 0.000000 -0.804500 0.603912 0.603912 0.603912
2803.591064 0.000000 2096.679443 0.000000 0.933915 0.000000 0.357496 0.526909 0.526909 0.526909
2807.747070 0.000000 2095.852783 0.000000 0.754776 0.000000 -0.655983 0.561789 0.561789 0.561789
2835.817139 0.000000 2093.666016 0.000000 0.309375 0.000000 0.950940 0.510326 0.510326 0.510326
2845.197021 0.000000 2070.637451 0.000000 0.941801 0.000000 -0.336170 0.554237 0.554237 0.554237
2827.439941 0.000000 2077.984863 0.000000 0.809796 0.000000 -0.586711 0.569801 0.569801 0.569801
2865.531738 0.000000 2075.377441 0.000000 0.553667 0.000000 -0.832738 0.574321 0.574321 0.574321
2832.810791 0.000000 2084.993164 0.000000 0.319348 0.000000 0.947637 0.526052 0.526052 0.526052
2812.544678 0.000000 2100.934326 0.000000 0.662318 0.000000 0.749223 0.523254 0.523254 0.523254
2833.487061 0.000000 2078.792725 0.000000 0.688323 0.000000 0.725405 0.524368 0.524368 0.524368
2813.202393 0.000000 2083.300293 0.000000 0.968464 0.000000 -0.249153 0.555532 0.555532 0.555532
2817.223877 0.000000 2105.336670 0.000000 0.867236 0.000000 0.497898 0.536403 0.536403 0.536403
2850.619385 0.000000 2071.804932 0.000000 0.937487 0.000000 0.348021 0.529501 0.529501 0.529501
2860.031738 0.000000 2073.681641 0.000000 0.258688 0.000000 0.965961 0.510453 0.510453 0.510453
2822.360840 0.000000 2077.117676 0.000000 0.123805 0.000000 -0.992307 0.591715 0.591715 0.591715
2865.982422 0.000000 2070.079346 0.000000 0.675538 0.000000 -0.737325 0.576184 0.576184 0.576184
2837.329834 0.000000 2081.927979 0.000000 0.968383 0.000000 0.249468 0.542037 0.542037 0.542037
2807.779297 0.000000 2101.662842 0.000000 0.061216 0.000000 -0.998125 0.637056 0.637056 0.637056
2856.464844 0.000000 2070.397949 0.000000 0.271352 0.000000 0.962480 0.509071 0.509071 0.509071
2830.080566 0.000000 2081.486572 0.000000 0.998282 0.000000 -0.058584 0.551851 0.551851 0.551851
2838.225098 0.000000 2096.778809 0.000000 0.996388 0.000000 0.084917 0.547899 0.547899 0.547899
2812.021973 0.000000 2104.742920 0.000000 0.097021 0.000000 -0.995282 0.596539 0.596539 0.596539
2863.352783 0.000000 2072.483154 0.000000 0.949119 0.000000 0.314918 0.539882 0.539882 0.539882
2836.339844 0.000000 2085.291748 0.000000 0.055821 0.000000 0.998441 0.502156 0.502156 0.502156
2814.975342 0.000000 2080.314697 0.000000 0.977760 0.000000 0.209726 0.543327 0.543327 0.543327
2848.454590 0.000000 2069.221924 0.000000 0.904188 0.000000 -0.427134 0.569997 0.569997 0.569997
2851.383545 0.000000 2068.949707 0.000000 0.821939 0.000000 0.569575 0.515885 0.515885 0.515885
2713.855469 0.000000 2115.272949 0.000000 0.172026 0.000000 0.985092 0.509691 0.509691 0.509691
2692.492432 0.000000 2123.628174 0.000000 0.895571 0.000000 0.444918 0.536072 0.536072 0.536072
2705.039062 0.000000 2112.062256 0.000000 0.584461 0.000000 0.811422 0.525305 0.525305 0.525305
2702.843994 0.000000 2117.421631 0.000000 0.986448 0.000000 -0.164077 0.555205 0.555205 0.555205
2710.016846 0.000000 2112.141602 0.000000 0.998072 0.000000 -0.062068 0.551961 0.551961 0.551961
2716.885254 0.000000 2111.898193 0.000000 0.971171 0.000000 -0.238385 0.556610 0.556610 0.556610
2693.347656 0.000000 2127.807373 0.000000 0.083636 0.000000 0.996496 0.511204 0.511204 0.511204
2689.445068 0.000000 2125.300293 0.000000 0.969255 0.000000 -0.246057 0.557851 0.557851 0.557851
2706.155029 0.000000 2115.243896 0.000000 0.838048 0.000000 -0.545596 0.568226 0.568226 0.568226
2710.479004 0.000000 2115.856201 0.000000 0.556619 0.000000 -0.830768 0.580965 0.580965 0.580965
3193.979492 0.000000 1913.765137 0.000000 0.683479 0.000000 -0.729970 0.594943 0.594943 0.594943
3190.103516 0.000000 1917.062988 0.000000 0.131478 0.000000 -0.991319 0.634960 0.634960 0.634960
3201.591309 0.000000 1914.114380 0.000000 0.869193 0.000000 -0.494473 0.582670 0.582670 0.582670
3196.069336 0.000000 1914.404785 0.000000 0.396130 0.000000 -0.918194 0.735322 0.735322 0.735322
3192.083252 0.000000 1918.307861 0.000000 0.910251 0.000000 -0.414058 0.615067 0.615067 0.615067
3194.487061 0.000000 1915.906738 0.000000 0.073988 0.000000 0.997259 0.330096 0.330096 0.330096
3198.481201 0.000000 1916.836182 0.000000 0.424136 0.000000 -0.905599 0.837755 0.837755 0.837755
3199.730469 0.000000 1917.899048 0.000000 0.981219 0.000000 0.192896 0.500691 0.500691 0.500691
3197.526123 0.000000 1915.353516 0.000000 0.326527 0.000000 -0.945188 0.747215 0.747215 0.747215
3199.690186 0.000000 1919.593750 0.000000 0.999909 0.000000 -0.013496 0.553966 0.553966 0.553966
3195.290771 0.000000 1917.414185 0.000000 0.112547 0.000000 0.993646 0.267718 0.267718 0.267718
3197.364746 0.000000 1917.730347 0.000000 0.520319 0.000000 -0.853972 0.801579 0.801579 0.801579
2949.610107 0.000000 2013.037109 0.000000 0.996544 0.000000 0.083071 0.548744 0.548744 0.548744
2975.266602 0.000000 2008.264282 0.000000 0.397393 0.000000 0.917649 0.529256 0.529256 0.529256
2960.202637 0.000000 2015.126099 0.000000 0.979593 0.000000 0.200994 0.543609 0.543609 0.543609
2976.481689 0.000000 2012.085083 0.000000 0.283272 0.000000 -0.959040 0.597588 0.597588 0.597588
2982.463379 0.000000 2010.035156 0.000000 0.966734 0.000000 0.255784 0.539700 0.539700 0.539700
2978.002930 0.000000 2009.749512 0.000000 0.496135 0.000000 -0.868246 0.596209 0.596209 0.596209
2896.033691 0.000000 2043.100220 0.000000 0.995050 0.000000 -0.099373 0.551093 0.551093 0.551093
2906.426758 0.000000 2039.185791 0.000000 0.799689 0.000000 -0.600414 0.570339 0.570339 0.570339
2908.468994 0.000000 2027.643677 0.000000 0.649668 0.000000 -0.760218 0.561859 0.561859 0.561859
2913.534668 0.000000 2022.482666 0.000000 0.968980 0.000000 -0.247141 0.563716 0.563716 0.563716
2897.014648 0.000000 2023.802368 0.000000 0.785189 0.000000 0.619256 0.528910 0.528910 0.528910
2913.759521 0.000000 2028.337036 0.000000 0.799959 0.000000 -0.600054 0.570325 0.570325 0.570325
2924.045166 0.000000 2028.982300 0.000000 0.167333 0.000000 -0.985900 0.594298 0.594298 0.594298
2898.913574 0.000000 2047.198975 0.000000 0.391739 0.000000 0.920076 0.513104 0.513104 0.513104
2895.058594 0.000000 2027.901733 0.000000 0.343743 0.000000 -0.939064 0.571776 0.571776 0.571776
2909.854736 0.000000 2036.821777 0.000000 0.978990 0.000000 0.203908 0.544643 0.544643 0.544643
2903.242432 0.000000 2036.618774 0.000000 0.727018 0.000000 0.686619 0.526098 0.526098 0.526098
2948.809570 0.000000 2015.715576 0.000000 0.501516 0.000000 -0.865148 0.583017 0.583017 0.583017
2902.369873 0.000000 2040.482910 0.000000 0.029442 0.000000 0.999566 0.503439 0.503439 0.503439
2915.914062 0.000000 2031.565308 0.000000 0.192188 0.000000 0.981358 0.506500 0.506500 0.506500
2911.218506 0.000000 2025.354126 0.000000 0.920384 0.000000 -0.391016 0.568755 0.568755 0.568755
2909.128418 0.000000 2018.787598 0.000000 0.882018 0.000000 0.471215 0.521703 0.521703 0.521703
2911.036621 0.000000 2021.327637 0.000000 0.927136 0.000000 -0.374726 0.581117 0.581117 0.581117
2991.177734 0.000000 2026.651489 0.000000 0.033869 0.000000 -0.999426 0.598538 0.598538 0.598538
2993.007812 0.000000 2016.077637 0.000000 0.948091 0.000000 -0.318000 0.553111 0.553111 0.553111
2958.320801 0.000000 2015.804443 0.000000 0.973495 0.000000 -0.228709 0.558872 0.558872 0.558872
2990.877930 0.000000 2018.322144 0.000000 0.575771 0.000000 0.817611 0.498738 0.498738 0.498738
3167.104004 0.000000 1940.231323 0.000000 0.616031 0.000000 0.787722 0.518861 0.518861 0.518861
3083.127686 0.000000 2181.779541 0.000000 0.417042 0.000000 -0.908887 0.551566 0.551566 0.551566
3093.818604 0.000000 2172.141357 0.000000 0.789146 0.000000 -0.614206 0.569071 0.569071 0.569071
3092.046143 0.000000 2185.097168 0.000000 0.925953 0.000000 -0.377639 0.555317 0.555317 0.555317
3089.079102 0.000000 2177.559570 0.000000 0.198450 0.000000 -0.980111 0.568826 0.568826 0.568826
3092.648438 0.000000 2168.176025 0.000000 0.721547 0.000000 -0.692366 0.569952 0.569952 0.569952
3092.936279 0.000000 2176.126465 0.000000 0.485963 0.000000 0.873980 0.520799 0.520799 0.520799
3106.443359 0.000000 2166.816650 0.000000 0.949649 0.000000 0.313315 0.544311 0.544311 0.544311
3095.859375 0.000000 2176.986328 0.000000 0.035172 0.000000 0.999381 0.499395 0.499395 0.499395
3095.925537 0.000000 2157.715820 0.000000 0.874675 0.000000 0.484710 0.545136 0.545136 0.545136
3110.999023 0.000000 2154.907227 0.000000 0.032162 0.000000 -0.999483 0.556338 0.556338 0.556338
3115.408691 0.000000 2173.969482 0.000000 0.943512 0.000000 -0.331339 0.558347 0.558347 0.558347
3106.320801 0.000000 2176.245361 0.000000 0.787216 0.000000 -0.616677 0.563687 0.563687 0.563687
3120.779541 0.000000 2180.977539 0.000000 0.345847 0.000000 -0.938291 0.626910 0.626910 0.626910
3114.531250 0.000000 2162.471924 0.000000 0.466822 0.000000 0.884351 0.544040 0.544040 0.544040
3097.630371 0.000000 2168.727539 0.000000 0.355109 0.000000 0.934825 0.505224 0.505224 0.505224
3103.976562 0.000000 2159.015137 0.000000 0.628655 0.000000 0.777685 0.535319 0.535319 0.535319
3118.309814 0.000000 2186.692871 0.000000 0.194397 0.000000 -0.980923 0.634970 0.634970 0.634970
3101.127686 0.000000 2173.390137 0.000000 0.995302 0.000000 -0.096819 0.553995 0.553995 0.553995
3099.838623 0.000000 2163.192627 0.000000 0.680221 0.000000 -0.733007 0.560167 0.560167 0.560167
3101.171143 0.000000 2179.284668 0.000000 0.892927 0.000000 -0.450202 0.555130 0.555130 0.555130
3109.271729 0.000000 2160.287354 0.000000 0.227613 0.000000 -0.973752 0.568416 0.568416 0.568416
3107.573730 0.000000 2181.615234 0.000000 0.927634 0.000000 -0.373491 0.556307 0.556307 0.556307
3110.329590 0.000000 2173.102295 0.000000 0.128681 0.000000 0.991686 0.524264 0.524264 0.524264
3116.273193 0.000000 2181.594727 0.000000 0.988485 0.000000 0.151317 0.540406 0.540406 0.540406
3112.739014 0.000000 2188.656738 0.000000 0.813287 0.000000 0.581862 0.524418 0.524418 0.524418
3110.608154 0.000000 2164.489258 0.000000 0.750766 0.000000 0.660568 0.533157 0.533157 0.533157
3118.049316 0.000000 2177.470947 0.000000 0.978325 0.000000 -0.207077 0.563175 0.563175 0.563175
3122.217285 0.000000 2185.305420 0.000000 0.978035 0.000000 0.208442 0.540485 0.540485 0.540485
3104.468506 0.000000 2163.006104 0.000000 0.314129 0.000000 -0.949380 0.579208 0.579208 0.579208
3095.813965 0.000000 2172.668213 0.000000 0.459893 0.000000 0.887974 0.513983 0.513983 0.513983
3099.252197 0.000000 2176.305176 0.000000 0.417905 0.000000 0.908491 0.503054 0.503054 0.503054
3110.038574 0.000000 2186.377197 0.000000 0.898854 0.000000 -0.438249 0.570556 0.570556 0.570556
3115.150635 0.000000 2186.139404 0.000000 0.831847 0.000000 -0.555006 0.587163 0.587163 0.587163
3108.983154 0.000000 2178.245850 0.000000 0.412519 0.000000 -0.910949 0.638088 0.638088 0.638088
3117.737793 0.000000 2189.987793 0.000000 0.977848 0.000000 -0.209316 0.559266 0.559266 0.559266
3121.854004 0.000000 2177.990723 0.000000 0.738773 0.000000 0.673955 0.504304 0.504304 0.504304
3113.549561 0.000000 2165.584961 0.000000 0.440282 0.000000 -0.897860 0.621950 0.621950 0.621950
3119.338135 0.000000 2183.716797 0.000000 0.949533 0.000000 -0.313667 0.570152 0.570152 0.570152
3110.828857 0.000000 2181.209473 0.000000 0.006228 0.000000 -0.999981 0.661712 0.661712 0.661712
3115.106934 0.000000 2176.971191 0.000000 0.111144 0.000000 -0.993804 0.646189 0.646189 0.646189
3109.729492 0.000000 2183.651367 0.000000 0.270575 0.000000 0.962699 0.459187 0.459187 0.459187
3116.926758 0.000000 2184.292236 0.000000 0.969997 0.000000 0.243117 0.534489 0.534489 0.534489
3118.320557 0.000000 2180.031006 0.000000 0.579786 0.000000 -0.814769 0.610152 0.610152 0.610152
3115.897217 0.000000 2179.241699 0.000000 0.901551 0.000000 0.432672 0.521123 0.521123 0.521123
3113.050049 0.000000 2167.058594 0.000000 0.279155 0.000000 0.960246 0.346635 0.346635 0.346635
3149.893799 0.000000 2242.840820 0.000000 0.935230 0.000000 0.354041 0.545031 0.545031 0.545031
3133.165771 0.000000 2262.606445 0.000000 0.679802 0.000000 0.733396 0.545478 0.545478 0.545478
3153.500488 0.000000 2267.346191 0.000000 0.996521 0.000000 0.083342 0.548740 0.548740 0.548740
3162.262695 0.000000 2249.002441 0.000000 0.601238 0.000000 -0.799070 0.553813 0.553813 0.553813
3163.432129 0.000000 2259.979736 0.000000 0.031946 0.000000 0.999490 0.535209 0.535209 0.535209
3154.137695 0.000000 2249.719482 0.000000 0.719370 0.000000 0.694627 0.531021 0.531021 0.531021
3159.724121 0.000000 2265.694092 0.000000 0.917236 0.000000 -0.398345 0.554501 0.554501 0.554501
3160.821777 0.000000 2254.622070 0.000000 0.367066 0.000000 -0.930195 0.566408 0.566408 0.566408
3138.588135 0.000000 2263.773926 0.000000 0.602350 0.000000 -0.798232 0.567769 0.567769 0.567769
3135.991211 0.000000 2257.806396 0.000000 0.094457 0.000000 -0.995529 0.572297 0.572297 0.572297
3146.258301 0.000000 2246.667480 0.000000 0.892865 0.000000 -0.450325 0.562828 0.562828 0.562828
3148.000488 0.000000 2265.650635 0.000000 0.090060 0.000000 -0.995936 0.588628 0.588628 0.588628
3153.951172 0.000000 2262.048340 0.000000 0.999940 0.000000 -0.010920 0.550315 0.550315 0.550315
3144.433594 0.000000 2262.366943 0.000000 0.195063 0.000000 0.980791 0.508480 0.508480 0.508480
3153.960693 0.000000 2245.193848 0.000000 0.295662 0.000000 -0.955293 0.572681 0.572681 0.572681
3150.429199 0.000000 2247.714355 0.000000 0.965183 0.000000 -0.261576 0.556541 0.556541 0.556541
3156.688721 0.000000 2253.283447 0.000000 0.829916 0.000000 0.557888 0.534560 0.534560 0.534560
3139.437500 0.000000 2255.161865 0.000000 0.786408 0.000000 -0.617707 0.571028 0.571028 0.571028
3151.788330 0.000000 2258.094971 0.000000 0.204181 0.000000 0.978933 0.490016 0.490016 0.490016
3143.183838 0.000000 2254.666992 0.000000 0.604351 0.000000 -0.796718 0.590505 0.590505 0.590505
3143.210693 0.000000 2248.347900 0.000000 0.670955 0.000000 -0.741498 0.576380 0.576380 0.576380
3149.852051 0.000000 2251.113770 0.000000 0.517802 0.000000 -0.855501 0.590876 0.590876 0.590876
3149.149658 0.000000 2256.306152 0.000000 0.997871 0.000000 -0.065220 0.553226 0.553226 0.553226
3146.334229 0.000000 2259.969482 0.000000 0.110096 0.000000 0.993921 0.483822 0.483822 0.483822
3191.090576 0.000000 1924.825439 0.000000 0.769970 0.000000 0.638080 0.510092 0.510092 0.510092
3233.063477 0.000000 1985.590576 0.000000 0.506997 0.000000 -0.861948 0.599938 0.599938 0.599938
3181.242188 0.000000 1935.994507 0.000000 0.845408 0.000000 -0.534121 0.561606 0.561606 0.561606
3232.007324 0.000000 1990.280273 0.000000 0.245167 0.000000 0.969481 0.464612 0.464612 0.464612
3169.039551 0.000000 1931.871460 0.000000 0.790989 0.000000 0.611831 0.539152 0.539152 0.539152
3184.731201 0.000000 1996.687866 0.000000 0.420303 0.000000 -0.907384 0.596837 0.596837 0.596837
3173.308350 0.000000 1931.762451 0.000000 0.820899 0.000000 0.571074 0.507436 0.507436 0.507436
3193.923828 0.000000 1921.469116 0.000000 0.988499 0.000000 0.151225 0.526654 0.526654 0.526654
3175.367432 0.000000 1926.709961 0.000000 0.536039 0.000000 0.844193 0.525159 0.525159 0.525159
3233.635254 0.000000 1981.461304 0.000000 0.218717 0.000000 -0.975788 0.759513 0.759513 0.759513
3193.618408 0.000000 1928.499390 0.000000 0.968890 0.000000 0.247491 0.539698 0.539698 0.539698
3229.253662 0.000000 1992.825684 0.000000 0.273202 0.000000 0.961957 0.466486 0.466486 0.466486
3179.305908 0.000000 1933.076172 0.000000 0.994440 0.000000 0.105308 0.537107 0.537107 0.537107
3187.142822 0.000000 1994.170532 0.000000 0.801784 0.000000 -0.597614 0.628276 0.628276 0.628276
3233.640625 0.000000 1975.029175 0.000000 0.726187 0.000000 0.687497 0.414688 0.414688 0.414688
3189.729980 0.000000 1998.019043 0.000000 0.940900 0.000000 0.338685 0.518687 0.518687 0.518687
3168.082764 0.000000 1934.887329 0.000000 0.121308 0.000000 0.992615 0.472395 0.472395 0.472395
3192.755615 0.000000 1996.733276 0.000000 0.842570 0.000000 -0.538588 0.576553 0.576553 0.576553
3234.704834 0.000000 1978.611694 0.000000 0.821717 0.000000 0.569895 0.396798 0.396798 0.396798
3175.407959 0.000000 1929.631226 0.000000 0.113050 0.000000 0.993589 0.457940 0.457940 0.457940
3233.965820 0.000000 1988.274292 0.000000 0.997582 0.000000 -0.069496 0.558309 0.558309 0.558309
3193.890869 0.000000 1924.635620 0.000000 0.383043 0.000000 -0.923731 0.672901 0.672901 0.672901
3176.650879 0.000000 1932.059814 0.000000 0.309867 0.000000 0.950780 0.306879 0.306879 0.306879
3171.418945 0.000000 1933.673096 0.000000 0.619824 0.000000 0.784741 0.495488 0.495488 0.495488
3187.371826 0.000000 1996.843872 0.000000 0.980177 0.000000 -0.198126 0.570813 0.570813 0.570813
3176.265381 0.000000 1941.100830 0.000000 0.464121 0.000000 -0.885772 0.638155 0.638155 0.638155
3188.918945 0.000000 1992.323364 0.000000 0.402606 0.000000 -0.915373 0.680208 0.680208 0.680208
3235.459717 0.000000 1986.291626 0.000000 0.332912 0.000000 0.942958 0.309900 0.309900 0.309900
3234.568848 0.000000 1983.700073 0.000000 0.880003 0.000000 -0.474968 0.639705 0.639705 0.639705
3174.369385 0.000000 1933.752319 0.000000 0.647194 0.000000 0.762326 0.413111 0.413111 0.413111
3170.429688 0.000000 1941.723389 0.000000 0.931290 0.000000 -0.364280 0.580206 0.580206 0.580206
3192.236084 0.000000 1923.035034 0.000000 0.999380 0.000000 -0.035222 0.554644 0.554644 0.554644
3192.426758 0.000000 1994.608154 0.000000 0.087475 0.000000 0.996167 0.395219 0.395219 0.395219
3173.589600 0.000000 1940.434814 0.000000 0.113182 0.000000 -0.993574 0.700084 0.700084 0.700084
3178.475586 0.000000 1935.104248 0.000000 0.901931 0.000000 0.431880 0.460474 0.460474 0.460474
3194.603516 0.000000 1926.578003 0.000000 0.964362 0.000000 0.264586 0.523159 0.523159 0.523159
3231.125732 0.000000 1992.091553 0.000000 0.961385 0.000000 -0.275206 0.580626 0.580626 0.580626
3192.732910 0.000000 1919.791016 0.000000 0.915351 0.000000 0.402657 0.486837 0.486837 0.486837
3235.559082 0.000000 1974.592896 0.000000 0.988808 0.000000 -0.149192 0.570562 0.570562 0.570562
3195.092041 0.000000 1923.094360 0.000000 0.432346 0.000000 0.901708 0.326271 0.326271 0.326271
3232.654541 0.000000 1983.821655 0.000000 0.756972 0.000000 -0.653447 0.631160 0.631160 0.631160
3235.936768 0.000000 1979.954956 0.000000 0.044640 0.000000 -0.999003 0.935581 0.935581 0.935581
3177.594727 0.000000 1933.531860 0.000000 0.999206 0.000000 0.039844 0.542284 0.542284 0.542284
3233.299316 0.000000 1979.646729 0.000000 0.469579 0.000000 -0.882891 0.755023 0.755023 0.755023
3175.017334 0.000000 1931.416748 0.000000 0.364543 0.000000 -0.931186 0.693072 0.693072 0.693072
3186.093262 0.000000 1995.578369 0.000000 0.593125 0.000000 -0.805111 0.664368 0.664368 0.664368
3172.111816 0.000000 1935.290039 0.000000 0.749867 0.000000 -0.661589 0.644303 0.644303 0.644303
3176.907471 0.000000 1930.374512 0.000000 0.999694 0.000000 0.024725 0.546503 0.546503 0.546503
3179.637451 0.000000 1936.230957 0.000000 0.435867 0.000000 0.900011 0.307060 0.307060 0.307060
3190.398926 0.000000 1993.027832 0.000000 0.167525 0.000000 0.985868 0.336242 0.336242 0.336242
3178.867432 0.000000 1938.716309 0.000000 0.995598 0.000000 0.093721 0.534535 0.534535 0.534535
3174.269531 0.000000 1937.502808 0.000000 0.746288 0.000000 0.665623 0.413991 0.413991 0.413991
3175.843750 0.000000 1933.321167 0.000000 0.462203 0.000000 0.886774 0.377831 0.377831 0.377831
3235.416992 0.000000 1987.780884 0.000000 0.824841 0.000000 0.565364 0.432841 0.432841 0.432841
3233.265381 0.000000 1978.166992 0.000000 0.014352 0.000000 -0.999897 0.844927 0.844927 0.844927
3235.447998 0.000000 1984.863037 0.000000 0.050135 0.000000 0.998742 0.230537 0.230537 0.230537
3197.584961 0.000000 1924.759277 0.000000 0.350475 0.000000 -0.936572 0.764809 0.764809 0.764809
3199.650879 0.000000 1919.882690 0.000000 0.844837 0.000000 -0.535023 0.715885 0.715885 0.715885
3174.928955 0.000000 1935.250000 0.000000 0.377587 0.000000 -0.925974 0.764528 0.764528 0.764528
3234.820801 0.000000 1982.226074 0.000000 0.995638 0.000000 -0.093295 0.566934 0.566934 0.566934
3234.562012 0.000000 1980.378540 0.000000 0.942663 0.000000 -0.333747 0.619151 0.619151 0.619151
3197.609619 0.000000 1921.781250 0.000000 0.901834 0.000000 0.432083 0.425459 0.425459 0.425459
3197.004639 0.000000 1919.787964 0.000000 0.999907 0.000000 0.013641 0.546216 0.546216 0.546216
3191.243164 0.000000 2104.248535 0.000000 0.966321 0.000000 -0.257338 0.557147 0.557147 0.557147
3207.227051 0.000000 2097.625977 0.000000 0.088826 0.000000 0.996047 0.507271 0.507271 0.507271
3208.581543 0.000000 2108.168701 0.000000 0.657833 0.000000 -0.753163 0.587474 0.587474 0.587474
3187.634521 0.000000 2096.345215 0.000000 0.999870 0.000000 -0.016131 0.550377 0.550377 0.550377
3207.031250 0.000000 2089.648193 0.000000 0.597450 0.000000 -0.801906 0.575553 0.575553 0.575553
3190.310791 0.000000 2111.628418 0.000000 0.991584 0.000000 -0.129463 0.552318 0.552318 0.552318
3215.270996 0.000000 2109.184326 0.000000 0.483151 0.000000 0.875537 0.533891 0.533891 0.533891
3202.398926 0.000000 2093.844482 0.000000 0.949040 0.000000 0.315157 0.531510 0.531510 0.531510
3195.607178 0.000000 2099.885498 0.000000 0.266896 0.000000 -0.963725 0.598219 0.598219 0.598219
3210.364990 0.000000 2102.786377 0.000000 0.997472 0.000000 -0.071067 0.552930 0.552930 0.552930
3197.290771 0.000000 2081.927979 0.000000 0.360274 0.000000 -0.932846 0.599524 0.599524 0.599524
3205.194580 0.000000 2101.984619 0.000000 0.158813 0.000000 -0.987309 0.573254 0.573254 0.573254
3216.124268 0.000000 2103.989258 0.000000 0.540187 0.000000 -0.841545 0.591199 0.591199 0.591199
3217.549316 0.000000 2091.144531 0.000000 0.987555 0.000000 -0.157273 0.554337 0.554337 0.554337
3188.265381 0.000000 2085.610352 0.000000 0.959268 0.000000 0.282498 0.544888 0.544888 0.544888
3192.304443 0.000000 2096.329346 0.000000 0.757011 0.000000 0.653402 0.507957 0.507957 0.507957
3202.788574 0.000000 2087.926270 0.000000 0.275533 0.000000 -0.961292 0.604981 0.604981 0.604981
3208.907227 0.000000 2093.705078 0.000000 0.998996 0.000000 -0.044795 0.551046 0.551046 0.551046
3211.507324 0.000000 2096.866455 0.000000 0.960711 0.000000 0.277550 0.525285 0.525285 0.525285
3212.245117 0.000000 2106.598877 0.000000 0.240006 0.000000 -0.970771 0.597426 0.597426 0.597426
3207.125488 0.000000 2104.947510 0.000000 0.110887 0.000000 -0.993833 0.622154 0.622154 0.622154
3185.674316 0.000000 2110.347168 0.000000 0.732753 0.000000 0.680495 0.524308 0.524308 0.524308
3205.020996 0.000000 2085.425049 0.000000 0.580473 0.000000 -0.814279 0.589195 0.589195 0.589195
3218.329102 0.000000 2107.563232 0.000000 0.736809 0.000000 0.676100 0.523494 0.523494 0.523494
3205.729004 0.000000 2092.892090 0.000000 0.296921 0.000000 0.954902 0.494227 0.494227 0.494227
3222.898193 0.000000 2102.629639 0.000000 0.850530 0.000000 -0.525927 0.570532 0.570532 0.570532
3198.690918 0.000000 2100.902100 0.000000 0.103516 0.000000 -0.994628 0.614463 0.614463 0.614463
3193.846191 0.000000 2082.006348 0.000000 0.999993 0.000000 -0.003686 0.550152 0.550152 0.550152
3191.330322 0.000000 2087.732178 0.000000 0.347082 0.000000 -0.937835 0.613466 0.613466 0.613466
3198.439941 0.000000 2106.019531 0.000000 0.441889 0.000000 -0.897070 0.626419 0.626419 0.626419
3213.442139 0.000000 2102.161621 0.000000 0.997055 0.000000 -0.076688 0.553162 0.553162 0.553162
3203.335449 0.000000 2090.908203 0.000000 0.605421 0.000000 0.795905 0.499442 0.499442 0.499442
3199.266846 0.000000 2085.573730 0.000000 0.193813 0.000000 0.981038 0.487662 0.487662 0.487662
3195.174316 0.000000 2097.000977 0.000000 0.042644 0.000000 -0.999090 0.659111 0.659111 0.659111
3200.802734 0.000000 2096.140869 0.000000 0.989531 0.000000 -0.144321 0.560937 0.560937 0.560937
3200.725586 0.000000 2089.621582 0.000000 0.935468 0.000000 0.353412 0.530161 0.530161 0.530161
3198.386230 0.000000 2110.766846 0.000000 0.147752 0.000000 0.989025 0.467964 0.467964 0.467964
3213.739258 0.000000 2095.516113 0.000000 0.067728 0.000000 -0.997704 0.686210 0.686210 0.686210
3215.756348 0.000000 2101.544678 0.000000 0.070706 0.000000 -0.997497 0.659164 0.659164 0.659164
3212.475586 0.000000 2099.712646 0.000000 0.867886 0.000000 -0.496763 0.606392 0.606392 0.606392
3213.468018 0.000000 2097.767822 0.000000 0.999327 0.000000 0.036694 0.545968 0.545968 0.545968
3371.096436 0.000000 1989.810791 0.000000 0.898981 0.000000 0.437987 0.548755 0.548755 0.548755
3352.343994 0.000000 1964.506592 0.000000 0.917244 0.000000 -0.398325 0.558438 0.558438 0.558438
3371.591309 0.000000 1969.279785 0.000000 0.846870 0.000000 0.531801 0.547690 0.547690 0.547690
3328.423340 0.000000 1992.132812 0.000000 0.896495 0.000000 0.443054 0.538025 0.538025 0.538025
3358.792480 0.000000 1979.103027 0.000000 0.094387 0.000000 0.995536 0.509459 0.509459 0.509459
3338.104980 0.000000 1973.898926 0.000000 0.885864 0.000000 -0.463944 0.553975 0.553975 0.553975
3351.211426 0.000000 2001.641602 0.000000 0.961835 0.000000 0.273630 0.548097 0.548097 0.548097
3358.202637 0.000000 1990.767700 0.000000 0.037575 0.000000 -0.999294 0.585789 0.585789 0.585789
3339.762451 0.000000 1997.681641 0.000000 0.964319 0.000000 -0.264743 0.570603 0.570603 0.570603
3349.142334 0.000000 1974.653076 0.000000 0.309438 0.000000 -0.950920 0.589672 0.589672 0.589672
3331.385254 0.000000 1982.000488 0.000000 0.461009 0.000000 0.887396 0.529014 0.529014 0.529014
3341.961182 0.000000 1964.433105 0.000000 0.296317 0.000000 -0.955090 0.558719 0.558719 0.558719
3364.938965 0.000000 1998.451172 0.000000 0.534167 0.000000 0.845379 0.545851 0.545851 0.545851
3362.608154 0.000000 1964.412964 0.000000 0.953517 0.000000 0.301338 0.547478 0.547478 0.547478
3331.618896 0.000000 2000.360840 0.000000 0.167535 0.000000 -0.985866 0.576960 0.576960 0.576960
3357.296875 0.000000 1970.876953 0.000000 0.716643 0.000000 0.697440 0.525625 0.525625 0.525625
3364.259033 0.000000 1985.662109 0.000000 0.811829 0.000000 -0.583896 0.563698 0.563698 0.563698
3351.765381 0.000000 1982.722778 0.000000 0.421704 0.000000 -0.906734 0.559355 0.559355 0.559355
3357.098633 0.000000 1996.881348 0.000000 0.204481 0.000000 -0.978871 0.566867 0.566867 0.566867
3346.383301 0.000000 1997.860107 0.000000 0.832497 0.000000 0.554029 0.529843 0.529843 0.529843
3365.327881 0.000000 1992.416016 0.000000 0.468047 0.000000 0.883704 0.535119 0.535119 0.535119
3334.286377 0.000000 1994.723877 0.000000 0.899973 0.000000 0.435945 0.518411 0.518411 0.518411
3337.432373 0.000000 1982.808350 0.000000 0.161986 0.000000 -0.986793 0.590603 0.590603 0.590603
3357.332764 0.000000 1984.834229 0.000000 0.435783 0.000000 0.900052 0.528472 0.528472 0.528472
3352.371826 0.000000 1988.281616 0.000000 0.818591 0.000000 0.574377 0.536558 0.536558 0.536558
3328.226074 0.000000 1986.428467 0.000000 0.330140 0.000000 0.943932 0.521187 0.521187 0.521187
3354.564697 0.000000 1975.820679 0.000000 0.996667 0.000000 0.081579 0.548206 0.548206 0.548206
3335.232178 0.000000 1978.145386 0.000000 0.439019 0.000000 0.898478 0.533139 0.533139 0.533139
3363.977051 0.000000 1977.697266 0.000000 0.932776 0.000000 0.360455 0.533797 0.533797 0.533797
3348.004639 0.000000 1979.492676 0.000000 0.867971 0.000000 0.496615 0.540010 0.540010 0.540010
3369.927734 0.000000 1974.094971 0.000000 0.600129 0.000000 -0.799903 0.571642 0.571642 0.571642
3341.275146 0.000000 1985.943604 0.000000 0.740230 0.000000 0.672354 0.527725 0.527725 0.527725
3347.750000 0.000000 1965.943604 0.000000 0.831239 0.000000 0.555916 0.537859 0.537859 0.537859
3360.410156 0.000000 1974.413574 0.000000 0.359293 0.000000 0.933225 0.502085 0.502085 0.502085
3361.890869 0.000000 1969.163452 0.000000 0.998019 0.000000 0.062918 0.548530 0.548530 0.548530
3328.715576 0.000000 1996.687866 0.000000 0.981787 0.000000 0.189984 0.545801 0.545801 0.545801
3336.288818 0.000000 2000.345093 0.000000 0.002843 0.000000 0.999996 0.474646 0.474646 0.474646
3346.772949 0.000000 1991.941772 0.000000 0.243660 0.000000 0.969861 0.513622 0.513622 0.513622
3334.025879 0.000000 1985.502197 0.000000 0.583806 0.000000 0.811893 0.512275 0.512275 0.512275
3365.833740 0.000000 1981.625122 0.000000 0.926349 0.000000 0.376667 0.537803 0.537803 0.537803
3361.315430 0.000000 1982.563843 0.000000 0.933499 0.000000 0.358581 0.538418 0.538418 0.538418
3338.193848 0.000000 1993.336548 0.000000 0.822775 0.000000 0.568368 0.507667 0.507667 0.507667
3355.414062 0.000000 1967.208740 0.000000 0.993382 0.000000 0.114855 0.547313 0.547313 0.547313
3348.501953 0.000000 1971.088745 0.000000 0.648326 0.000000 -0.761363 0.580896 0.580896 0.580896
3340.285156 0.000000 1989.307373 0.000000 0.194147 0.000000 -0.980973 0.612323 0.612323 0.612323
3331.127197 0.000000 1994.170532 0.000000 0.199376 0.000000 -0.979923 0.600794 0.600794 0.600794
3333.714355 0.000000 1998.019043 0.000000 0.820580 0.000000 0.571532 0.524104 0.524104 0.524104
3336.739990 0.000000 1996.733276 0.000000 0.755733 0.000000 0.654880 0.498037 0.498037 0.498037
3335.314697 0.000000 1991.747803 0.000000 0.949383 0.000000 -0.314122 0.567550 0.567550 0.567550
3339.158691 0.000000 2001.016602 0.000000 0.667796 0.000000 0.744345 0.509652 0.509652 0.509652
3340.474854 0.000000 1994.963013 0.000000 0.997641 0.000000 -0.068647 0.554622 0.554622 0.554622
3332.903320 0.000000 1992.323364 0.000000 0.995116 0.000000 -0.098711 0.555838 0.555838 0.555838
3217.800781 0.000000 2115.272949 0.000000 0.447892 0.000000 -0.894087 0.565192 0.565192 0.565192
3170.924805 0.000000 2128.407471 0.000000 0.073833 0.000000 0.997271 0.504781 0.504781 0.504781
3207.154297 0.000000 2122.635986 0.000000 0.373835 0.000000 0.927495 0.533692 0.533692 0.533692
3194.395508 0.000000 2135.170410 0.000000 0.494641 0.000000 0.869097 0.542768 0.542768 0.542768
3167.770508 0.000000 2138.017090 0.000000 0.583873 0.000000 -0.811845 0.560406 0.560406 0.560406
3176.577881 0.000000 2139.261230 0.000000 0.166277 0.000000 0.986079 0.463263 0.463263 0.463263
3201.503418 0.000000 2118.467041 0.000000 0.720978 0.000000 0.692958 0.520566 0.520566 0.520566
3211.835938 0.000000 2118.097412 0.000000 0.940275 0.000000 -0.340416 0.559062 0.559062 0.559062
3187.298096 0.000000 2133.708984 0.000000 0.706422 0.000000 0.707791 0.528405 0.528405 0.528405
3190.452148 0.000000 2122.789307 0.000000 0.892317 0.000000 -0.451410 0.562862 0.562862 0.562862
3176.288330 0.000000 2126.878662 0.000000 0.943011 0.000000 -0.332763 0.562577 0.562577 0.562577
3181.242188 0.000000 2127.963379 0.000000 0.539863 0.000000 0.841753 0.503290 0.503290 0.503290
3206.789307 0.000000 2117.421631 0.000000 0.896141 0.000000 -0.443770 0.581568 0.581568 0.581568
3171.649658 0.000000 2140.800781 0.000000 0.180364 0.000000 0.983600 0.515659 0.515659 0.515659
3168.240723 0.000000 2132.389648 0.000000 0.974899 0.000000 0.222648 0.543834 0.543834 0.543834
3182.911621 0.000000 2134.758545 0.000000 0.573477 0.000000 0.819221 0.513089 0.513089 0.513089
3184.112549 0.000000 2130.737793 0.000000 0.762168 0.000000 0.647379 0.533563 0.533563 0.533563
3180.302246 0.000000 2140.249756 0.000000 0.957384 0.000000 0.288817 0.537931 0.537931 0.537931
3186.689209 0.000000 2123.310059 0.000000 0.638640 0.000000 -0.769506 0.574113 0.574113 0.574113
3185.897705 0.000000 2116.202393 0.000000 0.711556 0.000000 0.702629 0.453721 0.453721 0.453721
3175.788818 0.000000 2142.854248 0.000000 0.896821 0.000000 0.442394 0.522942 0.522942 0.522942
3200.293945 0.000000 2115.036133 0.000000 0.706679 0.000000 0.707534 0.517622 0.517622 0.517622
3188.734863 0.000000 2119.596680 0.000000 0.811927 0.000000 0.583759 0.531170 0.531170 0.531170
3210.100342 0.000000 2115.243896 0.000000 0.454064 0.000000 0.890969 0.515277 0.515277 0.515277
3178.356934 0.000000 2129.208252 0.000000 0.801684 0.000000 -0.597748 0.622138 0.622138 0.622138
3197.097168 0.000000 2114.772217 0.000000 0.855014 0.000000 0.518605 0.520054 0.520054 0.520054
3171.324951 0.000000 2131.679688 0.000000 0.859237 0.000000 0.511577 0.527879 0.527879 0.527879
3203.995605 0.000000 2116.642822 0.000000 0.900443 0.000000 -0.434975 0.570391 0.570391 0.570391
3173.818604 0.000000 2138.581543 0.000000 0.583550 0.000000 0.812077 0.504455 0.504455 0.504455
3183.245117 0.000000 2117.319580 0.000000 0.957323 0.000000 -0.289019 0.578987 0.578987 0.578987
3200.992920 0.000000 2112.385498 0.000000 0.999652 0.000000 -0.026364 0.551231 0.551231 0.551231
3181.742188 0.000000 2137.594727 0.000000 0.999842 0.000000 0.017800 0.549071 0.549071 0.549071
3199.005371 0.000000 2117.312012 0.000000 0.535415 0.000000 0.844589 0.494758 0.494758 0.494758
3174.291260 0.000000 2140.891357 0.000000 0.931341 0.000000 -0.364148 0.575589 0.575589 0.575589
3195.566406 0.000000 2111.671143 0.000000 0.146195 0.000000 0.989256 0.452230 0.452230 0.452230
3186.800781 0.000000 2118.305420 0.000000 0.533841 0.000000 0.845585 0.443461 0.443461 0.443461
3177.783447 0.000000 2134.705322 0.000000 0.981709 0.000000 0.190388 0.529221 0.529221 0.529221
3185.622070 0.000000 2114.077881 0.000000 0.211322 0.000000 0.977416 0.382196 0.382196 0.382196
3189.165283 0.000000 2117.622559 0.000000 0.973184 0.000000 0.230026 0.528010 0.528010 0.528010
3183.740723 0.000000 2115.279053 0.000000 0.836015 0.000000 -0.548706 0.616194 0.616194 0.616194
3184.981201 0.000000 2117.931152 0.000000 0.217550 0.000000 0.976049 0.382984 0.382984 0.382984
2536.509277 0.000000 2664.023438 0.000000 0.296755 0.000000 -0.954954 0.553486 0.553486 0.553486
2536.801514 0.000000 2668.578613 0.000000 0.352333 0.000000 -0.935875 0.784407 0.784407 0.784407
2534.101074 0.000000 2666.299072 0.000000 0.883250 0.000000 -0.468903 0.584177 0.584177 0.584177
2546.317871 0.000000 2686.352539 0.000000 0.857748 0.000000 -0.514071 0.575207 0.575207 0.575207
2542.173828 0.000000 2684.938232 0.000000 0.909577 0.000000 -0.415536 0.598839 0.598839 0.598839
2540.205811 0.000000 2686.394531 0.000000 0.541834 0.000000 0.840485 0.491064 0.491064 0.491064
2536.876221 0.000000 2666.176758 0.000000 0.934095 0.000000 0.357023 0.472300 0.472300 0.472300
2544.259766 0.000000 2682.011230 0.000000 0.908210 0.000000 -0.418514 0.636566 0.636566 0.636566
2543.060303 0.000000 2668.564453 0.000000 0.923029 0.000000 0.384731 0.501197 0.501197 0.501197
2538.163574 0.000000 2667.469238 0.000000 0.800526 0.000000 0.599298 0.429995 0.429995 0.429995
2546.037842 0.000000 2676.177734 0.000000 0.472887 0.000000 0.881123 0.280545 0.280545 0.280545
2546.608154 0.000000 2674.442871 0.000000 0.743100 0.000000 -0.669181 0.652676 0.652676 0.652676
2541.112061 0.000000 2671.461182 0.000000 0.717749 0.000000 -0.696302 0.739312 0.739312 0.739312
2545.662109 0.000000 2673.146240 0.000000 0.578607 0.000000 0.815606 0.353555 0.353555 0.353555
2545.642578 0.000000 2685.002930 0.000000 0.207748 0.000000 0.978182 0.271443 0.271443 0.271443
2538.071777 0.000000 2669.305176 0.000000 0.498254 0.000000 0.867031 0.234492 0.234492 0.234492
2544.899414 0.000000 2680.684570 0.000000 0.672463 0.000000 0.740130 0.400115 0.400115 0.400115
2541.016113 0.000000 2668.701660 0.000000 0.111281 0.000000 0.993789 0.075112 0.075112 0.075112
2540.337158 0.000000 2670.116211 0.000000 0.254331 0.000000 -0.967117 0.872873 0.872873 0.872873
2547.288574 0.000000 2680.876465 0.000000 0.609909 0.000000 0.792472 0.343986 0.343986 0.343986
2544.051270 0.000000 2673.593994 0.000000 0.988803 0.000000 0.149227 0.519149 0.519149 0.519149
2545.429688 0.000000 2682.939697 0.000000 0.829630 0.000000 0.558314 0.431249 0.431249 0.431249
2545.167236 0.000000 2687.054688 0.000000 0.859120 0.000000 0.511774 0.434182 0.434182 0.434182
2542.920898 0.000000 2686.359375 0.000000 0.999857 0.000000 0.016940 0.546162 0.546162 0.546162
2547.035889 0.000000 2679.219482 0.000000 0.278448 0.000000 -0.960451 0.879109 0.879109 0.879109
2873.696045 0.000000 2402.191895 0.000000 0.976049 0.000000 -0.217552 0.554216 0.554216 0.554216
2873.258301 0.000000 2410.249512 0.000000 0.989917 0.000000 0.141649 0.539071 0.539071 0.539071
2879.135254 0.000000 2420.153320 0.000000 0.156362 0.000000 -0.987700 0.629592 0.629592 0.629592
2878.211426 0.000000 2404.253906 0.000000 0.695855 0.000000 0.718182 0.522497 0.522497 0.522497
2876.288574 0.000000 2402.282959 0.000000 0.832101 0.000000 0.554625 0.495106 0.495106 0.495106
2873.058350 0.000000 2404.064941 0.000000 0.849913 0.000000 -0.526923 0.605629 0.605629 0.605629
2874.492920 0.000000 2406.256836 0.000000 0.132653 0.000000 0.991162 0.380221 0.380221 0.380221
2878.917480 0.000000 2414.825195 0.000000 0.996409 0.000000 -0.084676 0.566996 0.566996 0.566996
2876.829834 0.000000 2405.474365 0.000000 0.954656 0.000000 0.297713 0.510982 0.510982 0.510982
2874.022705 0.000000 2405.025879 0.000000 0.445320 0.000000 0.895371 0.309345 0.309345 0.309345
2622.895264 0.000000 2652.039307 0.000000 0.445622 0.000000 -0.895221 0.562181 0.562181 0.562181
2645.146973 0.000000 2644.603271 0.000000 0.786557 0.000000 0.617518 0.538119 0.538119 0.538119
2634.642822 0.000000 2647.711426 0.000000 0.810029 0.000000 -0.586390 0.558604 0.558604 0.558604
2632.045898 0.000000 2641.743896 0.000000 0.903068 0.000000 -0.429498 0.567068 0.567068 0.567068
2628.082764 0.000000 2651.383545 0.000000 0.792468 0.000000 0.609914 0.522979 0.522979 0.522979
2660.652344 0.000000 2670.325195 0.000000 0.864794 0.000000 -0.502127 0.560113 0.560113 0.560113
2626.204346 0.000000 2655.273682 0.000000 0.213726 0.000000 0.976894 0.497889 0.497889 0.497889
2635.492188 0.000000 2639.099365 0.000000 0.553306 0.000000 0.832978 0.512150 0.512150 0.512150
2657.523682 0.000000 2667.966797 0.000000 0.600908 0.000000 0.799319 0.524566 0.524566 0.524566
2653.316162 0.000000 2664.716309 0.000000 0.991680 0.000000 0.128725 0.546278 0.546278 0.546278
2652.301270 0.000000 2648.717773 0.000000 0.987009 0.000000 -0.160664 0.563073 0.563073 0.563073
2628.580078 0.000000 2642.979492 0.000000 0.545284 0.000000 0.838251 0.521336 0.521336 0.521336
2647.376221 0.000000 2648.389404 0.000000 0.227053 0.000000 -0.973882 0.647645 0.647645 0.647645
2626.230225 0.000000 2648.282959 0.000000 0.566028 0.000000 0.824386 0.512740 0.512740 0.512740
2645.204346 0.000000 2640.243652 0.000000 0.246280 0.000000 -0.969199 0.600825 0.600825 0.600825
2662.801025 0.000000 2663.072021 0.000000 0.083177 0.000000 0.996535 0.492809 0.492809 0.492809
2635.406982 0.000000 2644.855957 0.000000 0.106301 0.000000 0.994334 0.485660 0.485660 0.485660
2642.400879 0.000000 2651.846924 0.000000 0.950965 0.000000 0.309298 0.533592 0.533592 0.533592
2643.591309 0.000000 2646.882568 0.000000 0.336417 0.000000 0.941713 0.494371 0.494371 0.494371
2630.521973 0.000000 2652.312988 0.000000 0.954627 0.000000 -0.297805 0.573252 0.573252 0.573252
2647.631836 0.000000 2645.002930 0.000000 0.160049 0.000000 0.987109 0.441576 0.441576 0.441576
2649.583740 0.000000 2643.641846 0.000000 0.336077 0.000000 -0.941834 0.644429 0.644429 0.644429
2633.830322 0.000000 2649.977783 0.000000 0.802329 0.000000 0.596883 0.500818 0.500818 0.500818
2651.643799 0.000000 2651.872559 0.000000 0.937600 0.000000 -0.347717 0.590961 0.590961 0.590961
2663.906250 0.000000 2656.908203 0.000000 0.459066 0.000000 -0.888402 0.592055 0.592055 0.592055
2717.009277 0.000000 2670.341797 0.000000 0.974185 0.000000 -0.225749 0.558755 0.558755 0.558755
2683.689209 0.000000 2672.251709 0.000000 0.264792 0.000000 0.964306 0.542844 0.542844 0.542844
2698.453613 0.000000 2669.750732 0.000000 0.990237 0.000000 0.139397 0.546159 0.546159 0.546159
2691.661865 0.000000 2675.791748 0.000000 0.240385 0.000000 -0.970677 0.570059 0.570059 0.570059
2717.398193 0.000000 2664.306885 0.000000 0.999593 0.000000 -0.028524 0.551058 0.551058 0.551058
2667.885498 0.000000 2643.114502 0.000000 0.997083 0.000000 -0.076318 0.551573 0.551573 0.551573
2680.296387 0.000000 2658.319336 0.000000 0.992327 0.000000 0.123642 0.541830 0.541830 0.541830
2678.376465 0.000000 2653.024170 0.000000 0.670063 0.000000 0.742304 0.538514 0.538514 0.538514
2665.267822 0.000000 2661.265137 0.000000 0.847875 0.000000 -0.530197 0.571485 0.571485 0.571485
2688.359131 0.000000 2672.235840 0.000000 0.504829 0.000000 -0.863219 0.590047 0.590047 0.590047
2698.843262 0.000000 2663.832520 0.000000 0.449766 0.000000 0.893146 0.481766 0.481766 0.481766
2690.264160 0.000000 2665.227295 0.000000 0.082834 0.000000 -0.996563 0.719568 0.719568 0.719568
2707.149170 0.000000 2665.049805 0.000000 0.986847 0.000000 -0.161655 0.556243 0.556243 0.556243
2725.308350 0.000000 2664.716309 0.000000 0.914550 0.000000 -0.404473 0.564294 0.564294 0.564294
2728.958252 0.000000 2671.247559 0.000000 0.697998 0.000000 0.716099 0.513832 0.513832 0.513832
2683.197510 0.000000 2666.061279 0.000000 0.445996 0.000000 -0.895035 0.635237 0.635237 0.635237
2685.784668 0.000000 2669.909668 0.000000 0.178521 0.000000 -0.983936 0.639789 0.639789 0.639789
2681.681396 0.000000 2660.639404 0.000000 0.749046 0.000000 -0.662519 0.605685 0.605685 0.605685
2683.426514 0.000000 2668.734619 0.000000 0.689007 0.000000 -0.724755 0.602318 0.602318 0.602318
2684.973633 0.000000 2664.214111 0.000000 0.622327 0.000000 0.782757 0.480866 0.480866 0.480866
2719.519287 0.000000 2669.956299 0.000000 0.025026 0.000000 -0.999687 0.647635 0.647635 0.647635
2726.335205 0.000000 2670.889404 0.000000 0.307387 0.000000 0.951585 0.453241 0.453241 0.453241
2721.734131 0.000000 2669.995361 0.000000 0.993516 0.000000 -0.113690 0.558761 0.558761 0.558761
2690.448730 0.000000 2667.355225 0.000000 0.790798 0.000000 0.612077 0.479454 0.479454 0.479454
2540.200439 0.000000 2689.082275 0.000000 0.977794 0.000000 -0.209567 0.598994 0.598994 0.598994
2540.805176 0.000000 2695.502930 0.000000 0.998659 0.000000 -0.051764 0.551636 0.551636 0.551636
2583.221680 0.000000 2730.615234 0.000000 0.944695 0.000000 0.327950 0.533483 0.533483 0.533483
2570.880859 0.000000 2707.097168 0.000000 0.999718 0.000000 0.023765 0.548531 0.548531 0.548531
2578.411133 0.000000 2714.666504 0.000000 0.993421 0.000000 0.114523 0.526203 0.526203 0.526203
2575.902100 0.000000 2709.979492 0.000000 0.496672 0.000000 0.867938 0.435989 0.435989 0.435989
2541.235596 0.000000 2693.528809 0.000000 0.905657 0.000000 0.424011 0.460415 0.460415 0.460415
2591.324707 0.000000 2735.550049 0.000000 0.981743 0.000000 -0.190214 0.577855 0.577855 0.577855
2584.719727 0.000000 2731.928955 0.000000 0.986535 0.000000 0.163547 0.530149 0.530149 0.530149
2591.507568 0.000000 2731.731445 0.000000 0.298215 0.000000 -0.954499 0.692767 0.692767 0.692767
2576.157227 0.000000 2715.234619 0.000000 0.412721 0.000000 0.910857 0.358132 0.358132 0.358132
2585.008789 0.000000 2730.142090 0.000000 0.996914 0.000000 -0.078496 0.559495 0.559495 0.559495
2541.671875 0.000000 2688.135986 0.000000 0.813210 0.000000 -0.581970 0.694140 0.694140 0.694140
2578.850830 0.000000 2716.627441 0.000000 0.631033 0.000000 0.775756 0.406135 0.406135 0.406135
2579.106201 0.000000 2713.098145 0.000000 0.822177 0.000000 0.569231 0.473501 0.473501 0.473501
2587.294678 0.000000 2730.284180 0.000000 0.884349 0.000000 0.466826 0.480641 0.480641 0.480641
2573.144287 0.000000 2710.138916 0.000000 0.330566 0.000000 -0.943783 0.753311 0.753311 0.753311
2588.337402 0.000000 2731.755859 0.000000 0.838432 0.000000 0.545007 0.460566 0.460566 0.460566
2588.310547 0.000000 2733.336914 0.000000 0.828733 0.000000 0.559644 0.460288 0.460288 0.460288
2577.018555 0.000000 2713.931152 0.000000 0.198584 0.000000 -0.980084 0.851178 0.851178 0.851178
2591.008789 0.000000 2733.516113 0.000000 0.495183 0.000000 -0.868789 0.765384 0.765384 0.765384
2542.138428 0.000000 2691.854004 0.000000 0.159608 0.000000 0.987181 0.151027 0.151027 0.151027
2542.055908 0.000000 2689.333496 0.000000 0.869084 0.000000 -0.494665 0.718391 0.718391 0.718391
2543.197266 0.000000 2691.346924 0.000000 0.571965 0.000000 0.820278 0.277919 0.277919 0.277919
2543.595947 0.000000 2690.037842 0.000000 0.931239 0.000000 -0.364408 0.655506 0.655506 0.655506
2606.384277 0.000000 2749.008545 0.000000 0.531143 0.000000 -0.847282 0.586088 0.586088 0.586088
2661.762207 0.000000 2727.681152 0.000000 0.687129 0.000000 0.726535 0.503099 0.503099 0.503099
2592.803223 0.000000 2737.106445 0.000000 0.130404 0.000000 -0.991461 0.759593 0.759593 0.759593
2597.876953 0.000000 2737.041016 0.000000 0.998632 0.000000 0.052280 0.545404 0.545404 0.545404
2595.446045 0.000000 2742.144775 0.000000 0.711702 0.000000 0.702482 0.499734 0.499734 0.499734
2600.777588 0.000000 2744.729248 0.000000 0.306708 0.000000 -0.951804 0.805866 0.805866 0.805866
2607.152588 0.000000 2746.837158 0.000000 0.997524 0.000000 -0.070333 0.558602 0.558602 0.558602
2595.070557 0.000000 2737.057617 0.000000 0.753633 0.000000 -0.657296 0.710526 0.710526 0.710526
2593.668213 0.000000 2735.106934 0.000000 0.998655 0.000000 0.051849 0.538105 0.538105 0.538105
2604.533203 0.000000 2747.599365 0.000000 0.994468 0.000000 -0.105041 0.559392 0.559392 0.559392
2662.241943 0.000000 2716.991699 0.000000 0.940225 0.000000 0.340555 0.515167 0.515167 0.515167
2591.729980 0.000000 2735.676025 0.000000 0.771723 0.000000 -0.635958 0.650319 0.650319 0.650319
2594.632568 0.000000 2740.527344 0.000000 0.986003 0.000000 -0.166730 0.575761 0.575761 0.575761
2596.389160 0.000000 2740.699707 0.000000 0.710497 0.000000 -0.703700 0.736499 0.736499 0.736499
2599.812012 0.000000 2743.378662 0.000000 0.711927 0.000000 0.702253 0.413163 0.413163 0.413163
2604.380371 0.000000 2744.190430 0.000000 0.825117 0.000000 -0.564962 0.681903 0.681903 0.681903
2597.297363 0.000000 2741.938477 0.000000 0.470618 0.000000 0.882337 0.291774 0.291774 0.291774
2601.255127 0.000000 2743.371094 0.000000 0.928781 0.000000 0.370628 0.483789 0.483789 0.483789
2597.211182 0.000000 2739.512939 0.000000 0.728671 0.000000 -0.684864 0.707455 0.707455 0.707455
2594.678711 0.000000 2738.307129 0.000000 0.492739 0.000000 -0.870177 0.794947 0.794947 0.794947
2602.242432 0.000000 2744.060059 0.000000 0.381334 0.000000 0.924438 0.230928 0.230928 0.230928
2602.295166 0.000000 2745.970215 0.000000 0.064933 0.000000 0.997890 0.142675 0.142675 0.142675
2666.979492 0.000000 2704.313721 0.000000 0.081546 0.000000 0.996670 0.457985 0.457985 0.457985
2663.972412 0.000000 2733.622070 0.000000 0.924957 0.000000 0.380072 0.538758 0.538758 0.538758
2680.591553 0.000000 2722.996094 0.000000 0.409522 0.000000 0.912300 0.453772 0.453772 0.453772
2672.632568 0.000000 2715.167480 0.000000 0.721018 0.000000 -0.692917 0.589944 0.589944 0.589944
2675.770020 0.000000 2719.972656 0.000000 0.029325 0.000000 0.999570 0.520368 0.520368 0.520368
2664.295410 0.000000 2708.295898 0.000000 0.090899 0.000000 0.995860 0.306175 0.306175 0.306175
2680.525879 0.000000 2726.911621 0.000000 0.320299 0.000000 -0.947316 0.584183 0.584183 0.584183
2679.248047 0.000000 2718.788330 0.000000 0.244596 0.000000 -0.969625 0.664507 0.664507 0.664507
2664.915527 0.000000 2711.132812 0.000000 0.498373 0.000000 -0.866963 0.796323 0.796323 0.796323
2669.873291 0.000000 2714.487793 0.000000 0.721829 0.000000 0.692071 0.509068 0.509068 0.509068
2678.940918 0.000000 2724.891113 0.000000 0.076026 0.000000 0.997106 0.383758 0.383758 0.383758
2678.756592 0.000000 2721.252686 0.000000 0.804418 0.000000 -0.594064 0.623368 0.623368 0.623368
2680.898926 0.000000 2720.378906 0.000000 0.536562 0.000000 0.843861 0.463111 0.463111 0.463111
2668.880859 0.000000 2705.925049 0.000000 0.970159 0.000000 -0.242470 0.570177 0.570177 0.570177
2665.640381 0.000000 2706.733643 0.000000 0.959043 0.000000 0.283262 0.510960 0.510960 0.510960
2665.437500 0.000000 2712.862061 0.000000 0.896133 0.000000 -0.443786 0.683852 0.683852 0.683852
2672.539795 0.000000 2717.014893 0.000000 0.835744 0.000000 -0.549119 0.614654 0.614654 0.614654
2665.944092 0.000000 2721.678955 0.000000 0.993963 0.000000 -0.109712 0.569473 0.569473 0.569473
2664.175049 0.000000 2715.869141 0.000000 0.867060 0.000000 0.498203 0.395321 0.395321 0.395321
2665.291748 0.000000 2716.893311 0.000000 0.605861 0.000000 -0.795570 0.806426 0.806426 0.806426
2664.804688 0.000000 2709.674072 0.000000 0.938297 0.000000 -0.345831 0.608185 0.608185 0.608185
2665.776855 0.000000 2708.275391 0.000000 0.789944 0.000000 -0.613178 0.658763 0.658763 0.658763
2665.016846 0.000000 2714.277832 0.000000 0.913420 0.000000 0.407019 0.425673 0.425673 0.425673
2674.705811 0.000000 2713.253174 0.000000 0.925289 0.000000 -0.379263 0.647747 0.647747 0.647747
2664.695068 0.000000 2718.193604 0.000000 0.274072 0.000000 -0.961709 0.880272 0.880272 0.880272
2645.948486 0.000000 2818.747070 0.000000 0.052296 0.000000 -0.998632 0.562510 0.562510 0.562510
2657.281738 0.000000 2794.187012 0.000000 0.775957 0.000000 0.630785 0.541565 0.541565 0.541565
2653.504883 0.000000 2805.988037 0.000000 0.716429 0.000000 -0.697660 0.579686 0.579686 0.579686
2649.786133 0.000000 2815.839844 0.000000 0.801888 0.000000 0.597474 0.524501 0.524501 0.524501
2652.743408 0.000000 2829.189697 0.000000 0.987268 0.000000 -0.159069 0.554606 0.554606 0.554606
2657.226562 0.000000 2804.216064 0.000000 0.318485 0.000000 0.947928 0.502070 0.502070 0.502070
2655.822266 0.000000 2801.074707 0.000000 0.965887 0.000000 -0.258963 0.567265 0.567265 0.567265
2649.112305 0.000000 2812.823975 0.000000 0.752315 0.000000 -0.658804 0.578640 0.578640 0.578640
2652.807617 0.000000 2808.806641 0.000000 0.726536 0.000000 -0.687129 0.584325 0.584325 0.584325
2651.385010 0.000000 2823.382080 0.000000 0.385583 0.000000 -0.922673 0.814587 0.814587 0.814587
2650.403320 0.000000 2810.650879 0.000000 0.940338 0.000000 -0.340243 0.576696 0.576696 0.576696
2654.839355 0.000000 2811.979004 0.000000 0.933725 0.000000 -0.357991 0.577649 0.577649 0.577649
2651.507568 0.000000 2814.327148 0.000000 0.878565 0.000000 0.477622 0.515130 0.515130 0.515130
2654.333984 0.000000 2797.908691 0.000000 0.827263 0.000000 0.561814 0.477914 0.477914 0.477914
2649.602051 0.000000 2832.782227 0.000000 0.654157 0.000000 -0.756359 0.624198 0.624198 0.624198
2655.162109 0.000000 2794.156006 0.000000 0.538612 0.000000 0.842554 0.456442 0.456442 0.456442
2652.365479 0.000000 2797.399658 0.000000 0.998601 0.000000 0.052884 0.541863 0.541863 0.541863
2650.923828 0.000000 2798.846436 0.000000 0.821749 0.000000 0.569849 0.469243 0.469243 0.469243
2655.713379 0.000000 2796.080322 0.000000 0.517477 0.000000 -0.855697 0.674083 0.674083 0.674083
2646.754639 0.000000 2787.134033 0.000000 0.724212 0.000000 -0.689577 0.638808 0.638808 0.638808
2651.915039 0.000000 2795.666016 0.000000 0.982477 0.000000 -0.186386 0.572397 0.572397 0.572397
2651.440674 0.000000 2786.911865 0.000000 0.952313 0.000000 0.305123 0.509553 0.509553 0.509553
2646.911133 0.000000 2828.488770 0.000000 0.951549 0.000000 -0.307496 0.605793 0.605793 0.605793
2648.526611 0.000000 2820.014893 0.000000 0.561983 0.000000 0.827149 0.322638 0.322638 0.322638
2648.227051 0.000000 2786.544922 0.000000 0.948134 0.000000 -0.317870 0.599747 0.599747 0.599747
2651.447266 0.000000 2826.501953 0.000000 0.407922 0.000000 -0.913017 0.793307 0.793307 0.793307
2650.076172 0.000000 2822.589844 0.000000 0.644986 0.000000 0.764195 0.354133 0.354133 0.354133
2651.294922 0.000000 2820.381836 0.000000 0.057230 0.000000 -0.998361 0.901222 0.901222 0.901222
2648.905273 0.000000 2826.231689 0.000000 0.906623 0.000000 0.421942 0.455499 0.455499 0.455499
2647.314453 0.000000 2826.834961 0.000000 0.417633 0.000000 0.908616 0.307382 0.307382 0.307382
2651.158203 0.000000 2821.821289 0.000000 0.939438 0.000000 -0.342719 0.631175 0.631175 0.631175
2832.652100 0.000000 2722.946289 0.000000 0.770424 0.000000 0.637532 0.475961 0.475961 0.475961
2847.193359 0.000000 2698.542236 0.000000 0.334366 0.000000 0.942443 0.543245 0.543245 0.543245
2838.015869 0.000000 2732.308350 0.000000 0.195859 0.000000 -0.980632 0.557545 0.557545 0.557545
2868.444580 0.000000 2715.984863 0.000000 0.003157 0.000000 -0.999995 0.621033 0.621033 0.621033
2840.349854 0.000000 2715.670898 0.000000 0.614682 0.000000 -0.788775 0.561231 0.561231 0.561231
2830.496826 0.000000 2716.298828 0.000000 0.951892 0.000000 -0.306433 0.553849 0.553849 0.553849
2858.941650 0.000000 2709.596191 0.000000 0.901582 0.000000 -0.432609 0.581944 0.581944 0.581944
2848.426514 0.000000 2756.156738 0.000000 0.956715 0.000000 0.291028 0.526482 0.526482 0.526482
2828.363037 0.000000 2727.035889 0.000000 0.537828 0.000000 0.843055 0.529343 0.529343 0.529343
2836.589355 0.000000 2719.444580 0.000000 0.122578 0.000000 0.992459 0.375045 0.375045 0.375045
2852.052979 0.000000 2700.873047 0.000000 0.651430 0.000000 0.758709 0.533442 0.533442 0.533442
2844.059326 0.000000 2747.367920 0.000000 0.535809 0.000000 -0.844339 0.625923 0.625923 0.625923
2857.324219 0.000000 2705.052979 0.000000 0.991751 0.000000 -0.128178 0.553177 0.553177 0.553177
2842.180908 0.000000 2751.258057 0.000000 0.561950 0.000000 0.827171 0.465739 0.465739 0.465739
2835.451660 0.000000 2715.136475 0.000000 0.983016 0.000000 0.183520 0.535048 0.535048 0.535048
2839.940430 0.000000 2722.016113 0.000000 0.802122 0.000000 0.597160 0.465643 0.465643 0.465643
2851.133545 0.000000 2761.034180 0.000000 0.743930 0.000000 -0.668258 0.617330 0.617330 0.617330
2860.299561 0.000000 2719.053955 0.000000 0.743861 0.000000 0.668334 0.521858 0.521858 0.521858
2849.737793 0.000000 2708.493408 0.000000 0.963521 0.000000 0.267632 0.539955 0.539955 0.539955
2828.892578 0.000000 2723.362793 0.000000 0.192629 0.000000 0.981272 0.493279 0.493279 0.493279
2830.468750 0.000000 2720.047119 0.000000 0.213755 0.000000 -0.976887 0.611415 0.611415 0.611415
2839.427246 0.000000 2728.989746 0.000000 0.156800 0.000000 -0.987630 0.660618 0.660618 0.660618
2837.767090 0.000000 2712.328613 0.000000 0.996023 0.000000 -0.089093 0.556492 0.556492 0.556492
2841.816895 0.000000 2725.000244 0.000000 0.263690 0.000000 0.964607 0.464058 0.464058 0.464058
2867.482910 0.000000 2706.985107 0.000000 0.091930 0.000000 0.995766 0.497208 0.497208 0.497208
2833.401611 0.000000 2718.271484 0.000000 0.996579 0.000000 0.082646 0.544774 0.544774 0.544774
2848.802979 0.000000 2701.439453 0.000000 0.957056 0.000000 0.289903 0.537884 0.537884 0.537884
2850.927490 0.000000 2705.464844 0.000000 0.512937 0.000000 0.858426 0.463544 0.463544 0.463544
2836.267578 0.000000 2728.915527 0.000000 0.031943 0.000000 -0.999490 0.735943 0.735943 0.735943
2831.068604 0.000000 2725.509033 0.000000 0.542776 0.000000 -0.839877 0.611608 0.611608 0.611608
2839.673096 0.000000 2718.569092 0.000000 0.998848 0.000000 -0.047991 0.554153 0.554153 0.554153
2866.151123 0.000000 2709.598389 0.000000 0.979216 0.000000 0.202819 0.541306 0.541306 0.541306
2848.812988 0.000000 2759.293213 0.000000 0.704380 0.000000 -0.709824 0.608521 0.608521 0.608521
2844.915039 0.000000 2750.393066 0.000000 0.972940 0.000000 0.231057 0.526949 0.526949 0.526949
2837.574707 0.000000 2716.853760 0.000000 0.916751 0.000000 0.399459 0.511067 0.511067 0.511067
2855.673828 0.000000 2764.861816 0.000000 0.644366 0.000000 -0.764717 0.633680 0.633680 0.633680
2850.727783 0.000000 2703.002441 0.000000 0.931777 0.000000 -0.363032 0.578057 0.578057 0.578057
2846.521484 0.000000 2702.464844 0.000000 0.980885 0.000000 0.194590 0.533866 0.533866 0.533866
2847.775635 0.000000 2753.750000 0.000000 0.638083 0.000000 -0.769968 0.628433 0.628433 0.628433
2845.691406 0.000000 2705.157959 0.000000 0.245397 0.000000 -0.969423 0.651720 0.651720 0.651720
2855.243408 0.000000 2705.905273 0.000000 0.685443 0.000000 -0.728126 0.612713 0.612713 0.612713
2836.136230 0.000000 2726.730957 0.000000 0.008519 0.000000 -0.999964 0.839597 0.839597 0.839597
2835.525879 0.000000 2717.501953 0.000000 0.993118 0.000000 0.117122 0.539361 0.539361 0.539361
2839.753174 0.000000 2724.332764 0.000000 0.979939 0.000000 -0.199298 0.580581 0.580581 0.580581
2852.366699 0.000000 2762.809082 0.000000 0.271243 0.000000 0.962511 0.395167 0.395167 0.395167
2846.407471 0.000000 2755.677979 0.000000 0.833504 0.000000 0.552513 0.489716 0.489716 0.489716
2838.114746 0.000000 2723.288330 0.000000 0.833496 0.000000 0.552526 0.472835 0.472835 0.472835
2837.907715 0.000000 2727.586426 0.000000 0.271792 0.000000 0.962356 0.309847 0.309847 0.309847
2836.322754 0.000000 2724.427734 0.000000 0.956263 0.000000 -0.292510 0.615217 0.615217 0.615217
2844.387695 0.000000 2752.261719 0.000000 0.846562 0.000000 0.532291 0.445181 0.445181 0.445181
2832.848389 0.000000 2725.749756 0.000000 0.748389 0.000000 0.663260 0.466359 0.466359 0.466359
2834.911377 0.000000 2727.909912 0.000000 0.942056 0.000000 -0.335456 0.607776 0.607776 0.607776
2834.058594 0.000000 2726.593506 0.000000 0.790773 0.000000 -0.612109 0.661253 0.661253 0.661253
2861.925049 0.000000 2818.747070 0.000000 0.372684 0.000000 -0.927958 0.634889 0.634889 0.634889
2866.168945 0.000000 2825.625732 0.000000 0.633122 0.000000 0.774052 0.469778 0.469778 0.469778
2870.447510 0.000000 2818.893066 0.000000 0.823404 0.000000 0.567456 0.538400 0.538400 0.538400
2862.098877 0.000000 2811.666016 0.000000 0.483507 0.000000 -0.875341 0.567567 0.567567 0.567567
2869.481445 0.000000 2805.988037 0.000000 0.680995 0.000000 -0.732288 0.644772 0.644772 0.644772
2879.135254 0.000000 2804.090820 0.000000 0.730426 0.000000 -0.682992 0.596457 0.596457 0.596457
2876.619873 0.000000 2820.180664 0.000000 0.911998 0.000000 -0.410195 0.562768 0.562768 0.562768
2865.991943 0.000000 2821.100098 0.000000 0.388141 0.000000 -0.921600 0.656229 0.656229 0.656229
2862.460449 0.000000 2823.620605 0.000000 0.168717 0.000000 -0.985664 0.653901 0.653901 0.653901
2860.299561 0.000000 2815.038330 0.000000 0.862513 0.000000 0.506034 0.504102 0.504102 0.504102
2874.280029 0.000000 2817.175293 0.000000 0.527958 0.000000 -0.849270 0.608512 0.608512 0.608512
2869.502930 0.000000 2815.451660 0.000000 0.980929 0.000000 0.194368 0.532273 0.532273 0.532273
2876.184082 0.000000 2804.756104 0.000000 0.528653 0.000000 -0.848838 0.662754 0.662754 0.662754
2865.088867 0.000000 2812.823975 0.000000 0.496334 0.000000 0.868131 0.454715 0.454715 0.454715
2863.072021 0.000000 2815.333740 0.000000 0.998104 0.000000 0.061550 0.544419 0.544419 0.544419
2863.231934 0.000000 2821.062744 0.000000 0.737549 0.000000 0.675293 0.490958 0.490958 0.490958
2864.746338 0.000000 2818.448486 0.000000 0.158448 0.000000 0.987367 0.422067 0.422067 0.422067
2867.361572 0.000000 2823.382080 0.000000 0.438445 0.000000 -0.898758 0.651221 0.651221 0.651221
2866.379883 0.000000 2810.650879 0.000000 0.316542 0.000000 0.948578 0.471128 0.471128 0.471128
2864.831299 0.000000 2823.629150 0.000000 0.994617 0.000000 -0.103622 0.559408 0.559408 0.559408
2867.484131 0.000000 2814.327148 0.000000 0.937984 0.000000 -0.346680 0.582084 0.582084 0.582084
2868.053223 0.000000 2804.741699 0.000000 0.405304 0.000000 0.914182 0.416956 0.416956 0.416956
2877.875732 0.000000 2805.389648 0.000000 0.692660 0.000000 0.721264 0.460397 0.460397 0.460397
2883.197510 0.000000 2407.473389 0.000000 0.352555 0.000000 -0.935791 0.810955 0.810955 0.810955
2888.319580 0.000000 2414.831787 0.000000 0.271211 0.000000 0.962520 0.517965 0.517965 0.517965
2881.070801 0.000000 2411.793457 0.000000 0.095669 0.000000 0.995413 0.505443 0.505443 0.505443
2880.271973 0.000000 2420.342773 0.000000 0.562150 0.000000 0.827035 0.475120 0.475120 0.475120
2879.726562 0.000000 2404.586182 0.000000 0.538774 0.000000 0.842451 0.515610 0.515610 0.515610
2885.339600 0.000000 2411.684326 0.000000 0.873999 0.000000 -0.485929 0.599469 0.599469 0.599469
2887.398682 0.000000 2406.632080 0.000000 0.794749 0.000000 0.606938 0.531194 0.531194 0.531194
2890.388184 0.000000 2417.161377 0.000000 0.999381 0.000000 -0.035173 0.553526 0.553526 0.553526
2883.356201 0.000000 2419.632812 0.000000 0.338642 0.000000 -0.940915 0.644220 0.644220 0.644220
2883.092529 0.000000 2410.174316 0.000000 0.718904 0.000000 -0.695109 0.641813 0.641813 0.641813
2884.912354 0.000000 2405.623047 0.000000 0.185427 0.000000 0.982658 0.456862 0.456862 0.456862
2882.552002 0.000000 2405.163574 0.000000 0.644723 0.000000 0.764416 0.463976 0.463976 0.463976
2889.814697 0.000000 2422.658447 0.000000 0.434400 0.000000 -0.900720 0.683965 0.683965 0.683965
2890.506836 0.000000 2415.026123 0.000000 0.086496 0.000000 -0.996252 0.733415 0.733415 0.733415
2881.616943 0.000000 2418.780518 0.000000 0.040993 0.000000 0.999159 0.331542 0.331542 0.331542
2885.081543 0.000000 2409.768066 0.000000 0.972910 0.000000 -0.231185 0.585878 0.585878 0.585878
2881.152588 0.000000 2416.302734 0.000000 0.188468 0.000000 0.982079 0.307245 0.307245 0.307245
2883.333496 0.000000 2411.883057 0.000000 0.747902 0.000000 0.663809 0.463284 0.463284 0.463284
2884.478760 0.000000 2406.942871 0.000000 0.021071 0.000000 0.999778 0.232939 0.232939 0.232939
2885.870850 0.000000 2406.820557 0.000000 0.898020 0.000000 0.439954 0.456799 0.456799 0.456799
2882.325684 0.000000 2406.497559 0.000000 0.654589 0.000000 0.755985 0.365217 0.365217 0.365217
2949.459961 0.000000 2526.906250 0.000000 0.261336 0.000000 -0.965248 0.591258 0.591258 0.591258
2936.004395 0.000000 2515.656494 0.000000 0.534443 0.000000 -0.845204 0.570740 0.570740 0.570740
2938.316895 0.000000 2505.476074 0.000000 0.939242 0.000000 -0.343256 0.556254 0.556254 0.556254
2946.286133 0.000000 2536.955566 0.000000 0.898665 0.000000 -0.438636 0.557482 0.557482 0.557482
2927.986572 0.000000 2522.416992 0.000000 0.144933 0.000000 -0.989442 0.581314 0.581314 0.581314
2947.058838 0.000000 2519.856445 0.000000 0.822823 0.000000 0.568297 0.530911 0.530911 0.530911
2942.439697 0.000000 2530.939941 0.000000 0.816493 0.000000 0.577355 0.533098 0.533098 0.533098
2935.152100 0.000000 2501.070312 0.000000 0.811870 0.000000 -0.583839 0.569689 0.569689 0.569689
2934.578369 0.000000 2510.381592 0.000000 0.648081 0.000000 0.761571 0.522659 0.522659 0.522659
2930.933838 0.000000 2517.627441 0.000000 0.920302 0.000000 -0.391208 0.562694 0.562694 0.562694
2944.887451 0.000000 2525.691895 0.000000 0.960293 0.000000 -0.278994 0.558541 0.558541 0.558541
2949.704102 0.000000 2540.761230 0.000000 0.694604 0.000000 0.719393 0.524643 0.524643 0.524643
2951.638428 0.000000 2548.588379 0.000000 0.329330 0.000000 0.944215 0.510991 0.510991 0.510991
2948.664062 0.000000 2552.113525 0.000000 0.855985 0.000000 0.517000 0.532841 0.532841 0.532841
2949.986328 0.000000 2545.126465 0.000000 0.217277 0.000000 0.976110 0.512878 0.512878 0.512878
2946.272217 0.000000 2529.222168 0.000000 0.608230 0.000000 0.793760 0.521041 0.521041 0.521041
2927.082031 0.000000 2518.789062 0.000000 0.072765 0.000000 0.997349 0.502692 0.502692 0.502692
2934.525635 0.000000 2506.232422 0.000000 0.936689 0.000000 0.350161 0.538702 0.538702 0.538702
2932.908936 0.000000 2513.648682 0.000000 0.419962 0.000000 -0.907542 0.585920 0.585920 0.585920
2945.117432 0.000000 2533.474365 0.000000 0.864728 0.000000 0.502241 0.533382 0.533382 0.533382
2951.941162 0.000000 2541.653320 0.000000 0.385076 0.000000 -0.922885 0.587124 0.587124 0.587124
2951.793945 0.000000 2521.954590 0.000000 0.953411 0.000000 0.301674 0.547055 0.547055 0.547055
2959.992188 0.000000 2542.952637 0.000000 0.687562 0.000000 -0.726126 0.575665 0.575665 0.575665
2960.303223 0.000000 2536.265381 0.000000 0.845174 0.000000 -0.534491 0.567809 0.567809 0.567809
2955.854248 0.000000 2547.130127 0.000000 0.085062 0.000000 0.996376 0.503082 0.503082 0.503082
2955.768555 0.000000 2538.381592 0.000000 0.247471 0.000000 -0.968895 0.580829 0.580829 0.580829
2956.618652 0.000000 2534.080811 0.000000 0.470985 0.000000 0.882141 0.515880 0.515880 0.515880
2955.795654 0.000000 2542.734863 0.000000 0.999925 0.000000 0.012259 0.549613 0.549613 0.549613
2961.795166 0.000000 2531.631592 0.000000 0.855753 0.000000 0.517384 0.535813 0.535813 0.535813
2952.764160 0.000000 2545.137695 0.000000 0.211173 0.000000 0.977449 0.507112 0.507112 0.507112
2952.774658 0.000000 2548.953613 0.000000 0.890126 0.000000 0.455715 0.535057 0.535057 0.535057
2959.267822 0.000000 2539.518311 0.000000 0.990412 0.000000 -0.138146 0.554377 0.554377 0.554377
3227.606934 0.000000 2353.217285 0.000000 0.997831 0.000000 -0.065831 0.551447 0.551447 0.551447
3184.438965 0.000000 2376.070312 0.000000 0.946225 0.000000 -0.323510 0.566737 0.566737 0.566737
3208.581543 0.000000 2396.122070 0.000000 0.896097 0.000000 -0.443858 0.556946 0.556946 0.556946
3200.490479 0.000000 2391.662354 0.000000 0.136724 0.000000 -0.990609 0.595276 0.595276 0.595276
3192.771729 0.000000 2372.946289 0.000000 0.643003 0.000000 0.765864 0.544011 0.544011 0.544011
3236.030518 0.000000 2377.065918 0.000000 0.463543 0.000000 0.886074 0.535050 0.535050 0.535050
3207.031250 0.000000 2377.601318 0.000000 0.928304 0.000000 -0.371822 0.571448 0.571448 0.571448
3215.270996 0.000000 2397.137695 0.000000 0.563953 0.000000 0.825807 0.519315 0.519315 0.519315
3180.274414 0.000000 2381.128662 0.000000 0.903075 0.000000 0.429482 0.535980 0.535980 0.535980
3195.607178 0.000000 2387.838623 0.000000 0.302457 0.000000 0.953163 0.461518 0.461518 0.461518
3232.813965 0.000000 2350.606445 0.000000 0.662753 0.000000 0.748838 0.493059 0.493059 0.493059
3203.574707 0.000000 2399.102295 0.000000 0.587800 0.000000 -0.809007 0.579764 0.579764 0.579764
3184.241699 0.000000 2370.366211 0.000000 0.527345 0.000000 0.849651 0.524905 0.524905 0.524905
3188.265381 0.000000 2373.563477 0.000000 0.817711 0.000000 0.575629 0.529787 0.529787 0.529787
3217.331055 0.000000 2366.501465 0.000000 0.698834 0.000000 -0.715283 0.565322 0.565322 0.565322
3228.680908 0.000000 2349.267822 0.000000 0.996560 0.000000 0.082874 0.547949 0.547949 0.547949
3173.365234 0.000000 2395.969971 0.000000 0.632026 0.000000 0.774947 0.525651 0.525651 0.525651
3212.245117 0.000000 2394.552002 0.000000 0.710565 0.000000 -0.703631 0.574649 0.574649 0.574649
3200.554199 0.000000 2396.291992 0.000000 0.903836 0.000000 0.427879 0.531180 0.531180 0.531180
3199.174316 0.000000 2379.836914 0.000000 0.450947 0.000000 0.892551 0.509109 0.509109 0.509109
3170.666016 0.000000 2398.284424 0.000000 0.935344 0.000000 -0.353739 0.567376 0.567376 0.567376
3230.999756 0.000000 2353.555176 0.000000 0.977680 0.000000 0.210101 0.531398 0.531398 0.531398
3182.030762 0.000000 2378.345947 0.000000 0.168593 0.000000 -0.985686 0.609652 0.609652 0.609652
3182.821045 0.000000 2373.178223 0.000000 0.763514 0.000000 -0.645791 0.577956 0.577956 0.577956
3232.870361 0.000000 2377.052734 0.000000 0.604044 0.000000 0.796951 0.443630 0.443630 0.443630
3233.965820 0.000000 2372.211914 0.000000 0.975146 0.000000 -0.221563 0.563805 0.563805 0.563805
3235.179932 0.000000 2374.549316 0.000000 0.371449 0.000000 0.928454 0.455210 0.455210 0.455210
3192.829346 0.000000 2386.835938 0.000000 0.637596 0.000000 0.770371 0.476340 0.476340 0.476340
3230.290771 0.000000 2351.190674 0.000000 0.982168 0.000000 -0.188008 0.566621 0.566621 0.566621
3204.125488 0.000000 2377.208984 0.000000 0.997575 0.000000 -0.069605 0.558800 0.558800 0.558800
3239.700195 0.000000 2383.805908 0.000000 0.998796 0.000000 0.049066 0.547641 0.547641 0.547641
3246.042725 0.000000 2337.999512 0.000000 0.363168 0.000000 0.931724 0.543414 0.543414 0.543414
3247.960938 0.000000 2350.983887 0.000000 0.933767 0.000000 -0.357881 0.554020 0.554020 0.554020
3244.497803 0.000000 2388.887695 0.000000 0.800619 0.000000 0.599174 0.512066 0.512066 0.512066
3248.271973 0.000000 2344.296631 0.000000 0.679845 0.000000 -0.733355 0.560174 0.560174 0.560174
3246.311768 0.000000 2383.036621 0.000000 0.926113 0.000000 0.377246 0.529817 0.529817 0.529817
3246.034668 0.000000 2359.354248 0.000000 0.989505 0.000000 -0.144497 0.553186 0.553186 0.553186
3248.452881 0.000000 2354.974854 0.000000 0.745319 0.000000 -0.666708 0.577056 0.577056 0.577056
3246.807129 0.000000 2362.603760 0.000000 0.944203 0.000000 0.329363 0.531566 0.531566 0.531566
3247.193359 0.000000 2340.899414 0.000000 0.587799 0.000000 -0.809007 0.632822 0.632822 0.632822
3250.165039 0.000000 2380.260742 0.000000 0.816946 0.000000 0.576714 0.476568 0.476568 0.476568
3248.662842 0.000000 2384.594971 0.000000 0.953536 0.000000 -0.301280 0.583197 0.583197 0.583197
3247.038330 0.000000 2384.474121 0.000000 0.818677 0.000000 0.574255 0.446690 0.446690 0.446690
3198.167969 0.000000 2399.919922 0.000000 0.914970 0.000000 -0.403522 0.557985 0.557985 0.557985
3207.154297 0.000000 2410.589111 0.000000 0.492507 0.000000 0.870308 0.499258 0.499258 0.499258
3226.285645 0.000000 2409.491699 0.000000 0.185140 0.000000 -0.982712 0.561407 0.561407 0.561407
3208.984375 0.000000 2400.015381 0.000000 0.676143 0.000000 -0.736771 0.573884 0.573884 0.573884
3200.922852 0.000000 2418.025635 0.000000 0.016583 0.000000 0.999862 0.500916 0.500916 0.500916
3211.835938 0.000000 2406.050537 0.000000 0.045277 0.000000 0.998974 0.482971 0.482971 0.482971
3223.120850 0.000000 2405.085938 0.000000 0.411574 0.000000 0.911376 0.527958 0.527958 0.527958
3222.547119 0.000000 2414.397217 0.000000 0.795067 0.000000 0.606522 0.540157 0.540157 0.540157
3212.013916 0.000000 2412.919922 0.000000 0.928605 0.000000 -0.371070 0.556264 0.556264 0.556264
3196.418213 0.000000 2405.611572 0.000000 0.965509 0.000000 -0.260369 0.557957 0.557957 0.557957
3219.287109 0.000000 2408.120605 0.000000 0.754568 0.000000 -0.656222 0.574572 0.574572 0.574572
3213.962158 0.000000 2400.094727 0.000000 0.945241 0.000000 -0.326374 0.560500 0.560500 0.560500
3217.285156 0.000000 2417.099854 0.000000 0.019846 0.000000 0.999803 0.501019 0.501019 0.501019
3197.292969 0.000000 2415.760498 0.000000 0.508956 0.000000 0.860792 0.524374 0.524374 0.524374
3172.475586 0.000000 2403.175293 0.000000 0.910114 0.000000 0.414358 0.520668 0.520668 0.520668
3214.921875 0.000000 2409.051025 0.000000 0.642182 0.000000 -0.766552 0.576386 0.576386 0.576386
3222.494385 0.000000 2410.248047 0.000000 0.999864 0.000000 -0.016516 0.552268 0.552268 0.552268
3210.100342 0.000000 2403.197021 0.000000 0.996682 0.000000 0.081390 0.545077 0.545077 0.545077
3214.424316 0.000000 2403.809326 0.000000 0.970064 0.000000 0.242848 0.542253 0.542253 0.542253
3219.532471 0.000000 2415.064453 0.000000 0.085433 0.000000 0.996344 0.429675 0.429675 0.429675
3208.443359 0.000000 2407.822021 0.000000 0.837485 0.000000 0.546460 0.492050 0.492050 0.492050
3171.401611 0.000000 2400.631348 0.000000 0.624653 0.000000 -0.780902 0.632440 0.632440 0.632440
3216.041992 0.000000 2414.803711 0.000000 0.620518 0.000000 0.784192 0.495541 0.495541 0.495541
3209.440918 0.000000 2405.652588 0.000000 0.999825 0.000000 0.018723 0.547763 0.547763 0.547763
3206.193115 0.000000 2407.908203 0.000000 0.638239 0.000000 0.769839 0.440218 0.440218 0.440218
3204.478271 0.000000 2406.678711 0.000000 0.228090 0.000000 0.973640 0.411933 0.411933 0.411933
3216.341553 0.000000 2410.757568 0.000000 0.594677 0.000000 0.803964 0.452539 0.452539 0.452539
3204.890869 0.000000 2402.815918 0.000000 0.119482 0.000000 -0.992836 0.689469 0.689469 0.689469
2881.376709 0.000000 2778.975342 0.000000 0.996988 0.000000 0.077562 0.546695 0.546695 0.546695
2907.638428 0.000000 2771.776123 0.000000 0.842164 0.000000 -0.539222 0.571896 0.571896 0.571896
2904.489502 0.000000 2779.960205 0.000000 0.938900 0.000000 0.344189 0.536491 0.536491 0.536491
2910.217285 0.000000 2768.669434 0.000000 0.991304 0.000000 0.131589 0.544020 0.544020 0.544020
2911.205566 0.000000 2763.774414 0.000000 0.894076 0.000000 0.447916 0.520027 0.520027 0.520027
2885.672852 0.000000 2782.623535 0.000000 0.835433 0.000000 0.549593 0.488479 0.488479 0.488479
2880.789551 0.000000 2784.160400 0.000000 0.788826 0.000000 -0.614616 0.610893 0.610893 0.610893
2903.121826 0.000000 2788.685059 0.000000 0.809951 0.000000 -0.586498 0.574956 0.574956 0.574956
2897.014648 0.000000 2791.677490 0.000000 0.444542 0.000000 0.895758 0.522562 0.522562 0.522562
2883.776367 0.000000 2826.334717 0.000000 0.840596 0.000000 0.541662 0.529564 0.529564 0.529564
2883.680908 0.000000 2812.691406 0.000000 0.999945 0.000000 0.010511 0.549625 0.549625 0.549625
2884.506836 0.000000 2787.112793 0.000000 0.253105 0.000000 -0.967439 0.678191 0.678191 0.678191
2884.626465 0.000000 2822.033936 0.000000 0.993130 0.000000 -0.117014 0.559662 0.559662 0.559662
2897.928955 0.000000 2788.093018 0.000000 0.857630 0.000000 -0.514267 0.567800 0.567800 0.567800
2887.275635 0.000000 2827.471436 0.000000 0.999054 0.000000 -0.043488 0.552688 0.552688 0.552688
2883.249268 0.000000 2809.216553 0.000000 0.999967 0.000000 0.008115 0.548830 0.548830 0.548830
2883.639160 0.000000 2815.870850 0.000000 0.730962 0.000000 0.682418 0.499467 0.499467 0.499467
2881.801514 0.000000 2786.790527 0.000000 0.397881 0.000000 0.917437 0.478226 0.478226 0.478226
2882.552002 0.000000 2789.101074 0.000000 0.692684 0.000000 -0.721241 0.631856 0.631856 0.631856
2882.295654 0.000000 2810.203369 0.000000 0.989445 0.000000 -0.144910 0.580351 0.580351 0.580351
2882.972900 0.000000 2811.562500 0.000000 0.261229 0.000000 0.965277 0.277318 0.277318 0.277318
3178.435547 0.000000 2742.722900 0.000000 0.602693 0.000000 -0.797973 0.572836 0.572836 0.572836
3192.613037 0.000000 2722.946289 0.000000 0.993625 0.000000 0.112737 0.547363 0.547363 0.547363
3184.438965 0.000000 2760.007812 0.000000 0.082557 0.000000 -0.996586 0.576564 0.576564 0.576564
3182.991211 0.000000 2730.813477 0.000000 0.988914 0.000000 0.148490 0.549181 0.549181 0.549181
3179.565918 0.000000 2771.785645 0.000000 0.945264 0.000000 -0.326306 0.561410 0.561410 0.561410
3184.002441 0.000000 2714.990967 0.000000 0.579590 0.000000 0.814909 0.543460 0.543460 0.543460
3187.400879 0.000000 2749.875732 0.000000 0.131402 0.000000 -0.991329 0.575687 0.575687 0.575687
3174.625244 0.000000 2760.777832 0.000000 0.956136 0.000000 0.292924 0.546326 0.546326 0.546326
3178.312988 0.000000 2752.151611 0.000000 0.691234 0.000000 0.722631 0.537802 0.537802 0.537802
3187.634521 0.000000 2768.236084 0.000000 0.034276 0.000000 0.999412 0.522573 0.522573 0.522573
3186.523438 0.000000 2738.378174 0.000000 0.250256 0.000000 -0.968180 0.580762 0.580762 0.580762
3184.536865 0.000000 2722.996094 0.000000 0.974281 0.000000 0.225337 0.548127 0.548127 0.548127
3172.505615 0.000000 2772.825195 0.000000 0.931868 0.000000 -0.362799 0.553569 0.553569 0.553569
3180.274414 0.000000 2765.066162 0.000000 0.592940 0.000000 -0.805247 0.582134 0.582134 0.582134
3184.532959 0.000000 2744.429443 0.000000 0.999094 0.000000 0.042560 0.548480 0.548480 0.548480
3179.565918 0.000000 2757.521484 0.000000 0.987511 0.000000 0.157553 0.547393 0.547393 0.547393
3188.323975 0.000000 2727.035889 0.000000 0.987947 0.000000 0.154796 0.547226 0.547226 0.547226
3194.011719 0.000000 2736.407471 0.000000 0.323957 0.000000 0.946072 0.531258 0.531258 0.531258
3182.321777 0.000000 2749.008545 0.000000 0.094368 0.000000 0.995537 0.507431 0.507431 0.507431
3182.975342 0.000000 2768.718018 0.000000 0.950746 0.000000 -0.309970 0.560386 0.560386 0.560386
3184.731201 0.000000 2764.562988 0.000000 0.323007 0.000000 0.946396 0.521011 0.521011 0.521011
3182.600342 0.000000 2740.395508 0.000000 0.196541 0.000000 -0.980496 0.591475 0.591475 0.591475
3190.544434 0.000000 2738.733154 0.000000 0.997050 0.000000 0.076755 0.548312 0.548312 0.548312
3190.338623 0.000000 2712.373779 0.000000 0.120240 0.000000 0.992745 0.500216 0.500216 0.500216
3181.155518 0.000000 2745.596680 0.000000 0.739160 0.000000 0.673530 0.526662 0.526662 0.526662
3178.876221 0.000000 2768.331055 0.000000 0.861279 0.000000 0.508132 0.530239 0.530239 0.530239
3192.069824 0.000000 2710.704102 0.000000 0.994282 0.000000 -0.106789 0.559990 0.559990 0.559990
3192.968018 0.000000 2712.360840 0.000000 0.181323 0.000000 0.983424 0.172512 0.172512 0.172512
3193.515381 0.000000 2713.368896 0.000000 0.664271 0.000000 -0.747492 0.779537 0.779537 0.779537
3292.610107 0.000000 2776.914795 0.000000 0.781710 0.000000 0.623642 0.477878 0.477878 0.477878
3298.566650 0.000000 2772.360107 0.000000 0.698391 0.000000 0.715717 0.437189 0.437189 0.437189
3287.263184 0.000000 2781.075195 0.000000 0.027795 0.000000 0.999614 0.297876 0.297876 0.297876
3292.599854 0.000000 2782.204346 0.000000 0.655905 0.000000 0.754843 0.522985 0.522985 0.522985
3293.514160 0.000000 2771.405273 0.000000 0.007467 0.000000 -0.999972 0.717436 0.717436 0.717436
3277.186768 0.000000 2773.875488 0.000000 0.355193 0.000000 -0.934793 0.662762 0.662762 0.662762
3296.890381 0.000000 2768.139160 0.000000 0.794491 0.000000 0.607276 0.522220 0.522220 0.522220
3284.237305 0.000000 2778.489502 0.000000 0.896093 0.000000 0.443867 0.535475 0.535475 0.535475
3300.918701 0.000000 2777.611572 0.000000 0.420725 0.000000 -0.907188 0.631151 0.631151 0.631151
3294.905273 0.000000 2779.591553 0.000000 0.971425 0.000000 0.237347 0.535193 0.535193 0.535193
3276.314941 0.000000 2768.392334 0.000000 0.510935 0.000000 0.859619 0.434939 0.434939 0.434939
3285.434326 0.000000 2774.052490 0.000000 0.832075 0.000000 -0.554663 0.614586 0.614586 0.614586
3301.786377 0.000000 2780.669922 0.000000 0.547256 0.000000 0.836965 0.449232 0.449232 0.449232
3287.399414 0.000000 2778.364746 0.000000 0.777748 0.000000 -0.628576 0.640533 0.640533 0.640533
3290.469238 0.000000 2765.830566 0.000000 0.998253 0.000000 -0.059091 0.553978 0.553978 0.553978
3290.092773 0.000000 2782.699707 0.000000 0.751255 0.000000 0.660013 0.505460 0.505460 0.505460
3296.152344 0.000000 2781.893555 0.000000 0.389051 0.000000 -0.921216 0.632017 0.632017 0.632017
3287.626953 0.000000 2764.861816 0.000000 0.747414 0.000000 0.664359 0.510090 0.510090 0.510090
3301.117676 0.000000 2772.471680 0.000000 0.227384 0.000000 -0.973805 0.627359 0.627359 0.627359
3285.750488 0.000000 2776.462891 0.000000 0.840063 0.000000 -0.542489 0.594878 0.594878 0.594878
3283.302490 0.000000 2766.456787 0.000000 0.228119 0.000000 -0.973633 0.715677 0.715677 0.715677
3279.036133 0.000000 2774.876953 0.000000 0.342343 0.000000 -0.939575 0.679136 0.679136 0.679136
3287.621582 0.000000 2783.084473 0.000000 0.656101 0.000000 -0.754673 0.659202 0.659202 0.659202
3277.368896 0.000000 2769.892334 0.000000 0.999144 0.000000 -0.041357 0.554601 0.554601 0.554601
3299.793701 0.000000 2773.374268 0.000000 0.947705 0.000000 -0.319148 0.595941 0.595941 0.595941
3291.279297 0.000000 2792.058105 0.000000 0.975891 0.000000 -0.218260 0.560574 0.560574 0.560574
3285.954346 0.000000 2784.032227 0.000000 0.672528 0.000000 -0.740072 0.623218 0.623218 0.623218
3292.822754 0.000000 2783.788818 0.000000 0.985492 0.000000 0.169724 0.544614 0.544614 0.544614
3289.517578 0.000000 2783.643311 0.000000 0.527523 0.000000 0.849541 0.502609 0.502609 0.502609
3290.361084 0.000000 2790.355225 0.000000 0.111913 0.000000 -0.993718 0.762304 0.762304 0.762304
3287.736328 0.000000 2783.845703 0.000000 0.946820 0.000000 -0.321763 0.591833 0.591833 0.591833
3876.335205 0.000000 1852.125244 0.000000 0.213499 0.000000 -0.976943 0.615150 0.615150 0.615150
3877.393555 0.000000 1855.607788 0.000000 0.811603 0.000000 0.584209 0.532866 0.532866 0.532866
3884.301270 0.000000 1834.651123 0.000000 0.945762 0.000000 -0.324861 0.569081 0.569081 0.569081
3950.785645 0.000000 1781.091309 0.000000 0.837653 0.000000 0.546203 0.532545 0.532545 0.532545
3945.874756 0.000000 1765.271851 0.000000 0.630000 0.000000 -0.776595 0.631808 0.631808 0.631808
3956.554688 0.000000 1784.238403 0.000000 0.462952 0.000000 -0.886384 0.581415 0.581415 0.581415
3948.026367 0.000000 1780.128540 0.000000 0.986810 0.000000 -0.161881 0.563842 0.563842 0.563842
3945.981934 0.000000 1774.916870 0.000000 0.478159 0.000000 0.878273 0.498470 0.498470 0.498470
3945.443115 0.000000 1779.782227 0.000000 0.086073 0.000000 0.996289 0.460305 0.460305 0.460305
3945.461426 0.000000 1776.953857 0.000000 0.918687 0.000000 0.394985 0.514317 0.514317 0.514317
3957.350586 0.000000 1855.015381 0.000000 0.171961 0.000000 0.985104 0.454022 0.454022 0.454022
3906.259277 0.000000 1839.549438 0.000000 0.527764 0.000000 -0.849391 0.554180 0.554180 0.554180
3912.534912 0.000000 1859.086914 0.000000 0.578537 0.000000 -0.815656 0.551310 0.551310 0.551310
3904.360840 0.000000 1896.148438 0.000000 0.999667 0.000000 0.025823 0.549468 0.549468 0.549468
3954.870850 0.000000 1840.673950 0.000000 0.890537 0.000000 0.454911 0.524709 0.524709 0.524709
3920.412354 0.000000 1911.740234 0.000000 0.796094 0.000000 -0.605173 0.553570 0.553570 0.553570
3904.458740 0.000000 1859.136475 0.000000 0.572833 0.000000 0.819672 0.538126 0.538126 0.538126
3954.949463 0.000000 1847.965698 0.000000 0.838647 0.000000 0.544676 0.505709 0.505709 0.505709
3953.141113 0.000000 1834.343140 0.000000 0.212496 0.000000 -0.977162 0.583531 0.583531 0.583531
3893.041748 0.000000 1885.436890 0.000000 0.964262 0.000000 -0.264949 0.568778 0.568778 0.568778
3891.752686 0.000000 1875.239258 0.000000 0.709235 0.000000 -0.704972 0.604789 0.604789 0.604789
3904.163574 0.000000 1890.444092 0.000000 0.317146 0.000000 0.948377 0.457458 0.457458 0.457458
3936.046143 0.000000 1912.020508 0.000000 0.031635 0.000000 0.999499 0.505618 0.505618 0.505618
3893.964355 0.000000 1879.432373 0.000000 0.954412 0.000000 -0.298491 0.560821 0.560821 0.560821
3892.397461 0.000000 1827.268921 0.000000 0.415171 0.000000 -0.909743 0.614329 0.614329 0.614329
3932.166992 0.000000 1914.630005 0.000000 0.919339 0.000000 0.393465 0.532786 0.532786 0.532786
3949.610352 0.000000 1835.928467 0.000000 0.146718 0.000000 0.989178 0.512861 0.512861 0.512861
3903.115234 0.000000 1854.928833 0.000000 0.331036 0.000000 0.943618 0.455160 0.455160 0.455160
3952.618164 0.000000 1837.928223 0.000000 0.952278 0.000000 -0.305232 0.567036 0.567036 0.567036
3923.257324 0.000000 1898.939453 0.000000 0.496805 0.000000 -0.867862 0.688525 0.688525 0.688525
3910.951416 0.000000 1861.649658 0.000000 0.955768 0.000000 0.294122 0.524585 0.524585 0.524585
3951.038330 0.000000 1827.431519 0.000000 0.815656 0.000000 -0.578537 0.596591 0.596591 0.596591
3955.407959 0.000000 1837.696533 0.000000 0.689922 0.000000 0.723884 0.478870 0.478870 0.478870
3909.844971 0.000000 1905.473999 0.000000 0.237982 0.000000 0.971269 0.475096 0.475096 0.475096
3950.077393 0.000000 1830.156250 0.000000 0.655618 0.000000 0.755093 0.484195 0.484195 0.484195
3956.641357 0.000000 1849.264038 0.000000 0.129615 0.000000 -0.991564 0.666725 0.666725 0.666725
3965.964600 0.000000 1858.077637 0.000000 0.955584 0.000000 -0.294719 0.563556 0.563556 0.563556
4000.495605 0.000000 1916.200073 0.000000 0.955573 0.000000 0.294755 0.547535 0.547535 0.547535
3959.684570 0.000000 1850.063721 0.000000 0.883940 0.000000 -0.467601 0.584742 0.584742 0.584742
3970.681396 0.000000 1844.452026 0.000000 0.240147 0.000000 -0.970737 0.586477 0.586477 0.586477
3976.450928 0.000000 1859.136475 0.000000 0.541802 0.000000 0.840506 0.458166 0.458166 0.458166
3973.177979 0.000000 1872.333984 0.000000 0.938945 0.000000 0.344066 0.525403 0.525403 0.525403
3995.488770 0.000000 1919.180420 0.000000 0.662428 0.000000 -0.749125 0.572091 0.572091 0.572091
3969.896729 0.000000 1883.475342 0.000000 0.177469 0.000000 -0.984126 0.586326 0.586326 0.586326
3980.179443 0.000000 1893.641602 0.000000 0.475209 0.000000 0.879873 0.487970 0.487970 0.487970
3992.468262 0.000000 1916.369873 0.000000 0.878751 0.000000 -0.477281 0.585526 0.585526 0.585526
3971.213135 0.000000 1848.295654 0.000000 0.236446 0.000000 -0.971645 0.593898 0.593898 0.593898
3973.069580 0.000000 1881.737183 0.000000 0.645250 0.000000 -0.763972 0.575071 0.575071 0.575071
4003.645020 0.000000 1918.391113 0.000000 0.999836 0.000000 -0.018091 0.551292 0.551292 0.551292
3962.197266 0.000000 1859.574829 0.000000 0.978482 0.000000 -0.206334 0.565695 0.565695 0.565695
3963.521973 0.000000 1856.027100 0.000000 0.975780 0.000000 -0.218752 0.564232 0.564232 0.564232
3977.076904 0.000000 1883.985962 0.000000 0.454877 0.000000 -0.890554 0.601287 0.601287 0.601287
3967.115234 0.000000 1860.977417 0.000000 0.861512 0.000000 -0.507737 0.571938 0.571938 0.571938
3982.119873 0.000000 1865.305054 0.000000 0.938493 0.000000 0.345297 0.520470 0.520470 0.520470
3978.437744 0.000000 1861.093628 0.000000 0.964374 0.000000 0.264544 0.531251 0.531251 0.531251
3992.716797 0.000000 1904.172241 0.000000 0.908977 0.000000 -0.416846 0.584243 0.584243 0.584243
3995.187744 0.000000 1912.059326 0.000000 0.652599 0.000000 -0.757703 0.596042 0.596042 0.596042
3975.004150 0.000000 1882.977661 0.000000 0.756069 0.000000 0.654492 0.496115 0.496115 0.496115
3927.076172 0.000000 1930.667114 0.000000 0.542901 0.000000 0.839797 0.543156 0.543156 0.543156
3946.207520 0.000000 1929.569702 0.000000 0.874443 0.000000 -0.485128 0.575038 0.575038 0.575038
3952.618164 0.000000 1933.912598 0.000000 0.660271 0.000000 -0.751027 0.602497 0.602497 0.602497
3949.530029 0.000000 1928.375488 0.000000 0.928687 0.000000 -0.370863 0.580780 0.580780 0.580780
3929.996582 0.000000 1931.815918 0.000000 0.830480 0.000000 -0.557048 0.602732 0.602732 0.602732
3990.082031 0.000000 1919.997925 0.000000 0.990340 0.000000 0.138664 0.544079 0.544079 0.544079
4018.199707 0.000000 1929.569702 0.000000 0.469744 0.000000 -0.882803 0.607931 0.607931 0.607931
4026.941650 0.000000 1943.950073 0.000000 0.834640 0.000000 -0.550795 0.570825 0.570825 0.570825
3998.703369 0.000000 1925.452881 0.000000 0.398777 0.000000 0.917048 0.463943 0.463943 0.463943
4005.876221 0.000000 1920.172729 0.000000 0.011050 0.000000 -0.999939 0.648518 0.648518 0.648518
4023.434570 0.000000 1945.770264 0.000000 0.003510 0.000000 -0.999994 0.595193 0.595193 0.595193
4010.188965 0.000000 2005.053345 0.000000 0.917323 0.000000 0.398144 0.535381 0.535381 0.535381
4006.338379 0.000000 1923.887329 0.000000 0.978818 0.000000 -0.204733 0.557361 0.557361 0.557361
4030.047852 0.000000 1943.350220 0.000000 0.529616 0.000000 0.848237 0.456839 0.456839 0.456839
4017.825928 0.000000 1926.496704 0.000000 0.486577 0.000000 -0.873638 0.608364 0.608364 0.608364
4008.313477 0.000000 1926.297607 0.000000 0.029161 0.000000 -0.999575 0.662191 0.662191 0.662191
3998.768555 0.000000 1922.337769 0.000000 0.851891 0.000000 -0.523719 0.582545 0.582545 0.582545
3997.534180 0.000000 1919.721191 0.000000 0.955050 0.000000 0.296446 0.532230 0.532230 0.532230
4025.571045 0.000000 2018.254272 0.000000 0.858298 0.000000 0.513152 0.536682 0.536682 0.536682
4031.175293 0.000000 2024.921143 0.000000 0.906907 0.000000 0.421330 0.520738 0.520738 0.520738
4024.504395 0.000000 2022.135864 0.000000 0.973534 0.000000 -0.228540 0.565514 0.565514 0.565514
4101.708984 0.000000 1980.172485 0.000000 0.190564 0.000000 -0.981675 0.591659 0.591659 0.591659
4099.330566 0.000000 1972.026489 0.000000 0.975247 0.000000 0.221117 0.546020 0.546020 0.546020
4095.913574 0.000000 1990.280273 0.000000 0.407416 0.000000 0.913243 0.500999 0.500999 0.500999
4100.656250 0.000000 1988.460205 0.000000 0.757397 0.000000 -0.652954 0.583216 0.583216 0.583216
4052.535645 0.000000 1974.484375 0.000000 0.246315 0.000000 -0.969190 0.677059 0.677059 0.677059
4050.165039 0.000000 1966.179810 0.000000 0.079733 0.000000 -0.996816 0.617560 0.617560 0.617560
4035.124268 0.000000 1945.357178 0.000000 0.075880 0.000000 0.997117 0.500738 0.500738 0.500738
4044.845459 0.000000 1955.105957 0.000000 0.525170 0.000000 -0.850998 0.593327 0.593327 0.593327
4032.767090 0.000000 1943.257812 0.000000 0.960871 0.000000 -0.276998 0.565801 0.565801 0.565801
4055.340576 0.000000 1975.278564 0.000000 0.970161 0.000000 -0.242461 0.574212 0.574212 0.574212
4097.872070 0.000000 1988.274292 0.000000 0.411258 0.000000 -0.911519 0.619295 0.619295 0.619295
4103.098633 0.000000 1987.502441 0.000000 0.938766 0.000000 -0.344556 0.575117 0.575117 0.575117
4046.792480 0.000000 1957.015991 0.000000 0.991616 0.000000 0.129218 0.539858 0.539858 0.539858
4102.740723 0.000000 1982.341553 0.000000 0.977981 0.000000 -0.208694 0.564145 0.564145 0.564145
4099.465332 0.000000 1974.592896 0.000000 0.204627 0.000000 -0.978840 0.679298 0.679298 0.679298
4103.750000 0.000000 1985.017456 0.000000 0.648305 0.000000 0.761381 0.478700 0.478700 0.478700
4103.704590 0.000000 1980.699341 0.000000 0.645468 0.000000 -0.763787 0.602512 0.602512 0.602512
4103.585938 0.000000 1987.486938 0.000000 0.526699 0.000000 -0.850052 0.622550 0.622550 0.622550
4098.854980 0.000000 2032.642700 0.000000 0.247196 0.000000 -0.968965 0.613486 0.613486 0.613486
4064.217041 0.000000 2043.780273 0.000000 0.705056 0.000000 0.709152 0.529434 0.529434 0.529434
4092.748779 0.000000 2031.662354 0.000000 0.916206 0.000000 0.400707 0.522827 0.522827 0.522827
4071.949219 0.000000 2053.735107 0.000000 0.511130 0.000000 -0.859503 0.567042 0.567042 0.567042
4077.451416 0.000000 2059.445557 0.000000 0.900041 0.000000 0.435806 0.540712 0.540712 0.540712
4032.945801 0.000000 2027.855835 0.000000 0.201866 0.000000 -0.979413 0.576289 0.576289 0.576289
4074.385498 0.000000 2056.953857 0.000000 0.911393 0.000000 -0.411536 0.580284 0.580284 0.580284
4100.684570 0.000000 2015.715576 0.000000 0.002513 0.000000 -0.999997 0.644750 0.644750 0.644750
4090.228760 0.000000 2029.035400 0.000000 0.991888 0.000000 -0.127115 0.555075 0.555075 0.555075
4102.542969 0.000000 2032.764038 0.000000 0.945630 0.000000 0.325245 0.539993 0.539993 0.539993
4031.690430 0.000000 2024.686768 0.000000 0.944241 0.000000 0.329254 0.527426 0.527426 0.527426
4102.040039 0.000000 2039.334595 0.000000 0.898482 0.000000 -0.439011 0.579955 0.579955 0.579955
4080.119629 0.000000 2058.912354 0.000000 0.755063 0.000000 0.655652 0.504836 0.504836 0.504836
4120.435059 0.000000 2051.105225 0.000000 0.515983 0.000000 0.856599 0.473729 0.473729 0.473729
4112.550781 0.000000 2018.607544 0.000000 0.988679 0.000000 0.150048 0.540280 0.540280 0.540280
4108.611816 0.000000 2038.281616 0.000000 0.991368 0.000000 0.131110 0.542959 0.542959 0.542959
4121.439941 0.000000 2069.600342 0.000000 0.237036 0.000000 -0.971501 0.599363 0.599363 0.599363
4122.421875 0.000000 2053.062500 0.000000 0.398022 0.000000 -0.917376 0.616980 0.616980 0.616980
4117.114746 0.000000 2070.978027 0.000000 0.944018 0.000000 -0.329893 0.579082 0.579082 0.579082
4112.613770 0.000000 2072.838623 0.000000 0.426980 0.000000 0.904261 0.486404 0.486404 0.486404
1247.454224 0.000000 3735.983154 0.000000 0.760747 0.000000 0.649048 0.495688 0.495688 0.495688
1230.836182 0.000000 3720.621582 0.000000 0.513868 0.000000 0.857869 0.470714 0.470714 0.470714
1243.845459 0.000000 3728.079834 0.000000 0.802272 0.000000 0.596959 0.513986 0.513986 0.513986
1228.716553 0.000000 3732.668945 0.000000 0.996120 0.000000 0.088004 0.543224 0.543224 0.543224
1230.530396 0.000000 3726.817871 0.000000 0.442875 0.000000 0.896583 0.501140 0.501140 0.501140
1241.918945 0.000000 3733.792969 0.000000 0.863874 0.000000 -0.503709 0.590591 0.590591 0.590591
1233.395630 0.000000 3737.071289 0.000000 0.834408 0.000000 0.551147 0.513130 0.513130 0.513130
1244.121338 0.000000 3739.368164 0.000000 0.692614 0.000000 0.721308 0.533406 0.533406 0.533406
1246.169678 0.000000 3731.820068 0.000000 0.692713 0.000000 -0.721213 0.600881 0.600881 0.600881
1237.752197 0.000000 3735.435059 0.000000 0.470877 0.000000 -0.882199 0.597477 0.597477 0.597477
1234.763916 0.000000 3721.297852 0.000000 0.800388 0.000000 -0.599483 0.599431 0.599431 0.599431
1231.980835 0.000000 3730.411865 0.000000 0.799155 0.000000 -0.601126 0.599589 0.599589 0.599589
1232.181641 0.000000 3723.696045 0.000000 0.930710 0.000000 -0.365758 0.578793 0.578793 0.578793
1232.801880 0.000000 3733.827881 0.000000 0.327170 0.000000 0.944965 0.454845 0.454845 0.454845
1238.241577 0.000000 3722.127197 0.000000 0.992165 0.000000 0.124935 0.541916 0.541916 0.541916
1238.881836 0.000000 3732.463135 0.000000 0.429383 0.000000 -0.903123 0.605709 0.605709 0.605709
1241.382202 0.000000 3737.120117 0.000000 0.868792 0.000000 -0.495177 0.579875 0.579875 0.579875
1241.597900 0.000000 3730.619141 0.000000 0.910459 0.000000 -0.413599 0.579860 0.579860 0.579860
1244.532959 0.000000 3735.429443 0.000000 0.962831 0.000000 -0.270106 0.571031 0.571031 0.571031
1230.910889 0.000000 3735.818848 0.000000 0.998091 0.000000 -0.061765 0.554752 0.554752 0.554752
1237.932495 0.000000 3719.401367 0.000000 0.137350 0.000000 -0.990523 0.644448 0.644448 0.644448
1233.185181 0.000000 3719.376465 0.000000 0.282755 0.000000 -0.959192 0.648742 0.648742 0.648742
1244.085815 0.000000 3730.505859 0.000000 0.544549 0.000000 -0.838729 0.626505 0.626505 0.626505
1244.138794 0.000000 3733.179443 0.000000 0.714935 0.000000 0.699191 0.490464 0.490464 0.490464
1240.055420 0.000000 3735.243652 0.000000 0.990688 0.000000 -0.136153 0.560502 0.560502 0.560502
1234.383667 0.000000 3724.041992 0.000000 0.535014 0.000000 -0.844843 0.627376 0.627376 0.627376
1230.924438 0.000000 3732.386719 0.000000 0.536248 0.000000 -0.844061 0.627264 0.627264 0.627264
1232.881592 0.000000 3728.376221 0.000000 0.714905 0.000000 -0.699222 0.609539 0.609539 0.609539
1246.201050 0.000000 3733.978271 0.000000 0.993229 0.000000 0.116171 0.541047 0.541047 0.541047
1243.517090 0.000000 3737.269287 0.000000 0.116082 0.000000 -0.993240 0.661838 0.661838 0.661838
1271.018921 0.000000 3802.806152 0.000000 0.069259 0.000000 0.997599 0.434546 0.434546 0.434546
1263.991943 0.000000 3806.426025 0.000000 0.345249 0.000000 -0.938511 0.566728 0.566728 0.566728
1269.559326 0.000000 3808.537598 0.000000 0.006068 0.000000 0.999982 0.504881 0.504881 0.504881
1266.791382 0.000000 3799.523926 0.000000 0.331814 0.000000 -0.943345 0.610928 0.610928 0.610928
1267.154297 0.000000 3803.732178 0.000000 0.598828 0.000000 0.800877 0.478584 0.478584 0.478584
1263.726929 0.000000 3801.747314 0.000000 0.704898 0.000000 -0.709309 0.569489 0.569489 0.569489
1269.687622 0.000000 3798.904053 0.000000 0.103662 0.000000 0.994613 0.477486 0.477486 0.477486
1269.965454 0.000000 3805.581787 0.000000 0.789968 0.000000 -0.613149 0.600753 0.600753 0.600753
1268.664062 0.000000 3801.302246 0.000000 0.158600 0.000000 0.987343 0.441463 0.441463 0.441463
1267.656372 0.000000 3806.722900 0.000000 0.305108 0.000000 -0.952318 0.646943 0.646943 0.646943
1264.883545 0.000000 3803.861084 0.000000 0.993752 0.000000 -0.111608 0.558600 0.558600 0.558600
1271.987549 0.000000 3804.840088 0.000000 0.914894 0.000000 0.403693 0.518047 0.518047 0.518047
1246.521729 0.000000 3935.331543 0.000000 0.835083 0.000000 -0.550124 0.605989 0.605989 0.605989
1251.818237 0.000000 3923.588623 0.000000 0.801540 0.000000 -0.597941 0.571122 0.571122 0.571122
1252.767212 0.000000 3932.200195 0.000000 0.577272 0.000000 -0.816552 0.564431 0.564431 0.564431
1252.306396 0.000000 3927.564209 0.000000 0.368298 0.000000 0.929708 0.502470 0.502470 0.502470
1250.458496 0.000000 3934.149414 0.000000 0.998454 0.000000 0.055591 0.547251 0.547251 0.547251
1291.697021 0.000000 3853.368652 0.000000 0.977914 0.000000 0.209007 0.529762 0.529762 0.529762
1246.314331 0.000000 3932.735107 0.000000 0.116804 0.000000 0.993155 0.470156 0.470156 0.470156
1290.144409 0.000000 3852.010254 0.000000 0.152057 0.000000 0.988372 0.413692 0.413692 0.413692
1292.833008 0.000000 3852.036621 0.000000 0.479520 0.000000 0.877531 0.255967 0.255967 0.255967
1293.045166 0.000000 3853.466797 0.000000 0.541820 0.000000 0.840495 0.275875 0.275875 0.275875
1211.330811 0.000000 4005.482666 0.000000 0.112288 0.000000 -0.993676 0.560012 0.560012 0.560012
1222.021729 0.000000 3995.844482 0.000000 0.941425 0.000000 -0.337221 0.552361 0.552361 0.552361
1218.232544 0.000000 4018.250732 0.000000 0.857582 0.000000 -0.514347 0.553709 0.553709 0.553709
1209.711548 0.000000 3995.064941 0.000000 0.657407 0.000000 0.753536 0.546485 0.546485 0.546485
1205.173462 0.000000 4014.123047 0.000000 0.271025 0.000000 -0.962572 0.558900 0.558900 0.558900
1220.249146 0.000000 4008.800293 0.000000 0.999981 0.000000 -0.006227 0.550043 0.550043 0.550043
1219.643066 0.000000 3987.698486 0.000000 0.849065 0.000000 0.528289 0.546179 0.546179 0.546179
1199.002075 0.000000 4019.102539 0.000000 0.316352 0.000000 0.948642 0.541426 0.541426 0.541426
1222.979492 0.000000 3973.104004 0.000000 0.568564 0.000000 -0.822639 0.618976 0.618976 0.618976
1247.454224 0.000000 4023.936279 0.000000 0.831848 0.000000 -0.555004 0.554039 0.554039 0.554039
1293.639648 0.000000 3966.671875 0.000000 0.962494 0.000000 0.271303 0.548114 0.548114 0.548114
1264.570679 0.000000 3980.178467 0.000000 0.974730 0.000000 0.223386 0.548453 0.548453 0.548453
1223.919067 0.000000 4015.540283 0.000000 0.994599 0.000000 -0.103791 0.550714 0.550714 0.550714
1248.823975 0.000000 3970.743164 0.000000 0.629571 0.000000 -0.776943 0.556109 0.556109 0.556109
1240.649902 0.000000 4007.804688 0.000000 0.998690 0.000000 0.051173 0.549649 0.549649 0.549649
1278.096924 0.000000 3970.559570 0.000000 0.971320 0.000000 -0.237776 0.551648 0.551648 0.551648
1294.013916 0.000000 3995.844482 0.000000 0.998545 0.000000 0.053916 0.549630 0.549630 0.549630
1224.062378 0.000000 4000.689453 0.000000 0.833375 0.000000 -0.552708 0.554021 0.554021 0.554021
1290.224731 0.000000 4018.250732 0.000000 0.983234 0.000000 0.182347 0.548741 0.548741 0.548741
1224.128662 0.000000 3981.418945 0.000000 0.999934 0.000000 -0.011452 0.550079 0.550079 0.550079
1239.202148 0.000000 3978.610352 0.000000 0.980443 0.000000 -0.196803 0.551360 0.551360 0.551360
1235.776733 0.000000 4019.582520 0.000000 0.070850 0.000000 0.997487 0.539703 0.539703 0.539703
1260.114868 0.000000 3969.727295 0.000000 0.975608 0.000000 -0.219518 0.551520 0.551520 0.551520
1290.465820 0.000000 3976.721191 0.000000 0.824648 0.000000 0.565647 0.545872 0.545872 0.545872
1254.187622 0.000000 3980.105225 0.000000 0.022053 0.000000 0.999757 0.539367 0.539367 0.539367
1277.165649 0.000000 4014.123047 0.000000 0.874385 0.000000 0.485232 0.546522 0.546522 0.546522
1274.834717 0.000000 3980.084961 0.000000 0.959868 0.000000 -0.280451 0.551952 0.551952 0.551952
1272.166260 0.000000 3962.182617 0.000000 0.986455 0.000000 0.164030 0.548869 0.548869 0.548869
1230.836182 0.000000 4008.574707 0.000000 0.959638 0.000000 0.281239 0.548043 0.548043 0.548043
1234.524048 0.000000 3999.948486 0.000000 0.967837 0.000000 0.251578 0.548254 0.548254 0.548254
1288.343628 0.000000 4027.048340 0.000000 0.313023 0.000000 -0.949745 0.558599 0.558599 0.558599
1256.701416 0.000000 4023.396729 0.000000 0.878198 0.000000 0.478296 0.546576 0.546576 0.546576
1269.520508 0.000000 3972.978516 0.000000 0.901821 0.000000 0.432110 0.546932 0.546932 0.546932
1243.845459 0.000000 4016.032959 0.000000 0.309458 0.000000 0.950913 0.541376 0.541376 0.541376
1242.734253 0.000000 3986.175049 0.000000 0.964616 0.000000 0.263657 0.548168 0.548168 0.548168
1291.635254 0.000000 3987.698486 0.000000 0.330065 0.000000 -0.943958 0.558475 0.558475 0.558475
1225.833496 0.000000 3992.430664 0.000000 0.026074 0.000000 -0.999660 0.560605 0.560605 0.560605
1232.179810 0.000000 3982.718262 0.000000 0.794225 0.000000 0.607624 0.545516 0.545516 0.545516
1269.523438 0.000000 3986.549072 0.000000 0.999180 0.000000 0.040485 0.549722 0.549722 0.549722
1240.747681 0.000000 3970.792969 0.000000 0.222113 0.000000 -0.975021 0.559247 0.559247 0.559247
1282.340820 0.000000 3977.438232 0.000000 0.187581 0.000000 -0.982249 0.559489 0.559489 0.559489
1246.607178 0.000000 3979.750244 0.000000 0.761436 0.000000 -0.648240 0.554842 0.554842 0.554842
1282.785278 0.000000 4020.156982 0.000000 0.858008 0.000000 -0.513637 0.553703 0.553703 0.553703
1223.936768 0.000000 3973.983887 0.000000 0.411043 0.000000 0.911616 0.468089 0.468089 0.468089
1277.295288 0.000000 3988.384521 0.000000 0.770585 0.000000 -0.637338 0.554744 0.554744 0.554744
1289.430054 0.000000 3945.999512 0.000000 0.994857 0.000000 0.101292 0.546099 0.546099 0.546099
1235.926147 0.000000 3967.769531 0.000000 0.996540 0.000000 -0.083118 0.554685 0.554685 0.554685
1224.788696 0.000000 3968.266602 0.000000 0.608980 0.000000 0.793186 0.518555 0.518555 0.518555
1246.169678 0.000000 4019.773193 0.000000 0.728409 0.000000 -0.685142 0.569692 0.569692 0.569692
1231.999756 0.000000 3966.557373 0.000000 0.049000 0.000000 -0.998799 0.646120 0.646120 0.646120
1239.404297 0.000000 3966.585205 0.000000 0.950683 0.000000 -0.310164 0.565156 0.565156 0.565156
1292.062866 0.000000 3943.262451 0.000000 0.293101 0.000000 -0.956082 0.597207 0.597207 0.597207
1226.494141 0.000000 3971.231201 0.000000 0.587117 0.000000 -0.809502 0.605696 0.605696 0.605696
1249.140503 0.000000 4021.238281 0.000000 0.696971 0.000000 0.717100 0.515963 0.515963 0.515963
1250.190430 0.000000 4025.421387 0.000000 0.045805 0.000000 0.998950 0.447397 0.447397 0.447397
1224.076660 0.000000 3971.498291 0.000000 0.030287 0.000000 -0.999541 0.662109 0.662109 0.662109
1244.138794 0.000000 4021.132568 0.000000 0.912380 0.000000 -0.409343 0.580691 0.580691 0.580691
1300.034058 0.000000 3890.911377 0.000000 0.375839 0.000000 0.926685 0.457215 0.457215 0.457215
1298.106934 0.000000 3893.453369 0.000000 0.951513 0.000000 -0.307608 0.614401 0.614401 0.614401
1295.911255 0.000000 4015.540283 0.000000 0.060947 0.000000 -0.998141 0.560366 0.560366 0.560366
1302.253662 0.000000 3969.733887 0.000000 0.952545 0.000000 -0.304398 0.552124 0.552124 0.552124
1348.821045 0.000000 4024.711670 0.000000 0.852632 0.000000 -0.522511 0.552265 0.552265 0.552265
1322.323853 0.000000 3989.571045 0.000000 0.999054 0.000000 -0.043482 0.550299 0.550299 0.550299
1335.430176 0.000000 4017.313477 0.000000 0.909225 0.000000 0.416305 0.547052 0.547052 0.547052
1311.194336 0.000000 3978.610352 0.000000 0.569904 0.000000 0.821711 0.543379 0.543379 0.543379
1307.768921 0.000000 4019.582520 0.000000 0.996948 0.000000 -0.078063 0.550536 0.550536 0.550536
1342.421265 0.000000 4006.439697 0.000000 0.301312 0.000000 0.953525 0.544790 0.544790 0.544790
1297.548706 0.000000 4026.772217 0.000000 0.133723 0.000000 -0.991019 0.559864 0.559864 0.559864
1333.361084 0.000000 3990.325195 0.000000 0.997784 0.000000 0.066533 0.549726 0.549726 0.549726
1336.784668 0.000000 4027.856445 0.000000 0.935889 0.000000 -0.352295 0.552472 0.552472 0.552472
1315.604126 0.000000 3997.672607 0.000000 0.956363 0.000000 -0.292181 0.552036 0.552036 0.552036
1328.693604 0.000000 4023.396729 0.000000 0.461615 0.000000 -0.887080 0.557490 0.557490 0.557490
1314.726440 0.000000 3986.175049 0.000000 0.863378 0.000000 0.504557 0.546369 0.546369 0.546369
1297.825684 0.000000 3992.430664 0.000000 0.997833 0.000000 -0.065798 0.550452 0.550452 0.550452
1304.171997 0.000000 3982.718262 0.000000 0.825352 0.000000 0.564618 0.545881 0.545881 0.545881
1327.036011 0.000000 3995.820557 0.000000 0.210808 0.000000 0.977527 0.540674 0.540674 0.540674
1335.984131 0.000000 3998.394775 0.000000 0.943444 0.000000 -0.331531 0.552320 0.552320 0.552320
1335.234375 0.000000 4009.335693 0.000000 0.557545 0.000000 0.830147 0.543276 0.543276 0.543276
1342.986450 0.000000 4019.102539 0.000000 0.860574 0.000000 -0.509325 0.553669 0.553669 0.553669
1318.599365 0.000000 3979.750244 0.000000 0.990330 0.000000 0.138735 0.549044 0.549044 0.549044
1295.928955 0.000000 3973.983887 0.000000 0.971881 0.000000 0.235473 0.548368 0.548368 0.548368
1299.369385 0.000000 3943.223389 0.000000 0.452168 0.000000 -0.891933 0.581765 0.581765 0.581765
1313.186401 0.000000 3943.489990 0.000000 0.991786 0.000000 -0.127907 0.554227 0.554227 0.554227
1303.570435 0.000000 3942.382080 0.000000 0.975599 0.000000 0.219562 0.541185 0.541185 0.541185
1211.825806 0.000000 4080.936035 0.000000 0.692163 0.000000 0.721741 0.544464 0.544464 0.544464
1208.191895 0.000000 4051.406494 0.000000 0.951624 0.000000 -0.307265 0.552144 0.552144 0.552144
1206.104736 0.000000 4066.543945 0.000000 0.577324 0.000000 -0.816516 0.556559 0.556559 0.556559
1218.473633 0.000000 4072.705566 0.000000 0.181498 0.000000 -0.983391 0.559531 0.559531 0.559531
1200.174072 0.000000 4058.166992 0.000000 0.713072 0.000000 0.701091 0.544666 0.544666 0.544666
1201.459839 0.000000 4044.344482 0.000000 0.288149 0.000000 -0.957586 0.558778 0.558778 0.558778
1212.624268 0.000000 4059.766113 0.000000 0.077144 0.000000 -0.997020 0.560254 0.560254 0.560254
1219.643066 0.000000 4083.682861 0.000000 0.134280 0.000000 -0.990943 0.559860 0.559860 0.559860
1210.348633 0.000000 4073.422607 0.000000 0.066060 0.000000 -0.997816 0.560330 0.560330 0.560330
1293.639648 0.000000 4062.656250 0.000000 0.987179 0.000000 0.159614 0.549120 0.549120 0.549120
1234.646484 0.000000 4086.504150 0.000000 0.366679 0.000000 -0.930348 0.558207 0.558207 0.558207
1264.570679 0.000000 4076.162842 0.000000 0.883757 0.000000 -0.467946 0.553343 0.553343 0.553343
1258.001343 0.000000 4099.297363 0.000000 0.267205 0.000000 -0.963640 0.557142 0.557142 0.557142
1262.888550 0.000000 4054.748535 0.000000 0.862001 0.000000 0.506907 0.546350 0.546350 0.546350
1283.817993 0.000000 4080.936035 0.000000 0.830621 0.000000 0.556838 0.545945 0.545945 0.545945
1248.823975 0.000000 4066.727539 0.000000 0.623656 0.000000 0.781699 0.543839 0.543839 0.543839
1280.184082 0.000000 4051.406494 0.000000 0.621296 0.000000 0.783576 0.543818 0.543818 0.543818
1278.096924 0.000000 4066.543945 0.000000 0.226354 0.000000 0.974045 0.540783 0.540783 0.540783
1263.437988 0.000000 4113.297852 0.000000 0.496027 0.000000 -0.868307 0.557221 0.557221 0.557221
1224.062378 0.000000 4096.673828 0.000000 0.312329 0.000000 -0.949974 0.558604 0.558604 0.558604
1224.128662 0.000000 4077.403320 0.000000 0.602561 0.000000 0.798073 0.543656 0.543656 0.543656
1240.213379 0.000000 4058.772217 0.000000 0.973061 0.000000 -0.230549 0.554472 0.554472 0.554472
1251.989014 0.000000 4109.337891 0.000000 0.916209 0.000000 0.400700 0.547170 0.547170 0.547170
1250.606445 0.000000 4054.857910 0.000000 0.391056 0.000000 -0.920367 0.558026 0.558026 0.558026
1252.648804 0.000000 4043.315674 0.000000 0.530976 0.000000 -0.847387 0.556941 0.556941 0.556941
1243.611938 0.000000 4093.656982 0.000000 0.326253 0.000000 0.945282 0.541497 0.541497 0.541497
1277.165649 0.000000 4110.107422 0.000000 0.953944 0.000000 0.299985 0.547908 0.547908 0.547908
1274.834717 0.000000 4076.069336 0.000000 0.280626 0.000000 0.959817 0.541169 0.541169 0.541169
1272.166260 0.000000 4058.166992 0.000000 0.991355 0.000000 -0.131207 0.550903 0.550903 0.550903
1234.579590 0.000000 4041.383545 0.000000 0.915019 0.000000 0.403411 0.547149 0.547149 0.547149
1230.836182 0.000000 4104.559082 0.000000 0.956608 0.000000 -0.291380 0.551624 0.551624 0.551624
1234.524048 0.000000 4095.932861 0.000000 0.964760 0.000000 0.263132 0.548172 0.548172 0.548172
1284.616455 0.000000 4059.766113 0.000000 0.616983 0.000000 0.786977 0.543781 0.543781 0.543781
1248.982666 0.000000 4100.665039 0.000000 0.513939 0.000000 0.857827 0.542921 0.542921 0.542921
1269.520508 0.000000 4068.962891 0.000000 0.801396 0.000000 -0.598135 0.554402 0.554402 0.554402
1225.833496 0.000000 4088.415039 0.000000 0.999658 0.000000 0.026159 0.549820 0.549820 0.549820
1232.179810 0.000000 4078.702637 0.000000 0.976577 0.000000 0.215168 0.548511 0.548511 0.548511
1269.523438 0.000000 4082.533447 0.000000 0.988483 0.000000 -0.151332 0.551043 0.551043 0.551043
1263.242188 0.000000 4105.320312 0.000000 0.949314 0.000000 0.314331 0.547805 0.547805 0.547805
1270.994263 0.000000 4115.086914 0.000000 0.776575 0.000000 -0.630025 0.554679 0.554679 0.554679
1282.340820 0.000000 4073.422607 0.000000 0.814622 0.000000 0.579992 0.545752 0.545752 0.545752
1257.133789 0.000000 4049.760010 0.000000 0.321366 0.000000 0.946955 0.541462 0.541462 0.541462
1223.936768 0.000000 4069.968262 0.000000 0.835644 0.000000 -0.549271 0.553992 0.553992 0.553992
1277.295288 0.000000 4084.368896 0.000000 0.810464 0.000000 0.585788 0.545703 0.545703 0.545703
1269.660278 0.000000 4051.197021 0.000000 0.994563 0.000000 0.104137 0.549284 0.549284 0.549284
1243.093262 0.000000 4062.870850 0.000000 0.500888 0.000000 -0.865512 0.580167 0.580167 0.580167
1240.323486 0.000000 4050.425293 0.000000 0.681841 0.000000 -0.731500 0.639006 0.639006 0.639006
1243.366089 0.000000 4057.388184 0.000000 0.144085 0.000000 0.989565 0.501042 0.501042 0.501042
1243.581787 0.000000 4060.161865 0.000000 0.880230 0.000000 0.474546 0.524880 0.524880 0.524880
1241.548584 0.000000 4055.358154 0.000000 0.590052 0.000000 -0.807365 0.632577 0.632577 0.632577
1240.966064 0.000000 4052.779053 0.000000 0.690017 0.000000 -0.723793 0.628897 0.628897 0.628897
1306.638672 0.000000 4086.504150 0.000000 0.792568 0.000000 0.609783 0.545498 0.545498 0.545498
1346.003906 0.000000 4034.960449 0.000000 0.614487 0.000000 -0.788927 0.556241 0.556241 0.556241
1336.562866 0.000000 4076.162842 0.000000 0.716635 0.000000 -0.697448 0.555299 0.555299 0.555299
1334.880737 0.000000 4054.748535 0.000000 0.393170 0.000000 0.919466 0.541990 0.541990 0.541990
1326.371216 0.000000 4031.654297 0.000000 0.400180 0.000000 -0.916437 0.557958 0.557958 0.557958
1312.642090 0.000000 4103.789062 0.000000 0.244667 0.000000 -0.969607 0.559087 0.559087 0.559087
1335.357300 0.000000 4042.323486 0.000000 0.954017 0.000000 -0.299752 0.552090 0.552090 0.552090
1322.598633 0.000000 4054.857910 0.000000 0.966923 0.000000 0.255069 0.548229 0.548229 0.548229
1332.107056 0.000000 4065.711670 0.000000 0.950343 0.000000 0.311204 0.547827 0.547827 0.547827
1315.604126 0.000000 4093.656982 0.000000 0.553848 0.000000 0.832618 0.543246 0.543246 0.543246
1344.158447 0.000000 4058.166992 0.000000 0.735005 0.000000 -0.678062 0.555116 0.555116 0.555116
1302.828369 0.000000 4104.559082 0.000000 0.766230 0.000000 0.642566 0.545209 0.545209 0.545209
1345.444214 0.000000 4044.344482 0.000000 0.621029 0.000000 0.783788 0.543816 0.543816 0.543816
1306.516235 0.000000 4095.932861 0.000000 0.471134 0.000000 0.882062 0.542584 0.542584 0.542584
1337.187500 0.000000 4031.749756 0.000000 0.519513 0.000000 0.854463 0.542966 0.542966 0.542966
1341.652466 0.000000 4051.197021 0.000000 0.252206 0.000000 -0.967674 0.559034 0.559034 0.559034
2569.871094 0.000000 3747.007324 0.000000 0.007038 0.000000 -0.999975 0.552147 0.552147 0.552147
2576.043457 0.000000 3763.453369 0.000000 0.874727 0.000000 0.484616 0.533328 0.533328 0.533328
2586.325195 0.000000 3784.752441 0.000000 0.899718 0.000000 0.436471 0.548139 0.548139 0.548139
2580.475830 0.000000 3771.812988 0.000000 0.817472 0.000000 -0.575969 0.560114 0.560114 0.560114
2565.379883 0.000000 3781.009766 0.000000 0.979490 0.000000 -0.201493 0.552786 0.552786 0.552786
2578.200195 0.000000 3785.469482 0.000000 0.431198 0.000000 -0.902257 0.559268 0.559268 0.559268
2582.478760 0.000000 3778.736816 0.000000 0.997908 0.000000 -0.064646 0.550799 0.550799 0.550799
2581.512695 0.000000 3765.831787 0.000000 0.203838 0.000000 -0.979005 0.585625 0.585625 0.585625
2568.624268 0.000000 3775.885010 0.000000 0.530000 0.000000 -0.847998 0.581966 0.581966 0.581966
2574.617432 0.000000 3758.178467 0.000000 0.995659 0.000000 0.093078 0.546416 0.546416 0.546416
2570.972900 0.000000 3765.424316 0.000000 0.487608 0.000000 -0.873062 0.570405 0.570405 0.570405
2570.320801 0.000000 3782.417480 0.000000 0.975972 0.000000 0.217897 0.543666 0.543666 0.543666
2577.793945 0.000000 3775.683594 0.000000 0.756268 0.000000 0.654262 0.530414 0.530414 0.530414
2578.023193 0.000000 3780.943848 0.000000 0.439561 0.000000 0.898213 0.525489 0.525489 0.525489
2569.355469 0.000000 3760.881104 0.000000 0.550914 0.000000 -0.834562 0.589316 0.589316 0.589316
2581.936768 0.000000 3783.070801 0.000000 0.248130 0.000000 -0.968727 0.577188 0.577188 0.577188
2580.751221 0.000000 3789.033447 0.000000 0.708939 0.000000 -0.705270 0.577947 0.577947 0.577947
2572.330811 0.000000 3774.882080 0.000000 0.560426 0.000000 -0.828205 0.583500 0.583500 0.583500
2572.947998 0.000000 3761.445557 0.000000 0.398807 0.000000 -0.917035 0.593027 0.593027 0.593027
2581.534180 0.000000 3775.295410 0.000000 0.531275 0.000000 0.847199 0.504203 0.504203 0.504203
2574.047363 0.000000 3767.375488 0.000000 0.974699 0.000000 0.223523 0.540714 0.540714 0.540714
2567.273193 0.000000 3784.097900 0.000000 0.535963 0.000000 0.844242 0.509975 0.509975 0.509975
2568.469727 0.000000 3750.000732 0.000000 0.597134 0.000000 0.802141 0.514211 0.514211 0.514211
2579.527344 0.000000 3778.092529 0.000000 0.709120 0.000000 -0.705087 0.580086 0.580086 0.580086
2572.245605 0.000000 3756.062012 0.000000 0.324604 0.000000 -0.945850 0.599385 0.599385 0.599385
2570.476318 0.000000 3754.171143 0.000000 0.912896 0.000000 -0.408193 0.586373 0.586373 0.586373
2661.641357 0.000000 3836.740479 0.000000 0.211643 0.000000 -0.977347 0.669299 0.669299 0.669299
2654.257080 0.000000 3839.143799 0.000000 0.120071 0.000000 -0.992765 0.974210 0.974210 0.974210
2657.613037 0.000000 3838.192627 0.000000 0.888637 0.000000 0.458611 0.478693 0.478693 0.478693
2659.091797 0.000000 3834.982666 0.000000 0.129960 0.000000 0.991519 0.447149 0.447149 0.447149
2659.663086 0.000000 3837.440674 0.000000 0.886817 0.000000 0.462121 0.424673 0.424673 0.424673
2655.724854 0.000000 3838.783936 0.000000 0.197945 0.000000 0.980213 0.148866 0.148866 0.148866
2658.756104 0.000000 3839.304443 0.000000 0.981638 0.000000 0.190753 0.514686 0.514686 0.514686
2658.967529 0.000000 3836.364990 0.000000 0.153605 0.000000 -0.988132 0.919571 0.919571 0.919571
2663.323730 0.000000 3848.624512 0.000000 0.978066 0.000000 -0.208293 0.601285 0.601285 0.601285
2654.495850 0.000000 3839.724854 0.000000 0.197602 0.000000 0.980282 0.148764 0.148764 0.148764
2657.177979 0.000000 3839.546387 0.000000 0.842158 0.000000 -0.539231 0.635240 0.635240 0.635240
2660.684570 0.000000 3852.036621 0.000000 0.994517 0.000000 -0.104571 0.582798 0.582798 0.582798
2660.896729 0.000000 3853.466797 0.000000 0.982508 0.000000 -0.186222 0.608642 0.608642 0.608642
2655.863525 0.000000 3839.854736 0.000000 0.930982 0.000000 0.365065 0.440703 0.440703 0.440703
2674.490234 0.000000 3894.535400 0.000000 0.999766 0.000000 0.021617 0.549644 0.549644 0.549644
2670.105225 0.000000 3873.749512 0.000000 0.512434 0.000000 -0.858726 0.608143 0.608143 0.608143
2683.455566 0.000000 3901.688232 0.000000 0.848916 0.000000 -0.528529 0.571410 0.571410 0.571410
2672.023438 0.000000 3886.733887 0.000000 0.972324 0.000000 -0.233635 0.560362 0.560362 0.560362
2672.334473 0.000000 3880.046631 0.000000 0.418217 0.000000 -0.908347 0.582852 0.582852 0.582852
2677.318604 0.000000 3888.006104 0.000000 0.992263 0.000000 -0.124158 0.553077 0.553077 0.553077
2678.376465 0.000000 3900.821045 0.000000 0.746750 0.000000 0.665105 0.534014 0.534014 0.534014
2678.655029 0.000000 3892.208008 0.000000 0.009660 0.000000 -0.999953 0.592872 0.592872 0.592872
2674.906494 0.000000 3883.386230 0.000000 0.600799 0.000000 -0.799400 0.580526 0.580526 0.580526
2673.826416 0.000000 3875.412842 0.000000 0.445108 0.000000 0.895477 0.486015 0.486015 0.486015
2671.843506 0.000000 3870.572998 0.000000 0.538832 0.000000 0.842413 0.514237 0.514237 0.514237
2677.210205 0.000000 3897.409180 0.000000 0.933784 0.000000 0.357836 0.534423 0.534423 0.534423
2671.299072 0.000000 3883.299561 0.000000 0.970432 0.000000 0.241373 0.534937 0.534937 0.534937
2663.838867 0.000000 3848.389893 0.000000 0.398005 0.000000 -0.917383 0.833874 0.833874 0.833874
2671.255859 0.000000 3876.649414 0.000000 0.976090 0.000000 0.217365 0.535859 0.535859 0.535859
3686.936523 0.000000 3210.735352 0.000000 0.959639 0.000000 -0.281235 0.560178 0.560178 0.560178
3688.482178 0.000000 3202.917969 0.000000 0.872224 0.000000 -0.489107 0.558421 0.558421 0.558421
3680.225098 0.000000 3208.156006 0.000000 0.056487 0.000000 -0.998403 0.583268 0.583268 0.583268
3683.660645 0.000000 3199.894531 0.000000 0.898860 0.000000 0.438236 0.543771 0.543771 0.543771
3684.748291 0.000000 3206.225098 0.000000 0.828016 0.000000 -0.560704 0.573702 0.573702 0.573702
3681.717041 0.000000 3203.522217 0.000000 0.802804 0.000000 0.596243 0.534211 0.534211 0.534211
3684.301514 0.000000 3209.072754 0.000000 0.124439 0.000000 0.992227 0.474549 0.474549 0.474549
3686.465088 0.000000 3208.406982 0.000000 0.708670 0.000000 0.705540 0.474723 0.474723 0.474723
3682.129883 0.000000 3209.395020 0.000000 0.937649 0.000000 -0.347583 0.578759 0.578759 0.578759
"}
