object={
	name="tree_mangrove_generator_3_0"
	render_pass=Map
	clamp_to_water_level=no
	generated_content=yes
	layer="tree_high_layer"
	pdxmesh="tree_mangrove_01_c_mesh"
	count=2428
	transform="4461.295898 0.000000 127.296555 0.000000 0.987906 0.000000 0.155053 0.798134 0.798134 0.798134
4450.979004 0.000000 166.107544 0.000000 0.692562 0.000000 0.721358 0.781171 0.781171 0.781171
4432.227051 0.000000 140.803345 0.000000 0.199552 0.000000 -0.979887 0.834474 0.834474 0.834474
4451.474121 0.000000 145.576523 0.000000 0.724836 0.000000 -0.688922 0.822313 0.822313 0.822313
4444.484863 0.000000 185.336411 0.000000 0.884054 0.000000 -0.467385 0.809616 0.809616 0.809616
4447.840332 0.000000 116.046875 0.000000 0.380226 0.000000 0.924894 0.788680 0.788680 0.788680
4438.675293 0.000000 155.399750 0.000000 0.869347 0.000000 -0.494202 0.823229 0.823229 0.823229
4445.752930 0.000000 131.184235 0.000000 0.865094 0.000000 -0.501609 0.831169 0.831169 0.831169
4431.094238 0.000000 177.938354 0.000000 0.413066 0.000000 -0.910701 0.813721 0.813721 0.813721
4461.669922 0.000000 156.469299 0.000000 0.596973 0.000000 0.802261 0.771549 0.771549 0.771549
4457.880859 0.000000 178.875473 0.000000 0.995784 0.000000 -0.091727 0.802477 0.802477 0.802477
4438.085449 0.000000 167.064514 0.000000 0.551833 0.000000 0.833955 0.781090 0.781090 0.781090
4429.025391 0.000000 150.949844 0.000000 0.597532 0.000000 0.801845 0.783834 0.783834 0.783834
4432.448730 0.000000 188.481201 0.000000 0.889650 0.000000 -0.456644 0.811366 0.811366 0.811366
4449.359863 0.000000 155.689804 0.000000 0.934706 0.000000 0.355422 0.790638 0.790638 0.790638
4458.122070 0.000000 137.345856 0.000000 0.622773 0.000000 0.782403 0.791386 0.791386 0.791386
4444.821777 0.000000 174.747925 0.000000 0.006866 0.000000 0.999976 0.758769 0.758769 0.758769
4442.490723 0.000000 140.709717 0.000000 0.983906 0.000000 -0.178687 0.811518 0.811518 0.811518
4439.822754 0.000000 122.807365 0.000000 0.281035 0.000000 0.959697 0.779967 0.779967 0.779967
4452.272949 0.000000 124.406441 0.000000 0.996624 0.000000 0.082096 0.797144 0.797144 0.797144
4456.000000 0.000000 187.673218 0.000000 0.957087 0.000000 0.289801 0.789430 0.789430 0.789430
4424.357422 0.000000 184.021423 0.000000 0.682305 0.000000 -0.731067 0.811299 0.811299 0.811299
4437.176758 0.000000 133.603363 0.000000 1.000000 0.000000 0.000986 0.799964 0.799964 0.799964
4459.897461 0.000000 169.425110 0.000000 0.058806 0.000000 0.998269 0.770105 0.770105 0.770105
4459.291504 0.000000 148.323273 0.000000 0.119973 0.000000 -0.992777 0.829550 0.829550 0.829550
4437.179688 0.000000 147.173752 0.000000 0.564842 0.000000 0.825199 0.754641 0.754641 0.754641
4444.142090 0.000000 161.958862 0.000000 0.693407 0.000000 -0.720546 0.825069 0.825069 0.825069
4431.648438 0.000000 159.019592 0.000000 0.801478 0.000000 0.598025 0.790398 0.790398 0.790398
4449.997070 0.000000 138.062897 0.000000 0.399369 0.000000 0.916790 0.745093 0.745093 0.745093
4450.441406 0.000000 180.781799 0.000000 0.795915 0.000000 -0.605408 0.812858 0.812858 0.812858
4444.951660 0.000000 149.009277 0.000000 0.906969 0.000000 0.421198 0.780723 0.780723 0.780723
4453.502441 0.000000 173.061691 0.000000 0.879296 0.000000 -0.476276 0.807733 0.807733 0.807733
4456.930664 0.000000 161.887390 0.000000 0.472534 0.000000 0.881313 0.773502 0.773502 0.773502
4454.275879 0.000000 131.330444 0.000000 0.474713 0.000000 -0.880141 0.836754 0.836754 0.836754
4439.138184 0.000000 189.496796 0.000000 0.996289 0.000000 0.086070 0.798141 0.798141 0.798141
4455.583496 0.000000 154.037506 0.000000 0.161742 0.000000 -0.986833 0.822784 0.822784 0.822784
4445.926758 0.000000 124.103226 0.000000 0.195620 0.000000 -0.980680 0.849392 0.849392 0.849392
4445.210938 0.000000 168.712799 0.000000 0.985423 0.000000 0.170120 0.795493 0.795493 0.795493
4437.215820 0.000000 161.131027 0.000000 0.166010 0.000000 -0.986124 0.837856 0.837856 0.837856
4450.340332 0.000000 189.268860 0.000000 0.976364 0.000000 0.216132 0.795301 0.795301 0.795301
4453.309570 0.000000 118.425331 0.000000 0.754776 0.000000 0.655983 0.789283 0.789283 0.789283
4440.420898 0.000000 128.478500 0.000000 0.206179 0.000000 0.978514 0.743644 0.743644 0.743644
4461.474609 0.000000 183.249451 0.000000 0.421874 0.000000 0.906655 0.749663 0.749663 0.749663
4461.446289 0.000000 189.333923 0.000000 0.819841 0.000000 0.572591 0.772238 0.772238 0.772238
4434.231934 0.000000 183.098816 0.000000 0.985854 0.000000 0.167607 0.795762 0.795762 0.795762
4434.447754 0.000000 152.117386 0.000000 0.315050 0.000000 0.949075 0.752804 0.752804 0.752804
4451.441895 0.000000 160.888977 0.000000 0.802672 0.000000 -0.596421 0.816081 0.816081 0.816081
4444.474609 0.000000 190.625870 0.000000 0.196639 0.000000 0.980476 0.772855 0.772855 0.772855
4447.268066 0.000000 142.537445 0.000000 0.210525 0.000000 0.977588 0.734873 0.734873 0.734873
4431.850586 0.000000 146.149841 0.000000 0.090991 0.000000 -0.995852 0.833690 0.833690 0.833690
4445.389160 0.000000 179.826981 0.000000 0.982448 0.000000 -0.186537 0.804497 0.804497 0.804497
4442.117676 0.000000 135.010925 0.000000 0.573608 0.000000 0.819130 0.740761 0.740761 0.740761
4437.412109 0.000000 139.758026 0.000000 0.876941 0.000000 0.480598 0.777171 0.777171 0.777171
4443.859863 0.000000 153.994080 0.000000 0.968431 0.000000 -0.249282 0.810416 0.810416 0.810416
4449.810547 0.000000 150.391785 0.000000 0.992892 0.000000 0.119022 0.796926 0.796926 0.796926
4455.874512 0.000000 166.577057 0.000000 0.551836 0.000000 -0.833952 0.821273 0.821273 0.821273
4460.457031 0.000000 174.731171 0.000000 0.130538 0.000000 -0.991443 0.831921 0.831921 0.831921
4454.948242 0.000000 182.846436 0.000000 0.633952 0.000000 -0.773373 0.823839 0.823839 0.823839
4449.590820 0.000000 128.277222 0.000000 0.987042 0.000000 0.160461 0.790923 0.790923 0.790923
4456.723145 0.000000 126.082314 0.000000 0.999980 0.000000 0.006362 0.799832 0.799832 0.799832
4440.292969 0.000000 150.710358 0.000000 0.138120 0.000000 -0.990416 0.872943 0.872943 0.872943
4439.991699 0.000000 184.301590 0.000000 0.846377 0.000000 -0.532584 0.813124 0.813124 0.813124
4448.944336 0.000000 172.280975 0.000000 0.448462 0.000000 0.893802 0.776149 0.776149 0.776149
4460.617188 0.000000 164.756912 0.000000 0.976250 0.000000 -0.216647 0.805626 0.805626 0.805626
4441.773926 0.000000 145.460205 0.000000 0.997739 0.000000 0.067211 0.796050 0.796050 0.796050
4449.296387 0.000000 120.842056 0.000000 0.015145 0.000000 -0.999885 0.840080 0.840080 0.840080
4449.820312 0.000000 133.537323 0.000000 0.472620 0.000000 -0.881266 0.859453 0.859453 0.859453
4453.733887 0.000000 135.664261 0.000000 0.130201 0.000000 0.991488 0.749086 0.749086 0.749086
4454.062012 0.000000 191.737305 0.000000 0.994019 0.000000 -0.109211 0.803606 0.803606 0.803606
4445.716309 0.000000 157.921860 0.000000 0.625064 0.000000 -0.780574 0.831660 0.831660 0.831660
4441.198242 0.000000 158.860596 0.000000 0.453248 0.000000 0.891384 0.758463 0.758463 0.758463
4436.117188 0.000000 129.317108 0.000000 0.796001 0.000000 0.605296 0.782860 0.782860 0.782860
4446.288574 0.000000 136.057892 0.000000 0.224912 0.000000 0.974379 0.723501 0.723501 0.723501
4442.049805 0.000000 165.878632 0.000000 0.537177 0.000000 0.843469 0.771734 0.771734 0.771734
4460.500000 0.000000 152.503937 0.000000 0.944601 0.000000 -0.328222 0.809017 0.809017 0.809017
4435.296875 0.000000 143.505463 0.000000 0.996561 0.000000 0.082867 0.797018 0.797018 0.797018
4460.788086 0.000000 160.454407 0.000000 0.010095 0.000000 0.999949 0.751373 0.751373 0.751373
4434.346680 0.000000 137.266235 0.000000 0.317940 0.000000 -0.948111 0.838860 0.838860 0.838860
4434.810547 0.000000 156.325607 0.000000 0.219229 0.000000 -0.975673 0.841246 0.841246 0.841246
4444.127441 0.000000 127.475647 0.000000 0.986653 0.000000 0.162835 0.792748 0.792748 0.792748
4447.647461 0.000000 146.438538 0.000000 0.430144 0.000000 -0.902761 0.845209 0.845209 0.845209
4461.871094 0.000000 178.253265 0.000000 0.331913 0.000000 -0.943310 0.842831 0.842831 0.842831
4439.043457 0.000000 143.010544 0.000000 0.907949 0.000000 -0.419080 0.823060 0.823060 0.823060
4458.163574 0.000000 184.760071 0.000000 0.950669 0.000000 0.310207 0.787338 0.787338 0.787338
4453.331055 0.000000 127.888977 0.000000 0.691274 0.000000 0.722593 0.768065 0.768065 0.768065
4439.070312 0.000000 136.691406 0.000000 0.864476 0.000000 -0.502675 0.828086 0.828086 0.828086
4457.417969 0.000000 190.786133 0.000000 0.292274 0.000000 -0.956335 0.851152 0.851152 0.851152
4441.881836 0.000000 131.589493 0.000000 0.393357 0.000000 0.919386 0.744085 0.744085 0.744085
4445.711426 0.000000 139.457169 0.000000 0.390751 0.000000 -0.920496 0.874268 0.874268 0.874268
4462.258301 0.000000 186.304504 0.000000 0.487060 0.000000 -0.873368 0.854091 0.854091 0.854091
4445.009277 0.000000 144.649719 0.000000 0.716298 0.000000 -0.697794 0.839796 0.839796 0.839796
4451.324219 0.000000 130.686066 0.000000 0.986598 0.000000 -0.163171 0.808249 0.808249 0.808249
4442.844238 0.000000 137.771881 0.000000 0.172255 0.000000 0.985052 0.708718 0.708718 0.708718
4440.080566 0.000000 139.224792 0.000000 0.589650 0.000000 0.807659 0.740288 0.740288 0.740288
4487.102539 0.000000 88.576622 0.000000 0.179422 0.000000 0.983772 0.788337 0.788337 0.788337
4497.649902 0.000000 67.953545 0.000000 0.751064 0.000000 0.660229 0.799136 0.799136 0.799136
4516.477051 0.000000 89.352028 0.000000 0.996870 0.000000 0.079057 0.798340 0.798340 0.798340
4503.086426 0.000000 81.953972 0.000000 0.228831 0.000000 0.973466 0.781535 0.781535 0.781535
4491.637207 0.000000 77.994041 0.000000 0.973237 0.000000 -0.229805 0.804029 0.804029 0.804029
4504.440918 0.000000 92.496811 0.000000 0.021816 0.000000 0.999762 0.774013 0.774013 0.774013
4527.992188 0.000000 91.688843 0.000000 0.829847 0.000000 -0.557990 0.804256 0.804256 0.804256
4496.349609 0.000000 88.037041 0.000000 0.322419 0.000000 0.946597 0.778410 0.778410 0.778410
4483.493652 0.000000 80.673271 0.000000 0.244820 0.000000 0.969569 0.791277 0.791277 0.791277
4510.642578 0.000000 83.743042 0.000000 0.604124 0.000000 -0.796890 0.807735 0.807735 0.807735
4511.130371 0.000000 93.512413 0.000000 0.896690 0.000000 -0.442659 0.811540 0.811540 0.811540
4498.258301 0.000000 78.172447 0.000000 0.465851 0.000000 -0.884863 0.821477 0.821477 0.821477
4491.466797 0.000000 84.213455 0.000000 0.459001 0.000000 -0.888436 0.820974 0.820974 0.820974
4492.415527 0.000000 92.824951 0.000000 0.988140 0.000000 0.153558 0.797875 0.797875 0.797875
4522.332520 0.000000 93.284485 0.000000 0.835316 0.000000 0.549769 0.791281 0.791281 0.791281
4499.434082 0.000000 95.477135 0.000000 0.816135 0.000000 0.577861 0.789295 0.789295 0.789295
4516.466797 0.000000 94.641487 0.000000 0.722151 0.000000 0.691736 0.780777 0.780777 0.780777
4497.363281 0.000000 83.128281 0.000000 0.982823 0.000000 -0.184550 0.804449 0.804449 0.804449
4537.197266 0.000000 91.412659 0.000000 0.045716 0.000000 -0.998954 0.812793 0.812793 0.812793
4568.341797 0.000000 88.037041 0.000000 0.964741 0.000000 -0.263199 0.810213 0.810213 0.810213
4544.030762 0.000000 95.438484 0.000000 0.034742 0.000000 -0.999396 0.856142 0.856142 0.856142
4583.122559 0.000000 93.512413 0.000000 0.453354 0.000000 -0.891331 0.838237 0.838237 0.838237
4570.250488 0.000000 78.172447 0.000000 0.489331 0.000000 -0.872098 0.813966 0.813966 0.813966
4564.407715 0.000000 92.824951 0.000000 0.572901 0.000000 -0.819624 0.837418 0.837418 0.837418
4553.559570 0.000000 86.386566 0.000000 0.292720 0.000000 -0.956198 0.850370 0.850370 0.850370
4545.036133 0.000000 89.664780 0.000000 0.359342 0.000000 -0.933206 0.825233 0.825233 0.825233
4578.216309 0.000000 87.114441 0.000000 0.390438 0.000000 -0.920629 0.818923 0.818923 0.818923
4588.458984 0.000000 94.641487 0.000000 0.577245 0.000000 -0.816571 0.822327 0.822327 0.822327
4569.355469 0.000000 83.128281 0.000000 0.998450 0.000000 0.055651 0.798499 0.798499 0.798499
4573.045898 0.000000 86.312737 0.000000 0.950218 0.000000 -0.311587 0.807784 0.807784 0.807784
4583.976074 0.000000 88.317207 0.000000 0.820405 0.000000 0.571783 0.786141 0.786141 0.786141
4571.839844 0.000000 90.937088 0.000000 0.802081 0.000000 -0.597215 0.824160 0.824160 0.824160
4560.156250 0.000000 80.657440 0.000000 0.999972 0.000000 0.007427 0.799782 0.799782 0.799782
4557.810059 0.000000 84.413689 0.000000 0.209707 0.000000 0.977764 0.749496 0.749496 0.749496
4549.393066 0.000000 88.028633 0.000000 0.976020 0.000000 -0.217681 0.807889 0.807889 0.807889
4548.189453 0.000000 95.014549 0.000000 0.582477 0.000000 -0.812847 0.850608 0.850608 0.850608
4568.405762 0.000000 92.666672 0.000000 0.857456 0.000000 -0.514557 0.824289 0.824289 0.824289
4579.582520 0.000000 94.687828 0.000000 0.344135 0.000000 -0.938920 0.849686 0.849686 0.849686
4553.525879 0.000000 94.675102 0.000000 0.153041 0.000000 0.988220 0.716787 0.716787 0.716787
4556.173828 0.000000 88.023048 0.000000 0.701600 0.000000 -0.712571 0.840395 0.840395 0.840395
4522.971191 0.000000 166.107544 0.000000 0.956816 0.000000 0.290693 0.799293 0.799293 0.799293
4474.294922 0.000000 151.144608 0.000000 0.368813 0.000000 -0.929504 0.832168 0.832168 0.832168
4463.567383 0.000000 176.165131 0.000000 0.083500 0.000000 -0.996508 0.848119 0.848119 0.848119
4497.649902 0.000000 163.937927 0.000000 0.843673 0.000000 -0.536858 0.812564 0.812564 0.812564
4502.537109 0.000000 119.389023 0.000000 0.592197 0.000000 -0.805793 0.813474 0.813474 0.813474
4523.466309 0.000000 145.576523 0.000000 0.989893 0.000000 0.141817 0.798721 0.798721 0.798721
4516.477051 0.000000 185.336411 0.000000 0.390727 0.000000 0.920507 0.775477 0.775477 0.775477
4494.027344 0.000000 96.294685 0.000000 0.108231 0.000000 -0.994126 0.823657 0.823657 0.823657
4488.472656 0.000000 131.367996 0.000000 0.864628 0.000000 -0.502413 0.816401 0.816401 0.816401
4519.832520 0.000000 116.046875 0.000000 0.984124 0.000000 0.177482 0.798824 0.798824 0.798824
4510.667480 0.000000 155.399750 0.000000 0.827701 0.000000 0.561169 0.771441 0.771441 0.771441
4489.979980 0.000000 150.195740 0.000000 0.991712 0.000000 -0.128482 0.801776 0.801776 0.801776
4466.784180 0.000000 112.735466 0.000000 0.828893 0.000000 0.559407 0.797510 0.797510 0.797510
4503.086426 0.000000 177.938354 0.000000 0.358686 0.000000 -0.933458 0.854824 0.854824 0.854824
4533.662109 0.000000 156.469299 0.000000 0.971105 0.000000 0.238654 0.797112 0.797112 0.797112
4529.516113 0.000000 98.566605 0.000000 0.840046 0.000000 0.542515 0.793128 0.793128 0.793128
4463.710938 0.000000 161.314163 0.000000 0.995984 0.000000 -0.089529 0.803169 0.803169 0.803169
4529.873047 0.000000 178.875473 0.000000 0.846481 0.000000 -0.532418 0.813793 0.813793 0.813793
4463.776855 0.000000 142.043610 0.000000 0.244953 0.000000 -0.969535 0.818237 0.818237 0.818237
4503.013672 0.000000 106.963867 0.000000 0.237001 0.000000 -0.971509 0.845475 0.845475 0.845475
4510.077637 0.000000 167.064514 0.000000 0.366723 0.000000 0.930330 0.750582 0.750582 0.750582
4492.297363 0.000000 107.956039 0.000000 0.678042 0.000000 -0.735024 0.834632 0.834632 0.834632
4504.440918 0.000000 188.481201 0.000000 0.300400 0.000000 -0.953813 0.843985 0.843985 0.843985
4483.260254 0.000000 158.297302 0.000000 0.663075 0.000000 -0.748553 0.821287 0.821287 0.821287
4522.145020 0.000000 105.866493 0.000000 0.227656 0.000000 -0.973742 0.818482 0.818482 0.818482
4521.352051 0.000000 155.689804 0.000000 0.536945 0.000000 0.843617 0.780750 0.780750 0.780750
4530.114258 0.000000 137.345856 0.000000 0.603082 0.000000 -0.797679 0.819919 0.819919 0.819919
4463.629883 0.000000 122.344917 0.000000 0.907265 0.000000 -0.420559 0.802861 0.802861 0.802861
4516.813965 0.000000 174.747925 0.000000 0.268021 0.000000 -0.963413 0.817129 0.817129 0.817129
4514.482910 0.000000 140.709717 0.000000 0.992814 0.000000 0.119671 0.796981 0.796981 0.796981
4470.484375 0.000000 169.199524 0.000000 0.088472 0.000000 -0.996079 0.847069 0.847069 0.847069
4474.172363 0.000000 160.573303 0.000000 0.714197 0.000000 0.699945 0.775379 0.775379 0.775379
4527.992188 0.000000 187.673218 0.000000 0.538996 0.000000 0.842308 0.769995 0.769995 0.769995
4496.349609 0.000000 184.021423 0.000000 0.867251 0.000000 0.497871 0.780640 0.780640 0.780640
4488.630859 0.000000 165.305542 0.000000 0.836501 0.000000 -0.547965 0.807644 0.807644 0.807644
4483.493652 0.000000 176.657654 0.000000 0.964238 0.000000 -0.265040 0.806911 0.806911 0.806911
4531.889648 0.000000 169.425110 0.000000 0.359824 0.000000 0.933020 0.786308 0.786308 0.786308
4482.382812 0.000000 146.799927 0.000000 0.524167 0.000000 -0.851616 0.825034 0.825034 0.825034
4531.283691 0.000000 148.323273 0.000000 0.674096 0.000000 -0.738644 0.809959 0.809959 0.809959
4465.481934 0.000000 153.055450 0.000000 0.319271 0.000000 -0.947663 0.838070 0.838070 0.838070
4535.120605 0.000000 105.233589 0.000000 0.073060 0.000000 0.997328 0.744364 0.744364 0.744364
4486.950195 0.000000 101.122238 0.000000 0.434719 0.000000 0.900566 0.782535 0.782535 0.782535
4471.828125 0.000000 143.343140 0.000000 0.926254 0.000000 -0.376899 0.806715 0.806715 0.806715
4480.395996 0.000000 131.417648 0.000000 0.266259 0.000000 0.963901 0.742303 0.742303 0.742303
4516.134277 0.000000 161.958862 0.000000 0.982873 0.000000 -0.184286 0.805775 0.805775 0.805775
4503.640625 0.000000 159.019592 0.000000 0.796485 0.000000 0.604658 0.777823 0.777823 0.777823
4510.642578 0.000000 179.727417 0.000000 0.899972 0.000000 0.435947 0.784594 0.784594 0.784594
4521.989258 0.000000 138.062897 0.000000 0.945889 0.000000 0.324491 0.796634 0.796634 0.796634
4522.433594 0.000000 180.781799 0.000000 0.961688 0.000000 0.274145 0.797338 0.797338 0.797338
4496.782227 0.000000 114.400421 0.000000 0.507795 0.000000 -0.861478 0.831724 0.831724 0.831724
4516.943848 0.000000 149.009277 0.000000 0.902221 0.000000 0.431274 0.786107 0.786107 0.786107
4509.308594 0.000000 115.837479 0.000000 0.933493 0.000000 -0.358595 0.805494 0.805494 0.805494
4505.367188 0.000000 126.058052 0.000000 0.993083 0.000000 0.117417 0.798167 0.798167 0.798167
4472.437500 0.000000 123.589111 0.000000 0.271993 0.000000 0.962299 0.758865 0.758865 0.758865
4497.362793 0.000000 102.794998 0.000000 0.970544 0.000000 0.240925 0.792273 0.792273 0.792273
4486.170410 0.000000 191.940735 0.000000 0.953010 0.000000 -0.302939 0.810143 0.810143 0.810143
4480.842773 0.000000 104.114700 0.000000 0.433049 0.000000 0.901370 0.783179 0.783179 0.783179
4507.695312 0.000000 102.425255 0.000000 0.870050 0.000000 0.492964 0.778379 0.778379 0.778379
4511.130371 0.000000 189.496796 0.000000 0.937065 0.000000 -0.349155 0.815173 0.815173 0.815173
4486.316895 0.000000 124.720566 0.000000 0.946251 0.000000 -0.323432 0.814603 0.814603 0.814603
4499.009766 0.000000 136.844757 0.000000 0.655759 0.000000 0.754970 0.766677 0.766677 0.766677
4496.828125 0.000000 146.237854 0.000000 0.972362 0.000000 -0.233478 0.804659 0.804659 0.804659
4483.157715 0.000000 118.036926 0.000000 0.407570 0.000000 0.913174 0.746897 0.746897 0.746897
4508.973633 0.000000 173.178131 0.000000 0.101081 0.000000 0.994878 0.741886 0.741886 0.741886
4524.701660 0.000000 111.974792 0.000000 0.838267 0.000000 0.545259 0.788943 0.788943 0.788943
4529.078613 0.000000 106.624306 0.000000 0.014376 0.000000 0.999897 0.757102 0.757102 0.757102
4498.258301 0.000000 174.156830 0.000000 0.999064 0.000000 -0.043264 0.801634 0.801634 0.801634
4468.572754 0.000000 118.593964 0.000000 0.994308 0.000000 0.106540 0.798401 0.798401 0.798401
4480.392578 0.000000 152.850983 0.000000 0.478033 0.000000 0.878342 0.773013 0.773013 0.773013
4464.382812 0.000000 170.059448 0.000000 0.181008 0.000000 0.983482 0.759226 0.759226 0.759226
4491.466797 0.000000 180.197845 0.000000 0.081865 0.000000 -0.996643 0.857985 0.857985 0.857985
4492.415527 0.000000 188.809326 0.000000 0.337334 0.000000 -0.941385 0.839691 0.839691 0.839691
4517.203125 0.000000 168.712799 0.000000 0.492997 0.000000 0.870031 0.777870 0.777870 0.777870
4503.769531 0.000000 112.956223 0.000000 0.978915 0.000000 -0.204269 0.805177 0.805177 0.805177
4470.178711 0.000000 175.395691 0.000000 0.990310 0.000000 0.138875 0.794657 0.794657 0.794657
4486.161133 0.000000 171.020691 0.000000 0.689723 0.000000 -0.724074 0.812614 0.812614 0.812614
4489.307129 0.000000 159.105072 0.000000 0.487429 0.000000 0.873162 0.784733 0.784733 0.784733
4481.567383 0.000000 182.370941 0.000000 0.966826 0.000000 0.255436 0.787619 0.787619 0.787619
4509.208008 0.000000 161.131027 0.000000 0.474819 0.000000 0.880083 0.748422 0.748422 0.748422
4522.332520 0.000000 189.268860 0.000000 0.226977 0.000000 0.973900 0.772665 0.772665 0.772665
4493.776855 0.000000 133.915817 0.000000 0.982660 0.000000 -0.185415 0.806034 0.806034 0.806034
4468.979004 0.000000 157.718048 0.000000 0.998004 0.000000 -0.063147 0.802045 0.802045 0.802045
4525.301758 0.000000 118.425331 0.000000 0.956399 0.000000 0.292064 0.794850 0.794850 0.794850
4467.690430 0.000000 147.520401 0.000000 0.954330 0.000000 -0.298755 0.805817 0.805817 0.805817
4469.022461 0.000000 163.612595 0.000000 0.741484 0.000000 -0.670971 0.826442 0.826442 0.826442
4494.225098 0.000000 168.643158 0.000000 0.330622 0.000000 -0.943763 0.822918 0.822918 0.822918
4533.466797 0.000000 183.249451 0.000000 0.375055 0.000000 -0.927002 0.849047 0.849047 0.849047
4533.438477 0.000000 189.333923 0.000000 0.185818 0.000000 -0.982584 0.862189 0.862189 0.862189
4506.224121 0.000000 183.098816 0.000000 0.119974 0.000000 0.992777 0.733947 0.733947 0.733947
4477.123047 0.000000 144.615128 0.000000 0.569389 0.000000 -0.822068 0.821394 0.821394 0.821394
4518.979980 0.000000 101.460594 0.000000 0.857404 0.000000 -0.514644 0.811013 0.811013 0.811013
4499.434082 0.000000 191.461517 0.000000 0.925978 0.000000 -0.377579 0.806728 0.806728 0.806728
4504.246582 0.000000 164.578323 0.000000 0.842874 0.000000 0.538110 0.774126 0.774126 0.774126
4499.496094 0.000000 97.738625 0.000000 0.800251 0.000000 0.599665 0.787670 0.787670 0.787670
4475.425293 0.000000 165.943039 0.000000 0.999995 0.000000 -0.003214 0.800092 0.800092 0.800092
4480.101074 0.000000 162.725250 0.000000 0.741781 0.000000 -0.670643 0.819820 0.819820 0.819820
4497.587402 0.000000 108.649361 0.000000 0.831485 0.000000 -0.555548 0.821176 0.821176 0.821176
4484.183594 0.000000 135.457520 0.000000 0.701008 0.000000 -0.713153 0.820457 0.820457 0.820457
4506.439941 0.000000 152.117386 0.000000 0.957357 0.000000 0.288908 0.789639 0.789639 0.789639
4489.871094 0.000000 144.829147 0.000000 0.789383 0.000000 0.613901 0.788515 0.788515 0.788515
4492.409668 0.000000 127.866257 0.000000 0.730113 0.000000 -0.683327 0.822989 0.822989 0.822989
4507.873535 0.000000 109.294640 0.000000 0.969108 0.000000 -0.246635 0.808660 0.808660 0.808660
4503.902344 0.000000 134.047409 0.000000 0.868910 0.000000 0.494970 0.780454 0.780454 0.780454
4516.466797 0.000000 190.625870 0.000000 0.799249 0.000000 -0.601000 0.816998 0.816998 0.816998
4503.842773 0.000000 146.149841 0.000000 0.076522 0.000000 0.997068 0.758817 0.758817 0.758817
4492.277344 0.000000 101.986374 0.000000 0.374808 0.000000 0.927103 0.773694 0.773694 0.773694
4509.404297 0.000000 139.758026 0.000000 0.997967 0.000000 0.063729 0.797631 0.797631 0.797631
4532.439941 0.000000 132.617935 0.000000 0.450768 0.000000 0.892641 0.761663 0.761663 0.761663
4515.852051 0.000000 153.994080 0.000000 0.689311 0.000000 -0.724466 0.833013 0.833013 0.833013
4477.101562 0.000000 112.291313 0.000000 0.621665 0.000000 0.783283 0.778432 0.778432 0.778432
4478.181152 0.000000 157.430130 0.000000 0.988811 0.000000 -0.149173 0.803947 0.803947 0.803947
4497.363281 0.000000 179.112671 0.000000 0.817691 0.000000 0.575658 0.773905 0.773905 0.773905
4521.802734 0.000000 150.391785 0.000000 0.564650 0.000000 -0.825331 0.820358 0.820358 0.820358
4489.121094 0.000000 136.293915 0.000000 0.729852 0.000000 -0.683605 0.818491 0.818491 0.818491
4497.448730 0.000000 119.193596 0.000000 0.409803 0.000000 -0.912174 0.831656 0.831656 0.831656
4502.648926 0.000000 101.749588 0.000000 0.844697 0.000000 0.535245 0.779019 0.779019 0.779019
4532.449219 0.000000 174.731171 0.000000 0.998498 0.000000 0.054788 0.798456 0.798456 0.798456
4501.053711 0.000000 182.297119 0.000000 0.813918 0.000000 -0.580979 0.822287 0.822287 0.822287
4526.940430 0.000000 182.846436 0.000000 0.044471 0.000000 -0.999011 0.836581 0.836581 0.836581
4463.599609 0.000000 181.975159 0.000000 0.818578 0.000000 0.574395 0.772138 0.772138 0.772138
4521.583008 0.000000 128.277222 0.000000 0.783584 0.000000 0.621286 0.784335 0.784335 0.784335
4512.285156 0.000000 150.710358 0.000000 0.625828 0.000000 0.779961 0.759798 0.759798 0.759798
4511.983887 0.000000 184.301590 0.000000 0.981904 0.000000 0.189379 0.792580 0.792580 0.792580
4509.821777 0.000000 96.469429 0.000000 0.674807 0.000000 -0.737994 0.829345 0.829345 0.829345
4534.031738 0.000000 100.628571 0.000000 0.048612 0.000000 -0.998818 0.841042 0.841042 0.841042
4513.408691 0.000000 171.456985 0.000000 0.702686 0.000000 -0.711501 0.824190 0.824190 0.824190
4499.847656 0.000000 186.921478 0.000000 0.825349 0.000000 0.564623 0.782745 0.782745 0.782745
4473.842285 0.000000 155.756531 0.000000 0.242478 0.000000 -0.970157 0.835749 0.835749 0.835749
4516.689941 0.000000 96.225983 0.000000 0.498948 0.000000 0.866632 0.772988 0.772988 0.772988
4482.741699 0.000000 127.511330 0.000000 0.932008 0.000000 -0.362438 0.816667 0.816667 0.816667
4478.834473 0.000000 177.139679 0.000000 0.997588 0.000000 0.069418 0.797919 0.797919 0.797919
4478.770996 0.000000 119.086472 0.000000 0.984296 0.000000 -0.176525 0.807018 0.807018 0.807018
4469.901855 0.000000 151.713501 0.000000 0.999954 0.000000 0.009551 0.799765 0.799765 0.799765
4465.072754 0.000000 165.671082 0.000000 0.467609 0.000000 -0.883936 0.833131 0.833131 0.833131
4533.946777 0.000000 109.545563 0.000000 0.141100 0.000000 -0.989995 0.859945 0.859945 0.859945
4478.459473 0.000000 148.817032 0.000000 0.996855 0.000000 0.079250 0.798004 0.798004 0.798004
4488.164062 0.000000 176.641815 0.000000 0.608716 0.000000 -0.793388 0.823609 0.823609 0.823609
4498.647949 0.000000 168.238525 0.000000 0.940698 0.000000 -0.339244 0.810784 0.810784 0.810784
4526.054199 0.000000 191.737305 0.000000 0.980370 0.000000 -0.197165 0.806897 0.806897 0.806897
4517.708496 0.000000 157.921860 0.000000 0.994062 0.000000 0.108816 0.796342 0.796342 0.796342
4493.152344 0.000000 112.135277 0.000000 0.309186 0.000000 -0.951002 0.852698 0.852698 0.852698
4504.766602 0.000000 174.017532 0.000000 0.990281 0.000000 -0.139084 0.806271 0.806271 0.806271
4513.190430 0.000000 158.860596 0.000000 0.894225 0.000000 0.447617 0.778866 0.778866 0.778866
4482.118164 0.000000 142.476578 0.000000 0.784975 0.000000 -0.619527 0.817214 0.817214 0.817214
4510.781250 0.000000 105.425705 0.000000 0.772122 0.000000 0.635475 0.771118 0.771118 0.771118
4507.366699 0.000000 177.178925 0.000000 0.892170 0.000000 -0.451700 0.820499 0.820499 0.820499
4514.041992 0.000000 165.878632 0.000000 0.280711 0.000000 -0.959792 0.840847 0.840847 0.840847
4507.289062 0.000000 143.505463 0.000000 0.995603 0.000000 0.093670 0.795728 0.795728 0.795728
4491.271973 0.000000 123.558121 0.000000 0.336561 0.000000 0.941662 0.752928 0.752928 0.752928
4493.683105 0.000000 117.134224 0.000000 0.997087 0.000000 0.076278 0.796981 0.796981 0.796981
4488.317871 0.000000 188.381866 0.000000 0.037530 0.000000 -0.999295 0.856040 0.856040 0.856040
4466.697266 0.000000 173.373611 0.000000 0.889757 0.000000 -0.456434 0.815052 0.815052 0.815052
4491.954590 0.000000 184.173340 0.000000 0.876025 0.000000 0.482265 0.776782 0.776782 0.776782
4463.665527 0.000000 156.996155 0.000000 0.999579 0.000000 0.029004 0.798992 0.798992 0.798992
4506.338867 0.000000 137.266235 0.000000 0.617873 0.000000 -0.786278 0.832526 0.832526 0.832526
4487.070312 0.000000 116.931213 0.000000 0.693738 0.000000 0.720227 0.763382 0.763382 0.763382
4479.971680 0.000000 115.065781 0.000000 0.893725 0.000000 0.448615 0.784112 0.784112 0.784112
4508.104492 0.000000 186.911194 0.000000 0.979211 0.000000 0.202845 0.790331 0.790331 0.790331
4489.477539 0.000000 104.796150 0.000000 0.920446 0.000000 -0.390869 0.812752 0.812752 0.812752
4486.198242 0.000000 120.795341 0.000000 0.288785 0.000000 0.957394 0.738748 0.738748 0.738748
4506.802734 0.000000 156.325607 0.000000 0.052244 0.000000 -0.998634 0.864600 0.864600 0.864600
4494.045410 0.000000 177.091125 0.000000 0.998147 0.000000 -0.060853 0.802043 0.802043 0.802043
4527.379883 0.000000 122.067047 0.000000 0.380768 0.000000 0.924670 0.762522 0.762522 0.762522
4499.742188 0.000000 111.877739 0.000000 0.475398 0.000000 -0.879771 0.834794 0.834794 0.834794
4471.629395 0.000000 178.989807 0.000000 0.983906 0.000000 -0.178686 0.809365 0.809365 0.809365
4475.158691 0.000000 120.576729 0.000000 0.459170 0.000000 0.888349 0.763301 0.763301 0.763301
4476.161621 0.000000 124.577682 0.000000 0.936136 0.000000 0.351638 0.785575 0.785575 0.785575
4501.268066 0.000000 162.174423 0.000000 0.262906 0.000000 0.964821 0.757002 0.757002 0.757002
4484.712891 0.000000 131.784393 0.000000 0.942817 0.000000 -0.333311 0.813234 0.813234 0.813234
4467.002930 0.000000 177.544083 0.000000 0.954497 0.000000 0.298221 0.788569 0.788569 0.788569
4533.863281 0.000000 178.253265 0.000000 0.923370 0.000000 0.383912 0.785835 0.785835 0.785835
4511.035645 0.000000 143.010544 0.000000 0.325895 0.000000 0.945406 0.751010 0.751010 0.751010
4530.155762 0.000000 184.760071 0.000000 0.176372 0.000000 -0.984324 0.852601 0.852601 0.852601
4486.289062 0.000000 128.468658 0.000000 0.716075 0.000000 -0.698023 0.828702 0.828702 0.828702
4502.628418 0.000000 137.446259 0.000000 0.305223 0.000000 -0.952281 0.854384 0.854384 0.854384
4525.323242 0.000000 127.888977 0.000000 0.989159 0.000000 0.146846 0.794702 0.794702 0.794702
4493.587402 0.000000 120.750160 0.000000 0.320508 0.000000 0.947246 0.755259 0.755259 0.755259
4479.052734 0.000000 127.209961 0.000000 0.390022 0.000000 0.920805 0.748819 0.748819 0.748819
4495.046387 0.000000 105.666489 0.000000 0.911809 0.000000 0.410614 0.784281 0.784281 0.784281
4485.845215 0.000000 110.638580 0.000000 0.973999 0.000000 0.226551 0.790415 0.790415 0.790415
4512.266602 0.000000 162.841034 0.000000 0.016705 0.000000 0.999860 0.734818 0.734818 0.734818
4507.590332 0.000000 190.672211 0.000000 0.867204 0.000000 0.497954 0.779387 0.779387 0.779387
4474.735352 0.000000 176.752716 0.000000 0.825234 0.000000 0.564791 0.775546 0.775546 0.775546
4467.842285 0.000000 185.055222 0.000000 0.782766 0.000000 -0.622316 0.841051 0.841051 0.841051
4506.510742 0.000000 105.999512 0.000000 0.032760 0.000000 -0.999463 0.862665 0.862665 0.862665
4489.249512 0.000000 109.628258 0.000000 0.996363 0.000000 0.085215 0.796166 0.796166 0.796166
4507.715332 0.000000 164.363556 0.000000 0.781666 0.000000 0.623697 0.767718 0.767718 0.767718
4466.525391 0.000000 190.643555 0.000000 0.999190 0.000000 0.040231 0.797709 0.797709 0.797709
4534.496094 0.000000 113.076385 0.000000 0.744483 0.000000 -0.667642 0.833727 0.833727 0.833727
4529.410156 0.000000 190.786133 0.000000 0.084160 0.000000 -0.996452 0.860567 0.860567 0.860567
4484.943848 0.000000 114.232056 0.000000 0.012703 0.000000 -0.999919 0.873752 0.873752 0.873752
4483.014648 0.000000 122.028519 0.000000 0.991131 0.000000 0.132887 0.793452 0.793452 0.793452
4472.450195 0.000000 182.405685 0.000000 0.987874 0.000000 -0.155256 0.809994 0.809994 0.809994
4490.461426 0.000000 116.091263 0.000000 0.607650 0.000000 0.794205 0.759310 0.759310 0.759310
4475.443359 0.000000 187.878296 0.000000 0.590309 0.000000 -0.807177 0.863600 0.863600 0.863600
4464.893555 0.000000 184.512451 0.000000 0.978800 0.000000 -0.204820 0.811989 0.811989 0.811989
4470.559570 0.000000 184.396851 0.000000 0.497241 0.000000 -0.867612 0.867341 0.867341 0.867341
4472.944336 0.000000 188.890808 0.000000 0.816217 0.000000 0.577746 0.757557 0.757557 0.757557
4559.094727 0.000000 184.561005 0.000000 0.262161 0.000000 -0.965024 0.835983 0.835983 0.835983
4594.963379 0.000000 166.107544 0.000000 0.895012 0.000000 -0.446042 0.820776 0.820776 0.820776
4546.287109 0.000000 151.144608 0.000000 0.180726 0.000000 0.983533 0.749230 0.749230 0.749230
4536.609863 0.000000 96.597595 0.000000 0.692036 0.000000 0.721863 0.780671 0.780671 0.780671
4569.642090 0.000000 163.937927 0.000000 0.124520 0.000000 -0.992217 0.864978 0.864978 0.864978
4541.902344 0.000000 130.358765 0.000000 0.773774 0.000000 0.633462 0.770816 0.770816 0.770816
4595.458496 0.000000 145.576523 0.000000 0.826781 0.000000 0.562524 0.793915 0.793915 0.793915
4588.469238 0.000000 185.336411 0.000000 0.837154 0.000000 -0.546967 0.808669 0.808669 0.808669
4560.464844 0.000000 131.367996 0.000000 0.989000 0.000000 0.147917 0.799555 0.799555 0.799555
4552.290527 0.000000 168.429535 0.000000 0.358003 0.000000 0.933720 0.723489 0.723489 0.723489
4591.824707 0.000000 116.046875 0.000000 0.854591 0.000000 -0.519302 0.818321 0.818321 0.818321
4582.659668 0.000000 155.399750 0.000000 0.922230 0.000000 0.386643 0.792150 0.792150 0.792150
4589.737305 0.000000 131.184235 0.000000 0.275435 0.000000 0.961320 0.786068 0.786068 0.786068
4575.078613 0.000000 177.938354 0.000000 0.034787 0.000000 0.999395 0.723613 0.723613 0.723613
4605.654297 0.000000 156.469299 0.000000 0.795078 0.000000 -0.606507 0.824989 0.824989 0.824989
4535.703125 0.000000 161.314163 0.000000 0.822067 0.000000 -0.569391 0.808711 0.808711 0.808711
4601.865234 0.000000 178.875473 0.000000 0.076883 0.000000 -0.997040 0.868025 0.868025 0.868025
4535.769043 0.000000 142.043610 0.000000 0.851920 0.000000 0.523671 0.785470 0.785470 0.785470
4547.417480 0.000000 180.207245 0.000000 0.902180 0.000000 -0.431360 0.819508 0.819508 0.819508
4582.069824 0.000000 167.064514 0.000000 0.151210 0.000000 -0.988502 0.863767 0.863767 0.863767
4537.197266 0.000000 187.397034 0.000000 0.998197 0.000000 0.060026 0.797805 0.797805 0.797805
4573.009766 0.000000 150.949844 0.000000 0.971960 0.000000 0.235147 0.794738 0.794738 0.794738
4555.252441 0.000000 158.297302 0.000000 0.963772 0.000000 -0.266729 0.811648 0.811648 0.811648
4594.137207 0.000000 105.866493 0.000000 0.387061 0.000000 0.922054 0.748678 0.748678 0.748678
4593.344238 0.000000 155.689804 0.000000 0.264591 0.000000 -0.964361 0.847625 0.847625 0.847625
4602.106445 0.000000 137.345856 0.000000 0.872121 0.000000 -0.489291 0.806433 0.806433 0.806433
4565.828125 0.000000 140.729919 0.000000 0.985890 0.000000 0.167393 0.797884 0.797884 0.797884
4583.807129 0.000000 122.807365 0.000000 0.273487 0.000000 0.961876 0.744961 0.744961 0.744961
4585.092773 0.000000 108.984879 0.000000 0.537948 0.000000 0.842978 0.757941 0.757941 0.757941
4599.984375 0.000000 187.673218 0.000000 0.720749 0.000000 -0.693196 0.826158 0.826158 0.826158
4568.341797 0.000000 184.021423 0.000000 0.993343 0.000000 0.115193 0.795504 0.795504 0.795504
4560.623047 0.000000 165.305542 0.000000 0.998322 0.000000 -0.057900 0.802048 0.802048 0.802048
4581.161133 0.000000 133.603363 0.000000 0.519648 0.000000 0.854380 0.788952 0.788952 0.788952
4555.485840 0.000000 176.657654 0.000000 0.012409 0.000000 -0.999923 0.904579 0.904579 0.904579
4546.618652 0.000000 116.733215 0.000000 0.829037 0.000000 0.559194 0.785778 0.785778 0.785778
4550.837402 0.000000 187.966583 0.000000 0.185394 0.000000 -0.982664 0.818248 0.818248 0.818248
4593.414551 0.000000 96.022980 0.000000 0.475281 0.000000 0.879834 0.779379 0.779379 0.779379
4603.881836 0.000000 169.425110 0.000000 0.374837 0.000000 0.927091 0.760186 0.760186 0.760186
4554.375000 0.000000 146.799927 0.000000 0.505300 0.000000 -0.862944 0.845536 0.845536 0.845536
4603.275879 0.000000 148.323273 0.000000 0.586002 0.000000 -0.810310 0.829433 0.829433 0.829433
4537.474121 0.000000 153.055450 0.000000 0.159823 0.000000 0.987146 0.761130 0.761130 0.761130
4607.112793 0.000000 105.233589 0.000000 0.945174 0.000000 0.326567 0.785250 0.785250 0.785250
4543.820312 0.000000 143.343140 0.000000 0.397803 0.000000 -0.917471 0.850115 0.850115 0.850115
4552.388184 0.000000 131.417648 0.000000 0.123826 0.000000 -0.992304 0.832938 0.832938 0.832938
4566.684570 0.000000 156.445435 0.000000 0.670787 0.000000 -0.741650 0.839549 0.839549 0.839549
4588.126465 0.000000 161.958862 0.000000 0.989723 0.000000 -0.143001 0.806448 0.806448 0.806448
4575.632812 0.000000 159.019592 0.000000 0.996509 0.000000 0.083484 0.797396 0.797396 0.797396
4574.882812 0.000000 169.960480 0.000000 0.521665 0.000000 0.853151 0.754074 0.754074 0.754074
4582.634766 0.000000 179.727417 0.000000 0.991494 0.000000 0.130150 0.797888 0.797888 0.797888
4558.247559 0.000000 140.374939 0.000000 0.581075 0.000000 -0.813850 0.820508 0.820508 0.820508
4594.425781 0.000000 180.781799 0.000000 0.864886 0.000000 0.501968 0.787081 0.787081 0.787081
4568.774414 0.000000 114.400421 0.000000 0.848611 0.000000 0.529018 0.778290 0.778290 0.778290
4535.577637 0.000000 134.608734 0.000000 0.790352 0.000000 0.612652 0.781035 0.781035 0.781035
4588.936035 0.000000 149.009277 0.000000 0.933926 0.000000 -0.357465 0.805038 0.805038 0.805038
4581.300781 0.000000 115.837479 0.000000 0.917631 0.000000 0.397434 0.782123 0.782123 0.782123
4539.018066 0.000000 103.848251 0.000000 0.928813 0.000000 -0.370549 0.815694 0.815694 0.815694
4597.486816 0.000000 173.061691 0.000000 0.561420 0.000000 0.827531 0.760871 0.760871 0.760871
4568.162109 0.000000 124.092636 0.000000 0.543112 0.000000 -0.839660 0.823887 0.823887 0.823887
4600.915039 0.000000 161.887390 0.000000 0.343415 0.000000 -0.939184 0.838019 0.838019 0.838019
4540.357422 0.000000 181.246811 0.000000 0.620634 0.000000 0.784101 0.761120 0.761120 0.761120
4583.122559 0.000000 189.496796 0.000000 0.942815 0.000000 0.333317 0.789616 0.789616 0.789616
4548.125977 0.000000 173.487717 0.000000 0.999970 0.000000 0.007680 0.799374 0.799374 0.799374
4599.567871 0.000000 154.037506 0.000000 0.462742 0.000000 0.886493 0.752337 0.752337 0.752337
4568.820312 0.000000 146.237854 0.000000 0.498177 0.000000 -0.867076 0.822634 0.822634 0.822634
4555.149902 0.000000 118.036926 0.000000 0.321053 0.000000 -0.947061 0.819379 0.819379 0.819379
4589.911133 0.000000 124.103226 0.000000 0.441998 0.000000 0.897016 0.773326 0.773326 0.773326
4580.965820 0.000000 173.178131 0.000000 0.626760 0.000000 -0.779213 0.829977 0.829977 0.829977
4596.693848 0.000000 111.974792 0.000000 0.954876 0.000000 0.297005 0.790785 0.790785 0.790785
4601.070801 0.000000 106.624306 0.000000 0.833687 0.000000 -0.552237 0.822785 0.822785 0.822785
4570.250488 0.000000 174.156830 0.000000 0.157720 0.000000 0.987484 0.722989 0.722989 0.722989
4552.384766 0.000000 152.850983 0.000000 0.224944 0.000000 -0.974372 0.858782 0.858782 0.858782
4536.375000 0.000000 170.059448 0.000000 0.603260 0.000000 0.797545 0.762938 0.762938 0.762938
4563.458984 0.000000 180.197845 0.000000 0.850224 0.000000 -0.526421 0.823916 0.823916 0.823916
4564.407715 0.000000 188.809326 0.000000 0.994617 0.000000 0.103622 0.797636 0.797636 0.797636
4542.170898 0.000000 175.395691 0.000000 0.980064 0.000000 0.198682 0.785739 0.785739 0.785739
4558.153320 0.000000 171.020691 0.000000 0.534761 0.000000 0.845003 0.755370 0.755370 0.755370
4581.200195 0.000000 161.131027 0.000000 0.527004 0.000000 -0.849863 0.838341 0.838341 0.838341
4594.324707 0.000000 189.268860 0.000000 0.012108 0.000000 0.999927 0.749568 0.749568 0.749568
4558.303711 0.000000 107.117096 0.000000 0.520486 0.000000 0.853870 0.762596 0.762596 0.762596
4540.971191 0.000000 157.718048 0.000000 0.928563 0.000000 0.371175 0.785873 0.785873 0.785873
4597.293945 0.000000 118.425331 0.000000 0.966243 0.000000 0.257633 0.796097 0.796097 0.796097
4539.682617 0.000000 147.520401 0.000000 0.810864 0.000000 0.585235 0.776027 0.776027 0.776027
4541.014648 0.000000 163.612595 0.000000 0.973959 0.000000 0.226723 0.790818 0.790818 0.790818
4566.217285 0.000000 168.643158 0.000000 0.972797 0.000000 0.231661 0.790195 0.790195 0.790195
4545.036133 0.000000 185.649170 0.000000 0.153687 0.000000 -0.988120 0.826310 0.826310 0.826310
4584.405273 0.000000 128.478500 0.000000 0.999477 0.000000 0.032323 0.799264 0.799264 0.799264
4605.458984 0.000000 183.249451 0.000000 0.838480 0.000000 0.544932 0.775138 0.775138 0.775138
4544.140137 0.000000 111.206467 0.000000 0.982348 0.000000 -0.187061 0.804961 0.804961 0.804961
4536.429199 0.000000 128.891388 0.000000 0.406152 0.000000 -0.913806 0.855246 0.855246 0.855246
4578.216309 0.000000 183.098816 0.000000 0.862451 0.000000 -0.506140 0.816217 0.816217 0.816217
4596.370605 0.000000 100.735886 0.000000 0.996684 0.000000 -0.081374 0.802929 0.802929 0.802929
4590.972168 0.000000 101.460594 0.000000 0.981800 0.000000 0.189918 0.794505 0.794505 0.794505
4590.398926 0.000000 110.771957 0.000000 0.933263 0.000000 -0.359195 0.815850 0.815850 0.815850
4571.426270 0.000000 191.461517 0.000000 0.231064 0.000000 0.972938 0.754316 0.754316 0.754316
4586.754395 0.000000 118.017944 0.000000 0.326246 0.000000 -0.945285 0.841555 0.841555 0.841555
4576.238770 0.000000 164.578323 0.000000 0.524061 0.000000 0.851681 0.756643 0.756643 0.756643
4552.093262 0.000000 162.725250 0.000000 0.645595 0.000000 0.763680 0.755742 0.755742 0.755742
4569.579590 0.000000 108.649361 0.000000 0.968180 0.000000 -0.250255 0.808639 0.808639 0.808639
4561.863281 0.000000 144.829147 0.000000 0.993599 0.000000 0.112969 0.796676 0.796676 0.796676
4564.401855 0.000000 127.866257 0.000000 0.298977 0.000000 0.954260 0.776463 0.776463 0.776463
4595.426270 0.000000 160.888977 0.000000 0.338222 0.000000 0.941066 0.751527 0.751527 0.751527
4588.458984 0.000000 190.625870 0.000000 0.656991 0.000000 0.753899 0.770323 0.770323 0.770323
4564.269531 0.000000 101.986374 0.000000 0.961919 0.000000 0.273334 0.789383 0.789383 0.789383
4587.844238 0.000000 153.994080 0.000000 0.745770 0.000000 -0.666203 0.815727 0.815727 0.815727
4550.173340 0.000000 157.430130 0.000000 0.038287 0.000000 -0.999267 0.847748 0.847748 0.847748
4539.596680 0.000000 138.772095 0.000000 0.421733 0.000000 0.906720 0.768705 0.768705 0.768705
4566.991699 0.000000 150.958908 0.000000 0.920784 0.000000 0.390072 0.785594 0.785594 0.785594
4571.871582 0.000000 155.789474 0.000000 0.995309 0.000000 0.096742 0.796517 0.796517 0.796517
4579.352539 0.000000 120.360474 0.000000 0.148513 0.000000 -0.988910 0.857075 0.857075 0.857075
4593.794922 0.000000 150.391785 0.000000 0.688314 0.000000 -0.725413 0.820425 0.820425 0.820425
4565.142090 0.000000 162.240326 0.000000 0.045989 0.000000 0.998942 0.743356 0.743356 0.743356
4599.858887 0.000000 166.577057 0.000000 0.504896 0.000000 -0.863180 0.844932 0.844932 0.844932
4604.441406 0.000000 174.731171 0.000000 0.755205 0.000000 0.655489 0.775158 0.775158 0.775158
4587.138672 0.000000 104.495346 0.000000 0.526171 0.000000 -0.850379 0.842034 0.842034 0.842034
4598.932617 0.000000 182.846436 0.000000 0.987005 0.000000 -0.160688 0.805512 0.805512 0.805512
4535.591797 0.000000 181.975159 0.000000 0.171286 0.000000 -0.985221 0.861177 0.861177 0.861177
4539.501465 0.000000 125.128555 0.000000 0.210049 0.000000 0.977691 0.738107 0.738107 0.738107
4536.891113 0.000000 108.168274 0.000000 0.548786 0.000000 -0.835963 0.843890 0.843890 0.843890
4573.048340 0.000000 123.892982 0.000000 0.502091 0.000000 0.864815 0.777464 0.777464 0.777464
4592.928711 0.000000 172.280975 0.000000 0.027904 0.000000 -0.999611 0.843449 0.843449 0.843449
4605.524414 0.000000 141.151550 0.000000 0.091545 0.000000 0.995801 0.764550 0.764550 0.764550
4581.813965 0.000000 96.469429 0.000000 0.974735 0.000000 -0.223366 0.810663 0.810663 0.810663
4606.023926 0.000000 100.628571 0.000000 0.082324 0.000000 -0.996606 0.858858 0.858858 0.858858
4598.715332 0.000000 149.356812 0.000000 0.340077 0.000000 0.940397 0.767003 0.767003 0.767003
4604.601562 0.000000 164.756912 0.000000 0.790386 0.000000 -0.612610 0.815408 0.815408 0.815408
4585.400879 0.000000 171.456985 0.000000 0.072797 0.000000 0.997347 0.747046 0.747046 0.747046
4571.839844 0.000000 186.921478 0.000000 0.874220 0.000000 -0.485529 0.819745 0.819745 0.819745
4545.834473 0.000000 155.756531 0.000000 0.969821 0.000000 -0.243817 0.810921 0.810921 0.810921
4588.682129 0.000000 96.225983 0.000000 0.877003 0.000000 0.480485 0.786786 0.786786 0.786786
4556.116699 0.000000 165.922729 0.000000 0.798874 0.000000 -0.601498 0.828615 0.828615 0.828615
4550.826660 0.000000 177.139679 0.000000 0.952311 0.000000 -0.305130 0.821737 0.821737 0.821737
4541.894043 0.000000 151.713501 0.000000 0.473834 0.000000 -0.880614 0.843887 0.843887 0.843887
4585.136719 0.000000 113.474609 0.000000 0.823599 0.000000 -0.567173 0.824571 0.824571 0.824571
4550.878906 0.000000 108.214172 0.000000 0.417087 0.000000 -0.908867 0.827336 0.827336 0.827336
4537.064941 0.000000 165.671082 0.000000 0.426491 0.000000 -0.904492 0.831150 0.831150 0.831150
4552.583008 0.000000 172.984619 0.000000 0.406669 0.000000 0.913576 0.719242 0.719242 0.719242
4605.938965 0.000000 109.545563 0.000000 0.175762 0.000000 -0.984433 0.844272 0.844272 0.844272
4535.546875 0.000000 100.960907 0.000000 0.507357 0.000000 0.861736 0.771994 0.771994 0.771994
4556.480957 0.000000 150.781174 0.000000 0.987499 0.000000 0.157625 0.793077 0.793077 0.793077
4550.451660 0.000000 148.817032 0.000000 0.812629 0.000000 -0.582781 0.827958 0.827958 0.827958
4560.156250 0.000000 176.641815 0.000000 0.445687 0.000000 0.895189 0.748842 0.748842 0.748842
4570.640137 0.000000 168.238525 0.000000 0.612962 0.000000 0.790112 0.754149 0.754149 0.754149
4557.893066 0.000000 161.798950 0.000000 0.034148 0.000000 0.999417 0.732788 0.732788 0.732788
4557.810059 0.000000 180.398071 0.000000 0.940237 0.000000 0.340522 0.785426 0.785426 0.785426
4597.729980 0.000000 177.595764 0.000000 0.052714 0.000000 -0.998610 0.853665 0.853665 0.853665
4589.700684 0.000000 157.921860 0.000000 0.413389 0.000000 -0.910554 0.840464 0.840464 0.840464
4541.159668 0.000000 108.059158 0.000000 0.975917 0.000000 -0.218144 0.808433 0.808433 0.808433
4565.144531 0.000000 112.135277 0.000000 0.989442 0.000000 0.144933 0.793290 0.793290 0.793290
4576.758789 0.000000 174.017532 0.000000 0.748504 0.000000 0.663130 0.768289 0.768289 0.768289
4585.182617 0.000000 158.860596 0.000000 0.016875 0.000000 0.999858 0.746929 0.746929 0.746929
4554.110352 0.000000 142.476578 0.000000 0.437801 0.000000 0.899072 0.763169 0.763169 0.763169
4569.993164 0.000000 159.679718 0.000000 0.894423 0.000000 -0.447222 0.820280 0.820280 0.820280
4540.327148 0.000000 99.550117 0.000000 0.831486 0.000000 -0.555546 0.821881 0.821881 0.821881
4546.703125 0.000000 139.995270 0.000000 0.952942 0.000000 -0.303153 0.814025 0.814025 0.814025
4582.773438 0.000000 105.425705 0.000000 0.101871 0.000000 0.994798 0.736638 0.736638 0.736638
4540.446777 0.000000 134.471115 0.000000 0.572574 0.000000 -0.819853 0.832250 0.832250 0.832250
4543.218750 0.000000 103.006721 0.000000 0.842674 0.000000 -0.538425 0.825891 0.825891 0.825891
4601.486816 0.000000 157.758118 0.000000 0.340658 0.000000 -0.940187 0.852768 0.852768 0.852768
4579.358887 0.000000 177.178925 0.000000 0.920676 0.000000 0.390327 0.786065 0.786065 0.786065
4586.034180 0.000000 165.878632 0.000000 0.984139 0.000000 -0.177398 0.808121 0.808121 0.808121
4562.061035 0.000000 169.633362 0.000000 0.135286 0.000000 -0.990807 0.849872 0.849872 0.849872
4563.264160 0.000000 123.558121 0.000000 0.732212 0.000000 -0.681076 0.821099 0.821099 0.821099
4563.304199 0.000000 154.071228 0.000000 0.312613 0.000000 -0.949881 0.853298 0.853298 0.853298
4558.395996 0.000000 147.154877 0.000000 0.015705 0.000000 -0.999877 0.859633 0.859633 0.859633
4600.441895 0.000000 102.448219 0.000000 0.999649 0.000000 0.026485 0.798841 0.798841 0.798841
4544.312500 0.000000 147.334030 0.000000 0.746780 0.000000 -0.665071 0.829645 0.829645 0.829645
4591.072754 0.000000 164.765076 0.000000 0.048518 0.000000 -0.998822 0.870231 0.870231 0.870231
4563.946777 0.000000 184.173340 0.000000 0.804291 0.000000 0.594236 0.779412 0.779412 0.779412
4539.624023 0.000000 143.125229 0.000000 0.913442 0.000000 0.406969 0.784179 0.784179 0.784179
4578.945801 0.000000 169.455704 0.000000 0.363727 0.000000 0.931506 0.746859 0.746859 0.746859
4545.623047 0.000000 132.021866 0.000000 0.569032 0.000000 -0.822315 0.846278 0.846278 0.846278
4561.469727 0.000000 104.796150 0.000000 0.855898 0.000000 -0.517144 0.823773 0.823773 0.823773
4546.404297 0.000000 169.875641 0.000000 0.794571 0.000000 0.607171 0.752303 0.752303 0.752303
4543.621582 0.000000 178.989807 0.000000 0.912902 0.000000 0.408178 0.777831 0.777831 0.777831
4597.540039 0.000000 108.209549 0.000000 0.147051 0.000000 0.989129 0.748835 0.748835 0.748835
4597.248047 0.000000 157.418015 0.000000 0.961789 0.000000 0.273793 0.787870 0.787870 0.787870
4573.260254 0.000000 162.174423 0.000000 0.956020 0.000000 0.293301 0.787872 0.787872 0.787872
4601.312988 0.000000 172.372742 0.000000 0.684281 0.000000 -0.729219 0.833785 0.833785 0.833785
4547.715332 0.000000 96.486168 0.000000 0.344028 0.000000 0.938959 0.738617 0.738617 0.738617
4581.163086 0.000000 125.674263 0.000000 0.906665 0.000000 -0.421851 0.815656 0.815656 0.815656
4577.550293 0.000000 116.915138 0.000000 0.718700 0.000000 -0.695320 0.830866 0.830866 0.830866
4538.995117 0.000000 177.544083 0.000000 0.985872 0.000000 -0.167503 0.809580 0.809580 0.809580
4554.540527 0.000000 107.637863 0.000000 0.955453 0.000000 -0.295144 0.810412 0.810412 0.810412
4582.902344 0.000000 119.179443 0.000000 0.959873 0.000000 -0.280435 0.813114 0.813114 0.813114
4590.346191 0.000000 106.622757 0.000000 0.487157 0.000000 -0.873314 0.848359 0.848359 0.848359
4597.104980 0.000000 169.122391 0.000000 0.757762 0.000000 0.652531 0.769331 0.769331 0.769331
4605.855469 0.000000 178.253265 0.000000 0.828655 0.000000 -0.559760 0.823494 0.823494 0.823494
4588.729004 0.000000 114.039185 0.000000 0.387834 0.000000 0.921729 0.750822 0.750822 0.750822
4543.640137 0.000000 127.182159 0.000000 0.041440 0.000000 0.999141 0.729442 0.729442 0.729442
4568.145508 0.000000 99.363976 0.000000 0.075220 0.000000 0.997167 0.739068 0.739068 0.739068
4602.147949 0.000000 184.760071 0.000000 0.551780 0.000000 0.833990 0.756860 0.756860 0.756860
4567.025879 0.000000 172.196075 0.000000 0.994315 0.000000 0.106481 0.794822 0.794822 0.794822
4565.579590 0.000000 120.750160 0.000000 0.869499 0.000000 -0.493934 0.819191 0.819191 0.819191
4603.703613 0.000000 103.887123 0.000000 0.901778 0.000000 -0.432200 0.819549 0.819549 0.819549
4567.038574 0.000000 105.666489 0.000000 0.155915 0.000000 0.987770 0.747463 0.747463 0.747463
4596.090332 0.000000 153.123718 0.000000 0.979219 0.000000 -0.202804 0.807464 0.807464 0.807464
4591.611816 0.000000 161.100342 0.000000 0.533615 0.000000 0.845728 0.753498 0.753498 0.753498
4581.739746 0.000000 112.342636 0.000000 0.991251 0.000000 -0.131992 0.805790 0.805790 0.805790
4594.174316 0.000000 109.347763 0.000000 0.990592 0.000000 0.136849 0.794654 0.794654 0.794654
4584.258789 0.000000 162.841034 0.000000 0.810688 0.000000 0.585478 0.773767 0.773767 0.773767
4571.976562 0.000000 105.240059 0.000000 0.910556 0.000000 -0.413385 0.816087 0.816087 0.816087
4579.582520 0.000000 190.672211 0.000000 0.733184 0.000000 0.680030 0.769084 0.769084 0.769084
4546.727539 0.000000 176.752716 0.000000 0.795359 0.000000 -0.606138 0.845261 0.845261 0.845261
4543.750000 0.000000 165.772858 0.000000 0.391833 0.000000 -0.920036 0.860195 0.860195 0.860195
4578.502930 0.000000 105.999512 0.000000 0.454199 0.000000 -0.890900 0.842156 0.842156 0.842156
4597.459473 0.000000 104.672211 0.000000 0.999869 0.000000 -0.016185 0.800756 0.800756 0.800756
4579.707520 0.000000 164.363556 0.000000 0.569331 0.000000 0.822108 0.758365 0.758365 0.758365
4597.806152 0.000000 163.453842 0.000000 0.128177 0.000000 -0.991751 0.856171 0.856171 0.856171
4574.977051 0.000000 185.259933 0.000000 0.010408 0.000000 0.999946 0.731749 0.731749 0.731749
4601.402344 0.000000 190.786133 0.000000 0.614905 0.000000 -0.788601 0.841372 0.841372 0.841372
4543.627930 0.000000 120.085617 0.000000 0.970817 0.000000 -0.239820 0.810012 0.810012 0.810012
4555.631348 0.000000 154.572388 0.000000 0.966585 0.000000 -0.256347 0.811494 0.811494 0.811494
4538.134766 0.000000 131.855972 0.000000 0.152206 0.000000 -0.988349 0.860323 0.860323 0.860323
4572.872559 0.000000 165.737442 0.000000 0.392885 0.000000 0.919588 0.748955 0.748955 0.748955
4542.787598 0.000000 160.627151 0.000000 0.955353 0.000000 0.295466 0.787420 0.787420 0.787420
4582.275879 0.000000 100.184036 0.000000 0.853410 0.000000 0.521240 0.775032 0.775032 0.775032
4543.822266 0.000000 172.273880 0.000000 0.900330 0.000000 -0.435208 0.831835 0.831835 0.831835
4539.069824 0.000000 121.653885 0.000000 0.407321 0.000000 -0.913285 0.849667 0.849667 0.849667
4539.256348 0.000000 168.223145 0.000000 0.952141 0.000000 -0.305661 0.813773 0.813773 0.813773
4573.580566 0.000000 173.204437 0.000000 0.784078 0.000000 -0.620662 0.835707 0.835707 0.835707
4549.882324 0.000000 170.705139 0.000000 0.078655 0.000000 -0.996902 0.920690 0.920690 0.920690
4600.754883 0.000000 175.653671 0.000000 0.212174 0.000000 -0.977232 0.864233 0.864233 0.864233
4554.994629 0.000000 170.467285 0.000000 0.994095 0.000000 -0.108511 0.806384 0.806384 0.806384
4576.615723 0.000000 109.861099 0.000000 0.955464 0.000000 -0.295107 0.813462 0.813462 0.813462
4566.542480 0.000000 181.214508 0.000000 0.497360 0.000000 0.867544 0.744624 0.744624 0.744624
4548.827148 0.000000 162.573685 0.000000 0.337441 0.000000 0.941347 0.740470 0.740470 0.740470
4550.522461 0.000000 181.041077 0.000000 0.142355 0.000000 0.989816 0.734975 0.734975 0.734975
4564.603027 0.000000 158.916931 0.000000 0.817333 0.000000 -0.576165 0.829801 0.829801 0.829801
4557.581543 0.000000 174.315765 0.000000 0.415511 0.000000 -0.909588 0.867074 0.867074 0.867074
4553.238770 0.000000 179.196991 0.000000 0.586418 0.000000 -0.810008 0.853743 0.853743 0.853743
4535.934570 0.000000 111.184082 0.000000 0.160478 0.000000 -0.987039 0.865879 0.865879 0.865879
4572.174316 0.000000 176.813919 0.000000 0.982398 0.000000 0.186798 0.789980 0.789980 0.789980
4550.672363 0.000000 165.537384 0.000000 0.437939 0.000000 -0.899005 0.864279 0.864279 0.864279
4571.187012 0.000000 171.220581 0.000000 0.018972 0.000000 -0.999820 0.881823 0.881823 0.881823
4544.514160 0.000000 162.934906 0.000000 0.556799 0.000000 -0.830647 0.852862 0.852862 0.852862
4549.032227 0.000000 99.075279 0.000000 0.384720 0.000000 0.923033 0.735180 0.735180 0.735180
4540.526367 0.000000 171.268219 0.000000 0.972308 0.000000 -0.233704 0.813710 0.813710 0.813710
4549.573242 0.000000 167.979156 0.000000 0.076572 0.000000 0.997064 0.702418 0.702418 0.702418
4544.938965 0.000000 174.691101 0.000000 0.555016 0.000000 0.831840 0.724655 0.724655 0.724655
4552.955566 0.000000 175.625397 0.000000 0.318444 0.000000 0.947942 0.708867 0.708867 0.708867
4550.477539 0.000000 174.647446 0.000000 0.061789 0.000000 0.998089 0.681559 0.681559 0.681559
4441.667969 0.000000 195.585190 0.000000 0.047227 0.000000 0.998884 0.766224 0.766224 0.766224
4432.227051 0.000000 236.787720 0.000000 0.401720 0.000000 0.915763 0.781969 0.781969 0.781969
4422.035156 0.000000 192.279068 0.000000 0.312447 0.000000 0.949935 0.791741 0.791741 0.791741
4445.752930 0.000000 227.168610 0.000000 0.972294 0.000000 -0.233761 0.804383 0.804383 0.804383
4458.815918 0.000000 208.939499 0.000000 0.740802 0.000000 0.671724 0.768667 0.768667 0.768667
4429.025391 0.000000 246.934235 0.000000 0.621357 0.000000 0.783527 0.791369 0.791369 0.791369
4432.448730 0.000000 284.465576 0.000000 0.812456 0.000000 -0.583023 0.819766 0.819766 0.819766
4439.822754 0.000000 218.791748 0.000000 0.258562 0.000000 -0.965995 0.812552 0.812552 0.812552
4441.108398 0.000000 204.969269 0.000000 0.957295 0.000000 0.289113 0.788577 0.788577 0.788577
4432.851562 0.000000 192.374451 0.000000 0.863867 0.000000 -0.503720 0.808540 0.808540 0.808540
4424.357422 0.000000 280.005798 0.000000 0.188067 0.000000 0.982156 0.784271 0.784271 0.784271
4449.430176 0.000000 192.007370 0.000000 0.901856 0.000000 -0.432036 0.809369 0.809369 0.809369
4459.897461 0.000000 265.409485 0.000000 0.986087 0.000000 0.166232 0.798599 0.798599 0.798599
4459.291504 0.000000 244.307663 0.000000 0.822110 0.000000 0.569329 0.788024 0.788024 0.788024
4463.128418 0.000000 201.217972 0.000000 0.984555 0.000000 -0.175076 0.803796 0.803796 0.803796
4431.648438 0.000000 255.003967 0.000000 0.196811 0.000000 -0.980441 0.820562 0.820562 0.820562
4430.898438 0.000000 265.944855 0.000000 0.912013 0.000000 -0.410161 0.806331 0.806331 0.806331
4449.997070 0.000000 234.047272 0.000000 0.718681 0.000000 -0.695340 0.825338 0.825338 0.825338
4450.441406 0.000000 276.766174 0.000000 0.377299 0.000000 0.926092 0.786522 0.786522 0.786522
4444.951660 0.000000 244.993652 0.000000 0.885519 0.000000 -0.464603 0.817660 0.817660 0.817660
4437.316406 0.000000 211.821854 0.000000 0.718931 0.000000 0.695081 0.788948 0.788948 0.788948
4453.502441 0.000000 269.046082 0.000000 0.974352 0.000000 -0.225030 0.805440 0.805440 0.805440
4456.930664 0.000000 257.871765 0.000000 0.981750 0.000000 0.190178 0.798166 0.798166 0.798166
4454.275879 0.000000 227.314835 0.000000 0.841474 0.000000 0.540297 0.773666 0.773666 0.773666
4435.703125 0.000000 198.409637 0.000000 0.961277 0.000000 -0.275586 0.803011 0.803011 0.803011
4439.138184 0.000000 285.481171 0.000000 0.897293 0.000000 0.441435 0.778359 0.778359 0.778359
4445.926758 0.000000 220.087601 0.000000 0.685521 0.000000 0.728053 0.773126 0.773126 0.773126
4436.981445 0.000000 269.162537 0.000000 0.238585 0.000000 -0.971122 0.847810 0.847810 0.847810
4426.266113 0.000000 270.141205 0.000000 0.739692 0.000000 0.672946 0.786731 0.786731 0.786731
4437.215820 0.000000 257.115417 0.000000 0.046712 0.000000 -0.998908 0.846572 0.846572 0.846572
4456.681152 0.000000 238.950027 0.000000 0.906629 0.000000 -0.421928 0.817486 0.817486 0.817486
4434.231934 0.000000 279.083191 0.000000 0.071153 0.000000 0.997465 0.736206 0.736206 0.736206
4452.386230 0.000000 196.720261 0.000000 0.954093 0.000000 -0.299511 0.812029 0.812029 0.812029
4446.987793 0.000000 197.444977 0.000000 0.196032 0.000000 0.980597 0.748154 0.748154 0.748154
4462.963379 0.000000 212.512482 0.000000 0.426241 0.000000 0.904610 0.755295 0.755295 0.755295
4434.447754 0.000000 248.101776 0.000000 0.989165 0.000000 0.146806 0.795586 0.795586 0.795586
4451.441895 0.000000 256.873352 0.000000 0.963336 0.000000 0.268297 0.792676 0.792676 0.792676
4444.474609 0.000000 286.610260 0.000000 0.203441 0.000000 0.979087 0.761534 0.761534 0.761534
4447.268066 0.000000 238.521835 0.000000 0.664426 0.000000 0.747354 0.766115 0.766115 0.766115
4445.389160 0.000000 275.811371 0.000000 0.324005 0.000000 -0.946055 0.836430 0.836430 0.836430
4437.412109 0.000000 235.742416 0.000000 0.499955 0.000000 -0.866051 0.821334 0.821334 0.821334
4443.859863 0.000000 249.978455 0.000000 0.252072 0.000000 -0.967708 0.854406 0.854406 0.854406
4449.810547 0.000000 246.376160 0.000000 0.973544 0.000000 0.228498 0.793784 0.793784 0.793784
4455.874512 0.000000 262.561462 0.000000 0.520128 0.000000 -0.854088 0.822697 0.822697 0.822697
4429.061523 0.000000 278.281494 0.000000 0.889359 0.000000 0.457210 0.787766 0.787766 0.787766
4443.154297 0.000000 200.479721 0.000000 0.775772 0.000000 -0.631014 0.829050 0.829050 0.829050
4449.590820 0.000000 224.261612 0.000000 0.936808 0.000000 -0.349843 0.811778 0.811778 0.811778
4456.723145 0.000000 222.066696 0.000000 0.228911 0.000000 -0.973447 0.849773 0.849773 0.849773
4440.292969 0.000000 246.694733 0.000000 0.557601 0.000000 -0.830109 0.846942 0.846942 0.846942
4439.991699 0.000000 280.285980 0.000000 0.979627 0.000000 -0.200824 0.809086 0.809086 0.809086
4448.944336 0.000000 268.265350 0.000000 0.971766 0.000000 -0.235949 0.808135 0.808135 0.808135
4462.039551 0.000000 196.612961 0.000000 0.827242 0.000000 -0.561845 0.818231 0.818231 0.818231
4454.730957 0.000000 245.341187 0.000000 0.858072 0.000000 0.513530 0.785782 0.785782 0.785782
4441.416504 0.000000 267.441376 0.000000 0.365460 0.000000 -0.930827 0.848040 0.848040 0.848040
4449.820312 0.000000 229.521713 0.000000 0.846503 0.000000 -0.532384 0.815810 0.815810 0.815810
4441.152344 0.000000 209.458984 0.000000 0.171615 0.000000 -0.985164 0.851946 0.851946 0.851946
4461.954590 0.000000 205.529938 0.000000 0.955582 0.000000 -0.294724 0.808066 0.808066 0.808066
4453.733887 0.000000 231.648651 0.000000 0.987795 0.000000 -0.155760 0.805904 0.805904 0.805904
4445.716309 0.000000 253.906250 0.000000 0.148225 0.000000 -0.988954 0.852826 0.852826 0.852826
4448.765625 0.000000 272.545227 0.000000 0.842010 0.000000 -0.539461 0.814339 0.814339 0.814339
4432.774414 0.000000 270.001923 0.000000 0.742212 0.000000 0.670165 0.774917 0.774917 0.774917
4441.198242 0.000000 254.844971 0.000000 0.116650 0.000000 0.993173 0.735537 0.735537 0.735537
4440.206543 0.000000 271.822021 0.000000 0.595221 0.000000 -0.803562 0.841379 0.841379 0.841379
4435.374512 0.000000 273.163330 0.000000 0.560080 0.000000 -0.828438 0.842119 0.842119 0.842119
4442.049805 0.000000 261.863007 0.000000 0.187794 0.000000 0.982208 0.743697 0.743697 0.743697
4452.547852 0.000000 237.611237 0.000000 0.867307 0.000000 0.497774 0.776898 0.776898 0.776898
4456.457520 0.000000 198.432602 0.000000 0.448660 0.000000 0.893703 0.762243 0.762243 0.762243
4447.088379 0.000000 260.749451 0.000000 0.869057 0.000000 -0.494712 0.822015 0.822015 0.822015
4436.112305 0.000000 282.895569 0.000000 0.439422 0.000000 0.898281 0.753199 0.753199 0.753199
4460.645508 0.000000 192.012344 0.000000 0.091004 0.000000 0.995851 0.742373 0.742373 0.742373
4453.555664 0.000000 204.193939 0.000000 0.855024 0.000000 -0.518589 0.830707 0.830707 0.830707
4454.300293 0.000000 192.318253 0.000000 0.798957 0.000000 -0.601388 0.822037 0.822037 0.822037
4461.838867 0.000000 219.233444 0.000000 0.164382 0.000000 -0.986397 0.856430 0.856430 0.856430
4458.108398 0.000000 225.596863 0.000000 0.997547 0.000000 0.070006 0.797649 0.797649 0.797649
4447.647461 0.000000 242.422928 0.000000 0.750929 0.000000 -0.660382 0.829822 0.829822 0.829822
4446.361816 0.000000 202.607147 0.000000 0.641233 0.000000 0.767346 0.749687 0.749687 0.749687
4444.744629 0.000000 210.023560 0.000000 0.917824 0.000000 -0.396989 0.823971 0.823971 0.823971
4439.043457 0.000000 238.994919 0.000000 0.936435 0.000000 0.350841 0.787757 0.787757 0.787757
4447.627441 0.000000 257.084717 0.000000 0.594597 0.000000 0.804024 0.765302 0.765302 0.765302
4456.953125 0.000000 229.849075 0.000000 0.970719 0.000000 -0.240218 0.810756 0.810756 0.810756
4445.844238 0.000000 215.953293 0.000000 0.388392 0.000000 0.921494 0.743124 0.743124 0.743124
4450.189941 0.000000 205.332153 0.000000 0.654908 0.000000 0.755708 0.747127 0.747127 0.747127
4440.274414 0.000000 258.825409 0.000000 0.508318 0.000000 0.861169 0.759591 0.759591 0.759591
4435.598145 0.000000 286.656586 0.000000 0.832356 0.000000 0.554242 0.777825 0.777825 0.777825
4453.475098 0.000000 200.656601 0.000000 0.996795 0.000000 0.079997 0.796305 0.796305 0.796305
4455.018555 0.000000 235.021255 0.000000 0.570288 0.000000 -0.821445 0.842740 0.842740 0.842740
4451.311035 0.000000 211.391205 0.000000 0.426711 0.000000 -0.904388 0.881244 0.881244 0.881244
4449.229980 0.000000 208.565155 0.000000 0.727881 0.000000 -0.685704 0.857042 0.857042 0.857042
4455.626953 0.000000 209.496445 0.000000 0.335367 0.000000 0.942087 0.726374 0.726374 0.726374
4458.497070 0.000000 219.459656 0.000000 0.253326 0.000000 -0.967381 0.859867 0.859867 0.859867
4449.779297 0.000000 198.777802 0.000000 0.510608 0.000000 0.859813 0.749153 0.749153 0.749153
4444.042480 0.000000 204.639801 0.000000 0.802181 0.000000 0.597081 0.764345 0.764345 0.764345
4449.979492 0.000000 214.004349 0.000000 0.096216 0.000000 -0.995360 0.892761 0.892761 0.892761
4452.612305 0.000000 217.228195 0.000000 0.402525 0.000000 0.915409 0.727933 0.727933 0.727933
4454.218750 0.000000 211.842499 0.000000 0.999898 0.000000 -0.014294 0.800865 0.800865 0.800865
4432.851562 0.000000 288.358856 0.000000 0.788414 0.000000 0.615145 0.780547 0.780547 0.780547
4449.430176 0.000000 287.991760 0.000000 0.674394 0.000000 0.738372 0.786562 0.786562 0.786562
4435.703125 0.000000 294.394043 0.000000 0.933416 0.000000 0.358796 0.793623 0.793623 0.793623
4437.829590 0.000000 288.438202 0.000000 0.486506 0.000000 -0.873677 0.840115 0.840115 0.840115
4444.697754 0.000000 288.194763 0.000000 0.996466 0.000000 0.084001 0.797884 0.797884 0.797884
4513.660156 0.000000 195.585190 0.000000 0.468263 0.000000 0.883589 0.754557 0.754557 0.754557
4494.027344 0.000000 192.279068 0.000000 0.996539 0.000000 -0.083127 0.801496 0.801496 0.801496
4488.472656 0.000000 227.352386 0.000000 0.988203 0.000000 0.153152 0.799447 0.799447 0.799447
4519.832520 0.000000 212.031250 0.000000 0.990125 0.000000 -0.140188 0.803961 0.803961 0.803961
4529.516113 0.000000 194.550995 0.000000 0.661498 0.000000 -0.749947 0.839123 0.839123 0.839123
4503.013672 0.000000 202.948242 0.000000 0.830422 0.000000 0.557135 0.791502 0.791502 0.791502
4530.808105 0.000000 208.939499 0.000000 0.925094 0.000000 0.379737 0.790665 0.790665 0.790665
4513.100586 0.000000 204.969269 0.000000 0.961183 0.000000 0.275913 0.788778 0.788778 0.788778
4504.843750 0.000000 192.374451 0.000000 0.965491 0.000000 0.260438 0.791791 0.791791 0.791791
4474.626465 0.000000 212.717590 0.000000 0.358245 0.000000 0.933627 0.746598 0.746598 0.746598
4521.422363 0.000000 192.007370 0.000000 0.999686 0.000000 0.025059 0.799504 0.799504 0.799504
4535.120605 0.000000 201.217972 0.000000 0.731201 0.000000 -0.682162 0.822490 0.822490 0.822490
4486.950195 0.000000 197.106628 0.000000 0.401507 0.000000 0.915856 0.763238 0.763238 0.763238
4463.585449 0.000000 230.593124 0.000000 0.679204 0.000000 0.733949 0.778273 0.778273 0.778273
4509.308594 0.000000 211.821854 0.000000 0.419688 0.000000 -0.907668 0.820450 0.820450 0.820450
4467.025879 0.000000 199.832626 0.000000 0.125363 0.000000 -0.992111 0.841561 0.841561 0.841561
4496.169922 0.000000 220.077026 0.000000 0.177901 0.000000 0.984048 0.782486 0.782486 0.782486
4497.362793 0.000000 198.779373 0.000000 0.486993 0.000000 -0.873406 0.814637 0.814637 0.814637
4480.842773 0.000000 200.099091 0.000000 0.852570 0.000000 0.522612 0.774300 0.774300 0.774300
4486.316895 0.000000 220.704941 0.000000 0.212562 0.000000 0.977148 0.768299 0.768299 0.768299
4488.740234 0.000000 209.245850 0.000000 0.292295 0.000000 0.956328 0.746559 0.746559 0.746559
4483.157715 0.000000 214.021317 0.000000 0.852722 0.000000 -0.522365 0.823711 0.823711 0.823711
4524.701660 0.000000 207.959183 0.000000 0.993269 0.000000 -0.115832 0.804452 0.804452 0.804452
4529.078613 0.000000 202.608688 0.000000 0.471305 0.000000 0.881971 0.759231 0.759231 0.759231
4468.572754 0.000000 214.578339 0.000000 0.518138 0.000000 0.855297 0.752044 0.752044 0.752044
4486.311523 0.000000 203.101471 0.000000 0.897763 0.000000 -0.440479 0.819951 0.819951 0.819951
4525.301758 0.000000 214.409714 0.000000 0.314880 0.000000 -0.949132 0.820230 0.820230 0.820230
4472.147949 0.000000 207.190857 0.000000 0.440788 0.000000 -0.897611 0.828710 0.828710 0.828710
4524.378418 0.000000 196.720261 0.000000 0.878342 0.000000 0.478033 0.781485 0.781485 0.781485
4518.979980 0.000000 197.444977 0.000000 0.634753 0.000000 0.772715 0.775660 0.775660 0.775660
4518.406738 0.000000 206.756332 0.000000 0.820956 0.000000 -0.570992 0.828402 0.828402 0.828402
4497.587402 0.000000 204.633743 0.000000 0.420416 0.000000 -0.907332 0.829291 0.829291 0.829291
4534.955566 0.000000 212.512482 0.000000 0.967207 0.000000 0.253989 0.795692 0.795692 0.795692
4507.873535 0.000000 205.279022 0.000000 0.721997 0.000000 -0.691897 0.817398 0.817398 0.817398
4492.277344 0.000000 197.970749 0.000000 0.858792 0.000000 0.512324 0.790331 0.790331 0.790331
4477.101562 0.000000 208.275696 0.000000 0.931332 0.000000 0.364171 0.788163 0.788163 0.788163
4497.448730 0.000000 215.177979 0.000000 0.902887 0.000000 -0.429877 0.810916 0.810916 0.810916
4502.648926 0.000000 197.733978 0.000000 0.356191 0.000000 -0.934413 0.826027 0.826027 0.826027
4467.509277 0.000000 221.112946 0.000000 0.796975 0.000000 -0.604012 0.820206 0.820206 0.820206
4476.382812 0.000000 197.861450 0.000000 0.719312 0.000000 0.694687 0.758126 0.758126 0.758126
4464.100098 0.000000 212.701874 0.000000 0.357658 0.000000 -0.933853 0.846932 0.846932 0.846932
4509.821777 0.000000 192.453812 0.000000 0.956203 0.000000 0.292703 0.787007 0.787007 0.787007
4534.031738 0.000000 196.612961 0.000000 0.301219 0.000000 -0.953555 0.838650 0.838650 0.838650
4483.989258 0.000000 193.488190 0.000000 0.979730 0.000000 -0.200323 0.808217 0.808217 0.808217
4516.689941 0.000000 192.210373 0.000000 0.660384 0.000000 0.750928 0.776078 0.776078 0.776078
4478.770996 0.000000 215.070847 0.000000 0.398380 0.000000 0.917221 0.747129 0.747129 0.747129
4513.144531 0.000000 209.458984 0.000000 0.707732 0.000000 -0.706481 0.824443 0.824443 0.824443
4478.886719 0.000000 204.198563 0.000000 0.987000 0.000000 -0.160718 0.804836 0.804836 0.804836
4533.946777 0.000000 205.529938 0.000000 0.423086 0.000000 0.906090 0.767387 0.767387 0.767387
4463.554688 0.000000 196.945297 0.000000 0.441953 0.000000 0.897038 0.765989 0.765989 0.765989
4493.152344 0.000000 208.119659 0.000000 0.611959 0.000000 0.790889 0.761738 0.761738 0.761738
4471.226562 0.000000 198.991104 0.000000 0.999500 0.000000 -0.031614 0.801175 0.801175 0.801175
4493.683105 0.000000 213.118607 0.000000 0.648020 0.000000 -0.761623 0.833720 0.833720 0.833720
4470.837402 0.000000 211.142197 0.000000 0.186505 0.000000 -0.982454 0.849726 0.849726 0.849726
4528.449707 0.000000 198.432602 0.000000 0.913512 0.000000 -0.406811 0.818576 0.818576 0.818576
4487.070312 0.000000 212.915588 0.000000 0.997125 0.000000 0.075779 0.796501 0.796501 0.796501
4479.971680 0.000000 211.050171 0.000000 0.752164 0.000000 0.658976 0.771980 0.771980 0.771980
4532.637695 0.000000 192.012344 0.000000 0.991128 0.000000 0.132911 0.794569 0.794569 0.794569
4489.477539 0.000000 200.780533 0.000000 0.942466 0.000000 -0.334302 0.812254 0.812254 0.812254
4486.198242 0.000000 216.779724 0.000000 0.469416 0.000000 -0.882977 0.838904 0.838904 0.838904
4525.547852 0.000000 204.193939 0.000000 0.333803 0.000000 0.942643 0.746917 0.746917 0.746917
4475.158691 0.000000 216.561111 0.000000 0.275717 0.000000 0.961239 0.747381 0.747381 0.747381
4526.292480 0.000000 192.318253 0.000000 0.605648 0.000000 -0.795733 0.834185 0.834185 0.834185
4482.548340 0.000000 203.622253 0.000000 0.241096 0.000000 0.970501 0.743535 0.743535 0.743535
4481.756836 0.000000 196.514587 0.000000 0.999441 0.000000 0.033425 0.798177 0.798177 0.798177
4484.594238 0.000000 199.908844 0.000000 0.999567 0.000000 0.029412 0.798784 0.798784 0.798784
4531.711426 0.000000 199.871506 0.000000 0.746117 0.000000 0.665814 0.771188 0.771188 0.771188
4485.845215 0.000000 206.622955 0.000000 0.043792 0.000000 -0.999041 0.855811 0.855811 0.855811
4522.182129 0.000000 205.332153 0.000000 0.689018 0.000000 -0.724744 0.837887 0.837887 0.837887
4489.249512 0.000000 205.612640 0.000000 0.513086 0.000000 -0.858337 0.846995 0.846995 0.846995
4525.467285 0.000000 200.656601 0.000000 0.321217 0.000000 -0.947006 0.854402 0.854402 0.854402
4484.943848 0.000000 210.216431 0.000000 0.999359 0.000000 -0.035811 0.801481 0.801481 0.801481
4471.635742 0.000000 216.069992 0.000000 0.993826 0.000000 -0.110953 0.804663 0.804663 0.804663
4510.283691 0.000000 196.168411 0.000000 0.963266 0.000000 0.268550 0.787619 0.787619 0.787619
4467.077637 0.000000 217.638275 0.000000 0.238472 0.000000 -0.971150 0.858174 0.858174 0.858174
4490.461426 0.000000 212.075653 0.000000 0.299740 0.000000 0.954021 0.743092 0.743092 0.743092
4512.258789 0.000000 198.578735 0.000000 0.425504 0.000000 -0.904957 0.854904 0.854904 0.854904
4477.040039 0.000000 195.059662 0.000000 0.796683 0.000000 0.604397 0.761113 0.761113 0.761113
4605.280273 0.000000 223.280930 0.000000 0.515894 0.000000 0.856653 0.755003 0.755003 0.755003
4536.609863 0.000000 192.581970 0.000000 0.555486 0.000000 0.831526 0.771174 0.771174 0.771174
4595.458496 0.000000 241.560913 0.000000 0.795480 0.000000 0.605980 0.786738 0.786738 0.786738
4566.019531 0.000000 192.279068 0.000000 0.765790 0.000000 -0.643091 0.814230 0.814230 0.814230
4538.776367 0.000000 208.719849 0.000000 0.364088 0.000000 0.931364 0.765541 0.765541 0.765541
4605.654297 0.000000 252.453690 0.000000 0.815434 0.000000 -0.578850 0.809617 0.809617 0.809617
4601.508301 0.000000 194.550995 0.000000 0.999807 0.000000 0.019644 0.799235 0.799235 0.799235
4582.069824 0.000000 263.048889 0.000000 0.853361 0.000000 -0.521321 0.805915 0.805915 0.805915
4602.800293 0.000000 208.939499 0.000000 0.930017 0.000000 0.367517 0.792784 0.792784 0.792784
4594.137207 0.000000 201.850876 0.000000 0.538015 0.000000 -0.842935 0.829439 0.829439 0.829439
4602.106445 0.000000 233.330246 0.000000 0.999194 0.000000 -0.040136 0.801636 0.801636 0.801636
4585.092773 0.000000 204.969269 0.000000 0.732956 0.000000 -0.680276 0.812551 0.812551 0.812551
4596.257324 0.000000 220.390823 0.000000 0.416218 0.000000 0.909265 0.766486 0.766486 0.766486
4546.618652 0.000000 212.717590 0.000000 0.601223 0.000000 -0.799081 0.834391 0.834391 0.834391
4603.275879 0.000000 244.307663 0.000000 0.183828 0.000000 -0.982958 0.826573 0.826573 0.826573
4552.388184 0.000000 227.402023 0.000000 0.740217 0.000000 0.672368 0.788071 0.788071 0.788071
4575.632812 0.000000 255.003967 0.000000 0.925441 0.000000 0.378893 0.795343 0.795343 0.795343
4568.774414 0.000000 210.384796 0.000000 0.996957 0.000000 -0.077949 0.800701 0.800701 0.800701
4539.018066 0.000000 199.832626 0.000000 0.688006 0.000000 0.725705 0.780538 0.780538 0.780538
4602.879395 0.000000 216.231232 0.000000 0.945012 0.000000 -0.327036 0.807985 0.807985 0.807985
4597.486816 0.000000 269.046082 0.000000 0.812229 0.000000 -0.583339 0.815301 0.815301 0.815301
4598.260254 0.000000 227.314835 0.000000 0.991981 0.000000 -0.126388 0.805771 0.805771 0.805771
4569.354980 0.000000 198.779373 0.000000 0.336663 0.000000 -0.941625 0.817650 0.817650 0.817650
4552.834961 0.000000 200.099091 0.000000 0.851543 0.000000 -0.524284 0.809259 0.809259 0.809259
4579.687500 0.000000 198.409637 0.000000 0.449994 0.000000 0.893031 0.765602 0.765602 0.765602
4558.309082 0.000000 220.704941 0.000000 0.033514 0.000000 -0.999438 0.872766 0.872766 0.872766
4599.567871 0.000000 250.021881 0.000000 0.525995 0.000000 -0.850488 0.823154 0.823154 0.823154
4571.001953 0.000000 232.829132 0.000000 0.230445 0.000000 0.973085 0.740663 0.740663 0.740663
4568.820312 0.000000 242.222244 0.000000 0.877655 0.000000 0.479293 0.788619 0.788619 0.788619
4560.732422 0.000000 209.245850 0.000000 0.784245 0.000000 -0.620451 0.814838 0.814838 0.814838
4589.911133 0.000000 220.087601 0.000000 0.813639 0.000000 0.581371 0.785131 0.785131 0.785131
4601.070801 0.000000 202.608688 0.000000 0.834233 0.000000 0.551412 0.788802 0.788802 0.788802
4540.564941 0.000000 214.578339 0.000000 0.143935 0.000000 -0.989587 0.837604 0.837604 0.837604
4589.195312 0.000000 264.697174 0.000000 0.853970 0.000000 0.520322 0.789836 0.789836 0.789836
4581.200195 0.000000 257.115417 0.000000 0.175185 0.000000 -0.984536 0.829248 0.829248 0.829248
4565.769043 0.000000 229.900208 0.000000 0.237829 0.000000 0.971307 0.739405 0.739405 0.739405
4600.665527 0.000000 238.950027 0.000000 0.384506 0.000000 0.923123 0.755604 0.755604 0.755604
4584.405273 0.000000 224.462875 0.000000 0.685999 0.000000 0.727602 0.769242 0.769242 0.769242
4544.140137 0.000000 207.190857 0.000000 0.130405 0.000000 0.991461 0.743054 0.743054 0.743054
4596.370605 0.000000 196.720261 0.000000 0.051317 0.000000 -0.998682 0.858267 0.858267 0.858267
4590.972168 0.000000 197.444977 0.000000 0.055038 0.000000 0.998484 0.733703 0.733703 0.733703
4571.488281 0.000000 193.723007 0.000000 0.995346 0.000000 0.096365 0.796935 0.796935 0.796935
4606.947754 0.000000 212.512482 0.000000 0.933786 0.000000 0.357833 0.789914 0.789914 0.789914
4564.401855 0.000000 223.850647 0.000000 0.884230 0.000000 -0.467051 0.826205 0.826205 0.826205
4595.426270 0.000000 256.873352 0.000000 0.835937 0.000000 -0.548826 0.826455 0.826455 0.826455
4575.894531 0.000000 230.031784 0.000000 0.314307 0.000000 -0.949321 0.844976 0.844976 0.844976
4591.252441 0.000000 238.521835 0.000000 0.133216 0.000000 -0.991087 0.829278 0.829278 0.829278
4581.396484 0.000000 235.742416 0.000000 0.367719 0.000000 0.929937 0.767084 0.767084 0.767084
4604.432129 0.000000 228.602325 0.000000 0.996814 0.000000 -0.079761 0.802679 0.802679 0.802679
4587.844238 0.000000 249.978455 0.000000 0.692126 0.000000 -0.721777 0.834787 0.834787 0.834787
4549.093750 0.000000 208.275696 0.000000 0.357735 0.000000 -0.933823 0.854148 0.854148 0.854148
4561.113281 0.000000 232.278305 0.000000 0.211560 0.000000 0.977365 0.771529 0.771529 0.771529
4569.440918 0.000000 215.177979 0.000000 0.412998 0.000000 0.910732 0.772557 0.772557 0.772557
4574.641113 0.000000 197.733978 0.000000 0.620090 0.000000 0.784531 0.771358 0.771358 0.771358
4571.617188 0.000000 238.224777 0.000000 0.982383 0.000000 -0.186881 0.806871 0.806871 0.806871
4587.138672 0.000000 200.479721 0.000000 0.443478 0.000000 0.896285 0.766706 0.766706 0.766706
4593.575195 0.000000 224.261612 0.000000 0.325934 0.000000 -0.945392 0.839339 0.839339 0.839339
4536.891113 0.000000 204.152649 0.000000 0.020726 0.000000 0.999785 0.753562 0.753562 0.753562
4573.048340 0.000000 219.877365 0.000000 0.853507 0.000000 0.521081 0.783251 0.783251 0.783251
4584.277344 0.000000 246.694733 0.000000 0.989590 0.000000 -0.143917 0.806230 0.806230 0.806230
4605.524414 0.000000 237.135925 0.000000 0.812936 0.000000 -0.582353 0.825327 0.825327 0.825327
4606.023926 0.000000 196.612961 0.000000 0.446704 0.000000 0.894682 0.752213 0.752213 0.752213
4604.601562 0.000000 260.741302 0.000000 0.766396 0.000000 0.642369 0.774504 0.774504 0.774504
4554.733887 0.000000 223.495712 0.000000 0.872126 0.000000 0.489281 0.784377 0.784377 0.784377
4593.804688 0.000000 229.521713 0.000000 0.011398 0.000000 -0.999935 0.866339 0.866339 0.866339
4550.878906 0.000000 204.198563 0.000000 0.993803 0.000000 0.111152 0.796530 0.796530 0.796530
4605.938965 0.000000 205.529938 0.000000 0.587039 0.000000 0.809559 0.772302 0.772302 0.772302
4535.546875 0.000000 196.945297 0.000000 0.807841 0.000000 -0.589401 0.819261 0.819261 0.819261
4597.718262 0.000000 231.648651 0.000000 0.988415 0.000000 0.151777 0.792970 0.792970 0.792970
4589.700684 0.000000 253.906250 0.000000 0.966940 0.000000 -0.255002 0.812051 0.812051 0.812051
4541.159668 0.000000 204.043533 0.000000 0.866860 0.000000 0.498552 0.784364 0.784364 0.784364
4585.182617 0.000000 254.844971 0.000000 0.984446 0.000000 0.175689 0.793968 0.793968 0.793968
4582.773438 0.000000 201.410080 0.000000 0.623176 0.000000 0.782081 0.773635 0.773635 0.773635
4596.532227 0.000000 237.611237 0.000000 0.400688 0.000000 -0.916215 0.839567 0.839567 0.839567
4579.281250 0.000000 239.489853 0.000000 0.977471 0.000000 0.211068 0.791335 0.791335 0.791335
4563.264160 0.000000 219.542496 0.000000 0.867436 0.000000 -0.497548 0.825586 0.825586 0.825586
4542.829590 0.000000 211.142197 0.000000 0.813114 0.000000 -0.582105 0.824570 0.824570 0.824570
4575.852539 0.000000 225.876312 0.000000 0.882204 0.000000 -0.470867 0.820563 0.820563 0.820563
4567.752930 0.000000 226.422028 0.000000 0.292910 0.000000 0.956140 0.732851 0.732851 0.732851
4591.072754 0.000000 260.749451 0.000000 0.707370 0.000000 0.706844 0.774130 0.774130 0.774130
4559.062500 0.000000 212.915588 0.000000 0.830783 0.000000 -0.556596 0.820867 0.820867 0.820867
4551.963867 0.000000 211.050171 0.000000 0.031925 0.000000 0.999490 0.728081 0.728081 0.728081
4604.629883 0.000000 192.012344 0.000000 0.976681 0.000000 0.214697 0.791184 0.791184 0.791184
4558.190430 0.000000 216.779724 0.000000 0.515785 0.000000 -0.856718 0.843769 0.843769 0.843769
4597.248047 0.000000 253.402405 0.000000 0.987305 0.000000 -0.158838 0.805066 0.805066 0.805066
4601.312988 0.000000 268.357117 0.000000 0.618440 0.000000 -0.785832 0.828709 0.828709 0.828709
4598.284668 0.000000 192.318253 0.000000 0.525109 0.000000 0.851035 0.751206 0.751206 0.751206
4602.092773 0.000000 225.596863 0.000000 0.775712 0.000000 -0.631087 0.831509 0.831509 0.831509
4597.104980 0.000000 265.106781 0.000000 0.938176 0.000000 0.346160 0.787716 0.787716 0.787716
4605.551270 0.000000 232.087250 0.000000 0.222574 0.000000 -0.974916 0.850015 0.850015 0.850015
4570.695801 0.000000 222.800156 0.000000 0.326716 0.000000 0.945123 0.741401 0.741401 0.741401
4558.281250 0.000000 224.453033 0.000000 0.980671 0.000000 0.195666 0.791976 0.791976 0.791976
4574.620605 0.000000 233.430649 0.000000 0.429145 0.000000 0.903236 0.755423 0.755423 0.755423
4567.239746 0.000000 233.395660 0.000000 0.176513 0.000000 -0.984298 0.850926 0.850926 0.850926
4565.579590 0.000000 216.734543 0.000000 0.878057 0.000000 -0.478556 0.819733 0.819733 0.819733
4591.611816 0.000000 257.084717 0.000000 0.388625 0.000000 -0.921396 0.849142 0.849142 0.849142
4600.937500 0.000000 229.849075 0.000000 0.558377 0.000000 -0.829587 0.841621 0.841621 0.841621
4569.629395 0.000000 229.406357 0.000000 0.617217 0.000000 0.786793 0.754421 0.754421 0.754421
4597.806152 0.000000 259.438232 0.000000 0.871644 0.000000 -0.490139 0.823940 0.823940 0.823940
4599.002930 0.000000 235.021255 0.000000 0.874137 0.000000 0.485680 0.778426 0.778426 0.778426
4585.866211 0.000000 227.573883 0.000000 0.554936 0.000000 0.831893 0.757614 0.757614 0.757614
4561.213867 0.000000 222.677475 0.000000 0.384313 0.000000 -0.923203 0.859910 0.859910 0.859910
4593.460449 0.000000 195.361694 0.000000 0.760524 0.000000 -0.649310 0.833450 0.833450 0.833450
4563.956055 0.000000 226.979370 0.000000 0.809344 0.000000 -0.587336 0.829715 0.829715 0.829715
4567.485352 0.000000 222.975067 0.000000 0.863996 0.000000 0.503499 0.771863 0.771863 0.771863
2723.166748 0.000000 2085.795166 0.000000 0.171829 0.000000 -0.985127 0.964191 0.964191 0.964191
2697.845215 0.000000 2083.625488 0.000000 0.867849 0.000000 -0.496828 0.879441 0.879441 0.879441
2716.672607 0.000000 2105.023926 0.000000 0.989089 0.000000 -0.147318 0.803721 0.803721 0.803721
2680.493652 0.000000 2088.117188 0.000000 0.478482 0.000000 -0.878098 0.827616 0.827616 0.827616
2710.862793 0.000000 2075.087402 0.000000 0.271866 0.000000 0.962335 0.702974 0.702974 0.702974
2703.281738 0.000000 2097.625977 0.000000 0.999740 0.000000 -0.022797 0.801912 0.801912 0.801912
2730.068359 0.000000 2098.562988 0.000000 0.358669 0.000000 0.933465 0.775473 0.775473 0.775473
2710.272949 0.000000 2086.752197 0.000000 0.937698 0.000000 0.347452 0.745783 0.745783 0.745783
2721.547363 0.000000 2075.377441 0.000000 0.469542 0.000000 -0.882910 0.965321 0.965321 0.965321
2730.309570 0.000000 2057.033447 0.000000 0.489589 0.000000 -0.871953 0.805712 0.805712 0.805712
2717.009277 0.000000 2094.435547 0.000000 0.136252 0.000000 0.990674 0.631580 0.631580 0.631580
2688.826416 0.000000 2084.993164 0.000000 0.469009 0.000000 -0.883193 0.965413 0.965413 0.965413
2683.689209 0.000000 2096.345215 0.000000 0.007006 0.000000 0.999975 0.769080 0.769080 0.769080
2679.040283 0.000000 2107.654297 0.000000 0.137323 0.000000 0.990526 0.615393 0.615393 0.615393
2732.085205 0.000000 2089.112793 0.000000 0.997680 0.000000 -0.068075 0.805347 0.805347 0.805347
2716.329346 0.000000 2081.646484 0.000000 0.931521 0.000000 -0.363688 0.856872 0.856872 0.856872
2703.085938 0.000000 2089.648193 0.000000 0.336274 0.000000 0.941764 0.649184 0.649184 0.649184
2710.837891 0.000000 2099.415039 0.000000 0.906717 0.000000 -0.421740 0.839129 0.839129 0.839129
2672.233887 0.000000 2111.110596 0.000000 0.523725 0.000000 -0.851888 0.955780 0.955780 0.955780
2725.689941 0.000000 2092.749268 0.000000 0.595750 0.000000 -0.803170 0.880465 0.880465 0.880465
2729.118164 0.000000 2081.574951 0.000000 0.210138 0.000000 0.977672 0.592348 0.592348 0.592348
2727.770996 0.000000 2073.725098 0.000000 0.045990 0.000000 -0.998942 0.971759 0.971759 0.971759
2698.453613 0.000000 2093.844482 0.000000 0.151371 0.000000 0.988477 0.663129 0.663129 0.663129
2717.398193 0.000000 2088.400391 0.000000 0.126939 0.000000 0.991911 0.630477 0.630477 0.630477
2686.356689 0.000000 2090.708252 0.000000 0.238159 0.000000 0.971226 0.596741 0.596741 0.596741
2709.403076 0.000000 2080.818604 0.000000 0.991077 0.000000 0.133290 0.779574 0.779574 0.779574
2694.420410 0.000000 2088.330811 0.000000 0.998150 0.000000 0.060805 0.790704 0.790704 0.790704
2706.419678 0.000000 2102.786377 0.000000 0.611218 0.000000 0.791462 0.757321 0.757321 0.757321
2699.629395 0.000000 2111.149170 0.000000 0.998343 0.000000 0.057540 0.799034 0.799034 0.799034
2716.047363 0.000000 2073.681641 0.000000 0.971665 0.000000 -0.236362 0.808721 0.808721 0.808721
2721.998047 0.000000 2070.079346 0.000000 0.378334 0.000000 -0.925669 0.834018 0.834018 0.834018
2693.345459 0.000000 2081.927979 0.000000 0.534424 0.000000 0.845217 0.745095 0.745095 0.745095
2728.062012 0.000000 2086.264648 0.000000 0.996055 0.000000 -0.088734 0.808944 0.808944 0.808944
2712.178955 0.000000 2103.989258 0.000000 0.276917 0.000000 -0.960894 0.850249 0.850249 0.850249
2721.131592 0.000000 2091.968506 0.000000 0.091060 0.000000 0.995845 0.629784 0.629784 0.629784
2732.804688 0.000000 2084.444580 0.000000 0.868008 0.000000 0.496551 0.779763 0.779763 0.779763
2713.604004 0.000000 2091.144531 0.000000 0.939714 0.000000 0.341960 0.758805 0.758805 0.758805
2684.320068 0.000000 2085.610352 0.000000 0.952819 0.000000 0.303539 0.776163 0.776163 0.776163
2680.785889 0.000000 2092.672363 0.000000 0.006302 0.000000 -0.999980 0.836559 0.836559 0.836559
2725.933105 0.000000 2097.283447 0.000000 0.211507 0.000000 0.977377 0.708076 0.708076 0.708076
2717.904053 0.000000 2077.609375 0.000000 0.392145 0.000000 -0.919903 0.923153 0.923153 0.923153
2698.196533 0.000000 2079.367432 0.000000 0.189903 0.000000 -0.981803 0.847122 0.847122 0.847122
2712.394043 0.000000 2095.525146 0.000000 0.421256 0.000000 -0.906942 0.932725 0.932725 0.932725
2669.419922 0.000000 2108.016602 0.000000 0.378148 0.000000 -0.925745 0.953814 0.953814 0.953814
2719.275635 0.000000 2084.452637 0.000000 0.268130 0.000000 -0.963383 0.956485 0.956485 0.956485
2729.515869 0.000000 2092.060303 0.000000 0.510792 0.000000 -0.859704 0.884934 0.884934 0.884934
2725.308350 0.000000 2088.810059 0.000000 0.202712 0.000000 -0.979238 0.936751 0.936751 0.936751
2734.058838 0.000000 2097.940918 0.000000 0.147706 0.000000 0.989031 0.747154 0.747154 0.747154
2695.229004 0.000000 2091.883789 0.000000 0.017317 0.000000 -0.999850 0.990814 0.990814 0.990814
2724.293457 0.000000 2072.811279 0.000000 0.650056 0.000000 0.759886 0.690360 0.690360 0.690360
2714.329590 0.000000 2101.037842 0.000000 0.353965 0.000000 0.935259 0.721041 0.721041 0.721041
2719.368408 0.000000 2072.483154 0.000000 0.997354 0.000000 0.072702 0.795684 0.795684 0.795684
2666.720703 0.000000 2110.331055 0.000000 0.969859 0.000000 0.243669 0.774485 0.774485 0.774485
2701.783691 0.000000 2092.892090 0.000000 0.998172 0.000000 0.060430 0.793551 0.793551 0.793551
2718.952881 0.000000 2102.629639 0.000000 0.978548 0.000000 0.206018 0.790302 0.790302 0.790302
2715.106689 0.000000 2097.351807 0.000000 0.697972 0.000000 -0.716125 0.893264 0.893264 0.893264
2683.197510 0.000000 2090.154785 0.000000 0.892390 0.000000 -0.451264 0.831699 0.831699 0.831699
2720.841309 0.000000 2088.773438 0.000000 0.875841 0.000000 -0.482600 0.857937 0.857937 0.857937
2689.900879 0.000000 2082.006348 0.000000 0.999836 0.000000 0.018126 0.798317 0.798317 0.798317
2734.509033 0.000000 2091.140137 0.000000 0.343984 0.000000 -0.938976 0.880385 0.880385 0.880385
2700.377441 0.000000 2096.501465 0.000000 0.751098 0.000000 0.660191 0.749019 0.749019 0.749019
2730.759521 0.000000 2074.595947 0.000000 0.952711 0.000000 -0.303879 0.820165 0.820165 0.820165
2723.751953 0.000000 2095.089600 0.000000 0.112152 0.000000 0.993691 0.668051 0.668051 0.668051
2728.925049 0.000000 2089.099365 0.000000 0.974274 0.000000 -0.225365 0.820839 0.820839 0.820839
2696.146729 0.000000 2081.282715 0.000000 0.538994 0.000000 -0.842310 0.884014 0.884014 0.884014
2714.393066 0.000000 2075.940674 0.000000 0.760364 0.000000 0.649497 0.753408 0.753408 0.753408
2730.020508 0.000000 2084.258789 0.000000 0.165895 0.000000 0.986143 0.672961 0.672961 0.672961
2731.234619 0.000000 2086.595947 0.000000 0.807280 0.000000 0.590168 0.741373 0.741373 0.741373
2723.325195 0.000000 2097.706055 0.000000 0.932603 0.000000 0.360904 0.769691 0.769691 0.769691
2720.291992 0.000000 2098.887207 0.000000 0.561476 0.000000 -0.827493 0.871828 0.871828 0.871828
2867.151123 0.000000 1989.810791 0.000000 0.881280 0.000000 -0.472594 0.801770 0.801770 0.801770
2874.052734 0.000000 2002.578735 0.000000 0.569831 0.000000 0.821762 0.747989 0.747989 0.747989
2865.531738 0.000000 1979.393066 0.000000 0.245199 0.000000 0.969473 0.793658 0.793658 0.793658
2876.069580 0.000000 1993.128296 0.000000 0.989597 0.000000 -0.143866 0.822058 0.822058 0.822058
2854.822266 0.000000 2003.430664 0.000000 0.285748 0.000000 -0.958305 0.818421 0.818421 0.818421
2869.674316 0.000000 1996.764893 0.000000 0.952978 0.000000 0.303038 0.794466 0.794466 0.794466
2873.102539 0.000000 1985.590576 0.000000 0.982020 0.000000 0.188778 0.770983 0.770983 0.770983
2855.310059 0.000000 2013.200073 0.000000 0.994444 0.000000 0.105269 0.792796 0.792796 0.792796
2866.512207 0.000000 2012.972168 0.000000 0.920452 0.000000 -0.390855 0.825504 0.825504 0.825504
2867.613770 0.000000 1984.592163 0.000000 0.861211 0.000000 -0.508248 0.816611 0.816611 0.816611
2860.646729 0.000000 2014.329102 0.000000 0.310415 0.000000 -0.950601 0.866933 0.866933 0.866933
2872.046387 0.000000 1990.280273 0.000000 0.426732 0.000000 -0.904378 0.888689 0.888689 0.888689
2870.233643 0.000000 2015.440552 0.000000 0.907923 0.000000 -0.419136 0.848977 0.848977 0.848977
2852.284180 0.000000 2010.614380 0.000000 0.474275 0.000000 0.880377 0.737425 0.737425 0.737425
2869.435547 0.000000 1981.121216 0.000000 0.472005 0.000000 -0.881596 0.880184 0.880184 0.880184
2858.313965 0.000000 2005.053345 0.000000 0.746407 0.000000 -0.665490 0.861953 0.861953 0.861953
2869.993408 0.000000 1987.157104 0.000000 0.786148 0.000000 0.618038 0.760081 0.760081 0.760081
2862.952148 0.000000 2011.716309 0.000000 0.806189 0.000000 0.591658 0.752203 0.752203 0.752203
2853.481201 0.000000 2006.177368 0.000000 0.378447 0.000000 0.925623 0.734806 0.734806 0.734806
2805.475586 0.000000 2046.984131 0.000000 0.979743 0.000000 -0.200257 0.830805 0.830805 0.830805
2746.482422 0.000000 2070.832275 0.000000 0.999847 0.000000 -0.017509 0.802675 0.802675 0.802675
2774.724609 0.000000 2039.076660 0.000000 0.566224 0.000000 0.824252 0.798839 0.798839 0.798839
2795.653809 0.000000 2065.264160 0.000000 0.848185 0.000000 0.529700 0.762538 0.762538 0.762538
2760.659912 0.000000 2051.055664 0.000000 0.952013 0.000000 -0.306059 0.802236 0.802236 0.802236
2792.020020 0.000000 2035.734497 0.000000 0.999098 0.000000 -0.042474 0.804582 0.804582 0.804582
2782.854980 0.000000 2075.087402 0.000000 0.880147 0.000000 0.474702 0.761176 0.761176 0.761176
2789.932861 0.000000 2050.871826 0.000000 0.999981 0.000000 0.006113 0.799066 0.799066 0.799066
2805.849854 0.000000 2076.156982 0.000000 0.397506 0.000000 0.917600 0.720629 0.720629 0.720629
2801.703857 0.000000 2018.254272 0.000000 0.999393 0.000000 -0.034825 0.800209 0.800209 0.800209
2735.964600 0.000000 2061.731201 0.000000 0.868203 0.000000 0.496209 0.770445 0.770445 0.770445
2747.612793 0.000000 2099.894775 0.000000 0.972180 0.000000 0.234234 0.798583 0.798583 0.798583
2802.995850 0.000000 2032.642700 0.000000 0.257184 0.000000 0.966362 0.683772 0.683772 0.683772
2771.950928 0.000000 2050.039795 0.000000 0.728875 0.000000 -0.684647 0.862355 0.862355 0.862355
2773.204834 0.000000 2070.637451 0.000000 0.865099 0.000000 -0.501601 0.861393 0.861393 0.861393
2755.447754 0.000000 2077.984863 0.000000 0.016816 0.000000 -0.999859 0.993669 0.993669 0.993669
2794.332520 0.000000 2025.554077 0.000000 0.999702 0.000000 -0.024417 0.800600 0.800600 0.800600
2793.539551 0.000000 2075.377441 0.000000 0.695418 0.000000 -0.718606 0.840355 0.840355 0.840355
2802.301758 0.000000 2057.033447 0.000000 0.332912 0.000000 0.942958 0.695229 0.695229 0.695229
2766.023682 0.000000 2060.417480 0.000000 0.583409 0.000000 0.812178 0.655175 0.655175 0.655175
2786.670654 0.000000 2060.397217 0.000000 0.198532 0.000000 0.980094 0.683358 0.683358 0.683358
2746.359863 0.000000 2080.260986 0.000000 0.042025 0.000000 -0.999117 1.033577 1.033577 1.033577
2796.452393 0.000000 2044.093994 0.000000 0.983120 0.000000 0.182964 0.771887 0.771887 0.771887
2781.356445 0.000000 2053.291016 0.000000 0.766510 0.000000 -0.642233 0.906556 0.906556 0.906556
2755.681396 0.000000 2096.345215 0.000000 0.094783 0.000000 0.995498 0.765512 0.765512 0.765512
2754.570312 0.000000 2066.487549 0.000000 0.889812 0.000000 -0.456327 0.803975 0.803975 0.803975
2803.471191 0.000000 2068.010986 0.000000 0.884812 0.000000 -0.465948 0.840659 0.840659 0.840659
2807.308105 0.000000 2024.921143 0.000000 0.846937 0.000000 -0.531693 0.855423 0.855423 0.855423
2744.015625 0.000000 2063.030762 0.000000 0.563237 0.000000 0.826295 0.684627 0.684627 0.684627
2781.359375 0.000000 2066.861328 0.000000 0.884253 0.000000 -0.467009 0.848912 0.848912 0.848912
2775.827881 0.000000 2078.707275 0.000000 0.915494 0.000000 -0.402331 0.834733 0.834733 0.834733
2794.176758 0.000000 2057.750488 0.000000 0.897640 0.000000 -0.440730 0.823518 0.823518 0.823518
2735.772705 0.000000 2054.296387 0.000000 0.581355 0.000000 -0.813650 0.855237 0.855237 0.855237
2781.496094 0.000000 2035.525146 0.000000 0.033855 0.000000 -0.999427 0.998912 0.998912 0.998912
2801.110352 0.000000 2081.574951 0.000000 0.864913 0.000000 0.501921 0.782987 0.782987 0.782987
2777.554688 0.000000 2045.745605 0.000000 0.314906 0.000000 -0.949123 0.900396 0.900396 0.900396
2798.455322 0.000000 2051.018066 0.000000 0.476452 0.000000 -0.879200 0.867580 0.867580 0.867580
2799.763184 0.000000 2073.725098 0.000000 0.225429 0.000000 0.974260 0.699383 0.699383 0.699383
2771.197021 0.000000 2056.532471 0.000000 0.919214 0.000000 -0.393758 0.837829 0.837829 0.837829
2769.015625 0.000000 2065.925537 0.000000 0.754376 0.000000 0.656442 0.690589 0.690589 0.690589
2790.106689 0.000000 2043.790894 0.000000 0.776800 0.000000 0.629747 0.695916 0.695916 0.695916
2801.266113 0.000000 2026.311890 0.000000 0.382757 0.000000 0.923849 0.695536 0.695536 0.695536
2752.579834 0.000000 2072.538574 0.000000 0.522946 0.000000 -0.852366 0.955920 0.955920 0.955920
2765.964600 0.000000 2053.603516 0.000000 0.612283 0.000000 0.790638 0.769404 0.769404 0.769404
2797.489258 0.000000 2038.112915 0.000000 0.963507 0.000000 0.267683 0.758596 0.758596 0.758596
2739.877686 0.000000 2067.208008 0.000000 0.995119 0.000000 -0.098679 0.805863 0.805863 0.805863
2800.860840 0.000000 2062.653320 0.000000 0.763135 0.000000 0.646239 0.741059 0.741059 0.741059
2766.412598 0.000000 2088.330811 0.000000 0.042718 0.000000 -0.999087 0.843032 0.843032 0.843032
2749.310791 0.000000 2064.302734 0.000000 0.641274 0.000000 -0.767312 0.933635 0.933635 0.933635
2790.593994 0.000000 2030.459595 0.000000 0.559125 0.000000 -0.829083 0.850953 0.850953 0.850953
2807.143066 0.000000 2036.215698 0.000000 0.990256 0.000000 0.139262 0.786020 0.786020 0.786020
2762.058594 0.000000 2064.516846 0.000000 0.885920 0.000000 -0.463838 0.846528 0.846528 0.846528
2764.597168 0.000000 2047.553833 0.000000 0.483991 0.000000 -0.875073 0.905347 0.905347 0.905347
2776.089844 0.000000 2053.735107 0.000000 0.047241 0.000000 -0.998884 1.025477 1.025477 1.025477
2791.447510 0.000000 2062.225098 0.000000 0.700905 0.000000 0.713254 0.746708 0.746708 0.746708
2804.627686 0.000000 2052.305664 0.000000 0.486144 0.000000 -0.873879 0.852871 0.852871 0.852871
2788.039551 0.000000 2073.681641 0.000000 0.150430 0.000000 -0.988621 0.859549 0.859549 0.859549
2772.067139 0.000000 2075.477051 0.000000 0.463233 0.000000 0.886237 0.674050 0.674050 0.674050
2779.547607 0.000000 2040.048096 0.000000 0.282231 0.000000 0.959346 0.738421 0.738421 0.738421
2773.243896 0.000000 2043.580566 0.000000 0.997739 0.000000 0.067207 0.797542 0.797542 0.797542
2805.719727 0.000000 2060.839111 0.000000 0.418103 0.000000 -0.908400 0.895581 0.895581 0.895581
2806.219238 0.000000 2020.316162 0.000000 0.679151 0.000000 -0.733999 0.847408 0.847408 0.847408
2785.953369 0.000000 2065.147705 0.000000 0.333842 0.000000 -0.942629 0.923855 0.923855 0.923855
2793.999756 0.000000 2053.224854 0.000000 0.951621 0.000000 -0.307275 0.836305 0.836305 0.836305
2785.332031 0.000000 2033.162231 0.000000 0.980020 0.000000 0.198898 0.776725 0.776725 0.776725
2806.134033 0.000000 2029.233154 0.000000 0.985550 0.000000 0.169382 0.784193 0.784193 0.784193
2797.913330 0.000000 2055.351807 0.000000 0.575564 0.000000 0.817757 0.759840 0.759840 0.759840
2758.088379 0.000000 2081.486572 0.000000 0.198341 0.000000 0.980133 0.733455 0.733455 0.733455
2789.896240 0.000000 2077.609375 0.000000 0.974426 0.000000 -0.224710 0.806111 0.806111 0.806111
2790.468262 0.000000 2055.745605 0.000000 0.835012 0.000000 -0.550232 0.874708 0.874708 0.874708
2740.642090 0.000000 2054.158691 0.000000 0.025642 0.000000 0.999671 0.740748 0.740748 0.740748
2801.682129 0.000000 2077.445801 0.000000 0.641634 0.000000 -0.767011 0.855520 0.855520 0.855520
2762.256348 0.000000 2089.321045 0.000000 0.637043 0.000000 -0.770828 0.845353 0.845353 0.845353
2763.459473 0.000000 2043.245728 0.000000 0.955598 0.000000 -0.294673 0.810753 0.810753 0.810753
2776.047852 0.000000 2049.579590 0.000000 0.866657 0.000000 -0.498904 0.865723 0.865723 0.865723
2800.637207 0.000000 2022.135864 0.000000 0.512143 0.000000 0.858900 0.756050 0.756050 0.756050
2767.948242 0.000000 2050.125244 0.000000 0.862344 0.000000 0.506323 0.757055 0.757055 0.757055
2739.819092 0.000000 2062.812744 0.000000 0.849269 0.000000 0.527960 0.728350 0.728350 0.728350
2804.967529 0.000000 2080.142090 0.000000 0.255542 0.000000 0.966798 0.755965 0.755965 0.755965
2778.990234 0.000000 2076.013184 0.000000 0.918513 0.000000 0.395390 0.765902 0.765902 0.765902
2801.210938 0.000000 2036.341064 0.000000 0.237715 0.000000 -0.971335 0.953095 0.953095 0.953095
2797.735352 0.000000 2027.897217 0.000000 0.894332 0.000000 -0.447404 0.828071 0.828071 0.828071
2797.443359 0.000000 2077.105713 0.000000 0.338718 0.000000 -0.940888 0.871211 0.871211 0.871211
2806.001953 0.000000 2065.204590 0.000000 0.997883 0.000000 -0.065038 0.805577 0.805577 0.805577
2775.562988 0.000000 2074.028564 0.000000 0.852887 0.000000 0.522096 0.744706 0.744706 0.744706
2781.358398 0.000000 2045.361816 0.000000 0.789031 0.000000 0.614353 0.752433 0.752433 0.752433
2802.287842 0.000000 2049.300049 0.000000 0.660252 0.000000 0.751044 0.691566 0.691566 0.691566
2791.827393 0.000000 2066.126221 0.000000 0.853854 0.000000 0.520512 0.765558 0.765558 0.765558
2739.190186 0.000000 2097.231689 0.000000 0.737134 0.000000 0.675747 0.775104 0.775104 0.775104
2788.924561 0.000000 2033.726807 0.000000 0.159743 0.000000 0.987159 0.724790 0.724790 0.724790
2770.891113 0.000000 2046.503418 0.000000 0.278930 0.000000 0.960311 0.668794 0.668794 0.668794
2774.816162 0.000000 2057.133789 0.000000 0.394101 0.000000 0.919067 0.707803 0.707803 0.707803
2736.787598 0.000000 2065.215576 0.000000 0.879686 0.000000 -0.475555 0.827319 0.827319 0.827319
2776.618164 0.000000 2042.184326 0.000000 0.975401 0.000000 0.220439 0.789879 0.789879 0.789879
2767.435059 0.000000 2057.098877 0.000000 0.502904 0.000000 0.864342 0.708686 0.708686 0.708686
2803.898926 0.000000 2023.574707 0.000000 0.377570 0.000000 0.925981 0.734754 0.734754 0.734754
2796.285645 0.000000 2072.811279 0.000000 0.149959 0.000000 0.988692 0.704690 0.704690 0.704690
2790.023926 0.000000 2039.656494 0.000000 0.837421 0.000000 -0.546559 0.869294 0.869294 0.869294
2772.564453 0.000000 2067.073242 0.000000 0.224996 0.000000 -0.974360 0.938495 0.938495 0.938495
2800.743164 0.000000 2029.896973 0.000000 0.446794 0.000000 0.894637 0.686515 0.686515 0.686515
2762.071533 0.000000 2059.434814 0.000000 0.783584 0.000000 0.621286 0.759029 0.759029 0.759029
2781.934814 0.000000 2032.030273 0.000000 0.661604 0.000000 0.749853 0.740056 0.740056 0.740056
2794.369385 0.000000 2029.035400 0.000000 0.999973 0.000000 -0.007339 0.800523 0.800523 0.800523
2791.360596 0.000000 2072.483154 0.000000 0.188068 0.000000 -0.982156 0.869537 0.869537 0.869537
2799.198242 0.000000 2058.724609 0.000000 0.572208 0.000000 -0.820109 0.872020 0.872020 0.872020
2735.913574 0.000000 2057.977539 0.000000 0.560956 0.000000 0.827846 0.729294 0.729294 0.729294
2806.683838 0.000000 2032.764038 0.000000 0.471709 0.000000 0.881754 0.732081 0.732081 0.732081
2743.291260 0.000000 2059.596436 0.000000 0.293030 0.000000 -0.956103 0.864854 0.864854 0.864854
2755.826904 0.000000 2074.260010 0.000000 0.628618 0.000000 0.777715 0.711911 0.711911 0.711911
2770.214600 0.000000 2072.376465 0.000000 0.756781 0.000000 -0.653668 0.883665 0.883665 0.883665
2764.347656 0.000000 2085.291748 0.000000 0.232306 0.000000 -0.972643 0.886476 0.886476 0.886476
2776.462402 0.000000 2069.221924 0.000000 0.394600 0.000000 0.918853 0.693186 0.693186 0.693186
2799.046631 0.000000 2065.601807 0.000000 0.999061 0.000000 -0.043337 0.803636 0.803636 0.803636
2793.409668 0.000000 2032.268433 0.000000 0.918965 0.000000 -0.394340 0.838131 0.838131 0.838131
2755.189697 0.000000 2090.154785 0.000000 0.402167 0.000000 -0.915566 0.855455 0.855455 0.855455
2774.115723 0.000000 2046.718018 0.000000 0.583919 0.000000 0.811812 0.702379 0.702379 0.702379
2801.687500 0.000000 2071.013672 0.000000 0.995949 0.000000 -0.089917 0.807553 0.807553 0.807553
2764.151611 0.000000 2050.682617 0.000000 0.995656 0.000000 0.093106 0.793855 0.793855 0.793855
2761.893066 0.000000 2082.006348 0.000000 0.963111 0.000000 -0.269106 0.813550 0.813550 0.813550
2753.588623 0.000000 2069.600342 0.000000 0.468094 0.000000 -0.883679 0.881812 0.881812 0.881812
2804.418457 0.000000 2026.619873 0.000000 0.726177 0.000000 -0.687508 0.878123 0.878123 0.878123
2789.188721 0.000000 2064.337402 0.000000 0.583272 0.000000 -0.812277 0.869301 0.869301 0.869301
2764.275391 0.000000 2057.024902 0.000000 0.395487 0.000000 0.918472 0.729547 0.729547 0.729547
2804.191895 0.000000 2036.880981 0.000000 0.373887 0.000000 -0.927474 0.918122 0.918122 0.918122
2802.636963 0.000000 2060.035645 0.000000 0.989880 0.000000 -0.141905 0.811944 0.811944 0.811944
2795.503906 0.000000 2050.373779 0.000000 0.517280 0.000000 -0.855816 0.896006 0.896006 0.896006
2781.523682 0.000000 2071.185059 0.000000 0.999930 0.000000 0.011806 0.798854 0.798854 0.798854
2781.801514 0.000000 2077.862793 0.000000 0.177744 0.000000 0.984077 0.706580 0.706580 0.706580
2802.430664 0.000000 2065.221924 0.000000 0.236664 0.000000 0.971591 0.688278 0.688278 0.688278
2774.727539 0.000000 2063.131104 0.000000 0.870554 0.000000 0.492073 0.753145 0.753145 0.753145
2786.373291 0.000000 2068.000488 0.000000 0.887960 0.000000 0.459920 0.754184 0.754184 0.754184
2740.019287 0.000000 2074.538330 0.000000 0.132927 0.000000 -0.991126 0.897326 0.897326 0.897326
2751.771973 0.000000 2065.748047 0.000000 0.027610 0.000000 0.999619 0.670552 0.670552 0.670552
2779.399170 0.000000 2043.195312 0.000000 0.107261 0.000000 0.994231 0.719336 0.719336 0.719336
2785.227295 0.000000 2073.218262 0.000000 0.582409 0.000000 -0.812896 0.885870 0.885870 0.885870
2779.391357 0.000000 2068.949707 0.000000 0.176923 0.000000 0.984225 0.679816 0.679816 0.679816
2738.343994 0.000000 2055.912598 0.000000 0.464585 0.000000 0.885528 0.724405 0.724405 0.724405
2796.151367 0.000000 2068.081787 0.000000 0.903228 0.000000 -0.429161 0.833221 0.833221 0.833221
2807.453613 0.000000 2071.632568 0.000000 0.271557 0.000000 0.962422 0.691304 0.691304 0.691304
2787.575684 0.000000 2070.976318 0.000000 0.999454 0.000000 0.033026 0.797368 0.797368 0.797368
2794.106934 0.000000 2062.869873 0.000000 0.866376 0.000000 -0.499392 0.832270 0.832270 0.832270
2765.582520 0.000000 2044.963013 0.000000 0.469870 0.000000 -0.882735 0.880364 0.880364 0.880364
2804.376465 0.000000 2063.134277 0.000000 0.508427 0.000000 0.861105 0.712975 0.712975 0.712975
2792.447998 0.000000 2059.741699 0.000000 0.563520 0.000000 0.826103 0.734179 0.734179 0.734179
2804.955566 0.000000 2058.292725 0.000000 0.214316 0.000000 0.976764 0.686354 0.686354 0.686354
2780.500000 0.000000 2073.583252 0.000000 0.983045 0.000000 0.183365 0.784089 0.784089 0.784089
2826.376465 0.000000 2031.518188 0.000000 0.997956 0.000000 0.063901 0.795134 0.795134 0.795134
2808.797363 0.000000 2016.285156 0.000000 0.305125 0.000000 0.952312 0.773561 0.773561 0.773561
2841.829590 0.000000 2083.625488 0.000000 0.891241 0.000000 -0.453531 0.816359 0.816359 0.816359
2846.716797 0.000000 2039.076660 0.000000 0.818923 0.000000 -0.573903 0.853107 0.853107 0.853107
2814.089600 0.000000 2050.046387 0.000000 0.661911 0.000000 -0.749582 0.857377 0.857377 0.857377
2832.652100 0.000000 2051.055664 0.000000 0.348095 0.000000 0.937459 0.614322 0.614322 0.614322
2834.159668 0.000000 2069.883301 0.000000 0.840587 0.000000 -0.541677 0.856592 0.856592 0.856592
2861.925049 0.000000 2050.871826 0.000000 0.868667 0.000000 -0.495397 0.879189 0.879189 0.879189
2810.963867 0.000000 2032.423096 0.000000 0.815201 0.000000 0.579178 0.775202 0.775202 0.775202
2807.890625 0.000000 2081.001709 0.000000 0.918385 0.000000 -0.395687 0.813650 0.813650 0.813650
2807.956787 0.000000 2061.731201 0.000000 0.933947 0.000000 -0.357412 0.835696 0.835696 0.835696
2847.193359 0.000000 2026.651489 0.000000 0.370939 0.000000 -0.928657 0.807848 0.807848 0.807848
2823.030273 0.000000 2058.922852 0.000000 0.060766 0.000000 0.998152 0.653431 0.653431 0.653431
2824.041504 0.000000 2043.100220 0.000000 0.486945 0.000000 -0.873433 0.962293 0.962293 0.962293
2834.434570 0.000000 2039.185791 0.000000 0.523973 0.000000 0.851735 0.751142 0.751142 0.751142
2843.943115 0.000000 2050.039795 0.000000 0.770182 0.000000 0.637824 0.779693 0.779693 0.779693
2866.324707 0.000000 2025.554077 0.000000 0.635966 0.000000 0.771717 0.770949 0.770949 0.770949
2838.015869 0.000000 2060.417480 0.000000 0.848069 0.000000 -0.529886 0.885327 0.885327 0.885327
2807.809570 0.000000 2042.032471 0.000000 0.834441 0.000000 0.551097 0.710821 0.710821 0.710821
2855.994385 0.000000 2042.494995 0.000000 0.993189 0.000000 0.116519 0.782157 0.782157 0.782157
2818.407715 0.000000 2025.711426 0.000000 0.999197 0.000000 -0.040060 0.803145 0.803145 0.803145
2865.602295 0.000000 2015.710571 0.000000 0.739767 0.000000 -0.672863 0.891100 0.891100 0.891100
2875.463379 0.000000 2068.010986 0.000000 0.541467 0.000000 -0.840722 0.833507 0.833507 0.833507
2809.661621 0.000000 2072.743164 0.000000 0.419300 0.000000 0.907848 0.722260 0.722260 0.722260
2879.300293 0.000000 2024.921143 0.000000 0.695810 0.000000 -0.718226 0.855210 0.855210 0.855210
2816.007812 0.000000 2063.030762 0.000000 0.876984 0.000000 -0.480520 0.839944 0.839944 0.839944
2824.575928 0.000000 2051.105225 0.000000 0.692197 0.000000 0.721709 0.676811 0.676811 0.676811
2838.871826 0.000000 2076.133057 0.000000 0.712959 0.000000 -0.701206 0.864254 0.864254 0.864254
2860.313721 0.000000 2081.646484 0.000000 0.744688 0.000000 0.667413 0.793433 0.793433 0.793433
2847.820068 0.000000 2078.707275 0.000000 0.906179 0.000000 0.422895 0.773053 0.773053 0.773053
2866.168945 0.000000 2057.750488 0.000000 0.272819 0.000000 0.962065 0.711580 0.711580 0.711580
2840.961914 0.000000 2034.088013 0.000000 0.860940 0.000000 -0.508706 0.809273 0.809273 0.809273
2807.764893 0.000000 2054.296387 0.000000 0.902386 0.000000 0.430930 0.785852 0.785852 0.785852
2853.488281 0.000000 2035.525146 0.000000 0.030339 0.000000 -0.999540 1.035364 1.035364 1.035364
2811.205322 0.000000 2023.535889 0.000000 0.138815 0.000000 0.990318 0.676486 0.676486 0.676486
2816.616943 0.000000 2043.276733 0.000000 0.875488 0.000000 0.483240 0.722941 0.722941 0.722941
2816.691162 0.000000 2018.607544 0.000000 0.856310 0.000000 0.516463 0.786993 0.786993 0.786993
2816.318848 0.000000 2056.343506 0.000000 0.036756 0.000000 0.999324 0.712681 0.712681 0.712681
2825.022461 0.000000 2023.802368 0.000000 0.295397 0.000000 0.955374 0.775632 0.775632 0.775632
2830.496826 0.000000 2044.408203 0.000000 0.705500 0.000000 0.708710 0.679653 0.679653 0.679653
2871.755371 0.000000 2073.725098 0.000000 0.364374 0.000000 0.931253 0.769139 0.769139 0.769139
2843.189209 0.000000 2056.532471 0.000000 0.942379 0.000000 0.334548 0.785897 0.785897 0.785897
2841.007812 0.000000 2065.925537 0.000000 0.952653 0.000000 -0.304060 0.837949 0.837949 0.837949
2832.920166 0.000000 2032.949097 0.000000 0.999737 0.000000 -0.022941 0.800715 0.800715 0.800715
2827.337158 0.000000 2037.724487 0.000000 0.774865 0.000000 0.632127 0.695447 0.695447 0.695447
2862.098877 0.000000 2043.790894 0.000000 0.201692 0.000000 -0.979449 0.832780 0.832780 0.832780
2873.258301 0.000000 2026.311890 0.000000 0.984458 0.000000 -0.175619 0.803385 0.803385 0.803385
2847.949463 0.000000 2032.643799 0.000000 0.761394 0.000000 0.648290 0.692233 0.692233 0.692233
2837.956787 0.000000 2053.603516 0.000000 0.666060 0.000000 0.745898 0.677423 0.677423 0.677423
2813.158936 0.000000 2077.405762 0.000000 0.543802 0.000000 -0.839214 0.859668 0.859668 0.859668
2869.481445 0.000000 2038.112915 0.000000 0.986054 0.000000 0.166424 0.789882 0.789882 0.789882
2872.853027 0.000000 2062.653320 0.000000 0.544231 0.000000 -0.838935 0.854270 0.854270 0.854270
2856.593018 0.000000 2048.166016 0.000000 0.718065 0.000000 0.695976 0.682387 0.682387 0.682387
2819.754395 0.000000 2048.082031 0.000000 0.738722 0.000000 0.674010 0.686994 0.686994 0.686994
2816.327393 0.000000 2030.894043 0.000000 0.884164 0.000000 0.467176 0.769418 0.769418 0.769418
2808.616699 0.000000 2048.579102 0.000000 0.836927 0.000000 -0.547315 0.886406 0.886406 0.886406
2821.302979 0.000000 2064.302734 0.000000 0.839035 0.000000 0.544078 0.750708 0.750708 0.750708
2868.558105 0.000000 2020.423462 0.000000 0.174807 0.000000 0.984603 0.586847 0.586847 0.586847
2858.941650 0.000000 2037.705566 0.000000 0.540952 0.000000 -0.841053 0.865259 0.865259 0.865259
2824.280762 0.000000 2082.412842 0.000000 0.869649 0.000000 -0.493670 0.817324 0.817324 0.817324
2836.589355 0.000000 2047.553833 0.000000 0.983161 0.000000 0.182742 0.780180 0.780180 0.780180
2831.286865 0.000000 2074.129883 0.000000 0.979094 0.000000 -0.203406 0.813746 0.813746 0.813746
2876.619873 0.000000 2052.305664 0.000000 0.998276 0.000000 0.058686 0.797256 0.797256 0.797256
2821.281250 0.000000 2031.978882 0.000000 0.226599 0.000000 -0.973988 0.910177 0.910177 0.910177
2811.784180 0.000000 2058.459717 0.000000 0.998430 0.000000 -0.056007 0.804701 0.804701 0.804701
2843.804688 0.000000 2061.927979 0.000000 0.947266 0.000000 0.320449 0.762082 0.762082 0.762082
2809.078613 0.000000 2027.855835 0.000000 0.839426 0.000000 -0.543474 0.856460 0.856460 0.856460
2872.895264 0.000000 2045.769897 0.000000 0.192129 0.000000 -0.981370 0.948561 0.948561 0.948561
2820.842041 0.000000 2054.412354 0.000000 0.266565 0.000000 -0.963817 0.923162 0.923162 0.923162
2820.562744 0.000000 2021.564697 0.000000 0.665476 0.000000 0.746419 0.771221 0.771221 0.771221
2808.279785 0.000000 2036.405151 0.000000 0.789140 0.000000 0.614214 0.735405 0.735405 0.735405
2877.711914 0.000000 2060.839111 0.000000 0.308164 0.000000 0.951333 0.736708 0.736708 0.736708
2878.211426 0.000000 2020.316162 0.000000 0.590007 0.000000 -0.807398 0.889526 0.889526 0.889526
2870.902832 0.000000 2069.044434 0.000000 0.963329 0.000000 -0.268324 0.813672 0.813672 0.813672
2860.869629 0.000000 2015.913574 0.000000 0.778130 0.000000 -0.628103 0.836215 0.836215 0.836215
2828.304443 0.000000 2085.610352 0.000000 0.568768 0.000000 0.822498 0.767594 0.767594 0.767594
2814.081543 0.000000 2071.401123 0.000000 0.553336 0.000000 -0.832958 0.882578 0.882578 0.882578
2857.324219 0.000000 2033.162231 0.000000 0.499670 0.000000 -0.866216 0.839544 0.839544 0.839544
2823.066406 0.000000 2027.901733 0.000000 0.515793 0.000000 0.856713 0.738353 0.738353 0.738353
2878.126221 0.000000 2029.233154 0.000000 0.738156 0.000000 0.674630 0.729014 0.729014 0.729014
2807.734375 0.000000 2020.648560 0.000000 0.925683 0.000000 -0.378300 0.822316 0.822316 0.822316
2828.668457 0.000000 2070.468750 0.000000 0.461183 0.000000 -0.887305 0.900058 0.900058 0.900058
2822.639404 0.000000 2068.504639 0.000000 0.337433 0.000000 0.941349 0.676529 0.676529 0.676529
2813.347412 0.000000 2027.746826 0.000000 0.900863 0.000000 0.434104 0.759911 0.759911 0.759911
2852.289062 0.000000 2049.004639 0.000000 0.286620 0.000000 0.958044 0.674212 0.674212 0.674212
2826.297852 0.000000 2062.164307 0.000000 0.972923 0.000000 -0.231129 0.825155 0.825155 0.825155
2812.514648 0.000000 2019.237671 0.000000 0.746277 0.000000 0.665635 0.772070 0.772070 0.772070
2818.890869 0.000000 2059.682861 0.000000 0.987248 0.000000 -0.159189 0.811399 0.811399 0.811399
2862.460449 0.000000 2055.745605 0.000000 0.734188 0.000000 -0.678946 0.897485 0.897485 0.897485
2815.406494 0.000000 2022.694336 0.000000 0.975795 0.000000 -0.218687 0.816777 0.816777 0.816777
2868.719971 0.000000 2061.314453 0.000000 0.291748 0.000000 0.956495 0.714456 0.714456 0.714456
2835.451660 0.000000 2043.245728 0.000000 0.803824 0.000000 -0.594867 0.864895 0.864895 0.864895
2815.016846 0.000000 2034.845459 0.000000 0.072734 0.000000 -0.997351 0.896039 0.896039 0.896039
2835.491943 0.000000 2073.758789 0.000000 0.088088 0.000000 0.996113 0.676522 0.676522 0.676522
2830.583496 0.000000 2066.842529 0.000000 0.291551 0.000000 0.956555 0.672427 0.672427 0.672427
2844.792480 0.000000 2035.557983 0.000000 0.884487 0.000000 -0.466565 0.855260 0.855260 0.855260
2816.499756 0.000000 2067.021729 0.000000 0.980947 0.000000 -0.194275 0.816635 0.816635 0.816635
2839.940430 0.000000 2050.125244 0.000000 0.944293 0.000000 -0.329107 0.830341 0.830341 0.830341
2811.811279 0.000000 2062.812744 0.000000 0.403870 0.000000 -0.914816 0.896890 0.896890 0.896890
2807.845215 0.000000 2076.683838 0.000000 0.999942 0.000000 -0.010729 0.800720 0.800720 0.800720
2831.250244 0.000000 2036.618774 0.000000 0.791253 0.000000 0.611489 0.735348 0.735348 0.735348
2824.151611 0.000000 2034.753418 0.000000 0.502256 0.000000 -0.864719 0.940825 0.940825 0.940825
2817.810791 0.000000 2051.709473 0.000000 0.046725 0.000000 -0.998908 0.945194 0.945194 0.945194
2873.203125 0.000000 2036.341064 0.000000 0.994895 0.000000 -0.100914 0.811750 0.811750 0.811750
2871.559570 0.000000 2041.754639 0.000000 0.024303 0.000000 0.999705 0.628576 0.628576 0.628576
2843.921875 0.000000 2031.565308 0.000000 0.604918 0.000000 -0.796287 0.841394 0.841394 0.841394
2837.112305 0.000000 2066.936768 0.000000 0.974434 0.000000 -0.224672 0.826476 0.826476 0.826476
2877.994141 0.000000 2065.204590 0.000000 0.900195 0.000000 0.435488 0.777322 0.777322 0.777322
2847.555176 0.000000 2074.028564 0.000000 0.736188 0.000000 0.676777 0.717154 0.717154 0.717154
2845.447998 0.000000 2081.862061 0.000000 0.819121 0.000000 -0.573621 0.827087 0.827087 0.827087
2860.299561 0.000000 2047.163208 0.000000 0.935437 0.000000 -0.353493 0.838101 0.838101 0.838101
2874.280029 0.000000 2049.300049 0.000000 0.156657 0.000000 -0.987653 0.918569 0.918569 0.918569
2826.728271 0.000000 2027.325439 0.000000 0.702522 0.000000 -0.711662 0.826095 0.826095 0.826095
2877.738770 0.000000 2055.790527 0.000000 0.653646 0.000000 -0.756801 0.842690 0.842690 0.842690
2826.993652 0.000000 2058.572998 0.000000 0.525903 0.000000 0.850544 0.671423 0.671423 0.671423
2808.779785 0.000000 2065.215576 0.000000 0.959790 0.000000 -0.280719 0.827960 0.827960 0.827960
2848.610352 0.000000 2042.184326 0.000000 0.950624 0.000000 -0.310346 0.825525 0.825525 0.825525
2839.427246 0.000000 2057.098877 0.000000 0.897946 0.000000 0.440106 0.759042 0.759042 0.759042
2875.891113 0.000000 2023.574707 0.000000 0.695649 0.000000 0.718382 0.709719 0.709719 0.709719
2830.025146 0.000000 2030.326172 0.000000 0.968013 0.000000 0.250898 0.789971 0.789971 0.789971
2868.277832 0.000000 2072.811279 0.000000 0.363985 0.000000 -0.931405 0.845949 0.845949 0.845949
2808.790283 0.000000 2069.031738 0.000000 0.576146 0.000000 0.817347 0.723180 0.723180 0.723180
2844.556641 0.000000 2067.073242 0.000000 0.517384 0.000000 0.855753 0.679391 0.679391 0.679391
2821.194580 0.000000 2073.706055 0.000000 0.738380 0.000000 0.674385 0.735697 0.735697 0.735697
2834.063721 0.000000 2059.434814 0.000000 0.215781 0.000000 0.976442 0.671073 0.671073 0.671073
2853.927002 0.000000 2032.030273 0.000000 0.933970 0.000000 0.357352 0.767157 0.767157 0.767157
2855.241943 0.000000 2056.378906 0.000000 0.875359 0.000000 -0.483473 0.821769 0.821769 0.821769
2841.816895 0.000000 2053.109619 0.000000 0.531994 0.000000 0.846748 0.731627 0.731627 0.731627
2869.647217 0.000000 2024.359863 0.000000 0.187230 0.000000 -0.982316 0.868751 0.868751 0.868751
2871.190430 0.000000 2058.724609 0.000000 0.641539 0.000000 0.767090 0.760187 0.760187 0.760187
2807.905762 0.000000 2057.977539 0.000000 0.657410 0.000000 0.753533 0.708981 0.708981 0.708981
2819.344971 0.000000 2029.060547 0.000000 0.716327 0.000000 0.697764 0.736607 0.736607 0.736607
2829.123291 0.000000 2033.919678 0.000000 0.658225 0.000000 0.752822 0.730545 0.730545 0.730545
2815.283447 0.000000 2059.596436 0.000000 0.999916 0.000000 0.012948 0.799154 0.799154 0.799154
2827.819092 0.000000 2074.260010 0.000000 0.268376 0.000000 0.963314 0.734616 0.734616 0.734616
2842.206787 0.000000 2072.376465 0.000000 0.467320 0.000000 0.884089 0.673284 0.673284 0.673284
2829.420654 0.000000 2063.593506 0.000000 0.883544 0.000000 -0.468348 0.855197 0.855197 0.855197
2810.322266 0.000000 2051.543701 0.000000 0.580887 0.000000 -0.813985 0.876353 0.876353 0.876353
2859.366455 0.000000 2041.713745 0.000000 0.952740 0.000000 0.303786 0.774293 0.774293 0.774293
2807.823242 0.000000 2024.686768 0.000000 0.697128 0.000000 -0.716946 0.879033 0.879033 0.879033
2841.599365 0.000000 2059.595947 0.000000 0.874538 0.000000 -0.484956 0.826090 0.826090 0.826090
2821.583252 0.000000 2024.756226 0.000000 0.154531 0.000000 -0.987988 0.892455 0.892455 0.892455
2814.854004 0.000000 2074.650635 0.000000 0.820892 0.000000 0.571084 0.759211 0.759211 0.759211
2836.790527 0.000000 2078.604492 0.000000 0.552640 0.000000 -0.833420 0.866119 0.866119 0.866119
2819.565186 0.000000 2067.844727 0.000000 0.937923 0.000000 -0.346844 0.833957 0.833957 0.833957
2830.625244 0.000000 2077.476074 0.000000 0.414143 0.000000 -0.910212 0.869904 0.869904 0.869904
2808.121826 0.000000 2030.871704 0.000000 0.117661 0.000000 0.993054 0.709467 0.709467 0.709467
2833.885254 0.000000 2082.006348 0.000000 0.315103 0.000000 -0.949058 0.862925 0.862925 0.862925
2825.580811 0.000000 2069.600342 0.000000 0.707503 0.000000 0.706711 0.724289 0.724289 0.724289
2865.950928 0.000000 2022.481079 0.000000 0.998347 0.000000 0.057479 0.796141 0.796141 0.796141
2876.410645 0.000000 2026.619873 0.000000 0.770782 0.000000 0.637098 0.740817 0.740817 0.740817
2861.180908 0.000000 2064.337402 0.000000 0.996346 0.000000 -0.085414 0.808608 0.808608 0.808608
2825.201904 0.000000 2075.954834 0.000000 0.716182 0.000000 0.697913 0.755104 0.755104 0.755104
2818.395996 0.000000 2033.223755 0.000000 0.220621 0.000000 -0.975359 0.901794 0.901794 0.901794
2874.629150 0.000000 2060.035645 0.000000 0.969223 0.000000 0.246183 0.787481 0.787481 0.787481
2823.237305 0.000000 2061.962891 0.000000 0.990291 0.000000 0.139012 0.785209 0.785209 0.785209
2878.247803 0.000000 2049.792236 0.000000 0.971850 0.000000 0.235602 0.778909 0.778909 0.778909
2818.420410 0.000000 2064.724365 0.000000 0.998954 0.000000 -0.045716 0.804357 0.804357 0.804357
2815.447021 0.000000 2025.615601 0.000000 0.165412 0.000000 -0.986225 0.931291 0.931291 0.931291
2858.365479 0.000000 2068.000488 0.000000 0.945324 0.000000 -0.326132 0.831251 0.831251 0.831251
2816.421387 0.000000 2077.794678 0.000000 0.936862 0.000000 0.349699 0.773885 0.773885 0.773885
2812.011475 0.000000 2074.538330 0.000000 0.988277 0.000000 -0.152673 0.809918 0.809918 0.809918
2823.764160 0.000000 2065.748047 0.000000 0.552703 0.000000 0.833379 0.706142 0.706142 0.706142
2856.297363 0.000000 2036.099609 0.000000 0.940084 0.000000 -0.340942 0.831478 0.831478 0.831478
2820.395264 0.000000 2057.260254 0.000000 0.273347 0.000000 -0.961916 0.903113 0.903113 0.903113
2831.473389 0.000000 2071.262939 0.000000 0.978337 0.000000 -0.207020 0.816493 0.816493 0.816493
2813.853516 0.000000 2065.150391 0.000000 0.196995 0.000000 0.980404 0.684869 0.684869 0.684869
2811.422607 0.000000 2070.253906 0.000000 0.966014 0.000000 -0.258490 0.818016 0.818016 0.818016
2833.464844 0.000000 2075.901123 0.000000 0.184446 0.000000 0.982843 0.707037 0.707037 0.707037
2840.131104 0.000000 2081.282715 0.000000 0.983987 0.000000 -0.178241 0.810737 0.810737 0.810737
2844.915039 0.000000 2078.502197 0.000000 0.528911 0.000000 -0.848677 0.867405 0.867405 0.867405
2866.099121 0.000000 2062.869873 0.000000 0.206865 0.000000 -0.978370 0.891429 0.891429 0.891429
2819.791260 0.000000 2077.865479 0.000000 0.951079 0.000000 -0.308948 0.821077 0.821077 0.821077
2816.689941 0.000000 2028.044189 0.000000 0.331610 0.000000 -0.943417 0.897502 0.897502 0.897502
2823.821289 0.000000 2030.598145 0.000000 0.333911 0.000000 -0.942605 0.903944 0.903944 0.903944
2818.266357 0.000000 2022.966797 0.000000 0.792160 0.000000 -0.610314 0.841300 0.841300 0.841300
2811.458008 0.000000 2029.657471 0.000000 0.188970 0.000000 0.981983 0.697419 0.697419 0.697419
2841.505371 0.000000 2076.725586 0.000000 0.353999 0.000000 0.935246 0.699313 0.699313 0.699313
2837.574707 0.000000 2044.963013 0.000000 0.858445 0.000000 0.512905 0.759341 0.759341 0.759341
2839.424072 0.000000 2078.741211 0.000000 0.966563 0.000000 -0.256430 0.817403 0.817403 0.817403
2864.440186 0.000000 2059.741699 0.000000 0.985500 0.000000 0.169674 0.786720 0.786720 0.786720
2814.035156 0.000000 2068.710449 0.000000 0.564966 0.000000 -0.825114 0.881401 0.881401 0.881401
2876.947754 0.000000 2058.292725 0.000000 0.818509 0.000000 0.574493 0.759665 0.759665 0.759665
2846.498535 0.000000 2076.406494 0.000000 0.940427 0.000000 0.339996 0.769029 0.769029 0.769029
2820.336670 0.000000 2061.842285 0.000000 0.998998 0.000000 -0.044750 0.803862 0.803862 0.803862
2818.239990 0.000000 2054.475586 0.000000 0.150833 0.000000 -0.988559 0.898653 0.898653 0.898653
2810.266846 0.000000 2060.608887 0.000000 0.584423 0.000000 0.811449 0.720593 0.720593 0.720593
2844.026123 0.000000 2037.989136 0.000000 0.458411 0.000000 0.888740 0.717363 0.717363 0.717363
2836.023193 0.000000 2076.210205 0.000000 0.500411 0.000000 -0.865788 0.878396 0.878396 0.878396
2661.491211 0.000000 2142.968750 0.000000 0.998236 0.000000 0.059362 0.799822 0.799822 0.799822
2648.035645 0.000000 2131.718994 0.000000 0.447569 0.000000 0.894249 0.787400 0.787400 0.787400
2659.011475 0.000000 2128.627197 0.000000 0.992957 0.000000 -0.118477 0.818145 0.818145 0.818145
2663.323730 0.000000 2120.905762 0.000000 0.977334 0.000000 -0.211702 0.813676 0.813676 0.813676
2659.090088 0.000000 2135.918945 0.000000 0.853038 0.000000 -0.521849 0.883884 0.883884 0.883884
2652.905029 0.000000 2127.646973 0.000000 0.292033 0.000000 -0.956408 0.857271 0.857271 0.857271
2657.281738 0.000000 2122.296387 0.000000 0.697553 0.000000 0.716533 0.780376 0.780376 0.780376
2653.504883 0.000000 2134.097412 0.000000 0.533718 0.000000 0.845663 0.740823 0.740823 0.740823
2655.583008 0.000000 2137.739258 0.000000 0.851070 0.000000 -0.525053 0.836433 0.836433 0.836433
2662.034180 0.000000 2138.921143 0.000000 0.709407 0.000000 0.704800 0.750793 0.750793 0.750793
2656.758789 0.000000 2125.881592 0.000000 0.177931 0.000000 -0.984043 0.889237 0.889237 0.889237
2655.822266 0.000000 2129.184082 0.000000 0.894631 0.000000 0.446805 0.751155 0.751155 0.751155
2658.692383 0.000000 2139.147461 0.000000 0.967105 0.000000 -0.254376 0.815719 0.815719 0.815719
2660.434082 0.000000 2122.604248 0.000000 0.377212 0.000000 -0.926127 0.889388 0.889388 0.889388
2682.392090 0.000000 2127.502686 0.000000 0.938577 0.000000 0.345071 0.764536 0.764536 0.764536
2664.812988 0.000000 2112.269775 0.000000 0.998386 0.000000 -0.056785 0.802757 0.802757 0.802757
2688.667725 0.000000 2147.040039 0.000000 0.849114 0.000000 0.528209 0.794665 0.794665 0.794665
2666.979492 0.000000 2128.407471 0.000000 0.197977 0.000000 0.980207 0.590450 0.590450 0.590450
2679.655029 0.000000 2113.113770 0.000000 0.725772 0.000000 0.687935 0.684088 0.684088 0.684088
2663.825195 0.000000 2138.017090 0.000000 0.935831 0.000000 -0.352449 0.822660 0.822660 0.822660
2674.423340 0.000000 2121.696045 0.000000 0.935527 0.000000 -0.353254 0.855164 0.855164 0.855164
2674.822021 0.000000 2132.405273 0.000000 0.654134 0.000000 0.756379 0.708004 0.708004 0.708004
2687.145264 0.000000 2116.794434 0.000000 0.905881 0.000000 0.423532 0.773010 0.773010 0.773010
2680.591553 0.000000 2147.089844 0.000000 0.489461 0.000000 -0.872025 0.853316 0.853316 0.853316
2672.706787 0.000000 2114.592041 0.000000 0.645018 0.000000 -0.764167 0.932888 0.932888 0.932888
2697.558105 0.000000 2118.467041 0.000000 0.339420 0.000000 -0.940635 0.828614 0.828614 0.828614
2681.038086 0.000000 2119.786865 0.000000 0.616797 0.000000 0.787122 0.661554 0.661554 0.661554
2686.512451 0.000000 2140.392578 0.000000 0.905427 0.000000 -0.424502 0.822328 0.822328 0.822328
2683.352783 0.000000 2133.708984 0.000000 0.587936 0.000000 -0.808907 0.879043 0.879043 0.879043
2668.768311 0.000000 2134.266113 0.000000 0.477548 0.000000 0.878606 0.706141 0.706141 0.706141
2686.506836 0.000000 2122.789307 0.000000 0.913717 0.000000 0.406352 0.765149 0.765149 0.765149
2672.343018 0.000000 2126.878662 0.000000 0.647441 0.000000 -0.762115 0.932403 0.932403 0.932403
2692.472900 0.000000 2117.658447 0.000000 0.526575 0.000000 0.850129 0.739719 0.739719 0.739719
2665.094238 0.000000 2123.840332 0.000000 0.791066 0.000000 0.611731 0.704160 0.704160 0.704160
2684.184814 0.000000 2113.176025 0.000000 0.350298 0.000000 -0.936638 0.909738 0.909738 0.909738
2682.937012 0.000000 2143.183350 0.000000 0.216874 0.000000 -0.976200 0.868056 0.868056 0.868056
2678.966309 0.000000 2134.758545 0.000000 0.706830 0.000000 -0.707384 0.861207 0.861207 0.861207
2689.978516 0.000000 2113.437988 0.000000 0.740102 0.000000 -0.672495 0.849497 0.849497 0.849497
2691.467285 0.000000 2139.230225 0.000000 0.512040 0.000000 0.858961 0.747378 0.747378 0.747378
2693.878174 0.000000 2132.806396 0.000000 0.999188 0.000000 0.040299 0.797706 0.797706 0.797706
2671.032471 0.000000 2130.829834 0.000000 0.449287 0.000000 0.893387 0.649068 0.649068 0.649068
2687.265869 0.000000 2132.603271 0.000000 0.963721 0.000000 -0.266911 0.822017 0.822017 0.822017
2680.167236 0.000000 2130.737793 0.000000 0.983078 0.000000 0.183187 0.783663 0.783663 0.783663
2673.826416 0.000000 2147.694092 0.000000 0.367074 0.000000 0.930192 0.762054 0.762054 0.762054
2689.673096 0.000000 2120.468262 0.000000 0.953151 0.000000 0.302496 0.781587 0.781587 0.781587
2686.393311 0.000000 2136.467529 0.000000 0.668060 0.000000 -0.744107 0.856316 0.856316 0.856316
2675.353760 0.000000 2136.248779 0.000000 0.958876 0.000000 -0.283826 0.819830 0.819830 0.819830
2676.356934 0.000000 2140.249756 0.000000 0.592960 0.000000 -0.805232 0.860013 0.860013 0.860013
2682.743896 0.000000 2123.310059 0.000000 0.993576 0.000000 0.113165 0.789264 0.789264 0.789264
2671.843506 0.000000 2142.854248 0.000000 0.200052 0.000000 -0.979785 0.868922 0.868922 0.868922
2686.484375 0.000000 2144.140869 0.000000 0.964372 0.000000 0.264550 0.786525 0.786525 0.786525
2684.789551 0.000000 2119.596680 0.000000 0.937008 0.000000 0.349309 0.774557 0.774557 0.774557
2693.782715 0.000000 2136.422363 0.000000 0.162725 0.000000 -0.986671 0.859027 0.859027 0.859027
2679.248047 0.000000 2142.882080 0.000000 0.559223 0.000000 -0.829017 0.849190 0.849190 0.849190
2695.241943 0.000000 2121.338623 0.000000 0.986617 0.000000 -0.163057 0.808244 0.808244 0.808244
2686.040771 0.000000 2126.310791 0.000000 0.568458 0.000000 0.822712 0.703903 0.703903 0.703903
2685.138916 0.000000 2129.904053 0.000000 0.240282 0.000000 -0.970703 0.933692 0.933692 0.933692
2671.831299 0.000000 2135.757812 0.000000 0.993514 0.000000 0.113706 0.787642 0.787642 0.787642
2683.209961 0.000000 2137.700684 0.000000 0.991435 0.000000 0.130602 0.791211 0.791211 0.791211
2667.272705 0.000000 2137.325928 0.000000 0.537708 0.000000 -0.843131 0.915395 0.915395 0.915395
2689.417236 0.000000 2142.365234 0.000000 0.849203 0.000000 0.528067 0.772000 0.772000 0.772000
2663.838867 0.000000 2120.671143 0.000000 0.167074 0.000000 0.985944 0.710056 0.710056 0.710056
2690.656982 0.000000 2131.763428 0.000000 0.705977 0.000000 -0.708235 0.857529 0.857529 0.857529
2676.993896 0.000000 2147.074951 0.000000 0.983240 0.000000 -0.182315 0.809228 0.809228 0.809228
2693.151855 0.000000 2114.772217 0.000000 0.999665 0.000000 -0.025892 0.801614 0.801614 0.801614
2688.699219 0.000000 2138.373291 0.000000 0.668886 0.000000 0.743365 0.746269 0.746269 0.746269
2669.873291 0.000000 2138.581543 0.000000 0.985349 0.000000 -0.170548 0.810885 0.810885 0.810885
2689.945557 0.000000 2116.604492 0.000000 0.776524 0.000000 -0.630087 0.840843 0.840843 0.840843
2683.425537 0.000000 2140.474365 0.000000 0.993939 0.000000 0.109937 0.792938 0.792938 0.792938
2677.598389 0.000000 2132.322021 0.000000 0.019615 0.000000 -0.999808 0.931978 0.931978 0.931978
2677.796875 0.000000 2137.594727 0.000000 0.074243 0.000000 -0.997240 0.900425 0.900425 0.900425
2681.392334 0.000000 2135.670654 0.000000 0.322844 0.000000 -0.946452 0.896747 0.896747 0.896747
3154.480957 0.000000 1916.987793 0.000000 0.959557 0.000000 0.281515 0.792306 0.792306 0.792306
3191.243164 0.000000 1912.279907 0.000000 0.203172 0.000000 -0.979143 1.008740 1.008740 1.008740
3207.227051 0.000000 1905.657227 0.000000 0.563339 0.000000 -0.826226 0.948568 0.948568 0.948568
3214.218262 0.000000 1894.783325 0.000000 0.354284 0.000000 0.935138 0.659508 0.659508 0.659508
3195.778076 0.000000 1901.697266 0.000000 0.006644 0.000000 0.999978 0.746580 0.746580 0.746580
3207.031250 0.000000 1897.679321 0.000000 0.573987 0.000000 0.818864 0.653410 0.653410 0.653410
3213.114258 0.000000 1900.896973 0.000000 0.433993 0.000000 0.900916 0.711942 0.711942 0.711942
3202.398926 0.000000 1901.875732 0.000000 0.581024 0.000000 -0.813886 0.945273 0.945273 0.945273
3195.607178 0.000000 1907.916748 0.000000 0.752795 0.000000 0.658255 0.690222 0.690222 0.690222
3185.708008 0.000000 1910.089844 0.000000 0.993613 0.000000 -0.112842 0.814364 0.814364 0.814364
3208.387451 0.000000 1892.297241 0.000000 0.509788 0.000000 0.860300 0.742279 0.742279 0.742279
3203.988281 0.000000 1914.640381 0.000000 0.972228 0.000000 -0.234037 0.813305 0.813305 0.813305
3187.910400 0.000000 1915.665039 0.000000 0.961367 0.000000 -0.275269 0.809858 0.809858 0.809858
3202.788574 0.000000 1895.957397 0.000000 0.252408 0.000000 0.967621 0.711712 0.711712 0.711712
3211.507324 0.000000 1904.897827 0.000000 0.787443 0.000000 -0.616387 0.831835 0.831835 0.831835
3211.856201 0.000000 1892.082397 0.000000 0.993105 0.000000 -0.117229 0.814151 0.814151 0.814151
3170.666016 0.000000 1918.362427 0.000000 0.604089 0.000000 0.796917 0.750271 0.750271 0.750271
3207.125488 0.000000 1912.978760 0.000000 0.595814 0.000000 0.803122 0.740215 0.740215 0.740215
3203.273682 0.000000 1912.059326 0.000000 0.981293 0.000000 -0.192519 0.816019 0.816019 0.816019
2903.274414 0.000000 2008.264282 0.000000 0.993696 0.000000 -0.112107 0.813193 0.813193 0.813193
2920.390869 0.000000 1964.506592 0.000000 0.503175 0.000000 0.864184 0.729972 0.729972 0.729972
2879.739258 0.000000 1999.868408 0.000000 0.879088 0.000000 0.476660 0.724087 0.724087 0.724087
2896.470215 0.000000 1992.132812 0.000000 0.639006 0.000000 -0.769202 0.934086 0.934086 0.934086
2926.839355 0.000000 1979.103027 0.000000 0.979676 0.000000 -0.200585 0.800484 0.800484 0.800484
2919.258301 0.000000 2001.641602 0.000000 0.369888 0.000000 0.929076 0.740011 0.740011 0.740011
2949.834229 0.000000 1980.172485 0.000000 0.897997 0.000000 0.440001 0.793175 0.793175 0.793175
2946.044922 0.000000 2002.578735 0.000000 0.373815 0.000000 -0.927503 0.948018 0.948018 0.948018
2891.597168 0.000000 2003.910522 0.000000 0.968913 0.000000 0.247402 0.775284 0.775284 0.775284
2917.189209 0.000000 1974.653076 0.000000 0.049869 0.000000 0.998756 0.567623 0.567623 0.567623
2886.656494 0.000000 1992.902832 0.000000 0.653514 0.000000 -0.756914 0.931181 0.931181 0.931181
2912.521729 0.000000 2007.724609 0.000000 0.760684 0.000000 0.649123 0.747937 0.747937 0.747937
2904.802979 0.000000 1989.008789 0.000000 0.129598 0.000000 -0.991567 0.940719 0.940719 0.940719
2910.864014 0.000000 1980.148682 0.000000 0.491769 0.000000 -0.870726 0.884839 0.884839 0.884839
2919.812256 0.000000 1982.722778 0.000000 0.961301 0.000000 0.275499 0.757355 0.757355 0.757355
2938.605713 0.000000 2004.485107 0.000000 0.865986 0.000000 0.500069 0.719988 0.719988 0.719988
2941.666504 0.000000 1996.764893 0.000000 0.873074 0.000000 0.487587 0.722181 0.722181 0.722181
2945.094727 0.000000 1985.590576 0.000000 0.456535 0.000000 -0.889706 0.861111 0.861111 0.861111
2902.342041 0.000000 2015.643921 0.000000 0.011524 0.000000 0.999934 0.680413 0.680413 0.680413
2913.000000 0.000000 1969.941040 0.000000 0.908231 0.000000 -0.418469 0.815263 0.815263 0.815263
2925.145508 0.000000 1996.881348 0.000000 0.988938 0.000000 0.148331 0.797859 0.797859 0.797859
2880.554688 0.000000 1993.762695 0.000000 0.684607 0.000000 0.728913 0.675213 0.675213 0.675213
2907.638428 0.000000 2003.901123 0.000000 0.295535 0.000000 -0.955332 0.943146 0.943146 0.943146
2908.587646 0.000000 2012.512573 0.000000 0.453620 0.000000 0.891195 0.706412 0.706412 0.706412
2886.350830 0.000000 1999.098877 0.000000 0.744228 0.000000 0.667926 0.709722 0.709722 0.709722
2902.333252 0.000000 1994.723877 0.000000 0.999526 0.000000 0.030778 0.796440 0.796440 0.796440
2897.739258 0.000000 2006.074219 0.000000 0.392173 0.000000 0.919892 0.676150 0.676150 0.676150
2925.379639 0.000000 1984.834229 0.000000 0.500195 0.000000 -0.865913 0.893470 0.893470 0.893470
2938.504395 0.000000 2012.972168 0.000000 0.064412 0.000000 0.997923 0.640248 0.640248 0.640248
2885.194580 0.000000 1987.315796 0.000000 0.888633 0.000000 -0.458619 0.872795 0.872795 0.872795
2910.396973 0.000000 1992.346436 0.000000 0.990155 0.000000 -0.139972 0.817165 0.817165 0.817165
2949.638916 0.000000 2006.952637 0.000000 0.996593 0.000000 0.082477 0.790105 0.790105 0.790105
2920.418701 0.000000 1988.281616 0.000000 0.639433 0.000000 0.768847 0.702783 0.702783 0.702783
2896.272949 0.000000 1986.428467 0.000000 0.065865 0.000000 -0.997829 0.996567 0.996567 0.996567
2932.638916 0.000000 2014.329102 0.000000 0.977677 0.000000 -0.210115 0.812050 0.812050 0.812050
2920.014648 0.000000 1969.853027 0.000000 0.989424 0.000000 0.145055 0.779242 0.779242 0.779242
2933.553223 0.000000 2003.530273 0.000000 0.592305 0.000000 0.805714 0.747794 0.747794 0.747794
2903.279053 0.000000 1978.145386 0.000000 0.804593 0.000000 0.593827 0.780571 0.780571 0.780571
2925.576416 0.000000 1963.461304 0.000000 0.992153 0.000000 -0.125030 0.803004 0.803004 0.803004
2894.353027 0.000000 1981.133423 0.000000 0.747618 0.000000 -0.664129 0.828723 0.828723 0.828723
2909.322021 0.000000 1985.943604 0.000000 0.816639 0.000000 -0.577149 0.875938 0.875938 0.875938
2915.796875 0.000000 1965.943604 0.000000 0.948640 0.000000 -0.316359 0.810029 0.810029 0.810029
2948.621094 0.000000 1998.434448 0.000000 0.999217 0.000000 0.039561 0.794167 0.794167 0.794167
2917.225830 0.000000 2006.000366 0.000000 0.822705 0.000000 0.568468 0.769568 0.769568 0.769568
2943.112549 0.000000 2006.549683 0.000000 0.868364 0.000000 -0.495927 0.850368 0.850368 0.850368
2948.781250 0.000000 1988.460205 0.000000 0.663104 0.000000 0.748527 0.708776 0.708776 0.708776
2916.019531 0.000000 2010.624756 0.000000 0.511687 0.000000 0.859172 0.733731 0.733731 0.733731
2900.296631 0.000000 1989.625977 0.000000 0.998911 0.000000 -0.046659 0.804978 0.804978 0.804978
2895.006592 0.000000 2000.842896 0.000000 0.405223 0.000000 -0.914218 0.916811 0.916811 0.916811
2896.762451 0.000000 1996.687866 0.000000 0.592373 0.000000 -0.805664 0.915067 0.915067 0.915067
2904.335693 0.000000 2000.345093 0.000000 0.556229 0.000000 0.831029 0.688325 0.688325 0.688325
2914.819824 0.000000 1991.941772 0.000000 0.998315 0.000000 -0.058034 0.805636 0.805636 0.805636
2902.072754 0.000000 1985.502197 0.000000 0.452623 0.000000 -0.891702 0.920733 0.920733 0.920733
2937.485840 0.000000 2008.750610 0.000000 0.605629 0.000000 -0.795747 0.904211 0.904211 0.904211
2942.225830 0.000000 2015.440552 0.000000 0.993865 0.000000 0.110604 0.792098 0.792098 0.792098
2920.938477 0.000000 1997.720825 0.000000 0.949654 0.000000 0.313300 0.779188 0.779188 0.779188
2893.572510 0.000000 2007.716309 0.000000 0.958045 0.000000 -0.286618 0.826475 0.826475 0.826475
2906.240723 0.000000 1993.336548 0.000000 0.311111 0.000000 -0.950374 0.955586 0.955586 0.955586
2923.460938 0.000000 1967.208740 0.000000 0.806534 0.000000 0.591188 0.743909 0.743909 0.743909
2904.489502 0.000000 2012.085083 0.000000 0.990211 0.000000 -0.139577 0.814515 0.814515 0.814515
2948.951904 0.000000 1984.157593 0.000000 0.836463 0.000000 0.548024 0.773936 0.773936 0.773936
2923.125732 0.000000 1993.158936 0.000000 0.964843 0.000000 -0.262828 0.825496 0.825496 0.825496
2910.217285 0.000000 2000.794312 0.000000 0.925258 0.000000 -0.379337 0.837300 0.837300 0.837300
2887.801025 0.000000 2002.693115 0.000000 0.703997 0.000000 0.710203 0.720499 0.720499 0.720499
2912.585449 0.000000 2012.354248 0.000000 0.461565 0.000000 0.887106 0.745088 0.745088 0.745088
2946.327393 0.000000 2008.463257 0.000000 0.979808 0.000000 0.199940 0.782511 0.782511 0.782511
2911.205566 0.000000 1995.899292 0.000000 0.773703 0.000000 -0.633548 0.865366 0.865366 0.865366
2940.957764 0.000000 2009.736572 0.000000 0.958101 0.000000 0.286430 0.771280 0.771280 0.771280
2890.907471 0.000000 2000.455933 0.000000 0.916257 0.000000 -0.400590 0.840748 0.840748 0.840748
2923.887451 0.000000 1988.066772 0.000000 0.229437 0.000000 -0.973323 0.925988 0.925988 0.925988
2941.985596 0.000000 1987.157104 0.000000 0.318875 0.000000 -0.947797 0.914995 0.914995 0.914995
2934.944336 0.000000 2011.716309 0.000000 0.154053 0.000000 0.988063 0.682907 0.682907 0.682907
2919.156738 0.000000 2008.963135 0.000000 0.958579 0.000000 -0.284826 0.820074 0.820074 0.820074
2897.705566 0.000000 2014.362671 0.000000 0.538587 0.000000 0.842570 0.715945 0.715945 0.715945
2883.275635 0.000000 1984.336182 0.000000 0.453675 0.000000 0.891167 0.728165 0.728165 0.728165
2914.198975 0.000000 1976.392090 0.000000 0.807351 0.000000 0.590071 0.724367 0.724367 0.724367
2908.332031 0.000000 1989.307373 0.000000 0.404998 0.000000 0.914318 0.674177 0.674177 0.674177
2917.760254 0.000000 1996.907715 0.000000 0.549195 0.000000 0.835694 0.739533 0.739533 0.739533
2914.061035 0.000000 1973.139526 0.000000 0.999512 0.000000 0.031228 0.796669 0.796669 0.796669
2894.702148 0.000000 2004.744263 0.000000 0.861970 0.000000 -0.506959 0.852242 0.852242 0.852242
2908.782715 0.000000 1982.620117 0.000000 0.413303 0.000000 0.910594 0.687515 0.687515 0.687515
2897.202393 0.000000 2009.401367 0.000000 0.635890 0.000000 -0.771780 0.886633 0.886633 0.886633
2902.617432 0.000000 1981.491699 0.000000 0.995174 0.000000 0.098121 0.794111 0.794111 0.794111
2904.786865 0.000000 1996.733276 0.000000 0.370622 0.000000 0.928784 0.676533 0.676533 0.676533
2903.361572 0.000000 1991.747803 0.000000 0.995328 0.000000 -0.096552 0.807185 0.807185 0.807185
2910.471191 0.000000 2010.035156 0.000000 0.866441 0.000000 0.499279 0.761786 0.761786 0.761786
2916.354004 0.000000 2000.517212 0.000000 0.490412 0.000000 -0.871491 0.853261 0.853261 0.853261
2896.589844 0.000000 1983.415649 0.000000 0.761998 0.000000 -0.647580 0.854446 0.854446 0.854446
2925.785889 0.000000 1981.878540 0.000000 0.203341 0.000000 -0.979108 0.937505 0.937505 0.937505
2946.678955 0.000000 2005.523438 0.000000 0.958831 0.000000 0.283976 0.770843 0.770843 0.770843
2918.711914 0.000000 1967.146851 0.000000 0.431600 0.000000 0.902065 0.686804 0.686804 0.686804
2907.205566 0.000000 2001.016602 0.000000 0.087926 0.000000 0.996127 0.646302 0.646302 0.646302
2947.060547 0.000000 2011.279419 0.000000 0.632544 0.000000 0.774525 0.723028 0.723028 0.723028
2920.805176 0.000000 1991.418213 0.000000 0.593584 0.000000 0.804772 0.723225 0.723225 0.723225
2908.521729 0.000000 1994.963013 0.000000 0.508080 0.000000 0.861310 0.698639 0.698639 0.698639
2914.515625 0.000000 2005.495239 0.000000 0.787527 0.000000 0.616280 0.755838 0.755838 0.755838
2912.833984 0.000000 2000.156616 0.000000 0.945908 0.000000 -0.324435 0.824945 0.824945 0.824945
2893.708008 0.000000 1983.719849 0.000000 0.999525 0.000000 -0.030824 0.802272 0.802272 0.802272
2921.392334 0.000000 1995.179077 0.000000 0.788401 0.000000 -0.615162 0.855184 0.855184 0.855184
2915.757812 0.000000 1968.531616 0.000000 0.896306 0.000000 -0.443435 0.833859 0.833859 0.833859
2985.813965 0.000000 1987.641113 0.000000 0.129167 0.000000 -0.991623 0.831952 0.831952 0.831952
3004.641357 0.000000 2009.039673 0.000000 0.998851 0.000000 0.047923 0.792675 0.792675 0.792675
2968.462402 0.000000 1992.132812 0.000000 0.383908 0.000000 0.923371 0.620203 0.620203 0.620203
2998.831543 0.000000 1979.103027 0.000000 0.999994 0.000000 0.003453 0.799473 0.799473 0.799473
2991.250488 0.000000 2001.641602 0.000000 0.808048 0.000000 0.589117 0.703748 0.703748 0.703748
2951.875000 0.000000 1985.017456 0.000000 0.675920 0.000000 -0.736975 0.839717 0.839717 0.839717
3018.037109 0.000000 2002.578735 0.000000 0.002384 0.000000 -0.999997 0.994528 0.994528 0.994528
2998.241699 0.000000 1990.767700 0.000000 0.488392 0.000000 0.872624 0.637960 0.637960 0.637960
2989.181396 0.000000 1974.653076 0.000000 0.607487 0.000000 0.794330 0.770851 0.770851 0.770851
2992.604980 0.000000 2012.184448 0.000000 0.773472 0.000000 -0.633830 0.904889 0.904889 0.904889
2971.424316 0.000000 1982.000488 0.000000 0.375827 0.000000 0.926690 0.794317 0.794317 0.794317
3009.516113 0.000000 1979.393066 0.000000 0.242021 0.000000 0.970271 0.776159 0.776159 0.776159
2962.336426 0.000000 1984.276489 0.000000 0.891543 0.000000 0.452936 0.790424 0.790424 0.790424
2984.513916 0.000000 2007.724609 0.000000 0.927618 0.000000 0.373531 0.761695 0.761695 0.761695
2976.795166 0.000000 1989.008789 0.000000 0.078133 0.000000 -0.996943 0.946667 0.946667 0.946667
2971.657959 0.000000 2000.360840 0.000000 0.957235 0.000000 0.289310 0.755156 0.755156 0.755156
2967.009033 0.000000 2011.669800 0.000000 0.439011 0.000000 0.898482 0.693652 0.693652 0.693652
3020.053955 0.000000 1993.128296 0.000000 0.864030 0.000000 0.503440 0.757641 0.757641 0.757641
2997.335938 0.000000 1970.876953 0.000000 0.584848 0.000000 -0.811143 0.853287 0.853287 0.853287
2991.804443 0.000000 1982.722778 0.000000 0.655659 0.000000 0.755057 0.721039 0.721039 0.721039
2998.806641 0.000000 2003.430664 0.000000 0.554145 0.000000 0.832420 0.649738 0.649738 0.649738
3005.107910 0.000000 1972.712524 0.000000 0.804167 0.000000 0.594404 0.777117 0.777117 0.777117
2999.294434 0.000000 2013.200073 0.000000 0.768734 0.000000 0.639569 0.693974 0.693974 0.693974
2964.297852 0.000000 1997.190918 0.000000 0.382027 0.000000 0.924151 0.619891 0.619891 0.619891
2997.137695 0.000000 1996.881348 0.000000 0.778849 0.000000 -0.627212 0.903586 0.903586 0.903586
2980.579834 0.000000 2012.512573 0.000000 0.959474 0.000000 0.281796 0.766966 0.766966 0.766966
3005.366943 0.000000 1992.416016 0.000000 0.937802 0.000000 0.347170 0.748590 0.748590 0.748590
2958.343018 0.000000 1999.098877 0.000000 0.856634 0.000000 0.515924 0.717175 0.717175 0.717175
2974.325439 0.000000 1994.723877 0.000000 0.236067 0.000000 0.971737 0.596412 0.596412 0.596412
2969.731445 0.000000 2006.074219 0.000000 0.346600 0.000000 -0.938013 0.958944 0.958944 0.958944
2997.371826 0.000000 1984.834229 0.000000 0.861029 0.000000 0.508556 0.718486 0.718486 0.718486
2957.186768 0.000000 1987.315796 0.000000 0.521657 0.000000 0.853155 0.730804 0.730804 0.730804
2982.389160 0.000000 1992.346436 0.000000 0.979753 0.000000 0.200211 0.776207 0.776207 0.776207
2961.208252 0.000000 2009.352417 0.000000 0.989348 0.000000 -0.145566 0.818556 0.818556 0.818556
3021.631104 0.000000 2006.952637 0.000000 0.927388 0.000000 0.374100 0.741417 0.741417 0.741417
3021.602295 0.000000 2013.037109 0.000000 0.657543 0.000000 0.753417 0.669634 0.669634 0.669634
2994.388428 0.000000 2006.802002 0.000000 0.926475 0.000000 -0.376356 0.858955 0.858955 0.858955
2987.598145 0.000000 2015.164795 0.000000 0.908440 0.000000 -0.418016 0.847287 0.847287 0.847287
2992.410889 0.000000 1988.281616 0.000000 0.805590 0.000000 0.592474 0.720210 0.720210 0.720210
2963.589355 0.000000 1989.646240 0.000000 0.352199 0.000000 0.935925 0.692623 0.692623 0.692623
2968.265137 0.000000 1986.428467 0.000000 0.875895 0.000000 0.482501 0.774055 0.774055 0.774055
2994.603760 0.000000 1975.820679 0.000000 0.999530 0.000000 -0.030661 0.803601 0.803601 0.803601
3004.016113 0.000000 1977.697266 0.000000 0.179533 0.000000 0.983752 0.689208 0.689208 0.689208
2985.527100 0.000000 2002.815918 0.000000 0.956340 0.000000 -0.292256 0.831098 0.831098 0.831098
2988.043701 0.000000 1979.492676 0.000000 0.384319 0.000000 0.923200 0.735861 0.735861 0.735861
2989.218018 0.000000 2006.000366 0.000000 0.999991 0.000000 -0.004245 0.800514 0.800514 0.800514
3000.449219 0.000000 1974.413574 0.000000 0.647788 0.000000 0.761820 0.700880 0.700880 0.700880
3020.773438 0.000000 1988.460205 0.000000 0.803972 0.000000 0.594667 0.779776 0.779776 0.779776
3001.929932 0.000000 1969.163452 0.000000 0.999090 0.000000 -0.042661 0.800920 0.800920 0.800920
2972.288818 0.000000 1989.625977 0.000000 0.954516 0.000000 0.298161 0.769705 0.769705 0.769705
2971.933838 0.000000 2011.649414 0.000000 0.413689 0.000000 -0.910418 0.915871 0.915871 0.915871
2953.236572 0.000000 1989.374268 0.000000 0.423247 0.000000 -0.906014 0.908692 0.908692 0.908692
2986.812012 0.000000 1991.941772 0.000000 0.990387 0.000000 -0.138326 0.810144 0.810144 0.810144
2974.064941 0.000000 1985.502197 0.000000 0.947841 0.000000 -0.318743 0.809524 0.809524 0.809524
3005.872803 0.000000 1981.625122 0.000000 0.548072 0.000000 -0.836431 0.899729 0.899729 0.899729
2965.564697 0.000000 2007.716309 0.000000 0.921108 0.000000 -0.389308 0.840492 0.840492 0.840492
2964.361572 0.000000 2014.702148 0.000000 0.763876 0.000000 -0.645363 0.859685 0.859685 0.859685
3007.244385 0.000000 1988.468262 0.000000 0.104213 0.000000 -0.994555 0.915099 0.915099 0.915099
2982.209473 0.000000 2000.794312 0.000000 0.986879 0.000000 0.161460 0.780081 0.780081 0.780081
2959.793213 0.000000 2002.693115 0.000000 0.838432 0.000000 0.545006 0.723330 0.723330 0.723330
2991.539551 0.000000 1978.044189 0.000000 0.951671 0.000000 -0.307119 0.828991 0.828991 0.828991
2989.432373 0.000000 1985.877686 0.000000 0.789028 0.000000 -0.614357 0.826558 0.826558 0.826558
2983.197754 0.000000 1995.899292 0.000000 0.229504 0.000000 -0.973308 0.966103 0.966103 0.966103
3007.783936 0.000000 1984.803589 0.000000 0.228263 0.000000 -0.973599 0.882729 0.882729 0.882729
2959.921631 0.000000 1989.476074 0.000000 0.902633 0.000000 -0.430412 0.842390 0.842390 0.842390
3007.337158 0.000000 1976.498779 0.000000 0.268401 0.000000 0.963307 0.742401 0.742401 0.742401
2954.689453 0.000000 2014.346802 0.000000 0.764388 0.000000 0.644756 0.719390 0.719390 0.719390
2969.697754 0.000000 2014.362671 0.000000 0.934459 0.000000 0.356070 0.776005 0.776005 0.776005
2955.267822 0.000000 1984.336182 0.000000 0.710275 0.000000 -0.703924 0.832285 0.832285 0.832285
2980.324219 0.000000 1989.307373 0.000000 0.499949 0.000000 0.866055 0.714662 0.714662 0.714662
2989.044434 0.000000 1989.440674 0.000000 0.480666 0.000000 -0.876904 0.857026 0.857026 0.857026
2992.438965 0.000000 1973.237549 0.000000 0.843769 0.000000 0.536707 0.763679 0.763679 0.763679
2963.607178 0.000000 2011.581543 0.000000 0.235322 0.000000 -0.971917 0.934206 0.934206 0.934206
2982.714355 0.000000 2004.917725 0.000000 0.798342 0.000000 -0.602205 0.872023 0.872023 0.872023
2964.998779 0.000000 1986.276978 0.000000 0.525132 0.000000 0.851021 0.750597 0.750597 0.750597
2977.869629 0.000000 1986.021973 0.000000 0.380680 0.000000 -0.924707 0.872840 0.872840 0.872840
2966.844482 0.000000 1989.240601 0.000000 0.990439 0.000000 -0.137952 0.812604 0.812604 0.812604
3022.761963 0.000000 1991.181274 0.000000 0.916383 0.000000 -0.400303 0.826898 0.826898 0.826898
3018.671143 0.000000 2005.523438 0.000000 0.060229 0.000000 -0.998185 0.882361 0.882361 0.882361
2983.290283 0.000000 1989.589478 0.000000 0.265301 0.000000 -0.964166 0.888173 0.888173 0.888173
3002.349854 0.000000 1972.016113 0.000000 0.980839 0.000000 -0.194822 0.811983 0.811983 0.811983
2960.685791 0.000000 1986.638184 0.000000 0.002218 0.000000 -0.999998 0.887406 0.887406 0.887406
2995.367920 0.000000 1972.965210 0.000000 0.307406 0.000000 -0.951579 0.904800 0.904800 0.904800
3003.552246 0.000000 1974.991821 0.000000 0.631069 0.000000 -0.775726 0.879798 0.879798 0.879798
2954.052734 0.000000 1986.763794 0.000000 0.999994 0.000000 0.003583 0.799753 0.799753 0.799753
2969.650146 0.000000 1988.748779 0.000000 0.821062 0.000000 -0.570840 0.857514 0.857514 0.857514
2961.108398 0.000000 2012.593994 0.000000 0.601605 0.000000 0.798794 0.726264 0.726264 0.726264
2929.832031 0.000000 2019.288452 0.000000 0.979171 0.000000 0.203038 0.782849 0.782849 0.782849
2886.081787 0.000000 2050.046387 0.000000 0.760772 0.000000 -0.649019 0.838087 0.838087 0.838087
2895.631592 0.000000 2017.129272 0.000000 0.997372 0.000000 -0.072450 0.804779 0.804779 0.804779
2945.688232 0.000000 2018.254272 0.000000 0.905136 0.000000 0.425122 0.793423 0.793423 0.793423
2890.399902 0.000000 2025.711426 0.000000 0.843667 0.000000 -0.536867 0.832598 0.832598 0.832598
2921.015625 0.000000 2016.077637 0.000000 0.641523 0.000000 0.767104 0.756519 0.756519 0.756519
2937.594482 0.000000 2015.710571 0.000000 0.724699 0.000000 -0.689065 0.888820 0.888820 0.888820
2879.757080 0.000000 2054.296387 0.000000 0.998611 0.000000 0.052691 0.795641 0.795641 0.795641
2923.867188 0.000000 2022.112915 0.000000 0.803622 0.000000 0.595140 0.776320 0.776320 0.776320
2891.746582 0.000000 2048.082031 0.000000 0.861916 0.000000 0.507050 0.786618 0.786618 0.786618
2880.608887 0.000000 2048.579102 0.000000 0.417391 0.000000 0.908727 0.698888 0.698888 0.698888
2935.152100 0.000000 2021.148193 0.000000 0.184651 0.000000 0.982804 0.733608 0.733608 0.733608
2915.667969 0.000000 2017.426270 0.000000 0.998321 0.000000 -0.057929 0.800938 0.800938 0.800938
2893.273438 0.000000 2031.978882 0.000000 0.949320 0.000000 0.314310 0.784291 0.784291 0.784291
2883.776367 0.000000 2058.459717 0.000000 0.909861 0.000000 -0.414914 0.815125 0.815125 0.815125
2918.820557 0.000000 2021.437256 0.000000 0.957694 0.000000 0.287789 0.792129 0.792129 0.792129
2931.318359 0.000000 2024.182983 0.000000 0.909047 0.000000 -0.416695 0.809013 0.809013 0.809013
2881.070801 0.000000 2027.855835 0.000000 0.670186 0.000000 -0.742193 0.868652 0.868652 0.868652
2892.554932 0.000000 2021.564697 0.000000 0.499921 0.000000 0.866071 0.753565 0.753565 0.753565
2925.993408 0.000000 2016.157104 0.000000 0.825141 0.000000 -0.564927 0.846043 0.846043 0.846043
2932.861816 0.000000 2015.913574 0.000000 0.600330 0.000000 0.799752 0.747241 0.747241 0.747241
2879.726562 0.000000 2020.648560 0.000000 0.557997 0.000000 0.829843 0.706749 0.706749 0.706749
2885.339600 0.000000 2027.746826 0.000000 0.989093 0.000000 -0.147294 0.809921 0.809921 0.809921
2884.506836 0.000000 2019.237671 0.000000 0.181779 0.000000 -0.983339 0.913936 0.913936 0.913936
2884.626465 0.000000 2054.158691 0.000000 0.588838 0.000000 -0.808251 0.853009 0.853009 0.853009
2887.398682 0.000000 2022.694336 0.000000 0.306492 0.000000 -0.951873 0.894316 0.894316 0.894316
2889.802979 0.000000 2051.709473 0.000000 0.890760 0.000000 0.454474 0.778234 0.778234 0.778234
2942.464600 0.000000 2016.021484 0.000000 0.946332 0.000000 0.323195 0.783436 0.783436 0.783436
2887.820068 0.000000 2046.869751 0.000000 0.674783 0.000000 0.738017 0.739816 0.739816 0.739816
2879.897949 0.000000 2057.977539 0.000000 0.941270 0.000000 -0.337654 0.825177 0.825177 0.825177
2891.337158 0.000000 2029.060547 0.000000 0.996434 0.000000 -0.084376 0.804960 0.804960 0.804960
2882.314453 0.000000 2051.543701 0.000000 0.095685 0.000000 0.995412 0.692182 0.692182 0.692182
2922.131592 0.000000 2019.259399 0.000000 0.478601 0.000000 -0.878033 0.862931 0.862931 0.862931
2926.455566 0.000000 2019.871704 0.000000 0.960896 0.000000 0.276908 0.778650 0.778650 0.778650
2879.815430 0.000000 2024.686768 0.000000 0.352280 0.000000 0.935895 0.716571 0.716571 0.716571
2937.640137 0.000000 2019.064941 0.000000 0.953037 0.000000 -0.302853 0.822676 0.822676 0.822676
2879.689697 0.000000 2045.507568 0.000000 0.983757 0.000000 0.179508 0.789726 0.789726 0.789726
2928.430664 0.000000 2022.281982 0.000000 0.721042 0.000000 -0.692892 0.837610 0.837610 0.837610
2883.639160 0.000000 2047.995850 0.000000 0.925405 0.000000 0.378981 0.762038 0.762038 0.762038
2932.866211 0.000000 2018.875732 0.000000 0.034103 0.000000 -0.999418 0.939952 0.939952 0.939952
2887.439209 0.000000 2025.615601 0.000000 0.443914 0.000000 -0.896069 0.874545 0.874545 0.874545
2893.212158 0.000000 2018.762939 0.000000 0.988070 0.000000 0.154006 0.789161 0.789161 0.789161
2882.328369 0.000000 2055.912598 0.000000 0.781776 0.000000 -0.623559 0.842359 0.842359 0.842359
2939.994873 0.000000 2017.360718 0.000000 0.231160 0.000000 0.972916 0.682193 0.682193 0.682193
2932.145264 0.000000 2021.555542 0.000000 0.319971 0.000000 -0.947427 0.882809 0.882809 0.882809
2888.682129 0.000000 2028.044189 0.000000 0.511577 0.000000 0.859238 0.731865 0.731865 0.731865
2881.801514 0.000000 2018.915405 0.000000 0.559537 0.000000 0.828806 0.710438 0.710438 0.710438
2883.450195 0.000000 2029.657471 0.000000 0.941037 0.000000 0.338303 0.775186 0.775186 0.775186
2883.092529 0.000000 2026.236694 0.000000 0.117904 0.000000 0.993025 0.689463 0.689463 0.689463
2898.018066 0.000000 2015.803833 0.000000 0.375934 0.000000 0.926647 0.700565 0.700565 0.700565
2890.850342 0.000000 2019.789551 0.000000 0.980043 0.000000 -0.198783 0.815348 0.815348 0.815348
3001.824219 0.000000 2019.288452 0.000000 0.980946 0.000000 0.194280 0.770126 0.770126 0.770126
2952.781738 0.000000 2016.285156 0.000000 0.973318 0.000000 0.229459 0.789735 0.789735 0.789735
2990.701172 0.000000 2039.076660 0.000000 0.964254 0.000000 -0.264980 0.818158 0.818158 0.818158
2982.191406 0.000000 2015.982300 0.000000 0.638601 0.000000 0.769538 0.708977 0.708977 0.708977
3007.996582 0.000000 2035.734497 0.000000 0.444435 0.000000 -0.895811 0.857210 0.857210 0.857210
3017.680420 0.000000 2018.254272 0.000000 0.351161 0.000000 0.936315 0.614822 0.614822 0.614822
2999.978760 0.000000 2042.494995 0.000000 0.549496 0.000000 -0.835496 0.837927 0.837927 0.837927
2960.675537 0.000000 2018.607544 0.000000 0.918316 0.000000 0.395847 0.792197 0.792197 0.792197
2995.859375 0.000000 2022.112915 0.000000 0.349060 0.000000 -0.937100 0.983338 0.983338 0.983338
2991.933838 0.000000 2032.643799 0.000000 0.945734 0.000000 -0.324943 0.837478 0.837478 0.837478
3002.926025 0.000000 2037.705566 0.000000 0.285999 0.000000 0.958230 0.671079 0.671079 0.671079
2987.660156 0.000000 2017.426270 0.000000 0.939145 0.000000 0.343521 0.770585 0.770585 0.770585
2995.524170 0.000000 2040.048096 0.000000 0.830883 0.000000 -0.556448 0.836418 0.836418 0.836418
3022.195801 0.000000 2020.316162 0.000000 0.514392 0.000000 -0.857555 0.908053 0.908053 0.908053
2977.947266 0.000000 2017.453491 0.000000 0.660649 0.000000 0.750695 0.726229 0.726229 0.726229
2988.776855 0.000000 2035.557983 0.000000 0.079141 0.000000 0.996863 0.682924 0.682924 0.682924
2963.887207 0.000000 2016.173828 0.000000 0.662386 0.000000 -0.749163 0.845664 0.845664 0.845664
2993.722168 0.000000 2036.602783 0.000000 0.331274 0.000000 0.943535 0.677349 0.677349 0.677349
2984.317383 0.000000 2019.051636 0.000000 0.738294 0.000000 -0.674479 0.848790 0.848790 0.848790
2992.594727 0.000000 2042.184326 0.000000 0.686701 0.000000 0.726939 0.759526 0.759526 0.759526
3019.875488 0.000000 2023.574707 0.000000 0.993036 0.000000 -0.117811 0.811462 0.811462 0.811462
3003.350830 0.000000 2041.713745 0.000000 0.211423 0.000000 0.977395 0.724341 0.724341 0.724341
2988.019043 0.000000 2020.658447 0.000000 0.981366 0.000000 0.192150 0.783086 0.783086 0.783086
3000.281738 0.000000 2036.099609 0.000000 0.473642 0.000000 0.880718 0.688968 0.688968 0.688968
2985.016357 0.000000 2016.401001 0.000000 0.037159 0.000000 0.999309 0.677785 0.677785 0.677785
3005.479248 0.000000 2036.636963 0.000000 0.563326 0.000000 -0.826234 0.879820 0.879820 0.879820
3001.584473 0.000000 2039.854980 0.000000 0.359505 0.000000 -0.933143 0.900917 0.900917 0.900917
2997.488770 0.000000 2041.656616 0.000000 0.288018 0.000000 0.957625 0.698872 0.698872 0.698872
2970.010254 0.000000 2015.803833 0.000000 0.088229 0.000000 -0.996100 0.924354 0.924354 0.924354
2961.429688 0.000000 2015.822876 0.000000 0.870649 0.000000 -0.491904 0.839750 0.839750 0.839750
3057.806152 0.000000 1987.641113 0.000000 0.899774 0.000000 -0.436357 0.813257 0.813257 0.813257
3063.242676 0.000000 2001.641602 0.000000 0.290329 0.000000 0.956927 0.709768 0.709768 0.709768
3023.867188 0.000000 1985.017456 0.000000 0.883466 0.000000 -0.468496 0.802337 0.802337 0.802337
3035.581543 0.000000 2003.910522 0.000000 0.214389 0.000000 -0.976748 0.929063 0.929063 0.929063
3051.793701 0.000000 1997.681641 0.000000 0.061307 0.000000 -0.998119 1.030627 1.030627 1.030627
3025.361084 0.000000 2011.100342 0.000000 0.111040 0.000000 0.993816 0.577001 0.577001 0.577001
3064.597168 0.000000 2012.184448 0.000000 0.559684 0.000000 -0.828706 0.910030 0.910030 0.910030
3081.508301 0.000000 1979.393066 0.000000 0.174557 0.000000 0.984647 0.586808 0.586808 0.586808
3034.328613 0.000000 1984.276489 0.000000 0.528975 0.000000 -0.848637 0.819430 0.819430 0.819430
3048.787354 0.000000 1989.008789 0.000000 0.224526 0.000000 -0.974468 0.900686 0.900686 0.900686
3092.046143 0.000000 1993.128296 0.000000 0.891522 0.000000 0.452978 0.728174 0.728174 0.728174
3091.439941 0.000000 1972.026489 0.000000 0.711859 0.000000 0.702323 0.775273 0.775273 0.775273
3063.046875 0.000000 1993.663696 0.000000 0.856938 0.000000 0.515420 0.782804 0.782804 0.782804
3082.590088 0.000000 2004.485107 0.000000 0.876819 0.000000 -0.480821 0.825846 0.825846 0.825846
3028.521240 0.000000 2004.950073 0.000000 0.958459 0.000000 -0.285229 0.844193 0.844193 0.844193
3071.286621 0.000000 2013.200073 0.000000 0.062463 0.000000 -0.998047 1.030450 1.030450 1.030450
3087.731934 0.000000 1977.740723 0.000000 0.355128 0.000000 0.934818 0.615470 0.615470 0.615470
3024.539062 0.000000 1993.762695 0.000000 0.408175 0.000000 -0.912904 0.933715 0.933715 0.933715
3051.622803 0.000000 2003.901123 0.000000 0.527598 0.000000 0.849494 0.646132 0.646132 0.646132
3052.572021 0.000000 2012.512573 0.000000 0.430957 0.000000 0.902373 0.675270 0.675270 0.675270
3030.335205 0.000000 1999.098877 0.000000 0.828059 0.000000 -0.560641 0.890934 0.890934 0.890934
3029.178955 0.000000 1987.315796 0.000000 0.613632 0.000000 -0.789592 0.845808 0.845808 0.845808
3054.381348 0.000000 1992.346436 0.000000 0.964375 0.000000 0.264537 0.761020 0.761020 0.761020
3093.594482 0.000000 2013.037109 0.000000 0.491940 0.000000 -0.870629 0.900016 0.900016 0.900016
3066.380615 0.000000 2006.802002 0.000000 0.871444 0.000000 0.490495 0.776962 0.776962 0.776962
3083.590332 0.000000 1984.592163 0.000000 0.193217 0.000000 -0.981156 0.968233 0.968233 0.968233
3076.008301 0.000000 1977.697266 0.000000 0.730880 0.000000 0.682506 0.723485 0.723485 0.723485
3053.306396 0.000000 1985.943604 0.000000 0.694885 0.000000 0.719121 0.780285 0.780285 0.780285
3061.210205 0.000000 2006.000366 0.000000 0.884947 0.000000 0.465691 0.755012 0.755012 0.755012
3087.096924 0.000000 2006.549683 0.000000 0.925577 0.000000 0.378559 0.782321 0.782321 0.782321
3072.139893 0.000000 2008.004883 0.000000 0.318728 0.000000 0.947846 0.709636 0.709636 0.709636
3086.879395 0.000000 1973.060059 0.000000 0.347879 0.000000 0.937540 0.642690 0.642690 0.642690
3092.765625 0.000000 1988.460205 0.000000 0.385765 0.000000 -0.922597 0.964005 0.964005 0.964005
3043.926025 0.000000 2011.649414 0.000000 0.745671 0.000000 -0.666314 0.824469 0.824469 0.824469
3025.228760 0.000000 1989.374268 0.000000 0.555935 0.000000 0.831226 0.748846 0.748846 0.748846
3048.320068 0.000000 2000.345093 0.000000 0.795832 0.000000 0.605517 0.718940 0.718940 0.718940
3058.804199 0.000000 1991.941772 0.000000 0.582381 0.000000 -0.812916 0.861988 0.861988 0.861988
3045.974365 0.000000 2004.101318 0.000000 0.939835 0.000000 0.341628 0.787675 0.787675 0.787675
3081.470215 0.000000 2008.750610 0.000000 0.467867 0.000000 -0.883799 0.861698 0.861698 0.861698
3086.210205 0.000000 2015.440552 0.000000 0.611113 0.000000 -0.791544 0.874425 0.874425 0.874425
3077.864990 0.000000 1981.625122 0.000000 0.095856 0.000000 -0.995395 0.838881 0.838881 0.838881
3064.922852 0.000000 1997.720825 0.000000 0.834648 0.000000 -0.550784 0.820271 0.820271 0.820271
3048.473877 0.000000 2012.085083 0.000000 0.624751 0.000000 0.780824 0.695852 0.695852 0.695852
3052.111084 0.000000 2007.876587 0.000000 0.749741 0.000000 -0.661731 0.882322 0.882322 0.882322
3090.311768 0.000000 2008.463257 0.000000 0.943697 0.000000 -0.330811 0.812727 0.812727 0.812727
3084.942139 0.000000 2009.736572 0.000000 0.968449 0.000000 0.249211 0.786116 0.786116 0.786116
3034.891846 0.000000 2000.455933 0.000000 0.658462 0.000000 0.752614 0.708109 0.708109 0.708109
3078.928711 0.000000 2011.716309 0.000000 0.203478 0.000000 -0.979080 0.899845 0.899845 0.899845
3063.141113 0.000000 2008.963135 0.000000 0.715437 0.000000 0.698678 0.733721 0.733721 0.733721
3052.316406 0.000000 1989.307373 0.000000 0.005379 0.000000 -0.999986 0.929438 0.929438 0.929438
3027.420410 0.000000 1991.926392 0.000000 0.564011 0.000000 -0.825767 0.900127 0.900127 0.900127
3074.344727 0.000000 2011.578735 0.000000 0.349595 0.000000 -0.936901 0.931621 0.931621 0.931621
3061.744629 0.000000 1996.907715 0.000000 0.999816 0.000000 -0.019190 0.801897 0.801897 0.801897
3032.606689 0.000000 2006.108887 0.000000 0.063739 0.000000 0.997967 0.710607 0.710607 0.710607
3049.861816 0.000000 1986.021973 0.000000 0.537214 0.000000 -0.843446 0.851718 0.851718 0.851718
3060.338379 0.000000 2000.517212 0.000000 0.882329 0.000000 -0.470633 0.850499 0.850499 0.850499
3044.337646 0.000000 2007.710693 0.000000 0.923054 0.000000 -0.384670 0.826261 0.826261 0.826261
3055.282471 0.000000 1989.589478 0.000000 0.958761 0.000000 0.284214 0.778761 0.778761 0.778761
3086.754395 0.000000 1983.732788 0.000000 0.228217 0.000000 0.973610 0.704417 0.704417 0.704417
3091.044922 0.000000 2011.279419 0.000000 0.325385 0.000000 -0.945581 0.892825 0.892825 0.892825
3049.995117 0.000000 2009.749512 0.000000 0.501723 0.000000 0.865028 0.708566 0.708566 0.708566
3065.831543 0.000000 2009.389282 0.000000 0.585860 0.000000 -0.810412 0.871332 0.871332 0.871332
3029.343750 0.000000 1990.092651 0.000000 0.903147 0.000000 -0.429331 0.831108 0.831108 0.831108
3063.974854 0.000000 2005.282227 0.000000 0.826361 0.000000 0.563140 0.758424 0.758424 0.758424
3085.809814 0.000000 2012.794800 0.000000 0.799419 0.000000 0.600774 0.752118 0.752118 0.752118
3095.715820 0.000000 1999.868408 0.000000 0.771117 0.000000 0.636694 0.799173 0.799173 0.799173
3129.798340 0.000000 1987.641113 0.000000 0.685844 0.000000 -0.727748 0.924528 0.924528 0.924528
3148.625732 0.000000 2009.039673 0.000000 0.434308 0.000000 -0.900764 0.904830 0.904830 0.904830
3112.446777 0.000000 1992.132812 0.000000 0.955659 0.000000 -0.294475 0.817014 0.817014 0.817014
3161.664795 0.000000 1922.269897 0.000000 0.887519 0.000000 0.460770 0.726835 0.726835 0.726835
3095.859375 0.000000 1985.017456 0.000000 0.446883 0.000000 -0.894593 0.914138 0.914138 0.914138
3107.573730 0.000000 2003.910522 0.000000 0.997783 0.000000 -0.066554 0.810176 0.810176 0.810176
3123.785889 0.000000 1997.681641 0.000000 0.653939 0.000000 -0.756548 0.868889 0.868889 0.868889
3162.956787 0.000000 1936.658325 0.000000 0.951408 0.000000 0.307933 0.752174 0.752174 0.752174
3148.962402 0.000000 1998.451172 0.000000 0.449687 0.000000 0.893186 0.701405 0.701405 0.701405
3102.633057 0.000000 1992.902832 0.000000 0.818550 0.000000 0.574435 0.706506 0.706506 0.706506
3106.320801 0.000000 1984.276489 0.000000 0.998774 0.000000 -0.049494 0.801750 0.801750 0.801750
3120.779541 0.000000 1989.008789 0.000000 0.972906 0.000000 -0.231200 0.818453 0.818453 0.818453
3115.642334 0.000000 2000.360840 0.000000 0.314116 0.000000 0.949385 0.608820 0.608820 0.608820
3167.269043 0.000000 1928.936768 0.000000 0.279368 0.000000 0.960184 0.603260 0.603260 0.603260
3126.840576 0.000000 1980.148682 0.000000 0.561292 0.000000 -0.827618 0.923246 0.923246 0.923246
3154.582275 0.000000 2004.485107 0.000000 0.835287 0.000000 -0.549814 0.841159 0.841159 0.841159
3163.035400 0.000000 1943.950073 0.000000 0.999936 0.000000 0.011342 0.798301 0.798301 0.798301
3157.643066 0.000000 1996.764893 0.000000 0.896823 0.000000 -0.442389 0.817847 0.817847 0.817847
3108.282227 0.000000 1997.190918 0.000000 0.837559 0.000000 0.546347 0.711689 0.711689 0.711689
3141.122070 0.000000 1996.881348 0.000000 0.985938 0.000000 0.167110 0.793763 0.793763 0.793763
3161.227051 0.000000 1930.327515 0.000000 0.783984 0.000000 -0.620781 0.902328 0.902328 0.902328
3130.406738 0.000000 1997.860107 0.000000 0.269475 0.000000 -0.963008 0.946207 0.946207 0.946207
3096.531250 0.000000 1993.762695 0.000000 0.254596 0.000000 -0.967048 1.000668 1.000668 1.000668
3123.614990 0.000000 2003.901123 0.000000 0.428504 0.000000 -0.903540 0.972340 0.972340 0.972340
3124.564209 0.000000 2012.512573 0.000000 0.837467 0.000000 0.546488 0.758083 0.758083 0.758083
3102.327393 0.000000 1999.098877 0.000000 0.863698 0.000000 -0.504009 0.880708 0.880708 0.880708
3118.309814 0.000000 1994.723877 0.000000 0.608828 0.000000 -0.793302 0.837330 0.837330 0.837330
3121.455811 0.000000 1982.808350 0.000000 0.944459 0.000000 -0.328630 0.828289 0.828289 0.828289
3113.715820 0.000000 2006.074219 0.000000 0.749155 0.000000 -0.662395 0.910621 0.910621 0.910621
3101.127686 0.000000 1981.421265 0.000000 0.765073 0.000000 0.643943 0.715321 0.715321 0.715321
3157.450195 0.000000 1942.128540 0.000000 0.465613 0.000000 -0.884988 0.895694 0.895694 0.895694
3126.373535 0.000000 1992.346436 0.000000 0.976396 0.000000 0.215987 0.792304 0.792304 0.792304
3138.372803 0.000000 2006.802002 0.000000 0.995663 0.000000 0.093035 0.785988 0.785988 0.785988
3156.526855 0.000000 1924.439087 0.000000 0.471340 0.000000 0.881951 0.640814 0.640814 0.640814
3148.615479 0.000000 2014.329102 0.000000 0.981753 0.000000 0.190160 0.793236 0.793236 0.793236
3149.529785 0.000000 2003.530273 0.000000 0.649653 0.000000 -0.760231 0.861063 0.861063 0.861063
3125.298584 0.000000 1985.943604 0.000000 0.728163 0.000000 -0.685404 0.880087 0.880087 0.880087
3144.132080 0.000000 2008.004883 0.000000 0.318235 0.000000 0.948012 0.637874 0.637874 0.637874
3153.084717 0.000000 1995.984253 0.000000 0.999315 0.000000 -0.037011 0.802617 0.802617 0.802617
3115.918213 0.000000 2011.649414 0.000000 0.808129 0.000000 -0.589005 0.869437 0.869437 0.869437
3118.049316 0.000000 1985.502197 0.000000 0.616412 0.000000 0.787424 0.740789 0.740789 0.740789
3153.462402 0.000000 2008.750610 0.000000 0.959570 0.000000 -0.281471 0.814361 0.814361 0.814361
3157.886230 0.000000 2001.298950 0.000000 0.103597 0.000000 0.994619 0.696279 0.696279 0.696279
3152.906006 0.000000 2000.264038 0.000000 0.937290 0.000000 0.348551 0.762242 0.762242 0.762242
3144.347168 0.000000 1999.540894 0.000000 0.721843 0.000000 0.692056 0.775270 0.775270 0.775270
3122.217285 0.000000 1993.336548 0.000000 0.372447 0.000000 -0.928053 0.842038 0.842038 0.842038
3120.466064 0.000000 2012.085083 0.000000 0.646672 0.000000 0.762768 0.714228 0.714228 0.714228
3151.228760 0.000000 1988.468262 0.000000 0.567487 0.000000 -0.823382 0.856801 0.856801 0.856801
3099.151123 0.000000 2001.247314 0.000000 0.797544 0.000000 0.603260 0.727054 0.727054 0.727054
3146.282715 0.000000 2005.053345 0.000000 0.788571 0.000000 0.614944 0.734125 0.734125 0.734125
3098.673828 0.000000 2014.346802 0.000000 0.354710 0.000000 0.934976 0.703719 0.703719 0.703719
3166.644775 0.000000 1936.779663 0.000000 0.271641 0.000000 -0.962399 0.953716 0.953716 0.953716
3124.308594 0.000000 1989.307373 0.000000 0.997380 0.000000 0.072335 0.793580 0.793580 0.793580
3146.336914 0.000000 2011.578735 0.000000 0.353796 0.000000 0.935323 0.671763 0.671763 0.671763
3133.736816 0.000000 1996.907715 0.000000 0.918844 0.000000 0.394620 0.773993 0.773993 0.773993
3150.906006 0.000000 2006.645142 0.000000 0.999998 0.000000 -0.001826 0.800131 0.800131 0.800131
3147.059814 0.000000 2001.367432 0.000000 0.902647 0.000000 0.430382 0.762145 0.762145 0.762145
3115.150635 0.000000 1994.170532 0.000000 0.995454 0.000000 0.095246 0.791141 0.791141 0.791141
3152.794434 0.000000 1992.789062 0.000000 0.783687 0.000000 -0.621156 0.831724 0.831724 0.831724
3121.854004 0.000000 1986.021973 0.000000 0.771857 0.000000 -0.635796 0.866469 0.866469 0.866469
3120.763428 0.000000 1996.733276 0.000000 0.558709 0.000000 0.829364 0.706245 0.706245 0.706245
3155.705078 0.000000 1999.105347 0.000000 0.273566 0.000000 0.961853 0.662799 0.662799 0.662799
3127.274658 0.000000 1989.589478 0.000000 0.706091 0.000000 0.708121 0.730226 0.730226 0.730226
3132.883789 0.000000 1982.517944 0.000000 0.642213 0.000000 -0.766527 0.883732 0.883732 0.883732
3095.807373 0.000000 2013.562500 0.000000 0.644827 0.000000 -0.764329 0.877149 0.877149 0.877149
3155.278320 0.000000 2001.721558 0.000000 0.804704 0.000000 -0.593676 0.852176 0.852176 0.852176
3155.521240 0.000000 1994.915161 0.000000 0.714059 0.000000 0.700086 0.745169 0.745169 0.745169
3152.245117 0.000000 2002.902710 0.000000 0.754498 0.000000 0.656302 0.749384 0.749384 0.749384
3123.991943 0.000000 1980.225708 0.000000 0.504567 0.000000 -0.863372 0.883654 0.883654 0.883654
3042.353027 0.000000 2031.518188 0.000000 0.945666 0.000000 0.325139 0.798611 0.798611 0.798611
3073.816406 0.000000 2019.288452 0.000000 0.981569 0.000000 -0.191110 0.829380 0.829380 0.829380
3024.773926 0.000000 2016.285156 0.000000 0.352946 0.000000 -0.935643 0.908032 0.908032 0.908032
3054.183594 0.000000 2015.982300 0.000000 0.622126 0.000000 -0.782917 0.912622 0.912622 0.912622
3026.940430 0.000000 2032.423096 0.000000 0.083506 0.000000 -0.996507 0.830297 0.830297 0.830297
3063.169922 0.000000 2026.651489 0.000000 0.291525 0.000000 -0.956563 0.877921 0.877921 0.877921
3050.411133 0.000000 2039.185791 0.000000 0.407363 0.000000 -0.913266 0.822763 0.822763 0.822763
3052.453369 0.000000 2027.643677 0.000000 0.461547 0.000000 -0.887116 0.941860 0.941860 0.941860
3065.000000 0.000000 2016.077637 0.000000 0.122824 0.000000 0.992428 0.611775 0.611775 0.611775
3034.782959 0.000000 2036.420776 0.000000 0.635845 0.000000 -0.771817 0.823773 0.823773 0.823773
3081.578857 0.000000 2015.710571 0.000000 0.302884 0.000000 0.953027 0.642585 0.642585 0.642585
3095.276855 0.000000 2024.921143 0.000000 0.999983 0.000000 0.005756 0.799121 0.799121 0.799121
3047.106201 0.000000 2020.809814 0.000000 0.263436 0.000000 -0.964677 0.969574 0.969574 0.969574
3056.938477 0.000000 2034.088013 0.000000 0.383724 0.000000 -0.923448 0.850070 0.850070 0.850070
3027.181885 0.000000 2023.535889 0.000000 0.201150 0.000000 -0.979560 0.886901 0.886901 0.886901
3057.519043 0.000000 2022.482666 0.000000 0.858355 0.000000 -0.513056 0.860686 0.860686 0.860686
3040.999023 0.000000 2023.802368 0.000000 0.948856 0.000000 0.315710 0.793072 0.793072 0.793072
3067.851562 0.000000 2022.112915 0.000000 0.996599 0.000000 0.082410 0.790262 0.790262 0.790262
3078.075439 0.000000 2043.790894 0.000000 0.794511 0.000000 0.607249 0.787097 0.787097 0.787097
3084.858154 0.000000 2031.662354 0.000000 0.020446 0.000000 -0.999791 0.946770 0.946770 0.946770
3089.234863 0.000000 2026.311890 0.000000 0.986655 0.000000 -0.162824 0.824401 0.824401 0.824401
3085.458008 0.000000 2038.112915 0.000000 0.716499 0.000000 0.697588 0.742641 0.742641 0.742641
3084.534668 0.000000 2020.423462 0.000000 0.842294 0.000000 -0.539018 0.868559 0.868559 0.868559
3078.562744 0.000000 2030.459595 0.000000 0.676140 0.000000 0.736773 0.726550 0.726550 0.726550
3074.918213 0.000000 2037.705566 0.000000 0.987063 0.000000 0.160335 0.783791 0.783791 0.783791
3059.652344 0.000000 2017.426270 0.000000 0.929730 0.000000 0.368242 0.753679 0.753679 0.753679
3057.743896 0.000000 2028.337036 0.000000 0.466514 0.000000 0.884514 0.690738 0.690738 0.690738
3068.029541 0.000000 2028.982300 0.000000 0.321195 0.000000 -0.947013 0.908062 0.908062 0.908062
3052.433838 0.000000 2021.673950 0.000000 0.670910 0.000000 0.741538 0.696392 0.696392 0.696392
3062.804932 0.000000 2021.437256 0.000000 0.069034 0.000000 -0.997614 0.984455 0.984455 0.984455
3075.302734 0.000000 2024.182983 0.000000 0.964788 0.000000 -0.263030 0.839072 0.839072 0.839072
3081.444580 0.000000 2040.529663 0.000000 0.899704 0.000000 0.436500 0.779160 0.779160 0.779160
3044.145752 0.000000 2017.191406 0.000000 0.279671 0.000000 -0.960096 0.925728 0.925728 0.925728
3023.710938 0.000000 2020.648560 0.000000 0.246859 0.000000 -0.969051 0.938551 0.938551 0.938551
3029.323975 0.000000 2027.746826 0.000000 0.543978 0.000000 0.839099 0.770172 0.770172 0.770172
3053.308594 0.000000 2031.822876 0.000000 0.995500 0.000000 0.094762 0.789537 0.789537 0.789537
3028.491211 0.000000 2019.237671 0.000000 0.451028 0.000000 0.892510 0.751761 0.751761 0.751761
3060.769043 0.000000 2035.557983 0.000000 0.921207 0.000000 -0.389073 0.815085 0.815085 0.815085
3092.793945 0.000000 2015.715576 0.000000 0.811695 0.000000 0.584082 0.747304 0.747304 0.747304
3089.179688 0.000000 2036.341064 0.000000 0.750068 0.000000 0.661360 0.736352 0.736352 0.736352
3059.898438 0.000000 2031.565308 0.000000 0.109264 0.000000 -0.994013 0.904194 0.904194 0.904194
3085.704102 0.000000 2027.897217 0.000000 0.909405 0.000000 -0.415911 0.850631 0.850631 0.850631
3086.448975 0.000000 2016.021484 0.000000 0.493529 0.000000 -0.869730 0.905530 0.905530 0.905530
3065.714355 0.000000 2036.602783 0.000000 0.033480 0.000000 -0.999439 0.865399 0.865399 0.865399
3042.704834 0.000000 2027.325439 0.000000 0.629660 0.000000 0.776870 0.754689 0.754689 0.754689
3071.066406 0.000000 2038.867065 0.000000 0.962273 0.000000 0.272087 0.780847 0.780847 0.780847
3078.510010 0.000000 2026.310425 0.000000 0.715012 0.000000 -0.699112 0.893234 0.893234 0.893234
3076.893311 0.000000 2033.726807 0.000000 0.915773 0.000000 0.401696 0.758390 0.758390 0.758390
3055.202881 0.000000 2025.354126 0.000000 0.943951 0.000000 0.330086 0.764526 0.764526 0.764526
3030.312988 0.000000 2015.804443 0.000000 0.958702 0.000000 -0.284412 0.821081 0.821081 0.821081
3069.903564 0.000000 2032.030273 0.000000 0.456976 0.000000 0.889479 0.710673 0.710673 0.710673
3082.338135 0.000000 2029.035400 0.000000 0.828562 0.000000 0.559898 0.735196 0.735196 0.735196
3066.666992 0.000000 2025.687134 0.000000 0.400582 0.000000 -0.916261 0.927738 0.927738 0.927738
3085.623779 0.000000 2024.359863 0.000000 0.921696 0.000000 0.387913 0.752023 0.752023 0.752023
3083.459473 0.000000 2035.094482 0.000000 0.997547 0.000000 0.070000 0.793242 0.793242 0.793242
3075.343018 0.000000 2041.713745 0.000000 0.726173 0.000000 0.687512 0.749129 0.749129 0.749129
3081.378418 0.000000 2032.268433 0.000000 0.157719 0.000000 0.987484 0.662056 0.662056 0.662056
3087.775391 0.000000 2033.199707 0.000000 0.824795 0.000000 -0.565432 0.859413 0.859413 0.859413
3064.779541 0.000000 2029.548706 0.000000 0.388925 0.000000 -0.921269 0.879307 0.879307 0.879307
3094.149414 0.000000 2039.334595 0.000000 0.998120 0.000000 0.061282 0.793534 0.793534 0.793534
3066.904053 0.000000 2033.573975 0.000000 0.854260 0.000000 -0.519846 0.845857 0.845857 0.845857
3092.160645 0.000000 2036.880981 0.000000 0.440926 0.000000 -0.897543 0.917493 0.917493 0.917493
3060.892090 0.000000 2028.698730 0.000000 0.075361 0.000000 0.997156 0.704130 0.704130 0.704130
3082.127686 0.000000 2037.707520 0.000000 0.215170 0.000000 -0.976577 0.909517 0.909517 0.909517
3056.261230 0.000000 2031.197388 0.000000 0.985071 0.000000 0.172146 0.786420 0.786420 0.786420
3075.548096 0.000000 2031.126831 0.000000 0.687442 0.000000 -0.726239 0.879386 0.879386 0.879386
3064.458984 0.000000 2023.884399 0.000000 0.046518 0.000000 0.998917 0.645653 0.645653 0.645653
3029.684570 0.000000 2031.938110 0.000000 0.545956 0.000000 -0.837814 0.873202 0.873202 0.873202
3086.367432 0.000000 2035.545776 0.000000 0.585793 0.000000 -0.810461 0.886626 0.886626 0.886626
3025.785889 0.000000 2018.915405 0.000000 0.110085 0.000000 -0.993922 0.891009 0.891009 0.891009
3027.434570 0.000000 2029.657471 0.000000 0.297020 0.000000 -0.954871 0.891258 0.891258 0.891258
3077.471436 0.000000 2036.636963 0.000000 0.517724 0.000000 -0.855547 0.891037 0.891037 0.891037
3088.015869 0.000000 2039.014282 0.000000 0.442248 0.000000 0.896893 0.709996 0.709996 0.709996
3070.604248 0.000000 2028.217896 0.000000 0.545658 0.000000 -0.838008 0.889303 0.889303 0.889303
3027.076904 0.000000 2026.236694 0.000000 0.923126 0.000000 0.384498 0.771623 0.771623 0.771623
3073.576660 0.000000 2039.854980 0.000000 0.137304 0.000000 0.990529 0.689235 0.689235 0.689235
3165.436523 0.000000 2046.984131 0.000000 0.439448 0.000000 0.898268 0.783955 0.783955 0.783955
3114.345215 0.000000 2031.518188 0.000000 0.995640 0.000000 0.093276 0.794123 0.794123 0.794123
3145.808594 0.000000 2019.288452 0.000000 0.779682 0.000000 -0.626176 0.808108 0.808108 0.808108
3136.367432 0.000000 2060.490967 0.000000 0.242465 0.000000 0.970160 0.597419 0.597419 0.597419
3096.766113 0.000000 2016.285156 0.000000 0.962480 0.000000 0.271353 0.765752 0.765752 0.765752
3155.614746 0.000000 2065.264160 0.000000 0.954795 0.000000 0.297266 0.753884 0.753884 0.753884
3120.620850 0.000000 2051.055664 0.000000 0.971472 0.000000 -0.237153 0.825249 0.825249 0.825249
3122.128418 0.000000 2069.883301 0.000000 0.797501 0.000000 -0.603318 0.801940 0.801940 0.801940
3149.893799 0.000000 2050.871826 0.000000 0.981923 0.000000 0.189281 0.792583 0.792583 0.792583
3098.932617 0.000000 2032.423096 0.000000 0.806443 0.000000 0.591311 0.703333 0.703333 0.703333
3165.810791 0.000000 2076.156982 0.000000 0.419644 0.000000 0.907689 0.720241 0.720241 0.720241
3131.911865 0.000000 2050.039795 0.000000 0.668846 0.000000 -0.743401 0.876835 0.876835 0.876835
3162.262695 0.000000 2057.033447 0.000000 0.541489 0.000000 0.840708 0.647427 0.647427 0.647427
3125.984619 0.000000 2060.417480 0.000000 0.765726 0.000000 0.643167 0.693258 0.693258 0.693258
3146.631592 0.000000 2060.397217 0.000000 0.756638 0.000000 -0.653834 0.908883 0.908883 0.908883
3141.317383 0.000000 2053.291016 0.000000 0.395259 0.000000 0.918570 0.781860 0.781860 0.781860
3106.775146 0.000000 2036.420776 0.000000 0.330243 0.000000 0.943896 0.663929 0.663929 0.663929
3153.571045 0.000000 2015.710571 0.000000 0.953894 0.000000 0.300144 0.793242 0.793242 0.793242
3163.432129 0.000000 2068.010986 0.000000 0.112213 0.000000 -0.993684 1.022819 1.022819 1.022819
3141.320312 0.000000 2066.861328 0.000000 0.110905 0.000000 -0.993831 1.023020 1.023020 1.023020
3154.137695 0.000000 2057.750488 0.000000 0.438005 0.000000 0.898973 0.629271 0.629271 0.629271
3118.404053 0.000000 2060.062500 0.000000 0.689898 0.000000 -0.723907 0.844620 0.844620 0.844620
3149.092285 0.000000 2068.696777 0.000000 0.915633 0.000000 -0.402016 0.863211 0.863211 0.863211
3099.174072 0.000000 2023.535889 0.000000 0.407978 0.000000 -0.912992 0.975792 0.975792 0.975792
3161.071289 0.000000 2081.574951 0.000000 0.399746 0.000000 0.916626 0.765261 0.765261 0.765261
3158.416260 0.000000 2051.018066 0.000000 0.456865 0.000000 0.889536 0.731027 0.731027 0.731027
3118.465576 0.000000 2044.408203 0.000000 0.396873 0.000000 -0.917874 0.864092 0.864092 0.864092
3159.724121 0.000000 2073.725098 0.000000 0.941390 0.000000 -0.337321 0.852570 0.852570 0.852570
3131.157959 0.000000 2056.532471 0.000000 0.878871 0.000000 0.477060 0.724017 0.724017 0.724017
3128.976562 0.000000 2065.925537 0.000000 0.134180 0.000000 0.990957 0.580563 0.580563 0.580563
3120.888916 0.000000 2032.949097 0.000000 0.844654 0.000000 0.535313 0.731970 0.731970 0.731970
3115.305908 0.000000 2037.724487 0.000000 0.013502 0.000000 0.999909 0.562063 0.562063 0.562063
3100.721436 0.000000 2038.281616 0.000000 0.986410 0.000000 -0.164301 0.817900 0.817900 0.817900
3125.925537 0.000000 2053.603516 0.000000 0.793019 0.000000 0.609197 0.699916 0.699916 0.699916
3118.459961 0.000000 2026.804688 0.000000 0.627033 0.000000 -0.778993 0.831571 0.831571 0.831571
3160.821777 0.000000 2062.653320 0.000000 0.649507 0.000000 -0.760356 0.931988 0.931988 0.931988
3104.296143 0.000000 2030.894043 0.000000 0.538687 0.000000 0.842506 0.649319 0.649319 0.649319
3122.019531 0.000000 2064.516846 0.000000 0.986050 0.000000 0.166450 0.787275 0.787275 0.787275
3155.582520 0.000000 2080.576660 0.000000 0.955136 0.000000 0.296167 0.792073 0.792073 0.792073
3136.050781 0.000000 2053.735107 0.000000 0.203838 0.000000 -0.979005 0.828636 0.828636 0.828636
3146.258301 0.000000 2054.698486 0.000000 0.616298 0.000000 0.787513 0.689709 0.689709 0.689709
3164.588623 0.000000 2052.305664 0.000000 0.994981 0.000000 -0.100064 0.814954 0.814954 0.814954
3148.000488 0.000000 2073.681641 0.000000 0.996315 0.000000 -0.085766 0.807666 0.807666 0.807666
3109.250000 0.000000 2031.978882 0.000000 0.385460 0.000000 -0.922725 0.895051 0.895051 0.895051
3099.657471 0.000000 2044.816162 0.000000 0.945347 0.000000 -0.326066 0.817314 0.817314 0.817314
3144.433594 0.000000 2070.397949 0.000000 0.436386 0.000000 -0.899759 0.919367 0.919367 0.919367
3148.838379 0.000000 2015.913574 0.000000 0.994954 0.000000 0.100328 0.796447 0.796447 0.796447
3114.890137 0.000000 2047.198975 0.000000 0.011152 0.000000 -0.999938 0.886908 0.886908 0.886908
3153.960693 0.000000 2053.224854 0.000000 0.987555 0.000000 0.157277 0.783913 0.783913 0.783913
3110.919434 0.000000 2038.774048 0.000000 0.363068 0.000000 0.931763 0.654853 0.654853 0.654853
3111.035156 0.000000 2027.901733 0.000000 0.478875 0.000000 0.877883 0.728100 0.728100 0.728100
3149.857178 0.000000 2077.609375 0.000000 0.998751 0.000000 0.049973 0.798742 0.798742 0.798742
3100.483398 0.000000 2019.237671 0.000000 0.975385 0.000000 -0.220507 0.826510 0.826510 0.826510
3167.614990 0.000000 2068.666260 0.000000 0.452424 0.000000 0.891803 0.683202 0.683202 0.683202
3161.643066 0.000000 2077.445801 0.000000 0.649446 0.000000 -0.760408 0.908189 0.908189 0.908189
3102.985596 0.000000 2034.845459 0.000000 0.687851 0.000000 0.725852 0.689521 0.689521 0.689521
3125.081055 0.000000 2066.936768 0.000000 0.629824 0.000000 0.776738 0.722723 0.722723 0.722723
3107.306885 0.000000 2040.264404 0.000000 0.056724 0.000000 0.998390 0.643059 0.643059 0.643059
3108.310059 0.000000 2044.265259 0.000000 0.818106 0.000000 0.575067 0.770632 0.770632 0.770632
3114.697021 0.000000 2027.325439 0.000000 0.888097 0.000000 0.459656 0.755930 0.755930 0.755930
3118.437500 0.000000 2048.156250 0.000000 0.413780 0.000000 -0.910377 0.841820 0.841820 0.841820
3125.735840 0.000000 2040.437744 0.000000 0.999730 0.000000 0.023257 0.798495 0.798495 0.798495
3111.201172 0.000000 2046.897583 0.000000 0.012648 0.000000 0.999920 0.744918 0.744918 0.744918
3117.993896 0.000000 2030.326172 0.000000 0.219943 0.000000 0.975513 0.700578 0.700578 0.700578
3161.093994 0.000000 2053.552246 0.000000 0.613632 0.000000 0.789592 0.694751 0.694751 0.694751
3121.398193 0.000000 2029.315918 0.000000 0.871912 0.000000 0.489662 0.775472 0.775472 0.775472
3103.784424 0.000000 2039.773193 0.000000 0.872056 0.000000 0.489406 0.747296 0.747296 0.747296
3115.163086 0.000000 2041.716187 0.000000 0.729123 0.000000 -0.684382 0.875422 0.875422 0.875422
3099.225830 0.000000 2041.341553 0.000000 0.004138 0.000000 -0.999991 0.982107 0.982107 0.982107
3145.533203 0.000000 2015.768188 0.000000 0.613777 0.000000 0.789479 0.742752 0.742752 0.742752
3109.552002 0.000000 2024.756226 0.000000 0.445587 0.000000 -0.895238 0.892360 0.892360 0.892360
3132.907471 0.000000 2053.483398 0.000000 0.678774 0.000000 0.734348 0.706608 0.706608 0.706608
3106.364746 0.000000 2033.223755 0.000000 0.922010 0.000000 -0.387167 0.843830 0.843830 0.843830
3155.464844 0.000000 2050.373779 0.000000 0.992856 0.000000 -0.119318 0.806091 0.806091 0.806091
3141.484619 0.000000 2071.185059 0.000000 0.694906 0.000000 -0.719101 0.883666 0.883666 0.883666
3119.037354 0.000000 2053.618408 0.000000 0.999748 0.000000 0.022447 0.797915 0.797915 0.797915
3158.746582 0.000000 2079.717041 0.000000 0.989425 0.000000 -0.145042 0.811338 0.811338 0.811338
3120.652344 0.000000 2042.388794 0.000000 0.093706 0.000000 0.995600 0.646904 0.646904 0.646904
3166.216553 0.000000 2049.792236 0.000000 0.472796 0.000000 -0.881172 0.879471 0.879471 0.879471
3120.013672 0.000000 2062.439941 0.000000 0.457152 0.000000 -0.889389 0.871580 0.871580 0.871580
3167.414551 0.000000 2071.632568 0.000000 0.995707 0.000000 0.092561 0.791169 0.791169 0.791169
3101.826416 0.000000 2042.597046 0.000000 0.227358 0.000000 -0.973811 0.918955 0.918955 0.918955
3115.378662 0.000000 2044.489868 0.000000 0.885089 0.000000 0.465421 0.765772 0.765772 0.765772
3111.790039 0.000000 2030.598145 0.000000 0.993959 0.000000 0.109756 0.792158 0.792158 0.792158
3106.235107 0.000000 2022.966797 0.000000 0.830316 0.000000 0.557292 0.748643 0.748643 0.748643
3148.537598 0.000000 2053.269531 0.000000 0.929676 0.000000 -0.368378 0.830064 0.830064 0.830064
3150.707520 0.000000 2074.997070 0.000000 0.270720 0.000000 -0.962658 0.907992 0.907992 0.907992
3122.239502 0.000000 2048.879395 0.000000 0.186103 0.000000 0.982530 0.685596 0.685596 0.685596
3127.659912 0.000000 2068.142822 0.000000 0.210723 0.000000 0.977546 0.693371 0.693371 0.693371
3186.337402 0.000000 1935.533813 0.000000 0.551151 0.000000 -0.834406 0.950811 0.950811 0.950811
3208.359619 0.000000 1964.506592 0.000000 0.312968 0.000000 -0.949764 0.924575 0.924575 0.924575
3168.758301 0.000000 1920.300781 0.000000 0.569169 0.000000 -0.822221 0.947487 0.947487 0.947487
3227.606934 0.000000 1969.279785 0.000000 0.366650 0.000000 0.930359 0.730524 0.730524 0.730524
3198.167969 0.000000 1919.997925 0.000000 0.570053 0.000000 -0.821608 0.804622 0.804622 0.804622
3184.438965 0.000000 1992.132812 0.000000 0.880579 0.000000 0.473900 0.724566 0.724566 0.724566
3194.120605 0.000000 1973.898926 0.000000 0.957684 0.000000 0.287821 0.794577 0.794577 0.794577
3170.924805 0.000000 1936.438721 0.000000 0.619214 0.000000 -0.785222 0.857896 0.857896 0.857896
3179.565918 0.000000 2003.910522 0.000000 0.447281 0.000000 -0.894394 0.969148 0.969148 0.969148
3195.778076 0.000000 1997.681641 0.000000 0.989474 0.000000 -0.144713 0.804699 0.804699 0.804699
3205.157959 0.000000 1974.653076 0.000000 0.991310 0.000000 0.131546 0.779843 0.779843 0.779843
3187.400879 0.000000 1982.000488 0.000000 0.699336 0.000000 -0.714793 0.921670 0.921670 0.921670
3178.368652 0.000000 1929.727051 0.000000 0.969269 0.000000 0.246004 0.770512 0.770512 0.770512
3174.625244 0.000000 1992.902832 0.000000 0.634473 0.000000 -0.772945 0.934984 0.934984 0.934984
3178.312988 0.000000 1984.276489 0.000000 0.981852 0.000000 0.189647 0.770847 0.770847 0.770847
3192.771729 0.000000 1989.008789 0.000000 0.676817 0.000000 -0.736152 0.889232 0.889232 0.889232
3187.634521 0.000000 2000.360840 0.000000 0.394804 0.000000 -0.918765 0.977990 0.977990 0.977990
3178.767334 0.000000 1940.436401 0.000000 0.121213 0.000000 -0.992626 1.017093 1.017093 1.017093
3213.312500 0.000000 1970.876953 0.000000 0.419379 0.000000 0.907811 0.626121 0.626121 0.626121
3198.832764 0.000000 1980.148682 0.000000 0.493543 0.000000 0.869721 0.665403 0.665403 0.665403
3221.084473 0.000000 1972.712524 0.000000 0.152474 0.000000 -0.988308 0.818688 0.818688 0.818688
3171.166260 0.000000 1927.551514 0.000000 0.052687 0.000000 -0.998611 1.031946 1.031946 1.031946
3180.274414 0.000000 1997.190918 0.000000 0.894652 0.000000 -0.446763 0.870763 0.870763 0.870763
3192.881104 0.000000 1936.964722 0.000000 0.741814 0.000000 -0.670606 0.827746 0.827746 0.827746
3187.298096 0.000000 1941.740112 0.000000 0.063727 0.000000 0.997967 0.776523 0.776523 0.776523
3172.713623 0.000000 1942.297241 0.000000 0.988820 0.000000 -0.149114 0.822868 0.822868 0.822868
3174.319580 0.000000 1999.098877 0.000000 0.973379 0.000000 -0.229202 0.835334 0.835334 0.835334
3190.302002 0.000000 1994.723877 0.000000 0.441397 0.000000 0.897312 0.629848 0.629848 0.629848
3193.447998 0.000000 1982.808350 0.000000 0.967526 0.000000 0.252773 0.771214 0.771214 0.771214
3185.708008 0.000000 2006.074219 0.000000 0.029394 0.000000 0.999568 0.607899 0.607899 0.607899
3190.452148 0.000000 1930.820312 0.000000 0.952756 0.000000 -0.303737 0.847153 0.847153 0.847153
3232.813965 0.000000 1966.668945 0.000000 0.706509 0.000000 -0.707704 0.875846 0.875846 0.875846
3173.163330 0.000000 1987.315796 0.000000 0.117627 0.000000 0.993058 0.779107 0.779107 0.779107
3176.288330 0.000000 1934.909668 0.000000 0.951814 0.000000 -0.306675 0.804856 0.804856 0.804856
3210.580322 0.000000 1975.820679 0.000000 0.999695 0.000000 0.024717 0.798549 0.798549 0.798549
3223.400635 0.000000 1966.240723 0.000000 0.951839 0.000000 -0.306597 0.831181 0.831181 0.831181
3191.247803 0.000000 1978.145386 0.000000 0.948689 0.000000 0.316211 0.762217 0.762217 0.762217
3213.545166 0.000000 1963.461304 0.000000 0.023673 0.000000 -0.999720 0.901969 0.901969 0.901969
3197.290771 0.000000 1985.943604 0.000000 0.923844 0.000000 -0.382770 0.823064 0.823064 0.823064
3168.240723 0.000000 1940.420776 0.000000 0.475217 0.000000 -0.879869 0.914714 0.914714 0.914714
3230.863770 0.000000 1973.060059 0.000000 0.447838 0.000000 0.894115 0.770830 0.770830 0.770830
3190.041504 0.000000 1985.502197 0.000000 0.935814 0.000000 0.352494 0.768919 0.768919 0.768919
3181.541260 0.000000 2007.716309 0.000000 0.869828 0.000000 -0.493355 0.816075 0.816075 0.816075
3174.977783 0.000000 1938.861084 0.000000 0.080406 0.000000 0.996762 0.643734 0.643734 0.643734
3175.769775 0.000000 2002.693115 0.000000 0.905655 0.000000 0.424014 0.786095 0.786095 0.786095
3221.844238 0.000000 1963.160400 0.000000 0.158103 0.000000 0.987423 0.668017 0.668017 0.668017
3196.751465 0.000000 1982.620117 0.000000 0.294769 0.000000 0.955568 0.701715 0.701715 0.701715
3193.846191 0.000000 1986.021973 0.000000 0.670868 0.000000 0.741577 0.739933 0.739933 0.739933
3178.356934 0.000000 1937.239380 0.000000 0.267879 0.000000 -0.963453 0.904344 0.904344 0.904344
3206.680664 0.000000 1967.146851 0.000000 0.026242 0.000000 -0.999656 0.958252 0.958252 0.958252
3171.324951 0.000000 1939.710693 0.000000 0.898855 0.000000 0.438246 0.763577 0.763577 0.763577
3195.174316 0.000000 2001.016602 0.000000 0.826537 0.000000 0.562883 0.741609 0.741609 0.741609
3173.668945 0.000000 1935.953735 0.000000 0.993254 0.000000 -0.115957 0.807521 0.807521 0.807521
3173.818604 0.000000 1946.612671 0.000000 0.694647 0.000000 -0.719351 0.856283 0.856283 0.856283
3216.213379 0.000000 1962.927979 0.000000 0.990591 0.000000 0.136858 0.789306 0.789306 0.789306
3201.466309 0.000000 1980.741333 0.000000 0.941842 0.000000 -0.336056 0.829776 0.829776 0.829776
3174.050537 0.000000 2050.046387 0.000000 0.419210 0.000000 -0.907889 0.973907 0.973907 0.973907
3167.917725 0.000000 2061.731201 0.000000 0.665833 0.000000 0.746101 0.671323 0.671323 0.671323
3169.622559 0.000000 2072.743164 0.000000 0.588245 0.000000 0.808683 0.758801 0.758801 0.758801
3167.725830 0.000000 2054.296387 0.000000 0.748252 0.000000 0.663415 0.689171 0.689171 0.689171
3176.279785 0.000000 2056.343506 0.000000 0.408092 0.000000 -0.912941 0.922007 0.922007 0.922007
3179.715332 0.000000 2048.082031 0.000000 0.672725 0.000000 -0.739893 0.867373 0.867373 0.867373
3168.577637 0.000000 2048.579102 0.000000 0.858521 0.000000 0.512778 0.743222 0.743222 0.743222
3171.649658 0.000000 2044.816162 0.000000 0.588870 0.000000 0.808228 0.771805 0.771805 0.771805
3180.802979 0.000000 2054.412354 0.000000 0.325174 0.000000 -0.945654 0.881701 0.881701 0.881701
3167.806152 0.000000 2076.683838 0.000000 0.869266 0.000000 -0.494345 0.822927 0.822927 0.822927
3175.788818 0.000000 2046.869751 0.000000 0.926655 0.000000 0.375912 0.767442 0.767442 0.767442
3168.740723 0.000000 2065.215576 0.000000 0.545731 0.000000 -0.837960 0.879175 0.879175 0.879175
3168.751221 0.000000 2069.031738 0.000000 0.324789 0.000000 -0.945786 0.870583 0.870583 0.870583
3180.939209 0.000000 2051.090332 0.000000 0.887972 0.000000 -0.459898 0.830351 0.830351 0.830351
3171.607910 0.000000 2047.995850 0.000000 0.701049 0.000000 0.713113 0.736256 0.736256 0.736256
2552.560791 0.000000 2679.615479 0.000000 0.475994 0.000000 0.879448 0.792917 0.792917 0.792917
2542.381104 0.000000 2687.534668 0.000000 0.595785 0.000000 -0.803144 0.843583 0.843583 0.843583
2547.677490 0.000000 2675.791748 0.000000 0.271539 0.000000 -0.962427 0.850467 0.850467 0.850467
2544.374756 0.000000 2672.235840 0.000000 0.559164 0.000000 0.829057 0.751392 0.751392 0.751392
2544.528564 0.000000 2683.975830 0.000000 0.724892 0.000000 -0.688863 0.833239 0.833239 0.833239
2548.165771 0.000000 2679.767334 0.000000 0.963616 0.000000 0.267290 0.780869 0.780869 0.780869
2539.213135 0.000000 2666.061279 0.000000 0.725967 0.000000 0.687729 0.766375 0.766375 0.766375
2541.800293 0.000000 2669.909668 0.000000 0.125874 0.000000 -0.992046 0.954934 0.954934 0.954934
2546.049805 0.000000 2681.640137 0.000000 0.955433 0.000000 -0.295210 0.822445 0.822445 0.822445
2539.442139 0.000000 2668.734619 0.000000 0.752271 0.000000 -0.658854 0.852149 0.852149 0.852149
2586.325195 0.000000 2728.924316 0.000000 0.996642 0.000000 0.081884 0.797102 0.797102 0.797102
2543.160889 0.000000 2692.700684 0.000000 0.954253 0.000000 -0.299002 0.807459 0.807459 0.807459
2570.972900 0.000000 2709.596191 0.000000 0.854945 0.000000 0.518719 0.785623 0.785623 0.785623
2589.743164 0.000000 2732.729980 0.000000 0.223888 0.000000 -0.974615 0.837876 0.837876 0.837876
2577.499268 0.000000 2712.420410 0.000000 0.798914 0.000000 0.601445 0.767908 0.767908 0.767908
2574.047363 0.000000 2711.547363 0.000000 0.443594 0.000000 -0.896228 0.881227 0.881227 0.881227
2602.498047 0.000000 2742.722900 0.000000 0.937529 0.000000 -0.347908 0.808303 0.808303 0.808303
2591.980225 0.000000 2733.622070 0.000000 0.104677 0.000000 0.994506 0.743786 0.743786 0.743786
2595.893311 0.000000 2739.098877 0.000000 0.212660 0.000000 0.977126 0.739042 0.739042 0.739042
2598.104980 0.000000 2743.291748 0.000000 0.564675 0.000000 0.825313 0.757540 0.757540 0.757540
2605.218018 0.000000 2745.596680 0.000000 0.881965 0.000000 -0.471315 0.825289 0.825289 0.825289
2651.669434 0.000000 2833.139160 0.000000 0.198565 0.000000 0.980088 0.754001 0.754001 0.754001
2650.348145 0.000000 2793.429199 0.000000 0.798899 0.000000 0.601465 0.772933 0.772933 0.772933
2652.468018 0.000000 2811.969238 0.000000 0.711738 0.000000 -0.702445 0.845265 0.845265 0.845265
2652.905029 0.000000 2799.537598 0.000000 0.573326 0.000000 -0.819327 0.836822 0.836822 0.836822
2652.581543 0.000000 2788.298584 0.000000 0.879919 0.000000 -0.475123 0.835302 0.835302 0.835302
2647.183350 0.000000 2789.023438 0.000000 0.695976 0.000000 -0.718065 0.834076 0.834076 0.834076
2650.015381 0.000000 2821.100098 0.000000 0.377297 0.000000 -0.926093 0.902150 0.902150 0.902150
2653.928955 0.000000 2823.227051 0.000000 0.993556 0.000000 0.113346 0.795848 0.795848 0.795848
2653.750977 0.000000 2795.772217 0.000000 0.898717 0.000000 0.438528 0.780960 0.780960 0.780960
2653.526367 0.000000 2815.451660 0.000000 0.878602 0.000000 -0.477555 0.846835 0.846835 0.846835
2650.385010 0.000000 2796.910400 0.000000 0.363182 0.000000 0.931718 0.753299 0.753299 0.753299
2653.670654 0.000000 2792.234863 0.000000 0.409524 0.000000 -0.912299 0.848186 0.848186 0.848186
2649.671387 0.000000 2786.939941 0.000000 0.898495 0.000000 -0.438985 0.838667 0.838667 0.838667
2651.519531 0.000000 2818.248779 0.000000 0.534719 0.000000 0.845030 0.716164 0.716164 0.716164
2650.122559 0.000000 2830.745117 0.000000 0.782929 0.000000 0.622111 0.746493 0.746493 0.746493
2648.463623 0.000000 2827.616699 0.000000 0.987351 0.000000 -0.158549 0.811353 0.811353 0.811353
2648.769775 0.000000 2818.448486 0.000000 0.883225 0.000000 -0.468949 0.840651 0.840651 0.840651
3875.536621 0.000000 1585.342285 0.000000 0.518483 0.000000 0.855088 0.797542 0.797542 0.797542
3882.184570 0.000000 1577.111572 0.000000 0.150484 0.000000 -0.988612 0.807656 0.807656 0.807656
3880.743652 0.000000 1582.731445 0.000000 0.860778 0.000000 0.508980 0.773124 0.773124 0.773124
3876.610596 0.000000 1581.392578 0.000000 0.266747 0.000000 -0.963766 0.928599 0.928599 0.928599
3882.519775 0.000000 1580.113770 0.000000 0.004436 0.000000 -0.999990 0.926700 0.926700 0.926700
3893.972412 0.000000 1570.124512 0.000000 0.958542 0.000000 0.284951 0.794460 0.794460 0.794460
3887.839600 0.000000 1581.809326 0.000000 0.977184 0.000000 0.212396 0.788330 0.788330 0.788330
3899.637207 0.000000 1568.160034 0.000000 0.998782 0.000000 -0.049332 0.801153 0.801153 0.801153
3904.163574 0.000000 1602.490967 0.000000 0.143529 0.000000 0.989646 0.624750 0.624750 0.624750
3897.693604 0.000000 1571.787598 0.000000 0.648409 0.000000 -0.761292 0.885547 0.885547 0.885547
3895.123047 0.000000 1573.024292 0.000000 0.946708 0.000000 -0.322094 0.819649 0.819649 0.819649
3496.328369 0.000000 2060.490967 0.000000 0.971216 0.000000 -0.238202 0.830695 0.830695 0.830695
3502.776855 0.000000 2075.087402 0.000000 0.816771 0.000000 0.576962 0.762782 0.762782 0.762782
3499.398438 0.000000 2063.193115 0.000000 0.515898 0.000000 -0.856650 0.834518 0.834518 0.834518
3510.668457 0.000000 2074.997070 0.000000 0.999628 0.000000 -0.027258 0.801976 0.801976 0.801976
4660.461426 0.000000 89.352028 0.000000 0.776189 0.000000 0.630500 0.798774 0.798774 0.798774
4619.409668 0.000000 84.222862 0.000000 0.992056 0.000000 0.125797 0.799169 0.799169 0.799169
4648.425293 0.000000 92.496811 0.000000 0.141700 0.000000 -0.989910 0.823968 0.823968 0.823968
4622.829590 0.000000 91.982193 0.000000 0.992740 0.000000 0.120283 0.796460 0.796460 0.796460
4616.022949 0.000000 95.438484 0.000000 0.273774 0.000000 -0.961794 0.827901 0.827901 0.827901
4630.154785 0.000000 95.956352 0.000000 0.467630 0.000000 0.883924 0.756476 0.756476 0.756476
4655.114746 0.000000 93.512413 0.000000 0.014960 0.000000 -0.999888 0.827966 0.827966 0.827966
4636.399902 0.000000 92.824951 0.000000 0.708593 0.000000 0.705617 0.783104 0.783104 0.783104
4625.551758 0.000000 86.386566 0.000000 0.851975 0.000000 -0.523582 0.810566 0.810566 0.810566
4660.451172 0.000000 94.641487 0.000000 0.982068 0.000000 -0.188526 0.803636 0.803636 0.803636
4627.753906 0.000000 91.961777 0.000000 0.017000 0.000000 -0.999856 0.850274 0.850274 0.850274
4620.181641 0.000000 95.014549 0.000000 0.072069 0.000000 -0.997400 0.850286 0.850286 0.850286
4632.302246 0.000000 92.397484 0.000000 0.623780 0.000000 0.781600 0.772045 0.772045 0.772045
4625.518066 0.000000 94.675102 0.000000 0.998309 0.000000 0.058135 0.797456 0.797456 0.797456
4631.086914 0.000000 184.561005 0.000000 0.469091 0.000000 0.883150 0.799351 0.799351 0.799351
4626.181152 0.000000 111.830589 0.000000 0.883609 0.000000 0.468226 0.782482 0.782482 0.782482
4666.955566 0.000000 166.107544 0.000000 0.957253 0.000000 0.289251 0.795604 0.795604 0.795604
4618.279297 0.000000 151.144608 0.000000 0.980125 0.000000 0.198383 0.790547 0.790547 0.790547
4648.203613 0.000000 140.803345 0.000000 0.835308 0.000000 -0.549782 0.822322 0.822322 0.822322
4607.551758 0.000000 176.165131 0.000000 0.997472 0.000000 0.071066 0.796932 0.796932 0.796932
4608.602051 0.000000 96.597595 0.000000 0.554828 0.000000 0.831965 0.773505 0.773505 0.773505
4613.894531 0.000000 130.358765 0.000000 0.930810 0.000000 -0.365504 0.807623 0.807623 0.807623
4638.011719 0.000000 96.294685 0.000000 0.041250 0.000000 -0.999149 0.840324 0.840324 0.840324
4624.282715 0.000000 168.429535 0.000000 0.636678 0.000000 0.771130 0.792085 0.792085 0.792085
4633.964355 0.000000 150.195740 0.000000 0.461792 0.000000 0.886988 0.791504 0.791504 0.791504
4610.768555 0.000000 112.735466 0.000000 0.122737 0.000000 0.992439 0.772242 0.772242 0.772242
4623.443848 0.000000 97.441666 0.000000 0.477147 0.000000 -0.878824 0.844377 0.844377 0.844377
4607.695312 0.000000 161.314163 0.000000 0.755640 0.000000 -0.654988 0.817544 0.817544 0.817544
4607.761230 0.000000 142.043610 0.000000 0.911987 0.000000 -0.410219 0.813170 0.813170 0.813170
4622.834961 0.000000 139.235123 0.000000 0.491656 0.000000 -0.870790 0.842425 0.842425 0.842425
4619.409668 0.000000 180.207245 0.000000 0.645345 0.000000 -0.763892 0.811459 0.811459 0.811459
4654.062012 0.000000 167.064514 0.000000 0.397168 0.000000 0.917746 0.749855 0.749855 0.749855
4635.621582 0.000000 173.978424 0.000000 0.401942 0.000000 -0.915665 0.810400 0.810400 0.810400
4643.747559 0.000000 130.352173 0.000000 0.920014 0.000000 -0.391886 0.802172 0.802172 0.802172
4636.281738 0.000000 107.956039 0.000000 0.978096 0.000000 -0.208154 0.808543 0.808543 0.808543
4627.244629 0.000000 158.297302 0.000000 0.575011 0.000000 -0.818146 0.815501 0.815501 0.815501
4666.129395 0.000000 105.866493 0.000000 0.851416 0.000000 0.524492 0.791068 0.791068 0.791068
4674.098633 0.000000 137.345856 0.000000 0.986902 0.000000 -0.161323 0.801942 0.801942 0.801942
4637.820312 0.000000 140.729919 0.000000 0.101145 0.000000 -0.994872 0.828175 0.828175 0.828175
4614.468750 0.000000 169.199524 0.000000 0.625572 0.000000 -0.780167 0.834854 0.834854 0.834854
4618.156738 0.000000 160.573303 0.000000 0.999721 0.000000 -0.023634 0.800864 0.800864 0.800864
4668.249512 0.000000 124.406441 0.000000 0.986264 0.000000 0.165178 0.797117 0.797117 0.797117
4648.828125 0.000000 96.390068 0.000000 0.110713 0.000000 -0.993852 0.842861 0.842861 0.842861
4640.333984 0.000000 184.021423 0.000000 0.728919 0.000000 -0.684600 0.820783 0.820783 0.820783
4618.610840 0.000000 116.733215 0.000000 0.482351 0.000000 0.875978 0.784010 0.784010 0.784010
4665.406738 0.000000 96.022980 0.000000 0.212156 0.000000 0.977236 0.778860 0.778860 0.778860
4626.367188 0.000000 146.799927 0.000000 0.976413 0.000000 -0.215913 0.806650 0.806650 0.806650
4675.268066 0.000000 148.323273 0.000000 0.147587 0.000000 -0.989049 0.826425 0.826425 0.826425
4630.934570 0.000000 101.122238 0.000000 0.999155 0.000000 0.041102 0.798226 0.798226 0.798226
4615.812500 0.000000 143.343140 0.000000 0.690370 0.000000 -0.723456 0.832469 0.832469 0.832469
4653.156250 0.000000 147.173752 0.000000 0.734730 0.000000 -0.678360 0.830822 0.830822 0.830822
4624.380371 0.000000 131.417648 0.000000 0.966698 0.000000 0.255918 0.795193 0.795193 0.795193
4660.118652 0.000000 161.958862 0.000000 0.751300 0.000000 0.659961 0.771929 0.771929 0.771929
4646.875000 0.000000 169.960480 0.000000 0.275186 0.000000 0.961391 0.771357 0.771357 0.771357
4654.626953 0.000000 179.727417 0.000000 0.768268 0.000000 -0.640128 0.823309 0.823309 0.823309
4630.239746 0.000000 140.374939 0.000000 0.900483 0.000000 -0.434891 0.807818 0.807818 0.807818
4616.022949 0.000000 191.422867 0.000000 0.687543 0.000000 0.726144 0.786853 0.786853 0.786853
4640.766602 0.000000 114.400421 0.000000 0.856411 0.000000 0.516294 0.789273 0.789273 0.789273
4607.569824 0.000000 134.608734 0.000000 0.991804 0.000000 0.127766 0.797544 0.797544 0.797544
4660.928223 0.000000 149.009277 0.000000 0.717176 0.000000 0.696892 0.772280 0.772280 0.772280
4611.010254 0.000000 103.848251 0.000000 0.294820 0.000000 0.955553 0.742860 0.742860 0.742860
4649.351562 0.000000 126.058052 0.000000 0.897994 0.000000 0.440008 0.789353 0.789353 0.789353
4616.496094 0.000000 98.919922 0.000000 0.735126 0.000000 -0.677930 0.821871 0.821871 0.821871
4670.252441 0.000000 131.330444 0.000000 0.600989 0.000000 0.799257 0.787238 0.787238 0.787238
4612.349609 0.000000 181.246811 0.000000 0.444481 0.000000 0.895788 0.764744 0.764744 0.764744
4616.123535 0.000000 136.655823 0.000000 0.406484 0.000000 0.913658 0.750984 0.750984 0.750984
4624.827148 0.000000 104.114700 0.000000 0.975480 0.000000 -0.220088 0.810770 0.810770 0.810770
4620.118164 0.000000 173.487717 0.000000 0.118177 0.000000 -0.992993 0.823496 0.823496 0.823496
4671.560059 0.000000 154.037506 0.000000 0.136194 0.000000 -0.990682 0.819764 0.819764 0.819764
4632.724609 0.000000 113.261459 0.000000 0.470644 0.000000 0.882323 0.778630 0.778630 0.778630
4627.142090 0.000000 118.036926 0.000000 0.993813 0.000000 0.111065 0.798666 0.798666 0.798666
4661.903320 0.000000 124.103226 0.000000 0.574209 0.000000 0.818709 0.762644 0.762644 0.762644
4652.958008 0.000000 173.178131 0.000000 0.963632 0.000000 0.267234 0.787843 0.787843 0.787843
4668.686035 0.000000 111.974792 0.000000 0.997971 0.000000 -0.063673 0.800802 0.800802 0.800802
4642.242676 0.000000 174.156830 0.000000 0.208920 0.000000 -0.977933 0.844014 0.844014 0.844014
4624.376953 0.000000 152.850983 0.000000 0.731601 0.000000 -0.681733 0.822023 0.822023 0.822023
4608.367188 0.000000 170.059448 0.000000 0.711251 0.000000 -0.702938 0.832695 0.832695 0.832695
4635.451172 0.000000 180.197845 0.000000 0.614774 0.000000 -0.788704 0.813067 0.813067 0.813067
4661.187500 0.000000 168.712799 0.000000 0.776944 0.000000 -0.629570 0.822034 0.822034 0.822034
4614.163086 0.000000 175.395691 0.000000 0.727722 0.000000 -0.685872 0.824001 0.824001 0.824001
4653.192383 0.000000 161.131027 0.000000 0.810869 0.000000 0.585228 0.777151 0.777151 0.777151
4666.316895 0.000000 189.268860 0.000000 0.965756 0.000000 0.259452 0.795911 0.795911 0.795911
4630.295898 0.000000 107.117096 0.000000 0.249509 0.000000 0.968373 0.757336 0.757336 0.757336
4612.963379 0.000000 157.718048 0.000000 0.290145 0.000000 0.956983 0.753348 0.753348 0.753348
4669.286133 0.000000 118.425331 0.000000 0.521438 0.000000 -0.853289 0.822050 0.822050 0.822050
4672.657715 0.000000 142.965637 0.000000 0.066558 0.000000 0.997783 0.759443 0.759443 0.759443
4613.006836 0.000000 163.612595 0.000000 0.602623 0.000000 -0.798026 0.841523 0.841523 0.841523
4617.028320 0.000000 185.649170 0.000000 0.563192 0.000000 0.826326 0.785432 0.785432 0.785432
4619.559082 0.000000 128.394348 0.000000 0.948490 0.000000 -0.316808 0.805601 0.805601 0.805601
4616.132324 0.000000 111.206467 0.000000 0.999987 0.000000 0.005157 0.799842 0.799842 0.799842
4621.107422 0.000000 144.615128 0.000000 0.899458 0.000000 -0.437008 0.821137 0.821137 0.821137
4643.418457 0.000000 191.461517 0.000000 0.994931 0.000000 0.100557 0.798189 0.798189 0.798189
4658.746582 0.000000 118.017944 0.000000 0.953131 0.000000 -0.302559 0.813260 0.813260 0.813260
4619.409668 0.000000 165.943039 0.000000 0.948841 0.000000 -0.315753 0.810202 0.810202 0.810202
4624.085449 0.000000 162.725250 0.000000 0.813347 0.000000 0.581779 0.789583 0.789583 0.789583
4628.167969 0.000000 135.457520 0.000000 0.541659 0.000000 -0.840598 0.817348 0.817348 0.817348
4650.424316 0.000000 152.117386 0.000000 0.506132 0.000000 -0.862456 0.840508 0.840508 0.840508
4667.418457 0.000000 160.888977 0.000000 0.569079 0.000000 -0.822283 0.819667 0.819667 0.819667
4647.886719 0.000000 134.047409 0.000000 0.152439 0.000000 0.988313 0.772817 0.772817 0.772817
4663.244629 0.000000 142.537445 0.000000 0.769230 0.000000 -0.638972 0.829073 0.829073 0.829073
4647.827148 0.000000 146.149841 0.000000 0.899634 0.000000 0.436645 0.780236 0.780236 0.780236
4636.261719 0.000000 101.986374 0.000000 0.730462 0.000000 -0.682954 0.828379 0.828379 0.828379
4661.365723 0.000000 179.826981 0.000000 0.955751 0.000000 0.294178 0.794275 0.794275 0.794275
4659.836426 0.000000 153.994080 0.000000 0.710196 0.000000 -0.704004 0.829014 0.829014 0.829014
4621.085938 0.000000 112.291313 0.000000 0.797129 0.000000 0.603809 0.780967 0.780967 0.780967
4622.165527 0.000000 157.430130 0.000000 0.609832 0.000000 0.792531 0.772589 0.772589 0.772589
4611.588867 0.000000 138.772095 0.000000 0.590922 0.000000 -0.806728 0.834867 0.834867 0.834867
4641.347656 0.000000 179.112671 0.000000 0.803554 0.000000 0.595232 0.778608 0.778608 0.778608
4651.344727 0.000000 120.360474 0.000000 0.273498 0.000000 0.961873 0.765892 0.765892 0.765892
4665.787109 0.000000 150.391785 0.000000 0.999635 0.000000 -0.027024 0.800810 0.800810 0.800810
4646.633301 0.000000 101.749588 0.000000 0.740289 0.000000 -0.672289 0.827390 0.827390 0.827390
4665.567383 0.000000 128.277222 0.000000 0.610553 0.000000 0.791976 0.775355 0.775355 0.775355
4608.883301 0.000000 108.168274 0.000000 0.686121 0.000000 0.727487 0.774130 0.774130 0.774130
4620.646484 0.000000 134.724838 0.000000 0.941360 0.000000 0.337403 0.787627 0.787627 0.787627
4656.269531 0.000000 150.710358 0.000000 0.648413 0.000000 0.761289 0.766300 0.766300 0.766300
4620.367188 0.000000 101.877075 0.000000 0.844166 0.000000 0.536082 0.779321 0.779321 0.779321
4655.968262 0.000000 184.301590 0.000000 0.783022 0.000000 -0.621993 0.825340 0.825340 0.825340
4653.806152 0.000000 96.469429 0.000000 0.126205 0.000000 0.992004 0.755001 0.755001 0.755001
4670.707520 0.000000 149.356812 0.000000 0.290552 0.000000 0.956859 0.761773 0.761773 0.761773
4657.750488 0.000000 145.460205 0.000000 0.974079 0.000000 -0.226206 0.811074 0.811074 0.811074
4657.393066 0.000000 171.456985 0.000000 0.558593 0.000000 0.829442 0.758976 0.758976 0.758976
4643.832031 0.000000 186.921478 0.000000 0.903287 0.000000 0.429036 0.787513 0.787513 0.787513
4627.973633 0.000000 97.503807 0.000000 0.247284 0.000000 0.968943 0.739849 0.739849 0.739849
4617.826660 0.000000 155.756531 0.000000 0.959598 0.000000 -0.281375 0.812988 0.812988 0.812988
4660.674316 0.000000 96.225983 0.000000 0.868014 0.000000 0.496541 0.787235 0.787235 0.787235
4657.128906 0.000000 113.474609 0.000000 0.989546 0.000000 -0.144216 0.806417 0.806417 0.806417
4622.871094 0.000000 108.214172 0.000000 0.078754 0.000000 0.996894 0.734742 0.734742 0.734742
4609.057129 0.000000 165.671082 0.000000 0.946295 0.000000 -0.323304 0.811638 0.811638 0.811638
4607.539062 0.000000 100.960907 0.000000 0.616081 0.000000 0.787683 0.764131 0.764131 0.764131
4622.443848 0.000000 148.817032 0.000000 0.490488 0.000000 -0.871448 0.841845 0.841845 0.841845
4669.710449 0.000000 135.664261 0.000000 0.786177 0.000000 -0.618002 0.817563 0.817563 0.817563
4661.692871 0.000000 157.921860 0.000000 0.942320 0.000000 0.334713 0.786912 0.786912 0.786912
4613.151855 0.000000 108.059158 0.000000 0.986425 0.000000 0.164210 0.794564 0.794564 0.794564
4648.750977 0.000000 174.017532 0.000000 0.013752 0.000000 0.999905 0.738426 0.738426 0.738426
4657.174805 0.000000 158.860596 0.000000 0.349390 0.000000 0.936977 0.746906 0.746906 0.746906
4652.093750 0.000000 129.317108 0.000000 0.834837 0.000000 0.550497 0.779741 0.779741 0.779741
4633.767578 0.000000 97.765915 0.000000 0.585409 0.000000 -0.810738 0.836820 0.836820 0.836820
4626.102539 0.000000 142.476578 0.000000 0.997787 0.000000 -0.066496 0.802073 0.802073 0.802073
4612.319336 0.000000 99.550117 0.000000 0.445559 0.000000 -0.895253 0.835882 0.835882 0.835882
4618.695312 0.000000 139.995270 0.000000 0.916295 0.000000 0.400504 0.780989 0.780989 0.780989
4662.265137 0.000000 136.057892 0.000000 0.481616 0.000000 -0.876382 0.846087 0.846087 0.846087
4612.438965 0.000000 134.471115 0.000000 0.858881 0.000000 -0.512176 0.816754 0.816754 0.816754
4615.210938 0.000000 103.006721 0.000000 0.899845 0.000000 0.436209 0.781068 0.781068 0.781068
4656.183105 0.000000 175.837646 0.000000 0.906666 0.000000 0.421849 0.784083 0.784083 0.784083
4651.351074 0.000000 177.178925 0.000000 0.522580 0.000000 -0.852590 0.848937 0.848937 0.848937
4658.026367 0.000000 165.878632 0.000000 0.995456 0.000000 -0.095226 0.804000 0.804000 0.804000
4668.524414 0.000000 141.626862 0.000000 0.939415 0.000000 -0.342781 0.812159 0.812159 0.812159
4651.273438 0.000000 143.505463 0.000000 0.075553 0.000000 0.997142 0.733706 0.733706 0.733706
4616.304688 0.000000 147.334030 0.000000 0.221218 0.000000 0.975224 0.749934 0.749934 0.749934
4610.681641 0.000000 173.373611 0.000000 0.358459 0.000000 -0.933546 0.854835 0.854835 0.854835
4663.064941 0.000000 164.765076 0.000000 0.545403 0.000000 -0.838174 0.828586 0.828586 0.828586
4611.616211 0.000000 143.125229 0.000000 0.879264 0.000000 -0.476335 0.821716 0.821716 0.821716
4607.649902 0.000000 156.996155 0.000000 0.479994 0.000000 0.877272 0.761528 0.761528 0.761528
4650.937988 0.000000 169.455704 0.000000 0.372864 0.000000 -0.927886 0.840598 0.840598 0.840598
4652.088867 0.000000 186.911194 0.000000 0.837749 0.000000 -0.546055 0.826651 0.826651 0.826651
4617.615234 0.000000 132.021866 0.000000 0.432393 0.000000 0.901685 0.766337 0.766337 0.766337
4633.461914 0.000000 104.796150 0.000000 0.741824 0.000000 0.670594 0.769613 0.769613 0.769613
4650.787109 0.000000 156.325607 0.000000 0.661136 0.000000 -0.750266 0.825927 0.825927 0.825927
4643.726562 0.000000 111.877739 0.000000 0.047685 0.000000 -0.998862 0.852018 0.852018 0.852018
4660.104004 0.000000 127.475647 0.000000 0.002862 0.000000 -0.999996 0.855428 0.855428 0.855428
4653.155273 0.000000 125.674263 0.000000 0.278781 0.000000 -0.960355 0.846314 0.846314 0.846314
4663.624023 0.000000 146.438538 0.000000 0.978843 0.000000 -0.204612 0.808643 0.808643 0.808643
4626.532715 0.000000 107.637863 0.000000 0.682586 0.000000 0.730805 0.766120 0.766120 0.766120
4625.741211 0.000000 100.530197 0.000000 0.811992 0.000000 0.583669 0.769752 0.769752 0.769752
4660.721191 0.000000 114.039185 0.000000 0.233234 0.000000 -0.972421 0.855209 0.855209 0.855209
4655.020020 0.000000 143.010544 0.000000 0.442155 0.000000 0.896939 0.752660 0.752660 0.752660
4608.584473 0.000000 145.527969 0.000000 0.602855 0.000000 0.797851 0.767345 0.767345 0.767345
4628.578613 0.000000 103.924454 0.000000 0.601047 0.000000 -0.799213 0.832735 0.832735 0.832735
4608.595215 0.000000 149.344086 0.000000 0.840294 0.000000 -0.542131 0.821628 0.821628 0.821628
4661.820801 0.000000 119.968903 0.000000 0.958996 0.000000 -0.283419 0.813430 0.813430 0.813430
4644.361328 0.000000 147.385529 0.000000 0.863040 0.000000 0.505135 0.779377 0.779377 0.779377
4620.999512 0.000000 154.018356 0.000000 0.232596 0.000000 -0.972573 0.852034 0.852034 0.852034
4653.731934 0.000000 112.342636 0.000000 0.176801 0.000000 -0.984247 0.861767 0.861767 0.861767
4656.250977 0.000000 162.841034 0.000000 0.986015 0.000000 -0.166657 0.807926 0.807926 0.807926
4643.968750 0.000000 105.240059 0.000000 0.940530 0.000000 -0.339711 0.815161 0.815161 0.815161
4615.742188 0.000000 165.772858 0.000000 0.533446 0.000000 -0.845834 0.844095 0.844095 0.844095
4650.495117 0.000000 105.999512 0.000000 0.098846 0.000000 -0.995103 0.863493 0.863493 0.863493
4646.969238 0.000000 185.259933 0.000000 0.716142 0.000000 0.697955 0.769450 0.769450 0.769450
4615.088379 0.000000 139.908722 0.000000 0.865999 0.000000 0.500045 0.777409 0.777409 0.777409
4657.858398 0.000000 131.589493 0.000000 0.414686 0.000000 -0.909965 0.850688 0.850688 0.850688
4614.779785 0.000000 160.627151 0.000000 0.767240 0.000000 0.641360 0.767042 0.767042 0.767042
4654.268066 0.000000 100.184036 0.000000 0.939648 0.000000 -0.342142 0.815274 0.815274 0.815274
4648.259277 0.000000 149.534286 0.000000 0.549213 0.000000 -0.835683 0.842682 0.842682 0.842682
4661.687988 0.000000 139.457169 0.000000 0.602606 0.000000 0.798039 0.761798 0.761798 0.761798
4659.171387 0.000000 122.026176 0.000000 0.921988 0.000000 0.387219 0.781179 0.781179 0.781179
4611.248535 0.000000 168.223145 0.000000 0.850952 0.000000 -0.525244 0.825513 0.825513 0.825513
4607.627930 0.000000 104.999100 0.000000 0.834246 0.000000 -0.551393 0.825895 0.825895 0.825895
4648.607910 0.000000 109.861099 0.000000 0.107332 0.000000 0.994223 0.732491 0.732491 0.732491
4654.427246 0.000000 170.231628 0.000000 0.029371 0.000000 0.999569 0.725190 0.725190 0.725190
4656.243164 0.000000 102.594345 0.000000 0.682932 0.000000 0.730482 0.760250 0.760250 0.760250
4679.753418 0.000000 142.043610 0.000000 0.568810 0.000000 0.822469 0.792478 0.792478 0.792478
4626.181152 0.000000 207.814972 0.000000 0.435668 0.000000 0.900108 0.797987 0.797987 0.797987
4666.955566 0.000000 262.091919 0.000000 0.002382 0.000000 -0.999997 0.802819 0.802819 0.802819
4618.279297 0.000000 247.128998 0.000000 0.877194 0.000000 -0.480136 0.817104 0.817104 0.817104
4608.602051 0.000000 192.581970 0.000000 0.732345 0.000000 -0.680934 0.831416 0.831416 0.831416
4641.634277 0.000000 259.922302 0.000000 0.519461 0.000000 -0.854494 0.814120 0.814120 0.814120
4660.461426 0.000000 281.320801 0.000000 0.852076 0.000000 -0.523418 0.809242 0.809242 0.809242
4632.457031 0.000000 227.352386 0.000000 0.993649 0.000000 -0.112525 0.802770 0.802770 0.802770
4633.964355 0.000000 246.180130 0.000000 0.753224 0.000000 -0.657764 0.819355 0.819355 0.819355
4661.729492 0.000000 227.168610 0.000000 0.957199 0.000000 0.289431 0.794194 0.794194 0.794194
4607.695312 0.000000 257.298553 0.000000 0.560463 0.000000 -0.828179 0.821634 0.821634 0.821634
4607.761230 0.000000 238.027985 0.000000 0.971792 0.000000 0.235841 0.792439 0.792439 0.792439
4622.834961 0.000000 235.219513 0.000000 0.777529 0.000000 -0.628847 0.826894 0.826894 0.826894
4623.846191 0.000000 219.397034 0.000000 0.915163 0.000000 0.403083 0.789311 0.789311 0.789311
4635.621582 0.000000 269.962799 0.000000 0.549152 0.000000 -0.835723 0.820750 0.820750 0.820750
4645.001953 0.000000 246.934235 0.000000 0.582251 0.000000 0.813009 0.774404 0.774404 0.774404
4627.244629 0.000000 254.281693 0.000000 0.342507 0.000000 -0.939515 0.853415 0.853415 0.853415
4666.129395 0.000000 201.850876 0.000000 0.436338 0.000000 -0.899783 0.817437 0.817437 0.817437
4665.336426 0.000000 251.674179 0.000000 0.587212 0.000000 0.809433 0.788132 0.788132 0.788132
4607.614258 0.000000 218.329300 0.000000 0.605229 0.000000 -0.796051 0.828687 0.828687 0.828687
4660.798340 0.000000 270.732300 0.000000 0.311944 0.000000 -0.950100 0.821782 0.821782 0.821782
4658.467285 0.000000 236.694092 0.000000 0.711919 0.000000 -0.702261 0.811196 0.811196 0.811196
4618.212402 0.000000 202.008240 0.000000 0.721050 0.000000 -0.692883 0.817429 0.817429 0.817429
4614.468750 0.000000 265.183899 0.000000 0.446951 0.000000 0.894558 0.771467 0.771467 0.771467
4640.333984 0.000000 280.005798 0.000000 0.708095 0.000000 -0.706118 0.812683 0.812683 0.812683
4632.615234 0.000000 261.289917 0.000000 0.733532 0.000000 -0.679654 0.819254 0.819254 0.819254
4653.153320 0.000000 229.587738 0.000000 0.888172 0.000000 -0.459512 0.816878 0.816878 0.816878
4618.610840 0.000000 212.717590 0.000000 0.577086 0.000000 -0.816683 0.830920 0.830920 0.830920
4665.406738 0.000000 192.007370 0.000000 0.923926 0.000000 0.382572 0.789885 0.789885 0.789885
4626.367188 0.000000 242.784302 0.000000 0.427010 0.000000 0.904247 0.745853 0.745853 0.745853
4615.812500 0.000000 239.327515 0.000000 0.998732 0.000000 0.050347 0.798551 0.798551 0.798551
4653.156250 0.000000 243.158142 0.000000 0.947518 0.000000 -0.319702 0.813259 0.813259 0.813259
4660.118652 0.000000 257.943237 0.000000 0.449146 0.000000 0.893458 0.772193 0.772193 0.772193
4647.625000 0.000000 255.003967 0.000000 0.538230 0.000000 0.842798 0.772971 0.772971 0.772971
4646.875000 0.000000 265.944855 0.000000 0.001136 0.000000 -0.999999 0.855489 0.855489 0.855489
4616.022949 0.000000 287.407257 0.000000 0.904358 0.000000 -0.426775 0.816380 0.816380 0.816380
4607.569824 0.000000 230.593124 0.000000 0.335021 0.000000 -0.942211 0.834615 0.834615 0.834615
4660.928223 0.000000 244.993652 0.000000 0.277000 0.000000 -0.960870 0.828601 0.828601 0.828601
4640.154297 0.000000 220.077026 0.000000 0.977438 0.000000 -0.211222 0.803188 0.803188 0.803188
4649.351562 0.000000 222.042435 0.000000 0.797794 0.000000 0.602930 0.774408 0.774408 0.774408
4616.421875 0.000000 219.573502 0.000000 0.910624 0.000000 -0.413236 0.818633 0.818633 0.818633
4616.496094 0.000000 194.904312 0.000000 0.103175 0.000000 -0.994663 0.829894 0.829894 0.829894
4641.347168 0.000000 198.779373 0.000000 0.478193 0.000000 0.878255 0.770448 0.770448 0.770448
4616.123535 0.000000 232.640213 0.000000 0.681854 0.000000 -0.731488 0.832939 0.832939 0.832939
4655.114746 0.000000 285.481171 0.000000 0.918463 0.000000 -0.395507 0.814131 0.814131 0.814131
4630.301270 0.000000 220.704941 0.000000 0.029179 0.000000 -0.999574 0.833253 0.833253 0.833253
4620.118164 0.000000 269.472107 0.000000 0.353091 0.000000 -0.935589 0.839872 0.839872 0.839872
4642.994141 0.000000 232.829132 0.000000 0.478043 0.000000 0.878337 0.760805 0.760805 0.760805
4640.812500 0.000000 242.222244 0.000000 0.465440 0.000000 -0.885079 0.824091 0.824091 0.824091
4627.142090 0.000000 214.021317 0.000000 0.831460 0.000000 0.555584 0.793294 0.793294 0.793294
4652.958008 0.000000 269.162537 0.000000 0.286305 0.000000 0.958139 0.747063 0.747063 0.747063
4642.242676 0.000000 270.141205 0.000000 0.897090 0.000000 0.441848 0.789854 0.789854 0.789854
4624.376953 0.000000 248.835358 0.000000 0.993057 0.000000 0.117637 0.794843 0.794843 0.794843
4635.451172 0.000000 276.182220 0.000000 0.027709 0.000000 0.999616 0.770414 0.770414 0.770414
4636.399902 0.000000 284.793701 0.000000 0.235492 0.000000 0.971876 0.781629 0.781629 0.781629
4661.187500 0.000000 264.697174 0.000000 0.979711 0.000000 0.200413 0.796736 0.796736 0.796736
4614.163086 0.000000 271.380066 0.000000 0.888619 0.000000 0.458646 0.783156 0.783156 0.783156
4630.145508 0.000000 267.005066 0.000000 0.715266 0.000000 -0.698852 0.825963 0.825963 0.825963
4633.291504 0.000000 255.089447 0.000000 0.702513 0.000000 0.711671 0.779598 0.779598 0.779598
4653.192383 0.000000 257.115417 0.000000 0.156151 0.000000 -0.987733 0.861848 0.861848 0.861848
4637.761230 0.000000 229.900208 0.000000 0.981445 0.000000 0.191743 0.797110 0.797110 0.797110
4611.674805 0.000000 243.504776 0.000000 0.749272 0.000000 -0.662263 0.809975 0.809975 0.809975
4613.006836 0.000000 259.596985 0.000000 0.200579 0.000000 -0.979678 0.822145 0.822145 0.822145
4617.028320 0.000000 281.633545 0.000000 0.049091 0.000000 0.998794 0.734354 0.734354 0.734354
4656.397461 0.000000 224.462875 0.000000 0.234223 0.000000 0.972183 0.754427 0.754427 0.754427
4608.421387 0.000000 224.875778 0.000000 0.630273 0.000000 0.776373 0.759523 0.759523 0.759523
4621.107422 0.000000 240.599518 0.000000 0.937498 0.000000 -0.347991 0.816398 0.816398 0.816398
4662.964355 0.000000 197.444977 0.000000 0.267742 0.000000 0.963491 0.758725 0.758725 0.758725
4619.409668 0.000000 261.927429 0.000000 0.859747 0.000000 -0.510720 0.814453 0.814453 0.814453
4624.085449 0.000000 258.709656 0.000000 0.979641 0.000000 -0.200759 0.809447 0.809447 0.809447
4628.167969 0.000000 231.441895 0.000000 0.710417 0.000000 0.703781 0.769127 0.769127 0.769127
4650.424316 0.000000 248.101776 0.000000 0.180327 0.000000 -0.983607 0.857445 0.857445 0.857445
4633.855469 0.000000 240.813538 0.000000 0.916008 0.000000 0.401160 0.787881 0.787881 0.787881
4661.365723 0.000000 275.811371 0.000000 0.028232 0.000000 0.999601 0.771348 0.771348 0.771348
4631.091797 0.000000 250.426575 0.000000 0.872527 0.000000 0.488567 0.783484 0.783484 0.783484
4653.388672 0.000000 235.742416 0.000000 0.751140 0.000000 0.660143 0.779696 0.779696 0.779696
4659.836426 0.000000 249.978455 0.000000 0.262632 0.000000 -0.964896 0.839879 0.839879 0.839879
4621.085938 0.000000 208.275696 0.000000 0.936717 0.000000 0.350089 0.792071 0.792071 0.792071
4622.165527 0.000000 253.414520 0.000000 0.346233 0.000000 -0.938148 0.852512 0.852512 0.852512
4611.588867 0.000000 234.756470 0.000000 0.973730 0.000000 -0.227704 0.805093 0.805093 0.805093
4633.105469 0.000000 232.278305 0.000000 0.992822 0.000000 -0.119602 0.803376 0.803376 0.803376
4646.633301 0.000000 197.733978 0.000000 0.830857 0.000000 0.556486 0.782674 0.782674 0.782674
4643.609375 0.000000 238.224777 0.000000 0.749527 0.000000 -0.661974 0.824274 0.824274 0.824274
4645.038086 0.000000 278.281494 0.000000 0.974442 0.000000 0.224641 0.793619 0.793619 0.793619
4611.493652 0.000000 221.112946 0.000000 0.786287 0.000000 0.617861 0.775657 0.775657 0.775657
4620.646484 0.000000 230.709229 0.000000 0.781945 0.000000 0.623347 0.770966 0.770966 0.770966
4645.040527 0.000000 219.877365 0.000000 0.196764 0.000000 0.980451 0.770390 0.770390 0.770390
4608.084473 0.000000 212.701874 0.000000 0.955915 0.000000 -0.293645 0.810000 0.810000 0.810000
4655.968262 0.000000 280.285980 0.000000 0.911945 0.000000 -0.410312 0.815200 0.815200 0.815200
4643.832031 0.000000 282.905853 0.000000 0.998616 0.000000 0.052595 0.798770 0.798770 0.798770
4617.826660 0.000000 251.740906 0.000000 0.496865 0.000000 0.867828 0.772297 0.772297 0.772297
4628.108887 0.000000 261.907104 0.000000 0.975318 0.000000 0.220805 0.791462 0.791462 0.791462
4626.726074 0.000000 223.495712 0.000000 0.225061 0.000000 -0.974345 0.847505 0.847505 0.847505
4627.753906 0.000000 283.930542 0.000000 0.826932 0.000000 -0.562303 0.817175 0.817175 0.817175
4622.818848 0.000000 273.124054 0.000000 0.948417 0.000000 0.317027 0.788209 0.788209 0.788209
4657.128906 0.000000 209.458984 0.000000 0.276025 0.000000 0.961151 0.763640 0.763640 0.763640
4609.057129 0.000000 261.655457 0.000000 0.449585 0.000000 -0.893238 0.832427 0.832427 0.832427
4607.539062 0.000000 196.945297 0.000000 0.477340 0.000000 -0.878719 0.846297 0.846297 0.846297
4628.473145 0.000000 246.765549 0.000000 0.885618 0.000000 0.464415 0.780901 0.780901 0.780901
4622.443848 0.000000 244.801422 0.000000 0.968493 0.000000 0.249040 0.788086 0.788086 0.788086
4632.148438 0.000000 272.626221 0.000000 0.900148 0.000000 -0.435583 0.812692 0.812692 0.812692
4629.885254 0.000000 257.783325 0.000000 0.590514 0.000000 0.807027 0.765114 0.765114 0.765114
4629.802246 0.000000 276.382446 0.000000 0.369358 0.000000 -0.929287 0.841441 0.841441 0.841441
4661.692871 0.000000 253.906250 0.000000 0.365127 0.000000 0.930958 0.769159 0.769159 0.769159
4613.151855 0.000000 204.043533 0.000000 0.952948 0.000000 -0.303135 0.813102 0.813102 0.813102
4648.750977 0.000000 270.001923 0.000000 0.999915 0.000000 -0.013030 0.800539 0.800539 0.800539
4652.093750 0.000000 225.301498 0.000000 0.682957 0.000000 0.730459 0.765650 0.765650 0.765650
4626.102539 0.000000 238.460968 0.000000 0.989941 0.000000 0.141484 0.793706 0.793706 0.793706
4612.319336 0.000000 195.534500 0.000000 0.708007 0.000000 -0.706205 0.825371 0.825371 0.825371
4618.695312 0.000000 235.979645 0.000000 0.847958 0.000000 0.530064 0.774894 0.774894 0.774894
4654.765625 0.000000 201.410080 0.000000 0.966674 0.000000 0.256009 0.788521 0.788521 0.788521
4612.438965 0.000000 230.455505 0.000000 0.639254 0.000000 0.768996 0.774244 0.774244 0.774244
4615.210938 0.000000 198.991104 0.000000 0.437183 0.000000 0.899373 0.765826 0.765826 0.765826
4621.385254 0.000000 279.997406 0.000000 0.965479 0.000000 -0.260481 0.808368 0.808368 0.808368
4656.183105 0.000000 271.822021 0.000000 0.211289 0.000000 0.977424 0.759319 0.759319 0.759319
4651.351074 0.000000 273.163330 0.000000 0.046426 0.000000 0.998922 0.733325 0.733325 0.733325
4651.273438 0.000000 239.489853 0.000000 0.924107 0.000000 0.382133 0.784259 0.784259 0.784259
4614.821777 0.000000 211.142197 0.000000 0.135512 0.000000 0.990776 0.739819 0.739819 0.739819
4630.388184 0.000000 243.139267 0.000000 0.504794 0.000000 0.863240 0.763176 0.763176 0.763176
4647.844727 0.000000 225.876312 0.000000 0.767898 0.000000 -0.640573 0.826661 0.826661 0.826661
4644.597168 0.000000 211.854691 0.000000 0.884664 0.000000 -0.466230 0.816274 0.816274 0.816274
4616.304688 0.000000 243.318405 0.000000 0.756522 0.000000 -0.653968 0.822636 0.822636 0.822636
4610.681641 0.000000 269.358002 0.000000 0.624583 0.000000 -0.780958 0.839199 0.839199 0.839199
4650.323242 0.000000 233.250626 0.000000 0.912225 0.000000 0.409689 0.785331 0.785331 0.785331
4650.937988 0.000000 265.440094 0.000000 0.617809 0.000000 0.786328 0.757170 0.757170 0.757170
4652.088867 0.000000 282.895569 0.000000 0.084531 0.000000 -0.996421 0.861442 0.861442 0.861442
4617.615234 0.000000 228.006256 0.000000 0.930828 0.000000 0.365457 0.783636 0.783636 0.783636
4650.787109 0.000000 252.309998 0.000000 0.135266 0.000000 -0.990809 0.855892 0.855892 0.855892
4643.726562 0.000000 207.862122 0.000000 0.880171 0.000000 0.474657 0.781627 0.781627 0.781627
4615.613770 0.000000 274.974182 0.000000 0.351705 0.000000 -0.936111 0.847180 0.847180 0.847180
4619.143066 0.000000 216.561111 0.000000 0.645221 0.000000 0.763996 0.768742 0.768742 0.768742
4620.145996 0.000000 220.562057 0.000000 0.585259 0.000000 -0.810846 0.831728 0.831728 0.831728
4653.155273 0.000000 221.658646 0.000000 0.771933 0.000000 0.635703 0.770280 0.770280 0.770280
4649.542480 0.000000 212.899521 0.000000 0.312715 0.000000 -0.949847 0.849540 0.849540 0.849540
4628.697266 0.000000 227.768768 0.000000 0.607253 0.000000 -0.794509 0.833010 0.833010 0.833010
4654.894531 0.000000 215.163834 0.000000 0.306045 0.000000 -0.952017 0.854346 0.854346 0.854346
4615.632324 0.000000 223.166550 0.000000 0.914780 0.000000 0.403953 0.782559 0.782559 0.782559
4626.798340 0.000000 234.869690 0.000000 0.977223 0.000000 -0.212216 0.810378 0.810378 0.810378
4646.612793 0.000000 233.430649 0.000000 0.348272 0.000000 -0.937393 0.855331 0.855331 0.855331
4624.314941 0.000000 231.317673 0.000000 0.890203 0.000000 0.455565 0.779878 0.779878 0.779878
4623.037109 0.000000 223.194336 0.000000 0.327644 0.000000 -0.944801 0.847435 0.847435 0.847435
4620.999512 0.000000 250.002747 0.000000 0.827306 0.000000 -0.561752 0.823232 0.823232 0.823232
4651.574707 0.000000 286.656586 0.000000 0.035218 0.000000 0.999380 0.730075 0.730075 0.730075
4650.495117 0.000000 201.983887 0.000000 0.659806 0.000000 -0.751436 0.838208 0.838208 0.838208
4651.699707 0.000000 260.347931 0.000000 0.993757 0.000000 0.111564 0.794775 0.794775 0.794775
4625.518066 0.000000 286.643860 0.000000 0.891297 0.000000 0.453419 0.780262 0.780262 0.780262
4627.623535 0.000000 250.556778 0.000000 0.869807 0.000000 -0.493392 0.822878 0.822878 0.822878
4657.369141 0.000000 192.064941 0.000000 0.719274 0.000000 0.694727 0.766867 0.766867 0.766867
4626.986816 0.000000 266.451660 0.000000 0.731103 0.000000 -0.682267 0.835092 0.835092 0.835092
4619.427734 0.000000 283.862671 0.000000 0.332339 0.000000 -0.943160 0.855364 0.855364 0.855364
4620.783203 0.000000 227.387115 0.000000 0.995257 0.000000 0.097283 0.795738 0.795738 0.795738
4646.521484 0.000000 311.357788 0.000000 0.979571 0.000000 -0.201098 0.805702 0.805702 0.805702
4634.239258 0.000000 311.466949 0.000000 0.869774 0.000000 0.493449 0.792270 0.792270 0.792270
4648.828125 0.000000 288.358856 0.000000 0.434397 0.000000 -0.900721 0.851067 0.851067 0.851067
4640.766602 0.000000 306.369202 0.000000 0.299899 0.000000 0.953971 0.752203 0.752203 0.752203
4653.292969 0.000000 307.806244 0.000000 0.100159 0.000000 0.994971 0.772687 0.772687 0.772687
4640.154297 0.000000 316.061401 0.000000 0.059596 0.000000 -0.998223 0.815393 0.815393 0.815393
4632.724609 0.000000 305.230225 0.000000 0.374152 0.000000 -0.927368 0.832013 0.832013 0.832013
4647.753906 0.000000 304.924988 0.000000 0.101463 0.000000 -0.994839 0.856338 0.856338 0.856338
4651.857910 0.000000 301.263428 0.000000 0.969494 0.000000 -0.245116 0.805787 0.805787 0.805787
4636.261719 0.000000 293.955139 0.000000 0.840820 0.000000 -0.541316 0.818507 0.818507 0.818507
4641.433105 0.000000 311.162354 0.000000 0.531440 0.000000 -0.847096 0.828457 0.828457 0.828457
4653.806152 0.000000 288.438202 0.000000 0.399247 0.000000 0.916843 0.757599 0.757599 0.757599
4627.973633 0.000000 289.472595 0.000000 0.371206 0.000000 -0.928550 0.850645 0.850645 0.850645
4637.136719 0.000000 304.104065 0.000000 0.941121 0.000000 -0.338071 0.811572 0.811572 0.811572
4633.767578 0.000000 289.734680 0.000000 0.208530 0.000000 0.978016 0.758419 0.758419 0.758419
4644.597168 0.000000 307.839081 0.000000 0.256038 0.000000 0.966667 0.744977 0.744977 0.744977
4633.461914 0.000000 296.764923 0.000000 0.965229 0.000000 -0.261406 0.812360 0.812360 0.812360
4643.726562 0.000000 303.846497 0.000000 0.350653 0.000000 0.936505 0.745512 0.745512 0.745512
4625.741211 0.000000 292.498962 0.000000 0.942294 0.000000 -0.334787 0.813295 0.813295 0.813295
4640.137695 0.000000 291.332764 0.000000 0.895726 0.000000 0.444607 0.782884 0.782884 0.782884
4628.578613 0.000000 295.893219 0.000000 0.496295 0.000000 -0.868154 0.844731 0.844731 0.844731
4639.030762 0.000000 297.635254 0.000000 0.739731 0.000000 0.672903 0.765946 0.765946 0.765946
4643.968750 0.000000 297.208832 0.000000 0.331778 0.000000 0.943357 0.749040 0.749040 0.749040
4649.944336 0.000000 291.540497 0.000000 0.815094 0.000000 0.579328 0.774454 0.774454 0.774454
"}
