object={
	name="yucca_01_generator_1_0"
	render_pass=Map
	clamp_to_water_level=no
	generated_content=yes
	layer="grass_layer"
	pdxmesh="yucca_01_tall_grass_mesh"
	count=1183
	transform="2573.592285 0.000000 1907.545898 0.000000 0.500136 0.000000 0.865947 0.824254 0.824254 0.824254
2563.577637 0.000000 1904.897827 0.000000 0.751197 0.000000 0.660078 1.173653 1.173653 1.173653
2560.029541 0.000000 1909.297852 0.000000 0.958013 0.000000 -0.286725 1.409482 1.409482 1.409482
2564.545898 0.000000 1907.743896 0.000000 0.944666 0.000000 -0.328033 1.491995 1.491995 1.491995
2565.538330 0.000000 1905.799072 0.000000 0.936132 0.000000 -0.351650 1.586890 1.586890 1.586890
2559.114258 0.000000 1911.017334 0.000000 0.889554 0.000000 0.456830 1.127547 1.127547 1.127547
2560.894043 0.000000 1911.849121 0.000000 0.974028 0.000000 0.226429 1.127275 1.127275 1.127275
2567.113525 0.000000 1904.896851 0.000000 0.933112 0.000000 -0.359587 1.407440 1.407440 1.407440
2572.697021 0.000000 1906.019653 0.000000 0.171076 0.000000 -0.985258 1.935609 1.935609 1.935609
2563.446533 0.000000 1906.550049 0.000000 0.218629 0.000000 0.975808 0.603151 0.603151 0.603151
2561.807129 0.000000 1909.309204 0.000000 0.873437 0.000000 0.486937 1.108530 1.108530 1.108530
2574.773682 0.000000 1906.586304 0.000000 0.999776 0.000000 -0.021164 1.305564 1.305564 1.305564
2560.978027 0.000000 1910.478271 0.000000 0.587118 0.000000 -0.809502 2.013330 2.013330 2.013330
2560.974365 0.000000 1908.336548 0.000000 0.553572 0.000000 -0.832801 1.670512 1.670512 1.670512
2565.688477 0.000000 1907.093994 0.000000 0.809761 0.000000 -0.586760 1.660213 1.660213 1.660213
2565.242432 0.000000 1904.597534 0.000000 0.258136 0.000000 -0.966109 2.345663 2.345663 2.345663
2564.606445 0.000000 1906.547119 0.000000 0.139226 0.000000 -0.990261 2.122113 2.122113 2.122113
2559.770752 0.000000 1911.942505 0.000000 0.743683 0.000000 -0.668533 1.566165 1.566165 1.566165
2573.770020 0.000000 1906.175415 0.000000 0.427413 0.000000 0.904056 0.786938 0.786938 0.786938
2564.508545 0.000000 1905.453369 0.000000 0.705932 0.000000 -0.708279 1.928383 1.928383 1.928383
2572.608398 0.000000 1907.994141 0.000000 0.102447 0.000000 -0.994738 1.967095 1.967095 1.967095
2575.831787 0.000000 1907.856812 0.000000 0.244132 0.000000 0.969742 0.951893 0.951893 0.951893
2559.875000 0.000000 1910.310791 0.000000 0.889767 0.000000 -0.456414 1.472283 1.472283 1.472283
2562.431396 0.000000 1906.638916 0.000000 0.971653 0.000000 0.236411 1.176838 1.176838 1.176838
2572.714844 0.000000 1907.016724 0.000000 0.061238 0.000000 -0.998123 1.985883 1.985883 1.985883
2566.221680 0.000000 1904.438843 0.000000 0.115778 0.000000 0.993275 0.875071 0.875071 0.875071
2567.997314 0.000000 1905.274536 0.000000 0.890538 0.000000 0.454908 1.162052 1.162052 1.162052
2561.618652 0.000000 1911.279907 0.000000 0.973092 0.000000 -0.230419 1.475824 1.475824 1.475824
2560.921143 0.000000 1909.577026 0.000000 0.999210 0.000000 -0.039749 1.314968 1.314968 1.314968
2560.339600 0.000000 1911.120361 0.000000 0.994452 0.000000 0.105190 1.220307 1.220307 1.220307
2558.350342 0.000000 1910.244019 0.000000 0.998927 0.000000 -0.046323 1.316844 1.316844 1.316844
2564.389893 0.000000 1904.609619 0.000000 0.685708 0.000000 -0.727876 1.950868 1.950868 1.950868
2563.780518 0.000000 1907.336182 0.000000 0.479425 0.000000 -0.877583 1.852570 1.852570 1.852570
2561.840332 0.000000 1910.187134 0.000000 0.997559 0.000000 0.069821 1.247158 1.247158 1.247158
2565.440674 0.000000 1907.904785 0.000000 0.528440 0.000000 0.848971 0.717482 0.717482 0.717482
2625.566162 0.000000 1906.831543 0.000000 0.059290 0.000000 -0.998241 1.574708 1.574708 1.574708
2614.021240 0.000000 1908.116943 0.000000 0.399257 0.000000 0.916839 1.235994 1.235994 1.235994
2612.384521 0.000000 1911.726318 0.000000 0.978155 0.000000 -0.207879 1.390391 1.390391 1.390391
2624.865234 0.000000 1904.172241 0.000000 0.765348 0.000000 -0.643617 1.343117 1.343117 1.343117
2622.197266 0.000000 1902.223511 0.000000 0.012584 0.000000 0.999921 1.173570 1.173570 1.173570
2614.052490 0.000000 1910.275024 0.000000 0.543820 0.000000 -0.839202 1.545626 1.545626 1.545626
2620.661133 0.000000 1903.564209 0.000000 0.432960 0.000000 0.901413 1.095892 1.095892 1.095892
2615.728516 0.000000 1910.641602 0.000000 0.376574 0.000000 0.926386 1.007783 1.007783 1.007783
2626.730469 0.000000 1907.899658 0.000000 0.837696 0.000000 0.546137 1.219371 1.219371 1.219371
2613.921387 0.000000 1911.778076 0.000000 0.773204 0.000000 -0.634158 1.596511 1.596511 1.596511
2621.945068 0.000000 1903.576660 0.000000 0.609729 0.000000 0.792610 1.133686 1.133686 1.133686
2612.858643 0.000000 1910.543457 0.000000 0.608322 0.000000 0.793691 0.904238 0.904238 0.904238
2613.139404 0.000000 1911.333618 0.000000 0.861149 0.000000 -0.508352 1.530188 1.530188 1.530188
2612.086670 0.000000 1910.852539 0.000000 0.358382 0.000000 0.933575 0.780176 0.780176 0.780176
2571.357422 0.000000 1928.198608 0.000000 0.400076 0.000000 -0.916482 1.375244 1.375244 1.375244
2569.976807 0.000000 1969.163452 0.000000 0.994308 0.000000 0.106545 1.280945 1.280945 1.280945
2589.770020 0.000000 1959.806152 0.000000 0.788321 0.000000 0.615264 1.089215 1.089215 1.089215
2557.091309 0.000000 1989.440674 0.000000 0.996636 0.000000 0.081959 1.296538 1.296538 1.296538
2578.182373 0.000000 1941.723145 0.000000 0.674865 0.000000 0.737941 1.240736 1.240736 1.240736
2557.684082 0.000000 1963.777222 0.000000 0.918789 0.000000 -0.394749 1.372436 1.372436 1.372436
2572.965332 0.000000 1989.882446 0.000000 0.018711 0.000000 -0.999825 1.491418 1.491418 1.491418
2580.754150 0.000000 1961.885986 0.000000 0.998585 0.000000 -0.053172 1.330387 1.330387 1.330387
2557.095459 0.000000 1944.992188 0.000000 0.995921 0.000000 -0.090225 1.315248 1.315248 1.315248
2573.092285 0.000000 1965.486328 0.000000 0.611233 0.000000 0.791451 1.178487 1.178487 1.178487
2570.922119 0.000000 1966.875366 0.000000 0.355871 0.000000 0.934535 1.100224 1.100224 1.100224
2557.394287 0.000000 1991.856567 0.000000 0.489325 0.000000 0.872102 1.165896 1.165896 1.165896
2575.399658 0.000000 1990.842529 0.000000 0.012601 0.000000 -0.999921 1.765257 1.765257 1.765257
2559.118652 0.000000 1990.132812 0.000000 0.456259 0.000000 -0.889847 1.841174 1.841174 1.841174
2577.540283 0.000000 1938.344604 0.000000 0.588463 0.000000 0.808524 1.205261 1.205261 1.205261
2561.147217 0.000000 1971.429565 0.000000 0.770397 0.000000 0.637564 1.102552 1.102552 1.102552
2585.151611 0.000000 1935.732178 0.000000 0.711007 0.000000 -0.703184 1.365808 1.365808 1.365808
2557.641602 0.000000 1965.598877 0.000000 0.724065 0.000000 -0.689731 1.631009 1.631009 1.631009
2582.822754 0.000000 1960.918213 0.000000 0.573617 0.000000 -0.819124 1.483803 1.483803 1.483803
2558.441406 0.000000 1970.809448 0.000000 0.622246 0.000000 -0.782822 1.682301 1.682301 1.682301
2589.180664 0.000000 1958.016724 0.000000 0.651737 0.000000 0.758445 1.026174 1.026174 1.026174
2556.052490 0.000000 1990.765503 0.000000 0.960405 0.000000 0.278609 1.264262 1.264262 1.264262
2573.968018 0.000000 1966.865601 0.000000 0.946513 0.000000 -0.322665 1.472739 1.472739 1.472739
2559.268311 0.000000 1991.979370 0.000000 0.618996 0.000000 0.785394 0.854370 0.854370 0.854370
2571.646484 0.000000 1969.013428 0.000000 0.612107 0.000000 0.790775 0.924061 0.924061 0.924061
2556.206543 0.000000 1946.385742 0.000000 0.358562 0.000000 -0.933506 1.823648 1.823648 1.823648
2572.447510 0.000000 1967.013672 0.000000 0.986033 0.000000 0.166548 1.212023 1.212023 1.212023
2559.622803 0.000000 1971.772339 0.000000 0.984971 0.000000 -0.172720 1.373804 1.373804 1.373804
2558.949707 0.000000 1964.733887 0.000000 0.598422 0.000000 -0.801181 1.441749 1.441749 1.441749
2575.060791 0.000000 1940.879028 0.000000 0.011742 0.000000 0.999931 1.102663 1.102663 1.102663
2573.947510 0.000000 1991.000732 0.000000 0.410382 0.000000 -0.911914 1.449024 1.449024 1.449024
2580.730225 0.000000 1960.220215 0.000000 0.794113 0.000000 0.607770 0.926857 0.926857 0.926857
2575.647705 0.000000 1929.338745 0.000000 0.501080 0.000000 0.865401 0.980903 0.980903 0.980903
2572.896240 0.000000 1939.322632 0.000000 0.200730 0.000000 -0.979647 1.557642 1.557642 1.557642
2572.112793 0.000000 1964.455444 0.000000 0.009637 0.000000 -0.999954 1.507737 1.507737 1.507737
2568.565918 0.000000 1968.726196 0.000000 0.902963 0.000000 -0.429719 1.379288 1.379288 1.379288
2556.550537 0.000000 1964.717773 0.000000 0.675105 0.000000 0.737722 0.939169 0.939169 0.939169
2574.736816 0.000000 1989.702271 0.000000 0.176396 0.000000 0.984319 0.902017 0.902017 0.902017
2586.985107 0.000000 1959.905396 0.000000 0.217423 0.000000 -0.976077 1.729897 1.729897 1.729897
2575.069824 0.000000 1926.704590 0.000000 0.204890 0.000000 -0.978785 1.525844 1.525844 1.525844
2572.302002 0.000000 1929.104858 0.000000 0.277244 0.000000 -0.960799 1.731188 1.731188 1.731188
2570.603027 0.000000 1968.077393 0.000000 0.996687 0.000000 -0.081334 1.333561 1.333561 1.333561
2588.521240 0.000000 1959.427368 0.000000 0.509446 0.000000 -0.860503 1.629592 1.629592 1.629592
2559.388916 0.000000 1988.916626 0.000000 0.155658 0.000000 0.987811 1.052097 1.052097 1.052097
2585.055908 0.000000 1921.075684 0.000000 0.923907 0.000000 -0.382616 1.389199 1.389199 1.389199
2574.675537 0.000000 1928.687256 0.000000 0.629800 0.000000 0.776757 1.028633 1.028633 1.028633
2581.633789 0.000000 1960.948730 0.000000 0.464879 0.000000 -0.885374 1.921076 1.921076 1.921076
2575.926270 0.000000 1989.561401 0.000000 0.708773 0.000000 -0.705437 1.523640 1.523640 1.523640
2573.468750 0.000000 1929.584595 0.000000 0.455101 0.000000 -0.890440 1.667152 1.667152 1.667152
2587.211914 0.000000 1921.909668 0.000000 0.492917 0.000000 0.870076 0.693744 0.693744 0.693744
2557.485596 0.000000 1946.461304 0.000000 0.940734 0.000000 -0.339146 1.450478 1.450478 1.450478
2559.864990 0.000000 1990.921753 0.000000 0.900263 0.000000 -0.435347 1.522202 1.522202 1.522202
2586.152832 0.000000 1921.292358 0.000000 0.641174 0.000000 0.767396 0.797484 0.797484 0.797484
2587.855225 0.000000 1920.036743 0.000000 0.168107 0.000000 0.985769 0.494678 0.494678 0.494678
2574.401367 0.000000 1991.934814 0.000000 0.196798 0.000000 -0.980444 1.709872 1.709872 1.709872
2586.250488 0.000000 1920.044922 0.000000 0.456592 0.000000 -0.889676 1.929968 1.929968 1.929968
2586.399414 0.000000 1958.308838 0.000000 0.896738 0.000000 -0.442563 1.445816 1.445816 1.445816
2560.230713 0.000000 1970.889526 0.000000 0.976953 0.000000 0.213453 1.238564 1.238564 1.238564
2577.170166 0.000000 1941.959473 0.000000 0.014429 0.000000 0.999896 0.875699 0.875699 0.875699
2561.846680 0.000000 1970.684326 0.000000 0.651572 0.000000 -0.758587 1.545946 1.545946 1.545946
2558.736084 0.000000 1991.063965 0.000000 0.926508 0.000000 -0.376276 1.490309 1.490309 1.490309
2556.091797 0.000000 1947.353271 0.000000 0.700201 0.000000 -0.713946 1.645795 1.645795 1.645795
2575.364258 0.000000 1939.033691 0.000000 0.778396 0.000000 -0.627774 1.588553 1.588553 1.588553
2558.666260 0.000000 1971.729370 0.000000 0.593432 0.000000 -0.804884 1.697731 1.697731 1.697731
2557.998779 0.000000 1964.684204 0.000000 0.038933 0.000000 -0.999242 1.966201 1.966201 1.966201
2570.839355 0.000000 1969.530762 0.000000 0.984085 0.000000 0.177697 1.226366 1.226366 1.226366
2559.334229 0.000000 1970.548340 0.000000 0.270701 0.000000 0.962664 0.748703 0.748703 0.748703
2572.610107 0.000000 1928.101685 0.000000 0.983600 0.000000 0.180362 1.239375 1.239375 1.239375
2574.836914 0.000000 1938.134766 0.000000 0.514392 0.000000 0.857555 0.861871 0.861871 0.861871
2573.259521 0.000000 1967.454468 0.000000 0.439472 0.000000 -0.898256 1.886649 1.886649 1.886649
2573.187744 0.000000 1966.365112 0.000000 0.985405 0.000000 -0.170227 1.389939 1.389939 1.389939
2580.432373 0.000000 1961.045410 0.000000 0.490187 0.000000 0.871617 0.695378 0.695378 0.695378
2571.616455 0.000000 1969.947021 0.000000 0.294202 0.000000 0.955743 0.775634 0.775634 0.775634
2556.710938 0.000000 1965.519653 0.000000 0.984075 0.000000 -0.177754 1.377718 1.377718 1.377718
2645.948486 0.000000 1954.887451 0.000000 0.525443 0.000000 -0.850829 1.636856 1.636856 1.636856
2607.048096 0.000000 2011.669800 0.000000 0.851585 0.000000 0.524216 1.296418 1.296418 1.296418
2644.337158 0.000000 1985.662109 0.000000 0.000113 0.000000 1.000000 0.173415 0.173415 0.173415
2625.031250 0.000000 1969.941040 0.000000 0.595509 0.000000 0.803348 0.815563 0.815563 0.815563
2609.770508 0.000000 2006.074219 0.000000 0.992131 0.000000 -0.125206 1.324038 1.324038 1.324038
2655.143799 0.000000 2006.549683 0.000000 0.878768 0.000000 0.477250 1.282238 1.282238 1.282238
2647.283447 0.000000 1988.468262 0.000000 0.501114 0.000000 0.865381 1.021650 1.021650 1.021650
2640.469727 0.000000 1986.544312 0.000000 0.472014 0.000000 0.881591 0.795622 0.795622 0.795622
2642.077148 0.000000 1955.292725 0.000000 0.982661 0.000000 -0.185412 1.319368 1.319368 1.319368
2606.733398 0.000000 2004.744263 0.000000 0.756959 0.000000 -0.653462 1.672117 1.672117 1.672117
2609.233643 0.000000 2009.401367 0.000000 0.604865 0.000000 -0.796328 2.062390 2.062390 2.062390
2662.453857 0.000000 2010.007812 0.000000 0.999715 0.000000 0.023862 1.296824 1.296824 1.296824
2620.291016 0.000000 1961.040527 0.000000 0.368700 0.000000 -0.929549 1.799553 1.799553 1.799553
2626.697754 0.000000 1945.760376 0.000000 0.185763 0.000000 0.982594 0.504983 0.504983 0.504983
2652.201660 0.000000 2007.041260 0.000000 0.406826 0.000000 -0.913506 1.408409 1.408409 1.408409
2625.087402 0.000000 1966.485229 0.000000 0.693906 0.000000 -0.720066 1.511333 1.511333 1.511333
2644.957520 0.000000 1989.882446 0.000000 0.665274 0.000000 -0.746599 1.436788 1.436788 1.436788
2639.674805 0.000000 1971.933472 0.000000 0.396884 0.000000 0.917869 0.764166 0.764166 0.764166
2653.187988 0.000000 2004.596558 0.000000 0.936164 0.000000 -0.351564 1.350134 1.350134 1.350134
2642.116699 0.000000 1984.838867 0.000000 0.871185 0.000000 -0.490955 1.336642 1.336642 1.336642
2651.940918 0.000000 2014.832520 0.000000 0.785731 0.000000 0.618568 1.265368 1.265368 1.265368
2607.906982 0.000000 2007.524658 0.000000 0.994955 0.000000 -0.100327 1.316634 1.316634 1.316634
2642.757324 0.000000 1987.312256 0.000000 0.838820 0.000000 0.544409 1.199107 1.199107 1.199107
2634.821777 0.000000 2012.395142 0.000000 0.997596 0.000000 -0.069302 1.318458 1.318458 1.318458
2646.448242 0.000000 1986.465210 0.000000 0.091950 0.000000 0.995764 0.421748 0.421748 0.421748
2620.159668 0.000000 1958.855835 0.000000 0.997584 0.000000 -0.069477 1.319408 1.319408 1.319408
2615.525635 0.000000 1938.543213 0.000000 0.689521 0.000000 0.724265 1.218508 1.218508 1.218508
2606.793945 0.000000 2009.546143 0.000000 0.765907 0.000000 0.642951 1.141346 1.141346 1.141346
2603.626221 0.000000 1956.731934 0.000000 0.845301 0.000000 0.534290 1.031080 1.031080 1.031080
2604.827393 0.000000 2005.667969 0.000000 0.821710 0.000000 0.569906 1.238990 1.238990 1.238990
2644.742920 0.000000 1987.749512 0.000000 0.971390 0.000000 -0.237489 1.430739 1.430739 1.430739
2621.931152 0.000000 1959.711304 0.000000 0.338677 0.000000 -0.940903 1.641995 1.641995 1.641995
2644.079346 0.000000 1955.491333 0.000000 0.989645 0.000000 0.143539 1.252318 1.252318 1.252318
2661.154541 0.000000 2014.920654 0.000000 0.970830 0.000000 -0.239770 1.362081 1.362081 1.362081
2618.476318 0.000000 1961.535522 0.000000 0.521084 0.000000 -0.853505 1.382978 1.382978 1.382978
2645.578125 0.000000 1952.704834 0.000000 0.925510 0.000000 -0.378724 1.565989 1.565989 1.565989
2663.402588 0.000000 2011.739136 0.000000 0.989718 0.000000 0.143034 1.280902 1.280902 1.280902
2625.816650 0.000000 1968.165283 0.000000 0.161234 0.000000 -0.986916 2.031593 2.031593 2.031593
2631.895508 0.000000 1944.490479 0.000000 0.308383 0.000000 -0.951262 1.638689 1.638689 1.638689
2653.875977 0.000000 2007.854248 0.000000 0.908654 0.000000 -0.417549 1.340542 1.340542 1.340542
2640.754150 0.000000 1970.506470 0.000000 0.904207 0.000000 0.427094 1.153919 1.153919 1.153919
2616.869141 0.000000 1939.783081 0.000000 0.703828 0.000000 0.710370 1.146158 1.146158 1.146158
2633.918945 0.000000 1974.220947 0.000000 0.866279 0.000000 -0.499561 1.461282 1.461282 1.461282
2635.923096 0.000000 1974.592041 0.000000 0.995772 0.000000 0.091857 1.254323 1.254323 1.254323
2624.141846 0.000000 1968.312378 0.000000 0.996747 0.000000 0.080588 1.258107 1.258107 1.258107
2634.750244 0.000000 2015.655884 0.000000 0.648082 0.000000 -0.761570 1.673696 1.673696 1.673696
2608.435791 0.000000 2010.845947 0.000000 0.919379 0.000000 -0.393374 1.418094 1.418094 1.418094
2628.198730 0.000000 1946.385742 0.000000 0.907883 0.000000 -0.419223 1.384238 1.384238 1.384238
2606.825195 0.000000 2006.371094 0.000000 0.962167 0.000000 -0.272462 1.345676 1.345676 1.345676
2607.028564 0.000000 1955.403320 0.000000 0.765168 0.000000 -0.643830 1.517941 1.517941 1.517941
2617.655518 0.000000 1938.405029 0.000000 0.133802 0.000000 -0.991008 1.579749 1.579749 1.579749
2605.328857 0.000000 1956.634521 0.000000 0.629248 0.000000 0.777205 1.198878 1.198878 1.198878
2663.075439 0.000000 2013.722168 0.000000 0.703134 0.000000 0.711058 1.184476 1.184476 1.184476
2635.273438 0.000000 1978.466309 0.000000 0.564610 0.000000 0.825358 0.871483 0.871483 0.871483
2645.811523 0.000000 1988.710693 0.000000 0.070221 0.000000 0.997531 1.056502 1.056502 1.056502
2608.280273 0.000000 2006.110718 0.000000 0.360354 0.000000 -0.932816 1.530194 1.530194 1.530194
2624.344971 0.000000 1943.850464 0.000000 0.201546 0.000000 0.979479 0.785029 0.785029 0.785029
2638.741211 0.000000 1970.647583 0.000000 0.478557 0.000000 0.878057 0.806054 0.806054 0.806054
2634.551514 0.000000 2013.747559 0.000000 0.962471 0.000000 -0.271385 1.373142 1.373142 1.373142
2630.450439 0.000000 1944.785889 0.000000 0.276060 0.000000 0.961140 0.952205 0.952205 0.952205
2635.409424 0.000000 1951.913696 0.000000 0.517234 0.000000 -0.855844 1.740052 1.740052 1.740052
2641.804199 0.000000 1986.158569 0.000000 0.486140 0.000000 -0.873881 1.796857 1.796857 1.796857
2645.715576 0.000000 1985.260498 0.000000 0.186184 0.000000 0.982515 0.307659 0.307659 0.307659
2607.977295 0.000000 2008.880859 0.000000 0.137319 0.000000 0.990527 0.974433 0.974433 0.974433
2602.357666 0.000000 1957.125366 0.000000 0.881675 0.000000 -0.471857 1.534440 1.534440 1.534440
2646.729004 0.000000 1989.702271 0.000000 0.446488 0.000000 0.894790 1.005136 1.005136 1.005136
2636.341309 0.000000 1948.372314 0.000000 0.758062 0.000000 -0.652182 1.461406 1.461406 1.461406
2609.218750 0.000000 2007.338745 0.000000 0.998914 0.000000 -0.046585 1.308924 1.308924 1.308924
2606.804443 0.000000 2008.211060 0.000000 0.245649 0.000000 -0.969359 1.600477 1.600477 1.600477
2614.452881 0.000000 1937.762451 0.000000 0.958974 0.000000 0.283493 1.247759 1.247759 1.247759
2631.763672 0.000000 1947.182861 0.000000 0.888138 0.000000 -0.459576 1.468927 1.468927 1.468927
2632.684082 0.000000 1974.500366 0.000000 0.229371 0.000000 -0.973339 1.712958 1.712958 1.712958
2638.183105 0.000000 1971.899170 0.000000 0.564141 0.000000 -0.825678 1.747684 1.747684 1.747684
2644.722412 0.000000 1984.305420 0.000000 0.297185 0.000000 -0.954820 2.210239 2.210239 2.210239
2630.520020 0.000000 1947.540039 0.000000 0.536998 0.000000 0.843584 0.944852 0.944852 0.944852
2627.833252 0.000000 1945.119385 0.000000 0.421027 0.000000 -0.907048 1.952707 1.952707 1.952707
2645.022949 0.000000 1954.073242 0.000000 0.657191 0.000000 -0.753724 1.582614 1.582614 1.582614
2606.133301 0.000000 1954.465454 0.000000 0.820619 0.000000 0.571475 1.110472 1.110472 1.110472
2645.191895 0.000000 1986.603271 0.000000 0.895309 0.000000 -0.445445 1.551725 1.551725 1.551725
2635.823730 0.000000 2013.112183 0.000000 0.876880 0.000000 -0.480709 1.433455 1.433455 1.433455
2641.253906 0.000000 1971.604980 0.000000 0.516048 0.000000 0.856560 0.959501 0.959501 0.959501
2646.023438 0.000000 1987.561890 0.000000 0.220271 0.000000 0.975439 0.498966 0.498966 0.498966
2621.343262 0.000000 1958.656616 0.000000 0.473405 0.000000 0.880845 0.999214 0.999214 0.999214
2633.535400 0.000000 1975.412964 0.000000 0.582660 0.000000 -0.812716 1.592537 1.592537 1.592537
2636.126709 0.000000 1949.507080 0.000000 0.232404 0.000000 -0.972619 1.603576 1.603576 1.603576
2634.497559 0.000000 1951.034790 0.000000 0.890834 0.000000 -0.454329 1.502045 1.502045 1.502045
2647.918457 0.000000 1989.561401 0.000000 0.404236 0.000000 -0.914655 1.607290 1.607290 1.607290
2637.560059 0.000000 1950.650879 0.000000 0.953126 0.000000 -0.302572 1.554398 1.554398 1.554398
2620.669678 0.000000 1959.957275 0.000000 0.957182 0.000000 0.289488 1.218027 1.218027 1.218027
2662.262207 0.000000 2014.578491 0.000000 0.575995 0.000000 0.817453 0.681931 0.681931 0.681931
2631.621582 0.000000 1945.597046 0.000000 0.951211 0.000000 -0.308540 1.384492 1.384492 1.384492
2611.408203 0.000000 1936.038940 0.000000 0.002272 0.000000 0.999997 0.307320 0.307320 0.307320
2647.115723 0.000000 1987.373291 0.000000 0.898773 0.000000 0.438414 1.030455 1.030455 1.030455
2624.233154 0.000000 1967.180420 0.000000 0.045699 0.000000 0.998955 0.899077 0.899077 0.899077
2616.144287 0.000000 1936.194946 0.000000 0.991586 0.000000 -0.129451 1.345081 1.345081 1.345081
2607.674805 0.000000 2004.209229 0.000000 0.993616 0.000000 -0.112813 1.359074 1.359074 1.359074
2626.821045 0.000000 1942.946777 0.000000 0.040186 0.000000 -0.999192 2.129586 2.129586 2.129586
2645.141357 0.000000 1955.701416 0.000000 0.369311 0.000000 -0.929306 1.694777 1.694777 1.694777
2624.602295 0.000000 1942.640991 0.000000 0.864511 0.000000 0.502614 1.101738 1.101738 1.101738
2628.363525 0.000000 1944.203613 0.000000 0.976835 0.000000 -0.213995 1.478483 1.478483 1.478483
2621.291504 0.000000 1961.438843 0.000000 0.971052 0.000000 0.238868 1.199016 1.199016 1.199016
2641.638916 0.000000 1951.712402 0.000000 0.847901 0.000000 0.530154 0.837548 0.837548 0.837548
2643.265137 0.000000 1951.195923 0.000000 0.929905 0.000000 -0.367800 1.428352 1.428352 1.428352
2641.667969 0.000000 1987.206177 0.000000 0.930953 0.000000 -0.365139 1.474689 1.474689 1.474689
2607.616211 0.000000 2005.292236 0.000000 0.550494 0.000000 0.834839 0.783826 0.783826 0.783826
2641.317139 0.000000 1953.011963 0.000000 0.678670 0.000000 -0.734443 1.524872 1.524872 1.524872
2625.020752 0.000000 1968.899658 0.000000 0.840043 0.000000 -0.542520 1.597774 1.597774 1.597774
2608.950439 0.000000 2008.353760 0.000000 0.257682 0.000000 0.966230 0.215693 0.215693 0.215693
2644.676514 0.000000 1952.192505 0.000000 0.435516 0.000000 0.900181 0.532894 0.532894 0.532894
2634.144775 0.000000 1977.093140 0.000000 0.412662 0.000000 0.910884 0.972862 0.972862 0.972862
2626.649658 0.000000 1944.691528 0.000000 0.846223 0.000000 -0.532829 1.622809 1.622809 1.622809
2607.154297 0.000000 1954.368652 0.000000 0.814132 0.000000 -0.580680 1.493037 1.493037 1.493037
2639.702881 0.000000 1970.267822 0.000000 0.846563 0.000000 -0.532288 1.558683 1.558683 1.558683
2617.903320 0.000000 1937.387207 0.000000 0.093242 0.000000 0.995643 0.786937 0.786937 0.786937
2602.806152 0.000000 1956.129639 0.000000 0.991939 0.000000 0.126716 1.239382 1.239382 1.239382
2624.056641 0.000000 1969.493652 0.000000 0.990338 0.000000 0.138676 1.227755 1.227755 1.227755
2641.811768 0.000000 1970.271973 0.000000 0.994670 0.000000 0.103113 1.265804 1.265804 1.265804
2611.999268 0.000000 1937.929443 0.000000 0.995465 0.000000 -0.095131 1.360297 1.360297 1.360297
2634.359375 0.000000 2014.720825 0.000000 0.005262 0.000000 0.999986 0.624232 0.624232 0.624232
2635.547607 0.000000 1975.491455 0.000000 0.799232 0.000000 0.601023 0.979826 0.979826 0.979826
2626.286377 0.000000 1943.758911 0.000000 0.012226 0.000000 -0.999925 2.144746 2.144746 2.144746
2636.493896 0.000000 1950.560547 0.000000 0.435515 0.000000 0.900181 0.372928 0.372928 0.372928
2634.777100 0.000000 1974.893311 0.000000 0.606170 0.000000 -0.795335 1.756620 1.756620 1.756620
2629.966797 0.000000 1945.598633 0.000000 0.943517 0.000000 -0.331325 1.579488 1.579488 1.579488
2663.410889 0.000000 2014.651245 0.000000 0.639464 0.000000 -0.768821 1.866414 1.866414 1.866414
2635.615723 0.000000 2015.314453 0.000000 0.482723 0.000000 -0.875773 1.760589 1.760589 1.760589
2640.055176 0.000000 1971.110352 0.000000 0.982829 0.000000 0.184517 1.238565 1.238565 1.238565
2644.766357 0.000000 1953.187500 0.000000 0.674231 0.000000 0.738520 0.731015 0.731015 0.731015
2642.582031 0.000000 1951.802124 0.000000 0.276478 0.000000 0.961020 0.860167 0.860167 0.860167
2643.036133 0.000000 1953.269409 0.000000 0.894787 0.000000 -0.446493 1.683051 1.683051 1.683051
2635.531006 0.000000 1979.310181 0.000000 0.188686 0.000000 0.982037 0.690453 0.690453 0.690453
2625.217529 0.000000 1943.720337 0.000000 0.702758 0.000000 0.711429 1.002005 1.002005 1.002005
2621.392334 0.000000 1960.477173 0.000000 0.958721 0.000000 0.284349 1.179286 1.179286 1.179286
2647.871826 0.000000 1987.808594 0.000000 0.943542 0.000000 -0.331253 1.500529 1.500529 1.500529
2640.672852 0.000000 1987.385010 0.000000 0.255362 0.000000 0.966846 0.686563 0.686563 0.686563
2610.647705 0.000000 1936.470337 0.000000 0.368763 0.000000 -0.929523 2.055095 2.055095 2.055095
2620.423096 0.000000 1961.905396 0.000000 0.447483 0.000000 0.894292 0.836595 0.836595 0.836595
2628.874268 0.000000 1945.856079 0.000000 0.982807 0.000000 -0.184636 1.453688 1.453688 1.453688
2634.649170 0.000000 1979.077515 0.000000 0.981450 0.000000 0.191720 1.214849 1.214849 1.214849
2610.275635 0.000000 1937.391724 0.000000 0.701337 0.000000 -0.712830 1.802202 1.802202 1.802202
2608.564941 0.000000 2009.902100 0.000000 0.759672 0.000000 -0.650306 1.885935 1.885935 1.885935
2626.003662 0.000000 1945.279907 0.000000 0.781190 0.000000 0.624293 0.912687 0.912687 0.912687
2625.700439 0.000000 1969.375122 0.000000 0.180182 0.000000 0.983633 0.578393 0.578393 0.578393
2627.515137 0.000000 1945.899902 0.000000 0.573343 0.000000 0.819316 0.748398 0.748398 0.748398
2638.917969 0.000000 1971.464478 0.000000 0.438455 0.000000 -0.898753 1.814746 1.814746 1.814746
2609.773438 0.000000 2008.341797 0.000000 0.720371 0.000000 -0.693589 1.934326 1.934326 1.934326
2629.280029 0.000000 1944.219604 0.000000 0.216225 0.000000 -0.976344 2.419626 2.419626 2.419626
2641.521973 0.000000 1950.403076 0.000000 0.312561 0.000000 -0.949898 2.336914 2.336914 2.336914
2665.400146 0.000000 2011.100342 0.000000 0.723920 0.000000 -0.689884 1.381540 1.381540 1.381540
2663.854248 0.000000 2013.562500 0.000000 0.111064 0.000000 0.993813 1.086842 1.086842 1.086842
2665.636230 0.000000 2012.930664 0.000000 0.417929 0.000000 -0.908480 1.433153 1.433153 1.433153
2665.131104 0.000000 2014.903198 0.000000 0.840419 0.000000 0.541938 1.234941 1.234941 1.234941
2663.726074 0.000000 2014.967285 0.000000 0.456117 0.000000 -0.889920 2.008614 2.008614 2.008614
2657.719482 0.000000 2018.254272 0.000000 0.311083 0.000000 -0.950383 1.470998 1.470998 1.470998
2627.699219 0.000000 2017.426270 0.000000 0.944323 0.000000 0.329019 1.199894 1.199894 1.199894
2654.495850 0.000000 2016.021484 0.000000 0.707517 0.000000 -0.706696 1.623486 1.623486 1.623486
2634.162842 0.000000 2019.259399 0.000000 0.103342 0.000000 0.994646 1.257142 1.257142 1.257142
2641.587891 0.000000 2015.768188 0.000000 0.859423 0.000000 0.511266 1.286066 1.286066 1.286066
2652.026123 0.000000 2017.360718 0.000000 0.953233 0.000000 0.302235 1.159495 1.159495 1.159495
2655.178955 0.000000 2019.400269 0.000000 0.999826 0.000000 0.018641 1.297761 1.297761 1.297761
2625.055420 0.000000 2016.401001 0.000000 0.412929 0.000000 -0.910763 1.627054 1.627054 1.627054
2660.312012 0.000000 2018.345337 0.000000 0.711448 0.000000 -0.702739 1.340464 1.340464 1.340464
2659.040527 0.000000 2016.692383 0.000000 0.760715 0.000000 -0.649086 1.657641 1.657641 1.657641
2655.878418 0.000000 2017.515259 0.000000 0.628996 0.000000 0.777408 0.932939 0.932939 0.932939
2622.841797 0.000000 2017.839844 0.000000 0.495998 0.000000 0.868324 0.996183 0.996183 0.996183
2650.227295 0.000000 2017.395020 0.000000 0.590814 0.000000 0.806807 0.858235 0.858235 0.858235
2641.500732 0.000000 2017.540649 0.000000 0.999357 0.000000 0.035864 1.295809 1.295809 1.295809
2625.587646 0.000000 2017.907959 0.000000 0.475632 0.000000 0.879644 0.992942 0.992942 0.992942
2629.281494 0.000000 2017.302368 0.000000 0.474833 0.000000 0.880076 1.128880 1.128880 1.128880
2663.064941 0.000000 2016.190430 0.000000 0.157601 0.000000 0.987503 1.107455 1.107455 1.107455
2658.958252 0.000000 2019.149536 0.000000 0.672967 0.000000 -0.739672 1.413491 1.413491 1.413491
2652.875977 0.000000 2016.136597 0.000000 0.608648 0.000000 -0.793440 1.719379 1.719379 1.719379
2661.168945 0.000000 2017.151245 0.000000 0.952594 0.000000 -0.304245 1.481604 1.481604 1.481604
2628.325684 0.000000 2016.088989 0.000000 0.879941 0.000000 -0.475083 1.378729 1.378729 1.378729
2624.208984 0.000000 2017.583740 0.000000 0.995944 0.000000 -0.089969 1.325730 1.325730 1.325730
2655.863525 0.000000 2016.151611 0.000000 0.712943 0.000000 0.701222 0.979691 0.979691 0.979691
2626.470703 0.000000 2016.953979 0.000000 0.299953 0.000000 0.953954 0.921943 0.921943 0.921943
2627.761963 0.000000 2019.416260 0.000000 0.760598 0.000000 -0.649223 1.682957 1.682957 1.682957
2657.048096 0.000000 2017.060059 0.000000 0.912212 0.000000 -0.409718 1.409606 1.409606 1.409606
2637.406982 0.000000 2019.249756 0.000000 0.994825 0.000000 -0.101604 1.322462 1.322462 1.322462
2654.752197 0.000000 2017.152344 0.000000 0.346164 0.000000 0.938174 0.798246 0.798246 0.798246
2659.204102 0.000000 2017.894043 0.000000 0.417161 0.000000 -0.908833 1.877423 1.877423 1.877423
2661.946045 0.000000 2016.023438 0.000000 0.842806 0.000000 -0.538218 1.633853 1.633853 1.633853
2626.779053 0.000000 2018.146240 0.000000 0.926944 0.000000 0.375199 1.091541 1.091541 1.091541
2653.634277 0.000000 2016.972900 0.000000 0.730151 0.000000 -0.683286 1.644244 1.644244 1.644244
2625.368164 0.000000 2019.533691 0.000000 0.732470 0.000000 0.680799 0.976755 0.976755 0.976755
2623.036621 0.000000 2016.704956 0.000000 0.709643 0.000000 -0.704561 1.525825 1.525825 1.525825
2660.083008 0.000000 2017.200684 0.000000 0.762572 0.000000 -0.646903 1.713272 1.713272 1.713272
2658.145020 0.000000 2017.276733 0.000000 0.765467 0.000000 -0.643476 1.653919 1.653919 1.653919
2651.103516 0.000000 2016.835205 0.000000 0.999725 0.000000 0.023464 1.288957 1.288957 1.288957
2659.847412 0.000000 2016.021118 0.000000 0.704238 0.000000 -0.709964 1.699697 1.699697 1.699697
2658.242676 0.000000 2016.029297 0.000000 0.753906 0.000000 0.656982 0.937080 0.937080 0.937080
2652.826660 0.000000 2017.972656 0.000000 0.210563 0.000000 0.977580 0.678260 0.678260 0.678260
2650.374512 0.000000 2016.253662 0.000000 0.231081 0.000000 0.972935 0.670523 0.670523 0.670523
2652.005127 0.000000 2016.443726 0.000000 0.938402 0.000000 -0.345546 1.461457 1.461457 1.461457
2625.752441 0.000000 2018.769287 0.000000 0.925125 0.000000 -0.379663 1.468100 1.468100 1.468100
2624.808350 0.000000 2018.325684 0.000000 0.927472 0.000000 0.373893 1.134589 1.134589 1.134589
2652.785156 0.000000 2016.945801 0.000000 0.463826 0.000000 -0.885927 1.798111 1.798111 1.798111
2660.505615 0.000000 2016.505249 0.000000 0.527510 0.000000 0.849549 0.703674 0.703674 0.703674
2624.666016 0.000000 2019.992676 0.000000 0.820500 0.000000 0.571646 1.037334 1.037334 1.037334
2627.220459 0.000000 2018.822510 0.000000 0.919355 0.000000 -0.393429 1.519162 1.519162 1.519162
2663.720703 0.000000 2015.828735 0.000000 0.162397 0.000000 -0.986725 2.209158 2.209158 2.209158
3439.949707 0.000000 2035.734497 0.000000 0.484593 0.000000 -0.874740 1.324193 1.324193 1.324193
3450.925537 0.000000 2032.642700 0.000000 0.978115 0.000000 -0.208067 1.303401 1.303401 1.303401
3429.425781 0.000000 2035.525146 0.000000 0.850776 0.000000 -0.525529 1.305387 1.305387 1.305387
3444.819092 0.000000 2031.662354 0.000000 0.666477 0.000000 0.745525 1.286347 1.286347 1.286347
3434.879150 0.000000 2037.705566 0.000000 0.135207 0.000000 -0.990817 1.341921 1.341921 1.341921
3454.063721 0.000000 2029.233154 0.000000 0.780535 0.000000 0.625112 1.289042 1.289042 1.289042
3431.027344 0.000000 2038.867065 0.000000 0.702487 0.000000 0.711697 1.256307 1.256307 1.256307
3436.854248 0.000000 2033.726807 0.000000 0.743626 0.000000 -0.668595 1.316637 1.316637 1.316637
3432.234863 0.000000 2036.099609 0.000000 0.201746 0.000000 -0.979438 1.348826 1.348826 1.348826
3515.575684 0.000000 1969.279785 0.000000 0.456709 0.000000 0.889616 1.296441 1.296441 1.296441
3502.776855 0.000000 1979.103027 0.000000 0.974784 0.000000 0.223150 1.296348 1.296348 1.296348
3509.053223 0.000000 1972.712524 0.000000 0.822375 0.000000 0.568946 1.280357 1.280357 1.280357
3520.782715 0.000000 1966.668945 0.000000 0.217521 0.000000 -0.976056 1.326318 1.326318 1.326318
3507.961426 0.000000 1977.697266 0.000000 0.975121 0.000000 -0.221674 1.305804 1.305804 1.305804
3513.912109 0.000000 1974.094971 0.000000 0.879990 0.000000 -0.474991 1.309638 1.309638 1.309638
3509.818115 0.000000 1981.625122 0.000000 0.999603 0.000000 0.028162 1.299543 1.299543 1.299543
3525.923828 0.000000 1969.220215 0.000000 0.431216 0.000000 0.902249 1.278094 1.278094 1.278094
3518.968506 0.000000 1969.617432 0.000000 0.926109 0.000000 -0.377257 1.313810 1.313810 1.313810
3535.929688 0.000000 1967.046387 0.000000 0.647878 0.000000 -0.761744 1.314053 1.314053 1.314053
3531.791748 0.000000 1971.223633 0.000000 0.111787 0.000000 -0.993732 1.318938 1.318938 1.318938
3531.733154 0.000000 1966.828491 0.000000 0.609817 0.000000 0.792542 1.279213 1.279213 1.279213
3528.701660 0.000000 1969.231201 0.000000 0.464339 0.000000 0.885658 1.268223 1.268223 1.268223
3803.544434 0.000000 2257.232910 0.000000 0.564336 0.000000 0.825545 1.293696 1.293696 1.293696
3781.095459 0.000000 2262.606445 0.000000 0.510285 0.000000 -0.860005 1.303360 1.303360 1.303360
3763.572021 0.000000 2288.314209 0.000000 0.619370 0.000000 0.785099 1.206233 1.206233 1.206233
3807.653809 0.000000 2265.694092 0.000000 0.537452 0.000000 -0.843294 1.313026 1.313026 1.313026
3772.493896 0.000000 2300.465820 0.000000 0.086779 0.000000 -0.996228 1.348160 1.348160 1.348160
3797.281006 0.000000 2280.369385 0.000000 0.987390 0.000000 -0.158304 1.308771 1.308771 1.308771
3766.239502 0.000000 2282.677246 0.000000 0.979483 0.000000 0.201526 1.296707 1.296707 1.296707
3813.545166 0.000000 2294.906006 0.000000 0.608101 0.000000 -0.793860 1.308930 1.308930 1.308930
3813.516357 0.000000 2300.990479 0.000000 0.160682 0.000000 0.987006 1.263406 1.263406 1.263406
3786.517822 0.000000 2263.773926 0.000000 0.138384 0.000000 -0.990379 1.485899 1.485899 1.485899
3795.930176 0.000000 2265.650635 0.000000 0.992593 0.000000 -0.121490 1.326088 1.326088 1.326088
3792.363281 0.000000 2262.366943 0.000000 0.802836 0.000000 0.596200 1.264757 1.264757 1.264757
3801.014404 0.000000 2283.937500 0.000000 0.505297 0.000000 -0.862945 1.323652 1.323652 1.323652
3793.843994 0.000000 2257.116699 0.000000 0.122101 0.000000 0.992518 1.163678 1.163678 1.163678
3793.486816 0.000000 2283.113525 0.000000 0.814643 0.000000 -0.579963 1.336143 1.336143 1.336143
3768.241943 0.000000 2288.298340 0.000000 0.865327 0.000000 0.501207 1.250588 1.250588 1.250588
3765.896240 0.000000 2292.054443 0.000000 0.929343 0.000000 -0.369217 1.311046 1.311046 1.311046
3797.786865 0.000000 2269.578369 0.000000 0.997698 0.000000 -0.067811 1.307709 1.307709 1.307709
3788.182617 0.000000 2298.567627 0.000000 0.995038 0.000000 -0.099493 1.304852 1.304852 1.304852
3786.880859 0.000000 2267.982178 0.000000 0.680228 0.000000 0.733001 1.281309 1.281309 1.281309
3805.333984 0.000000 2269.074463 0.000000 0.017482 0.000000 -0.999847 1.330248 1.330248 1.330248
3783.453613 0.000000 2265.997314 0.000000 0.621585 0.000000 0.783346 1.276631 1.276631 1.276631
3791.113525 0.000000 2254.666992 0.000000 0.446737 0.000000 -0.894666 1.436610 1.436610 1.436610
3799.251221 0.000000 2264.451904 0.000000 0.290305 0.000000 -0.956934 1.349705 1.349705 1.349705
3784.353027 0.000000 2261.190674 0.000000 0.200320 0.000000 0.979731 1.180026 1.180026 1.180026
3806.937256 0.000000 2257.570801 0.000000 0.898463 0.000000 -0.439050 1.359009 1.359009 1.359009
3800.724121 0.000000 2280.742188 0.000000 0.991194 0.000000 -0.132417 1.307758 1.307758 1.307758
3809.578125 0.000000 2262.982422 0.000000 0.235345 0.000000 0.971912 1.170190 1.170190 1.170190
3765.667480 0.000000 2285.972168 0.000000 0.571566 0.000000 -0.820556 1.343728 1.343728 1.343728
3768.693115 0.000000 2284.686523 0.000000 0.706924 0.000000 -0.707289 1.343348 1.343348 1.343348
3810.642334 0.000000 2266.564941 0.000000 0.410076 0.000000 -0.912051 1.449068 1.449068 1.449068
3789.414307 0.000000 2263.154053 0.000000 0.352440 0.000000 -0.935834 1.351078 1.351078 1.351078
3797.741455 0.000000 2283.495850 0.000000 0.718435 0.000000 0.695594 1.255061 1.255061 1.255061
3810.321289 0.000000 2257.190674 0.000000 0.995393 0.000000 0.095879 1.296260 1.296260 1.296260
3801.509766 0.000000 2270.272217 0.000000 0.867775 0.000000 0.496958 1.257801 1.257801 1.257801
3793.117920 0.000000 2265.187012 0.000000 0.739250 0.000000 -0.673431 1.410304 1.410304 1.410304
3787.281982 0.000000 2260.918457 0.000000 0.983785 0.000000 -0.179354 1.315217 1.315217 1.315217
3794.275879 0.000000 2267.909424 0.000000 0.940578 0.000000 0.339578 1.215665 1.215665 1.215665
3795.466309 0.000000 2262.945068 0.000000 0.918888 0.000000 0.394518 1.268411 1.268411 1.268411
3798.637207 0.000000 2266.966064 0.000000 0.000207 0.000000 1.000000 1.106300 1.106300 1.106300
3791.344727 0.000000 2298.442871 0.000000 0.992575 0.000000 0.121631 1.292877 1.292877 1.292877
3774.323730 0.000000 2302.735596 0.000000 0.473615 0.000000 0.880732 1.188105 1.188105 1.188105
3791.549805 0.000000 2259.886719 0.000000 0.749478 0.000000 -0.662029 1.335223 1.335223 1.335223
3815.438721 0.000000 2266.124023 0.000000 0.344143 0.000000 -0.938917 1.355409 1.355409 1.355409
3808.843750 0.000000 2259.449219 0.000000 0.533585 0.000000 -0.845747 1.430854 1.430854 1.430854
3765.860596 0.000000 2289.411621 0.000000 0.279961 0.000000 -0.960011 1.533918 1.533918 1.533918
3813.331543 0.000000 2261.789551 0.000000 0.601150 0.000000 0.799136 1.239902 1.239902 1.239902
3783.859131 0.000000 2263.562988 0.000000 0.989239 0.000000 0.146312 1.292851 1.292851 1.292851
3791.139160 0.000000 2257.278809 0.000000 0.436724 0.000000 -0.899596 1.445249 1.445249 1.445249
3763.812500 0.000000 2290.740234 0.000000 0.857822 0.000000 0.513947 1.261459 1.261459 1.261459
3806.228271 0.000000 2255.206299 0.000000 0.753909 0.000000 -0.656979 1.339549 1.339549 1.339549
3811.397217 0.000000 2274.244873 0.000000 0.834475 0.000000 -0.551046 1.351142 1.351142 1.351142
3814.771973 0.000000 2270.294678 0.000000 0.885222 0.000000 -0.465169 1.328265 1.328265 1.328265
3810.506348 0.000000 2271.653320 0.000000 0.962531 0.000000 -0.271172 1.332085 1.332085 1.332085
3812.165771 0.000000 2269.783203 0.000000 0.019370 0.000000 -0.999812 1.501407 1.501407 1.501407
3789.006348 0.000000 2256.623291 0.000000 0.289502 0.000000 -0.957177 1.399475 1.399475 1.399475
3769.804443 0.000000 2286.614990 0.000000 0.951493 0.000000 0.307669 1.265490 1.265490 1.265490
3799.771484 0.000000 2268.890137 0.000000 0.881615 0.000000 0.471970 1.239380 1.239380 1.239380
3814.047852 0.000000 2287.790283 0.000000 0.643720 0.000000 -0.765261 1.421616 1.421616 1.421616
3796.498535 0.000000 2267.676514 0.000000 0.937930 0.000000 -0.346825 1.365522 1.365522 1.365522
3813.504395 0.000000 2274.182861 0.000000 0.331649 0.000000 -0.943403 1.416026 1.416026 1.416026
3812.927734 0.000000 2266.232422 0.000000 0.986823 0.000000 -0.161802 1.321098 1.321098 1.321098
3814.829346 0.000000 2303.446533 0.000000 0.225106 0.000000 0.974334 1.051415 1.051415 1.051415
3814.186035 0.000000 2285.130615 0.000000 0.917738 0.000000 0.397187 1.246975 1.246975 1.246975
3814.823242 0.000000 2291.715332 0.000000 0.446137 0.000000 -0.894965 1.519427 1.519427 1.519427
3811.496582 0.000000 2262.546143 0.000000 0.917437 0.000000 -0.397881 1.353123 1.353123 1.353123
3792.894043 0.000000 2255.352783 0.000000 0.613579 0.000000 0.789633 1.220239 1.220239 1.220239
3809.704346 0.000000 2261.127686 0.000000 0.913040 0.000000 0.407870 1.245460 1.245460 1.245460
3810.068359 0.000000 2264.779785 0.000000 0.197006 0.000000 -0.980402 1.478178 1.478178 1.478178
3772.312744 0.000000 2302.732666 0.000000 0.730555 0.000000 -0.682854 1.368307 1.368307 1.368307
3808.445801 0.000000 2256.474121 0.000000 0.623939 0.000000 0.781473 1.189371 1.189371 1.189371
3767.784424 0.000000 2286.493652 0.000000 0.744303 0.000000 0.667842 1.176580 1.176580 1.176580
3792.572510 0.000000 2267.164795 0.000000 0.673187 0.000000 -0.739472 1.432359 1.432359 1.432359
3795.563477 0.000000 2269.316162 0.000000 0.643193 0.000000 0.765704 1.192440 1.192440 1.192440
3797.688477 0.000000 2265.371094 0.000000 0.870054 0.000000 0.492957 1.233079 1.233079 1.233079
3766.563232 0.000000 2287.786133 0.000000 0.960372 0.000000 -0.278722 1.347670 1.347670 1.347670
3811.874268 0.000000 2267.908203 0.000000 0.998583 0.000000 0.053213 1.293089 1.293089 1.293089
3785.793945 0.000000 2262.174316 0.000000 0.332878 0.000000 0.942970 1.140134 1.140134 1.140134
3787.798096 0.000000 2262.545166 0.000000 0.013757 0.000000 -0.999905 1.502136 1.502136 1.502136
3807.073486 0.000000 2259.339111 0.000000 0.632323 0.000000 -0.774705 1.412177 1.412177 1.412177
3814.433594 0.000000 2293.296387 0.000000 0.217029 0.000000 0.976165 1.093763 1.093763 1.093763
3796.690918 0.000000 2264.102295 0.000000 0.561995 0.000000 -0.827141 1.426445 1.426445 1.426445
3815.468994 0.000000 2289.481201 0.000000 0.559736 0.000000 0.828671 1.154181 1.154181 1.154181
3764.979248 0.000000 2287.523682 0.000000 0.813622 0.000000 -0.581394 1.388600 1.388600 1.388600
3794.376953 0.000000 2266.156738 0.000000 0.713611 0.000000 -0.700542 1.488927 1.488927 1.488927
3815.134521 0.000000 2286.389160 0.000000 0.504616 0.000000 -0.863344 1.445399 1.445399 1.445399
3794.998779 0.000000 2264.497803 0.000000 0.016327 0.000000 0.999867 0.967027 0.967027 0.967027
3808.917236 0.000000 2257.952881 0.000000 0.924302 0.000000 0.381662 1.251705 1.251705 1.251705
3811.688965 0.000000 2265.370361 0.000000 0.051382 0.000000 0.998679 1.102752 1.102752 1.102752
3764.204346 0.000000 2286.178711 0.000000 0.767093 0.000000 -0.641536 1.399462 1.399462 1.399462
3767.918457 0.000000 2289.656494 0.000000 0.423733 0.000000 0.905787 1.097714 1.097714 1.097714
3764.525391 0.000000 2289.593750 0.000000 0.424461 0.000000 0.905446 1.094182 1.094182 1.094182
3797.219971 0.000000 2266.576172 0.000000 0.552687 0.000000 0.833389 1.117742 1.117742 1.117742
3795.381592 0.000000 2266.971436 0.000000 0.348187 0.000000 0.937425 1.004214 1.004214 1.004214
3817.275146 0.000000 2299.053467 0.000000 0.947193 0.000000 0.320663 1.287287 1.287287 1.287287
3816.175049 0.000000 2285.257568 0.000000 0.937952 0.000000 0.346766 1.273566 1.273566 1.273566
3817.834473 0.000000 2287.109619 0.000000 0.649789 0.000000 0.760115 1.201914 1.201914 1.201914
3817.205322 0.000000 2288.991699 0.000000 0.611555 0.000000 0.791202 1.134105 1.134105 1.134105
3817.511230 0.000000 2300.884033 0.000000 0.401331 0.000000 -0.915933 1.465341 1.465341 1.465341
3818.432861 0.000000 2290.764160 0.000000 0.967132 0.000000 0.254274 1.264120 1.264120 1.264120
3817.006104 0.000000 2302.856445 0.000000 0.840836 0.000000 -0.541290 1.416949 1.416949 1.416949
3815.777100 0.000000 2292.115723 0.000000 0.120599 0.000000 -0.992701 1.521167 1.521167 1.521167
3815.601074 0.000000 2302.920654 0.000000 0.993584 0.000000 0.113099 1.279032 1.279032 1.279032
3817.041016 0.000000 2291.954834 0.000000 0.998530 0.000000 0.054205 1.286447 1.286447 1.286447
3722.569092 0.000000 2348.350586 0.000000 0.255619 0.000000 0.966778 1.282964 1.282964 1.282964
3717.257812 0.000000 2354.814697 0.000000 0.834424 0.000000 -0.551124 1.303789 1.303789 1.303789
3713.453125 0.000000 2333.698975 0.000000 0.730990 0.000000 0.682388 1.285375 1.285375 1.285375
3717.490479 0.000000 2347.398926 0.000000 0.627723 0.000000 0.778437 1.288418 1.288418 1.288418
3715.375000 0.000000 2351.146240 0.000000 0.912268 0.000000 0.409594 1.291782 1.291782 1.291782
3711.946289 0.000000 2337.532715 0.000000 0.162639 0.000000 0.986686 1.272593 1.272593 1.272593
3717.256836 0.000000 2333.315186 0.000000 0.671850 0.000000 0.740687 1.281051 1.281051 1.281051
3738.535400 0.000000 2347.989014 0.000000 0.295314 0.000000 -0.955400 1.374251 1.374251 1.374251
3714.659912 0.000000 2339.673340 0.000000 0.984441 0.000000 0.175713 1.291974 1.291974 1.291974
3728.346436 0.000000 2347.694824 0.000000 0.999730 0.000000 0.023227 1.298643 1.298643 1.298643
3732.629150 0.000000 2345.823730 0.000000 0.159577 0.000000 0.987185 1.217598 1.217598 1.217598
3719.146973 0.000000 2353.263184 0.000000 0.412996 0.000000 0.910733 1.218242 1.218242 1.218242
3729.466553 0.000000 2355.688721 0.000000 0.027010 0.000000 0.999635 1.224844 1.224844 1.224844
3736.152832 0.000000 2343.781250 0.000000 0.451387 0.000000 -0.892328 1.357250 1.357250 1.357250
3716.325684 0.000000 2349.203125 0.000000 0.919751 0.000000 0.392504 1.275127 1.275127 1.275127
3720.591553 0.000000 2348.926270 0.000000 0.773059 0.000000 -0.634334 1.344603 1.344603 1.344603
3720.901855 0.000000 2351.337158 0.000000 0.069100 0.000000 -0.997610 1.431587 1.431587 1.431587
3714.253906 0.000000 2337.870361 0.000000 0.560005 0.000000 -0.828489 1.426757 1.426757 1.426757
3718.134277 0.000000 2349.150391 0.000000 0.549314 0.000000 -0.835616 1.399530 1.399530 1.399530
3718.383301 0.000000 2351.937012 0.000000 0.547696 0.000000 0.836678 1.171323 1.171323 1.171323
3762.274902 0.000000 2319.471436 0.000000 0.938872 0.000000 0.344267 1.290875 1.290875 1.290875
3784.297119 0.000000 2348.444092 0.000000 0.589706 0.000000 -0.807618 1.303051 1.303051 1.303051
3774.105469 0.000000 2303.935547 0.000000 0.431098 0.000000 0.902305 1.183152 1.183152 1.183152
3783.091797 0.000000 2314.604736 0.000000 0.894500 0.000000 -0.447067 1.309025 1.309025 1.309025
3791.892822 0.000000 2330.448242 0.000000 0.736757 0.000000 -0.676158 1.321689 1.321689 1.321689
3793.178467 0.000000 2316.625732 0.000000 0.980532 0.000000 0.196361 1.297434 1.297434 1.297434
3754.704834 0.000000 2324.374023 0.000000 0.972305 0.000000 -0.233714 1.330624 1.330624 1.330624
3763.235596 0.000000 2325.677734 0.000000 0.551359 0.000000 0.834268 1.290392 1.290392 1.290392
3766.389648 0.000000 2314.758057 0.000000 0.964950 0.000000 0.262433 1.227607 1.227607 1.227607
3792.491455 0.000000 2336.119385 0.000000 0.934327 0.000000 0.356418 1.283441 1.283441 1.283441
3744.515137 0.000000 2336.532227 0.000000 0.743009 0.000000 0.669282 1.259544 1.259544 1.259544
3804.456543 0.000000 2308.376709 0.000000 0.863617 0.000000 0.504148 1.277706 1.277706 1.277706
3779.574219 0.000000 2305.379395 0.000000 0.748362 0.000000 -0.663291 1.321183 1.321183 1.321183
3787.951416 0.000000 2316.935547 0.000000 0.664159 0.000000 0.747591 1.283556 1.283556 1.283556
3795.224609 0.000000 2312.136230 0.000000 0.182708 0.000000 0.983167 1.182956 1.182956 1.182956
3758.849121 0.000000 2326.727295 0.000000 0.171704 0.000000 0.985149 1.277310 1.277310 1.277310
3754.789307 0.000000 2347.636230 0.000000 0.987050 0.000000 0.160415 1.281699 1.281699 1.281699
3786.416748 0.000000 2344.907227 0.000000 0.698462 0.000000 0.715647 1.284469 1.284469 1.284469
3760.050049 0.000000 2322.706543 0.000000 0.095896 0.000000 0.995391 1.137265 1.137265 1.137265
3769.555908 0.000000 2312.437012 0.000000 0.999845 0.000000 -0.017607 1.302686 1.302686 1.302686
3779.820312 0.000000 2319.518555 0.000000 0.974202 0.000000 -0.225678 1.313298 1.313298 1.313298
3755.236572 0.000000 2328.217529 0.000000 0.974397 0.000000 0.224833 1.292640 1.292640 1.292640
3796.197998 0.000000 2335.116455 0.000000 0.870194 0.000000 -0.492710 1.310032 1.310032 1.310032
3789.249023 0.000000 2333.315186 0.000000 0.835979 0.000000 0.548762 1.284918 1.284918 1.284918
3764.791016 0.000000 2339.425293 0.000000 0.369402 0.000000 0.929270 1.164548 1.164548 1.164548
3798.431885 0.000000 2314.263672 0.000000 0.901025 0.000000 -0.433766 1.329123 1.329123 1.329123
3776.231445 0.000000 2307.004883 0.000000 0.093178 0.000000 -0.995650 1.386313 1.386313 1.386313
3766.367188 0.000000 2336.109619 0.000000 0.524343 0.000000 0.851507 1.197492 1.197492 1.197492
3764.672363 0.000000 2311.565430 0.000000 0.999757 0.000000 0.022044 1.296637 1.296637 1.296637
3759.130859 0.000000 2334.850830 0.000000 0.999917 0.000000 -0.012884 1.301714 1.301714 1.301714
3769.327881 0.000000 2317.269043 0.000000 0.999711 0.000000 -0.024028 1.301716 1.301716 1.301716
3746.220703 0.000000 2339.496826 0.000000 0.761940 0.000000 -0.647647 1.327437 1.327437 1.327437
3784.701416 0.000000 2317.501953 0.000000 0.914055 0.000000 -0.405590 1.324397 1.324397 1.324397
3750.752441 0.000000 2362.603760 0.000000 0.064907 0.000000 0.997891 1.133834 1.133834 1.133834
3794.131592 0.000000 2332.709229 0.000000 0.338803 0.000000 0.940857 1.196617 1.196617 1.196617
3759.135742 0.000000 2349.916016 0.000000 0.360501 0.000000 -0.932759 1.342912 1.342912 1.342912
3796.112793 0.000000 2316.296387 0.000000 0.052779 0.000000 0.998606 1.171907 1.171907 1.171907
3779.933105 0.000000 2308.611572 0.000000 0.936082 0.000000 -0.351782 1.316333 1.316333 1.316333
3747.909912 0.000000 2362.491699 0.000000 0.017281 0.000000 -0.999851 1.395797 1.395797 1.395797
3781.551270 0.000000 2347.714844 0.000000 0.861824 0.000000 -0.507207 1.341434 1.341434 1.341434
3807.053955 0.000000 2307.353516 0.000000 0.513370 0.000000 0.858168 1.236381 1.236381 1.236381
3776.930420 0.000000 2304.354248 0.000000 0.888996 0.000000 -0.457915 1.327787 1.327787 1.327787
3757.481201 0.000000 2324.290771 0.000000 0.209893 0.000000 -0.977724 1.419116 1.419116 1.419116
3759.719727 0.000000 2318.551514 0.000000 0.923090 0.000000 -0.384585 1.320499 1.320499 1.320499
3746.302734 0.000000 2365.517090 0.000000 0.867541 0.000000 -0.497365 1.330411 1.330411 1.330411
3756.235107 0.000000 2349.795654 0.000000 0.442446 0.000000 -0.896795 1.426369 1.426369 1.426369
3762.744385 0.000000 2323.129639 0.000000 0.667906 0.000000 0.744246 1.256411 1.256411 1.256411
3752.202881 0.000000 2325.038330 0.000000 0.538057 0.000000 0.842909 1.215392 1.215392 1.215392
3746.165283 0.000000 2348.562012 0.000000 0.681535 0.000000 -0.731785 1.371938 1.371938 1.371938
3791.730957 0.000000 2333.461426 0.000000 0.707734 0.000000 -0.706479 1.373838 1.373838 1.373838
3758.639404 0.000000 2337.315186 0.000000 0.803585 0.000000 -0.595190 1.337242 1.337242 1.337242
3769.038086 0.000000 2314.809570 0.000000 0.791427 0.000000 0.611264 1.227429 1.227429 1.227429
3794.343506 0.000000 2314.405518 0.000000 0.985183 0.000000 0.171508 1.279862 1.279862 1.279862
3790.227783 0.000000 2335.578369 0.000000 0.081712 0.000000 0.996656 1.155024 1.155024 1.155024
3756.315674 0.000000 2322.259277 0.000000 0.110169 0.000000 -0.993913 1.394795 1.394795 1.394795
3760.781738 0.000000 2336.441406 0.000000 0.477002 0.000000 0.878902 1.150178 1.150178 1.150178
3806.093018 0.000000 2310.078369 0.000000 0.470796 0.000000 0.882242 1.180758 1.180758 1.180758
3753.028320 0.000000 2349.031494 0.000000 0.133784 0.000000 -0.991010 1.397913 1.397913 1.397913
3756.397705 0.000000 2326.250000 0.000000 0.999846 0.000000 0.017555 1.298746 1.298746 1.298746
3746.945557 0.000000 2353.120117 0.000000 0.580969 0.000000 -0.813926 1.389496 1.389496 1.389496
3758.488770 0.000000 2332.738770 0.000000 0.199416 0.000000 0.979915 1.055444 1.055444 1.055444
3781.109375 0.000000 2343.563721 0.000000 0.675099 0.000000 -0.737727 1.378091 1.378091 1.378091
3753.720947 0.000000 2326.674072 0.000000 0.198121 0.000000 0.980178 1.206534 1.206534 1.206534
3797.357910 0.000000 2312.360840 0.000000 0.998972 0.000000 0.045326 1.295585 1.295585 1.295585
3745.543213 0.000000 2351.169434 0.000000 0.500069 0.000000 -0.865985 1.429140 1.429140 1.429140
3784.583740 0.000000 2343.858154 0.000000 0.617463 0.000000 -0.786600 1.370515 1.370515 1.370515
3756.910889 0.000000 2347.502441 0.000000 0.495592 0.000000 0.868555 1.197544 1.197544 1.197544
3794.109863 0.000000 2334.770752 0.000000 0.579720 0.000000 -0.814816 1.377277 1.377277 1.377277
3767.339355 0.000000 2316.648193 0.000000 0.871257 0.000000 0.490827 1.245052 1.245052 1.245052
3760.461426 0.000000 2320.535889 0.000000 0.730617 0.000000 -0.682787 1.397569 1.397569 1.397569
3758.268311 0.000000 2321.741699 0.000000 0.596134 0.000000 -0.802885 1.405882 1.405882 1.405882
3796.382568 0.000000 2314.291260 0.000000 0.827036 0.000000 0.562148 1.222500 1.222500 1.222500
3764.777100 0.000000 2313.596680 0.000000 0.763260 0.000000 -0.646092 1.361555 1.361555 1.361555
3764.281982 0.000000 2336.484619 0.000000 0.355065 0.000000 -0.934841 1.488158 1.488158 1.488158
3767.271973 0.000000 2334.147217 0.000000 0.779716 0.000000 -0.626133 1.409793 1.409793 1.409793
3808.956787 0.000000 2308.080566 0.000000 0.402813 0.000000 -0.915282 1.465109 1.465109 1.465109
3774.716797 0.000000 2305.792969 0.000000 0.517437 0.000000 -0.855721 1.383324 1.383324 1.383324
3750.793213 0.000000 2364.589355 0.000000 0.651959 0.000000 -0.758254 1.389382 1.389382 1.389382
3767.706543 0.000000 2313.385254 0.000000 0.276984 0.000000 -0.960874 1.530294 1.530294 1.530294
3797.926270 0.000000 2316.641113 0.000000 0.020109 0.000000 -0.999798 1.430852 1.430852 1.430852
3781.000000 0.000000 2345.666504 0.000000 0.900883 0.000000 -0.434061 1.358289 1.358289 1.358289
3812.728271 0.000000 2309.489990 0.000000 0.998260 0.000000 0.058958 1.292724 1.292724 1.292724
3782.775146 0.000000 2343.012451 0.000000 0.038539 0.000000 -0.999257 1.488971 1.488971 1.488971
3809.539307 0.000000 2311.945801 0.000000 0.196099 0.000000 0.980584 1.148447 1.148447 1.148447
3749.278320 0.000000 2363.650879 0.000000 0.447607 0.000000 0.894231 1.156326 1.156326 1.156326
3762.726807 0.000000 2339.372070 0.000000 0.048490 0.000000 0.998824 1.102376 1.102376 1.102376
3763.465088 0.000000 2308.794434 0.000000 0.704519 0.000000 0.709685 1.207808 1.207808 1.207808
3761.562012 0.000000 2321.941162 0.000000 0.917050 0.000000 0.398772 1.246751 1.246751 1.246751
3766.125732 0.000000 2312.707031 0.000000 0.980408 0.000000 -0.196976 1.335392 1.335392 1.335392
3807.353760 0.000000 2309.026367 0.000000 0.240748 0.000000 -0.970588 1.472357 1.472357 1.472357
3814.939941 0.000000 2304.143799 0.000000 0.874965 0.000000 -0.484185 1.393502 1.393502 1.393502
3810.833252 0.000000 2307.102783 0.000000 0.729783 0.000000 0.683679 1.190056 1.190056 1.190056
3812.631836 0.000000 2307.836914 0.000000 0.962316 0.000000 0.271934 1.259778 1.259778 1.259778
3764.946289 0.000000 2337.910889 0.000000 0.609249 0.000000 -0.792979 1.442649 1.442649 1.442649
3754.624268 0.000000 2349.179932 0.000000 0.760771 0.000000 -0.649020 1.391692 1.391692 1.391692
3754.927490 0.000000 2325.837402 0.000000 0.866209 0.000000 0.499682 1.232074 1.232074 1.232074
3792.656006 0.000000 2334.635742 0.000000 0.183614 0.000000 -0.982998 1.479949 1.479949 1.479949
3759.689209 0.000000 2333.522217 0.000000 0.838369 0.000000 0.545102 1.197091 1.197091 1.197091
3761.217529 0.000000 2337.802734 0.000000 0.061828 0.000000 0.998087 1.089418 1.089418 1.089418
3813.863037 0.000000 2306.873047 0.000000 0.963436 0.000000 -0.267937 1.339616 1.339616 1.339616
3767.711426 0.000000 2315.189209 0.000000 0.952318 0.000000 0.305108 1.215473 1.215473 1.215473
3766.319824 0.000000 2315.929688 0.000000 0.607580 0.000000 -0.794259 1.550210 1.550210 1.550210
3817.979736 0.000000 2305.333740 0.000000 0.885970 0.000000 -0.463743 1.392337 1.392337 1.392337
3816.854492 0.000000 2305.866699 0.000000 0.682498 0.000000 -0.730888 1.456945 1.456945 1.456945
3815.678223 0.000000 2305.024170 0.000000 0.958571 0.000000 0.284852 1.246564 1.246564 1.246564
4306.994629 0.000000 3237.607666 0.000000 0.379574 0.000000 -0.925161 1.311503 1.311503 1.311503
4300.500488 0.000000 3256.836670 0.000000 0.140242 0.000000 -0.990117 1.323207 1.323207 1.323207
4287.109863 0.000000 3249.438477 0.000000 0.833594 0.000000 0.552378 1.296201 1.296201 1.296201
4313.896484 0.000000 3250.375732 0.000000 0.851784 0.000000 -0.523893 1.308948 1.308948 1.308948
4294.101074 0.000000 3238.564697 0.000000 0.852392 0.000000 0.522903 1.296428 1.296428 1.296428
4288.464355 0.000000 3259.981445 0.000000 0.185598 0.000000 0.982626 1.291016 1.291016 1.291016
4300.837402 0.000000 3246.248047 0.000000 0.891875 0.000000 0.452281 1.292384 1.292384 1.292384
4312.015625 0.000000 3259.173340 0.000000 0.859403 0.000000 -0.511298 1.308709 1.308709 1.308709
4280.373047 0.000000 3255.521729 0.000000 0.306349 0.000000 -0.951919 1.308175 1.308175 1.308175
4315.913086 0.000000 3240.925293 0.000000 0.971685 0.000000 0.236282 1.297677 1.297677 1.297677
4286.914062 0.000000 3241.460693 0.000000 0.998714 0.000000 0.050691 1.299671 1.299671 1.299671
4294.666016 0.000000 3251.227539 0.000000 0.660392 0.000000 -0.750921 1.313785 1.313785 1.313785
4306.457031 0.000000 3252.281982 0.000000 0.999891 0.000000 0.014735 1.299713 1.299713 1.299713
4309.518066 0.000000 3244.562012 0.000000 0.911974 0.000000 0.410247 1.293140 1.293140 1.293140
4295.153809 0.000000 3260.997070 0.000000 0.355811 0.000000 0.934558 1.288248 1.288248 1.288248
4301.226562 0.000000 3240.213135 0.000000 0.353197 0.000000 -0.935549 1.311779 1.311779 1.311779
4306.355957 0.000000 3260.769043 0.000000 0.627276 0.000000 0.778797 1.288410 1.288410 1.288410
4317.490234 0.000000 3254.749756 0.000000 0.037807 0.000000 0.999285 1.275123 1.275123 1.275123
4317.461914 0.000000 3260.834229 0.000000 0.149828 0.000000 0.988712 1.281560 1.281560 1.281560
4290.247559 0.000000 3254.599121 0.000000 0.985055 0.000000 0.172239 1.297753 1.297753 1.297753
4300.490234 0.000000 3262.126221 0.000000 0.200982 0.000000 -0.979595 1.322206 1.322206 1.322206
4301.404785 0.000000 3251.327148 0.000000 0.954791 0.000000 0.297277 1.295102 1.295102 1.295102
4316.472656 0.000000 3246.231445 0.000000 0.517930 0.000000 0.855423 1.283345 1.283345 1.283345
4310.963867 0.000000 3254.346680 0.000000 0.658065 0.000000 0.752961 1.286165 1.286165 1.286165
4296.007324 0.000000 3255.801758 0.000000 0.957347 0.000000 -0.288940 1.304757 1.304757 1.304757
4304.959961 0.000000 3243.781250 0.000000 0.870131 0.000000 0.492821 1.293310 1.293310 1.293310
4305.337402 0.000000 3256.547607 0.000000 0.023610 0.000000 -0.999721 1.325107 1.325107 1.325107
4309.761230 0.000000 3249.095947 0.000000 0.049830 0.000000 0.998758 1.275319 1.275319 1.275319
4304.781250 0.000000 3248.061035 0.000000 0.203590 0.000000 0.979056 1.273404 1.273404 1.273404
4296.222168 0.000000 3247.337891 0.000000 0.548092 0.000000 0.836418 1.283923 1.283923 1.283923
4245.693359 0.000000 3323.953857 0.000000 0.540223 0.000000 -0.841522 1.309737 1.309737 1.309737
4243.314941 0.000000 3315.807861 0.000000 0.661035 0.000000 0.750355 1.269704 1.269704 1.269704
4240.704590 0.000000 3310.450195 0.000000 0.226771 0.000000 0.973948 1.204177 1.204177 1.204177
4245.563477 0.000000 3308.636230 0.000000 0.092465 0.000000 -0.995716 1.395950 1.395950 1.395950
4238.754395 0.000000 3316.841309 0.000000 0.956691 0.000000 -0.291106 1.304793 1.304793 1.304793
4247.498047 0.000000 3316.463379 0.000000 0.936954 0.000000 -0.349453 1.308110 1.308110 1.308110
4244.523438 0.000000 3319.988525 0.000000 0.935430 0.000000 0.353512 1.276546 1.276546 1.276546
4245.845703 0.000000 3313.001465 0.000000 0.961370 0.000000 0.275259 1.271944 1.271944 1.271944
4241.531250 0.000000 3318.810547 0.000000 0.399542 0.000000 -0.916715 1.333877 1.333877 1.333877
4242.274414 0.000000 3313.018799 0.000000 0.406445 0.000000 -0.913675 1.352354 1.352354 1.352354
4244.220215 0.000000 3310.931152 0.000000 0.813230 0.000000 -0.581942 1.344348 1.344348 1.344348
4240.796875 0.000000 3315.277344 0.000000 0.363665 0.000000 -0.931530 1.393361 1.393361 1.393361
4245.284668 0.000000 3317.617676 0.000000 0.622413 0.000000 -0.782689 1.367105 1.367105 1.367105
4245.748047 0.000000 3315.176758 0.000000 0.163588 0.000000 -0.986529 1.423247 1.423247 1.423247
4247.145020 0.000000 3311.456299 0.000000 0.993573 0.000000 0.113189 1.291164 1.291164 1.291164
4244.111816 0.000000 3313.946289 0.000000 0.453292 0.000000 -0.891362 1.410706 1.410706 1.410706
4243.449707 0.000000 3318.374268 0.000000 0.314453 0.000000 0.949273 1.202563 1.202563 1.202563
4306.994629 0.000000 3333.592041 0.000000 0.923202 0.000000 0.384315 1.296159 1.296159 1.296159
4297.683594 0.000000 3267.085449 0.000000 0.878199 0.000000 0.478295 1.296763 1.296763 1.296763
4300.500488 0.000000 3352.821045 0.000000 0.999712 0.000000 0.024017 1.299454 1.299454 1.299454
4272.496094 0.000000 3298.852539 0.000000 0.724482 0.000000 -0.689293 1.302468 1.302468 1.302468
4287.109863 0.000000 3345.422852 0.000000 0.759441 0.000000 -0.650576 1.304598 1.304598 1.304598
4313.539551 0.000000 3266.051270 0.000000 0.988115 0.000000 -0.153718 1.302003 1.302003 1.302003
4313.896484 0.000000 3346.360107 0.000000 0.858982 0.000000 -0.512006 1.313956 1.313956 1.313956
4247.800293 0.000000 3309.528320 0.000000 0.975545 0.000000 -0.219801 1.317262 1.317262 1.317262
4262.874023 0.000000 3306.719727 0.000000 0.962323 0.000000 0.271908 1.295531 1.295531 1.295531
4294.101074 0.000000 3334.549072 0.000000 0.614212 0.000000 -0.789141 1.308854 1.308854 1.308854
4314.831543 0.000000 3280.439697 0.000000 0.264596 0.000000 -0.964359 1.304229 1.304229 1.304229
4283.786621 0.000000 3297.836670 0.000000 0.671812 0.000000 0.740722 1.259392 1.259392 1.259392
4288.464355 0.000000 3355.965820 0.000000 0.066589 0.000000 -0.997781 1.309764 1.309764 1.309764
4300.837402 0.000000 3342.232422 0.000000 0.315891 0.000000 0.948795 1.271615 1.271615 1.271615
4312.015625 0.000000 3355.157715 0.000000 0.237460 0.000000 -0.971397 1.330240 1.330240 1.330240
4288.867188 0.000000 3263.874756 0.000000 0.678899 0.000000 -0.734231 1.305352 1.305352 1.305352
4305.445801 0.000000 3263.507568 0.000000 0.614604 0.000000 0.788836 1.291150 1.291150 1.291150
4315.913086 0.000000 3336.909668 0.000000 0.980787 0.000000 0.195082 1.296814 1.296814 1.296814
4319.144043 0.000000 3272.718262 0.000000 0.912100 0.000000 -0.409968 1.302742 1.302742 1.302742
4255.851562 0.000000 3310.827637 0.000000 0.959721 0.000000 0.280955 1.275969 1.275969 1.275969
4300.157715 0.000000 3329.443359 0.000000 0.106420 0.000000 -0.994321 1.314256 1.314256 1.314256
4286.914062 0.000000 3337.445068 0.000000 0.981701 0.000000 -0.190428 1.301244 1.301244 1.301244
4294.666016 0.000000 3347.211914 0.000000 0.278468 0.000000 -0.960446 1.325093 1.325093 1.325093
4270.278809 0.000000 3307.859619 0.000000 0.715004 0.000000 0.699120 1.294975 1.294975 1.294975
4306.457031 0.000000 3348.266357 0.000000 0.054503 0.000000 0.998514 1.255710 1.255710 1.255710
4247.608887 0.000000 3302.093262 0.000000 0.977046 0.000000 -0.213029 1.301394 1.301394 1.301394
4309.518066 0.000000 3340.546387 0.000000 0.233814 0.000000 -0.972281 1.325993 1.325993 1.325993
4312.946289 0.000000 3329.372070 0.000000 0.464719 0.000000 0.885458 1.292941 1.292941 1.292941
4256.162598 0.000000 3304.140381 0.000000 0.019270 0.000000 -0.999814 1.325177 1.325177 1.325177
4291.718750 0.000000 3269.909912 0.000000 0.985578 0.000000 -0.169221 1.301104 1.301104 1.301104
4295.153809 0.000000 3356.981445 0.000000 0.608706 0.000000 0.793396 1.288104 1.288104 1.288104
4292.997070 0.000000 3340.662842 0.000000 0.513345 0.000000 0.858182 1.289955 1.289955 1.289955
4301.226562 0.000000 3336.197510 0.000000 0.109274 0.000000 0.994012 1.276287 1.276287 1.276287
4306.355957 0.000000 3356.753418 0.000000 0.923145 0.000000 -0.384453 1.307684 1.307684 1.307684
4277.800293 0.000000 3301.400391 0.000000 0.070324 0.000000 0.997524 1.217216 1.217216 1.217216
4251.713867 0.000000 3315.005127 0.000000 0.704695 0.000000 -0.709511 1.325601 1.325601 1.325601
4317.490234 0.000000 3350.734131 0.000000 0.912564 0.000000 -0.408934 1.309571 1.309571 1.309571
4317.461914 0.000000 3356.818604 0.000000 0.731084 0.000000 0.682287 1.280504 1.280504 1.280504
4290.247559 0.000000 3350.583496 0.000000 0.940736 0.000000 0.339140 1.296631 1.296631 1.296631
4308.401855 0.000000 3268.220459 0.000000 0.647208 0.000000 -0.762314 1.308440 1.308440 1.308440
4268.207031 0.000000 3302.942139 0.000000 0.511925 0.000000 -0.859030 1.363723 1.363723 1.363723
4300.490234 0.000000 3358.110596 0.000000 0.642172 0.000000 0.766561 1.285826 1.285826 1.285826
4301.404785 0.000000 3347.311523 0.000000 0.902978 0.000000 -0.429687 1.310090 1.310090 1.310090
4251.627930 0.000000 3306.256592 0.000000 0.065307 0.000000 0.997865 1.158308 1.158308 1.158308
4273.144531 0.000000 3303.778564 0.000000 0.449201 0.000000 0.893431 1.210349 1.210349 1.210349
4311.890137 0.000000 3334.061768 0.000000 0.940766 0.000000 -0.339056 1.304491 1.304491 1.304491
4316.472656 0.000000 3342.215820 0.000000 0.222391 0.000000 -0.974958 1.334961 1.334961 1.334961
4310.963867 0.000000 3350.331055 0.000000 0.323446 0.000000 -0.946247 1.328203 1.328203 1.328203
4260.685547 0.000000 3302.209473 0.000000 0.972844 0.000000 0.231462 1.294693 1.294693 1.294693
4296.007324 0.000000 3351.786133 0.000000 0.649900 0.000000 0.760020 1.283188 1.283188 1.283188
4304.959961 0.000000 3339.765625 0.000000 0.653346 0.000000 0.757059 1.280489 1.280489 1.280489
4316.632812 0.000000 3332.241455 0.000000 0.657957 0.000000 0.753055 1.286163 1.286163 1.286163
4297.432129 0.000000 3338.941650 0.000000 0.170444 0.000000 0.985367 1.277289 1.277289 1.277289
4300.713379 0.000000 3263.710693 0.000000 0.761825 0.000000 0.647783 1.288565 1.288565 1.288565
4305.337402 0.000000 3352.531982 0.000000 0.209195 0.000000 0.977874 1.260274 1.260274 1.260274
4310.077637 0.000000 3359.221924 0.000000 0.567631 0.000000 -0.823283 1.321973 1.321973 1.321973
4309.761230 0.000000 3345.080322 0.000000 0.996437 0.000000 -0.084335 1.301918 1.301918 1.301918
4304.781250 0.000000 3344.045410 0.000000 0.582583 0.000000 -0.812771 1.321558 1.321558 1.321558
4258.734375 0.000000 3307.479980 0.000000 0.726648 0.000000 -0.687010 1.356535 1.356535 1.356535
4296.222168 0.000000 3343.322266 0.000000 0.981410 0.000000 -0.191922 1.303761 1.303761 1.303761
4251.655273 0.000000 3310.609863 0.000000 0.820401 0.000000 -0.571788 1.327657 1.327657 1.327657
4268.736328 0.000000 3299.269043 0.000000 0.456036 0.000000 -0.889962 1.328489 1.328489 1.328489
4317.886719 0.000000 3345.737793 0.000000 0.818012 0.000000 0.575201 1.286077 1.286077 1.286077
4314.179199 0.000000 3352.244629 0.000000 0.308914 0.000000 0.951090 1.271448 1.271448 1.271448
4264.354004 0.000000 3302.817871 0.000000 0.096438 0.000000 0.995339 1.170817 1.170817 1.170817
4248.623535 0.000000 3313.012695 0.000000 0.735444 0.000000 -0.677585 1.350740 1.350740 1.350740
4308.809570 0.000000 3353.517822 0.000000 0.836080 0.000000 0.548608 1.286807 1.286807 1.286807
4298.157715 0.000000 3348.834717 0.000000 0.198038 0.000000 0.980194 1.268843 1.268843 1.268843
4281.660645 0.000000 3300.906494 0.000000 0.510640 0.000000 0.859795 1.242903 1.242903 1.242903
4313.433594 0.000000 3358.270752 0.000000 0.999975 0.000000 0.007109 1.299815 1.299815 1.299815
4255.127441 0.000000 3307.393311 0.000000 0.892725 0.000000 -0.450601 1.315171 1.315171 1.315171
4302.781250 0.000000 3350.426514 0.000000 0.939021 0.000000 -0.343859 1.309114 1.309114 1.309114
4270.912109 0.000000 3301.415283 0.000000 0.754906 0.000000 -0.655833 1.334822 1.334822 1.334822
4260.239258 0.000000 3305.057129 0.000000 0.796835 0.000000 0.604196 1.249467 1.249467 1.249467
4253.697266 0.000000 3312.947266 0.000000 0.265195 0.000000 -0.964195 1.388765 1.388765 1.388765
4270.088379 0.000000 3305.070801 0.000000 0.514599 0.000000 -0.857431 1.336781 1.336781 1.336781
4266.406250 0.000000 3300.859375 0.000000 0.665353 0.000000 0.746529 1.256233 1.256233 1.256233
4250.110352 0.000000 3308.405762 0.000000 0.392487 0.000000 -0.919757 1.390936 1.390936 1.390936
4252.995117 0.000000 3308.540039 0.000000 0.941134 0.000000 0.338034 1.270902 1.270902 1.270902
4262.402832 0.000000 3304.391357 0.000000 0.310587 0.000000 0.950545 1.222612 1.222612 1.222612
4256.973633 0.000000 3308.875244 0.000000 0.880855 0.000000 0.473386 1.272792 1.272792 1.272792
4250.891113 0.000000 3312.963867 0.000000 0.754123 0.000000 -0.656734 1.348832 1.348832 1.348832
4275.979980 0.000000 3302.637207 0.000000 0.181231 0.000000 -0.983441 1.399145 1.399145 1.399145
4281.787598 0.000000 3298.697998 0.000000 0.999853 0.000000 -0.017155 1.301169 1.301169 1.301169
4279.596680 0.000000 3300.239014 0.000000 0.836391 0.000000 -0.548133 1.343305 1.343305 1.343305
4266.251465 0.000000 3303.745850 0.000000 0.440521 0.000000 -0.897742 1.390438 1.390438 1.390438
4249.635742 0.000000 3306.484619 0.000000 0.013071 0.000000 0.999915 1.153387 1.153387 1.153387
4253.753906 0.000000 3310.334717 0.000000 0.694195 0.000000 -0.719787 1.362586 1.362586 1.362586
4268.883789 0.000000 3301.168945 0.000000 0.406279 0.000000 -0.913749 1.397245 1.397245 1.397245
4248.239258 0.000000 3307.683594 0.000000 0.296526 0.000000 0.955025 1.180492 1.180492 1.180492
4297.683594 0.000000 3363.069824 0.000000 0.831654 0.000000 0.555294 1.296179 1.296179 1.296179
4313.539551 0.000000 3362.035645 0.000000 0.949257 0.000000 -0.314502 1.305192 1.305192 1.305192
4314.831543 0.000000 3376.424072 0.000000 0.958621 0.000000 -0.284686 1.300937 1.300937 1.300937
4306.168457 0.000000 3369.335449 0.000000 0.994838 0.000000 0.101471 1.299340 1.299340 1.299340
4305.445801 0.000000 3359.491943 0.000000 0.321978 0.000000 0.946747 1.275795 1.275795 1.275795
4319.144043 0.000000 3368.702637 0.000000 0.985234 0.000000 -0.171212 1.301675 1.301675 1.301675
4308.401855 0.000000 3364.204834 0.000000 0.947168 0.000000 -0.320737 1.304239 1.304239 1.304239
4318.055176 0.000000 3364.097656 0.000000 0.590499 0.000000 0.807038 1.287808 1.287808 1.287808
4300.713379 0.000000 3359.695068 0.000000 0.656215 0.000000 0.754574 1.286125 1.286125 1.286125
4316.661133 0.000000 3359.497070 0.000000 0.999996 0.000000 -0.002999 1.300058 1.300058 1.300058
4310.315918 0.000000 3359.802979 0.000000 0.986985 0.000000 0.160811 1.296331 1.296331 1.296331
4343.118164 0.000000 3256.061279 0.000000 0.058061 0.000000 0.998313 1.285272 1.285272 1.285272
4378.986816 0.000000 3237.607666 0.000000 0.697564 0.000000 0.716523 1.297407 1.297407 1.297407
4319.583008 0.000000 3247.665283 0.000000 0.062922 0.000000 0.998018 1.280425 1.280425 1.280425
4353.665527 0.000000 3235.438232 0.000000 0.940970 0.000000 -0.338489 1.301121 1.301121 1.301121
4372.492676 0.000000 3256.836670 0.000000 0.972948 0.000000 0.231022 1.297730 1.297730 1.297730
4336.313965 0.000000 3239.929688 0.000000 0.000715 0.000000 1.000000 1.289809 1.289809 1.289809
4359.102051 0.000000 3249.438477 0.000000 0.799902 0.000000 0.600131 1.293733 1.293733 1.293733
4319.726562 0.000000 3232.814453 0.000000 0.890838 0.000000 -0.454322 1.301531 1.301531 1.301531
4385.888672 0.000000 3250.375732 0.000000 0.507969 0.000000 0.861375 1.293262 1.293262 1.293262
4331.440918 0.000000 3251.707520 0.000000 0.937710 0.000000 -0.347420 1.304606 1.304606 1.304606
4366.093262 0.000000 3238.564697 0.000000 0.419169 0.000000 -0.907908 1.307388 1.307388 1.307388
4347.652832 0.000000 3245.478760 0.000000 0.648993 0.000000 0.760795 1.294388 1.294388 1.294388
4321.220703 0.000000 3258.897217 0.000000 0.955226 0.000000 -0.295878 1.303899 1.303899 1.303899
4360.456543 0.000000 3259.981445 0.000000 0.431368 0.000000 0.902176 1.289048 1.289048 1.289048
4339.275879 0.000000 3229.797607 0.000000 0.999951 0.000000 -0.009924 1.300032 1.300032 1.300032
4372.829590 0.000000 3246.248047 0.000000 0.391102 0.000000 -0.920347 1.311382 1.311382 1.311382
4326.500000 0.000000 3240.699707 0.000000 0.313816 0.000000 0.949484 1.291876 1.291876 1.291876
4384.007812 0.000000 3259.173340 0.000000 0.999901 0.000000 -0.014080 1.300137 1.300137 1.300137
4352.365234 0.000000 3255.521729 0.000000 0.737067 0.000000 0.675820 1.292775 1.292775 1.292775
4339.509277 0.000000 3248.157959 0.000000 0.172185 0.000000 0.985065 1.290927 1.290927 1.290927
4334.860840 0.000000 3259.466797 0.000000 0.975673 0.000000 -0.219233 1.301435 1.301435 1.301435
4366.658203 0.000000 3251.227539 0.000000 0.002069 0.000000 0.999998 1.279635 1.279635 1.279635
4378.449219 0.000000 3252.281982 0.000000 0.842785 0.000000 0.538250 1.294466 1.294466 1.294466
4328.054199 0.000000 3262.923096 0.000000 0.058056 0.000000 0.998313 1.280362 1.280362 1.280362
4324.380859 0.000000 3252.747070 0.000000 0.399562 0.000000 0.916706 1.288708 1.288708 1.288708
4342.186035 0.000000 3263.440918 0.000000 0.634628 0.000000 -0.772818 1.305733 1.305733 1.305733
4367.145996 0.000000 3260.997070 0.000000 0.939713 0.000000 -0.341965 1.302265 1.302265 1.302265
4332.149414 0.000000 3244.988037 0.000000 0.300116 0.000000 0.953903 1.291782 1.291782 1.291782
4364.989258 0.000000 3244.678467 0.000000 0.975457 0.000000 -0.220188 1.302161 1.302161 1.302161
4354.273926 0.000000 3245.656982 0.000000 0.879877 0.000000 -0.475201 1.304821 1.304821 1.304821
4348.431152 0.000000 3260.309570 0.000000 0.041336 0.000000 -0.999145 1.314892 1.314892 1.314892
4326.194336 0.000000 3246.895996 0.000000 0.062686 0.000000 -0.998033 1.314683 1.314683 1.314683
4342.176758 0.000000 3242.520996 0.000000 0.898755 0.000000 -0.438452 1.304419 1.304419 1.304419
4337.583008 0.000000 3253.871094 0.000000 0.964426 0.000000 -0.264354 1.302605 1.302605 1.302605
4378.348145 0.000000 3260.769043 0.000000 0.601379 0.000000 0.798964 1.287984 1.287984 1.287984
4329.059570 0.000000 3257.149414 0.000000 0.978316 0.000000 0.207116 1.297969 1.297969 1.297969
4389.454102 0.000000 3260.834229 0.000000 0.184112 0.000000 -0.982905 1.313491 1.313491 1.313491
4362.239746 0.000000 3254.599121 0.000000 0.876551 0.000000 0.481309 1.295111 1.295111 1.295111
4319.615234 0.000000 3253.475342 0.000000 0.854051 0.000000 0.520189 1.289347 1.289347 1.289347
4367.999512 0.000000 3255.801758 0.000000 0.225155 0.000000 0.974323 1.282556 1.282556 1.282556
4391.575195 0.000000 3247.665283 0.000000 0.266963 0.000000 -0.963707 1.304221 1.304221 1.304221
4403.433105 0.000000 3251.707520 0.000000 0.514350 0.000000 0.857580 1.296655 1.296655 1.296655
4393.212891 0.000000 3258.897217 0.000000 0.052249 0.000000 -0.998634 1.314785 1.314785 1.314785
4400.046387 0.000000 3262.923096 0.000000 0.912456 0.000000 -0.409175 1.304104 1.304104 1.304104
4414.178223 0.000000 3263.440918 0.000000 0.622568 0.000000 0.782566 1.294166 1.294166 1.294166
4343.118164 0.000000 3352.045654 0.000000 0.044955 0.000000 -0.998989 1.334665 1.334665 1.334665
4338.212402 0.000000 3279.315186 0.000000 0.200594 0.000000 0.979674 1.291115 1.291115 1.291115
4378.986816 0.000000 3333.592041 0.000000 0.165242 0.000000 0.986253 1.290881 1.290881 1.290881
4330.310547 0.000000 3318.629150 0.000000 0.875193 0.000000 0.483774 1.283611 1.283611 1.283611
4369.675781 0.000000 3267.085449 0.000000 0.882976 0.000000 0.469419 1.296828 1.296828 1.296828
4360.234863 0.000000 3308.287842 0.000000 0.985019 0.000000 0.172444 1.297750 1.297750 1.297750
4319.583008 0.000000 3343.649658 0.000000 0.184324 0.000000 0.982865 1.259533 1.259533 1.259533
4320.633301 0.000000 3264.082275 0.000000 0.894856 0.000000 -0.446354 1.304505 1.304505 1.304505
4353.665527 0.000000 3331.422607 0.000000 0.368357 0.000000 0.929684 1.261263 1.261263 1.261263
4358.552734 0.000000 3286.873535 0.000000 0.965531 0.000000 -0.260290 1.301709 1.301709 1.301709
4379.481934 0.000000 3313.061035 0.000000 0.989147 0.000000 0.146929 1.299521 1.299521 1.299521
4372.492676 0.000000 3352.821045 0.000000 0.708822 0.000000 0.705388 1.287294 1.287294 1.287294
4350.042969 0.000000 3263.779297 0.000000 0.597291 0.000000 -0.802025 1.306041 1.306041 1.306041
4344.488281 0.000000 3298.852539 0.000000 0.970875 0.000000 0.239587 1.295289 1.295289 1.295289
4336.313965 0.000000 3335.914062 0.000000 0.107316 0.000000 0.994225 1.243011 1.243011 1.243011
4375.848145 0.000000 3283.531494 0.000000 0.998671 0.000000 0.051530 1.299833 1.299833 1.299833
4366.683105 0.000000 3322.884277 0.000000 0.827602 0.000000 -0.561315 1.307737 1.307737 1.307737
4345.995605 0.000000 3317.680420 0.000000 0.601012 0.000000 0.799240 1.263935 1.263935 1.263935
4373.760742 0.000000 3298.668945 0.000000 0.484905 0.000000 0.874567 1.289635 1.289635 1.289635
4322.799805 0.000000 3280.219971 0.000000 0.452767 0.000000 0.891629 1.296427 1.296427 1.296427
4359.102051 0.000000 3345.422852 0.000000 0.199263 0.000000 0.979946 1.268871 1.268871 1.268871
4335.475098 0.000000 3264.926270 0.000000 0.917618 0.000000 0.397463 1.296020 1.296020 1.296020
4389.677734 0.000000 3323.953857 0.000000 0.924677 0.000000 0.380753 1.297464 1.297464 1.297464
4385.531738 0.000000 3266.051270 0.000000 0.511039 0.000000 0.859558 1.289928 1.289928 1.289928
4319.726562 0.000000 3328.798828 0.000000 0.033691 0.000000 0.999432 1.280045 1.280045 1.280045
4385.888672 0.000000 3346.360107 0.000000 0.692035 0.000000 -0.721864 1.302617 1.302617 1.302617
4359.029297 0.000000 3274.448486 0.000000 0.726114 0.000000 0.687575 1.297539 1.297539 1.297539
4334.866211 0.000000 3306.719727 0.000000 0.578178 0.000000 -0.815910 1.318583 1.318583 1.318583
4331.440918 0.000000 3347.691895 0.000000 0.703218 0.000000 -0.710974 1.317968 1.317968 1.317968
4366.093262 0.000000 3334.549072 0.000000 0.943184 0.000000 -0.332272 1.306596 1.306596 1.306596
4335.877441 0.000000 3290.897217 0.000000 0.691618 0.000000 -0.722263 1.302619 1.302619 1.302619
4347.652832 0.000000 3341.463135 0.000000 0.225214 0.000000 0.974309 1.260753 1.260753 1.260753
4321.220703 0.000000 3354.881592 0.000000 0.896371 0.000000 0.443304 1.291056 1.291056 1.291056
4386.823730 0.000000 3280.439697 0.000000 0.858600 0.000000 -0.512645 1.301747 1.301747 1.301747
4346.270508 0.000000 3286.982910 0.000000 0.634720 0.000000 0.772742 1.294267 1.294267 1.294267
4355.778809 0.000000 3297.836670 0.000000 0.955526 0.000000 -0.294908 1.302915 1.302915 1.302915
4357.033203 0.000000 3318.434570 0.000000 0.835509 0.000000 -0.549477 1.318880 1.318880 1.318880
4348.312988 0.000000 3275.440674 0.000000 0.632239 0.000000 -0.774773 1.305753 1.305753 1.305753
4360.456543 0.000000 3355.965820 0.000000 0.937554 0.000000 0.347840 1.293082 1.293082 1.293082
4339.275879 0.000000 3325.781982 0.000000 0.752998 0.000000 0.658023 1.269698 1.269698 1.269698
4378.160645 0.000000 3273.351074 0.000000 0.656899 0.000000 -0.753978 1.305544 1.305544 1.305544
4377.367676 0.000000 3323.174316 0.000000 0.950274 0.000000 -0.311417 1.301028 1.301028 1.301028
4386.129883 0.000000 3304.830566 0.000000 0.874620 0.000000 -0.484809 1.301643 1.301643 1.301643
4349.851562 0.000000 3308.214600 0.000000 0.659597 0.000000 -0.751619 1.322083 1.322083 1.322083
4372.829590 0.000000 3342.232422 0.000000 0.188133 0.000000 0.982144 1.277581 1.277581 1.277581
4370.498535 0.000000 3308.194336 0.000000 0.965343 0.000000 0.260986 1.297429 1.297429 1.297429
4367.830566 0.000000 3290.291992 0.000000 0.993781 0.000000 -0.111350 1.300724 1.300724 1.300724
4330.243652 0.000000 3273.508545 0.000000 0.966140 0.000000 0.258019 1.298306 1.298306 1.298306
4326.500000 0.000000 3336.684082 0.000000 0.322487 0.000000 -0.946574 1.328226 1.328226 1.328226
4330.187988 0.000000 3328.057861 0.000000 0.549003 0.000000 -0.835820 1.338542 1.338542 1.338542
4384.007812 0.000000 3355.157715 0.000000 0.940971 0.000000 0.338488 1.297758 1.297758 1.297758
4360.859375 0.000000 3263.874756 0.000000 0.369048 0.000000 0.929410 1.292257 1.292257 1.292257
4352.365234 0.000000 3351.506104 0.000000 0.810776 0.000000 -0.585356 1.316236 1.316236 1.316236
4344.646484 0.000000 3332.790039 0.000000 0.770006 0.000000 -0.638036 1.329194 1.329194 1.329194
4365.184570 0.000000 3301.087891 0.000000 0.245548 0.000000 -0.969384 1.312879 1.312879 1.312879
4339.509277 0.000000 3344.142334 0.000000 0.885918 0.000000 0.463842 1.287477 1.287477 1.287477
4334.860840 0.000000 3355.451172 0.000000 0.674475 0.000000 -0.738297 1.316173 1.316173 1.316173
4377.437988 0.000000 3263.507568 0.000000 0.392374 0.000000 0.919806 1.284842 1.284842 1.284842
4387.905273 0.000000 3336.909668 0.000000 0.842821 0.000000 -0.538194 1.303689 1.303689 1.303689
4338.398438 0.000000 3314.284424 0.000000 0.959539 0.000000 -0.281576 1.310190 1.310190 1.310190
4387.299316 0.000000 3315.807861 0.000000 0.974187 0.000000 0.225740 1.298522 1.298522 1.298522
4321.497559 0.000000 3320.540039 0.000000 0.998822 0.000000 -0.048534 1.300788 1.300788 1.300788
4391.136230 0.000000 3272.718262 0.000000 0.909997 0.000000 0.414615 1.297225 1.297225 1.297225
4342.965820 0.000000 3268.606934 0.000000 0.857965 0.000000 -0.513708 1.303502 1.303502 1.303502
4327.843750 0.000000 3310.827637 0.000000 0.640023 0.000000 -0.768355 1.311376 1.311376 1.311376
4365.187500 0.000000 3314.658447 0.000000 0.660804 0.000000 -0.750559 1.311020 1.311020 1.311020
4336.411621 0.000000 3298.902344 0.000000 0.998983 0.000000 0.045081 1.299415 1.299415 1.299415
4350.708008 0.000000 3323.929932 0.000000 0.824856 0.000000 0.565343 1.280499 1.280499 1.280499
4372.149902 0.000000 3329.443359 0.000000 0.659874 0.000000 -0.751376 1.305518 1.305518 1.305518
4359.656250 0.000000 3326.504150 0.000000 0.775765 0.000000 -0.631021 1.313298 1.313298 1.313298
4358.906250 0.000000 3337.445068 0.000000 0.904060 0.000000 -0.427405 1.310033 1.310033 1.310033
4366.658203 0.000000 3347.211914 0.000000 0.855767 0.000000 0.517362 1.289411 1.289411 1.289411
4378.004883 0.000000 3305.547607 0.000000 0.921407 0.000000 -0.388598 1.302591 1.302591 1.302591
4342.270996 0.000000 3307.859619 0.000000 0.990847 0.000000 0.134992 1.297363 1.297363 1.297363
4378.449219 0.000000 3348.266357 0.000000 0.519002 0.000000 -0.854773 1.306654 1.306654 1.306654
4328.054199 0.000000 3358.907471 0.000000 0.764479 0.000000 0.644649 1.284084 1.284084 1.284084
4352.797852 0.000000 3281.885010 0.000000 0.822645 0.000000 -0.568555 1.303925 1.303925 1.303925
4372.959473 0.000000 3316.493896 0.000000 0.867361 0.000000 0.497679 1.294928 1.294928 1.294928
4323.041504 0.000000 3271.332764 0.000000 0.956451 0.000000 -0.291892 1.301923 1.301923 1.301923
4381.510254 0.000000 3340.546387 0.000000 0.822682 0.000000 -0.568502 1.303925 1.303925 1.303925
4352.185547 0.000000 3291.577148 0.000000 0.858440 0.000000 0.512915 1.296504 1.296504 1.296504
4361.382812 0.000000 3293.542725 0.000000 0.080154 0.000000 0.996782 1.285487 1.285487 1.285487
4328.527344 0.000000 3266.404541 0.000000 0.960747 0.000000 -0.277425 1.301825 1.301825 1.301825
4324.380859 0.000000 3348.731445 0.000000 0.313991 0.000000 0.949426 1.271570 1.271570 1.271570
4342.186035 0.000000 3359.425293 0.000000 0.589437 0.000000 -0.807814 1.321365 1.321365 1.321365
4328.154785 0.000000 3304.140381 0.000000 0.874423 0.000000 0.485165 1.293424 1.293424 1.293424
4336.858398 0.000000 3271.599365 0.000000 0.338863 0.000000 0.940836 1.292048 1.292048 1.292048
4363.710938 0.000000 3269.909912 0.000000 0.983806 0.000000 0.179237 1.298830 1.298830 1.298830
4367.145996 0.000000 3356.981445 0.000000 0.946947 0.000000 0.321391 1.294690 1.294690 1.294690
4332.149414 0.000000 3340.972412 0.000000 0.647957 0.000000 0.761677 1.277518 1.277518 1.277518
4355.025391 0.000000 3304.329346 0.000000 0.937351 0.000000 0.348386 1.295380 1.295380 1.295380
4352.843750 0.000000 3313.722412 0.000000 0.154843 0.000000 -0.987939 1.336748 1.336748 1.336748
4364.989258 0.000000 3340.662842 0.000000 0.999196 0.000000 0.040083 1.299089 1.299089 1.299089
4354.273926 0.000000 3341.641357 0.000000 0.454755 0.000000 -0.890617 1.324961 1.324961 1.324961
4336.408203 0.000000 3320.335693 0.000000 0.828476 0.000000 0.560025 1.274921 1.274921 1.274921
4320.398438 0.000000 3337.543945 0.000000 0.518452 0.000000 -0.855107 1.316646 1.316646 1.316646
4347.482422 0.000000 3347.682373 0.000000 0.997175 0.000000 0.075115 1.297316 1.297316 1.297316
4348.431152 0.000000 3356.293945 0.000000 0.232777 0.000000 0.972530 1.269651 1.269651 1.269651
4373.218750 0.000000 3336.197510 0.000000 0.994787 0.000000 -0.101971 1.301326 1.301326 1.301326
4326.194336 0.000000 3342.880371 0.000000 0.496186 0.000000 0.868216 1.276109 1.276109 1.276109
4342.176758 0.000000 3338.505371 0.000000 0.245910 0.000000 0.969293 1.265667 1.265667 1.265667
4345.322754 0.000000 3326.589600 0.000000 0.999847 0.000000 -0.017506 1.300739 1.300739 1.300739
4337.583008 0.000000 3349.855469 0.000000 0.638868 0.000000 -0.769316 1.325639 1.325639 1.325639
4365.223633 0.000000 3328.615723 0.000000 0.998948 0.000000 0.045857 1.299255 1.299255 1.299255
4378.348145 0.000000 3356.753418 0.000000 0.775067 0.000000 0.631879 1.293340 1.293340 1.293340
4349.792480 0.000000 3301.400391 0.000000 0.721930 0.000000 0.691966 1.287599 1.287599 1.287599
4324.994629 0.000000 3325.202637 0.000000 0.663838 0.000000 -0.747876 1.316452 1.316452 1.316452
4323.706055 0.000000 3315.005127 0.000000 0.736548 0.000000 -0.676385 1.309644 1.309644 1.309644
4325.038086 0.000000 3331.097168 0.000000 0.746746 0.000000 -0.665109 1.318892 1.318892 1.318892
4350.240723 0.000000 3336.127686 0.000000 0.998031 0.000000 0.062724 1.297963 1.297963 1.297963
4329.059570 0.000000 3353.133789 0.000000 0.131053 0.000000 0.991375 1.267300 1.267300 1.267300
4368.428711 0.000000 3295.963135 0.000000 0.908607 0.000000 0.417652 1.295805 1.295805 1.295805
4362.239746 0.000000 3350.583496 0.000000 0.817187 0.000000 0.576373 1.286044 1.286044 1.286044
4333.138672 0.000000 3312.099854 0.000000 0.897195 0.000000 0.441635 1.288123 1.288123 1.288123
4355.449707 0.000000 3358.946045 0.000000 0.121785 0.000000 0.992556 1.271789 1.271789 1.271789
4360.262207 0.000000 3332.062988 0.000000 0.642716 0.000000 0.766105 1.285837 1.285837 1.285837
4331.440918 0.000000 3333.427734 0.000000 0.202839 0.000000 0.979212 1.251214 1.251214 1.251214
4336.116699 0.000000 3330.209961 0.000000 0.923529 0.000000 -0.383528 1.316607 1.316607 1.316607
4340.199219 0.000000 3302.942139 0.000000 0.306861 0.000000 -0.951754 1.320429 1.320429 1.320429
4362.455566 0.000000 3319.602051 0.000000 0.539609 0.000000 -0.841916 1.316241 1.316241 1.316241
4345.886719 0.000000 3312.313721 0.000000 0.386761 0.000000 -0.922180 1.341901 1.341901 1.341901
4359.917969 0.000000 3301.531982 0.000000 0.996222 0.000000 0.086842 1.298871 1.298871 1.298871
4359.858398 0.000000 3313.634521 0.000000 0.693739 0.000000 0.720227 1.286951 1.286951 1.286951
4373.396973 0.000000 3347.311523 0.000000 0.498151 0.000000 -0.867090 1.320434 1.320434 1.320434
4343.123047 0.000000 3321.926758 0.000000 0.209241 0.000000 -0.977864 1.361794 1.361794 1.361794
4365.419922 0.000000 3307.242676 0.000000 0.819118 0.000000 -0.573625 1.307931 1.307931 1.307931
4334.196777 0.000000 3324.914795 0.000000 0.993041 0.000000 0.117767 1.294253 1.294253 1.294253
4353.378906 0.000000 3346.597168 0.000000 0.348518 0.000000 -0.937302 1.331541 1.331541 1.331541
4351.015137 0.000000 3318.443604 0.000000 0.759462 0.000000 0.650551 1.279310 1.279310 1.279310
4355.895020 0.000000 3323.274170 0.000000 0.818872 0.000000 0.573976 1.282143 1.282143 1.282143
4345.136719 0.000000 3303.778564 0.000000 0.774691 0.000000 0.632340 1.286669 1.286669 1.286669
4349.165527 0.000000 3329.724854 0.000000 0.363095 0.000000 0.931752 1.249403 1.249403 1.249403
4355.640625 0.000000 3309.725098 0.000000 0.587637 0.000000 0.809124 1.278584 1.278584 1.278584
4357.069336 0.000000 3349.781738 0.000000 0.084649 0.000000 0.996411 1.266239 1.266239 1.266239
4319.615234 0.000000 3349.459717 0.000000 0.890109 0.000000 0.455748 1.290785 1.290785 1.290785
4332.677734 0.000000 3302.209473 0.000000 0.810001 0.000000 -0.586429 1.308135 1.308135 1.308135
4368.300781 0.000000 3318.195068 0.000000 0.077572 0.000000 -0.996987 1.319384 1.319384 1.319384
4367.999512 0.000000 3351.786133 0.000000 0.652108 0.000000 0.758126 1.280452 1.280452 1.280452
4376.952148 0.000000 3339.765625 0.000000 0.087181 0.000000 -0.996193 1.319259 1.319259 1.319259
4369.424316 0.000000 3338.941650 0.000000 0.337229 0.000000 0.941423 1.280092 1.280092 1.280092
4355.863281 0.000000 3354.406006 0.000000 0.628584 0.000000 -0.777741 1.317352 1.317352 1.317352
4329.857910 0.000000 3323.241211 0.000000 0.650274 0.000000 -0.759700 1.322403 1.322403 1.322403
4340.140137 0.000000 3333.407227 0.000000 0.727790 0.000000 0.685800 1.263210 1.263210 1.263210
4339.785156 0.000000 3355.430664 0.000000 0.995273 0.000000 -0.097116 1.302210 1.302210 1.302210
4334.850098 0.000000 3344.624268 0.000000 0.581869 0.000000 0.813282 1.275340 1.275340 1.275340
4325.917480 0.000000 3319.197998 0.000000 0.514873 0.000000 -0.857267 1.320056 1.320056 1.320056
4336.606445 0.000000 3340.469238 0.000000 0.758304 0.000000 -0.651902 1.320741 1.320741 1.320741
4340.504395 0.000000 3318.265869 0.000000 0.616324 0.000000 0.787493 1.258801 1.258801 1.258801
4334.475098 0.000000 3316.301758 0.000000 0.505867 0.000000 -0.862611 1.340520 1.340520 1.340520
4344.179688 0.000000 3344.126465 0.000000 0.983997 0.000000 -0.178183 1.305814 1.305814 1.305814
4354.663574 0.000000 3335.723145 0.000000 0.999981 0.000000 -0.006105 1.300139 1.300139 1.300139
4341.916504 0.000000 3329.283447 0.000000 0.999876 0.000000 -0.015761 1.300716 1.300716 1.300716
4341.833496 0.000000 3347.882568 0.000000 0.660397 0.000000 0.750917 1.277945 1.277945 1.277945
4360.782227 0.000000 3341.502197 0.000000 0.890971 0.000000 0.454060 1.287763 1.287763 1.287763
4369.206055 0.000000 3326.345215 0.000000 0.997912 0.000000 -0.064586 1.301049 1.301049 1.301049
4338.133789 0.000000 3309.961182 0.000000 0.309909 0.000000 0.950766 1.263322 1.263322 1.263322
4354.016602 0.000000 3327.164307 0.000000 0.751826 0.000000 0.659361 1.281307 1.281307 1.281307
4333.416504 0.000000 3351.497559 0.000000 0.220606 0.000000 -0.975363 1.335009 1.335009 1.335009
4368.214355 0.000000 3343.322266 0.000000 0.080431 0.000000 0.996760 1.270980 1.270980 1.270980
4363.382324 0.000000 3344.663574 0.000000 0.757160 0.000000 0.653229 1.281518 1.281518 1.281518
4346.084473 0.000000 3337.117920 0.000000 0.189821 0.000000 0.981819 1.264174 1.264174 1.264174
4325.240234 0.000000 3355.813721 0.000000 0.822501 0.000000 0.568763 1.286255 1.286255 1.286255
4347.327637 0.000000 3321.555908 0.000000 0.198012 0.000000 0.980200 1.242136 1.242136 1.242136
4342.419434 0.000000 3314.639404 0.000000 0.478915 0.000000 0.877861 1.261751 1.261751 1.261751
4328.335938 0.000000 3314.818604 0.000000 0.704469 0.000000 0.709735 1.284633 1.284633 1.284633
4332.212891 0.000000 3358.483643 0.000000 0.877076 0.000000 0.480351 1.290243 1.290243 1.290243
4344.333496 0.000000 3355.866455 0.000000 0.573086 0.000000 0.819495 1.278178 1.278178 1.278178
4322.712891 0.000000 3340.858154 0.000000 0.517324 0.000000 -0.855790 1.320000 1.320000 1.320000
4347.970215 0.000000 3351.657959 0.000000 0.036661 0.000000 -0.999328 1.339832 1.339832 1.339832
4362.969238 0.000000 3336.940430 0.000000 0.143457 0.000000 -0.989657 1.332416 1.332416 1.332416
4350.061035 0.000000 3344.575684 0.000000 0.404456 0.000000 -0.914558 1.333720 1.333720 1.333720
4348.948242 0.000000 3314.733643 0.000000 0.708609 0.000000 -0.705601 1.325421 1.325421 1.325421
4330.427734 0.000000 3337.360352 0.000000 0.664735 0.000000 0.747079 1.280833 1.280833 1.280833
4327.645020 0.000000 3346.474365 0.000000 0.368649 0.000000 -0.929569 1.327109 1.327109 1.327109
4352.429199 0.000000 3356.135742 0.000000 0.904407 0.000000 0.426671 1.289985 1.289985 1.289985
4359.391113 0.000000 3321.825439 0.000000 0.970778 0.000000 0.239978 1.294494 1.294494 1.294494
4357.283691 0.000000 3329.658936 0.000000 0.935083 0.000000 0.354430 1.292945 1.292945 1.292945
4323.018555 0.000000 3345.028809 0.000000 0.954499 0.000000 0.298215 1.292138 1.292138 1.292138
4338.829590 0.000000 3306.369873 0.000000 0.911762 0.000000 -0.410720 1.312363 1.312363 1.312363
4351.049316 0.000000 3339.680664 0.000000 0.975365 0.000000 -0.220599 1.306497 1.306497 1.306497
4351.263184 0.000000 3304.895996 0.000000 0.876789 0.000000 -0.480876 1.311397 1.311397 1.311397
4356.392578 0.000000 3314.870117 0.000000 0.855095 0.000000 0.518472 1.284079 1.284079 1.284079
4333.030762 0.000000 3321.502930 0.000000 0.927586 0.000000 -0.373611 1.313670 1.313670 1.313670
4330.750977 0.000000 3344.237305 0.000000 0.496886 0.000000 0.867816 1.276127 1.276127 1.276127
4327.773438 0.000000 3333.257568 0.000000 0.495828 0.000000 0.868421 1.269271 1.269271 1.269271
4359.000488 0.000000 3352.744629 0.000000 0.843478 0.000000 -0.537163 1.314723 1.314723 1.314723
4339.654785 0.000000 3322.057129 0.000000 0.092946 0.000000 -0.995671 1.362347 1.362347 1.362347
4354.042969 0.000000 3320.173584 0.000000 0.187264 0.000000 -0.982310 1.344867 1.344867 1.344867
4341.256348 0.000000 3311.390381 0.000000 0.984147 0.000000 -0.177353 1.305208 1.305208 1.305208
4348.175781 0.000000 3333.088623 0.000000 0.175458 0.000000 0.984487 1.259269 1.259269 1.259269
4326.811035 0.000000 3328.111816 0.000000 0.851737 0.000000 -0.523969 1.316109 1.316109 1.316109
4333.905762 0.000000 3338.189697 0.000000 0.999732 0.000000 -0.023132 1.300676 1.300676 1.300676
4339.018066 0.000000 3337.951904 0.000000 0.376465 0.000000 0.926431 1.265392 1.265392 1.265392
4350.397949 0.000000 3311.509033 0.000000 0.791928 0.000000 -0.610614 1.319186 1.319186 1.319186
4353.904785 0.000000 3316.920898 0.000000 0.274902 0.000000 -0.961472 1.341942 1.341942 1.341942
4332.850586 0.000000 3330.058350 0.000000 0.372547 0.000000 -0.928013 1.346309 1.346309 1.346309
4334.545898 0.000000 3348.525635 0.000000 0.912038 0.000000 0.410105 1.287657 1.287657 1.287657
4348.626465 0.000000 3326.401611 0.000000 0.199263 0.000000 -0.979946 1.357811 1.357811 1.357811
4341.604980 0.000000 3341.800293 0.000000 0.433318 0.000000 0.901241 1.267208 1.267208 1.267208
4337.046387 0.000000 3353.182617 0.000000 0.972349 0.000000 -0.233531 1.306885 1.306885 1.306885
4331.401367 0.000000 3315.641846 0.000000 0.937561 0.000000 0.347820 1.289623 1.289623 1.289623
4342.461426 0.000000 3325.273193 0.000000 0.236533 0.000000 0.971623 1.243801 1.243801 1.243801
4345.721191 0.000000 3329.803223 0.000000 0.925067 0.000000 -0.379804 1.315173 1.315173 1.315173
4337.416504 0.000000 3317.397461 0.000000 0.913178 0.000000 0.407562 1.283651 1.283651 1.283651
4343.205566 0.000000 3335.529297 0.000000 0.604808 0.000000 0.796371 1.264120 1.264120 1.264120
4334.695801 0.000000 3333.021973 0.000000 0.820931 0.000000 -0.571028 1.323670 1.323670 1.323670
4337.037598 0.000000 3323.751709 0.000000 0.203766 0.000000 -0.979020 1.353184 1.353184 1.353184
4336.433594 0.000000 3327.197021 0.000000 0.920484 0.000000 0.390780 1.284364 1.284364 1.284364
4338.974121 0.000000 3328.783691 0.000000 0.852362 0.000000 0.522953 1.276781 1.276781 1.276781
4347.049316 0.000000 3344.797852 0.000000 0.560704 0.000000 -0.828016 1.334828 1.334828 1.334828
4328.537598 0.000000 3330.419434 0.000000 0.999936 0.000000 -0.011297 1.300367 1.300367 1.300367
4343.309570 0.000000 3319.060059 0.000000 0.395757 0.000000 0.918355 1.247115 1.247115 1.247115
4345.300781 0.000000 3323.698242 0.000000 0.436304 0.000000 0.899799 1.249142 1.249142 1.249142
4351.967285 0.000000 3329.079590 0.000000 0.290482 0.000000 -0.956880 1.353839 1.353839 1.353839
4333.091309 0.000000 3318.774902 0.000000 0.857006 0.000000 -0.515307 1.319327 1.319327 1.319327
4346.058594 0.000000 3314.981445 0.000000 0.496089 0.000000 0.868272 1.259040 1.259040 1.259040
4337.501465 0.000000 3332.530029 0.000000 0.341062 0.000000 0.940041 1.252378 1.252378 1.252378
4351.259766 0.000000 3326.538086 0.000000 0.094307 0.000000 -0.995543 1.362290 1.362290 1.362290
4333.551758 0.000000 3327.501221 0.000000 0.839179 0.000000 0.543855 1.277605 1.277605 1.277605
4342.187988 0.000000 3331.843506 0.000000 0.969320 0.000000 -0.245800 1.312090 1.312090 1.312090
4410.204590 0.000000 3279.315186 0.000000 0.285618 0.000000 -0.958344 1.316632 1.316632 1.316632
4402.302734 0.000000 3318.629150 0.000000 0.667010 0.000000 0.745049 1.286359 1.286359 1.286359
4432.227051 0.000000 3308.287842 0.000000 0.760945 0.000000 0.648816 1.297709 1.297709 1.297709
4391.575195 0.000000 3343.649658 0.000000 0.420101 0.000000 0.907477 1.296309 1.296309 1.296309
4392.625488 0.000000 3264.082275 0.000000 0.390898 0.000000 0.920434 1.288616 1.288616 1.288616
4430.544922 0.000000 3286.873535 0.000000 0.190170 0.000000 -0.981751 1.304477 1.304477 1.304477
4397.917969 0.000000 3297.843262 0.000000 0.913595 0.000000 -0.406625 1.301359 1.301359 1.301359
4416.480469 0.000000 3298.852539 0.000000 0.870306 0.000000 0.492512 1.291643 1.291643 1.291643
4408.306152 0.000000 3335.914062 0.000000 0.993619 0.000000 0.112786 1.299633 1.299633 1.299633
4417.987793 0.000000 3317.680420 0.000000 0.435481 0.000000 0.900198 1.285457 1.285457 1.285457
4394.791992 0.000000 3280.219971 0.000000 0.813227 0.000000 0.581947 1.295968 1.295968 1.295968
4407.467285 0.000000 3264.926270 0.000000 0.340681 0.000000 -0.940179 1.307940 1.307940 1.307940
4391.718750 0.000000 3328.798828 0.000000 0.501369 0.000000 0.865234 1.293213 1.293213 1.293213
4391.784668 0.000000 3309.528320 0.000000 0.990817 0.000000 -0.135212 1.300880 1.300880 1.300880
4406.858398 0.000000 3306.719727 0.000000 0.713048 0.000000 -0.701116 1.312608 1.312608 1.312608
4407.869629 0.000000 3290.897217 0.000000 0.707089 0.000000 -0.707124 1.307647 1.307647 1.307647
4418.262695 0.000000 3286.982910 0.000000 0.997128 0.000000 -0.075738 1.300492 1.300492 1.300492
4427.770996 0.000000 3297.836670 0.000000 0.662271 0.000000 -0.749264 1.305498 1.305498 1.305498
4429.025391 0.000000 3318.434570 0.000000 0.261891 0.000000 -0.965098 1.304238 1.304238 1.304238
4420.305176 0.000000 3275.440674 0.000000 0.848956 0.000000 0.528463 1.298193 1.298193 1.298193
4411.268066 0.000000 3325.781982 0.000000 0.465035 0.000000 0.885292 1.289415 1.289415 1.289415
4421.843750 0.000000 3308.214600 0.000000 0.111079 0.000000 0.993812 1.281053 1.281053 1.281053
4402.235840 0.000000 3273.508545 0.000000 0.113193 0.000000 -0.993573 1.318919 1.318919 1.318919
4402.180176 0.000000 3328.057861 0.000000 0.875215 0.000000 0.483735 1.293445 1.293445 1.293445
4402.634277 0.000000 3284.217773 0.000000 0.236155 0.000000 -0.971715 1.317297 1.317297 1.317297
4410.390625 0.000000 3314.284424 0.000000 0.861268 0.000000 0.508151 1.289620 1.289620 1.289620
4393.489746 0.000000 3320.540039 0.000000 0.711279 0.000000 0.702910 1.292410 1.292410 1.292410
4414.958008 0.000000 3268.606934 0.000000 0.175036 0.000000 0.984562 1.290946 1.290946 1.290946
4399.835938 0.000000 3310.827637 0.000000 0.950474 0.000000 -0.310805 1.303077 1.303077 1.303077
4408.403809 0.000000 3298.902344 0.000000 0.741889 0.000000 0.670523 1.288074 1.288074 1.288074
4422.700195 0.000000 3323.929932 0.000000 0.568029 0.000000 -0.823009 1.306275 1.306275 1.306275
4414.263184 0.000000 3307.859619 0.000000 0.651999 0.000000 -0.758220 1.313965 1.313965 1.313965
4424.790039 0.000000 3281.885010 0.000000 0.893883 0.000000 -0.448301 1.303017 1.303017 1.303017
4395.033691 0.000000 3271.332764 0.000000 0.794845 0.000000 -0.606813 1.306349 1.306349 1.306349
4424.177734 0.000000 3291.577148 0.000000 0.559803 0.000000 -0.828625 1.306339 1.306339 1.306339
4400.445312 0.000000 3291.073730 0.000000 0.650217 0.000000 0.759749 1.294399 1.294399 1.294399
4400.519531 0.000000 3266.404541 0.000000 0.915142 0.000000 0.403131 1.295960 1.295960 1.295960
4400.146973 0.000000 3304.140381 0.000000 0.715969 0.000000 0.698133 1.292476 1.292476 1.292476
4408.850586 0.000000 3271.599365 0.000000 0.795481 0.000000 -0.605978 1.306338 1.306338 1.306338
4414.324707 0.000000 3292.205078 0.000000 0.780848 0.000000 -0.624721 1.308760 1.308760 1.308760
4427.017578 0.000000 3304.329346 0.000000 0.806013 0.000000 -0.591898 1.306167 1.306167 1.306167
4424.835938 0.000000 3313.722412 0.000000 0.876412 0.000000 -0.481562 1.304892 1.304892 1.304892
4416.748047 0.000000 3280.746094 0.000000 0.934267 0.000000 0.356575 1.296450 1.296450 1.296450
4411.165527 0.000000 3285.521484 0.000000 0.984470 0.000000 -0.175553 1.301718 1.301718 1.301718
4408.400391 0.000000 3320.335693 0.000000 0.999003 0.000000 0.044636 1.299275 1.299275 1.299275
4417.314941 0.000000 3326.589600 0.000000 0.952710 0.000000 -0.303881 1.303006 1.303006 1.303006
4421.784668 0.000000 3301.400391 0.000000 0.757134 0.000000 -0.653260 1.309242 1.309242 1.309242
4414.319336 0.000000 3274.601807 0.000000 0.055013 0.000000 0.998486 1.285242 1.285242 1.285242
4396.986816 0.000000 3325.202637 0.000000 0.881966 0.000000 -0.471313 1.304778 1.304778 1.304778
4395.698242 0.000000 3315.005127 0.000000 0.327678 0.000000 -0.944790 1.312044 1.312044 1.312044
4403.582520 0.000000 3295.878906 0.000000 0.408594 0.000000 0.912716 1.288804 1.288804 1.288804
4400.155762 0.000000 3278.691162 0.000000 0.596774 0.000000 -0.802410 1.312090 1.312090 1.312090
4405.130859 0.000000 3312.099854 0.000000 0.998119 0.000000 0.061303 1.298805 1.298805 1.298805
4408.108887 0.000000 3330.209961 0.000000 0.045916 0.000000 0.998945 1.285153 1.285153 1.285153
4412.191406 0.000000 3302.942139 0.000000 0.857104 0.000000 -0.515144 1.308782 1.308782 1.308782
4417.878906 0.000000 3312.313721 0.000000 0.570398 0.000000 -0.821369 1.315640 1.315640 1.315640
4420.417480 0.000000 3295.350830 0.000000 0.699508 0.000000 -0.714625 1.310335 1.310335 1.310335
4415.115234 0.000000 3321.926758 0.000000 0.111549 0.000000 -0.993759 1.323676 1.323676 1.323676
4406.188965 0.000000 3324.914795 0.000000 0.933524 0.000000 0.358516 1.295240 1.295240 1.295240
4417.128906 0.000000 3303.778564 0.000000 0.548646 0.000000 0.836055 1.283934 1.283934 1.283934
4410.749512 0.000000 3294.995850 0.000000 0.306182 0.000000 0.951973 1.279559 1.279559 1.279559
4412.496582 0.000000 3318.265869 0.000000 0.983777 0.000000 0.179395 1.297073 1.297073 1.297073
4406.467285 0.000000 3316.301758 0.000000 0.507211 0.000000 0.861822 1.283142 1.283142 1.283142
4410.125977 0.000000 3309.961182 0.000000 0.994539 0.000000 0.104361 1.298303 1.298303 1.298303
4338.212402 0.000000 3375.299561 0.000000 0.821480 0.000000 -0.570238 1.305908 1.305908 1.305908
4369.675781 0.000000 3363.069824 0.000000 0.999972 0.000000 -0.007482 1.300073 1.300073 1.300073
4320.633301 0.000000 3360.066650 0.000000 0.633389 0.000000 -0.773834 1.314359 1.314359 1.314359
4350.042969 0.000000 3359.763672 0.000000 0.243922 0.000000 0.969795 1.269912 1.269912 1.269912
4322.799805 0.000000 3376.204346 0.000000 0.999999 0.000000 -0.001061 1.300003 1.300003 1.300003
4335.475098 0.000000 3360.910645 0.000000 0.928497 0.000000 0.371339 1.292591 1.292591 1.292591
4359.029297 0.000000 3370.432861 0.000000 0.991598 0.000000 0.129354 1.298737 1.298737 1.298737
4348.312988 0.000000 3371.425049 0.000000 0.420545 0.000000 0.907272 1.292621 1.292621 1.292621
4330.243652 0.000000 3369.492920 0.000000 0.120245 0.000000 0.992744 1.281173 1.281173 1.281173
4360.859375 0.000000 3359.859131 0.000000 0.873390 0.000000 0.487022 1.288444 1.288444 1.288444
4377.437988 0.000000 3359.491943 0.000000 0.946168 0.000000 0.323675 1.296791 1.296791 1.296791
4342.965820 0.000000 3364.591309 0.000000 0.780650 0.000000 0.624969 1.289045 1.289045 1.289045
4323.041504 0.000000 3367.317139 0.000000 0.750749 0.000000 0.660588 1.290632 1.290632 1.290632
4328.527344 0.000000 3362.388916 0.000000 0.067989 0.000000 -0.997686 1.329263 1.329263 1.329263
4353.378418 0.000000 3366.263916 0.000000 0.999868 0.000000 -0.016254 1.300211 1.300211 1.300211
4336.858398 0.000000 3367.583740 0.000000 0.590535 0.000000 -0.807012 1.318287 1.318287 1.318287
4363.710938 0.000000 3365.894287 0.000000 0.652364 0.000000 0.757906 1.291626 1.291626 1.291626
4342.327148 0.000000 3370.586182 0.000000 0.973978 0.000000 -0.226643 1.302226 1.302226 1.302226
4328.163574 0.000000 3374.675537 0.000000 0.504470 0.000000 0.863429 1.289854 1.289854 1.289854
4355.511719 0.000000 3361.207520 0.000000 0.847662 0.000000 0.530537 1.289110 1.289110 1.289110
4348.292969 0.000000 3365.455322 0.000000 0.998600 0.000000 0.052896 1.298798 1.298798 1.298798
4358.664551 0.000000 3365.218506 0.000000 0.929322 0.000000 -0.369270 1.304910 1.304910 1.304910
4332.398438 0.000000 3365.345947 0.000000 0.170135 0.000000 -0.985421 1.327259 1.327259 1.327259
4365.837402 0.000000 3359.938477 0.000000 0.458036 0.000000 -0.888933 1.321323 1.321323 1.321323
4340.004883 0.000000 3360.972900 0.000000 0.850035 0.000000 0.526725 1.287397 1.287397 1.287397
4345.798828 0.000000 3361.234863 0.000000 0.196026 0.000000 -0.980599 1.326746 1.326746 1.326746
4324.350586 0.000000 3363.019043 0.000000 0.108136 0.000000 0.994136 1.271522 1.271522 1.271522
4327.242188 0.000000 3366.475830 0.000000 0.925803 0.000000 0.378006 1.293710 1.293710 1.293710
4331.738770 0.000000 3359.955078 0.000000 0.537609 0.000000 -0.843194 1.319535 1.319535 1.319535
4337.772461 0.000000 3363.999268 0.000000 0.657371 0.000000 0.753567 1.280610 1.280610 1.280610
4326.172363 0.000000 3359.585693 0.000000 0.299964 0.000000 0.953950 1.271235 1.271235 1.271235
7731.115234 0.000000 468.151001 0.000000 0.001505 0.000000 -0.999999 1.575030 1.575030 1.575030
7740.702148 0.000000 470.250275 0.000000 0.951938 0.000000 -0.306290 1.315155 1.315155 1.315155
7731.603027 0.000000 472.126465 0.000000 0.348307 0.000000 -0.937381 1.327604 1.327604 1.327604
7728.437500 0.000000 469.816223 0.000000 0.463247 0.000000 0.886229 1.232838 1.232838 1.232838
7765.301758 0.000000 477.044708 0.000000 0.087875 0.000000 -0.996131 1.478061 1.478061 1.478061
7738.781738 0.000000 472.293610 0.000000 0.502450 0.000000 0.864606 1.249157 1.249157 1.249157
7728.336914 0.000000 467.148254 0.000000 0.354526 0.000000 0.935046 1.190188 1.190188 1.190188
7756.402832 0.000000 454.132294 0.000000 0.770591 0.000000 0.637330 1.248417 1.248417 1.248417
7754.812012 0.000000 455.836945 0.000000 0.637127 0.000000 0.770759 1.208603 1.208603 1.208603
7767.530762 0.000000 465.630859 0.000000 0.106765 0.000000 -0.994284 1.404519 1.404519 1.404519
7741.779785 0.000000 468.190613 0.000000 0.894650 0.000000 -0.446768 1.355617 1.355617 1.355617
7748.976074 0.000000 466.033325 0.000000 0.677490 0.000000 -0.735532 1.356327 1.356327 1.356327
7730.649902 0.000000 470.153076 0.000000 0.995377 0.000000 0.096048 1.290009 1.290009 1.290009
7767.223633 0.000000 477.778931 0.000000 0.400535 0.000000 0.916282 1.172141 1.172141 1.172141
7732.633789 0.000000 466.816895 0.000000 0.998016 0.000000 0.062968 1.288957 1.288957 1.288957
7768.708496 0.000000 468.500366 0.000000 0.693321 0.000000 -0.720629 1.427973 1.427973 1.427973
7764.248535 0.000000 467.065155 0.000000 0.563999 0.000000 -0.825776 1.470276 1.470276 1.470276
7763.677734 0.000000 476.214447 0.000000 0.811389 0.000000 -0.584507 1.374965 1.374965 1.374965
7720.031738 0.000000 454.476501 0.000000 0.464572 0.000000 0.885535 1.134092 1.134092 1.134092
7761.362793 0.000000 458.544189 0.000000 0.766053 0.000000 -0.642778 1.383833 1.383833 1.383833
7721.601074 0.000000 459.828278 0.000000 0.949727 0.000000 -0.313079 1.348573 1.348573 1.348573
7721.501953 0.000000 457.164398 0.000000 0.789478 0.000000 0.613779 1.199196 1.199196 1.199196
7760.293945 0.000000 476.638397 0.000000 0.820381 0.000000 0.571817 1.226903 1.226903 1.226903
7730.045410 0.000000 466.801971 0.000000 0.310804 0.000000 0.950474 1.080094 1.080094 1.080094
7753.541016 0.000000 467.098419 0.000000 0.999908 0.000000 -0.013530 1.301932 1.301932 1.301932
7724.549805 0.000000 463.820374 0.000000 0.418401 0.000000 -0.908262 1.440486 1.440486 1.440486
7762.170410 0.000000 464.542389 0.000000 0.004677 0.000000 0.999989 1.086520 1.086520 1.086520
7763.991211 0.000000 464.715576 0.000000 0.616539 0.000000 0.787325 1.176439 1.176439 1.176439
7732.867188 0.000000 468.426910 0.000000 0.053864 0.000000 0.998548 1.034150 1.034150 1.034150
7739.118164 0.000000 470.796478 0.000000 0.101345 0.000000 -0.994851 1.509817 1.509817 1.509817
7724.338867 0.000000 458.087830 0.000000 0.112752 0.000000 -0.993623 1.810983 1.810983 1.810983
7746.341797 0.000000 459.142822 0.000000 0.975767 0.000000 0.218813 1.264202 1.264202 1.264202
7739.210938 0.000000 466.229736 0.000000 0.261595 0.000000 0.965178 1.071092 1.071092 1.071092
7724.947754 0.000000 451.118256 0.000000 0.536198 0.000000 -0.844092 1.622870 1.622870 1.622870
7758.770508 0.000000 456.677246 0.000000 0.089072 0.000000 0.996025 1.107657 1.107657 1.107657
7722.992676 0.000000 456.891541 0.000000 0.205346 0.000000 -0.978689 1.778096 1.778096 1.778096
7722.260742 0.000000 454.035217 0.000000 0.046292 0.000000 -0.998928 1.834356 1.834356 1.834356
7735.177734 0.000000 465.430603 0.000000 0.642367 0.000000 -0.766397 1.453037 1.453037 1.453037
7732.214355 0.000000 465.429535 0.000000 0.221227 0.000000 -0.975222 1.536199 1.536199 1.536199
7724.453613 0.000000 461.060913 0.000000 0.999280 0.000000 -0.037934 1.313300 1.313300 1.313300
7760.641113 0.000000 468.343781 0.000000 0.045125 0.000000 -0.998981 1.567383 1.567383 1.567383
7765.570312 0.000000 467.528625 0.000000 0.930678 0.000000 -0.365840 1.365640 1.365640 1.365640
7735.762207 0.000000 459.196777 0.000000 0.832085 0.000000 0.554649 1.160704 1.160704 1.160704
7722.420410 0.000000 452.507385 0.000000 0.983298 0.000000 0.182005 1.238817 1.238817 1.238817
7724.386719 0.000000 452.532349 0.000000 0.396100 0.000000 0.918207 0.892165 0.892165 0.892165
7733.380371 0.000000 453.525513 0.000000 0.616433 0.000000 0.787408 1.052842 1.052842 1.052842
7766.515625 0.000000 466.547974 0.000000 0.912504 0.000000 -0.409068 1.369756 1.369756 1.369756
7758.251465 0.000000 468.392120 0.000000 0.708009 0.000000 -0.706203 1.437423 1.437423 1.437423
7731.354004 0.000000 466.463501 0.000000 0.479016 0.000000 -0.877806 1.487747 1.487747 1.487747
7723.513672 0.000000 455.411041 0.000000 0.983290 0.000000 0.182046 1.235832 1.235832 1.235832
7738.142090 0.000000 460.517731 0.000000 0.017650 0.000000 -0.999844 1.552038 1.552038 1.552038
7749.856445 0.000000 461.529053 0.000000 0.778173 0.000000 -0.628050 1.419008 1.419008 1.419008
7736.531738 0.000000 465.811249 0.000000 0.959322 0.000000 -0.282315 1.350160 1.350160 1.350160
7747.412598 0.000000 461.650879 0.000000 0.335084 0.000000 -0.942188 1.499453 1.499453 1.499453
7730.772461 0.000000 452.643799 0.000000 0.567741 0.000000 0.823208 0.964177 0.964177 0.964177
7749.160645 0.000000 459.029816 0.000000 0.972596 0.000000 -0.232502 1.341124 1.341124 1.341124
7725.377930 0.000000 460.198486 0.000000 0.998305 0.000000 -0.058205 1.320413 1.320413 1.320413
7733.871094 0.000000 467.637878 0.000000 0.241107 0.000000 0.970499 1.067382 1.067382 1.067382
7725.110352 0.000000 453.522430 0.000000 0.408577 0.000000 -0.912724 1.703058 1.703058 1.703058
7732.419434 0.000000 462.401917 0.000000 0.618584 0.000000 0.785719 1.121058 1.121058 1.121058
7732.734375 0.000000 456.207886 0.000000 0.718703 0.000000 -0.695317 1.542049 1.542049 1.542049
7728.357422 0.000000 463.560425 0.000000 0.816886 0.000000 0.576800 1.160325 1.160325 1.160325
7728.460449 0.000000 462.137512 0.000000 0.738822 0.000000 0.673901 1.132001 1.132001 1.132001
7722.902344 0.000000 459.523895 0.000000 0.569813 0.000000 0.821775 0.961921 0.961921 0.961921
7761.682129 0.000000 465.805664 0.000000 0.875093 0.000000 -0.483955 1.418046 1.418046 1.418046
7727.330078 0.000000 461.704742 0.000000 0.255054 0.000000 0.966927 0.839811 0.839811 0.839811
7734.735352 0.000000 458.853149 0.000000 0.191585 0.000000 0.981476 0.973516 0.973516 0.973516
7730.452637 0.000000 462.589172 0.000000 0.614320 0.000000 0.789057 1.031454 1.031454 1.031454
7730.358398 0.000000 450.599731 0.000000 0.190182 0.000000 0.981749 0.932884 0.932884 0.932884
7731.767578 0.000000 452.223846 0.000000 0.407950 0.000000 -0.913004 1.699565 1.699565 1.699565
7725.507324 0.000000 461.264221 0.000000 0.404892 0.000000 -0.914364 1.704472 1.704472 1.704472
7728.265137 0.000000 450.138092 0.000000 0.249854 0.000000 0.968284 0.876433 0.876433 0.876433
7731.440918 0.000000 463.002167 0.000000 0.999825 0.000000 -0.018729 1.305532 1.305532 1.305532
7726.921875 0.000000 458.809998 0.000000 0.324678 0.000000 -0.945824 1.734683 1.734683 1.734683
7732.079590 0.000000 461.201721 0.000000 0.952565 0.000000 -0.304335 1.410401 1.410401 1.410401
7733.354004 0.000000 457.445587 0.000000 0.905144 0.000000 -0.425105 1.438228 1.438228 1.438228
7723.373535 0.000000 452.914001 0.000000 0.330405 0.000000 -0.943839 1.712533 1.712533 1.712533
7732.147949 0.000000 460.215759 0.000000 0.569862 0.000000 0.821740 0.955682 0.955682 0.955682
7726.337891 0.000000 459.959900 0.000000 0.051081 0.000000 0.998695 0.767324 0.767324 0.767324
7733.923340 0.000000 454.360168 0.000000 0.469055 0.000000 0.883169 0.959189 0.959189 0.959189
7725.356934 0.000000 458.082703 0.000000 0.351780 0.000000 -0.936083 1.724588 1.724588 1.724588
7723.406738 0.000000 457.778229 0.000000 0.996262 0.000000 -0.086381 1.330316 1.330316 1.330316
7723.604980 0.000000 458.799133 0.000000 0.695745 0.000000 -0.718288 1.580882 1.580882 1.580882
7724.786133 0.000000 458.956390 0.000000 0.801493 0.000000 0.598004 1.075317 1.075317 1.075317
7726.836914 0.000000 450.058044 0.000000 0.005940 0.000000 0.999982 0.797203 0.797203 0.797203
7733.652344 0.000000 455.630127 0.000000 0.329012 0.000000 -0.944326 1.688966 1.688966 1.688966
7726.540527 0.000000 451.701965 0.000000 0.615948 0.000000 0.787787 1.008509 1.008509 1.008509
7722.778320 0.000000 454.823425 0.000000 0.917434 0.000000 -0.397889 1.443436 1.443436 1.443436
7726.283203 0.000000 453.129486 0.000000 0.239974 0.000000 -0.970779 1.765645 1.765645 1.765645
7732.585938 0.000000 454.070923 0.000000 0.582825 0.000000 -0.812598 1.598632 1.598632 1.598632
7729.429688 0.000000 460.548065 0.000000 0.973288 0.000000 0.229588 1.200757 1.200757 1.200757
7722.337402 0.000000 457.541199 0.000000 0.993127 0.000000 -0.117045 1.341120 1.341120 1.341120
7733.988770 0.000000 460.762787 0.000000 0.534251 0.000000 -0.845326 1.659568 1.659568 1.659568
7733.063477 0.000000 461.744720 0.000000 0.599148 0.000000 0.800638 0.968570 0.968570 0.968570
7726.247070 0.000000 461.908783 0.000000 0.994352 0.000000 0.106130 1.262730 1.262730 1.262730
7724.911133 0.000000 457.321289 0.000000 0.094847 0.000000 0.995492 0.782707 0.782707 0.782707
7730.680664 0.000000 461.281433 0.000000 0.162296 0.000000 0.986742 0.600948 0.600948 0.600948
7726.276367 0.000000 458.132477 0.000000 0.333796 0.000000 0.942645 0.868702 0.868702 0.868702
7730.344238 0.000000 460.469147 0.000000 0.391539 0.000000 0.920161 0.719769 0.719769 0.719769
"}
