object={
	name="Khand rock 07"
	render_pass=MapUnderWater
	clamp_to_water_level=no
	generated_content=no
	layer="building_layer"
	pdxmesh="rock_khand_07_mesh"
	count=2
	transform="1150.288452 -2.214478 1965.989990 0.000000 0.312436 0.000000 0.949939 0.480969 0.480969 0.480969
1135.609985 -1.892456 1951.717529 0.000000 0.942700 0.000000 -0.333643 0.480969 0.480969 0.480969
"}
object={
	name="Khand rock 08"
	render_pass=MapUnderWater
	clamp_to_water_level=no
	generated_content=no
	layer="building_layer"
	pdxmesh="rock_khand_08_mesh"
	count=1
	transform="1170.958130 -1.865601 1967.468750 0.000000 0.000000 0.000000 1.000000 0.470631 0.470631 0.470631
"}
object={
	name="Khand rock 09"
	render_pass=MapUnderWater
	clamp_to_water_level=no
	generated_content=no
	layer="building_layer"
	pdxmesh="rock_khand_09_mesh"
	count=655
	transform="1529.245972 0.000000 5643.044922 -0.000000 -0.363701 0.000000 0.931516 0.376557 0.376557 0.376557
1534.012817 0.000000 5644.331055 0.000000 0.000000 0.000000 1.000000 0.748292 0.748292 0.748292
865.999573 3.330566 5308.642578 0.000000 0.952355 0.000000 0.304992 0.758521 0.758521 0.758521
866.962097 3.330566 5306.814453 0.000000 0.000000 0.000000 1.000000 0.645898 0.645898 0.645898
992.283997 0.000000 5500.066406 0.000000 0.000000 0.000000 1.000000 0.385003 0.385003 0.385003
981.128418 0.000000 5497.757812 0.000000 -0.257953 0.000000 0.966158 0.571533 0.571533 0.571533
985.791992 0.000000 5506.344727 0.000000 -0.257953 0.000000 0.966158 0.571533 0.571533 0.571533
1314.131592 0.000000 5915.657227 -0.000000 -0.575715 0.000000 0.817650 1.000000 1.000000 1.000000
1258.920654 0.000000 5948.363281 -0.000000 -0.575715 0.000000 0.817650 1.000000 1.000000 1.000000
1285.833862 0.000000 5920.994141 0.000000 0.840433 0.000000 0.541916 1.000000 1.000000 1.000000
1247.068237 0.000000 5932.124023 0.000000 0.194465 0.000000 -0.980910 1.000000 1.000000 1.000000
1126.657837 0.000000 5959.607910 0.000000 -0.690456 0.000000 -0.723375 0.741016 0.741016 0.741016
1149.098022 0.000000 5995.943848 0.000000 0.000000 0.000000 1.000000 0.741016 0.741016 0.741016
1208.683838 0.000000 5990.187988 0.000000 0.000000 0.000000 1.000000 0.741016 0.741016 0.741016
1112.619995 0.000000 5956.930176 0.000000 0.000000 0.000000 1.000000 1.000000 1.000000 1.000000
1355.757568 0.000000 4740.962891 0.000000 0.000000 0.000000 1.000000 0.439502 0.439502 0.439502
1461.363892 0.000000 2325.982666 0.000000 -0.576541 0.000000 0.817068 1.000000 1.000000 1.000000
1647.696167 0.000000 1972.793579 0.000000 0.847836 0.000000 -0.530259 0.424309 0.424309 0.424309
1647.609985 0.000000 1973.295288 0.000000 0.134682 -0.000000 -0.990889 0.607947 0.607947 0.607947
1647.151611 0.000000 1972.828735 0.000000 -0.809954 0.000000 0.586493 0.607947 0.607947 0.607947
1644.696655 0.000000 1969.478638 0.000000 0.487165 0.000000 0.873310 0.607947 0.607947 0.607947
1129.653442 0.000000 2164.064941 0.000000 0.000000 0.000000 1.000000 0.510514 0.510514 0.510514
2886.194092 0.000000 2830.360352 0.000000 -0.681723 0.000000 0.731610 0.174846 0.174846 0.174846
2883.244629 0.000000 2833.916016 0.000000 0.906833 0.000000 0.421490 0.174846 0.174846 0.174846
2884.889160 0.000000 2830.016846 0.000000 -0.168943 0.000000 0.985626 0.169656 0.169656 0.169656
2882.596436 0.000000 2833.748535 0.000000 -0.872492 0.000000 0.488629 0.169656 0.169656 0.169656
2826.012695 0.000000 2768.503662 0.000000 0.808134 0.000000 -0.588999 0.174846 0.174846 0.174846
2825.687988 0.000000 2769.797119 0.000000 -0.302773 -0.000000 -0.953063 0.174846 0.174846 0.174846
2824.764160 0.000000 2768.965088 0.000000 0.704010 0.000000 -0.710190 0.169656 0.169656 0.169656
2825.080322 0.000000 2769.999023 0.000000 -0.728795 0.000000 -0.684732 0.169656 0.169656 0.169656
2870.284424 0.000000 2714.462646 0.000000 0.502460 0.000000 0.864600 0.174846 0.174846 0.174846
2870.692139 0.000000 2715.775635 0.000000 -0.300111 0.000000 0.953904 0.174846 0.174846 0.174846
2869.411865 0.000000 2715.534424 0.000000 -0.999037 0.000000 -0.043868 0.169656 0.169656 0.169656
2870.265869 0.000000 2716.247314 0.000000 -0.034344 0.000000 -0.999410 0.169656 0.169656 0.169656
2898.355957 0.000000 2789.249268 0.000000 0.861029 0.000000 -0.508555 0.174846 0.174846 0.174846
2854.217285 0.000000 2710.044434 0.000000 -0.973269 0.000000 -0.229668 0.174846 0.174846 0.174846
2897.679932 0.000000 2788.204834 0.000000 -0.965542 0.000000 -0.260246 0.174846 0.174846 0.174846
2898.881592 0.000000 2788.022705 0.000000 -0.559178 0.000000 0.829048 0.169656 0.169656 0.169656
2897.858643 0.000000 2787.596924 0.000000 -0.380831 0.000000 -0.924645 0.169656 0.169656 0.169656
2878.822754 0.000000 2820.190918 0.000000 0.957299 0.000000 -0.289101 0.174846 0.174846 0.174846
2908.940186 0.000000 2771.597168 0.000000 -0.163661 0.000000 -0.986517 0.174846 0.174846 0.174846
2878.469482 0.000000 2821.312256 0.000000 0.995989 0.000000 -0.089472 0.174846 0.174846 0.174846
2835.372803 0.000000 2767.814941 0.000000 -0.102414 0.000000 0.994742 0.169656 0.169656 0.169656
2883.304199 0.000000 2806.653564 0.000000 -0.492316 0.000000 0.870416 0.169656 0.169656 0.169656
2824.663574 0.000000 2771.842041 0.000000 -0.861347 0.000000 -0.508016 0.174846 0.174846 0.174846
2855.417480 0.000000 2709.611816 0.000000 -0.129666 0.000000 0.991558 0.174846 0.174846 0.174846
2878.069092 0.000000 2821.496582 0.000000 -0.996558 0.000000 0.082903 0.169656 0.169656 0.169656
2855.285400 0.000000 2710.654785 0.000000 -0.466469 0.000000 0.884538 0.169656 0.169656 0.169656
2855.776367 0.000000 2709.920410 0.000000 -0.985308 0.000000 0.170785 0.169656 0.169656 0.169656
2862.789551 0.000000 2721.561523 0.000000 0.683021 0.000000 0.730399 0.174846 0.174846 0.174846
2824.717041 0.000000 2772.334961 0.000000 -0.529152 0.000000 -0.848527 0.169656 0.169656 0.169656
2875.494385 0.000000 2818.024902 0.000000 0.028284 0.000000 0.999600 0.174846 0.174846 0.174846
2877.043701 0.000000 2819.138184 0.000000 0.067269 0.000000 -0.997735 0.174846 0.174846 0.174846
2880.826172 0.000000 2810.067871 0.000000 -0.394556 0.000000 -0.918872 0.174846 0.174846 0.174846
2859.592529 0.000000 2710.434570 0.000000 0.683021 0.000000 0.730399 0.174846 0.174846 0.174846
2908.586914 0.000000 2772.718506 0.000000 -0.591068 0.000000 0.806622 0.174846 0.174846 0.174846
2827.235840 0.000000 2775.156006 0.000000 -0.730158 0.000000 0.683278 0.174846 0.174846 0.174846
2907.812988 0.000000 2772.084473 0.000000 0.571470 0.000000 0.820623 0.169656 0.169656 0.169656
2908.186523 0.000000 2772.902832 0.000000 -0.999767 0.000000 0.021588 0.169656 0.169656 0.169656
2882.875244 0.000000 2834.592773 0.000000 0.798232 0.000000 -0.602350 0.174846 0.174846 0.174846
2881.439453 0.000000 2809.065918 0.000000 -0.177870 0.000000 -0.984054 0.174846 0.174846 0.174846
2882.128662 0.000000 2809.976074 0.000000 0.856502 0.000000 0.516143 0.169656 0.169656 0.169656
2882.001465 0.000000 2808.917480 0.000000 -0.937166 0.000000 0.348885 0.169656 0.169656 0.169656
2905.334961 0.000000 2775.498779 0.000000 0.999671 0.000000 0.025665 0.174846 0.174846 0.174846
2825.790283 0.000000 2770.571533 0.000000 0.763122 -0.000000 -0.646255 0.174846 0.174846 0.174846
2826.257812 0.000000 2774.467773 0.000000 -0.498641 0.000000 -0.866809 0.174846 0.174846 0.174846
2827.286377 0.000000 2773.882812 0.000000 -0.748036 0.000000 -0.663659 0.169656 0.169656 0.169656
2826.255859 0.000000 2773.858154 0.000000 -0.864624 0.000000 -0.502420 0.169656 0.169656 0.169656
2814.218262 0.000000 2763.382324 0.000000 -0.861434 0.000000 0.507869 0.219683 0.219683 0.219683
2825.432617 0.000000 2774.227051 0.000000 0.683093 0.000000 -0.730332 0.174846 0.174846 0.174846
2875.436279 0.000000 2819.156738 0.000000 -0.759097 0.000000 -0.650978 0.174846 0.174846 0.174846
2813.010254 0.000000 2763.737549 0.000000 0.933329 0.000000 0.359022 0.219683 0.219683 0.219683
2874.526367 0.000000 2818.861084 0.000000 -0.986891 0.000000 0.161389 0.169656 0.169656 0.169656
2832.882080 0.000000 2767.219238 0.000000 -0.325681 0.000000 -0.945480 0.174846 0.174846 0.174846
2861.528076 0.000000 2721.677490 0.000000 -0.118760 -0.000000 -0.992923 0.174846 0.174846 0.174846
2819.029053 0.000000 2768.330811 0.000000 -0.997648 0.000000 0.068550 0.213163 0.213163 0.213163
2861.932129 0.000000 2720.578369 0.000000 0.070721 0.000000 0.997496 0.169656 0.169656 0.169656
2861.134521 0.000000 2721.245605 0.000000 -0.926046 0.000000 -0.377410 0.169656 0.169656 0.169656
2833.577148 0.000000 2766.546387 0.000000 -0.901246 0.000000 0.433308 0.169656 0.169656 0.169656
2875.190186 0.000000 2819.470459 0.000000 0.093017 -0.000000 -0.995665 0.169656 0.169656 0.169656
2860.813232 0.000000 2722.023682 0.000000 0.447831 -0.000000 -0.894118 0.174846 0.174846 0.174846
2832.809814 0.000000 2766.664551 0.000000 -0.853642 0.000000 -0.520860 0.169656 0.169656 0.169656
2858.331055 0.000000 2710.550537 0.000000 -0.118760 -0.000000 -0.992923 0.174846 0.174846 0.174846
2881.671143 0.000000 2808.304688 -0.000000 0.746198 0.000000 0.665724 0.174846 0.174846 0.174846
2858.735107 0.000000 2709.451416 0.000000 0.070721 0.000000 0.997496 0.169656 0.169656 0.169656
2857.937500 0.000000 2710.118652 0.000000 -0.926046 0.000000 -0.377410 0.169656 0.169656 0.169656
2886.682617 0.000000 2799.918457 0.000000 0.992037 0.000000 0.125945 0.174846 0.174846 0.174846
2812.231934 0.000000 2763.468750 0.000000 -0.536865 0.000000 -0.843668 0.213163 0.213163 0.213163
2868.869141 0.000000 2707.058838 0.000000 -0.779055 0.000000 0.626955 0.219683 0.219683 0.219683
2857.616211 0.000000 2710.896729 0.000000 0.447831 -0.000000 -0.894118 0.174846 0.174846 0.174846
2885.703125 0.000000 2799.620605 0.000000 0.009852 0.000000 -0.999951 0.169656 0.169656 0.169656
2867.623291 0.000000 2707.266602 0.000000 -0.876276 0.000000 -0.481809 0.219683 0.219683 0.219683
2810.897217 0.000000 2763.287109 0.000000 -0.984586 0.000000 -0.174898 0.219683 0.219683 0.219683
2867.751953 0.000000 2705.910156 0.000000 -0.897944 0.000000 0.440111 0.213163 0.213163 0.213163
2886.362061 0.000000 2800.245117 0.000000 0.844628 0.000000 -0.535353 0.169656 0.169656 0.169656
2897.098633 0.000000 2787.685547 0.000000 -0.999445 0.000000 -0.033316 0.174846 0.174846 0.174846
2811.907959 0.000000 2764.206543 0.000000 0.776219 0.000000 0.630464 0.219683 0.219683 0.219683
2826.015625 0.000000 2770.326172 0.000000 -0.447646 0.000000 0.894211 0.304170 0.304170 0.304170
2810.965576 0.000000 2765.164551 0.000000 0.951143 0.000000 -0.308750 0.213163 0.213163 0.213163
2905.948242 0.000000 2774.496826 0.000000 -0.680428 0.000000 -0.732815 0.174846 0.174846 0.174846
2823.936768 0.000000 2771.151123 0.000000 -0.087025 0.000000 0.996206 0.295141 0.295141 0.295141
2906.637451 0.000000 2775.406982 0.000000 -0.913810 0.000000 0.406142 0.169656 0.169656 0.169656
2906.510254 0.000000 2774.348389 0.000000 0.167683 0.000000 -0.985841 0.169656 0.169656 0.169656
2812.287109 0.000000 2764.887451 0.000000 -0.942199 0.000000 -0.335054 0.213163 0.213163 0.213163
2866.886719 0.000000 2706.917480 0.000000 -0.369232 0.000000 -0.929337 0.213163 0.213163 0.213163
2825.148438 0.000000 2766.510254 0.000000 -0.433950 0.000000 0.900937 0.219683 0.219683 0.219683
2901.850098 0.000000 2784.834961 0.000000 -0.775418 0.000000 -0.631448 0.219683 0.219683 0.219683
2865.570557 0.000000 2706.583984 -0.000000 -0.908096 0.000000 0.418763 0.219683 0.219683 0.219683
2906.179932 0.000000 2773.735596 0.000000 -0.829549 0.000000 -0.558433 0.174846 0.174846 0.174846
2871.187500 0.000000 2716.102295 0.000000 -0.930345 0.000000 0.366686 0.304170 0.304170 0.304170
2883.190674 0.000000 2834.489014 0.000000 -0.215507 0.000000 0.976502 0.304170 0.304170 0.304170
2902.597900 0.000000 2783.590332 0.000000 -0.880041 0.000000 0.474898 0.219683 0.219683 0.219683
2882.949219 0.000000 2831.285645 -0.000000 -0.255228 0.000000 0.966881 0.295141 0.295141 0.295141
2866.479004 0.000000 2707.621338 0.000000 -0.942948 0.000000 -0.332940 0.219683 0.219683 0.219683
2865.427490 0.000000 2708.458740 0.000000 0.755215 0.000000 0.655477 0.213163 0.213163 0.213163
2903.482178 0.000000 2784.718018 0.000000 0.869113 0.000000 0.494614 0.213163 0.213163 0.213163
2823.940430 0.000000 2766.865479 0.000000 -0.749418 0.000000 -0.662097 0.219683 0.219683 0.219683
2886.671387 0.000000 2828.291992 0.000000 -0.349153 0.000000 0.937066 0.219683 0.219683 0.219683
2823.909180 0.000000 2765.495605 0.000000 0.993613 0.000000 -0.112839 0.213163 0.213163 0.213163
2825.603027 0.000000 2774.540527 0.000000 0.449831 0.000000 0.893114 0.304170 0.304170 0.304170
2868.536865 0.000000 2713.178223 0.000000 -0.542305 0.000000 -0.840182 0.219683 0.219683 0.219683
2823.162109 0.000000 2766.596680 0.000000 0.411463 0.000000 0.911427 0.213163 0.213163 0.213163
2825.449463 0.000000 2772.307129 0.000000 -0.258605 0.000000 0.965983 0.295141 0.295141 0.295141
2821.827393 0.000000 2766.415039 0.000000 -0.999009 0.000000 0.044512 0.219683 0.219683 0.219683
2866.774658 0.000000 2708.328857 -0.000000 -0.540635 0.000000 0.841257 0.213163 0.213163 0.213163
2867.660400 0.000000 2714.092041 0.000000 0.590629 0.000000 0.806943 0.219683 0.219683 0.219683
2885.467285 0.000000 2827.814941 0.000000 0.559190 0.000000 0.829040 0.219683 0.219683 0.219683
2866.951416 0.000000 2712.930420 0.000000 -0.571344 0.000000 -0.820711 0.213163 0.213163 0.213163
2822.838135 0.000000 2767.334473 0.000000 0.924206 0.000000 -0.381894 0.219683 0.219683 0.219683
2866.899902 0.000000 2714.284912 0.000000 0.134919 0.000000 -0.990857 0.213163 0.213163 0.213163
2861.058105 0.000000 2722.137207 0.000000 0.564773 0.000000 0.825246 0.304170 0.304170 0.304170
2886.262207 0.000000 2826.736572 0.000000 -0.972893 0.000000 -0.231256 0.213163 0.213163 0.213163
2865.580322 0.000000 2714.797363 0.000000 -0.908515 0.000000 -0.417852 0.219683 0.219683 0.219683
2903.315186 0.000000 2783.387695 0.000000 0.966629 0.000000 0.256179 0.213163 0.213163 0.213163
2866.932129 0.000000 2715.117432 0.000000 0.996549 0.000000 -0.083005 0.219683 0.219683 0.219683
2885.019531 0.000000 2827.180176 0.000000 -0.237734 0.000000 0.971330 0.213163 0.213163 0.213163
2859.987305 0.000000 2716.153320 0.000000 -0.317047 0.000000 -0.948410 0.219683 0.219683 0.219683
2824.731689 0.000000 2773.899170 0.000000 0.873721 0.000000 0.486427 0.404388 0.404388 0.404388
2904.394531 0.000000 2782.421387 0.000000 0.699555 0.000000 -0.714578 0.219683 0.219683 0.219683
2861.004639 0.000000 2716.818115 0.000000 0.988244 0.000000 0.152887 0.213163 0.213163 0.213163
2861.241699 0.000000 2719.205078 0.000000 -0.721681 -0.000000 -0.692225 0.280011 0.280011 0.280011
2860.692139 0.000000 2715.641602 0.000000 0.644948 0.000000 0.764227 0.213163 0.213163 0.213163
2857.861084 0.000000 2711.010254 0.000000 0.564773 0.000000 0.825246 0.304170 0.304170 0.304170
2869.027588 0.000000 2717.035156 0.000000 0.397898 0.000000 0.917430 0.404388 0.404388 0.404388
2861.474121 0.000000 2714.700928 0.000000 -0.793894 0.000000 0.608056 0.219683 0.219683 0.219683
2860.257324 0.000000 2715.018066 0.000000 -0.121054 0.000000 -0.992646 0.219683 0.219683 0.219683
2856.365479 0.000000 2709.368164 0.000000 0.999563 0.000000 -0.029548 0.295141 0.295141 0.295141
2868.696289 0.000000 2714.674072 0.000000 0.476561 0.000000 0.879141 0.404388 0.404388 0.404388
2823.585938 0.000000 2770.089111 0.000000 -0.825098 -0.000000 -0.564990 0.404388 0.404388 0.404388
2883.991943 0.000000 2826.220703 0.000000 0.834816 0.000000 0.550528 0.219683 0.219683 0.219683
2884.298828 0.000000 2827.622070 0.000000 0.970541 0.000000 -0.240937 0.219683 0.219683 0.219683
2853.898193 0.000000 2713.900391 0.000000 0.886212 0.000000 -0.463280 0.382172 0.382172 0.382172
2856.781738 0.000000 2711.161865 0.000000 -0.721681 -0.000000 -0.692225 0.404388 0.404388 0.404388
2824.498291 0.000000 2767.901855 0.000000 -0.152536 -0.000000 -0.988298 0.404388 0.404388 0.404388
2854.791992 0.000000 2711.940430 0.000000 -0.652885 0.000000 -0.757457 0.404388 0.404388 0.404388
2902.916016 0.000000 2782.624756 0.000000 0.607917 0.000000 0.794001 0.219683 0.219683 0.219683
2852.930420 0.000000 2710.868164 0.000000 0.605878 0.000000 0.795558 0.370828 0.370828 0.370828
2897.166992 0.000000 2787.925537 0.000000 -0.918309 0.000000 0.395864 0.304170 0.304170 0.304170
2903.023438 0.000000 2781.101074 0.000000 -0.588524 0.000000 0.808480 0.213163 0.213163 0.213163
2827.258789 0.000000 2768.678467 0.000000 -0.986270 0.000000 -0.165142 0.392385 0.392385 0.392385
2826.480225 0.000000 2770.410645 -0.000000 -0.240180 0.000000 0.970728 0.370828 0.370828 0.370828
2881.535645 0.000000 2808.428711 0.000000 0.358475 0.000000 -0.933539 0.304170 0.304170 0.304170
2840.350586 0.000000 2771.472900 0.000000 0.926757 0.000000 -0.375661 0.382172 0.382172 0.382172
2835.463623 0.000000 2766.744629 0.000000 0.376496 0.000000 -0.926418 0.404388 0.404388 0.404388
2838.453857 0.000000 2771.499512 0.000000 -0.578339 0.000000 0.815797 0.404388 0.404388 0.404388
2898.050781 0.000000 2785.831055 0.000000 0.755556 0.000000 -0.655084 0.295141 0.295141 0.295141
2878.175049 0.000000 2822.286865 0.000000 -0.990333 0.000000 0.138712 0.295141 0.295141 0.295141
2881.343750 0.000000 2832.989502 -0.000000 -0.961939 0.000000 0.273264 0.404388 0.404388 0.404388
2902.310059 0.000000 2782.237549 0.000000 0.802227 0.000000 -0.597018 0.213163 0.213163 0.213163
2900.260742 0.000000 2790.250488 0.000000 -0.775418 0.000000 -0.631448 0.219683 0.219683 0.219683
2885.365723 0.000000 2829.050293 0.000000 -0.993859 0.000000 -0.110651 0.404388 0.404388 0.404388
2885.135010 0.000000 2833.858643 0.000000 -0.696916 0.000000 -0.717152 0.392385 0.392385 0.392385
2881.769775 0.000000 2803.622559 -0.000000 -0.072838 0.000000 0.997344 0.382172 0.382172 0.382172
2882.194336 0.000000 2807.397949 0.000000 -0.813766 0.000000 -0.581193 0.404388 0.404388 0.404388
2882.791504 0.000000 2805.230469 0.000000 -0.475993 -0.000000 -0.879449 0.404388 0.404388 0.404388
2871.376465 0.000000 2713.993652 0.000000 -0.947633 0.000000 -0.319361 0.392385 0.392385 0.392385
2871.651855 0.000000 2715.851074 0.000000 0.598621 0.000000 0.801033 0.370828 0.370828 0.370828
2883.481445 0.000000 2834.927490 0.000000 -0.991838 0.000000 0.127503 0.370828 0.370828 0.370828
2901.008545 0.000000 2789.005859 0.000000 -0.880041 0.000000 0.474898 0.219683 0.219683 0.219683
2879.153320 0.000000 2818.846924 0.000000 0.255743 0.000000 -0.966745 0.370828 0.370828 0.370828
2901.892822 0.000000 2790.133545 0.000000 0.869113 0.000000 0.494614 0.213163 0.213163 0.213163
2906.044434 0.000000 2773.859619 0.000000 -0.988445 0.000000 -0.151578 0.304170 0.304170 0.304170
2901.725830 0.000000 2788.803223 0.000000 0.966629 0.000000 0.256179 0.213163 0.213163 0.213163
2908.292480 0.000000 2773.693115 0.000000 0.987993 0.000000 -0.154499 0.295141 0.295141 0.295141
2902.805176 0.000000 2787.836914 0.000000 0.699555 0.000000 -0.714578 0.219683 0.219683 0.219683
2882.946289 0.000000 2827.792969 0.000000 0.576547 0.000000 -0.817064 0.213163 0.213163 0.213163
2901.326660 0.000000 2788.040283 0.000000 0.607917 0.000000 0.794001 0.219683 0.219683 0.219683
2907.233643 0.000000 2767.300781 0.000000 0.068944 0.000000 -0.997621 0.370828 0.370828 0.370828
2884.199951 0.000000 2828.329102 0.000000 0.450678 0.000000 -0.892686 0.213163 0.213163 0.213163
2906.278564 0.000000 2769.053467 0.000000 -0.833874 0.000000 -0.551955 0.382172 0.382172 0.382172
2906.703125 0.000000 2772.828857 0.000000 -0.971370 0.000000 0.237571 0.404388 0.404388 0.404388
2821.895752 0.000000 2768.292480 -0.000000 -0.649711 0.000000 0.760181 0.213163 0.213163 0.213163
2907.300293 0.000000 2770.661377 0.000000 -0.761511 0.000000 0.648152 0.404388 0.404388 0.404388
2898.818359 0.000000 2786.611084 0.000000 -0.572023 0.000000 -0.820237 0.404388 0.404388 0.404388
2908.031494 0.000000 2768.119873 0.000000 0.664851 0.000000 -0.746976 0.382172 0.382172 0.382172
2909.270752 0.000000 2770.253174 0.000000 0.905107 0.000000 0.425183 0.370828 0.370828 0.370828
2899.825195 0.000000 2788.883301 0.000000 -0.879238 0.000000 -0.476382 0.404388 0.404388 0.404388
2823.217285 0.000000 2768.015381 0.000000 0.405308 0.000000 -0.914180 0.213163 0.213163 0.213163
2812.078125 0.000000 2764.306885 0.000000 0.750305 0.000000 0.661091 0.382172 0.382172 0.382172
2832.520508 0.000000 2776.623047 0.000000 0.867051 0.000000 -0.498220 0.382172 0.382172 0.382172
2872.585205 0.000000 2814.427979 0.000000 0.054703 0.000000 0.998503 0.370828 0.370828 0.370828
2872.284668 0.000000 2816.394287 0.000000 -0.091598 0.000000 0.995796 0.382172 0.382172 0.382172
2829.000732 0.000000 2770.900391 0.000000 0.993203 0.000000 0.116397 0.508090 0.508090 0.508090
2809.932373 0.000000 2762.563232 0.000000 -0.999559 0.000000 0.029701 0.370828 0.370828 0.370828
2831.961670 0.000000 2775.367920 0.000000 -0.623232 0.000000 -0.782037 0.370828 0.370828 0.370828
2866.611816 0.000000 2716.431152 0.000000 0.915391 0.000000 -0.402566 0.213163 0.213163 0.213163
2830.594238 0.000000 2773.489990 0.000000 -0.303925 0.000000 0.952696 0.382172 0.382172 0.382172
2826.744141 0.000000 2772.406738 0.000000 0.997694 0.000000 -0.067865 0.404388 0.404388 0.404388
2828.435303 0.000000 2774.090088 0.000000 0.214902 0.000000 -0.976636 0.404388 0.404388 0.404388
2826.694580 0.000000 2776.225830 0.000000 -0.851269 0.000000 -0.524729 0.392385 0.392385 0.392385
2830.540771 0.000000 2775.687012 0.000000 -0.659671 0.000000 0.751554 0.382172 0.382172 0.382172
2867.610107 0.000000 2715.454346 0.000000 0.691417 0.000000 0.722456 0.213163 0.213163 0.213163
2828.326660 0.000000 2775.814453 0.000000 0.109917 0.000000 -0.993941 0.370828 0.370828 0.370828
2830.191162 0.000000 2777.141602 0.000000 0.474422 0.000000 -0.880298 0.370828 0.370828 0.370828
2823.227295 0.000000 2762.465820 0.000000 0.389331 0.000000 0.921098 0.508090 0.508090 0.508090
2859.960205 0.000000 2713.614746 0.000000 -0.717578 0.000000 0.696478 0.213163 0.213163 0.213163
2821.814453 0.000000 2765.235107 0.000000 -0.054328 0.000000 0.998523 0.508090 0.508090 0.508090
2819.266357 0.000000 2762.344727 0.000000 0.868646 0.000000 -0.495434 0.493009 0.493009 0.493009
2837.572510 0.000000 2773.107422 0.000000 -0.988643 0.000000 -0.150280 0.404388 0.404388 0.404388
2835.956055 0.000000 2773.179199 0.000000 -0.987655 0.000000 0.156645 0.370828 0.370828 0.370828
2835.996582 0.000000 2771.509277 -0.000000 -0.350790 0.000000 0.936454 0.382172 0.382172 0.382172
2834.250488 0.000000 2768.261719 0.000000 0.449457 0.000000 0.893302 0.404388 0.404388 0.404388
2829.873047 0.000000 2764.187744 0.000000 0.928587 0.000000 -0.371114 0.508090 0.508090 0.508090
2870.593994 0.000000 2706.187012 0.000000 -0.991429 0.000000 0.130646 0.213163 0.213163 0.213163
2820.119141 0.000000 2765.822510 0.000000 -0.226440 0.000000 0.974025 0.493009 0.493009 0.493009
2811.658447 0.000000 2762.073242 0.000000 -0.990906 0.000000 -0.134555 0.508090 0.508090 0.508090
2837.301514 0.000000 2769.843262 0.000000 -0.817200 0.000000 -0.576354 0.382172 0.382172 0.382172
2864.750977 0.000000 2710.710938 0.000000 -0.998276 0.000000 -0.058699 0.508090 0.508090 0.508090
2860.619385 0.000000 2719.880859 0.000000 0.455131 0.000000 -0.890425 0.404388 0.404388 0.404388
2862.987061 0.000000 2719.912842 0.000000 0.851767 -0.000000 -0.523921 0.404388 0.404388 0.404388
2862.980469 0.000000 2722.783447 0.000000 0.931361 0.000000 -0.364096 0.392385 0.392385 0.392385
2859.361816 0.000000 2714.831299 0.000000 -0.706643 0.000000 0.707570 0.213163 0.213163 0.213163
2864.946533 0.000000 2713.841797 0.000000 -0.990329 0.000000 0.138736 0.508090 0.508090 0.508090
2863.994141 0.000000 2721.284912 0.000000 -0.059088 0.000000 0.998253 0.370828 0.370828 0.370828
2820.782959 0.000000 2767.082031 0.000000 -0.867998 0.000000 -0.496567 0.508090 0.508090 0.508090
2814.855469 0.000000 2764.581055 0.000000 0.792246 -0.000000 -0.610202 0.493009 0.493009 0.493009
2866.930908 0.000000 2716.259033 0.000000 0.143291 0.000000 0.989681 0.493009 0.493009 0.493009
2866.642822 0.000000 2707.741211 0.000000 -0.897509 0.000000 0.440996 0.382172 0.382172 0.382172
2864.603271 0.000000 2708.144287 0.000000 0.251160 0.000000 0.967946 0.382172 0.382172 0.382172
2839.050537 0.000000 2770.287598 0.000000 0.981853 0.000000 -0.189643 0.404388 0.404388 0.404388
2822.136230 0.000000 2768.330811 0.000000 -0.876901 0.000000 0.480671 0.493009 0.493009 0.493009
2873.769287 0.000000 2819.758789 0.000000 -0.265963 -0.000000 -0.963983 0.404388 0.404388 0.404388
2862.287842 0.000000 2715.501465 0.000000 -0.689049 0.000000 0.724715 0.508090 0.508090 0.508090
2864.707031 0.000000 2705.765137 0.000000 0.667968 0.000000 0.744190 0.370828 0.370828 0.370828
2863.224365 0.000000 2707.545654 0.000000 -0.308011 0.000000 -0.951383 0.370828 0.370828 0.370828
2861.049316 0.000000 2706.917480 0.000000 -0.885757 0.000000 -0.464150 0.382172 0.382172 0.382172
2861.706543 0.000000 2713.232422 0.000000 -0.990604 0.000000 -0.136762 0.508090 0.508090 0.508090
2857.422363 0.000000 2708.753906 0.000000 0.455131 0.000000 -0.890425 0.404388 0.404388 0.404388
2859.760986 0.000000 2713.566895 0.000000 0.994473 0.000000 -0.104997 0.493009 0.493009 0.493009
2859.790039 0.000000 2708.785889 0.000000 0.851767 -0.000000 -0.523921 0.404388 0.404388 0.404388
2859.783447 0.000000 2711.656494 0.000000 0.931361 0.000000 -0.364096 0.392385 0.392385 0.392385
2862.490479 0.000000 2708.685791 0.000000 -0.855272 0.000000 0.518180 0.382172 0.382172 0.382172
2860.797119 0.000000 2710.157959 0.000000 -0.059088 0.000000 0.998253 0.370828 0.370828 0.370828
2863.136230 0.000000 2709.973633 0.000000 0.803302 0.000000 0.595573 0.370828 0.370828 0.370828
2866.476562 0.000000 2705.456787 0.000000 -0.846491 0.000000 0.532403 0.508090 0.508090 0.508090
2869.351807 0.000000 2708.309082 0.000000 0.757092 0.000000 0.653308 0.493009 0.493009 0.493009
2897.384766 0.000000 2789.885498 0.000000 -0.790996 0.000000 0.611821 0.392385 0.392385 0.392385
2896.466797 0.000000 2788.287109 0.000000 -0.364065 0.000000 -0.931374 0.370828 0.370828 0.370828
2906.854492 0.000000 2765.665283 0.000000 0.405986 0.000000 0.913879 0.493009 0.493009 0.493009
2908.885498 0.000000 2764.483887 0.000000 0.082724 0.000000 0.996573 0.493009 0.493009 0.493009
2829.669434 0.000000 2762.593018 0.000000 0.488974 0.000000 0.872299 0.493009 0.493009 0.493009
2885.809570 0.000000 2794.842285 0.000000 0.571936 0.000000 -0.820298 0.404388 0.404388 0.404388
2889.589600 0.000000 2793.607666 0.000000 0.296207 0.000000 -0.955124 0.370828 0.370828 0.370828
2834.683594 0.000000 2770.291748 0.000000 0.802485 0.000000 0.596673 0.404388 0.404388 0.404388
2888.014893 0.000000 2794.793213 0.000000 -0.684829 0.000000 -0.728704 0.382172 0.382172 0.382172
2886.728760 0.000000 2798.295654 0.000000 -0.999967 0.000000 0.008145 0.404388 0.404388 0.404388
2885.244873 0.000000 2819.878418 0.000000 -0.077725 0.000000 0.996975 0.508090 0.508090 0.508090
2832.119629 0.000000 2766.399902 0.000000 0.996991 0.000000 0.077525 0.493009 0.493009 0.493009
2832.238770 0.000000 2764.056152 -0.000000 0.214770 0.000000 0.976665 0.493009 0.493009 0.493009
2835.102539 0.000000 2772.854004 0.000000 -0.877102 0.000000 -0.480304 0.382172 0.382172 0.382172
2884.746582 0.000000 2825.235596 -0.000000 0.487342 0.000000 0.873211 0.508090 0.508090 0.508090
2880.729492 0.000000 2814.808594 0.000000 0.999308 0.000000 -0.037184 0.370828 0.370828 0.370828
2882.570068 0.000000 2813.246338 0.000000 0.878289 0.000000 -0.478130 0.382172 0.382172 0.382172
2877.646973 0.000000 2823.424805 0.000000 -0.419345 0.000000 -0.907827 0.404388 0.404388 0.404388
2873.606201 0.000000 2817.503418 0.000000 0.526291 0.000000 0.850304 0.404388 0.404388 0.404388
2881.735107 0.000000 2811.357178 -0.000000 -0.264045 0.000000 0.964510 0.404388 0.404388 0.404388
2879.874023 0.000000 2809.427734 0.000000 -0.480961 0.000000 -0.876742 0.392385 0.392385 0.392385
2880.114990 0.000000 2813.516846 0.000000 0.481110 0.000000 -0.876660 0.382172 0.382172 0.382172
2873.486084 0.000000 2814.885986 0.000000 -0.780263 0.000000 -0.625451 0.382172 0.382172 0.382172
2875.499512 0.000000 2816.644043 0.000000 -0.196418 0.000000 0.980520 0.370828 0.370828 0.370828
2880.202637 0.000000 2810.960449 0.000000 0.095366 -0.000000 -0.995442 0.370828 0.370828 0.370828
2878.932861 0.000000 2812.906982 0.000000 0.845685 0.000000 0.533682 0.370828 0.370828 0.370828
2883.861816 0.000000 2793.948486 0.000000 0.143080 0.000000 -0.989711 0.404388 0.404388 0.404388
2884.219482 0.000000 2821.453857 0.000000 -0.998601 0.000000 0.052876 0.493009 0.493009 0.493009
2870.989258 0.000000 2812.570312 0.000000 0.484258 0.000000 0.874925 0.493009 0.493009 0.493009
2883.015869 0.000000 2824.717773 -0.000000 0.358165 0.000000 0.933658 0.493009 0.493009 0.493009
2888.196045 0.000000 2796.600342 -0.000000 -0.890007 0.000000 0.455947 0.404388 0.404388 0.404388
2882.695068 0.000000 2826.157471 -0.000000 -0.548657 0.000000 0.836048 0.508090 0.508090 0.508090
2901.434082 0.000000 2786.516602 0.000000 -0.588524 0.000000 0.808480 0.213163 0.213163 0.213163
2883.182373 0.000000 2828.055176 0.000000 -0.502596 0.000000 -0.864522 0.493009 0.493009 0.493009
2886.656494 0.000000 2800.781250 -0.000000 -0.510370 0.000000 0.859955 0.493009 0.493009 0.493009
2884.518066 0.000000 2802.497070 0.000000 -0.970967 0.000000 -0.239213 0.493009 0.493009 0.493009
2889.973633 0.000000 2794.656494 0.000000 0.818626 0.000000 -0.574327 0.382172 0.382172 0.382172
2880.886719 0.000000 2791.758789 0.000000 0.783272 0.000000 0.621679 0.370828 0.370828 0.370828
2900.720703 0.000000 2787.653076 0.000000 0.802227 0.000000 -0.597018 0.213163 0.213163 0.213163
2902.747803 0.000000 2782.766846 0.000000 -0.775418 0.000000 -0.631448 0.382172 0.382172 0.382172
2903.934082 0.000000 2780.672119 0.000000 -0.880041 0.000000 0.474898 0.382172 0.382172 0.382172
2889.722168 0.000000 2791.237549 0.000000 0.771480 0.000000 -0.636254 0.493009 0.493009 0.493009
2891.111328 0.000000 2789.465088 0.000000 -0.828398 0.000000 -0.560141 0.493009 0.493009 0.493009
2894.399414 0.000000 2789.846924 0.000000 0.759228 0.000000 0.650825 0.508090 0.508090 0.508090
2905.564453 0.000000 2782.554688 0.000000 0.869113 0.000000 0.494614 0.370828 0.370828 0.370828
2905.238281 0.000000 2780.239502 0.000000 0.966629 0.000000 0.256179 0.370828 0.370828 0.370828
2907.078857 0.000000 2778.677246 0.000000 0.699555 0.000000 -0.714578 0.382172 0.382172 0.382172
2907.764404 0.000000 2774.831055 0.000000 -0.049776 -0.000000 -0.998760 0.404388 0.404388 0.404388
2906.243896 0.000000 2776.788086 0.000000 -0.492611 0.000000 -0.870250 0.404388 0.404388 0.404388
2904.382812 0.000000 2774.858643 0.000000 -0.995085 0.000000 0.099025 0.392385 0.392385 0.392385
2904.623779 0.000000 2778.947754 0.000000 0.607917 0.000000 0.794001 0.382172 0.382172 0.382172
2904.711426 0.000000 2776.391357 0.000000 -0.588524 0.000000 0.808480 0.370828 0.370828 0.370828
2903.441650 0.000000 2778.337891 0.000000 0.802227 0.000000 -0.597018 0.370828 0.370828 0.370828
2904.671387 0.000000 2791.886719 0.000000 -0.998885 0.000000 -0.047199 0.508090 0.508090 0.508090
2903.820557 0.000000 2788.829834 0.000000 0.992688 0.000000 -0.120712 0.508090 0.508090 0.508090
2907.265869 0.000000 2788.946045 -0.000000 -0.199048 0.000000 0.979990 0.493009 0.493009 0.493009
2904.643799 0.000000 2787.197754 0.000000 0.979721 0.000000 -0.200365 0.493009 0.493009 0.493009
2904.867432 0.000000 2783.987549 0.000000 -0.996164 0.000000 0.087503 0.508090 0.508090 0.508090
2902.981934 0.000000 2786.500244 0.000000 0.385127 0.000000 -0.922863 0.508090 0.508090 0.508090
2900.628174 0.000000 2784.070312 0.000000 0.600339 0.000000 -0.799746 0.493009 0.493009 0.493009
2901.142334 0.000000 2786.977539 0.000000 0.747678 0.000000 0.664061 0.493009 0.493009 0.493009
3981.143555 0.000000 3459.234863 0.000000 0.995587 0.000000 0.093844 0.659277 0.659277 0.659277
3981.731201 0.000000 3459.542236 0.000000 0.599903 0.000000 0.800073 0.855956 0.855956 0.855956
3983.829590 0.000000 3458.911865 0.000000 -0.951795 0.000000 0.306735 0.659277 0.659277 0.659277
4026.712402 0.000000 3444.789062 0.000000 -0.667755 0.000000 -0.744381 1.000000 1.000000 1.000000
4020.846436 0.000000 3459.744629 -0.000000 0.040438 0.000000 0.999182 1.000000 1.000000 1.000000
4034.471924 0.000000 3443.391357 0.000000 -0.607431 -0.000000 -0.794372 1.104724 1.104724 1.104724
3999.509766 0.000000 3460.033936 0.000000 -0.919035 0.000000 0.394176 1.104724 1.104724 1.104724
4028.605957 0.000000 3458.346924 0.000000 -0.129683 0.000000 0.991555 1.104724 1.104724 1.104724
4035.356445 0.000000 3444.232178 0.000000 -0.139396 0.000000 0.990237 0.659277 0.659277 0.659277
4026.614990 0.000000 3451.690674 0.000000 0.541387 0.000000 0.840773 1.104724 1.104724 1.104724
4012.761475 0.000000 3452.951660 0.000000 0.025216 0.000000 0.999682 1.104724 1.104724 1.104724
3933.680908 0.000000 3467.050781 0.000000 -0.293226 0.000000 0.956043 1.104724 1.104724 1.104724
3917.540039 0.000000 3468.381836 0.000000 -0.731773 0.000000 -0.681548 1.104724 1.104724 1.104724
3933.340820 0.000000 3467.273682 0.000000 0.999331 0.000000 0.036564 1.104724 1.104724 1.104724
3917.199951 0.000000 3468.604736 0.000000 0.025216 0.000000 0.999682 1.104724 1.104724 1.104724
3925.535156 0.000000 3472.315918 0.000000 0.999331 0.000000 0.036564 1.104724 1.104724 1.104724
3909.394287 0.000000 3473.646973 0.000000 0.025216 0.000000 0.999682 1.104724 1.104724 1.104724
3935.942139 0.000000 3477.717285 0.000000 0.999331 0.000000 0.036564 1.104724 1.104724 1.104724
3919.801270 0.000000 3479.048340 0.000000 0.025216 0.000000 0.999682 1.104724 1.104724 1.104724
3927.614746 0.000000 3484.290771 0.000000 0.025216 0.000000 0.999682 1.104724 1.104724 1.104724
3966.948242 0.000000 3505.564453 0.000000 0.025216 0.000000 0.999682 1.104724 1.104724 1.104724
4030.653809 0.000000 3445.177002 0.000000 0.241304 0.000000 -0.970450 1.298324 1.298324 1.298324
4039.971191 0.000000 3443.861572 0.000000 -0.931996 0.000000 -0.362467 1.104724 1.104724 1.104724
4014.864990 0.000000 3461.224609 0.000000 0.645854 0.000000 -0.763461 1.675659 1.675659 1.675659
4041.254883 0.000000 3443.989990 0.000000 -0.225764 0.000000 0.974182 0.659277 0.659277 0.659277
4041.988037 0.000000 3444.719482 0.000000 -0.890350 0.000000 -0.455276 0.855956 0.855956 0.855956
3993.516846 0.000000 3460.772461 0.000000 0.186901 0.000000 0.982379 1.104724 1.104724 1.104724
4023.416016 0.000000 3444.729736 0.000000 0.781582 0.000000 0.623802 1.298324 1.298324 1.298324
4013.389893 0.000000 3445.269775 0.000000 0.963981 0.000000 -0.265972 1.000000 1.000000 1.000000
4029.490479 0.000000 3459.187744 0.000000 -0.972751 0.000000 0.231854 0.659277 0.659277 0.659277
4010.651123 0.000000 3445.310059 0.000000 0.826188 0.000000 -0.563395 1.298324 1.298324 1.298324
3992.773926 0.000000 3459.635498 0.000000 -0.190598 0.000000 0.981668 0.659277 0.659277 0.659277
4024.787842 0.000000 3460.132568 0.000000 0.546960 0.000000 -0.837159 1.298324 1.298324 1.298324
4034.105225 0.000000 3458.817139 0.000000 -0.457102 0.000000 -0.889414 1.104724 1.104724 1.104724
3991.700684 0.000000 3459.224365 0.000000 -0.763243 0.000000 -0.646111 0.855956 0.855956 0.855956
3936.458008 0.000000 3467.303223 0.000000 0.718797 0.000000 0.695220 0.659277 0.659277 0.659277
4011.455566 0.000000 3459.534424 0.000000 0.926846 0.000000 -0.375442 1.000000 1.000000 1.000000
4035.388916 0.000000 3458.945557 0.000000 0.644403 0.000000 -0.764686 0.659277 0.659277 0.659277
3936.117920 0.000000 3467.526123 0.000000 0.575321 0.000000 0.817928 0.659277 0.659277 0.659277
4014.310791 0.000000 3459.397461 0.000000 0.524838 0.000000 -0.851202 1.000000 1.000000 1.000000
4036.122070 0.000000 3459.675049 0.000000 -0.526185 0.000000 0.850370 0.855956 0.855956 0.855956
3928.312256 0.000000 3472.568359 0.000000 0.575321 0.000000 0.817928 0.659277 0.659277 0.659277
3989.078369 0.000000 3459.153809 0.000000 -0.683451 0.000000 -0.729997 0.659277 0.659277 0.659277
4028.275635 0.000000 3451.229980 0.000000 0.972464 0.000000 0.233055 0.659277 0.659277 0.659277
3938.719238 0.000000 3477.969727 0.000000 0.575321 0.000000 0.817928 0.659277 0.659277 0.659277
4017.550049 0.000000 3459.685303 0.000000 0.666198 0.000000 -0.745775 1.298324 1.298324 1.298324
3917.520020 0.000000 3478.889648 0.000000 0.986398 0.000000 -0.164378 0.659277 0.659277 0.659277
4010.480225 0.000000 3452.792969 0.000000 -0.509100 0.000000 0.860707 0.659277 0.659277 0.659277
3925.333496 0.000000 3484.132080 0.000000 -0.509100 0.000000 0.860707 0.659277 0.659277 0.659277
4007.523926 0.000000 3460.225342 0.000000 0.370199 0.000000 -0.928952 1.000000 1.000000 1.000000
3964.666992 0.000000 3505.405762 0.000000 -0.509100 0.000000 0.860707 0.659277 0.659277 0.659277
4004.785156 0.000000 3460.265625 0.000000 0.808319 0.000000 0.588745 1.298324 1.298324 1.298324
3959.689209 0.000000 3452.213379 0.000000 -0.636157 0.000000 -0.771560 1.104724 1.104724 1.104724
3958.177734 0.000000 3452.942383 0.000000 -0.249445 0.000000 0.968389 0.659277 0.659277 0.659277
3955.847412 0.000000 3452.340332 0.000000 -0.930754 0.000000 0.365646 1.104724 1.104724 1.104724
3954.099121 0.000000 3452.510742 0.000000 -0.126499 0.000000 -0.991967 0.659277 0.659277 0.659277
3952.901611 0.000000 3452.206543 0.000000 0.451473 0.000000 0.892285 0.855956 0.855956 0.855956
3994.341797 0.000000 3452.567627 0.000000 0.279928 0.000000 -0.960021 1.675659 1.675659 1.675659
3950.572754 0.000000 3451.875000 0.000000 0.087255 0.000000 -0.996186 0.659277 0.659277 0.659277
3990.564941 0.000000 3452.451416 0.000000 0.951312 0.000000 -0.308229 1.000000 1.000000 1.000000
3968.857666 0.000000 3452.473877 0.000000 0.903398 0.000000 0.428803 1.000000 1.000000 1.000000
3974.299072 0.000000 3452.263184 0.000000 0.087429 0.000000 -0.996171 1.675659 1.675659 1.675659
3989.025391 0.000000 3452.091797 0.000000 0.907441 0.000000 0.420180 1.298324 1.298324 1.298324
3965.191650 0.000000 3452.049316 0.000000 -0.903715 0.000000 -0.428135 1.298324 1.298324 1.298324
3977.639404 0.000000 3453.372314 0.000000 0.999712 0.000000 0.024002 1.000000 1.000000 1.000000
3975.402588 0.000000 3451.760254 0.000000 -0.979438 0.000000 -0.201748 1.000000 1.000000 1.000000
3982.166748 0.000000 3451.489502 0.000000 -0.990823 0.000000 -0.135166 1.675659 1.675659 1.675659
3972.853271 0.000000 3452.200684 0.000000 0.607489 0.000000 0.794328 1.298324 1.298324 1.298324
3984.555664 0.000000 3453.197998 0.000000 0.548530 0.000000 -0.836131 1.000000 1.000000 1.000000
4022.206543 0.000000 3445.068604 0.000000 -0.486319 -0.000000 -0.873781 1.000000 1.000000 1.000000
3957.114990 0.000000 3446.219238 0.000000 0.982040 0.000000 -0.188675 1.104724 1.104724 1.104724
3976.065918 0.000000 3445.672852 0.000000 0.996897 0.000000 0.078710 1.104724 1.104724 1.104724
3955.285156 0.000000 3445.799805 0.000000 -0.998057 0.000000 -0.062310 0.659277 0.659277 0.659277
4030.716797 0.000000 3444.127686 0.000000 -0.867392 0.000000 0.497624 1.104724 1.104724 1.104724
3939.050049 0.000000 3468.036133 0.000000 0.774215 0.000000 -0.632923 1.104724 1.104724 1.104724
3952.546387 0.000000 3445.125244 0.000000 -0.876864 0.000000 -0.480739 1.104724 1.104724 1.104724
3974.770508 0.000000 3445.800049 0.000000 0.112982 0.000000 0.993597 0.659277 0.659277 0.659277
3951.212158 0.000000 3445.613281 0.000000 -0.999415 0.000000 0.034202 0.659277 0.659277 0.659277
3938.709961 0.000000 3468.259033 0.000000 0.933271 0.000000 -0.359173 1.104724 1.104724 1.104724
3971.132812 0.000000 3445.250000 0.000000 0.755052 0.000000 -0.655664 1.104724 1.104724 1.104724
3950.171143 0.000000 3444.515625 0.000000 0.638671 0.000000 -0.769480 0.855956 0.855956 0.855956
4032.508789 0.000000 3443.992188 -0.000000 0.161261 0.000000 0.986912 0.659277 0.659277 0.659277
3930.904297 0.000000 3473.301270 0.000000 0.933271 0.000000 -0.359173 1.104724 1.104724 1.104724
3970.170654 0.000000 3444.585449 0.000000 -0.976034 0.000000 0.217617 0.659277 0.659277 0.659277
4026.326660 0.000000 3444.327148 0.000000 -0.992000 0.000000 -0.126241 1.298324 1.298324 1.298324
3940.658447 0.000000 3469.028809 0.000000 -0.979511 0.000000 -0.201392 0.659277 0.659277 0.659277
4035.837891 0.000000 3444.980713 0.000000 0.288478 0.000000 0.957487 1.104724 1.104724 1.104724
3941.311279 0.000000 3478.702637 0.000000 0.933271 0.000000 -0.359173 1.104724 1.104724 1.104724
4031.913818 0.000000 3451.945068 0.000000 0.448892 0.000000 0.893586 1.104724 1.104724 1.104724
3969.175537 0.000000 3444.084717 0.000000 -0.371234 0.000000 -0.928539 0.855956 0.855956 0.855956
3940.318359 0.000000 3469.251709 0.000000 -0.535865 0.000000 0.844304 0.659277 0.659277 0.659277
3914.626709 0.000000 3477.965332 0.000000 0.117791 0.000000 -0.993038 1.104724 1.104724 1.104724
3947.803955 0.000000 3444.852295 0.000000 -0.623027 0.000000 -0.782201 0.659277 0.659277 0.659277
4007.586914 0.000000 3451.868652 0.000000 0.969120 0.000000 0.246589 1.104724 1.104724 1.104724
3922.440186 0.000000 3483.207764 0.000000 0.969120 0.000000 0.246589 1.104724 1.104724 1.104724
3932.512695 0.000000 3474.293945 0.000000 -0.535865 0.000000 0.844304 0.659277 0.659277 0.659277
4037.242676 0.000000 3444.144531 0.000000 -0.571533 0.000000 0.820579 0.659277 0.659277 0.659277
3942.020508 0.000000 3467.765869 0.000000 -0.621163 0.000000 -0.783682 0.855956 0.855956 0.855956
3965.691650 0.000000 3445.130127 0.000000 -0.938182 0.000000 0.346143 1.000000 1.000000 1.000000
3961.773682 0.000000 3504.481445 0.000000 0.969120 0.000000 0.246589 1.104724 1.104724 1.104724
3944.399902 0.000000 3468.016602 0.000000 -0.054952 0.000000 0.998489 0.659277 0.659277 0.659277
3963.279785 0.000000 3445.737305 0.000000 0.764705 0.000000 -0.644380 1.298324 1.298324 1.298324
3942.919678 0.000000 3479.695312 0.000000 -0.535865 0.000000 0.844304 0.659277 0.659277 0.659277
4032.812744 0.000000 3451.610596 0.000000 -0.929540 0.000000 -0.368720 0.659277 0.659277 0.659277
3941.680420 0.000000 3467.988770 0.000000 -0.794179 0.000000 -0.607684 0.855956 0.855956 0.855956
3966.930176 0.000000 3444.231445 0.000000 -0.843418 0.000000 0.537259 0.659277 0.659277 0.659277
4008.135498 0.000000 3445.283691 0.000000 0.752194 0.000000 0.658942 1.000000 1.000000 1.000000
3944.059814 0.000000 3468.239502 0.000000 0.750428 0.000000 0.660952 0.659277 0.659277 0.659277
3913.220215 0.000000 3477.713135 0.000000 -0.980612 0.000000 -0.195957 0.659277 0.659277 0.659277
3968.731689 0.000000 3445.570557 0.000000 0.888341 -0.000000 -0.459183 1.298324 1.298324 1.298324
4006.180420 0.000000 3451.616455 0.000000 -0.952752 0.000000 -0.303748 0.659277 0.659277 0.659277
3933.874756 0.000000 3473.031006 0.000000 -0.794179 0.000000 -0.607684 0.855956 0.855956 0.855956
3984.880615 0.000000 3444.716553 0.000000 0.780407 0.000000 0.625271 1.000000 1.000000 1.000000
3921.033691 0.000000 3482.955566 0.000000 -0.952752 0.000000 -0.303748 0.659277 0.659277 0.659277
3936.254150 0.000000 3473.281738 0.000000 0.750428 0.000000 0.660952 0.659277 0.659277 0.659277
3992.510254 0.000000 3445.748779 0.000000 0.774431 0.000000 -0.632658 1.675659 1.675659 1.675659
3919.704590 0.000000 3472.870605 0.000000 -0.065684 0.000000 0.997840 1.298324 1.298324 1.298324
4034.473877 0.000000 3451.391602 0.000000 0.259644 0.000000 0.965704 0.855956 0.855956 0.855956
4005.530273 0.000000 3445.053955 0.000000 0.331914 0.000000 -0.943310 1.298324 1.298324 1.298324
3944.281738 0.000000 3478.432373 0.000000 -0.794179 0.000000 -0.607684 0.855956 0.855956 0.855956
3960.367188 0.000000 3504.229248 0.000000 -0.952752 0.000000 -0.303748 0.659277 0.659277 0.659277
4036.284180 0.000000 3451.289551 0.000000 -0.531231 0.000000 0.847227 0.659277 0.659277 0.659277
3946.661133 0.000000 3478.683105 0.000000 0.750428 0.000000 0.660952 0.659277 0.659277 0.659277
3914.903076 0.000000 3473.558594 0.000000 -0.357801 0.000000 -0.933798 1.298324 1.298324 1.298324
3981.063965 0.000000 3445.210693 0.000000 -0.699765 0.000000 -0.714373 1.298324 1.298324 1.298324
3930.111572 0.000000 3478.271973 0.000000 -0.065684 0.000000 0.997840 1.298324 1.298324 1.298324
4021.241943 0.000000 3452.571289 0.000000 0.654320 0.000000 0.756217 1.298324 1.298324 1.298324
3911.819092 0.000000 3478.192627 0.000000 0.960690 0.000000 -0.277625 0.855956 0.855956 0.855956
3994.724609 0.000000 3445.333252 0.000000 0.976358 0.000000 -0.216161 1.000000 1.000000 1.000000
4004.779297 0.000000 3452.095947 0.000000 0.298298 0.000000 -0.954473 0.855956 0.855956 0.855956
3909.447998 0.000000 3477.997314 0.000000 -0.982312 0.000000 0.187253 0.659277 0.659277 0.659277
3992.820068 0.000000 3444.949463 0.000000 -0.855744 0.000000 0.517399 1.000000 1.000000 1.000000
3925.310059 0.000000 3478.959961 0.000000 -0.357801 0.000000 -0.933798 1.298324 1.298324 1.298324
3999.537354 0.000000 3445.172852 0.000000 0.992922 0.000000 0.118770 1.675659 1.675659 1.675659
3919.632568 0.000000 3483.435059 0.000000 0.298298 0.000000 -0.954473 0.855956 0.855956 0.855956
4002.408203 0.000000 3451.900635 0.000000 -0.300060 0.000000 0.953920 0.659277 0.659277 0.659277
3989.428955 0.000000 3445.371826 0.000000 0.992021 0.000000 -0.126071 1.298324 1.298324 1.298324
3917.261475 0.000000 3483.239746 0.000000 -0.300060 0.000000 0.953920 0.659277 0.659277 0.659277
4018.270264 0.000000 3452.863281 0.000000 -0.357801 0.000000 -0.933798 1.298324 1.298324 1.298324
3933.123535 0.000000 3484.202393 0.000000 -0.357801 0.000000 -0.933798 1.298324 1.298324 1.298324
4001.563721 0.000000 3445.196045 0.000000 -0.955744 0.000000 -0.294200 1.000000 1.000000 1.000000
3958.966064 0.000000 3504.708740 0.000000 0.298298 0.000000 -0.954473 0.855956 0.855956 0.855956
3989.155762 0.000000 3504.204346 0.000000 0.321604 0.000000 0.946874 0.659277 0.659277 0.659277
3989.743408 0.000000 3504.511719 0.000000 -0.923521 0.000000 0.383547 0.855956 0.855956 0.855956
3956.594971 0.000000 3504.513428 0.000000 -0.300060 0.000000 0.953920 0.659277 0.659277 0.659277
3991.841797 0.000000 3503.881348 0.000000 -0.823775 0.000000 0.566917 0.659277 0.659277 0.659277
3972.457031 0.000000 3505.476074 0.000000 -0.357801 0.000000 -0.933798 1.298324 1.298324 1.298324
4028.858643 0.000000 3504.714111 0.000000 -0.468770 0.000000 -0.883320 1.000000 1.000000 1.000000
4007.521973 0.000000 3505.003418 0.000000 0.755936 0.000000 0.654646 1.104724 1.104724 1.104724
4036.618164 0.000000 3503.316406 0.000000 -0.999435 0.000000 -0.033615 1.104724 1.104724 1.104724
4005.153809 0.000000 3505.823975 0.000000 0.349508 0.000000 -0.936934 0.659277 0.659277 0.659277
4022.877197 0.000000 3506.194092 0.000000 0.042577 0.000000 0.999093 1.675659 1.675659 1.675659
4001.529053 0.000000 3505.741943 0.000000 -0.725517 0.000000 0.688204 1.104724 1.104724 1.104724
4037.502686 0.000000 3504.157227 0.000000 -0.769477 0.000000 0.638675 0.659277 0.659277 0.659277
4000.786133 0.000000 3504.604980 0.000000 0.927631 0.000000 0.373497 0.659277 0.659277 0.659277
4032.800049 0.000000 3505.102051 0.000000 -0.020148 0.000000 0.999797 1.298324 1.298324 1.298324
4042.117432 0.000000 3503.786621 0.000000 -0.709238 0.000000 -0.704969 1.104724 1.104724 1.104724
3999.712891 0.000000 3504.193848 0.000000 -0.840040 0.000000 -0.542525 0.855956 0.855956 0.855956
4019.467773 0.000000 3504.503906 0.000000 -0.789207 0.000000 0.614127 1.000000 1.000000 1.000000
4043.401123 0.000000 3503.915039 0.000000 -0.222444 0.000000 -0.974945 0.659277 0.659277 0.659277
4022.322998 0.000000 3504.366943 0.000000 -0.871797 0.000000 -0.489867 1.000000 1.000000 1.000000
4044.134277 0.000000 3504.644531 0.000000 0.605194 0.000000 -0.796078 0.855956 0.855956 0.855956
3997.090576 0.000000 3504.123291 0.000000 -0.944778 0.000000 -0.327711 0.659277 0.659277 0.659277
4025.562256 0.000000 3504.654785 0.000000 0.652029 0.000000 -0.758194 1.298324 1.298324 1.298324
4015.536133 0.000000 3505.194824 0.000000 0.485097 0.000000 -0.874460 1.000000 1.000000 1.000000
4046.129395 0.000000 3503.532959 0.000000 -0.817941 0.000000 0.575303 0.659277 0.659277 0.659277
4012.797363 0.000000 3505.235107 0.000000 0.702237 0.000000 0.711944 1.298324 1.298324 1.298324
3985.773926 0.000000 3496.897949 0.000000 0.972888 0.000000 -0.231278 1.104724 1.104724 1.104724
3984.262451 0.000000 3497.626953 0.000000 0.596571 0.000000 -0.802561 0.659277 0.659277 0.659277
3981.932129 0.000000 3497.024902 0.000000 -0.758526 0.000000 -0.651643 1.104724 1.104724 1.104724
3980.183838 0.000000 3497.195312 0.000000 0.070251 0.000000 0.997529 0.659277 0.659277 0.659277
3978.986328 0.000000 3496.891113 0.000000 -0.083449 0.000000 -0.996512 0.855956 0.855956 0.855956
4020.426514 0.000000 3497.252197 0.000000 0.034228 0.000000 0.999414 1.675659 1.675659 1.675659
3976.657471 0.000000 3496.559570 0.000000 -0.342653 0.000000 -0.939462 0.659277 0.659277 0.659277
4016.649658 0.000000 3497.135986 0.000000 0.878534 0.000000 -0.477680 1.000000 1.000000 1.000000
3994.942383 0.000000 3497.158447 0.000000 -0.387546 0.000000 0.921850 1.000000 1.000000 1.000000
4000.383789 0.000000 3496.947754 0.000000 0.926956 0.000000 -0.375170 1.675659 1.675659 1.675659
4015.110107 0.000000 3496.776367 0.000000 -0.739216 0.000000 -0.673468 1.298324 1.298324 1.298324
3991.276367 0.000000 3496.733887 0.000000 0.989891 0.000000 0.141827 1.298324 1.298324 1.298324
4003.724121 0.000000 3498.056885 0.000000 -0.729373 0.000000 0.684117 1.000000 1.000000 1.000000
4001.487305 0.000000 3496.444824 0.000000 0.870137 0.000000 -0.492810 1.000000 1.000000 1.000000
4008.251465 0.000000 3496.174072 0.000000 -0.971327 0.000000 -0.237747 1.675659 1.675659 1.675659
3998.937988 0.000000 3496.885254 0.000000 0.775716 0.000000 0.631082 1.298324 1.298324 1.298324
4010.640381 0.000000 3497.882568 0.000000 0.761704 0.000000 -0.647925 1.000000 1.000000 1.000000
4030.218750 0.000000 3490.038086 0.000000 -0.782745 0.000000 0.622343 1.000000 1.000000 1.000000
3951.348389 0.000000 3436.774414 0.000000 0.455085 0.000000 -0.890448 1.104724 1.104724 1.104724
3970.299316 0.000000 3436.228027 0.000000 0.682475 0.000000 -0.730908 1.104724 1.104724 1.104724
3949.518555 0.000000 3436.354980 0.000000 0.802994 0.000000 -0.595987 0.659277 0.659277 0.659277
3965.127197 0.000000 3491.188721 0.000000 0.455085 0.000000 -0.890448 1.104724 1.104724 1.104724
3946.779785 0.000000 3435.680420 0.000000 -0.970231 0.000000 -0.242181 1.104724 1.104724 1.104724
3969.003906 0.000000 3436.355225 0.000000 -0.355182 0.000000 0.934797 0.659277 0.659277 0.659277
3945.445557 0.000000 3436.168457 0.000000 0.066537 0.000000 -0.997784 0.659277 0.659277 0.659277
3965.366211 0.000000 3435.805176 0.000000 0.926996 0.000000 -0.375070 1.104724 1.104724 1.104724
3944.404541 0.000000 3435.070801 0.000000 -0.805849 0.000000 -0.592121 0.855956 0.855956 0.855956
3984.078125 0.000000 3490.642334 0.000000 0.682475 0.000000 -0.730908 1.104724 1.104724 1.104724
3964.404053 0.000000 3435.140625 0.000000 -0.997706 0.000000 -0.067693 0.659277 0.659277 0.659277
3963.297363 0.000000 3490.769287 0.000000 0.802994 0.000000 -0.595987 0.659277 0.659277 0.659277
4038.729004 0.000000 3489.097168 0.000000 -0.879316 0.000000 0.476238 1.104724 1.104724 1.104724
3963.408936 0.000000 3434.639893 0.000000 0.924795 0.000000 0.380466 0.855956 0.855956 0.855956
3942.037354 0.000000 3435.407471 0.000000 0.440478 0.000000 0.897763 0.659277 0.659277 0.659277
3960.558594 0.000000 3490.094727 0.000000 -0.970231 0.000000 -0.242181 1.104724 1.104724 1.104724
3959.925049 0.000000 3435.685303 0.000000 -0.775737 0.000000 0.631056 1.000000 1.000000 1.000000
3982.782715 0.000000 3490.769531 0.000000 -0.355182 0.000000 0.934797 0.659277 0.659277 0.659277
3957.513184 0.000000 3436.292480 0.000000 0.584835 0.000000 0.811152 1.298324 1.298324 1.298324
3961.163574 0.000000 3434.786621 0.000000 -0.781880 0.000000 -0.623429 0.659277 0.659277 0.659277
4002.368896 0.000000 3435.838867 0.000000 0.511501 0.000000 0.859283 1.000000 1.000000 1.000000
3962.965088 0.000000 3436.125732 0.000000 -0.900197 0.000000 0.435483 1.298324 1.298324 1.298324
3979.114014 0.000000 3435.271729 0.000000 0.832383 0.000000 -0.554200 1.000000 1.000000 1.000000
3986.743652 0.000000 3436.303955 0.000000 -0.326442 0.000000 -0.945217 1.675659 1.675659 1.675659
3999.763672 0.000000 3435.609131 0.000000 -0.627531 0.000000 -0.778592 1.298324 1.298324 1.298324
3959.224365 0.000000 3490.582764 0.000000 0.066537 0.000000 -0.997784 0.659277 0.659277 0.659277
3975.297363 0.000000 3435.765869 0.000000 -0.947405 0.000000 0.320037 1.298324 1.298324 1.298324
3988.958008 0.000000 3435.888428 0.000000 -0.938610 0.000000 -0.344979 1.000000 1.000000 1.000000
3987.053467 0.000000 3435.504639 0.000000 0.177399 0.000000 0.984139 1.000000 1.000000 1.000000
3993.770752 0.000000 3435.728027 0.000000 0.542362 0.000000 0.840145 1.675659 1.675659 1.675659
3983.662354 0.000000 3435.927002 0.000000 0.551475 0.000000 0.834192 1.298324 1.298324 1.298324
3995.797119 0.000000 3435.751221 0.000000 -0.964332 0.000000 -0.264696 1.000000 1.000000 1.000000
3979.145020 0.000000 3490.219482 0.000000 0.926996 0.000000 -0.375070 1.104724 1.104724 1.104724
3958.183350 0.000000 3489.485107 0.000000 -0.805849 0.000000 -0.592121 0.855956 0.855956 0.855956
4040.520996 0.000000 3488.961670 0.000000 -0.906672 0.000000 -0.421835 0.659277 0.659277 0.659277
3978.182861 0.000000 3489.554932 0.000000 -0.997706 0.000000 -0.067693 0.659277 0.659277 0.659277
4034.338867 0.000000 3489.296631 0.000000 0.958991 0.000000 -0.283436 1.298324 1.298324 1.298324
4043.850098 0.000000 3489.950195 0.000000 -0.378064 0.000000 0.925779 1.104724 1.104724 1.104724
3977.187744 0.000000 3489.054199 0.000000 0.924795 0.000000 0.380466 0.855956 0.855956 0.855956
3955.816162 0.000000 3489.821777 0.000000 0.440478 0.000000 0.897763 0.659277 0.659277 0.659277
4045.254883 0.000000 3489.114014 0.000000 0.708312 0.000000 -0.705900 0.659277 0.659277 0.659277
3973.703857 0.000000 3490.099609 0.000000 -0.775737 0.000000 0.631056 1.000000 1.000000 1.000000
4047.398926 0.000000 3489.871582 0.000000 -0.228399 0.000000 -0.973568 0.855956 0.855956 0.855956
3971.291992 0.000000 3490.706787 0.000000 0.584835 0.000000 0.811152 1.298324 1.298324 1.298324
3974.942383 0.000000 3489.200928 0.000000 -0.781880 0.000000 -0.623429 0.659277 0.659277 0.659277
4016.147705 0.000000 3490.253174 0.000000 0.511501 0.000000 0.859283 1.000000 1.000000 1.000000
3976.743896 0.000000 3490.540039 0.000000 -0.900197 0.000000 0.435483 1.298324 1.298324 1.298324
3992.892822 0.000000 3489.686035 0.000000 0.832383 0.000000 -0.554200 1.000000 1.000000 1.000000
4000.522461 0.000000 3490.718262 0.000000 -0.326442 0.000000 -0.945217 1.675659 1.675659 1.675659
4013.542480 0.000000 3490.023438 0.000000 -0.627531 0.000000 -0.778592 1.298324 1.298324 1.298324
4048.753174 0.000000 3489.033936 0.000000 0.562718 0.000000 -0.826649 0.659277 0.659277 0.659277
3989.076172 0.000000 3490.180176 0.000000 -0.947405 0.000000 0.320037 1.298324 1.298324 1.298324
4002.736816 0.000000 3490.302734 0.000000 -0.938610 0.000000 -0.344979 1.000000 1.000000 1.000000
4000.832275 0.000000 3489.918945 0.000000 0.177399 0.000000 0.984139 1.000000 1.000000 1.000000
4007.549561 0.000000 3490.142334 0.000000 0.542362 0.000000 0.840145 1.675659 1.675659 1.675659
3997.441162 0.000000 3490.341309 0.000000 0.551475 0.000000 0.834192 1.298324 1.298324 1.298324
4009.575928 0.000000 3490.165527 0.000000 -0.964332 0.000000 -0.264696 1.000000 1.000000 1.000000
4058.991943 0.000000 3511.745850 0.000000 0.102101 0.000000 -0.994774 1.104724 1.104724 1.104724
4043.063232 0.000000 3512.822754 -0.000000 -0.108852 0.000000 0.994058 1.104724 1.104724 1.104724
4060.738281 0.000000 3511.625488 0.000000 0.037335 0.000000 -0.999303 0.659277 0.659277 0.659277
4063.867920 0.000000 3511.528564 0.000000 -0.169774 0.000000 -0.985483 1.104724 1.104724 1.104724
4042.056396 0.000000 3512.699951 0.000000 0.001514 0.000000 -0.999999 0.659277 0.659277 0.659277
4065.322021 0.000000 3512.012695 0.000000 0.489541 0.000000 0.871980 0.659277 0.659277 0.659277
4047.428711 0.000000 3512.222900 0.000000 -0.970203 0.000000 -0.242295 1.298324 1.298324 1.298324
4038.380615 0.000000 3512.750488 0.000000 -0.968377 0.000000 -0.249492 1.104724 1.104724 1.104724
4066.603027 0.000000 3512.376465 0.000000 -0.983867 0.000000 0.178903 0.855956 0.855956 0.855956
4036.837891 0.000000 3513.179199 0.000000 -0.885767 0.000000 0.464130 0.659277 0.659277 0.659277
4035.420654 0.000000 3512.578857 0.000000 -0.980130 0.000000 -0.198357 0.855956 0.855956 0.855956
4068.990234 0.000000 3512.408447 0.000000 0.221597 0.000000 0.975138 0.659277 0.659277 0.659277
4033.431152 0.000000 3513.444824 -0.000000 -0.540205 0.000000 0.841533 0.659277 0.659277 0.659277
4053.865479 0.000000 3511.658691 0.000000 -0.215954 0.000000 0.976403 1.298324 1.298324 1.298324
3997.361572 0.000000 3513.403320 0.000000 -0.645042 0.000000 -0.764147 1.000000 1.000000 1.000000
4018.629150 0.000000 3512.227783 0.000000 0.957447 0.000000 0.288607 1.104724 1.104724 1.104724
3988.795898 0.000000 3514.314697 0.000000 -0.920972 0.000000 -0.389628 1.104724 1.104724 1.104724
4020.375488 0.000000 3512.107422 0.000000 0.909257 0.000000 -0.416236 0.659277 0.659277 0.659277
4003.260010 0.000000 3512.553711 0.000000 -0.788813 0.000000 0.614633 1.675659 1.675659 1.675659
4023.505127 0.000000 3512.010498 0.000000 -0.509069 0.000000 -0.860725 1.104724 1.104724 1.104724
3987.789062 0.000000 3514.191895 0.000000 0.967817 0.000000 0.251656 0.659277 0.659277 0.659277
4024.959229 0.000000 3512.494629 0.000000 0.075005 0.000000 -0.997183 0.659277 0.659277 0.659277
3993.161377 0.000000 3513.714844 0.000000 -0.927082 0.000000 0.374859 1.298324 1.298324 1.298324
3984.113281 0.000000 3514.242432 0.000000 0.498947 0.000000 0.866632 1.104724 1.104724 1.104724
4026.240234 0.000000 3512.858398 0.000000 0.968145 0.000000 -0.250389 0.855956 0.855956 0.855956
4005.614258 0.000000 3513.490967 0.000000 -0.590479 0.000000 -0.807053 1.000000 1.000000 1.000000
3982.570557 0.000000 3514.671143 0.000000 -0.601909 0.000000 -0.798564 0.659277 0.659277 0.659277
4003.623779 0.000000 3513.052490 0.000000 -0.923112 0.000000 0.384531 1.000000 1.000000 1.000000
3981.153320 0.000000 3514.070801 0.000000 0.999028 0.000000 0.044080 0.855956 0.855956 0.855956
4028.627441 0.000000 3512.890381 0.000000 0.054122 0.000000 0.998534 0.659277 0.659277 0.659277
3999.476074 0.000000 3513.778564 0.000000 -0.667026 0.000000 0.745034 1.298324 1.298324 1.298324
4009.803223 0.000000 3513.083008 0.000000 0.183153 0.000000 0.983084 1.000000 1.000000 1.000000
3979.163818 0.000000 3514.936768 0.000000 -0.707153 0.000000 -0.707061 0.659277 0.659277 0.659277
4013.502686 0.000000 3512.140625 0.000000 0.199826 0.000000 -0.979831 1.298324 1.298324 1.298324
3993.366943 0.000000 3521.262451 0.000000 -0.645042 0.000000 -0.764147 1.000000 1.000000 1.000000
4039.501465 0.000000 3519.882080 0.000000 0.957447 0.000000 0.288607 1.104724 1.104724 1.104724
3984.801270 0.000000 3522.173828 0.000000 -0.920972 0.000000 -0.389628 1.104724 1.104724 1.104724
4041.247803 0.000000 3519.761719 0.000000 0.909257 0.000000 -0.416236 0.659277 0.659277 0.659277
3999.265381 0.000000 3520.412842 0.000000 -0.788813 0.000000 0.614633 1.675659 1.675659 1.675659
4044.377441 0.000000 3519.664795 0.000000 -0.509069 0.000000 -0.860725 1.104724 1.104724 1.104724
3983.794434 0.000000 3522.051025 0.000000 0.967817 0.000000 0.251656 0.659277 0.659277 0.659277
4045.831543 0.000000 3520.148926 0.000000 0.075005 0.000000 -0.997183 0.659277 0.659277 0.659277
3989.166748 0.000000 3521.573975 0.000000 -0.927082 0.000000 0.374859 1.298324 1.298324 1.298324
3980.118652 0.000000 3522.101562 0.000000 0.498947 0.000000 0.866632 1.104724 1.104724 1.104724
4047.112549 0.000000 3520.512695 0.000000 0.968145 0.000000 -0.250389 0.855956 0.855956 0.855956
4001.619629 0.000000 3521.350098 0.000000 -0.590479 0.000000 -0.807053 1.000000 1.000000 1.000000
3978.575928 0.000000 3522.530273 0.000000 -0.601909 0.000000 -0.798564 0.659277 0.659277 0.659277
3999.629150 0.000000 3520.911621 0.000000 -0.923112 0.000000 0.384531 1.000000 1.000000 1.000000
4005.883789 0.000000 3521.451172 0.000000 0.992382 0.000000 -0.123200 1.675659 1.675659 1.675659
3977.158691 0.000000 3521.929932 0.000000 0.999028 0.000000 0.044080 0.855956 0.855956 0.855956
4049.499756 0.000000 3520.544678 0.000000 0.054122 0.000000 0.998534 0.659277 0.659277 0.659277
3995.481445 0.000000 3521.637695 0.000000 -0.667026 0.000000 0.745034 1.298324 1.298324 1.298324
4008.571777 0.000000 3520.610596 0.000000 -0.557985 0.000000 -0.829851 1.000000 1.000000 1.000000
4030.675537 0.000000 3520.737305 0.000000 0.183153 0.000000 0.983084 1.000000 1.000000 1.000000
4024.492188 0.000000 3520.208252 0.000000 -0.790047 0.000000 -0.613047 1.675659 1.675659 1.675659
4011.327148 0.000000 3520.577148 0.000000 -0.991481 0.000000 0.130253 1.298324 1.298324 1.298324
3975.169189 0.000000 3522.795898 0.000000 -0.707153 0.000000 -0.707061 0.659277 0.659277 0.659277
4034.375000 0.000000 3519.794922 0.000000 0.199826 0.000000 -0.979831 1.298324 1.298324 1.298324
4021.524170 0.000000 3519.708008 0.000000 0.917144 0.000000 -0.398556 1.000000 1.000000 1.000000
4023.743896 0.000000 3521.004150 0.000000 0.471605 0.000000 -0.881810 1.000000 1.000000 1.000000
4017.560547 0.000000 3520.475098 0.000000 -0.936754 0.000000 0.349987 1.675659 1.675659 1.675659
4027.443359 0.000000 3520.061768 0.000000 0.810474 0.000000 0.585774 1.298324 1.298324 1.298324
4014.592529 0.000000 3519.974854 0.000000 -0.531764 0.000000 -0.846893 1.000000 1.000000 1.000000
3995.171143 0.000000 3528.190430 0.000000 -0.204457 0.000000 -0.978875 1.000000 1.000000 1.000000
4060.501953 0.000000 3526.104004 0.000000 -0.783862 0.000000 0.620934 1.104724 1.104724 1.104724
4041.305664 0.000000 3526.810059 0.000000 -0.783862 0.000000 0.620934 1.104724 1.104724 1.104724
4062.248291 0.000000 3525.983643 0.000000 -0.286136 0.000000 -0.958189 0.659277 0.659277 0.659277
3986.605469 0.000000 3529.101807 0.000000 0.997718 0.000000 0.067511 1.104724 1.104724 1.104724
4065.377930 0.000000 3525.886719 0.000000 0.945769 0.000000 0.324839 1.104724 1.104724 1.104724
4043.052002 0.000000 3526.689697 0.000000 -0.286136 0.000000 -0.958189 0.659277 0.659277 0.659277
4066.832031 0.000000 3526.370850 0.000000 0.865339 0.000000 -0.501186 0.659277 0.659277 0.659277
4001.069580 0.000000 3527.340820 0.000000 -0.872953 0.000000 -0.487804 1.675659 1.675659 1.675659
4046.181641 0.000000 3526.592773 0.000000 0.945769 0.000000 0.324839 1.104724 1.104724 1.104724
4068.113037 0.000000 3526.734619 0.000000 0.999330 0.000000 0.036607 0.855956 0.855956 0.855956
3985.598633 0.000000 3528.979004 0.000000 -0.450289 0.000000 -0.892883 0.659277 0.659277 0.659277
4047.635742 0.000000 3527.076904 0.000000 0.865339 0.000000 -0.501186 0.659277 0.659277 0.659277
3990.970947 0.000000 3528.501953 0.000000 0.940061 0.000000 0.341008 1.298324 1.298324 1.298324
3981.922852 0.000000 3529.029541 0.000000 -0.893031 0.000000 0.449995 1.104724 1.104724 1.104724
4048.916748 0.000000 3527.440674 0.000000 0.999330 0.000000 0.036607 0.855956 0.855956 0.855956
4070.500244 0.000000 3526.766602 0.000000 -0.531656 0.000000 0.846960 0.659277 0.659277 0.659277
4003.423828 0.000000 3528.278076 0.000000 -0.989944 0.000000 0.141457 1.000000 1.000000 1.000000
3980.380127 0.000000 3529.458252 0.000000 0.750799 0.000000 -0.660531 0.659277 0.659277 0.659277
4051.676025 0.000000 3526.959229 0.000000 0.775690 0.000000 -0.631114 1.000000 1.000000 1.000000
4001.433350 0.000000 3527.839600 0.000000 0.532234 0.000000 -0.846597 1.000000 1.000000 1.000000
4007.687988 0.000000 3528.379150 0.000000 -0.450239 0.000000 0.892908 1.675659 1.675659 1.675659
3978.962891 0.000000 3528.857910 0.000000 0.864377 0.000000 0.502843 0.855956 0.855956 0.855956
4055.375488 0.000000 3526.016846 0.000000 0.933623 0.000000 -0.358258 1.298324 1.298324 1.298324
4051.303955 0.000000 3527.472656 0.000000 -0.531656 0.000000 0.846960 0.659277 0.659277 0.659277
3997.285645 0.000000 3528.565674 0.000000 -0.909852 0.000000 0.414934 1.298324 1.298324 1.298324
4010.375977 0.000000 3527.538574 0.000000 -0.998416 0.000000 0.056270 1.000000 1.000000 1.000000
4048.443848 0.000000 3526.283691 0.000000 -0.779589 -0.000000 -0.626292 1.298324 1.298324 1.298324
4032.479736 0.000000 3527.665283 0.000000 0.775690 0.000000 -0.631114 1.000000 1.000000 1.000000
4013.131348 0.000000 3527.505127 0.000000 0.933623 0.000000 -0.358258 1.298324 1.298324 1.298324
3976.973389 0.000000 3529.723877 0.000000 -0.111791 0.000000 -0.993732 0.659277 0.659277 0.659277
4036.179199 0.000000 3526.722900 0.000000 0.933623 0.000000 -0.358258 1.298324 1.298324 1.298324
4029.247559 0.000000 3526.989746 0.000000 -0.779589 -0.000000 -0.626292 1.298324 1.298324 1.298324
"}
object={
	name="Khand rock 10"
	render_pass=MapUnderWater
	clamp_to_water_level=no
	generated_content=no
	layer="building_layer"
	pdxmesh="rock_khand_10_mesh"
	count=524
	transform="1529.294434 0.000000 5642.379395 0.000000 0.000000 0.000000 1.000000 0.414697 0.414697 0.414697
925.662354 0.000000 5381.516113 0.000000 0.000000 0.000000 1.000000 0.663623 0.663623 0.663623
985.164185 0.000000 5505.754883 0.000000 0.000000 0.000000 1.000000 1.000000 1.000000 1.000000
980.246582 0.000000 5498.151855 0.000000 0.057343 0.000000 -0.998355 0.690576 0.690576 0.690576
1288.419800 0.000000 5920.200684 0.000000 0.954921 0.000000 0.296861 1.725781 1.725781 1.725781
1254.285767 0.000000 5950.037109 0.000000 0.000000 0.000000 1.000000 2.473389 2.473389 2.473389
1208.120117 0.000000 5988.499023 0.000000 0.000000 0.000000 1.000000 1.240219 1.240219 1.240219
1208.120117 0.000000 5988.499023 0.000000 0.000000 0.000000 1.000000 1.000000 1.000000 1.000000
1190.113647 0.000000 5932.513184 0.000000 0.000000 0.000000 1.000000 1.025263 1.025263 1.025263
1182.388916 0.000000 5939.830078 0.000000 0.000000 0.000000 1.000000 1.690760 1.690760 1.690760
1124.838257 0.000000 5956.022949 0.000000 0.000000 0.000000 1.000000 1.690760 1.690760 1.690760
1112.730713 0.000000 5958.300781 0.000000 0.000000 0.000000 1.000000 1.000000 1.000000 1.000000
1357.339478 0.000000 4746.037598 0.000000 0.000000 0.000000 1.000000 0.364781 0.364781 0.364781
1367.423828 0.000000 2306.064453 0.000000 -0.151687 0.000000 -0.988428 0.588916 0.588916 0.588916
1361.060913 0.000000 2306.183838 0.000000 0.942269 0.000000 0.334858 0.588916 0.588916 0.588916
1109.716064 0.000000 2342.819824 0.000000 0.404871 0.000000 0.914374 0.588916 0.588916 0.588916
1127.401733 0.000000 2343.226074 0.000000 0.404871 0.000000 0.914374 0.588916 0.588916 0.588916
1145.462524 0.000000 2252.428711 0.000000 0.556648 0.000000 0.830748 0.588916 0.588916 0.588916
1127.679932 0.000000 2235.781982 0.000000 -0.263493 0.000000 0.964661 0.588916 0.588916 0.588916
1120.963745 0.000000 2346.112793 0.000000 -0.301940 0.000000 -0.953327 0.588916 0.588916 0.588916
1141.920044 0.000000 2345.078369 0.000000 0.773193 0.000000 -0.634169 0.588916 0.588916 0.588916
1138.649414 0.000000 2346.519043 0.000000 -0.301940 0.000000 -0.953327 0.588916 0.588916 0.588916
1132.930054 0.000000 2239.516357 0.000000 -0.915493 0.000000 0.402333 0.588916 0.588916 0.588916
1163.425293 0.000000 2252.779785 0.000000 0.652102 0.000000 -0.758131 0.588916 0.588916 0.588916
1157.157471 0.000000 2251.700195 0.000000 -0.461988 0.000000 -0.886886 0.588916 0.588916 0.588916
1350.324585 0.000000 2311.570312 0.000000 0.860974 0.000000 -0.508648 0.588916 0.588916 0.588916
1346.029785 0.000000 2306.879395 0.000000 -0.152806 0.000000 -0.988256 0.588916 0.588916 0.588916
1645.744873 0.000000 1975.463867 0.000000 0.000000 0.000000 1.000000 1.000000 1.000000 1.000000
1084.032959 -2.853271 2127.263428 0.000000 -0.999520 0.000000 0.030989 1.409398 1.409398 1.409398
1125.043335 -0.500244 2159.355225 0.000000 -0.139771 0.000000 0.990184 0.813291 0.813291 0.813291
1118.985840 -0.500244 2148.692871 0.000000 -0.003254 0.000000 0.999995 0.813291 0.813291 0.813291
1099.600220 -0.500244 2134.693359 0.000000 0.246249 0.000000 0.969207 0.813291 0.813291 0.813291
1090.596802 -0.500244 2128.291016 0.000000 0.246249 0.000000 0.969207 0.813291 0.813291 0.813291
1082.154785 -0.500244 2124.857422 0.000000 0.246249 0.000000 0.969207 0.813291 0.813291 0.813291
1073.083984 -0.500244 2117.108887 0.000000 0.246249 0.000000 0.969207 0.813291 0.813291 0.813291
2883.706787 0.000000 2833.731445 0.000000 0.967679 0.000000 0.252185 0.174846 0.174846 0.174846
2884.273438 0.000000 2833.622559 0.000000 -0.703809 0.000000 -0.710389 0.174846 0.174846 0.174846
2882.939697 0.000000 2833.579102 0.000000 -0.886039 0.000000 0.463612 0.169656 0.169656 0.169656
2885.163818 0.000000 2830.436035 0.000000 -0.671601 0.000000 -0.740914 0.169656 0.169656 0.169656
2882.575928 0.000000 2834.226807 0.000000 -0.458843 0.000000 0.888517 0.174846 0.174846 0.174846
2882.168945 0.000000 2833.852539 0.000000 0.545961 0.000000 -0.837811 0.174846 0.174846 0.174846
2825.977783 0.000000 2769.359375 0.000000 0.955807 0.000000 -0.293994 0.174846 0.174846 0.174846
2826.380127 0.000000 2768.941406 0.000000 -0.388488 -0.000000 -0.921454 0.174846 0.174846 0.174846
2825.265869 0.000000 2769.682373 0.000000 0.711053 0.000000 -0.703138 0.169656 0.169656 0.169656
2825.202148 0.000000 2769.138184 0.000000 -0.991711 0.000000 0.128491 0.169656 0.169656 0.169656
2825.344238 0.000000 2770.424316 0.000000 -0.610136 0.000000 -0.792296 0.174846 0.174846 0.174846
2824.804932 0.000000 2770.360840 0.000000 -0.712176 0.000000 0.702001 0.174846 0.174846 0.174846
2870.686768 0.000000 2715.245850 0.000000 0.524025 0.000000 -0.851703 0.174846 0.174846 0.174846
2870.818604 0.000000 2714.687256 0.000000 0.044782 0.000000 0.998997 0.174846 0.174846 0.174846
2870.234375 0.000000 2715.890381 0.000000 -0.046719 0.000000 -0.998908 0.169656 0.169656 0.169656
2869.904053 0.000000 2715.454590 0.000000 0.190438 0.000000 0.981699 0.169656 0.169656 0.169656
2897.710205 0.000000 2788.659180 0.000000 0.812405 0.000000 -0.583094 0.174846 0.174846 0.174846
2854.786133 0.000000 2709.615723 -0.000000 0.376860 0.000000 0.926270 0.174846 0.174846 0.174846
2897.707275 0.000000 2789.224121 0.000000 -0.994658 0.000000 0.103222 0.174846 0.174846 0.174846
2898.004639 0.000000 2787.934326 0.000000 -0.819423 0.000000 0.573189 0.169656 0.169656 0.169656
2898.428223 0.000000 2788.289551 0.000000 -0.711266 0.000000 0.702923 0.169656 0.169656 0.169656
2897.448242 0.000000 2787.459229 0.000000 -0.450410 0.000000 0.892822 0.174846 0.174846 0.174846
2897.892090 0.000000 2787.104736 0.000000 0.831742 0.000000 0.555163 0.174846 0.174846 0.174846
2878.880127 0.000000 2820.911377 0.000000 0.958985 0.000000 0.283459 0.174846 0.174846 0.174846
2855.499023 0.000000 2709.936279 0.000000 -0.993755 0.000000 -0.111589 0.169656 0.169656 0.169656
2908.997559 0.000000 2772.317627 0.000000 -0.250722 0.000000 -0.968059 0.174846 0.174846 0.174846
2878.175537 0.000000 2821.250488 0.000000 -0.635979 0.000000 0.771706 0.169656 0.169656 0.169656
2829.280273 0.000000 2760.681152 -0.000000 -0.402267 0.000000 0.915523 0.169656 0.169656 0.169656
2883.701904 0.000000 2806.679688 0.000000 -0.643293 0.000000 -0.765620 0.169656 0.169656 0.169656
2881.019531 0.000000 2809.247070 0.000000 -0.799065 0.000000 0.601245 0.174846 0.174846 0.174846
2875.739990 0.000000 2818.689941 0.000000 0.296449 0.000000 0.955049 0.174846 0.174846 0.174846
2876.795898 0.000000 2819.800049 0.000000 -0.021705 0.000000 -0.999765 0.174846 0.174846 0.174846
2908.292969 0.000000 2772.656738 0.000000 0.238952 0.000000 0.971031 0.169656 0.169656 0.169656
2880.513428 0.000000 2809.482910 0.000000 0.110404 0.000000 -0.993887 0.174846 0.174846 0.174846
2881.800537 0.000000 2809.194580 0.000000 -0.945043 0.000000 -0.326946 0.169656 0.169656 0.169656
2826.501953 0.000000 2774.895020 0.000000 0.742689 0.000000 -0.669636 0.174846 0.174846 0.174846
2881.667236 0.000000 2809.733643 0.000000 0.749962 -0.000000 -0.661481 0.169656 0.169656 0.169656
2881.989258 0.000000 2808.493408 0.000000 -0.681859 0.000000 0.731484 0.174846 0.174846 0.174846
2862.015381 0.000000 2721.848145 0.000000 -0.651206 0.000000 -0.758901 0.174846 0.174846 0.174846
2855.138184 0.000000 2710.348389 0.000000 -0.069667 0.000000 -0.997570 0.169656 0.169656 0.169656
2826.729980 0.000000 2775.414062 0.000000 0.980131 0.000000 0.198352 0.174846 0.174846 0.174846
2862.535156 0.000000 2722.090332 0.000000 -0.889620 0.000000 -0.456701 0.174846 0.174846 0.174846
2826.443115 0.000000 2774.109863 0.000000 0.936461 0.000000 0.350772 0.169656 0.169656 0.169656
2858.818359 0.000000 2710.721191 0.000000 -0.651206 0.000000 -0.758901 0.174846 0.174846 0.174846
2826.980469 0.000000 2774.249023 0.000000 -0.990172 0.000000 0.139855 0.169656 0.169656 0.169656
2825.736572 0.000000 2773.919434 0.000000 0.882177 0.000000 -0.470918 0.174846 0.174846 0.174846
2859.338135 0.000000 2710.963379 0.000000 -0.889620 0.000000 -0.456701 0.174846 0.174846 0.174846
2825.971436 0.000000 2773.428467 0.000000 0.953552 0.000000 -0.301228 0.174846 0.174846 0.174846
2861.472900 0.000000 2721.285156 0.000000 -0.427483 -0.000000 -0.904023 0.169656 0.169656 0.169656
2813.421631 0.000000 2763.888184 0.000000 -0.526848 0.000000 0.849960 0.219683 0.219683 0.219683
2814.121094 0.000000 2764.134033 0.000000 0.591134 0.000000 0.806574 0.219683 0.219683 0.219683
2882.511963 0.000000 2808.722656 0.000000 -0.532035 0.000000 -0.846723 0.174846 0.174846 0.174846
2861.966064 0.000000 2721.041260 0.000000 0.214898 0.000000 0.976637 0.169656 0.169656 0.169656
2860.802490 0.000000 2721.599365 0.000000 -0.363688 0.000000 0.931521 0.174846 0.174846 0.174846
2860.665039 0.000000 2721.069824 0.000000 -0.401246 0.000000 0.915971 0.174846 0.174846 0.174846
2908.210693 0.000000 2772.110596 0.000000 0.398970 0.000000 0.916964 0.169656 0.169656 0.169656
2875.174805 0.000000 2819.215576 0.000000 0.705928 -0.000000 -0.708284 0.169656 0.169656 0.169656
2858.275879 0.000000 2710.158203 0.000000 -0.427483 -0.000000 -0.904023 0.169656 0.169656 0.169656
2874.928467 0.000000 2818.729736 0.000000 0.508277 0.000000 0.861194 0.169656 0.169656 0.169656
2905.528320 0.000000 2774.677979 0.000000 0.997994 0.000000 -0.063316 0.174846 0.174846 0.174846
2878.911865 0.000000 2793.438721 -0.000000 0.009566 0.000000 0.999954 0.169656 0.169656 0.169656
2858.769043 0.000000 2709.914307 0.000000 0.214898 0.000000 0.976637 0.169656 0.169656 0.169656
2857.605469 0.000000 2710.472412 0.000000 -0.363688 0.000000 0.931521 0.174846 0.174846 0.174846
2857.468018 0.000000 2709.942871 0.000000 -0.401246 0.000000 0.915971 0.174846 0.174846 0.174846
2879.082031 0.000000 2792.912109 -0.000000 0.177724 0.000000 0.984080 0.169656 0.169656 0.169656
2905.022217 0.000000 2774.913818 0.000000 -0.897924 0.000000 -0.440151 0.174846 0.174846 0.174846
2868.015625 0.000000 2707.469482 0.000000 0.704158 0.000000 0.710043 0.219683 0.219683 0.219683
2812.659424 0.000000 2763.267334 0.000000 0.677379 0.000000 0.735634 0.213163 0.213163 0.213163
2813.282715 0.000000 2762.888672 0.000000 -0.935718 0.000000 -0.352748 0.213163 0.213163 0.213163
2811.919189 0.000000 2763.743652 0.000000 0.999973 0.000000 -0.007402 0.219683 0.219683 0.219683
2868.683594 0.000000 2707.789795 0.000000 0.762583 0.000000 0.646891 0.219683 0.219683 0.219683
2811.642334 0.000000 2763.098389 0.000000 -0.933393 0.000000 0.358856 0.219683 0.219683 0.219683
2811.882568 0.000000 2764.737549 0.000000 0.599069 0.000000 0.800697 0.213163 0.213163 0.213163
2811.239502 0.000000 2764.483887 0.000000 -0.605250 0.000000 0.796035 0.213163 0.213163 0.213163
2906.309326 0.000000 2774.625488 0.000000 -0.998689 0.000000 0.051196 0.169656 0.169656 0.169656
2824.351807 0.000000 2767.016113 0.000000 -0.204046 0.000000 -0.978961 0.219683 0.219683 0.219683
2825.051270 0.000000 2767.261963 0.000000 -0.691045 0.000000 -0.722812 0.219683 0.219683 0.219683
2823.589600 0.000000 2766.395264 0.000000 -0.772085 0.000000 -0.635520 0.213163 0.213163 0.213163
2906.176025 0.000000 2775.164551 0.000000 -0.975827 0.000000 0.218547 0.169656 0.169656 0.169656
2906.498047 0.000000 2773.924316 0.000000 -0.855439 0.000000 0.517903 0.174846 0.174846 0.174846
2907.020752 0.000000 2774.153564 -0.000000 0.410556 0.000000 0.911835 0.174846 0.174846 0.174846
2824.212891 0.000000 2766.016602 0.000000 0.224124 -0.000000 -0.974561 0.213163 0.213163 0.213163
2867.328125 0.000000 2706.767334 0.000000 -0.941666 0.000000 0.336548 0.213163 0.213163 0.213163
2867.988770 0.000000 2706.458984 0.000000 -0.426930 0.000000 -0.904285 0.213163 0.213163 0.213163
2866.538330 0.000000 2707.156006 0.000000 0.835640 0.000000 0.549278 0.219683 0.219683 0.219683
2868.103271 0.000000 2714.048584 0.000000 -0.884440 0.000000 0.466654 0.219683 0.219683 0.219683
2868.825439 0.000000 2713.903564 0.000000 -0.654063 0.000000 0.756440 0.219683 0.219683 0.219683
2867.134521 0.000000 2713.907959 0.000000 0.965338 0.000000 0.261003 0.213163 0.213163 0.213163
2866.336182 0.000000 2706.483398 0.000000 0.993608 0.000000 -0.112882 0.219683 0.219683 0.219683
2866.390869 0.000000 2708.141357 0.000000 0.420530 0.000000 0.907279 0.213163 0.213163 0.213163
2865.780518 0.000000 2707.815430 0.000000 0.025405 0.000000 0.999677 0.213163 0.213163 0.213163
2867.476562 0.000000 2713.266846 0.000000 -0.889805 0.000000 -0.456341 0.213163 0.213163 0.213163
2866.736572 0.000000 2714.689941 0.000000 -0.999159 0.000000 -0.041000 0.219683 0.219683 0.219683
2822.849365 0.000000 2766.871582 0.000000 -0.918170 0.000000 -0.396187 0.219683 0.219683 0.219683
2866.166504 0.000000 2714.266846 0.000000 0.804042 0.000000 -0.594572 0.219683 0.219683 0.219683
2867.197266 0.000000 2715.564209 0.000000 0.220216 0.000000 -0.975451 0.213163 0.213163 0.213163
2866.523682 0.000000 2715.667236 0.000000 0.927177 0.000000 -0.374623 0.213163 0.213163 0.213163
2860.475342 0.000000 2716.108887 0.000000 -0.866822 0.000000 -0.498617 0.213163 0.213163 0.213163
2860.392822 0.000000 2716.814453 0.000000 0.459118 0.000000 0.888376 0.213163 0.213163 0.213163
2902.086670 0.000000 2783.816650 0.000000 -0.937313 0.000000 0.348489 0.219683 0.219683 0.219683
2822.572510 0.000000 2766.226318 0.000000 -0.638219 0.000000 -0.769855 0.219683 0.219683 0.219683
2860.559082 0.000000 2715.222168 0.000000 0.680381 0.000000 0.732859 0.219683 0.219683 0.219683
2822.812744 0.000000 2767.865479 0.000000 0.583795 -0.000000 -0.811901 0.213163 0.213163 0.213163
2873.155518 0.000000 2704.187256 0.000000 -0.702361 0.000000 -0.711821 0.213163 0.213163 0.213163
2861.256104 0.000000 2715.425781 0.000000 0.995756 0.000000 -0.092031 0.219683 0.219683 0.219683
2859.803955 0.000000 2714.593750 0.000000 0.941215 0.000000 0.337808 0.213163 0.213163 0.213163
2860.423584 0.000000 2714.218994 0.000000 -0.186079 0.000000 0.982535 0.213163 0.213163 0.213163
2822.169678 0.000000 2767.611816 0.000000 -0.867597 0.000000 0.497268 0.213163 0.213163 0.213163
2901.446045 0.000000 2784.112061 -0.000000 0.608012 0.000000 0.793928 0.219683 0.219683 0.219683
2885.704346 0.000000 2828.215576 0.000000 -0.986042 0.000000 -0.166498 0.219683 0.219683 0.219683
2810.759766 0.000000 2765.159912 0.000000 -0.994236 0.000000 0.107212 0.382172 0.382172 0.382172
2865.227539 0.000000 2708.436279 0.000000 0.609360 0.000000 0.792893 0.382172 0.382172 0.382172
2856.448730 0.000000 2712.126465 0.000000 0.556184 0.000000 0.831060 0.404388 0.404388 0.404388
2853.022705 0.000000 2712.059326 0.000000 0.712276 0.000000 -0.701900 0.370828 0.370828 0.370828
2886.135254 0.000000 2828.812256 0.000000 -0.709901 0.000000 0.704301 0.219683 0.219683 0.219683
2885.448730 0.000000 2827.268066 0.000000 0.942233 -0.000000 -0.334959 0.213163 0.213163 0.213163
2854.592529 0.000000 2710.271973 0.000000 -0.233597 0.000000 0.972334 0.392385 0.392385 0.392385
2886.174072 0.000000 2827.313232 0.000000 0.632290 0.000000 -0.774732 0.213163 0.213163 0.213163
2884.568359 0.000000 2827.212891 0.000000 0.996978 0.000000 -0.077686 0.219683 0.219683 0.219683
2823.014404 0.000000 2768.880859 0.000000 -0.998902 0.000000 0.046851 0.404388 0.404388 0.404388
2867.884521 0.000000 2716.326172 0.000000 0.516561 0.000000 -0.856250 0.404388 0.404388 0.404388
2811.991699 0.000000 2765.608154 0.000000 -0.004406 0.000000 0.999990 0.382172 0.382172 0.382172
2884.723633 0.000000 2826.526367 0.000000 -0.449720 0.000000 -0.893170 0.219683 0.219683 0.219683
2883.958008 0.000000 2828.008545 0.000000 0.120141 0.000000 0.992757 0.213163 0.213163 0.213163
2883.587402 0.000000 2827.417725 0.000000 0.872921 0.000000 0.487862 0.213163 0.213163 0.213163
2903.068359 0.000000 2783.749756 0.000000 -0.851017 0.000000 0.525138 0.213163 0.213163 0.213163
2902.896973 0.000000 2784.429199 0.000000 0.904417 0.000000 0.426650 0.213163 0.213163 0.213163
2903.301270 0.000000 2782.870605 0.000000 0.862637 0.000000 0.505824 0.219683 0.219683 0.219683
2903.957031 0.000000 2783.156982 0.000000 -0.612551 0.000000 -0.790431 0.219683 0.219683 0.219683
2902.619629 0.000000 2782.138184 0.000000 0.958363 0.000000 -0.285552 0.213163 0.213163 0.213163
2903.292236 0.000000 2781.870605 0.000000 -0.718359 0.000000 -0.695672 0.213163 0.213163 0.213163
2883.542236 0.000000 2828.937988 0.000000 -0.687998 0.000000 -0.725713 0.404388 0.404388 0.404388
2900.497314 0.000000 2789.232178 0.000000 -0.937313 0.000000 0.348489 0.219683 0.219683 0.219683
2899.856689 0.000000 2789.527588 -0.000000 0.608012 0.000000 0.793928 0.219683 0.219683 0.219683
2866.402588 0.000000 2709.015869 0.000000 0.907191 0.000000 0.420720 0.382172 0.382172 0.382172
2901.479004 0.000000 2789.165283 0.000000 -0.851017 0.000000 0.525138 0.213163 0.213163 0.213163
2881.454346 0.000000 2806.518799 0.000000 -0.422214 0.000000 0.906496 0.404388 0.404388 0.404388
2878.121338 0.000000 2818.014893 0.000000 0.634778 0.000000 0.772695 0.370828 0.370828 0.370828
2878.475098 0.000000 2820.306152 0.000000 -0.872134 0.000000 0.489266 0.392385 0.392385 0.392385
2901.307617 0.000000 2789.844727 0.000000 0.904417 0.000000 0.426650 0.213163 0.213163 0.213163
2901.711914 0.000000 2788.286133 0.000000 0.862637 0.000000 0.505824 0.219683 0.219683 0.219683
2885.781250 0.000000 2830.356934 0.000000 0.772561 0.000000 -0.634941 0.392385 0.392385 0.392385
2902.367676 0.000000 2788.572510 0.000000 -0.612551 0.000000 -0.790431 0.219683 0.219683 0.219683
2901.030273 0.000000 2787.553711 0.000000 0.958363 0.000000 -0.285552 0.213163 0.213163 0.213163
2901.702881 0.000000 2787.286133 0.000000 -0.718359 0.000000 -0.695672 0.213163 0.213163 0.213163
2907.563477 0.000000 2767.789062 0.000000 0.333740 0.000000 -0.942665 0.382172 0.382172 0.382172
2825.654785 0.000000 2768.727783 0.000000 0.698452 0.000000 -0.715657 0.392385 0.392385 0.392385
2906.340332 0.000000 2767.786621 0.000000 -0.660470 0.000000 0.750853 0.382172 0.382172 0.382172
2903.128418 0.000000 2781.060303 0.000000 -0.937313 0.000000 0.348489 0.382172 0.382172 0.382172
2905.963135 0.000000 2771.949707 0.000000 0.997100 0.000000 -0.076100 0.404388 0.404388 0.404388
2908.238770 0.000000 2769.421143 0.000000 -0.547428 0.000000 0.836853 0.370828 0.370828 0.370828
2870.096680 0.000000 2714.876953 0.000000 -0.847376 0.000000 -0.530993 0.392385 0.392385 0.392385
2832.729736 0.000000 2775.608887 0.000000 -0.985638 0.000000 0.168872 0.370828 0.370828 0.370828
2810.533936 0.000000 2763.429443 0.000000 0.991019 0.000000 0.133719 0.370828 0.370828 0.370828
2908.592529 0.000000 2771.712402 0.000000 0.979128 0.000000 0.203246 0.392385 0.392385 0.392385
2831.247803 0.000000 2775.252930 0.000000 0.994593 0.000000 0.103847 0.382172 0.382172 0.382172
2831.725586 0.000000 2774.127197 0.000000 0.850832 0.000000 0.525438 0.382172 0.382172 0.382172
2873.025391 0.000000 2814.814941 0.000000 0.719077 0.000000 0.694930 0.382172 0.382172 0.382172
2829.943848 0.000000 2776.375488 0.000000 0.993870 0.000000 -0.110559 0.370828 0.370828 0.370828
2828.016602 0.000000 2772.252930 0.000000 0.036341 0.000000 -0.999339 0.404388 0.404388 0.404388
2829.491943 0.000000 2775.269287 0.000000 0.936776 0.000000 0.349930 0.370828 0.370828 0.370828
2827.214600 0.000000 2774.804688 0.000000 0.937113 0.000000 -0.349027 0.392385 0.392385 0.392385
2822.586426 0.000000 2764.489258 0.000000 0.410434 0.000000 -0.911890 0.508090 0.508090 0.508090
2824.128906 0.000000 2763.720459 0.000000 0.760213 0.000000 -0.649674 0.508090 0.508090 0.508090
2820.389648 0.000000 2764.686035 0.000000 -0.666182 0.000000 -0.745789 0.493009 0.493009 0.493009
2865.311768 0.000000 2712.779541 0.000000 0.951928 0.000000 0.306321 0.508090 0.508090 0.508090
2866.237061 0.000000 2711.311768 0.000000 0.752692 0.000000 -0.658373 0.508090 0.508090 0.508090
2820.701416 0.000000 2763.169189 0.000000 -0.664192 0.000000 -0.747562 0.493009 0.493009 0.493009
2862.499512 0.000000 2721.307373 0.000000 -0.743112 0.000000 -0.669167 0.392385 0.392385 0.392385
2862.991211 0.000000 2712.585693 0.000000 -0.075608 0.000000 0.997138 0.493009 0.493009 0.493009
2819.875977 0.000000 2766.760254 0.000000 0.905157 0.000000 0.425078 0.508090 0.508090 0.508090
2818.394531 0.000000 2766.117188 0.000000 0.939632 0.000000 0.342188 0.508090 0.508090 0.508090
2866.361084 0.000000 2716.722656 0.000000 0.976405 0.000000 -0.215947 0.493009 0.493009 0.493009
2821.484375 0.000000 2768.433838 0.000000 0.865144 0.000000 -0.501524 0.493009 0.493009 0.493009
2864.026611 0.000000 2707.217041 0.000000 0.775098 0.000000 -0.631841 0.370828 0.370828 0.370828
2865.196289 0.000000 2706.688721 0.000000 -0.393492 0.000000 -0.919328 0.370828 0.370828 0.370828
2862.566895 0.000000 2716.494385 0.000000 0.777797 0.000000 0.628515 0.508090 0.508090 0.508090
2814.031250 0.000000 2763.135498 0.000000 0.084337 0.000000 0.996437 0.493009 0.493009 0.493009
2862.673584 0.000000 2707.903076 0.000000 -0.998484 0.000000 -0.055052 0.382172 0.382172 0.382172
2862.318604 0.000000 2706.743652 0.000000 0.731666 -0.000000 -0.681663 0.382172 0.382172 0.382172
2900.239014 0.000000 2786.957520 0.000000 0.430710 0.000000 0.902490 0.404388 0.404388 0.404388
2860.152344 0.000000 2713.204102 0.000000 -0.874315 0.000000 -0.485359 0.493009 0.493009 0.493009
2862.402832 0.000000 2709.605957 0.000000 0.449543 0.000000 0.893259 0.370828 0.370828 0.370828
2858.266357 0.000000 2707.743408 0.000000 0.427008 0.000000 -0.904248 0.404388 0.404388 0.404388
2861.354004 0.000000 2709.057129 0.000000 0.849583 0.000000 0.527454 0.370828 0.370828 0.370828
2859.302490 0.000000 2710.180420 0.000000 -0.743112 0.000000 -0.669167 0.392385 0.392385 0.392385
2873.326904 0.000000 2701.897217 0.000000 -0.540480 -0.000000 -0.841357 0.508090 0.508090 0.508090
2868.762939 0.000000 2704.444580 0.000000 0.839865 0.000000 0.542795 0.508090 0.508090 0.508090
2867.360596 0.000000 2703.637695 0.000000 -0.446904 -0.000000 -0.894582 0.508090 0.508090 0.508090
2870.175537 0.000000 2706.287354 0.000000 -0.597806 0.000000 -0.801641 0.493009 0.493009 0.493009
2868.706299 0.000000 2706.786133 0.000000 -0.075252 -0.000000 -0.997164 0.493009 0.493009 0.493009
2835.494385 0.000000 2773.088379 0.000000 -0.993512 0.000000 -0.113730 0.382172 0.382172 0.382172
2901.988770 0.000000 2781.570068 -0.000000 0.608012 0.000000 0.793928 0.382172 0.382172 0.382172
2907.267334 0.000000 2764.582031 0.000000 0.396237 0.000000 0.918148 0.493009 0.493009 0.493009
2889.714600 0.000000 2794.202881 0.000000 0.541305 0.000000 -0.840826 0.382172 0.382172 0.382172
2885.739746 0.000000 2825.142090 0.000000 -0.577331 0.000000 0.816510 0.508090 0.508090 0.508090
2887.433105 0.000000 2825.400146 0.000000 -0.940989 0.000000 -0.338437 0.508090 0.508090 0.508090
2836.603516 0.000000 2768.597168 0.000000 -0.328567 0.000000 -0.944481 0.382172 0.382172 0.382172
2883.833740 0.000000 2824.001709 0.000000 0.458476 0.000000 -0.888707 0.493009 0.493009 0.493009
2884.988525 0.000000 2822.970947 0.000000 0.492037 0.000000 0.870574 0.493009 0.493009 0.493009
2880.712646 0.000000 2813.988281 0.000000 0.846836 0.000000 0.531854 0.382172 0.382172 0.382172
2881.848145 0.000000 2814.477539 0.000000 0.992417 0.000000 0.122915 0.382172 0.382172 0.382172
2882.213623 0.000000 2825.408936 0.000000 -0.970032 0.000000 0.242977 0.508090 0.508090 0.508090
2879.545410 0.000000 2812.710938 0.000000 0.650326 0.000000 -0.759656 0.370828 0.370828 0.370828
2878.076172 0.000000 2824.804688 0.000000 0.999725 0.000000 -0.023465 0.404388 0.404388 0.404388
2871.842041 0.000000 2815.164551 0.000000 0.251512 -0.000000 -0.967854 0.382172 0.382172 0.382172
2880.693115 0.000000 2812.243408 0.000000 -0.273285 0.000000 -0.961933 0.370828 0.370828 0.370828
2881.134766 0.000000 2810.008301 0.000000 -0.768703 0.000000 -0.639606 0.392385 0.392385 0.392385
2872.730469 0.000000 2819.239258 0.000000 -0.703335 0.000000 0.710859 0.404388 0.404388 0.404388
2836.579346 0.000000 2772.534912 0.000000 0.879896 0.000000 0.475166 0.382172 0.382172 0.382172
2837.729248 0.000000 2772.314941 0.000000 0.950938 0.000000 0.309382 0.404388 0.404388 0.404388
2874.157471 0.000000 2816.172363 0.000000 -0.733927 0.000000 -0.679229 0.370828 0.370828 0.370828
2875.179932 0.000000 2818.238525 0.000000 -0.986694 0.000000 -0.162589 0.392385 0.392385 0.392385
2881.375977 0.000000 2824.007812 0.000000 0.215654 0.000000 -0.976470 0.508090 0.508090 0.508090
2835.120850 0.000000 2768.580811 0.000000 -0.297875 0.000000 -0.954605 0.404388 0.404388 0.404388
2831.379883 0.000000 2765.457520 0.000000 -0.967736 0.000000 -0.251966 0.493009 0.493009 0.493009
2834.162109 0.000000 2771.903320 0.000000 0.938341 0.000000 0.345710 0.370828 0.370828 0.370828
2882.553223 0.000000 2827.707031 0.000000 0.241234 0.000000 0.970467 0.493009 0.493009 0.493009
2888.615479 0.000000 2793.655273 -0.000000 -0.815252 0.000000 0.579106 0.382172 0.382172 0.382172
2884.901123 0.000000 2795.309326 0.000000 -0.697967 0.000000 0.716130 0.404388 0.404388 0.404388
2882.640137 0.000000 2792.733154 0.000000 -0.142296 0.000000 -0.989824 0.370828 0.370828 0.370828
2909.317871 0.000000 2765.893799 -0.000000 -0.260600 0.000000 0.965447 0.508090 0.508090 0.508090
2898.423828 0.000000 2788.904297 0.000000 0.163694 0.000000 0.986511 0.392385 0.392385 0.392385
2886.409912 0.000000 2797.200928 0.000000 0.987927 0.000000 0.154920 0.404388 0.404388 0.404388
2886.156494 0.000000 2802.104980 0.000000 0.653897 0.000000 -0.756584 0.493009 0.493009 0.493009
2889.585205 0.000000 2795.965820 -0.000000 -0.724981 0.000000 0.688769 0.370828 0.370828 0.370828
2876.694092 0.000000 2819.072754 0.000000 0.906283 0.000000 0.422672 0.392385 0.392385 0.392385
2904.837402 0.000000 2780.938965 0.000000 -0.851017 0.000000 0.525138 0.370828 0.370828 0.370828
2904.520264 0.000000 2782.131348 0.000000 0.904417 0.000000 0.426650 0.370828 0.370828 0.370828
2889.685791 0.000000 2790.084961 0.000000 0.448970 0.000000 0.893547 0.493009 0.493009 0.493009
2905.221436 0.000000 2779.419189 0.000000 0.862637 0.000000 0.505824 0.382172 0.382172 0.382172
2906.356934 0.000000 2779.908447 0.000000 -0.612551 0.000000 -0.790431 0.382172 0.382172 0.382172
2892.063721 0.000000 2790.616455 0.000000 0.614571 0.000000 0.788861 0.508090 0.508090 0.508090
2904.054199 0.000000 2778.141846 0.000000 0.958363 0.000000 -0.285552 0.370828 0.370828 0.370828
2908.193604 0.000000 2776.210938 0.000000 -0.113648 0.000000 0.993521 0.404388 0.404388 0.404388
2905.201904 0.000000 2777.674316 0.000000 -0.718359 0.000000 -0.695672 0.370828 0.370828 0.370828
2905.643555 0.000000 2775.439209 -0.000000 -0.384568 0.000000 0.923097 0.392385 0.392385 0.392385
2903.492920 0.000000 2789.863037 0.000000 -0.863227 0.000000 0.504817 0.508090 0.508090 0.508090
2902.924316 0.000000 2791.432129 0.000000 -0.992042 0.000000 -0.125911 0.508090 0.508090 0.508090
2904.988281 0.000000 2788.154541 0.000000 -0.952669 0.000000 -0.304009 0.493009 0.493009 0.493009
2905.792725 0.000000 2789.551025 -0.000000 -0.577456 0.000000 0.816422 0.493009 0.493009 0.493009
2903.896484 0.000000 2786.349854 0.000000 -0.863295 0.000000 0.504699 0.508090 0.508090 0.508090
2905.434082 0.000000 2785.747803 0.000000 -0.993660 0.000000 -0.112430 0.508090 0.508090 0.508090
2901.589600 0.000000 2786.261475 0.000000 -0.709397 0.000000 0.704809 0.493009 0.493009 0.493009
2902.223145 0.000000 2784.771484 0.000000 -0.521574 0.000000 -0.853206 0.493009 0.493009 0.493009
3981.148682 0.000000 3458.902344 0.000000 0.326273 0.000000 0.945275 1.064964 1.064964 1.064964
3984.024658 0.000000 3459.455811 0.000000 0.197832 0.000000 -0.980236 1.064964 1.064964 1.064964
4024.352051 0.000000 3444.634033 0.000000 -0.420589 0.000000 -0.907251 1.939770 1.939770 1.939770
4018.486084 0.000000 3459.589600 0.000000 0.956469 0.000000 -0.291835 1.939770 1.939770 1.939770
4036.673340 0.000000 3444.016113 0.000000 -0.646604 0.000000 0.762825 1.064964 1.064964 1.064964
3996.680176 0.000000 3460.557373 0.000000 0.322099 0.000000 0.946706 1.064964 1.064964 1.064964
4030.807373 0.000000 3458.971680 0.000000 0.295218 0.000000 -0.955430 1.064964 1.064964 1.064964
3996.863770 0.000000 3460.832275 0.000000 -0.814676 0.000000 -0.579917 1.278847 1.278847 1.278847
3991.928467 0.000000 3460.338623 0.000000 0.504771 0.000000 -0.863253 1.064964 1.064964 1.064964
4011.259033 0.000000 3459.706299 0.000000 -0.901625 0.000000 0.432518 1.615351 1.615351 1.615351
4030.309570 0.000000 3458.390137 0.000000 0.653873 0.000000 0.756604 1.278847 1.278847 1.278847
4035.469971 0.000000 3458.599609 0.000000 -0.858641 0.000000 -0.512577 1.064964 1.064964 1.064964
4027.043457 0.000000 3458.240723 0.000000 -0.168442 0.000000 0.985712 1.000000 1.000000 1.000000
4011.598389 0.000000 3460.510010 0.000000 0.612340 0.000000 -0.790595 1.939770 1.939770 1.939770
3989.026855 0.000000 3459.392090 0.000000 -0.300774 0.000000 0.953695 1.064964 1.064964 1.064964
4020.126953 0.000000 3458.697021 0.000000 -0.941462 0.000000 -0.337119 1.000000 1.000000 1.000000
4010.333984 0.000000 3459.854248 0.000000 0.384702 0.000000 0.923041 1.939770 1.939770 1.939770
4028.747559 0.000000 3451.572021 0.000000 -0.161602 0.000000 0.986856 1.064964 1.064964 1.064964
4028.376953 0.000000 3451.365723 0.000000 -0.968135 0.000000 -0.250429 1.278847 1.278847 1.278847
4033.241455 0.000000 3451.345459 0.000000 -0.909157 0.000000 -0.416453 1.064964 1.064964 1.064964
4010.098389 0.000000 3452.610840 0.000000 -0.546889 0.000000 -0.837205 1.064964 1.064964 1.064964
4010.358643 0.000000 3453.089600 0.000000 0.994547 0.000000 0.104288 1.278847 1.278847 1.278847
4005.547607 0.000000 3452.197266 0.000000 -0.640343 0.000000 0.768089 1.064964 1.064964 1.064964
3936.817871 0.000000 3467.785156 0.000000 0.956506 0.000000 0.291710 1.064964 1.064964 1.064964
3936.421631 0.000000 3467.181396 0.000000 -0.651819 0.000000 0.758375 1.278847 1.278847 1.278847
3941.184082 0.000000 3468.160156 0.000000 0.929440 0.000000 -0.368973 1.064964 1.064964 1.064964
3936.477783 0.000000 3468.008057 0.000000 -0.282087 0.000000 0.959389 1.064964 1.064964 1.064964
3936.081543 0.000000 3467.404297 0.000000 -0.920593 0.000000 -0.390523 1.278847 1.278847 1.278847
3940.843994 0.000000 3468.383057 0.000000 0.797568 0.000000 -0.603228 1.064964 1.064964 1.064964
3928.672119 0.000000 3473.050293 0.000000 -0.282087 0.000000 0.959389 1.064964 1.064964 1.064964
3928.275879 0.000000 3472.446533 0.000000 -0.920593 0.000000 -0.390523 1.278847 1.278847 1.278847
3933.038330 0.000000 3473.425293 0.000000 0.797568 0.000000 -0.603228 1.064964 1.064964 1.064964
3939.079102 0.000000 3478.451660 0.000000 -0.282087 0.000000 0.959389 1.064964 1.064964 1.064964
3938.682861 0.000000 3477.847900 0.000000 -0.920593 0.000000 -0.390523 1.278847 1.278847 1.278847
3943.445312 0.000000 3478.826660 0.000000 0.797568 0.000000 -0.603228 1.064964 1.064964 1.064964
3917.138184 0.000000 3478.707520 0.000000 0.991570 0.000000 -0.129569 1.064964 1.064964 1.064964
3917.398438 0.000000 3479.186279 0.000000 -0.966254 0.000000 -0.257592 1.278847 1.278847 1.278847
3912.587402 0.000000 3478.293945 0.000000 -0.928641 0.000000 -0.370978 1.064964 1.064964 1.064964
3924.951660 0.000000 3483.949951 0.000000 -0.546889 0.000000 -0.837205 1.064964 1.064964 1.064964
3925.211914 0.000000 3484.428711 0.000000 0.994547 0.000000 0.104288 1.278847 1.278847 1.278847
3920.400879 0.000000 3483.536377 0.000000 -0.640343 0.000000 0.768089 1.064964 1.064964 1.064964
3964.285156 0.000000 3505.223633 0.000000 -0.546889 0.000000 -0.837205 1.064964 1.064964 1.064964
3964.545410 0.000000 3505.702393 0.000000 0.994547 0.000000 0.104288 1.278847 1.278847 1.278847
3959.734375 0.000000 3504.810059 0.000000 -0.640343 0.000000 0.768089 1.064964 1.064964 1.064964
3957.941650 0.000000 3452.735352 0.000000 -0.876195 0.000000 0.481956 1.064964 1.064964 1.064964
3958.030029 0.000000 3453.247559 0.000000 -0.948215 0.000000 -0.317630 1.278847 1.278847 1.278847
3953.293213 0.000000 3452.492188 0.000000 -0.598688 0.000000 -0.800982 1.064964 1.064964 1.064964
3997.036377 0.000000 3452.216064 -0.000000 -0.674929 0.000000 0.737883 1.615351 1.615351 1.615351
3990.242676 0.000000 3453.041748 0.000000 0.997983 0.000000 0.063473 1.615351 1.615351 1.615351
3950.413574 0.000000 3451.715332 0.000000 0.827843 0.000000 0.560960 1.064964 1.064964 1.064964
3971.140137 0.000000 3452.037598 0.000000 0.985090 0.000000 -0.172039 1.939770 1.939770 1.939770
3978.907715 0.000000 3452.399170 0.000000 0.897345 0.000000 0.441329 1.615351 1.615351 1.615351
3985.699951 0.000000 3453.058838 0.000000 -0.755906 0.000000 -0.654680 1.000000 1.000000 1.000000
3962.583984 0.000000 3453.321289 0.000000 -0.938872 0.000000 0.344267 1.000000 1.000000 1.000000
3978.475342 0.000000 3452.005615 0.000000 -0.464694 0.000000 0.885471 1.939770 1.939770 1.939770
3985.804443 0.000000 3452.183350 0.000000 0.820343 0.000000 0.571872 1.615351 1.615351 1.615351
3969.498291 0.000000 3453.151855 0.000000 0.993237 0.000000 -0.116101 1.000000 1.000000 1.000000
3974.268066 0.000000 3445.623779 0.000000 0.933274 0.000000 -0.359166 1.064964 1.064964 1.064964
4033.140381 0.000000 3444.193359 0.000000 0.998427 0.000000 -0.056059 1.064964 1.064964 1.064964
3955.227783 0.000000 3446.130127 0.000000 -0.836736 0.000000 -0.547606 1.278847 1.278847 1.278847
3950.492188 0.000000 3445.558350 0.000000 -0.934463 0.000000 -0.356059 1.064964 1.064964 1.064964
3944.420166 0.000000 3468.931641 0.000000 0.984421 0.000000 -0.175828 1.064964 1.064964 1.064964
3974.589844 0.000000 3446.035645 0.000000 0.484504 0.000000 0.874789 1.278847 1.278847 1.278847
3944.080078 0.000000 3469.154541 0.000000 0.853998 0.000000 -0.520276 1.064964 1.064964 1.064964
3969.502930 0.000000 3445.217529 0.000000 -0.054915 0.000000 -0.998491 1.064964 1.064964 1.064964
4032.816162 0.000000 3443.921631 0.000000 -0.138515 0.000000 0.990360 1.278847 1.278847 1.278847
3989.160889 0.000000 3503.871826 0.000000 -0.400481 0.000000 0.916305 1.064964 1.064964 1.064964
3936.274414 0.000000 3474.196777 0.000000 0.853998 0.000000 -0.520276 1.064964 1.064964 1.064964
4029.482666 0.000000 3443.347412 0.000000 -0.857944 0.000000 0.513742 1.000000 1.000000 1.000000
3932.061035 0.000000 3467.541016 0.000000 0.973569 0.000000 0.228392 1.000000 1.000000 1.000000
3947.537598 0.000000 3444.630371 0.000000 0.810820 0.000000 0.585295 1.064964 1.064964 1.064964
4036.467529 0.000000 3451.605713 0.000000 0.996731 0.000000 0.080789 1.064964 1.064964 1.064964
3946.681396 0.000000 3479.598145 0.000000 0.853998 0.000000 -0.520276 1.064964 1.064964 1.064964
3968.353516 0.000000 3445.158447 0.000000 0.182808 0.000000 -0.983149 1.939770 1.939770 1.939770
3919.606689 0.000000 3468.414795 -0.000000 -0.367409 0.000000 0.930059 1.000000 1.000000 1.000000
3931.720947 0.000000 3467.763916 0.000000 0.793162 0.000000 -0.609011 1.000000 1.000000 1.000000
4006.613770 0.000000 3445.631104 0.000000 0.087068 0.000000 -0.996202 1.615351 1.615351 1.615351
3966.612549 0.000000 3444.480469 -0.000000 0.575670 0.000000 0.817682 1.064964 1.064964 1.064964
3909.524170 0.000000 3477.484863 0.000000 0.989335 0.000000 0.145658 1.064964 1.064964 1.064964
4002.484375 0.000000 3451.388184 0.000000 0.226413 0.000000 0.974031 1.064964 1.064964 1.064964
3919.266602 0.000000 3468.637695 0.000000 -0.366425 0.000000 -0.930448 1.000000 1.000000 1.000000
3923.915283 0.000000 3472.806152 0.000000 0.793162 0.000000 -0.609011 1.000000 1.000000 1.000000
4022.498535 0.000000 3443.974609 0.000000 0.709508 0.000000 -0.704698 1.000000 1.000000 1.000000
4019.618896 0.000000 3454.652344 0.000000 0.009496 0.000000 0.999955 1.000000 1.000000 1.000000
3929.515381 0.000000 3480.103760 0.000000 -0.937914 0.000000 0.346869 1.000000 1.000000 1.000000
3916.231201 0.000000 3471.921875 0.000000 0.085324 0.000000 -0.996353 1.000000 1.000000 1.000000
3917.337646 0.000000 3482.727295 0.000000 0.226413 0.000000 0.974031 1.064964 1.064964 1.064964
3911.460938 0.000000 3473.679932 0.000000 -0.366425 0.000000 -0.930448 1.000000 1.000000 1.000000
3934.322266 0.000000 3478.207520 0.000000 0.793162 0.000000 -0.609011 1.000000 1.000000 1.000000
3987.604004 0.000000 3444.667236 0.000000 0.904881 0.000000 0.425664 1.939770 1.939770 1.939770
4023.932617 0.000000 3452.175049 0.000000 -0.679271 0.000000 -0.733887 1.000000 1.000000 1.000000
3995.274170 0.000000 3445.285645 0.000000 0.757921 0.000000 0.652346 1.615351 1.615351 1.615351
3926.638184 0.000000 3477.323242 0.000000 0.085324 0.000000 -0.996353 1.000000 1.000000 1.000000
3956.671143 0.000000 3504.000977 0.000000 0.226413 0.000000 0.974031 1.064964 1.064964 1.064964
3921.867920 0.000000 3479.081299 0.000000 -0.366425 0.000000 -0.930448 1.000000 1.000000 1.000000
4002.090576 0.000000 3445.612793 0.000000 0.988773 0.000000 -0.149428 1.000000 1.000000 1.000000
4019.598389 0.000000 3451.226562 0.000000 0.085324 0.000000 -0.996353 1.000000 1.000000 1.000000
3979.185059 0.000000 3445.979248 0.000000 -0.933438 0.000000 0.358738 1.000000 1.000000 1.000000
3934.451660 0.000000 3482.565674 0.000000 0.085324 0.000000 -0.996353 1.000000 1.000000 1.000000
4014.828125 0.000000 3452.984619 0.000000 -0.366425 0.000000 -0.930448 1.000000 1.000000 1.000000
3929.681396 0.000000 3484.323730 0.000000 -0.366425 0.000000 -0.930448 1.000000 1.000000 1.000000
3994.853760 0.000000 3444.545898 0.000000 0.817335 0.000000 0.576162 1.939770 1.939770 1.939770
4002.109375 0.000000 3444.873535 0.000000 -0.852827 0.000000 0.522194 1.615351 1.615351 1.615351
3986.081055 0.000000 3445.970459 0.000000 0.134061 -0.000000 -0.990973 1.000000 1.000000 1.000000
3973.785156 0.000000 3503.839355 0.000000 0.085324 0.000000 -0.996353 1.000000 1.000000 1.000000
3992.036865 0.000000 3504.425293 0.000000 -0.961758 0.000000 -0.273899 1.064964 1.064964 1.064964
3969.014893 0.000000 3505.597412 0.000000 -0.366425 0.000000 -0.930448 1.000000 1.000000 1.000000
4026.498291 0.000000 3504.559082 0.000000 -0.470453 0.000000 0.882425 1.939770 1.939770 1.939770
4004.692383 0.000000 3505.526855 0.000000 0.246065 0.000000 0.969253 1.064964 1.064964 1.064964
4038.819580 0.000000 3503.941162 0.000000 0.968288 0.000000 -0.249835 1.064964 1.064964 1.064964
4004.875977 0.000000 3505.801758 0.000000 0.121282 0.000000 0.992618 1.278847 1.278847 1.278847
3999.940674 0.000000 3505.308105 0.000000 0.962464 0.000000 0.271409 1.064964 1.064964 1.064964
4019.271240 0.000000 3504.675781 0.000000 0.572989 0.000000 -0.819563 1.615351 1.615351 1.615351
4038.321777 0.000000 3503.359619 0.000000 -0.033253 0.000000 -0.999447 1.278847 1.278847 1.278847
4043.482178 0.000000 3503.569092 0.000000 -0.640468 0.000000 0.767985 1.064964 1.064964 1.064964
4035.055664 0.000000 3503.210205 0.000000 -0.892153 0.000000 0.451733 1.000000 1.000000 1.000000
4019.610596 0.000000 3505.479492 0.000000 0.945554 0.000000 0.325466 1.939770 1.939770 1.939770
3997.039062 0.000000 3504.361572 0.000000 0.207065 0.000000 0.978327 1.064964 1.064964 1.064964
4028.139160 0.000000 3503.666504 0.000000 -0.945847 0.000000 0.324612 1.000000 1.000000 1.000000
4018.346191 0.000000 3504.823730 0.000000 0.742959 0.000000 -0.669337 1.939770 1.939770 1.939770
4046.396729 0.000000 3504.078613 0.000000 0.998629 0.000000 -0.052351 1.064964 1.064964 1.064964
4009.354248 0.000000 3506.017334 0.000000 -0.621408 0.000000 -0.783487 1.000000 1.000000 1.000000
4016.447021 0.000000 3506.001709 0.000000 0.981423 0.000000 -0.191857 1.000000 1.000000 1.000000
3984.026367 0.000000 3497.419922 0.000000 0.047593 0.000000 0.998867 1.064964 1.064964 1.064964
3984.114746 0.000000 3497.932129 0.000000 0.891340 0.000000 0.453334 1.278847 1.278847 1.278847
3979.377930 0.000000 3497.176758 0.000000 0.900893 0.000000 -0.434041 1.064964 1.064964 1.064964
4023.121094 0.000000 3496.900635 0.000000 -0.477323 0.000000 -0.878728 1.615351 1.615351 1.615351
4016.327393 0.000000 3497.726318 0.000000 0.897037 0.000000 0.441956 1.615351 1.615351 1.615351
3976.498291 0.000000 3496.399902 0.000000 -0.825973 0.000000 0.563709 1.064964 1.064964 1.064964
3997.224854 0.000000 3496.722168 0.000000 -0.643156 0.000000 -0.765735 1.939770 1.939770 1.939770
4004.992432 0.000000 3497.083740 0.000000 -0.713045 0.000000 0.701118 1.615351 1.615351 1.615351
4011.784668 0.000000 3497.743408 0.000000 -0.982719 0.000000 -0.185103 1.000000 1.000000 1.000000
3988.668701 0.000000 3498.005859 0.000000 0.873978 0.000000 0.485965 1.000000 1.000000 1.000000
4004.560059 0.000000 3496.690186 0.000000 -0.856287 0.000000 0.516500 1.939770 1.939770 1.939770
4011.889160 0.000000 3496.867920 0.000000 -0.473913 0.000000 0.880572 1.615351 1.615351 1.615351
3995.583008 0.000000 3497.836426 0.000000 -0.727275 0.000000 -0.686347 1.000000 1.000000 1.000000
3968.501465 0.000000 3436.178955 0.000000 -0.750001 0.000000 -0.661436 1.064964 1.064964 1.064964
3982.280273 0.000000 3490.593262 0.000000 -0.750001 0.000000 -0.661436 1.064964 1.064964 1.064964
3949.461182 0.000000 3436.685303 0.000000 0.401803 0.000000 0.915726 1.278847 1.278847 1.278847
3944.725586 0.000000 3436.113525 0.000000 0.925075 0.000000 -0.379784 1.064964 1.064964 1.064964
3968.823242 0.000000 3436.590820 0.000000 0.993441 0.000000 -0.114349 1.278847 1.278847 1.278847
3963.736328 0.000000 3435.772705 0.000000 -0.776607 0.000000 -0.629985 1.064964 1.064964 1.064964
4041.152588 0.000000 3489.162842 0.000000 -0.824786 0.000000 -0.565444 1.064964 1.064964 1.064964
3963.239990 0.000000 3491.099609 0.000000 0.401803 0.000000 0.915726 1.278847 1.278847 1.278847
3958.504395 0.000000 3490.527832 0.000000 0.925075 0.000000 -0.379784 1.064964 1.064964 1.064964
3941.770996 0.000000 3435.185547 0.000000 -0.171379 0.000000 0.985205 1.064964 1.064964 1.064964
3962.586914 0.000000 3435.713623 0.000000 -0.757112 0.000000 -0.653286 1.939770 1.939770 1.939770
4000.847168 0.000000 3436.186279 0.000000 -0.571859 0.000000 -0.820352 1.615351 1.615351 1.615351
3960.845947 0.000000 3435.035645 0.000000 -0.799905 0.000000 -0.600127 1.064964 1.064964 1.064964
3982.602051 0.000000 3491.005127 0.000000 0.993441 0.000000 -0.114349 1.278847 1.278847 1.278847
3981.837402 0.000000 3435.222412 0.000000 -0.366373 0.000000 -0.930468 1.939770 1.939770 1.939770
3989.507568 0.000000 3435.840820 0.000000 0.940328 0.000000 -0.340269 1.615351 1.615351 1.615351
3977.515137 0.000000 3490.187012 0.000000 -0.776607 0.000000 -0.629985 1.064964 1.064964 1.064964
3996.323975 0.000000 3436.167969 0.000000 -0.191289 0.000000 -0.981534 1.000000 1.000000 1.000000
3973.418457 0.000000 3436.534424 0.000000 0.652369 0.000000 -0.757902 1.000000 1.000000 1.000000
3989.087158 0.000000 3435.101074 0.000000 0.467494 0.000000 -0.883996 1.939770 1.939770 1.939770
3996.342773 0.000000 3435.428711 0.000000 -0.123456 0.000000 0.992350 1.615351 1.615351 1.615351
3980.314453 0.000000 3436.525635 0.000000 -0.965119 0.000000 0.261812 1.000000 1.000000 1.000000
4040.828369 0.000000 3488.891113 0.000000 0.993582 0.000000 0.113113 1.278847 1.278847 1.278847
4045.879150 0.000000 3488.977295 0.000000 -0.999681 0.000000 -0.025245 1.064964 1.064964 1.064964
4037.494873 0.000000 3488.316895 0.000000 0.204547 0.000000 -0.978857 1.000000 1.000000 1.000000
3955.549805 0.000000 3489.599854 0.000000 -0.171379 0.000000 0.985205 1.064964 1.064964 1.064964
3976.365723 0.000000 3490.127930 0.000000 -0.757112 0.000000 -0.653286 1.939770 1.939770 1.939770
4014.625977 0.000000 3490.600586 0.000000 -0.571859 0.000000 -0.820352 1.615351 1.615351 1.615351
3974.624756 0.000000 3489.449951 0.000000 -0.799905 0.000000 -0.600127 1.064964 1.064964 1.064964
4030.510742 0.000000 3488.944092 0.000000 0.949887 0.000000 0.312593 1.000000 1.000000 1.000000
3995.616211 0.000000 3489.636719 0.000000 -0.366373 0.000000 -0.930468 1.939770 1.939770 1.939770
4003.286377 0.000000 3490.255127 0.000000 0.940328 0.000000 -0.340269 1.615351 1.615351 1.615351
4048.878662 0.000000 3489.342285 0.000000 -0.999724 0.000000 -0.023481 1.064964 1.064964 1.064964
4010.102783 0.000000 3490.582275 0.000000 -0.191289 0.000000 -0.981534 1.000000 1.000000 1.000000
3987.197266 0.000000 3490.948730 0.000000 0.652369 0.000000 -0.757902 1.000000 1.000000 1.000000
4002.865967 0.000000 3489.515381 0.000000 0.467494 0.000000 -0.883996 1.939770 1.939770 1.939770
4010.121582 0.000000 3489.843018 0.000000 -0.123456 0.000000 0.992350 1.615351 1.615351 1.615351
3994.093262 0.000000 3490.939941 0.000000 -0.965119 0.000000 0.261812 1.000000 1.000000 1.000000
4061.225098 0.000000 3511.448242 0.000000 0.245971 0.000000 -0.969277 1.064964 1.064964 1.064964
4041.177246 0.000000 3512.921143 0.000000 0.467317 0.000000 0.884090 1.064964 1.064964 1.064964
4061.052490 0.000000 3511.142578 0.000000 0.795540 0.000000 0.605901 1.278847 1.278847 1.278847
4066.000488 0.000000 3511.763672 0.000000 0.281581 0.000000 -0.959537 1.064964 1.064964 1.064964
4041.593262 0.000000 3513.267334 0.000000 0.140552 0.000000 0.990073 1.278847 1.278847 1.278847
4036.564209 0.000000 3513.264648 0.000000 -0.890420 0.000000 -0.455140 1.064964 1.064964 1.064964
4044.981689 0.000000 3513.533447 0.000000 -0.186929 0.000000 0.982373 1.000000 1.000000 1.000000
4068.908691 0.000000 3512.448242 0.000000 -0.870017 0.000000 -0.493021 1.064964 1.064964 1.064964
4051.869385 0.000000 3512.956055 0.000000 -0.992383 0.000000 -0.123190 1.000000 1.000000 1.000000
4033.558105 0.000000 3512.961914 0.000000 -0.429471 0.000000 -0.903080 1.064964 1.064964 1.064964
4056.514404 0.000000 3511.137451 0.000000 0.796268 0.000000 0.604944 1.000000 1.000000 1.000000
3999.303467 0.000000 3513.309082 0.000000 0.093597 -0.000000 -0.995610 1.939770 1.939770 1.939770
4020.862305 0.000000 3511.930176 0.000000 0.181169 0.000000 -0.983452 1.064964 1.064964 1.064964
3986.909912 0.000000 3514.413086 0.000000 0.043564 0.000000 0.999050 1.064964 1.064964 1.064964
4020.689697 0.000000 3511.624512 0.000000 -0.120090 -0.000000 -0.992763 1.278847 1.278847 1.278847
4025.637695 0.000000 3512.245605 0.000000 -0.484901 -0.000000 -0.874569 1.064964 1.064964 1.064964
4006.523926 0.000000 3513.098877 0.000000 0.950828 0.000000 0.309719 1.615351 1.615351 1.615351
3987.325928 0.000000 3514.759277 0.000000 0.698795 0.000000 0.715321 1.278847 1.278847 1.278847
3982.296875 0.000000 3514.756592 -0.000000 0.165027 0.000000 0.986289 1.064964 1.064964 1.064964
3990.714355 0.000000 3515.025391 0.000000 -0.612251 -0.000000 -0.790663 1.000000 1.000000 1.000000
4005.909912 0.000000 3512.560059 0.000000 -0.796008 0.000000 -0.605286 1.939770 1.939770 1.939770
4028.545898 0.000000 3512.930176 0.000000 -0.941184 0.000000 -0.337894 1.064964 1.064964 1.064964
3997.602051 0.000000 3514.447998 0.000000 0.933962 0.000000 0.357372 1.000000 1.000000 1.000000
4007.499756 0.000000 3513.005371 0.000000 0.979373 0.000000 0.202062 1.939770 1.939770 1.939770
3979.290771 0.000000 3514.453857 0.000000 0.450239 0.000000 0.892908 1.064964 1.064964 1.064964
4016.151611 0.000000 3511.619385 0.000000 0.476317 0.000000 -0.879274 1.000000 1.000000 1.000000
4009.219971 0.000000 3511.886230 0.000000 0.438101 0.000000 0.898926 1.000000 1.000000 1.000000
3995.308838 0.000000 3521.168213 0.000000 0.093597 -0.000000 -0.995610 1.939770 1.939770 1.939770
4041.734619 0.000000 3519.584473 0.000000 0.181169 0.000000 -0.983452 1.064964 1.064964 1.064964
3982.915283 0.000000 3522.272217 0.000000 0.043564 0.000000 0.999050 1.064964 1.064964 1.064964
4041.562012 0.000000 3519.278809 0.000000 -0.120090 -0.000000 -0.992763 1.278847 1.278847 1.278847
4046.510010 0.000000 3519.899902 0.000000 -0.484901 -0.000000 -0.874569 1.064964 1.064964 1.064964
4002.529297 0.000000 3520.958008 0.000000 0.950828 0.000000 0.309719 1.615351 1.615351 1.615351
3983.331299 0.000000 3522.618408 0.000000 0.698795 0.000000 0.715321 1.278847 1.278847 1.278847
3978.302246 0.000000 3522.615723 -0.000000 0.165027 0.000000 0.986289 1.064964 1.064964 1.064964
3986.719727 0.000000 3522.884521 0.000000 -0.612251 -0.000000 -0.790663 1.000000 1.000000 1.000000
4001.915283 0.000000 3520.419189 0.000000 -0.796008 0.000000 -0.605286 1.939770 1.939770 1.939770
4009.337891 0.000000 3520.186768 0.000000 0.823604 0.000000 0.567166 1.615351 1.615351 1.615351
4049.418213 0.000000 3520.584473 0.000000 -0.941184 0.000000 -0.337894 1.064964 1.064964 1.064964
3993.607422 0.000000 3522.307129 0.000000 0.933962 0.000000 0.357372 1.000000 1.000000 1.000000
4028.372070 0.000000 3520.659668 0.000000 0.979373 0.000000 0.202062 1.939770 1.939770 1.939770
4020.976807 0.000000 3520.450439 0.000000 -0.818411 0.000000 -0.574634 1.615351 1.615351 1.615351
3975.296143 0.000000 3522.312988 0.000000 0.450239 0.000000 0.892908 1.064964 1.064964 1.064964
4013.976074 0.000000 3520.055908 0.000000 0.888481 0.000000 0.458913 1.000000 1.000000 1.000000
4037.023926 0.000000 3519.273682 0.000000 0.476317 0.000000 -0.879274 1.000000 1.000000 1.000000
4021.440430 0.000000 3520.926514 0.000000 -0.999797 0.000000 0.020150 1.939770 1.939770 1.939770
4014.045166 0.000000 3520.717285 0.000000 -0.942939 0.000000 0.332966 1.615351 1.615351 1.615351
4030.092285 0.000000 3519.540527 0.000000 0.438101 0.000000 0.898926 1.000000 1.000000 1.000000
3997.113037 0.000000 3528.096191 0.000000 -0.990733 0.000000 0.135824 1.939770 1.939770 1.939770
4043.538818 0.000000 3526.512451 0.000000 0.081567 0.000000 0.996668 1.064964 1.064964 1.064964
3984.719482 0.000000 3529.200195 0.000000 -0.210195 0.000000 0.977659 1.064964 1.064964 1.064964
4062.562500 0.000000 3525.500732 0.000000 -0.926280 0.000000 0.376835 1.278847 1.278847 1.278847
4067.510498 0.000000 3526.121826 0.000000 -0.732182 0.000000 0.681109 1.064964 1.064964 1.064964
4043.366211 0.000000 3526.206787 0.000000 -0.926280 0.000000 0.376835 1.278847 1.278847 1.278847
4048.314209 0.000000 3526.827881 0.000000 -0.732182 0.000000 0.681109 1.064964 1.064964 1.064964
4004.333496 0.000000 3527.885986 0.000000 -0.920153 0.000000 -0.391558 1.615351 1.615351 1.615351
3985.135498 0.000000 3529.546387 0.000000 0.388750 0.000000 -0.921343 1.278847 1.278847 1.278847
3980.106445 0.000000 3529.543701 0.000000 -0.316432 0.000000 -0.948615 1.064964 1.064964 1.064964
3988.523926 0.000000 3529.812500 0.000000 -0.759342 0.000000 0.650692 1.000000 1.000000 1.000000
4070.418701 0.000000 3526.806396 0.000000 -0.582138 0.000000 0.813090 1.064964 1.064964 1.064964
4003.719482 0.000000 3527.347168 0.000000 0.647739 0.000000 0.761862 1.939770 1.939770 1.939770
4049.372559 0.000000 3526.881592 0.000000 0.882193 0.000000 -0.470888 1.939770 1.939770 1.939770
4011.142090 0.000000 3527.114746 0.000000 -0.630877 0.000000 -0.775883 1.615351 1.615351 1.615351
4051.222412 0.000000 3527.512451 0.000000 -0.582138 0.000000 0.813090 1.064964 1.064964 1.064964
3995.411621 0.000000 3529.235107 0.000000 0.976637 0.000000 -0.214895 1.000000 1.000000 1.000000
4030.176270 0.000000 3527.587646 0.000000 0.882193 0.000000 -0.470888 1.939770 1.939770 1.939770
3977.100342 0.000000 3529.240967 0.000000 0.958885 0.000000 0.283794 1.064964 1.064964 1.064964
4015.780273 0.000000 3526.983887 0.000000 0.855022 0.000000 0.518592 1.000000 1.000000 1.000000
4038.828125 0.000000 3526.201660 0.000000 0.855022 0.000000 0.518592 1.000000 1.000000 1.000000
4031.896484 0.000000 3526.468506 0.000000 -0.628575 0.000000 0.777749 1.000000 1.000000 1.000000
"}
object={
	name="Khand rock 11"
	render_pass=MapUnderWater
	clamp_to_water_level=no
	generated_content=no
	layer="building_layer"
	pdxmesh="rock_khand_11_mesh"
	count=514
	transform="1232.419312 0.000000 5924.538086 0.000000 -0.407388 0.000000 0.913255 1.000000 1.000000 1.000000
1239.269409 0.000000 5930.139648 0.000000 0.565292 0.000000 -0.824891 1.000000 1.000000 1.000000
1238.870361 0.000000 5923.064941 0.000000 0.044366 -0.000000 -0.999015 1.000000 1.000000 1.000000
1274.579834 0.000000 5932.346680 0.000000 0.044366 -0.000000 -0.999015 1.000000 1.000000 1.000000
1296.352173 0.000000 5914.236328 0.000000 0.044366 -0.000000 -0.999015 1.000000 1.000000 1.000000
1290.463867 0.000000 5929.578613 0.000000 -0.900548 0.000000 0.434756 1.000000 1.000000 1.000000
1252.201050 0.000000 5939.162598 0.000000 0.000000 0.000000 1.000000 1.000000 1.000000 1.000000
1353.229370 0.000000 4752.251465 0.000000 0.956596 0.000000 -0.291416 1.000000 1.000000 1.000000
1366.778076 0.000000 2308.776123 0.000000 -0.740506 0.000000 -0.672050 1.000000 1.000000 1.000000
1138.160400 0.000000 2257.675049 0.000000 -0.600765 0.000000 -0.799425 1.000000 1.000000 1.000000
1140.292603 0.000000 2253.523682 0.000000 0.150427 0.000000 -0.988621 1.000000 1.000000 1.000000
1124.647705 0.000000 2237.727295 0.000000 0.299465 0.000000 0.954107 1.000000 1.000000 1.000000
1141.046021 0.000000 2243.079346 0.000000 -0.985276 0.000000 -0.170971 1.000000 1.000000 1.000000
1136.573608 0.000000 2243.308838 0.000000 0.988169 0.000000 0.153368 1.000000 1.000000 1.000000
1127.489014 0.000000 2352.100342 0.000000 -0.787203 0.000000 0.616694 1.000000 1.000000 1.000000
1117.047485 0.000000 2342.667236 0.000000 0.152720 0.000000 0.988269 1.000000 1.000000 1.000000
1130.340210 0.000000 2343.785400 0.000000 -0.931370 0.000000 0.364073 1.000000 1.000000 1.000000
1134.733154 0.000000 2343.073486 0.000000 0.152720 0.000000 0.988269 1.000000 1.000000 1.000000
1165.315796 0.000000 2249.914551 0.000000 -0.668918 0.000000 0.743336 1.000000 1.000000 1.000000
1148.388794 0.000000 2251.937988 0.000000 -0.854533 0.000000 0.519397 1.000000 1.000000 1.000000
1152.324219 0.000000 2249.800293 0.000000 0.321041 0.000000 0.947065 1.000000 1.000000 1.000000
1353.610107 0.000000 2310.465820 0.000000 -0.872150 0.000000 0.489238 1.000000 1.000000 1.000000
1342.595703 0.000000 2308.238037 0.000000 -0.976046 0.000000 0.217563 1.000000 1.000000 1.000000
1337.873413 0.000000 2304.122070 0.000000 0.000000 0.000000 1.000000 1.000000 1.000000 1.000000
1106.902100 0.000000 2139.595215 0.000000 0.000000 0.000000 1.000000 1.000000 1.000000 1.000000
1068.614258 -5.039062 2110.604492 0.000000 0.940966 0.000000 0.338500 1.000000 1.000000 1.000000
1063.018311 -5.039062 2102.754883 0.000000 -0.997914 0.000000 0.064556 1.000000 1.000000 1.000000
1064.869263 -5.039062 2108.041016 0.000000 -0.289600 0.000000 0.957148 1.000000 1.000000 1.000000
1071.261230 -5.039062 2116.110352 0.000000 0.996233 0.000000 -0.086718 1.000000 1.000000 1.000000
1074.136353 -5.039062 2116.864746 0.000000 0.523916 0.000000 0.851770 1.000000 1.000000 1.000000
1077.435303 -5.039062 2120.408447 0.000000 -0.955027 0.000000 0.296518 1.000000 1.000000 1.000000
1082.901611 -5.039062 2124.021973 0.000000 0.975762 0.000000 0.218834 1.000000 1.000000 1.000000
1083.595825 -5.039062 2127.241943 0.000000 0.978176 0.000000 -0.207779 1.000000 1.000000 1.000000
1089.239258 -5.039062 2129.005127 0.000000 -0.733100 0.000000 -0.680120 1.000000 1.000000 1.000000
1097.600464 -5.039062 2132.886963 0.000000 0.716506 0.000000 0.697581 1.000000 1.000000 1.000000
1103.460571 -5.039062 2138.136963 0.000000 0.716506 0.000000 0.697581 1.000000 1.000000 1.000000
1109.771973 -5.039062 2143.386475 0.000000 0.716506 0.000000 0.697581 1.000000 1.000000 1.000000
1126.629272 -5.039062 2160.535889 0.000000 0.716506 0.000000 0.697581 1.000000 1.000000 1.000000
1125.439697 -5.039062 2154.756348 0.000000 0.289748 0.000000 -0.957103 1.000000 1.000000 1.000000
1121.786987 -5.039062 2150.949951 0.000000 0.000000 0.000000 1.000000 1.000000 1.000000 1.000000
2884.454590 0.000000 2834.050781 0.000000 -0.541346 0.000000 0.840800 0.273096 0.273096 0.273096
2885.530029 0.000000 2830.676758 0.000000 0.464213 0.000000 0.885723 0.264990 0.264990 0.264990
2884.259521 0.000000 2830.779541 0.000000 0.834240 0.000000 0.551402 0.273096 0.273096 0.273096
2826.785645 0.000000 2769.193359 0.000000 0.591817 0.000000 0.806072 0.273096 0.273096 0.273096
2825.631104 0.000000 2769.119873 0.000000 -0.793330 0.000000 0.608792 0.264990 0.264990 0.264990
2824.672363 0.000000 2769.935059 0.000000 -0.944434 0.000000 -0.328701 0.273096 0.273096 0.273096
2871.301025 0.000000 2714.683350 0.000000 -0.998853 0.000000 0.047884 0.273096 0.273096 0.273096
2870.260742 0.000000 2715.210938 0.000000 0.834304 0.000000 -0.551305 0.264990 0.264990 0.264990
2869.866943 0.000000 2716.416992 0.000000 0.594927 0.000000 0.803779 0.273096 0.273096 0.273096
2897.265869 0.000000 2789.291504 0.000000 -0.387378 0.000000 -0.921921 0.273096 0.273096 0.273096
2898.129883 0.000000 2788.624756 0.000000 -0.910745 0.000000 0.412969 0.264990 0.264990 0.264990
2826.360840 0.000000 2775.677246 0.000000 -0.776041 0.000000 0.630683 0.273096 0.273096 0.273096
2859.216309 0.000000 2711.420898 0.000000 -0.798677 0.000000 0.601760 0.273096 0.273096 0.273096
2898.235352 0.000000 2787.332520 0.000000 -0.962319 0.000000 -0.271923 0.273096 0.273096 0.273096
2880.278809 0.000000 2809.103271 0.000000 0.692574 0.000000 0.721346 0.273096 0.273096 0.273096
2878.501465 0.000000 2820.639160 0.000000 0.747237 0.000000 -0.664557 0.264990 0.264990 0.264990
2904.787598 0.000000 2774.534180 0.000000 0.160689 0.000000 -0.987005 0.273096 0.273096 0.273096
2881.231201 0.000000 2809.627197 0.000000 -0.732939 0.000000 -0.680295 0.264990 0.264990 0.264990
2854.851807 0.000000 2710.077148 0.000000 0.924354 0.000000 0.381535 0.264990 0.264990 0.264990
2826.876953 0.000000 2774.662598 0.000000 0.959356 0.000000 -0.282199 0.264990 0.264990 0.264990
2826.424561 0.000000 2773.463379 0.000000 -0.490944 0.000000 0.871191 0.273096 0.273096 0.273096
2814.042725 0.000000 2764.673584 0.000000 -0.904992 0.000000 -0.425430 0.343130 0.343130 0.343130
2862.140625 0.000000 2721.434082 0.000000 -0.981767 0.000000 -0.190091 0.264990 0.264990 0.264990
2882.429688 0.000000 2809.129150 0.000000 -0.377383 0.000000 0.926057 0.273096 0.273096 0.273096
2908.618896 0.000000 2772.045410 0.000000 0.056576 0.000000 0.998398 0.264990 0.264990 0.264990
2861.035889 0.000000 2720.825684 0.000000 -0.051204 0.000000 0.998688 0.273096 0.273096 0.273096
2858.943604 0.000000 2710.307129 0.000000 -0.981767 0.000000 -0.190091 0.264990 0.264990 0.264990
2875.286865 0.000000 2818.545410 0.000000 0.220548 -0.000000 -0.975376 0.264990 0.264990 0.264990
2879.477783 0.000000 2793.029785 -0.000000 -0.174220 0.000000 0.984707 0.264990 0.264990 0.264990
2857.838867 0.000000 2709.698730 0.000000 -0.051204 0.000000 0.998688 0.273096 0.273096 0.273096
2813.545166 0.000000 2763.327148 0.000000 0.495235 -0.000000 -0.868759 0.332945 0.332945 0.332945
2812.065430 0.000000 2762.846680 0.000000 -0.680463 0.000000 0.732782 0.343130 0.343130 0.343130
2868.544189 0.000000 2708.315430 -0.000000 0.889575 0.000000 0.456790 0.343130 0.343130 0.343130
2811.311523 0.000000 2763.942383 0.000000 0.621216 0.000000 -0.783640 0.332945 0.332945 0.332945
2905.739990 0.000000 2775.058105 0.000000 -0.991107 0.000000 -0.133066 0.264990 0.264990 0.264990
2824.972900 0.000000 2767.801514 -0.000000 0.042181 0.000000 0.999110 0.343130 0.343130 0.343130
2824.475342 0.000000 2766.455078 0.000000 -0.700662 0.000000 0.713493 0.332945 0.332945 0.332945
2906.938477 0.000000 2774.560059 0.000000 -0.671500 -0.000000 -0.741004 0.273096 0.273096 0.273096
2868.199707 0.000000 2706.927002 0.000000 0.002550 -0.000000 -0.999997 0.332945 0.332945 0.332945
2869.036133 0.000000 2714.397949 0.000000 -0.999520 0.000000 -0.030966 0.343130 0.343130 0.343130
2866.787109 0.000000 2706.280029 0.000000 0.391187 0.000000 -0.920311 0.343130 0.343130 0.343130
2867.910645 0.000000 2713.497803 0.000000 -0.877391 0.000000 0.479776 0.332945 0.332945 0.332945
2865.910156 0.000000 2707.286133 0.000000 0.932940 0.000000 0.360032 0.332945 0.332945 0.332945
2866.415039 0.000000 2713.852295 0.000000 -0.478017 0.000000 -0.878351 0.343130 0.343130 0.343130
2866.300049 0.000000 2715.186035 0.000000 0.042473 0.000000 -0.999098 0.332945 0.332945 0.332945
2822.995605 0.000000 2765.974609 0.000000 0.988607 0.000000 -0.150522 0.343130 0.343130 0.343130
2822.241699 0.000000 2767.070312 0.000000 0.887059 0.000000 0.461655 0.332945 0.332945 0.332945
2859.912598 0.000000 2716.802002 0.000000 0.926529 0.000000 0.376223 0.332945 0.332945 0.332945
2861.195801 0.000000 2715.851807 0.000000 0.579958 0.000000 -0.814646 0.343130 0.343130 0.343130
2860.827637 0.000000 2714.656982 0.000000 0.982035 0.000000 0.188698 0.332945 0.332945 0.332945
2901.147461 0.000000 2783.637939 0.000000 -0.205954 0.000000 -0.978562 0.343130 0.343130 0.343130
2885.753418 0.000000 2829.195068 0.000000 0.407136 0.000000 -0.913368 0.343130 0.343130 0.343130
2886.122803 0.000000 2827.836182 0.000000 -0.065319 0.000000 0.997864 0.332945 0.332945 0.332945
2885.228027 0.000000 2826.567627 0.000000 -0.131965 0.000000 0.991254 0.343130 0.343130 0.343130
2824.715820 0.000000 2768.727051 0.000000 -0.250454 0.000000 0.968128 0.612877 0.612877 0.612877
2855.116455 0.000000 2710.841309 0.000000 -0.981942 0.000000 0.189180 0.612877 0.612877 0.612877
2869.252686 0.000000 2715.365967 0.000000 -0.282729 0.000000 0.959200 0.612877 0.612877 0.612877
2883.947021 0.000000 2827.021240 0.000000 0.676877 -0.000000 -0.736096 0.332945 0.332945 0.332945
2902.355713 0.000000 2784.297119 0.000000 -0.936757 0.000000 -0.349980 0.332945 0.332945 0.332945
2903.851562 0.000000 2783.662354 0.000000 -0.435358 0.000000 0.900258 0.343130 0.343130 0.343130
2903.581055 0.000000 2782.281738 0.000000 -0.687919 -0.000000 -0.725788 0.332945 0.332945 0.332945
2884.983643 0.000000 2829.796875 0.000000 -0.947942 0.000000 0.318442 0.612877 0.612877 0.612877
2899.558105 0.000000 2789.053467 0.000000 -0.205954 0.000000 -0.978562 0.343130 0.343130 0.343130
2835.676514 0.000000 2768.016113 0.000000 -0.898317 0.000000 0.439347 0.612877 0.612877 0.612877
2900.766357 0.000000 2789.712646 0.000000 -0.936757 0.000000 -0.349980 0.332945 0.332945 0.332945
2883.274658 0.000000 2806.418945 0.000000 -0.281950 0.000000 0.959429 0.612877 0.612877 0.612877
2902.262207 0.000000 2789.077881 0.000000 -0.435358 0.000000 0.900258 0.343130 0.343130 0.343130
2901.991699 0.000000 2787.697266 0.000000 -0.687919 -0.000000 -0.725788 0.332945 0.332945 0.332945
2906.224854 0.000000 2767.020020 0.000000 0.966295 0.000000 0.257436 0.596924 0.596924 0.596924
2907.456543 0.000000 2768.821289 0.000000 -0.582752 0.000000 0.812650 0.579206 0.579206 0.579206
2810.973633 0.000000 2764.162842 0.000000 0.815812 0.000000 0.578317 0.579206 0.579206 0.579206
2808.403076 0.000000 2763.395996 0.000000 0.916883 0.000000 -0.399156 0.596924 0.596924 0.596924
2907.783447 0.000000 2771.849854 0.000000 -0.971823 0.000000 0.235713 0.612877 0.612877 0.612877
2830.274902 0.000000 2774.687988 0.000000 0.329963 0.000000 0.943994 0.579206 0.579206 0.579206
2827.468750 0.000000 2773.951416 0.000000 -0.890349 0.000000 -0.455279 0.612877 0.612877 0.612877
2867.558594 0.000000 2711.786133 0.000000 -0.750474 0.000000 -0.660900 0.793600 0.793600 0.793600
2864.287354 0.000000 2712.064697 0.000000 -0.748088 0.000000 0.663600 0.770044 0.770044 0.770044
2825.006836 0.000000 2764.768799 0.000000 0.988721 0.000000 -0.149767 0.793600 0.793600 0.793600
2822.095947 0.000000 2763.406982 -0.000000 -0.030496 0.000000 0.999535 0.770044 0.770044 0.770044
2862.137695 0.000000 2720.461182 -0.000000 0.514387 0.000000 0.857558 0.612877 0.612877 0.612877
2818.726318 0.000000 2764.940186 0.000000 -0.763819 0.000000 0.645431 0.793600 0.793600 0.793600
2865.549316 0.000000 2707.471680 0.000000 -0.985323 0.000000 -0.170700 0.579206 0.579206 0.579206
2863.088135 0.000000 2706.414795 0.000000 -0.615879 0.000000 0.787841 0.596924 0.596924 0.596924
2819.450439 0.000000 2768.127441 0.000000 0.456764 0.000000 -0.889588 0.770044 0.770044 0.770044
2861.593994 0.000000 2708.108643 0.000000 -0.687144 0.000000 0.726521 0.579206 0.579206 0.579206
2858.940674 0.000000 2709.334229 -0.000000 0.514387 0.000000 0.857558 0.612877 0.612877 0.612877
2874.081543 0.000000 2703.030518 0.000000 -0.389887 0.000000 0.920863 0.793600 0.793600 0.793600
2867.819824 0.000000 2702.499512 0.000000 -0.336155 0.000000 0.941806 0.793600 0.793600 0.793600
2868.187500 0.000000 2705.746338 0.000000 -0.408716 0.000000 -0.912662 0.770044 0.770044 0.770044
2871.523193 0.000000 2814.514648 0.000000 -0.483815 0.000000 -0.875170 0.596924 0.596924 0.596924
2899.067627 0.000000 2788.153564 0.000000 -0.570454 0.000000 -0.821330 0.612877 0.612877 0.612877
2888.836670 0.000000 2792.918457 0.000000 0.881348 0.000000 0.472467 0.596924 0.596924 0.596924
2887.541992 0.000000 2826.728760 0.000000 0.523682 0.000000 0.851914 0.793600 0.793600 0.793600
2885.989990 0.000000 2823.928467 -0.000000 0.592414 0.000000 0.805633 0.770044 0.770044 0.770044
2882.328369 0.000000 2823.212646 0.000000 -0.058673 0.000000 0.998277 0.793600 0.793600 0.793600
2881.086670 0.000000 2826.222900 0.000000 -0.382572 0.000000 -0.923926 0.770044 0.770044 0.770044
2909.664307 0.000000 2764.603027 0.000000 0.939563 0.000000 0.342375 0.793600 0.793600 0.793600
2873.251465 0.000000 2815.774170 0.000000 -0.999340 0.000000 0.036334 0.579206 0.579206 0.579206
2835.170166 0.000000 2772.170654 0.000000 0.922681 0.000000 0.385564 0.579206 0.579206 0.579206
2833.804932 0.000000 2766.627197 -0.000000 0.343578 0.000000 0.939124 0.612877 0.612877 0.612877
2874.421143 0.000000 2818.628906 0.000000 0.548834 -0.000000 -0.835932 0.612877 0.612877 0.612877
2881.207764 0.000000 2812.987061 0.000000 0.267377 0.000000 -0.963592 0.579206 0.579206 0.579206
2882.086670 0.000000 2810.193848 0.000000 -0.930709 0.000000 -0.365761 0.612877 0.612877 0.612877
2889.172852 0.000000 2795.077881 -0.000000 -0.753803 0.000000 0.657100 0.579206 0.579206 0.579206
2885.578125 0.000000 2799.416748 0.000000 -0.994250 0.000000 -0.107082 0.612877 0.612877 0.612877
2903.611328 0.000000 2781.910889 0.000000 -0.936757 0.000000 -0.349980 0.579206 0.579206 0.579206
2906.163574 0.000000 2780.760254 0.000000 -0.435358 0.000000 0.900258 0.596924 0.596924 0.596924
2891.951416 0.000000 2789.308105 0.000000 0.312114 0.000000 -0.950045 0.793600 0.793600 0.793600
2905.716553 0.000000 2778.417969 0.000000 -0.687919 -0.000000 -0.725788 0.579206 0.579206 0.579206
2906.595459 0.000000 2775.624756 0.000000 -0.047866 0.000000 -0.998854 0.612877 0.612877 0.612877
2901.659424 0.000000 2791.223389 0.000000 -0.231555 0.000000 -0.972822 0.793600 0.793600 0.793600
2904.742432 0.000000 2790.260498 0.000000 0.042886 0.000000 -0.999080 0.770044 0.770044 0.770044
2906.072021 0.000000 2786.761719 0.000000 0.355417 0.000000 0.934708 0.793600 0.793600 0.793600
2903.409668 0.000000 2785.006104 0.000000 0.000000 0.000000 1.000000 0.770044 0.770044 0.770044
3982.277344 0.000000 3458.946533 0.000000 0.627599 0.000000 -0.778537 1.590209 1.590209 1.590209
3982.785645 0.000000 3459.399414 0.000000 0.689460 0.000000 0.724324 1.590209 1.590209 1.590209
4019.376465 0.000000 3458.878418 0.000000 -0.912778 0.000000 0.408456 1.754199 1.754199 1.754199
4020.001221 0.000000 3458.750732 0.000000 -0.666877 0.000000 -0.745168 1.000000 1.000000 1.000000
4028.452393 0.000000 3444.338379 0.000000 -0.710470 0.000000 0.703727 2.412049 2.412049 2.412049
4022.586426 0.000000 3459.293945 0.000000 0.952780 0.000000 -0.303660 2.412049 2.412049 2.412049
4019.835449 0.000000 3454.531494 0.000000 -0.989148 0.000000 0.146922 1.000000 1.000000 1.000000
4019.532227 0.000000 3451.386719 0.000000 0.965224 0.000000 -0.261425 1.000000 1.000000 1.000000
3929.428223 0.000000 3479.934570 0.000000 0.981445 0.000000 0.191742 1.000000 1.000000 1.000000
3924.310791 0.000000 3466.816895 0.000000 -0.333692 0.000000 -0.942682 1.000000 1.000000 1.000000
3923.970703 0.000000 3467.039795 0.000000 0.965224 0.000000 -0.261425 1.000000 1.000000 1.000000
3916.165039 0.000000 3472.082031 0.000000 0.965224 0.000000 -0.261425 1.000000 1.000000 1.000000
3926.572021 0.000000 3477.483398 0.000000 0.965224 0.000000 -0.261425 1.000000 1.000000 1.000000
3934.385498 0.000000 3482.725830 0.000000 0.965224 0.000000 -0.261425 1.000000 1.000000 1.000000
3973.718994 0.000000 3503.999512 0.000000 0.965224 0.000000 -0.261425 1.000000 1.000000 1.000000
4015.753906 0.000000 3445.376465 0.000000 -0.934735 0.000000 0.355345 2.412049 2.412049 2.412049
4032.177246 0.000000 3458.892822 0.000000 -0.450158 0.000000 0.892949 1.590209 1.590209 1.590209
4033.129883 0.000000 3443.873047 0.000000 0.994473 0.000000 0.104992 2.664237 2.664237 2.664237
4009.887939 0.000000 3460.332031 0.000000 0.481883 0.000000 0.876235 2.412049 2.412049 2.412049
4028.424316 0.000000 3458.362549 0.000000 -0.098009 0.000000 0.995185 2.664237 2.664237 2.664237
4027.263916 0.000000 3458.828613 0.000000 0.773178 0.000000 0.634190 2.664237 2.664237 2.664237
4022.354004 0.000000 3444.419434 0.000000 -0.440540 0.000000 0.897733 2.412049 2.412049 2.412049
4026.930420 0.000000 3445.307617 0.000000 0.675971 -0.000000 -0.736928 2.664237 2.664237 2.664237
4025.791992 0.000000 3444.322021 0.000000 0.873429 0.000000 0.486952 2.664237 2.664237 2.664237
4012.435059 0.000000 3459.044434 -0.000000 0.649273 0.000000 0.760555 1.754199 1.754199 1.754199
3991.100830 0.000000 3460.122070 0.000000 -0.966012 0.000000 -0.258498 1.590209 1.590209 1.590209
4011.487793 0.000000 3445.636963 0.000000 -0.663111 0.000000 0.748521 2.412049 2.412049 2.412049
4013.324707 0.000000 3459.307617 0.000000 0.795938 -0.000000 -0.605378 1.000000 1.000000 1.000000
4036.021973 0.000000 3458.708984 0.000000 -0.937227 0.000000 0.348719 1.590209 1.590209 1.590209
4016.488037 0.000000 3459.375000 0.000000 0.564951 0.000000 -0.825124 2.412049 2.412049 2.412049
4021.064453 0.000000 3460.263184 0.000000 -0.896626 0.000000 0.442788 2.664237 2.664237 2.664237
4013.130371 0.000000 3444.375732 0.000000 0.579226 0.000000 -0.815167 2.664237 2.664237 2.664237
3937.607910 0.000000 3468.130371 -0.000000 0.531072 0.000000 0.847327 1.590209 1.590209 1.590209
3941.904541 0.000000 3468.031006 0.000000 0.456246 0.000000 0.889854 1.590209 1.590209 1.590209
4029.447754 0.000000 3451.572510 0.000000 0.090379 0.000000 -0.995907 1.590209 1.590209 1.590209
3937.267822 0.000000 3468.353271 0.000000 -0.677532 0.000000 -0.735494 1.590209 1.590209 1.590209
3941.564453 0.000000 3468.253906 0.000000 0.013708 0.000000 0.999906 1.590209 1.590209 1.590209
4033.891602 0.000000 3451.137939 0.000000 0.193989 0.000000 -0.981004 1.590209 1.590209 1.590209
3929.462158 0.000000 3473.395508 0.000000 -0.677532 0.000000 -0.735494 1.590209 1.590209 1.590209
3933.758789 0.000000 3473.296143 0.000000 0.013708 0.000000 0.999906 1.590209 1.590209 1.590209
4015.083496 0.000000 3444.740479 0.000000 0.302155 0.000000 -0.953259 2.664237 2.664237 2.664237
3939.869141 0.000000 3478.796875 0.000000 -0.677532 0.000000 -0.735494 1.590209 1.590209 1.590209
3944.165771 0.000000 3478.697510 0.000000 0.013708 0.000000 0.999906 1.590209 1.590209 1.590209
4009.158447 0.000000 3452.487549 0.000000 -0.758789 0.000000 0.651337 1.590209 1.590209 1.590209
3916.198242 0.000000 3478.584229 0.000000 -0.824176 0.000000 -0.566333 1.590209 1.590209 1.590209
3911.773193 0.000000 3478.167236 0.000000 0.658973 0.000000 -0.752167 1.590209 1.590209 1.590209
4004.733398 0.000000 3452.070557 0.000000 -0.925028 0.000000 -0.379900 1.590209 1.590209 1.590209
3924.011719 0.000000 3483.826660 0.000000 -0.758789 0.000000 0.651337 1.590209 1.590209 1.590209
3919.586670 0.000000 3483.409668 0.000000 -0.925028 0.000000 -0.379900 1.590209 1.590209 1.590209
4019.926025 0.000000 3459.277588 0.000000 0.194119 -0.000000 -0.980978 2.664237 2.664237 2.664237
3963.345215 0.000000 3505.100342 0.000000 -0.758789 0.000000 0.651337 1.590209 1.590209 1.590209
3958.920166 0.000000 3504.683350 0.000000 -0.925028 0.000000 -0.379900 1.590209 1.590209 1.590209
4005.621826 0.000000 3460.592529 0.000000 0.646721 0.000000 -0.762727 2.412049 2.412049 2.412049
3999.889648 0.000000 3460.097900 0.000000 -0.991424 0.000000 0.130682 2.664237 2.664237 2.664237
3990.820801 0.000000 3460.036621 0.000000 0.404223 0.000000 -0.914661 1.590209 1.590209 1.590209
4002.158447 0.000000 3459.588379 0.000000 0.083708 0.000000 0.996490 2.664237 2.664237 2.664237
3990.289551 0.000000 3503.916016 0.000000 0.992576 0.000000 -0.121629 1.590209 1.590209 1.590209
4007.264404 0.000000 3459.331299 0.000000 0.456642 0.000000 0.889651 2.664237 2.664237 2.664237
4009.217529 0.000000 3459.696045 0.000000 0.130162 0.000000 -0.991493 2.664237 2.664237 2.664237
3956.902100 0.000000 3453.221924 0.000000 0.732389 0.000000 -0.680886 1.590209 1.590209 1.590209
3995.294189 0.000000 3452.537354 0.000000 -0.943428 0.000000 0.331578 2.412049 2.412049 2.412049
3997.997070 0.000000 3451.249512 0.000000 -0.437553 0.000000 -0.899192 1.754199 1.754199 1.754199
3952.255371 0.000000 3452.305908 0.000000 -0.956255 0.000000 -0.292535 1.590209 1.590209 1.590209
3988.390137 0.000000 3453.086182 -0.000000 0.499032 0.000000 0.866584 2.412049 2.412049 2.412049
3970.853271 0.000000 3452.925781 0.000000 -0.617887 0.000000 0.786267 1.754199 1.754199 1.754199
3969.901367 0.000000 3453.045898 0.000000 0.982042 0.000000 -0.188664 1.000000 1.000000 1.000000
3967.322754 0.000000 3452.495850 0.000000 -0.634912 0.000000 -0.772584 2.412049 2.412049 2.412049
3980.768311 0.000000 3452.239258 0.000000 -0.999491 0.000000 -0.031909 2.412049 2.412049 2.412049
3961.380371 0.000000 3452.563477 0.000000 0.541414 0.000000 0.840756 2.664237 2.664237 2.664237
3951.937988 0.000000 3451.892578 0.000000 0.382885 0.000000 0.923796 1.590209 1.590209 1.590209
3963.509033 0.000000 3452.172119 0.000000 0.979964 0.000000 -0.199173 2.664237 2.664237 2.664237
3977.292236 0.000000 3453.123779 0.000000 0.924757 0.000000 -0.380558 1.754199 1.754199 1.754199
3976.649414 0.000000 3452.849854 0.000000 -0.960677 0.000000 0.277668 1.000000 1.000000 1.000000
3974.061279 0.000000 3451.871582 0.000000 0.722299 0.000000 0.691581 2.412049 2.412049 2.412049
3987.744629 0.000000 3452.404785 0.000000 -0.866448 0.000000 0.499268 2.412049 2.412049 2.412049
3968.118164 0.000000 3452.297607 0.000000 0.271240 0.000000 -0.962512 2.664237 2.664237 2.664237
3969.637939 0.000000 3452.324219 0.000000 -0.999165 0.000000 0.040847 2.664237 2.664237 2.664237
4021.771973 0.000000 3444.144531 0.000000 0.906841 0.000000 0.421474 1.754199 1.754199 1.754199
4022.156982 0.000000 3443.930664 0.000000 -0.960949 -0.000000 -0.276725 1.000000 1.000000 1.000000
3917.377686 0.000000 3473.406250 0.000000 0.793830 0.000000 -0.608140 2.664237 2.664237 2.664237
4024.935791 0.000000 3445.169922 -0.000000 -0.313287 0.000000 0.949659 2.412049 2.412049 2.412049
3917.537109 0.000000 3473.238281 0.000000 -0.995079 0.000000 0.099090 2.664237 2.664237 2.664237
3927.784668 0.000000 3478.807617 0.000000 0.793830 0.000000 -0.608140 2.664237 2.664237 2.664237
3927.944092 0.000000 3478.639648 0.000000 -0.995079 0.000000 0.099090 2.664237 2.664237 2.664237
3973.324951 0.000000 3445.437744 0.000000 -0.892827 0.000000 -0.450400 1.590209 1.590209 1.590209
4034.234863 0.000000 3443.815430 0.000000 -0.430194 0.000000 0.902737 1.590209 1.590209 1.590209
4030.845459 0.000000 3444.542236 0.000000 -0.616881 0.000000 0.787057 2.664237 2.664237 2.664237
3928.187012 0.000000 3468.993652 0.000000 0.999996 0.000000 -0.002838 2.412049 2.412049 2.412049
3935.757568 0.000000 3483.882080 0.000000 -0.995079 0.000000 0.099090 2.664237 2.664237 2.664237
4030.028320 0.000000 3444.842529 0.000000 0.778229 0.000000 0.627981 2.664237 2.664237 2.664237
3949.807129 0.000000 3445.194824 0.000000 0.284489 0.000000 0.958679 1.590209 1.590209 1.590209
3968.624268 0.000000 3444.534668 0.000000 0.936657 0.000000 -0.350247 1.590209 1.590209 1.590209
3975.091064 0.000000 3505.155762 0.000000 -0.995079 0.000000 0.099090 2.664237 2.664237 2.664237
3927.846924 0.000000 3469.216553 0.000000 -0.301268 0.000000 0.953540 2.412049 2.412049 2.412049
4004.443848 0.000000 3445.406494 0.000000 -0.090404 0.000000 -0.995905 2.412049 2.412049 2.412049
3933.049561 0.000000 3467.635986 0.000000 0.965697 0.000000 0.259672 2.664237 2.664237 2.664237
3942.603516 0.000000 3468.852539 0.000000 -0.482344 0.000000 -0.875982 1.590209 1.590209 1.590209
3931.130371 0.000000 3467.808105 0.000000 0.729113 0.000000 0.684393 2.664237 2.664237 2.664237
4022.933838 0.000000 3444.967041 0.000000 -0.999288 0.000000 0.037736 2.664237 2.664237 2.664237
4021.823975 0.000000 3445.224854 0.000000 -0.733261 0.000000 -0.679948 2.664237 2.664237 2.664237
3987.026611 0.000000 3445.611084 0.000000 0.852338 0.000000 0.522992 1.754199 1.754199 1.754199
3964.270020 0.000000 3445.822754 0.000000 0.851403 0.000000 -0.524511 2.412049 2.412049 2.412049
3918.497070 0.000000 3467.817627 0.000000 0.410317 0.000000 -0.911943 2.664237 2.664237 2.664237
3920.041260 0.000000 3474.258789 0.000000 -0.301268 0.000000 0.953540 2.412049 2.412049 2.412049
3920.240967 0.000000 3467.779785 0.000000 0.474894 0.000000 0.880043 2.664237 2.664237 2.664237
3986.006592 0.000000 3445.820801 0.000000 0.941759 0.000000 0.336288 1.000000 1.000000 1.000000
3932.709473 0.000000 3467.858887 0.000000 0.332156 0.000000 0.943224 2.664237 2.664237 2.664237
3942.263428 0.000000 3469.075439 0.000000 -0.997248 0.000000 -0.074140 1.590209 1.590209 1.590209
3930.790283 0.000000 3468.031006 0.000000 0.852427 0.000000 -0.522846 2.664237 2.664237 2.664237
3958.375977 0.000000 3445.457031 0.000000 0.999985 0.000000 -0.005408 2.664237 2.664237 2.664237
3949.236084 0.000000 3445.311279 0.000000 -0.801221 0.000000 0.598368 1.590209 1.590209 1.590209
3960.189453 0.000000 3445.638916 0.000000 -0.854351 0.000000 -0.519696 2.664237 2.664237 2.664237
3915.555908 0.000000 3472.500000 0.000000 0.381131 0.000000 -0.924521 2.412049 2.412049 2.412049
3983.725098 0.000000 3445.277832 -0.000000 0.675900 0.000000 0.736993 2.412049 2.412049 2.412049
3918.156982 0.000000 3468.040527 0.000000 0.727852 0.000000 0.685734 2.664237 2.664237 2.664237
3930.448242 0.000000 3479.660156 0.000000 -0.301268 0.000000 0.953540 2.412049 2.412049 2.412049
3919.900879 0.000000 3468.002686 0.000000 0.886335 0.000000 0.463044 2.664237 2.664237 2.664237
3996.488525 0.000000 3445.479492 0.000000 0.999998 0.000000 0.001743 2.412049 2.412049 2.412049
3924.903809 0.000000 3472.901123 0.000000 0.332156 0.000000 0.943224 2.664237 2.664237 2.664237
3934.457764 0.000000 3474.117676 0.000000 -0.997248 0.000000 -0.074140 1.590209 1.590209 1.590209
3922.984619 0.000000 3473.073242 0.000000 0.852427 0.000000 -0.522846 2.664237 2.664237 2.664237
4020.515137 0.000000 3453.831543 0.000000 0.947220 0.000000 -0.320585 2.412049 2.412049 2.412049
3978.395020 0.000000 3444.678467 0.000000 0.623228 0.000000 0.782040 2.664237 2.664237 2.664237
3968.097412 0.000000 3445.142822 0.000000 -0.807317 0.000000 0.590118 1.590209 1.590209 1.590209
3925.962891 0.000000 3477.901367 0.000000 0.381131 0.000000 -0.924521 2.412049 2.412049 2.412049
3979.275146 0.000000 3444.426758 0.000000 -0.927033 0.000000 0.374980 2.664237 2.664237 2.664237
3910.351318 0.000000 3473.082764 0.000000 0.727852 0.000000 0.685734 2.664237 2.664237 2.664237
4018.923096 0.000000 3451.804688 0.000000 0.381131 0.000000 -0.924521 2.412049 2.412049 2.412049
3912.095215 0.000000 3473.044922 0.000000 0.886335 0.000000 0.463044 2.664237 2.664237 2.664237
3965.880859 0.000000 3445.489258 0.000000 0.983993 0.000000 0.178206 2.664237 2.664237 2.664237
3935.310791 0.000000 3478.302490 0.000000 0.332156 0.000000 0.943224 2.664237 2.664237 2.664237
3944.864746 0.000000 3479.519043 0.000000 -0.997248 0.000000 -0.074140 1.590209 1.590209 1.590209
3933.391602 0.000000 3478.474609 0.000000 0.852427 0.000000 -0.522846 2.664237 2.664237 2.664237
4025.115479 0.000000 3452.945801 0.000000 0.620618 0.000000 0.784113 2.664237 2.664237 2.664237
3933.776367 0.000000 3483.143799 0.000000 0.381131 0.000000 -0.924521 2.412049 2.412049 2.412049
4035.005371 0.000000 3451.500000 0.000000 0.998195 0.000000 -0.060061 1.590209 1.590209 1.590209
4023.190186 0.000000 3452.631592 0.000000 0.319067 0.000000 -0.947732 2.664237 2.664237 2.664237
3966.802246 0.000000 3444.765381 0.000000 -0.996031 0.000000 0.089006 2.664237 2.664237 2.664237
3920.758301 0.000000 3478.484131 0.000000 0.727852 0.000000 0.685734 2.664237 2.664237 2.664237
3911.196289 0.000000 3477.773926 0.000000 -0.277989 0.000000 0.960584 1.590209 1.590209 1.590209
3922.502197 0.000000 3478.446289 0.000000 0.886335 0.000000 0.463044 2.664237 2.664237 2.664237
3994.291992 0.000000 3445.669922 0.000000 -0.359043 0.000000 -0.933321 1.754199 1.754199 1.754199
3973.109863 0.000000 3504.417480 0.000000 0.381131 0.000000 -0.924521 2.412049 2.412049 2.412049
3993.000244 0.000000 3445.918945 0.000000 0.571001 0.000000 0.820949 1.000000 1.000000 1.000000
4013.718506 0.000000 3452.387451 0.000000 0.727852 0.000000 0.685734 2.664237 2.664237 2.664237
4004.156494 0.000000 3451.677246 0.000000 -0.801680 0.000000 0.597754 1.590209 1.590209 1.590209
3928.571777 0.000000 3483.726562 0.000000 0.727852 0.000000 0.685734 2.664237 2.664237 2.664237
3919.009766 0.000000 3483.016357 0.000000 -0.801680 0.000000 0.597754 1.590209 1.590209 1.590209
3930.315674 0.000000 3483.688721 0.000000 0.886335 0.000000 0.463044 2.664237 2.664237 2.664237
4015.462402 0.000000 3452.349609 0.000000 0.886335 0.000000 0.463044 2.664237 2.664237 2.664237
3990.086670 0.000000 3445.385254 -0.000000 -0.562928 0.000000 0.826506 2.412049 2.412049 2.412049
4003.395996 0.000000 3444.811523 0.000000 -0.633646 0.000000 -0.773624 2.412049 2.412049 2.412049
3985.067627 0.000000 3444.308594 0.000000 -0.537462 -0.000000 -0.843288 2.664237 2.664237 2.664237
3986.040283 0.000000 3445.063232 0.000000 -0.198772 0.000000 -0.980046 2.664237 2.664237 2.664237
3967.905273 0.000000 3505.000244 0.000000 0.727852 0.000000 0.685734 2.664237 2.664237 2.664237
3958.343262 0.000000 3504.290039 0.000000 -0.801680 0.000000 0.597754 1.590209 1.590209 1.590209
3969.649170 0.000000 3504.962402 0.000000 0.886335 0.000000 0.463044 2.664237 2.664237 2.664237
3990.797852 0.000000 3504.368896 0.000000 0.716660 0.000000 0.697423 1.590209 1.590209 1.590209
4027.388672 0.000000 3503.847900 0.000000 0.839257 0.000000 0.543735 1.754199 1.754199 1.754199
4028.013428 0.000000 3503.720215 0.000000 -0.998960 0.000000 0.045582 1.000000 1.000000 1.000000
4030.598633 0.000000 3504.263428 0.000000 -0.415074 0.000000 0.909788 2.412049 2.412049 2.412049
4003.329346 0.000000 3505.769043 0.000000 -0.181270 0.000000 -0.983433 1.590209 1.590209 1.590209
4040.189453 0.000000 3503.862305 0.000000 0.990474 0.000000 0.137703 1.590209 1.590209 1.590209
4017.900146 0.000000 3505.301514 0.000000 0.988318 0.000000 -0.152406 2.412049 2.412049 2.412049
4036.436523 0.000000 3503.332031 0.000000 -0.742571 0.000000 0.669767 2.664237 2.664237 2.664237
4035.276123 0.000000 3503.798096 0.000000 0.712245 0.000000 -0.701931 2.664237 2.664237 2.664237
4020.447266 0.000000 3504.013916 0.000000 -0.999066 0.000000 -0.043210 1.754199 1.754199 1.754199
3999.113037 0.000000 3505.091553 0.000000 0.759643 0.000000 0.650340 1.590209 1.590209 1.590209
4021.336914 0.000000 3504.277100 0.000000 -0.985960 0.000000 0.166983 1.000000 1.000000 1.000000
4044.034180 0.000000 3503.678467 0.000000 0.302741 0.000000 0.953073 1.590209 1.590209 1.590209
4024.500244 0.000000 3504.344482 0.000000 0.979317 0.000000 -0.202331 2.412049 2.412049 2.412049
4029.076660 0.000000 3505.232666 0.000000 0.881238 0.000000 0.472674 2.664237 2.664237 2.664237
4027.938232 0.000000 3504.247070 0.000000 -0.921628 0.000000 0.388076 2.664237 2.664237 2.664237
4017.314209 0.000000 3505.662598 0.000000 -0.436269 0.000000 0.899816 1.754199 1.754199 1.754199
4016.637695 0.000000 3505.766113 0.000000 -0.812644 0.000000 0.582761 1.000000 1.000000 1.000000
4013.634033 0.000000 3505.562012 0.000000 0.722717 0.000000 0.691144 2.412049 2.412049 2.412049
4007.901855 0.000000 3505.067383 0.000000 0.288700 0.000000 0.957420 2.664237 2.664237 2.664237
3998.833008 0.000000 3505.006104 0.000000 -0.996401 0.000000 -0.084764 1.590209 1.590209 1.590209
4010.170654 0.000000 3504.557861 0.000000 0.880902 0.000000 -0.473298 2.664237 2.664237 2.664237
4045.410889 0.000000 3503.666504 0.000000 0.973605 0.000000 -0.228241 1.590209 1.590209 1.590209
4015.276611 0.000000 3504.300781 0.000000 0.626328 0.000000 -0.779560 2.664237 2.664237 2.664237
4017.229736 0.000000 3504.665527 0.000000 0.977127 0.000000 -0.212655 2.664237 2.664237 2.664237
3982.986816 0.000000 3497.906494 0.000000 0.866227 0.000000 0.499650 1.590209 1.590209 1.590209
4021.378906 0.000000 3497.221924 0.000000 0.353589 0.000000 -0.935401 2.412049 2.412049 2.412049
4024.081787 0.000000 3495.934082 0.000000 0.268786 0.000000 -0.963200 1.754199 1.754199 1.754199
3978.340088 0.000000 3496.990479 0.000000 0.677118 0.000000 0.735875 1.590209 1.590209 1.590209
4014.474854 0.000000 3497.770752 0.000000 -0.725994 0.000000 -0.687701 2.412049 2.412049 2.412049
3996.937988 0.000000 3497.610352 0.000000 -0.850431 0.000000 0.526087 1.754199 1.754199 1.754199
3995.986084 0.000000 3497.730469 0.000000 0.920291 0.000000 -0.391234 1.000000 1.000000 1.000000
3993.407471 0.000000 3497.180420 0.000000 -0.998905 0.000000 -0.046789 2.412049 2.412049 2.412049
4006.853027 0.000000 3496.923828 0.000000 -0.939568 0.000000 0.342363 2.412049 2.412049 2.412049
3987.465088 0.000000 3497.248047 0.000000 0.650994 0.000000 0.759083 2.664237 2.664237 2.664237
3978.022705 0.000000 3496.577148 0.000000 0.828622 0.000000 -0.559809 1.590209 1.590209 1.590209
3989.593750 0.000000 3496.856689 0.000000 0.998954 0.000000 -0.045723 2.664237 2.664237 2.664237
4003.376953 0.000000 3497.808350 0.000000 -0.230394 0.000000 -0.973098 1.754199 1.754199 1.754199
4002.734131 0.000000 3497.534424 0.000000 0.534899 0.000000 -0.844916 1.000000 1.000000 1.000000
4000.145996 0.000000 3496.556152 0.000000 -0.805240 0.000000 0.592948 2.412049 2.412049 2.412049
4013.829346 0.000000 3497.089355 0.000000 -0.999994 0.000000 0.003487 2.412049 2.412049 2.412049
3994.202881 0.000000 3496.982178 0.000000 0.432531 0.000000 0.901619 2.664237 2.664237 2.664237
3995.722656 0.000000 3497.008789 0.000000 -0.475637 0.000000 -0.879642 2.664237 2.664237 2.664237
4029.784180 0.000000 3489.114014 0.000000 -0.737038 0.000000 -0.675851 1.754199 1.754199 1.754199
4030.169189 0.000000 3488.900146 0.000000 -0.065974 0.000000 0.997821 1.000000 1.000000 1.000000
4032.947998 0.000000 3490.139404 0.000000 -0.391676 0.000000 -0.920103 2.412049 2.412049 2.412049
3967.558350 0.000000 3435.992920 0.000000 -0.750966 0.000000 0.660341 1.590209 1.590209 1.590209
3981.337158 0.000000 3490.407227 0.000000 -0.750966 0.000000 0.660341 1.590209 1.590209 1.590209
4042.247070 0.000000 3488.784912 0.000000 -0.297903 0.000000 0.954596 1.590209 1.590209 1.590209
4038.857666 0.000000 3489.511719 0.000000 -0.822669 0.000000 -0.568521 2.664237 2.664237 2.664237
3944.040527 0.000000 3435.750000 0.000000 0.996721 0.000000 0.080918 1.590209 1.590209 1.590209
3962.857666 0.000000 3435.089844 0.000000 -0.430103 0.000000 0.902780 1.590209 1.590209 1.590209
4038.040527 0.000000 3489.812012 0.000000 0.974763 0.000000 0.223244 2.664237 2.664237 2.664237
3998.677246 0.000000 3435.961670 0.000000 -0.097890 0.000000 -0.995197 2.412049 2.412049 2.412049
3957.819336 0.000000 3490.164307 0.000000 0.996721 0.000000 0.080918 1.590209 1.590209 1.590209
3976.636475 0.000000 3489.504150 0.000000 -0.430103 0.000000 0.902780 1.590209 1.590209 1.590209
3981.260010 0.000000 3436.166260 0.000000 0.568952 0.000000 -0.822371 1.754199 1.754199 1.754199
3958.503418 0.000000 3436.377930 0.000000 0.877141 0.000000 0.480233 2.412049 2.412049 2.412049
3980.239990 0.000000 3436.375977 0.000000 -0.110466 0.000000 0.993880 1.000000 1.000000 1.000000
3952.609375 0.000000 3436.012207 0.000000 0.411139 0.000000 0.911573 2.664237 2.664237 2.664237
3943.469482 0.000000 3435.866455 0.000000 -0.991182 0.000000 -0.132506 1.590209 1.590209 1.590209
3954.422852 0.000000 3436.194092 0.000000 -0.739325 0.000000 -0.673349 2.664237 2.664237 2.664237
3977.958496 0.000000 3435.833008 0.000000 -0.996323 0.000000 -0.085682 2.412049 2.412049 2.412049
3990.721924 0.000000 3436.034668 0.000000 -0.461465 0.000000 -0.887159 2.412049 2.412049 2.412049
3972.628418 0.000000 3435.233643 0.000000 0.949553 0.000000 -0.313607 2.664237 2.664237 2.664237
3962.330811 0.000000 3435.697998 0.000000 -0.659850 0.000000 -0.751397 1.590209 1.590209 1.590209
3973.508545 0.000000 3434.981934 0.000000 0.466627 0.000000 -0.884454 2.664237 2.664237 2.664237
3960.114258 0.000000 3436.044434 0.000000 0.889857 0.000000 0.456241 2.664237 2.664237 2.664237
3961.035645 0.000000 3435.320557 0.000000 -0.210885 0.000000 0.977511 2.664237 2.664237 2.664237
3988.525391 0.000000 3436.225098 0.000000 -0.949797 0.000000 0.312867 1.754199 1.754199 1.754199
4047.023926 0.000000 3488.666992 0.000000 0.915036 0.000000 -0.403372 1.590209 1.590209 1.590209
3987.233643 0.000000 3436.474121 0.000000 0.551614 0.000000 0.834100 1.000000 1.000000 1.000000
3984.320068 0.000000 3435.940430 0.000000 -0.628448 0.000000 -0.777852 2.412049 2.412049 2.412049
3997.629395 0.000000 3435.366699 0.000000 0.212136 0.000000 -0.977240 2.412049 2.412049 2.412049
3979.301025 0.000000 3434.863770 0.000000 -0.757721 0.000000 0.652578 2.664237 2.664237 2.664237
3980.273682 0.000000 3435.618408 0.000000 0.460791 0.000000 0.887509 2.664237 2.664237 2.664237
4012.456055 0.000000 3490.375977 0.000000 -0.097890 0.000000 -0.995197 2.412049 2.412049 2.412049
4030.946045 0.000000 3489.936523 0.000000 0.018664 0.000000 -0.999826 2.664237 2.664237 2.664237
4029.836182 0.000000 3490.194336 0.000000 0.617833 0.000000 0.786309 2.664237 2.664237 2.664237
3995.038818 0.000000 3490.580566 0.000000 0.568952 0.000000 -0.822371 1.754199 1.754199 1.754199
3972.282227 0.000000 3490.792236 0.000000 0.877141 0.000000 0.480233 2.412049 2.412049 2.412049
3994.018799 0.000000 3490.790283 0.000000 -0.110466 0.000000 0.993880 1.000000 1.000000 1.000000
3966.388184 0.000000 3490.426514 0.000000 0.411139 0.000000 0.911573 2.664237 2.664237 2.664237
3957.248291 0.000000 3490.280762 0.000000 -0.991182 0.000000 -0.132506 1.590209 1.590209 1.590209
3968.201660 0.000000 3490.608398 0.000000 -0.739325 0.000000 -0.673349 2.664237 2.664237 2.664237
3991.737305 0.000000 3490.247314 0.000000 -0.996323 0.000000 -0.085682 2.412049 2.412049 2.412049
4004.500732 0.000000 3490.448975 0.000000 -0.461465 0.000000 -0.887159 2.412049 2.412049 2.412049
3986.407227 0.000000 3489.647949 0.000000 0.949553 0.000000 -0.313607 2.664237 2.664237 2.664237
3976.109619 0.000000 3490.112305 0.000000 -0.659850 0.000000 -0.751397 1.590209 1.590209 1.590209
3987.287354 0.000000 3489.396240 0.000000 0.466627 0.000000 -0.884454 2.664237 2.664237 2.664237
3973.893066 0.000000 3490.458740 0.000000 0.889857 0.000000 0.456241 2.664237 2.664237 2.664237
3974.814453 0.000000 3489.734863 0.000000 -0.210885 0.000000 0.977511 2.664237 2.664237 2.664237
4002.304199 0.000000 3490.639404 0.000000 -0.949797 0.000000 0.312867 1.754199 1.754199 1.754199
4047.891602 0.000000 3488.877686 0.000000 -0.947202 0.000000 0.320637 1.590209 1.590209 1.590209
4001.012451 0.000000 3490.888428 0.000000 0.551614 0.000000 0.834100 1.000000 1.000000 1.000000
3998.098877 0.000000 3490.354736 0.000000 -0.628448 0.000000 -0.777852 2.412049 2.412049 2.412049
4011.408203 0.000000 3489.781006 0.000000 0.212136 0.000000 -0.977240 2.412049 2.412049 2.412049
3993.079834 0.000000 3489.278076 0.000000 -0.757721 0.000000 0.652578 2.664237 2.664237 2.664237
3994.052490 0.000000 3490.032715 0.000000 0.460791 0.000000 0.887509 2.664237 2.664237 2.664237
4052.095215 0.000000 3512.842773 0.000000 0.980891 0.000000 -0.194560 1.000000 1.000000 1.000000
4049.108887 0.000000 3511.964600 0.000000 -0.746388 0.000000 0.665511 2.412049 2.412049 2.412049
4062.371338 0.000000 3511.317871 0.000000 -0.580392 0.000000 0.814337 1.590209 1.590209 1.590209
4039.993652 0.000000 3513.065186 0.000000 0.868856 0.000000 0.495066 1.590209 1.590209 1.590209
4043.643066 0.000000 3512.936523 0.000000 -0.748239 0.000000 0.663430 2.664237 2.664237 2.664237
4044.753174 0.000000 3512.436279 0.000000 -0.123143 0.000000 -0.992389 2.664237 2.664237 2.664237
4066.867920 0.000000 3512.140869 -0.000000 -0.496808 0.000000 0.867860 1.590209 1.590209 1.590209
4035.644287 0.000000 3513.317383 0.000000 -0.873852 0.000000 -0.486193 1.590209 1.590209 1.590209
4051.004395 0.000000 3511.771729 0.000000 -0.751654 0.000000 0.659558 2.664237 2.664237 2.664237
4052.287598 0.000000 3512.115967 0.000000 0.835207 0.000000 0.549937 2.412049 2.412049 2.412049
4057.655762 0.000000 3512.247803 0.000000 -0.051759 -0.000000 -0.998660 2.664237 2.664237 2.664237
4067.424805 0.000000 3512.038818 0.000000 0.832271 0.000000 -0.554368 1.590209 1.590209 1.590209
4056.166992 0.000000 3512.286621 0.000000 0.169362 0.000000 0.985554 2.664237 2.664237 2.664237
4034.798096 0.000000 3513.167725 0.000000 0.976713 0.000000 -0.214549 1.590209 1.590209 1.590209
3998.343262 0.000000 3514.479248 0.000000 0.935521 0.000000 -0.353271 1.754199 1.754199 1.754199
3997.827881 0.000000 3514.334717 0.000000 -0.163845 0.000000 -0.986486 1.000000 1.000000 1.000000
3994.841553 0.000000 3513.456543 0.000000 0.917090 0.000000 -0.398680 2.412049 2.412049 2.412049
4022.008545 0.000000 3511.799805 0.000000 -0.273641 0.000000 0.961832 1.590209 1.590209 1.590209
3985.726318 0.000000 3514.557129 0.000000 0.049891 -0.000000 -0.998755 1.590209 1.590209 1.590209
4008.154053 0.000000 3512.475586 0.000000 0.714545 0.000000 -0.699590 2.412049 2.412049 2.412049
3989.375732 0.000000 3514.428467 0.000000 0.192538 0.000000 -0.981290 2.664237 2.664237 2.664237
3990.485840 0.000000 3513.928223 0.000000 0.941236 0.000000 -0.337749 2.664237 2.664237 2.664237
4005.508545 0.000000 3513.950684 0.000000 -0.556591 0.000000 -0.830787 1.754199 1.754199 1.754199
4026.505127 0.000000 3512.622803 0.000000 -0.761026 0.000000 -0.648721 1.590209 1.590209 1.590209
4004.489990 0.000000 3513.594971 0.000000 0.958635 0.000000 -0.284637 1.000000 1.000000 1.000000
3981.376953 0.000000 3514.809326 0.000000 -0.307814 0.000000 -0.951447 1.590209 1.590209 1.590209
4001.569092 0.000000 3513.527832 0.000000 0.877128 0.000000 0.480256 2.412049 2.412049 2.412049
3996.737061 0.000000 3513.263672 0.000000 0.774274 0.000000 -0.632850 2.664237 2.664237 2.664237
3998.104248 0.000000 3513.520020 0.000000 -0.075712 0.000000 -0.997130 2.664237 2.664237 2.664237
4008.164795 0.000000 3511.873779 0.000000 0.970890 0.000000 -0.239524 1.754199 1.754199 1.754199
4009.069580 0.000000 3511.878662 0.000000 -0.696981 0.000000 0.717090 1.000000 1.000000 1.000000
4011.924805 0.000000 3512.597900 0.000000 0.897531 0.000000 0.440952 2.412049 2.412049 2.412049
4017.292969 0.000000 3512.729736 0.000000 -0.113107 0.000000 0.993583 2.664237 2.664237 2.664237
4027.062012 0.000000 3512.520752 0.000000 0.970660 0.000000 0.240456 1.590209 1.590209 1.590209
4015.804199 0.000000 3512.768555 0.000000 -0.816388 0.000000 0.577504 2.664237 2.664237 2.664237
3980.530762 0.000000 3514.659668 0.000000 0.921563 0.000000 -0.388228 1.590209 1.590209 1.590209
4010.361328 0.000000 3512.996582 0.000000 0.548440 0.000000 -0.836190 2.664237 2.664237 2.664237
4008.872559 0.000000 3513.035400 0.000000 -0.651484 0.000000 0.758663 2.664237 2.664237 2.664237
3994.348633 0.000000 3522.338379 0.000000 0.935521 0.000000 -0.353271 1.754199 1.754199 1.754199
3993.833252 0.000000 3522.193848 0.000000 -0.163845 0.000000 -0.986486 1.000000 1.000000 1.000000
3990.846924 0.000000 3521.315674 0.000000 0.917090 0.000000 -0.398680 2.412049 2.412049 2.412049
4042.880859 0.000000 3519.454102 0.000000 -0.273641 0.000000 0.961832 1.590209 1.590209 1.590209
3981.731689 0.000000 3522.416260 0.000000 0.049891 -0.000000 -0.998755 1.590209 1.590209 1.590209
4004.159424 0.000000 3520.334717 0.000000 0.714545 0.000000 -0.699590 2.412049 2.412049 2.412049
3985.381104 0.000000 3522.287598 0.000000 0.192538 0.000000 -0.981290 2.664237 2.664237 2.664237
3986.491211 0.000000 3521.787354 0.000000 0.941236 0.000000 -0.337749 2.664237 2.664237 2.664237
4001.513916 0.000000 3521.809814 0.000000 -0.556591 0.000000 -0.830787 1.754199 1.754199 1.754199
4047.377441 0.000000 3520.277100 0.000000 -0.761026 0.000000 -0.648721 1.590209 1.590209 1.590209
4000.495361 0.000000 3521.454102 0.000000 0.958635 0.000000 -0.284637 1.000000 1.000000 1.000000
3977.382324 0.000000 3522.668457 0.000000 -0.307814 0.000000 -0.951447 1.590209 1.590209 1.590209
3997.574463 0.000000 3521.386963 0.000000 0.877128 0.000000 0.480256 2.412049 2.412049 2.412049
4011.251709 0.000000 3520.405518 0.000000 0.314995 0.000000 -0.949093 2.412049 2.412049 2.412049
3992.742432 0.000000 3521.122803 0.000000 0.774274 0.000000 -0.632850 2.664237 2.664237 2.664237
3994.109619 0.000000 3521.379150 0.000000 -0.075712 0.000000 -0.997130 2.664237 2.664237 2.664237
4029.037109 0.000000 3519.528076 0.000000 0.970890 0.000000 -0.239524 1.754199 1.754199 1.754199
4029.941895 0.000000 3519.532959 0.000000 -0.696981 0.000000 0.717090 1.000000 1.000000 1.000000
4032.797119 0.000000 3520.252197 0.000000 0.897531 0.000000 0.440952 2.412049 2.412049 2.412049
4019.323242 0.000000 3520.461670 0.000000 -0.909599 0.000000 0.415488 2.412049 2.412049 2.412049
4038.165283 0.000000 3520.384033 0.000000 -0.113107 0.000000 0.993583 2.664237 2.664237 2.664237
4047.934326 0.000000 3520.175049 0.000000 0.970660 0.000000 0.240456 1.590209 1.590209 1.590209
4036.676514 0.000000 3520.422852 0.000000 -0.816388 0.000000 0.577504 2.664237 2.664237 2.664237
4022.105469 0.000000 3519.794922 0.000000 0.828672 0.000000 0.559735 1.754199 1.754199 1.754199
3976.536133 0.000000 3522.518799 0.000000 0.921563 0.000000 -0.388228 1.590209 1.590209 1.590209
4023.010254 0.000000 3519.799805 0.000000 -0.325230 0.000000 0.945635 1.000000 1.000000 1.000000
4025.865479 0.000000 3520.519043 0.000000 -0.944724 0.000000 -0.327867 2.412049 2.412049 2.412049
4012.391602 0.000000 3520.728516 0.000000 -0.881466 0.000000 0.472248 2.412049 2.412049 2.412049
4031.233643 0.000000 3520.650879 0.000000 0.548440 0.000000 -0.836190 2.664237 2.664237 2.664237
4029.744873 0.000000 3520.689697 0.000000 -0.651484 0.000000 0.758663 2.664237 2.664237 2.664237
3996.152832 0.000000 3529.266357 0.000000 -0.197491 0.000000 -0.980305 1.754199 1.754199 1.754199
3995.637451 0.000000 3529.121826 0.000000 0.994576 0.000000 -0.104011 1.000000 1.000000 1.000000
3992.651123 0.000000 3528.243652 0.000000 0.797266 0.000000 -0.603628 2.412049 2.412049 2.412049
4044.685059 0.000000 3526.382080 0.000000 0.635797 0.000000 -0.771856 1.590209 1.590209 1.590209
3983.535889 0.000000 3529.344238 0.000000 -0.568322 0.000000 0.822806 1.590209 1.590209 1.590209
4005.963623 0.000000 3527.262695 0.000000 0.684994 0.000000 -0.728548 2.412049 2.412049 2.412049
3987.185303 0.000000 3529.215576 0.000000 0.618604 0.000000 0.785703 2.664237 2.664237 2.664237
3988.295410 0.000000 3528.715332 0.000000 -0.015196 0.000000 0.999885 2.664237 2.664237 2.664237
4003.318115 0.000000 3528.737793 0.000000 0.688423 0.000000 0.725309 1.754199 1.754199 1.754199
4068.377930 0.000000 3526.499023 0.000000 -0.652947 0.000000 -0.757404 1.590209 1.590209 1.590209
4049.181641 0.000000 3527.205078 0.000000 -0.652947 0.000000 -0.757404 1.590209 1.590209 1.590209
4002.299561 0.000000 3528.382080 0.000000 -0.508870 0.000000 0.860843 1.000000 1.000000 1.000000
3979.186523 0.000000 3529.596436 0.000000 -0.960576 0.000000 -0.278018 1.590209 1.590209 1.590209
3999.378662 0.000000 3528.314941 0.000000 0.527726 0.000000 0.849415 2.412049 2.412049 2.412049
4013.055908 0.000000 3527.333496 0.000000 -0.766507 0.000000 -0.642236 2.412049 2.412049 2.412049
3994.546631 0.000000 3528.050781 0.000000 0.999485 0.000000 -0.032093 2.664237 2.664237 2.664237
3995.913818 0.000000 3528.307129 0.000000 0.895469 0.000000 0.445124 2.664237 2.664237 2.664237
4030.841309 0.000000 3526.456055 0.000000 -0.106612 0.000000 -0.994301 1.754199 1.754199 1.754199
4053.797607 0.000000 3526.474121 -0.000000 0.629573 0.000000 0.776941 2.412049 2.412049 2.412049
4031.746094 0.000000 3526.460938 0.000000 0.999542 0.000000 0.030271 1.000000 1.000000 1.000000
4059.165771 0.000000 3526.605957 -0.000000 -0.934121 0.000000 0.356956 2.664237 2.664237 2.664237
4068.934814 0.000000 3526.396973 0.000000 0.377232 0.000000 -0.926119 1.590209 1.590209 1.590209
4057.677002 0.000000 3526.644775 0.000000 0.976929 0.000000 -0.213563 2.664237 2.664237 2.664237
4034.601318 0.000000 3527.180176 -0.000000 0.629573 0.000000 0.776941 2.412049 2.412049 2.412049
4039.969482 0.000000 3527.312012 -0.000000 -0.934121 0.000000 0.356956 2.664237 2.664237 2.664237
4049.738525 0.000000 3527.103027 0.000000 0.377232 0.000000 -0.926119 1.590209 1.590209 1.590209
4038.480713 0.000000 3527.350830 0.000000 0.976929 0.000000 -0.213563 2.664237 2.664237 2.664237
4052.234131 0.000000 3526.872803 0.000000 -0.133102 0.000000 -0.991102 2.664237 2.664237 2.664237
4050.745361 0.000000 3526.911621 0.000000 0.381166 0.000000 0.924506 2.664237 2.664237 2.664237
4023.909668 0.000000 3526.722900 0.000000 0.998621 0.000000 -0.052505 1.754199 1.754199 1.754199
3978.340332 0.000000 3529.446777 0.000000 -0.831745 0.000000 -0.555157 1.590209 1.590209 1.590209
4024.814453 0.000000 3526.727783 -0.000000 0.003337 0.000000 0.999994 1.000000 1.000000 1.000000
4027.669678 0.000000 3527.447021 0.000000 -0.684741 0.000000 -0.728787 2.412049 2.412049 2.412049
4014.195801 0.000000 3527.656494 0.000000 -0.821077 0.000000 -0.570817 2.412049 2.412049 2.412049
4033.037842 0.000000 3527.578857 0.000000 -0.133102 0.000000 -0.991102 2.664237 2.664237 2.664237
4031.549072 0.000000 3527.617676 0.000000 0.381166 0.000000 0.924506 2.664237 2.664237 2.664237
"}
object={
	name="mountain 04"
	render_pass=MapUnderWater
	clamp_to_water_level=no
	generated_content=no
	layer="building_layer"
	pdxmesh="mountain_04_mesh"
	count=6
	transform="1575.971680 0.000000 4295.918457 0.000000 -0.244771 0.000000 0.969581 0.432031 0.432031 0.432031
1583.507935 0.000000 4329.448242 0.000000 0.996187 0.000000 0.087246 0.879980 0.879980 0.879980
1571.207153 0.000000 4335.392090 0.000000 0.666136 0.000000 0.745830 1.000000 1.000000 1.000000
2074.533691 0.000000 3168.191650 0.000000 0.000000 0.000000 1.000000 1.080959 1.080959 1.080959
2063.450439 0.000000 3171.370850 0.000000 0.426908 0.000000 0.904295 0.597898 0.597898 0.597898
2063.275146 0.000000 3175.341309 0.000000 0.426908 0.000000 0.904295 0.597898 0.597898 0.597898
"}
object={
	name="mountain 05"
	render_pass=MapUnderWater
	clamp_to_water_level=no
	generated_content=no
	layer="building_layer"
	pdxmesh="mountain_05_mesh"
	count=10
	transform="1575.029541 0.000000 4295.562988 0.000000 0.591477 0.000000 0.806322 0.478320 0.478320 0.478320
1574.965820 0.000000 4344.604004 0.000000 -0.949193 0.000000 -0.314694 0.696289 0.696289 0.696289
1604.204590 0.000000 4296.752930 0.000000 0.822446 0.000000 0.568843 1.000000 1.000000 1.000000
2071.846680 0.000000 3174.445312 0.000000 0.710531 0.000000 0.703666 0.858070 0.858070 0.858070
2060.246094 0.000000 3174.273193 0.000000 0.000000 0.000000 1.000000 0.414136 0.414136 0.414136
2548.392090 0.000000 3891.708984 0.000000 -0.655999 0.000000 -0.754761 1.000000 1.000000 1.000000
2547.836914 0.000000 3892.209473 0.000000 -0.886423 0.000000 -0.462875 1.000000 1.000000 1.000000
2556.828857 -7.606689 3894.375000 0.000000 0.316939 0.000000 -0.948446 1.000000 1.000000 1.000000
2556.487305 -7.606689 3894.129883 0.000000 0.316939 0.000000 -0.948446 1.000000 1.000000 1.000000
2556.729248 -7.606689 3895.125244 0.000000 0.316939 0.000000 -0.948446 1.000000 1.000000 1.000000
"}
object={
	name="mountain 06"
	render_pass=MapUnderWater
	clamp_to_water_level=no
	generated_content=no
	layer="building_layer"
	pdxmesh="mountain_06_mesh"
	count=3
	transform="1041.135132 0.000000 2545.026855 0.000000 -0.304315 0.000000 0.952571 0.352001 0.352001 0.352001
1585.794312 0.000000 4337.850098 0.000000 0.825803 0.000000 -0.563958 0.775391 0.775391 0.775391
2092.522217 0.000000 3180.264893 0.000000 0.000000 0.000000 1.000000 1.000000 1.000000 1.000000
"}
